<?xml version="1.0" encoding="UTF-8"?>
<gpx creator="Garmin Connect" version="1.1"
  xsi:schemaLocation="http://www.topografix.com/GPX/1/1 http://www.topografix.com/GPX/11.xsd"
  xmlns:ns3="http://www.garmin.com/xmlschemas/TrackPointExtension/v1"
  xmlns="http://www.topografix.com/GPX/1/1"
  xmlns:xsi="http://www.w3.org/2001/XMLSchema-instance" xmlns:ns2="http://www.garmin.com/xmlschemas/GpxExtensions/v3">
  <metadata>
    <link href="connect.garmin.com">
      <text>Garmin Connect</text>
    </link>
    <time>2026-07-07T04:40:07.000Z</time>
  </metadata>
  <trk>
    <name>Èze Hiking</name>
    <type>hiking</type>
    <trkseg>
      <trkpt lat="43.72260642237961292266845703125" lon="7.3569434322416782379150390625">
        <ele>20</ele>
        <time>2026-07-07T04:40:07.000Z</time>
        <extensions>
          <ns3:TrackPointExtension>
            <ns3:hr>123</ns3:hr>
            <ns3:cad>49</ns3:cad>
          </ns3:TrackPointExtension>
        </extensions>
      </trkpt>
      <trkpt lat="43.72260441072285175323486328125" lon="7.35695105977356433868408203125">
        <ele>20.3999996185302734375</ele>
        <time>2026-07-07T04:40:08.000Z</time>
        <extensions>
          <ns3:TrackPointExtension>
            <ns3:hr>123</ns3:hr>
            <ns3:cad>49</ns3:cad>
          </ns3:TrackPointExtension>
        </extensions>
      </trkpt>
      <trkpt lat="43.7226058356463909149169921875" lon="7.35695793293416500091552734375">
        <ele>21</ele>
        <time>2026-07-07T04:40:10.000Z</time>
        <extensions>
          <ns3:TrackPointExtension>
            <ns3:hr>123</ns3:hr>
            <ns3:cad>51</ns3:cad>
          </ns3:TrackPointExtension>
        </extensions>
      </trkpt>
      <trkpt lat="43.72263307683169841766357421875" lon="7.35699615441262722015380859375">
        <ele>21</ele>
        <time>2026-07-07T04:40:14.000Z</time>
        <extensions>
          <ns3:TrackPointExtension>
            <ns3:hr>123</ns3:hr>
            <ns3:cad>0</ns3:cad>
          </ns3:TrackPointExtension>
        </extensions>
      </trkpt>
      <trkpt lat="43.72269074432551860809326171875" lon="7.35712087713181972503662109375">
        <ele>21.200000762939453125</ele>
        <time>2026-07-07T04:40:23.000Z</time>
        <extensions>
          <ns3:TrackPointExtension>
            <ns3:hr>121</ns3:hr>
            <ns3:cad>54</ns3:cad>
          </ns3:TrackPointExtension>
        </extensions>
      </trkpt>
      <trkpt lat="43.7227441370487213134765625" lon="7.35725867561995983123779296875">
        <ele>21.3999996185302734375</ele>
        <time>2026-07-07T04:40:32.000Z</time>
        <extensions>
          <ns3:TrackPointExtension>
            <ns3:hr>121</ns3:hr>
            <ns3:cad>55</ns3:cad>
          </ns3:TrackPointExtension>
        </extensions>
      </trkpt>
      <trkpt lat="43.72273885644972324371337890625" lon="7.35730611719191074371337890625">
        <ele>21.200000762939453125</ele>
        <time>2026-07-07T04:40:38.000Z</time>
        <extensions>
          <ns3:TrackPointExtension>
            <ns3:hr>123</ns3:hr>
            <ns3:cad>52</ns3:cad>
          </ns3:TrackPointExtension>
        </extensions>
      </trkpt>
      <trkpt lat="43.72271102853119373321533203125" lon="7.35731349326670169830322265625">
        <ele>20.799999237060546875</ele>
        <time>2026-07-07T04:40:45.000Z</time>
        <extensions>
          <ns3:TrackPointExtension>
            <ns3:hr>124</ns3:hr>
            <ns3:cad>0</ns3:cad>
          </ns3:TrackPointExtension>
        </extensions>
      </trkpt>
      <trkpt lat="43.72270281426608562469482421875" lon="7.35731081105768680572509765625">
        <ele>20.6000003814697265625</ele>
        <time>2026-07-07T04:40:59.000Z</time>
        <extensions>
          <ns3:TrackPointExtension>
            <ns3:hr>120</ns3:hr>
            <ns3:cad>0</ns3:cad>
          </ns3:TrackPointExtension>
        </extensions>
      </trkpt>
      <trkpt lat="43.7227047421038150787353515625" lon="7.35731332562863826751708984375">
        <ele>20.799999237060546875</ele>
        <time>2026-07-07T04:41:02.000Z</time>
        <extensions>
          <ns3:TrackPointExtension>
            <ns3:hr>117</ns3:hr>
            <ns3:cad>0</ns3:cad>
          </ns3:TrackPointExtension>
        </extensions>
      </trkpt>
      <trkpt lat="43.72271127998828887939453125" lon="7.35731542110443115234375">
        <ele>20.799999237060546875</ele>
        <time>2026-07-07T04:41:05.000Z</time>
        <extensions>
          <ns3:TrackPointExtension>
            <ns3:hr>114</ns3:hr>
            <ns3:cad>0</ns3:cad>
          </ns3:TrackPointExtension>
        </extensions>
      </trkpt>
      <trkpt lat="43.72273265384137630462646484375" lon="7.35740217380225658416748046875">
        <ele>20.799999237060546875</ele>
        <time>2026-07-07T04:41:10.000Z</time>
        <extensions>
          <ns3:TrackPointExtension>
            <ns3:hr>117</ns3:hr>
            <ns3:cad>0</ns3:cad>
          </ns3:TrackPointExtension>
        </extensions>
      </trkpt>
      <trkpt lat="43.72274480760097503662109375" lon="7.35744416713714599609375">
        <ele>20.799999237060546875</ele>
        <time>2026-07-07T04:41:12.000Z</time>
        <extensions>
          <ns3:TrackPointExtension>
            <ns3:hr>120</ns3:hr>
            <ns3:cad>54</ns3:cad>
          </ns3:TrackPointExtension>
        </extensions>
      </trkpt>
      <trkpt lat="43.7227707915008068084716796875" lon="7.35755824483931064605712890625">
        <ele>20.799999237060546875</ele>
        <time>2026-07-07T04:41:18.000Z</time>
        <extensions>
          <ns3:TrackPointExtension>
            <ns3:hr>118</ns3:hr>
            <ns3:cad>55</ns3:cad>
          </ns3:TrackPointExtension>
        </extensions>
      </trkpt>
      <trkpt lat="43.72277523390948772430419921875" lon="7.35759277828037738800048828125">
        <ele>20.799999237060546875</ele>
        <time>2026-07-07T04:41:20.000Z</time>
        <extensions>
          <ns3:TrackPointExtension>
            <ns3:hr>115</ns3:hr>
            <ns3:cad>55</ns3:cad>
          </ns3:TrackPointExtension>
        </extensions>
      </trkpt>
      <trkpt lat="43.722791410982608795166015625" lon="7.35771414823830127716064453125">
        <ele>21</ele>
        <time>2026-07-07T04:41:28.000Z</time>
        <extensions>
          <ns3:TrackPointExtension>
            <ns3:hr>114</ns3:hr>
            <ns3:cad>55</ns3:cad>
          </ns3:TrackPointExtension>
        </extensions>
      </trkpt>
      <trkpt lat="43.72280742041766643524169921875" lon="7.35785010270774364471435546875">
        <ele>21</ele>
        <time>2026-07-07T04:41:37.000Z</time>
        <extensions>
          <ns3:TrackPointExtension>
            <ns3:hr>112</ns3:hr>
            <ns3:cad>53</ns3:cad>
          </ns3:TrackPointExtension>
        </extensions>
      </trkpt>
      <trkpt lat="43.7228090129792690277099609375" lon="7.357860915362834930419921875">
        <ele>21.200000762939453125</ele>
        <time>2026-07-07T04:41:38.000Z</time>
        <extensions>
          <ns3:TrackPointExtension>
            <ns3:hr>112</ns3:hr>
            <ns3:cad>53</ns3:cad>
          </ns3:TrackPointExtension>
        </extensions>
      </trkpt>
      <trkpt lat="43.72282368130981922149658203125" lon="7.35791950486600399017333984375">
        <ele>21.200000762939453125</ele>
        <time>2026-07-07T04:41:44.000Z</time>
        <extensions>
          <ns3:TrackPointExtension>
            <ns3:hr>113</ns3:hr>
            <ns3:cad>0</ns3:cad>
          </ns3:TrackPointExtension>
        </extensions>
      </trkpt>
      <trkpt lat="43.7228425405919551849365234375" lon="7.35791179351508617401123046875">
        <ele>21</ele>
        <time>2026-07-07T04:41:47.000Z</time>
        <extensions>
          <ns3:TrackPointExtension>
            <ns3:hr>113</ns3:hr>
            <ns3:cad>0</ns3:cad>
          </ns3:TrackPointExtension>
        </extensions>
      </trkpt>
      <trkpt lat="43.722892664372920989990234375" lon="7.35793207772076129913330078125">
        <ele>21.200000762939453125</ele>
        <time>2026-07-07T04:41:51.000Z</time>
        <extensions>
          <ns3:TrackPointExtension>
            <ns3:hr>111</ns3:hr>
            <ns3:cad>55</ns3:cad>
          </ns3:TrackPointExtension>
        </extensions>
      </trkpt>
      <trkpt lat="43.72291236184537410736083984375" lon="7.35798262059688568115234375">
        <ele>21.3999996185302734375</ele>
        <time>2026-07-07T04:41:55.000Z</time>
        <extensions>
          <ns3:TrackPointExtension>
            <ns3:hr>112</ns3:hr>
            <ns3:cad>57</ns3:cad>
          </ns3:TrackPointExtension>
        </extensions>
      </trkpt>
      <trkpt lat="43.72291185893118381500244140625" lon="7.35800944268703460693359375">
        <ele>21.3999996185302734375</ele>
        <time>2026-07-07T04:41:57.000Z</time>
        <extensions>
          <ns3:TrackPointExtension>
            <ns3:hr>112</ns3:hr>
            <ns3:cad>56</ns3:cad>
          </ns3:TrackPointExtension>
        </extensions>
      </trkpt>
      <trkpt lat="43.72292275540530681610107421875" lon="7.35807524062693119049072265625">
        <ele>21.3999996185302734375</ele>
        <time>2026-07-07T04:42:02.000Z</time>
        <extensions>
          <ns3:TrackPointExtension>
            <ns3:hr>115</ns3:hr>
            <ns3:cad>54</ns3:cad>
          </ns3:TrackPointExtension>
        </extensions>
      </trkpt>
      <trkpt lat="43.72293164022266864776611328125" lon="7.35810306854546070098876953125">
        <ele>21.3999996185302734375</ele>
        <time>2026-07-07T04:42:04.000Z</time>
        <extensions>
          <ns3:TrackPointExtension>
            <ns3:hr>115</ns3:hr>
            <ns3:cad>55</ns3:cad>
          </ns3:TrackPointExtension>
        </extensions>
      </trkpt>
      <trkpt lat="43.7229350768029689788818359375" lon="7.358114719390869140625">
        <ele>21.3999996185302734375</ele>
        <time>2026-07-07T04:42:05.000Z</time>
        <extensions>
          <ns3:TrackPointExtension>
            <ns3:hr>115</ns3:hr>
            <ns3:cad>55</ns3:cad>
          </ns3:TrackPointExtension>
        </extensions>
      </trkpt>
      <trkpt lat="43.7229479849338531494140625" lon="7.35824690200388431549072265625">
        <ele>21.200000762939453125</ele>
        <time>2026-07-07T04:42:12.000Z</time>
        <extensions>
          <ns3:TrackPointExtension>
            <ns3:hr>114</ns3:hr>
            <ns3:cad>52</ns3:cad>
          </ns3:TrackPointExtension>
        </extensions>
      </trkpt>
      <trkpt lat="43.72296952642500400543212890625" lon="7.35835737548768520355224609375">
        <ele>21.3999996185302734375</ele>
        <time>2026-07-07T04:42:21.000Z</time>
        <extensions>
          <ns3:TrackPointExtension>
            <ns3:hr>114</ns3:hr>
            <ns3:cad>54</ns3:cad>
          </ns3:TrackPointExtension>
        </extensions>
      </trkpt>
      <trkpt lat="43.7230286188423633575439453125" lon="7.35855099745094776153564453125">
        <ele>21.3999996185302734375</ele>
        <time>2026-07-07T04:42:31.000Z</time>
        <extensions>
          <ns3:TrackPointExtension>
            <ns3:hr>113</ns3:hr>
            <ns3:cad>53</ns3:cad>
          </ns3:TrackPointExtension>
        </extensions>
      </trkpt>
      <trkpt lat="43.723043538630008697509765625" lon="7.35867136158049106597900390625">
        <ele>22.200000762939453125</ele>
        <time>2026-07-07T04:42:38.000Z</time>
        <extensions>
          <ns3:TrackPointExtension>
            <ns3:hr>113</ns3:hr>
            <ns3:cad>52</ns3:cad>
          </ns3:TrackPointExtension>
        </extensions>
      </trkpt>
      <trkpt lat="43.72305217199027538299560546875" lon="7.35870103351771831512451171875">
        <ele>22.6000003814697265625</ele>
        <time>2026-07-07T04:42:40.000Z</time>
        <extensions>
          <ns3:TrackPointExtension>
            <ns3:hr>114</ns3:hr>
            <ns3:cad>52</ns3:cad>
          </ns3:TrackPointExtension>
        </extensions>
      </trkpt>
      <trkpt lat="43.7230611406266689300537109375" lon="7.3587465472519397735595703125">
        <ele>23.200000762939453125</ele>
        <time>2026-07-07T04:42:43.000Z</time>
        <extensions>
          <ns3:TrackPointExtension>
            <ns3:hr>115</ns3:hr>
            <ns3:cad>52</ns3:cad>
          </ns3:TrackPointExtension>
        </extensions>
      </trkpt>
      <trkpt lat="43.723060302436351776123046875" lon="7.3587877862155437469482421875">
        <ele>23.799999237060546875</ele>
        <time>2026-07-07T04:42:46.000Z</time>
        <extensions>
          <ns3:TrackPointExtension>
            <ns3:hr>118</ns3:hr>
            <ns3:cad>51</ns3:cad>
          </ns3:TrackPointExtension>
        </extensions>
      </trkpt>
      <trkpt lat="43.72306424193084239959716796875" lon="7.3588169552385807037353515625">
        <ele>24.200000762939453125</ele>
        <time>2026-07-07T04:42:48.000Z</time>
        <extensions>
          <ns3:TrackPointExtension>
            <ns3:hr>123</ns3:hr>
            <ns3:cad>51</ns3:cad>
          </ns3:TrackPointExtension>
        </extensions>
      </trkpt>
      <trkpt lat="43.72306558303534984588623046875" lon="7.358833886682987213134765625">
        <ele>24.200000762939453125</ele>
        <time>2026-07-07T04:42:49.000Z</time>
        <extensions>
          <ns3:TrackPointExtension>
            <ns3:hr>127</ns3:hr>
            <ns3:cad>51</ns3:cad>
          </ns3:TrackPointExtension>
        </extensions>
      </trkpt>
      <trkpt lat="43.723074384033679962158203125" lon="7.358911335468292236328125">
        <ele>25</ele>
        <time>2026-07-07T04:42:54.000Z</time>
        <extensions>
          <ns3:TrackPointExtension>
            <ns3:hr>129</ns3:hr>
            <ns3:cad>51</ns3:cad>
          </ns3:TrackPointExtension>
        </extensions>
      </trkpt>
      <trkpt lat="43.7230795808136463165283203125" lon="7.3589421808719635009765625">
        <ele>25.3999996185302734375</ele>
        <time>2026-07-07T04:42:56.000Z</time>
        <extensions>
          <ns3:TrackPointExtension>
            <ns3:hr>129</ns3:hr>
            <ns3:cad>51</ns3:cad>
          </ns3:TrackPointExtension>
        </extensions>
      </trkpt>
      <trkpt lat="43.72309056110680103302001953125" lon="7.35902960412204265594482421875">
        <ele>26.6000003814697265625</ele>
        <time>2026-07-07T04:43:02.000Z</time>
        <extensions>
          <ns3:TrackPointExtension>
            <ns3:hr>133</ns3:hr>
            <ns3:cad>50</ns3:cad>
          </ns3:TrackPointExtension>
        </extensions>
      </trkpt>
      <trkpt lat="43.72309659607708454132080078125" lon="7.359051816165447235107421875">
        <ele>26.799999237060546875</ele>
        <time>2026-07-07T04:43:04.000Z</time>
        <extensions>
          <ns3:TrackPointExtension>
            <ns3:hr>136</ns3:hr>
            <ns3:cad>49</ns3:cad>
          </ns3:TrackPointExtension>
        </extensions>
      </trkpt>
      <trkpt lat="43.7230993621051311492919921875" lon="7.3590601980686187744140625">
        <ele>27</ele>
        <time>2026-07-07T04:43:05.000Z</time>
        <extensions>
          <ns3:TrackPointExtension>
            <ns3:hr>137</ns3:hr>
            <ns3:cad>49</ns3:cad>
          </ns3:TrackPointExtension>
        </extensions>
      </trkpt>
      <trkpt lat="43.723108582198619842529296875" lon="7.3591244034469127655029296875">
        <ele>27.6000003814697265625</ele>
        <time>2026-07-07T04:43:09.000Z</time>
        <extensions>
          <ns3:TrackPointExtension>
            <ns3:hr>140</ns3:hr>
            <ns3:cad>48</ns3:cad>
          </ns3:TrackPointExtension>
        </extensions>
      </trkpt>
      <trkpt lat="43.723119311034679412841796875" lon="7.35920302569866180419921875">
        <ele>28.6000003814697265625</ele>
        <time>2026-07-07T04:43:15.000Z</time>
        <extensions>
          <ns3:TrackPointExtension>
            <ns3:hr>140</ns3:hr>
            <ns3:cad>49</ns3:cad>
          </ns3:TrackPointExtension>
        </extensions>
      </trkpt>
      <trkpt lat="43.72311922721564769744873046875" lon="7.35921434126794338226318359375">
        <ele>28.6000003814697265625</ele>
        <time>2026-07-07T04:43:16.000Z</time>
        <extensions>
          <ns3:TrackPointExtension>
            <ns3:hr>140</ns3:hr>
            <ns3:cad>49</ns3:cad>
          </ns3:TrackPointExtension>
        </extensions>
      </trkpt>
      <trkpt lat="43.7231315486133098602294921875" lon="7.35929329879581928253173828125">
        <ele>29.799999237060546875</ele>
        <time>2026-07-07T04:43:22.000Z</time>
        <extensions>
          <ns3:TrackPointExtension>
            <ns3:hr>141</ns3:hr>
            <ns3:cad>48</ns3:cad>
          </ns3:TrackPointExtension>
        </extensions>
      </trkpt>
      <trkpt lat="43.7231385894119739532470703125" lon="7.35931408591568470001220703125">
        <ele>30.3999996185302734375</ele>
        <time>2026-07-07T04:43:24.000Z</time>
        <extensions>
          <ns3:TrackPointExtension>
            <ns3:hr>141</ns3:hr>
            <ns3:cad>49</ns3:cad>
          </ns3:TrackPointExtension>
        </extensions>
      </trkpt>
      <trkpt lat="43.72315593995153903961181640625" lon="7.35931157134473323822021484375">
        <ele>30.6000003814697265625</ele>
        <time>2026-07-07T04:43:26.000Z</time>
        <extensions>
          <ns3:TrackPointExtension>
            <ns3:hr>141</ns3:hr>
            <ns3:cad>51</ns3:cad>
          </ns3:TrackPointExtension>
        </extensions>
      </trkpt>
      <trkpt lat="43.72316113673150539398193359375" lon="7.35930251888930797576904296875">
        <ele>31</ele>
        <time>2026-07-07T04:43:27.000Z</time>
        <extensions>
          <ns3:TrackPointExtension>
            <ns3:hr>141</ns3:hr>
            <ns3:cad>51</ns3:cad>
          </ns3:TrackPointExtension>
        </extensions>
      </trkpt>
      <trkpt lat="43.72315677814185619354248046875" lon="7.35927946865558624267578125">
        <ele>31</ele>
        <time>2026-07-07T04:43:28.000Z</time>
        <extensions>
          <ns3:TrackPointExtension>
            <ns3:hr>142</ns3:hr>
            <ns3:cad>50</ns3:cad>
          </ns3:TrackPointExtension>
        </extensions>
      </trkpt>
      <trkpt lat="43.72315057553350925445556640625" lon="7.35925474204123020172119140625">
        <ele>31.200000762939453125</ele>
        <time>2026-07-07T04:43:29.000Z</time>
        <extensions>
          <ns3:TrackPointExtension>
            <ns3:hr>142</ns3:hr>
            <ns3:cad>49</ns3:cad>
          </ns3:TrackPointExtension>
        </extensions>
      </trkpt>
      <trkpt lat="43.7231442891061305999755859375" lon="7.35919539816677570343017578125">
        <ele>31.6000003814697265625</ele>
        <time>2026-07-07T04:43:32.000Z</time>
        <extensions>
          <ns3:TrackPointExtension>
            <ns3:hr>145</ns3:hr>
            <ns3:cad>50</ns3:cad>
          </ns3:TrackPointExtension>
        </extensions>
      </trkpt>
      <trkpt lat="43.72315040789544582366943359375" lon="7.3591656424105167388916015625">
        <ele>32</ele>
        <time>2026-07-07T04:43:34.000Z</time>
        <extensions>
          <ns3:TrackPointExtension>
            <ns3:hr>147</ns3:hr>
            <ns3:cad>51</ns3:cad>
          </ns3:TrackPointExtension>
        </extensions>
      </trkpt>
      <trkpt lat="43.72315392829477787017822265625" lon="7.3590915463864803314208984375">
        <ele>32.59999847412109375</ele>
        <time>2026-07-07T04:43:38.000Z</time>
        <extensions>
          <ns3:TrackPointExtension>
            <ns3:hr>148</ns3:hr>
            <ns3:cad>0</ns3:cad>
          </ns3:TrackPointExtension>
        </extensions>
      </trkpt>
      <trkpt lat="43.72315677814185619354248046875" lon="7.35904720611870288848876953125">
        <ele>33.200000762939453125</ele>
        <time>2026-07-07T04:43:40.000Z</time>
        <extensions>
          <ns3:TrackPointExtension>
            <ns3:hr>149</ns3:hr>
            <ns3:cad>51</ns3:cad>
          </ns3:TrackPointExtension>
        </extensions>
      </trkpt>
      <trkpt lat="43.72316432185471057891845703125" lon="7.3589892871677875518798828125">
        <ele>33.59999847412109375</ele>
        <time>2026-07-07T04:43:44.000Z</time>
        <extensions>
          <ns3:TrackPointExtension>
            <ns3:hr>149</ns3:hr>
            <ns3:cad>48</ns3:cad>
          </ns3:TrackPointExtension>
        </extensions>
      </trkpt>
      <trkpt lat="43.7231922335922718048095703125" lon="7.35898970626294612884521484375">
        <ele>33.799999237060546875</ele>
        <time>2026-07-07T04:43:46.000Z</time>
        <extensions>
          <ns3:TrackPointExtension>
            <ns3:hr>149</ns3:hr>
            <ns3:cad>0</ns3:cad>
          </ns3:TrackPointExtension>
        </extensions>
      </trkpt>
      <trkpt lat="43.72322953306138515472412109375" lon="7.35900160856544971466064453125">
        <ele>34.40000152587890625</ele>
        <time>2026-07-07T04:43:50.000Z</time>
        <extensions>
          <ns3:TrackPointExtension>
            <ns3:hr>149</ns3:hr>
            <ns3:cad>50</ns3:cad>
          </ns3:TrackPointExtension>
        </extensions>
      </trkpt>
      <trkpt lat="43.72324009425938129425048828125" lon="7.359001524746417999267578125">
        <ele>34.59999847412109375</ele>
        <time>2026-07-07T04:43:51.000Z</time>
        <extensions>
          <ns3:TrackPointExtension>
            <ns3:hr>150</ns3:hr>
            <ns3:cad>50</ns3:cad>
          </ns3:TrackPointExtension>
        </extensions>
      </trkpt>
      <trkpt lat="43.72325048781931400299072265625" lon="7.3590043745934963226318359375">
        <ele>34.59999847412109375</ele>
        <time>2026-07-07T04:43:52.000Z</time>
        <extensions>
          <ns3:TrackPointExtension>
            <ns3:hr>151</ns3:hr>
            <ns3:cad>50</ns3:cad>
          </ns3:TrackPointExtension>
        </extensions>
      </trkpt>
      <trkpt lat="43.723260127007961273193359375" lon="7.35902759246528148651123046875">
        <ele>34.799999237060546875</ele>
        <time>2026-07-07T04:43:54.000Z</time>
        <extensions>
          <ns3:TrackPointExtension>
            <ns3:hr>151</ns3:hr>
            <ns3:cad>50</ns3:cad>
          </ns3:TrackPointExtension>
        </extensions>
      </trkpt>
      <trkpt lat="43.72327161021530628204345703125" lon="7.35904150642454624176025390625">
        <ele>35.200000762939453125</ele>
        <time>2026-07-07T04:43:56.000Z</time>
        <extensions>
          <ns3:TrackPointExtension>
            <ns3:hr>151</ns3:hr>
            <ns3:cad>50</ns3:cad>
          </ns3:TrackPointExtension>
        </extensions>
      </trkpt>
      <trkpt lat="43.72328066267073154449462890625" lon="7.3590513132512569427490234375">
        <ele>35.40000152587890625</ele>
        <time>2026-07-07T04:43:57.000Z</time>
        <extensions>
          <ns3:TrackPointExtension>
            <ns3:hr>151</ns3:hr>
            <ns3:cad>50</ns3:cad>
          </ns3:TrackPointExtension>
        </extensions>
      </trkpt>
      <trkpt lat="43.72329038567841053009033203125" lon="7.359058521687984466552734375">
        <ele>35.59999847412109375</ele>
        <time>2026-07-07T04:43:58.000Z</time>
        <extensions>
          <ns3:TrackPointExtension>
            <ns3:hr>148</ns3:hr>
            <ns3:cad>50</ns3:cad>
          </ns3:TrackPointExtension>
        </extensions>
      </trkpt>
      <trkpt lat="43.72333430685102939605712890625" lon="7.35907402820885181427001953125">
        <ele>36.59999847412109375</ele>
        <time>2026-07-07T04:44:02.000Z</time>
        <extensions>
          <ns3:TrackPointExtension>
            <ns3:hr>146</ns3:hr>
            <ns3:cad>49</ns3:cad>
          </ns3:TrackPointExtension>
        </extensions>
      </trkpt>
      <trkpt lat="43.72335232794284820556640625" lon="7.35908173955976963043212890625">
        <ele>37</ele>
        <time>2026-07-07T04:44:04.000Z</time>
        <extensions>
          <ns3:TrackPointExtension>
            <ns3:hr>145</ns3:hr>
            <ns3:cad>49</ns3:cad>
          </ns3:TrackPointExtension>
        </extensions>
      </trkpt>
      <trkpt lat="43.72337923385202884674072265625" lon="7.3590959049761295318603515625">
        <ele>37.799999237060546875</ele>
        <time>2026-07-07T04:44:07.000Z</time>
        <extensions>
          <ns3:TrackPointExtension>
            <ns3:hr>145</ns3:hr>
            <ns3:cad>47</ns3:cad>
          </ns3:TrackPointExtension>
        </extensions>
      </trkpt>
      <trkpt lat="43.7233865261077880859375" lon="7.35910604707896709442138671875">
        <ele>38.40000152587890625</ele>
        <time>2026-07-07T04:44:09.000Z</time>
        <extensions>
          <ns3:TrackPointExtension>
            <ns3:hr>145</ns3:hr>
            <ns3:cad>47</ns3:cad>
          </ns3:TrackPointExtension>
        </extensions>
      </trkpt>
      <trkpt lat="43.72339398600161075592041015625" lon="7.359123565256595611572265625">
        <ele>38.799999237060546875</ele>
        <time>2026-07-07T04:44:11.000Z</time>
        <extensions>
          <ns3:TrackPointExtension>
            <ns3:hr>146</ns3:hr>
            <ns3:cad>47</ns3:cad>
          </ns3:TrackPointExtension>
        </extensions>
      </trkpt>
      <trkpt lat="43.72338862158358097076416015625" lon="7.3591713421046733856201171875">
        <ele>39.799999237060546875</ele>
        <time>2026-07-07T04:44:15.000Z</time>
        <extensions>
          <ns3:TrackPointExtension>
            <ns3:hr>148</ns3:hr>
            <ns3:cad>46</ns3:cad>
          </ns3:TrackPointExtension>
        </extensions>
      </trkpt>
      <trkpt lat="43.72342365793883800506591796875" lon="7.35923118889331817626953125">
        <ele>41</ele>
        <time>2026-07-07T04:44:20.000Z</time>
        <extensions>
          <ns3:TrackPointExtension>
            <ns3:hr>150</ns3:hr>
            <ns3:cad>44</ns3:cad>
          </ns3:TrackPointExtension>
        </extensions>
      </trkpt>
      <trkpt lat="43.723458945751190185546875" lon="7.35919388942420482635498046875">
        <ele>42.200000762939453125</ele>
        <time>2026-07-07T04:44:25.000Z</time>
        <extensions>
          <ns3:TrackPointExtension>
            <ns3:hr>151</ns3:hr>
            <ns3:cad>44</ns3:cad>
          </ns3:TrackPointExtension>
        </extensions>
      </trkpt>
      <trkpt lat="43.723481409251689910888671875" lon="7.3591710068285465240478515625">
        <ele>42.799999237060546875</ele>
        <time>2026-07-07T04:44:28.000Z</time>
        <extensions>
          <ns3:TrackPointExtension>
            <ns3:hr>152</ns3:hr>
            <ns3:cad>45</ns3:cad>
          </ns3:TrackPointExtension>
        </extensions>
      </trkpt>
      <trkpt lat="43.7235094048082828521728515625" lon="7.3591475374996662139892578125">
        <ele>43.200000762939453125</ele>
        <time>2026-07-07T04:44:31.000Z</time>
        <extensions>
          <ns3:TrackPointExtension>
            <ns3:hr>153</ns3:hr>
            <ns3:cad>46</ns3:cad>
          </ns3:TrackPointExtension>
        </extensions>
      </trkpt>
      <trkpt lat="43.72350999154150485992431640625" lon="7.3591394908726215362548828125">
        <ele>43.59999847412109375</ele>
        <time>2026-07-07T04:44:32.000Z</time>
        <extensions>
          <ns3:TrackPointExtension>
            <ns3:hr>154</ns3:hr>
            <ns3:cad>46</ns3:cad>
          </ns3:TrackPointExtension>
        </extensions>
      </trkpt>
      <trkpt lat="43.7235533259809017181396484375" lon="7.35910990275442600250244140625">
        <ele>44.40000152587890625</ele>
        <time>2026-07-07T04:44:36.000Z</time>
        <extensions>
          <ns3:TrackPointExtension>
            <ns3:hr>154</ns3:hr>
            <ns3:cad>45</ns3:cad>
          </ns3:TrackPointExtension>
        </extensions>
      </trkpt>
      <trkpt lat="43.72355005703866481781005859375" lon="7.35908945091068744659423828125">
        <ele>45</ele>
        <time>2026-07-07T04:44:38.000Z</time>
        <extensions>
          <ns3:TrackPointExtension>
            <ns3:hr>154</ns3:hr>
            <ns3:cad>45</ns3:cad>
          </ns3:TrackPointExtension>
        </extensions>
      </trkpt>
      <trkpt lat="43.7235814891755580902099609375" lon="7.3590969108045101165771484375">
        <ele>45.799999237060546875</ele>
        <time>2026-07-07T04:44:40.000Z</time>
        <extensions>
          <ns3:TrackPointExtension>
            <ns3:hr>155</ns3:hr>
            <ns3:cad>44</ns3:cad>
          </ns3:TrackPointExtension>
        </extensions>
      </trkpt>
      <trkpt lat="43.72361778281629085540771484375" lon="7.35911375842988491058349609375">
        <ele>45.799999237060546875</ele>
        <time>2026-07-07T04:44:42.000Z</time>
        <extensions>
          <ns3:TrackPointExtension>
            <ns3:hr>156</ns3:hr>
            <ns3:cad>41</ns3:cad>
          </ns3:TrackPointExtension>
        </extensions>
      </trkpt>
      <trkpt lat="43.7236270867288112640380859375" lon="7.35912649892270565032958984375">
        <ele>46</ele>
        <time>2026-07-07T04:44:43.000Z</time>
        <extensions>
          <ns3:TrackPointExtension>
            <ns3:hr>156</ns3:hr>
            <ns3:cad>41</ns3:cad>
          </ns3:TrackPointExtension>
        </extensions>
      </trkpt>
      <trkpt lat="43.72364326380193233489990234375" lon="7.35914661549031734466552734375">
        <ele>47</ele>
        <time>2026-07-07T04:44:46.000Z</time>
        <extensions>
          <ns3:TrackPointExtension>
            <ns3:hr>157</ns3:hr>
            <ns3:cad>0</ns3:cad>
          </ns3:TrackPointExtension>
        </extensions>
      </trkpt>
      <trkpt lat="43.72365407645702362060546875" lon="7.359153740108013153076171875">
        <ele>47</ele>
        <time>2026-07-07T04:44:47.000Z</time>
        <extensions>
          <ns3:TrackPointExtension>
            <ns3:hr>157</ns3:hr>
            <ns3:cad>40</ns3:cad>
          </ns3:TrackPointExtension>
        </extensions>
      </trkpt>
      <trkpt lat="43.7236814014613628387451171875" lon="7.3591388203203678131103515625">
        <ele>48</ele>
        <time>2026-07-07T04:44:51.000Z</time>
        <extensions>
          <ns3:TrackPointExtension>
            <ns3:hr>158</ns3:hr>
            <ns3:cad>42</ns3:cad>
          </ns3:TrackPointExtension>
        </extensions>
      </trkpt>
      <trkpt lat="43.72369942255318164825439453125" lon="7.359128929674625396728515625">
        <ele>48.40000152587890625</ele>
        <time>2026-07-07T04:44:53.000Z</time>
        <extensions>
          <ns3:TrackPointExtension>
            <ns3:hr>159</ns3:hr>
            <ns3:cad>65</ns3:cad>
          </ns3:TrackPointExtension>
        </extensions>
      </trkpt>
      <trkpt lat="43.72372624464333057403564453125" lon="7.3591272532939910888671875">
        <ele>48.799999237060546875</ele>
        <time>2026-07-07T04:44:55.000Z</time>
        <extensions>
          <ns3:TrackPointExtension>
            <ns3:hr>161</ns3:hr>
            <ns3:cad>65</ns3:cad>
          </ns3:TrackPointExtension>
        </extensions>
      </trkpt>
      <trkpt lat="43.723736889660358428955078125" lon="7.3591287620365619659423828125">
        <ele>49.200000762939453125</ele>
        <time>2026-07-07T04:44:56.000Z</time>
        <extensions>
          <ns3:TrackPointExtension>
            <ns3:hr>161</ns3:hr>
            <ns3:cad>65</ns3:cad>
          </ns3:TrackPointExtension>
        </extensions>
      </trkpt>
      <trkpt lat="43.72375465929508209228515625" lon="7.35912046395242214202880859375">
        <ele>49.59999847412109375</ele>
        <time>2026-07-07T04:44:58.000Z</time>
        <extensions>
          <ns3:TrackPointExtension>
            <ns3:hr>162</ns3:hr>
            <ns3:cad>65</ns3:cad>
          </ns3:TrackPointExtension>
        </extensions>
      </trkpt>
      <trkpt lat="43.72378642670810222625732421875" lon="7.3591066338121891021728515625">
        <ele>50.40000152587890625</ele>
        <time>2026-07-07T04:45:01.000Z</time>
        <extensions>
          <ns3:TrackPointExtension>
            <ns3:hr>162</ns3:hr>
            <ns3:cad>0</ns3:cad>
          </ns3:TrackPointExtension>
        </extensions>
      </trkpt>
      <trkpt lat="43.72384141199290752410888671875" lon="7.3590548336505889892578125">
        <ele>51.59999847412109375</ele>
        <time>2026-07-07T04:45:07.000Z</time>
        <extensions>
          <ns3:TrackPointExtension>
            <ns3:hr>162</ns3:hr>
            <ns3:cad>0</ns3:cad>
          </ns3:TrackPointExtension>
        </extensions>
      </trkpt>
      <trkpt lat="43.72386136092245578765869140625" lon="7.3590379022061824798583984375">
        <ele>52</ele>
        <time>2026-07-07T04:45:09.000Z</time>
        <extensions>
          <ns3:TrackPointExtension>
            <ns3:hr>162</ns3:hr>
            <ns3:cad>0</ns3:cad>
          </ns3:TrackPointExtension>
        </extensions>
      </trkpt>
      <trkpt lat="43.7238974869251251220703125" lon="7.358998842537403106689453125">
        <ele>52.799999237060546875</ele>
        <time>2026-07-07T04:45:13.000Z</time>
        <extensions>
          <ns3:TrackPointExtension>
            <ns3:hr>163</ns3:hr>
            <ns3:cad>0</ns3:cad>
          </ns3:TrackPointExtension>
        </extensions>
      </trkpt>
      <trkpt lat="43.72391517274081707000732421875" lon="7.3589889518916606903076171875">
        <ele>53.200000762939453125</ele>
        <time>2026-07-07T04:45:15.000Z</time>
        <extensions>
          <ns3:TrackPointExtension>
            <ns3:hr>163</ns3:hr>
            <ns3:cad>0</ns3:cad>
          </ns3:TrackPointExtension>
        </extensions>
      </trkpt>
      <trkpt lat="43.72394509613513946533203125" lon="7.35898283310234546661376953125">
        <ele>53.799999237060546875</ele>
        <time>2026-07-07T04:45:18.000Z</time>
        <extensions>
          <ns3:TrackPointExtension>
            <ns3:hr>163</ns3:hr>
            <ns3:cad>71</ns3:cad>
          </ns3:TrackPointExtension>
        </extensions>
      </trkpt>
      <trkpt lat="43.72397300787270069122314453125" lon="7.35896757803857326507568359375">
        <ele>54.59999847412109375</ele>
        <time>2026-07-07T04:45:21.000Z</time>
        <extensions>
          <ns3:TrackPointExtension>
            <ns3:hr>163</ns3:hr>
            <ns3:cad>0</ns3:cad>
          </ns3:TrackPointExtension>
        </extensions>
      </trkpt>
      <trkpt lat="43.72398407198488712310791015625" lon="7.35896774567663669586181640625">
        <ele>54.59999847412109375</ele>
        <time>2026-07-07T04:45:22.000Z</time>
        <extensions>
          <ns3:TrackPointExtension>
            <ns3:hr>163</ns3:hr>
            <ns3:cad>0</ns3:cad>
          </ns3:TrackPointExtension>
        </extensions>
      </trkpt>
      <trkpt lat="43.7240047752857208251953125" lon="7.35896590165793895721435546875">
        <ele>54.799999237060546875</ele>
        <time>2026-07-07T04:45:24.000Z</time>
        <extensions>
          <ns3:TrackPointExtension>
            <ns3:hr>163</ns3:hr>
            <ns3:cad>0</ns3:cad>
          </ns3:TrackPointExtension>
        </extensions>
      </trkpt>
      <trkpt lat="43.7240542285144329071044921875" lon="7.35892407596111297607421875">
        <ele>56</ele>
        <time>2026-07-07T04:45:29.000Z</time>
        <extensions>
          <ns3:TrackPointExtension>
            <ns3:hr>163</ns3:hr>
            <ns3:cad>43</ns3:cad>
          </ns3:TrackPointExtension>
        </extensions>
      </trkpt>
      <trkpt lat="43.72407342307269573211669921875" lon="7.35890471376478672027587890625">
        <ele>56.40000152587890625</ele>
        <time>2026-07-07T04:45:31.000Z</time>
        <extensions>
          <ns3:TrackPointExtension>
            <ns3:hr>164</ns3:hr>
            <ns3:cad>43</ns3:cad>
          </ns3:TrackPointExtension>
        </extensions>
      </trkpt>
      <trkpt lat="43.72410628013312816619873046875" lon="7.3588957451283931732177734375">
        <ele>57</ele>
        <time>2026-07-07T04:45:34.000Z</time>
        <extensions>
          <ns3:TrackPointExtension>
            <ns3:hr>163</ns3:hr>
            <ns3:cad>43</ns3:cad>
          </ns3:TrackPointExtension>
        </extensions>
      </trkpt>
      <trkpt lat="43.7241308391094207763671875" lon="7.35889918170869350433349609375">
        <ele>57.40000152587890625</ele>
        <time>2026-07-07T04:45:36.000Z</time>
        <extensions>
          <ns3:TrackPointExtension>
            <ns3:hr>164</ns3:hr>
            <ns3:cad>47</ns3:cad>
          </ns3:TrackPointExtension>
        </extensions>
      </trkpt>
      <trkpt lat="43.72415791265666484832763671875" lon="7.3588979244232177734375">
        <ele>57.799999237060546875</ele>
        <time>2026-07-07T04:45:38.000Z</time>
        <extensions>
          <ns3:TrackPointExtension>
            <ns3:hr>164</ns3:hr>
            <ns3:cad>47</ns3:cad>
          </ns3:TrackPointExtension>
        </extensions>
      </trkpt>
      <trkpt lat="43.72416931204497814178466796875" lon="7.35889800824224948883056640625">
        <ele>58</ele>
        <time>2026-07-07T04:45:39.000Z</time>
        <extensions>
          <ns3:TrackPointExtension>
            <ns3:hr>164</ns3:hr>
            <ns3:cad>47</ns3:cad>
          </ns3:TrackPointExtension>
        </extensions>
      </trkpt>
      <trkpt lat="43.7241819687187671661376953125" lon="7.3589108325541019439697265625">
        <ele>58.200000762939453125</ele>
        <time>2026-07-07T04:45:40.000Z</time>
        <extensions>
          <ns3:TrackPointExtension>
            <ns3:hr>165</ns3:hr>
            <ns3:cad>47</ns3:cad>
          </ns3:TrackPointExtension>
        </extensions>
      </trkpt>
      <trkpt lat="43.72417987324297428131103515625" lon="7.35893622972071170806884765625">
        <ele>58.59999847412109375</ele>
        <time>2026-07-07T04:45:43.000Z</time>
        <extensions>
          <ns3:TrackPointExtension>
            <ns3:hr>165</ns3:hr>
            <ns3:cad>47</ns3:cad>
          </ns3:TrackPointExtension>
        </extensions>
      </trkpt>
      <trkpt lat="43.7241705693304538726806640625" lon="7.35893975012004375457763671875">
        <ele>58.799999237060546875</ele>
        <time>2026-07-07T04:45:44.000Z</time>
        <extensions>
          <ns3:TrackPointExtension>
            <ns3:hr>164</ns3:hr>
            <ns3:cad>0</ns3:cad>
          </ns3:TrackPointExtension>
        </extensions>
      </trkpt>
      <trkpt lat="43.72416210360825061798095703125" lon="7.3589477129280567169189453125">
        <ele>59</ele>
        <time>2026-07-07T04:45:45.000Z</time>
        <extensions>
          <ns3:TrackPointExtension>
            <ns3:hr>164</ns3:hr>
            <ns3:cad>0</ns3:cad>
          </ns3:TrackPointExtension>
        </extensions>
      </trkpt>
      <trkpt lat="43.72414835728704929351806640625" lon="7.35894285142421722412109375">
        <ele>59</ele>
        <time>2026-07-07T04:45:46.000Z</time>
        <extensions>
          <ns3:TrackPointExtension>
            <ns3:hr>164</ns3:hr>
            <ns3:cad>45</ns3:cad>
          </ns3:TrackPointExtension>
        </extensions>
      </trkpt>
      <trkpt lat="43.7241410650312900543212890625" lon="7.3589502274990081787109375">
        <ele>59.200000762939453125</ele>
        <time>2026-07-07T04:45:47.000Z</time>
        <extensions>
          <ns3:TrackPointExtension>
            <ns3:hr>164</ns3:hr>
            <ns3:cad>45</ns3:cad>
          </ns3:TrackPointExtension>
        </extensions>
      </trkpt>
      <trkpt lat="43.72413150966167449951171875" lon="7.3589636385440826416015625">
        <ele>59.40000152587890625</ele>
        <time>2026-07-07T04:45:48.000Z</time>
        <extensions>
          <ns3:TrackPointExtension>
            <ns3:hr>164</ns3:hr>
            <ns3:cad>0</ns3:cad>
          </ns3:TrackPointExtension>
        </extensions>
      </trkpt>
      <trkpt lat="43.7240847386419773101806640625" lon="7.35900144092738628387451171875">
        <ele>60</ele>
        <time>2026-07-07T04:45:53.000Z</time>
        <extensions>
          <ns3:TrackPointExtension>
            <ns3:hr>164</ns3:hr>
            <ns3:cad>45</ns3:cad>
          </ns3:TrackPointExtension>
        </extensions>
      </trkpt>
      <trkpt lat="43.7240797095000743865966796875" lon="7.35901585780084133148193359375">
        <ele>60.200000762939453125</ele>
        <time>2026-07-07T04:45:54.000Z</time>
        <extensions>
          <ns3:TrackPointExtension>
            <ns3:hr>163</ns3:hr>
            <ns3:cad>0</ns3:cad>
          </ns3:TrackPointExtension>
        </extensions>
      </trkpt>
      <trkpt lat="43.7240595929324626922607421875" lon="7.35904343426227569580078125">
        <ele>60.59999847412109375</ele>
        <time>2026-07-07T04:45:57.000Z</time>
        <extensions>
          <ns3:TrackPointExtension>
            <ns3:hr>164</ns3:hr>
            <ns3:cad>0</ns3:cad>
          </ns3:TrackPointExtension>
        </extensions>
      </trkpt>
      <trkpt lat="43.72404643334448337554931640625" lon="7.35904921777546405792236328125">
        <ele>60.799999237060546875</ele>
        <time>2026-07-07T04:45:58.000Z</time>
        <extensions>
          <ns3:TrackPointExtension>
            <ns3:hr>164</ns3:hr>
            <ns3:cad>0</ns3:cad>
          </ns3:TrackPointExtension>
        </extensions>
      </trkpt>
      <trkpt lat="43.724031932651996612548828125" lon="7.359066568315029144287109375">
        <ele>61.200000762939453125</ele>
        <time>2026-07-07T04:46:00.000Z</time>
        <extensions>
          <ns3:TrackPointExtension>
            <ns3:hr>164</ns3:hr>
            <ns3:cad>0</ns3:cad>
          </ns3:TrackPointExtension>
        </extensions>
      </trkpt>
      <trkpt lat="43.72402262873947620391845703125" lon="7.35909414477646350860595703125">
        <ele>61.40000152587890625</ele>
        <time>2026-07-07T04:46:02.000Z</time>
        <extensions>
          <ns3:TrackPointExtension>
            <ns3:hr>164</ns3:hr>
            <ns3:cad>0</ns3:cad>
          </ns3:TrackPointExtension>
        </extensions>
      </trkpt>
      <trkpt lat="43.72401189990341663360595703125" lon="7.35909976065158843994140625">
        <ele>61.59999847412109375</ele>
        <time>2026-07-07T04:46:03.000Z</time>
        <extensions>
          <ns3:TrackPointExtension>
            <ns3:hr>163</ns3:hr>
            <ns3:cad>0</ns3:cad>
          </ns3:TrackPointExtension>
        </extensions>
      </trkpt>
      <trkpt lat="43.72399345971643924713134765625" lon="7.3591311089694499969482421875">
        <ele>62.40000152587890625</ele>
        <time>2026-07-07T04:46:07.000Z</time>
        <extensions>
          <ns3:TrackPointExtension>
            <ns3:hr>162</ns3:hr>
            <ns3:cad>0</ns3:cad>
          </ns3:TrackPointExtension>
        </extensions>
      </trkpt>
      <trkpt lat="43.72398289851844310760498046875" lon="7.35913571901619434356689453125">
        <ele>62.59999847412109375</ele>
        <time>2026-07-07T04:46:08.000Z</time>
        <extensions>
          <ns3:TrackPointExtension>
            <ns3:hr>162</ns3:hr>
            <ns3:cad>0</ns3:cad>
          </ns3:TrackPointExtension>
        </extensions>
      </trkpt>
      <trkpt lat="43.72396110557019710540771484375" lon="7.35915265046060085296630859375">
        <ele>63.200000762939453125</ele>
        <time>2026-07-07T04:46:11.000Z</time>
        <extensions>
          <ns3:TrackPointExtension>
            <ns3:hr>163</ns3:hr>
            <ns3:cad>40</ns3:cad>
          </ns3:TrackPointExtension>
        </extensions>
      </trkpt>
      <trkpt lat="43.72394643723964691162109375" lon="7.35916673205792903900146484375">
        <ele>63.59999847412109375</ele>
        <time>2026-07-07T04:46:13.000Z</time>
        <extensions>
          <ns3:TrackPointExtension>
            <ns3:hr>163</ns3:hr>
            <ns3:cad>41</ns3:cad>
          </ns3:TrackPointExtension>
        </extensions>
      </trkpt>
      <trkpt lat="43.7239244766533374786376953125" lon="7.359200008213520050048828125">
        <ele>64.1999969482421875</ele>
        <time>2026-07-07T04:46:16.000Z</time>
        <extensions>
          <ns3:TrackPointExtension>
            <ns3:hr>165</ns3:hr>
            <ns3:cad>41</ns3:cad>
          </ns3:TrackPointExtension>
        </extensions>
      </trkpt>
      <trkpt lat="43.72390913777053356170654296875" lon="7.35922305844724178314208984375">
        <ele>64.8000030517578125</ele>
        <time>2026-07-07T04:46:18.000Z</time>
        <extensions>
          <ns3:TrackPointExtension>
            <ns3:hr>165</ns3:hr>
            <ns3:cad>41</ns3:cad>
          </ns3:TrackPointExtension>
        </extensions>
      </trkpt>
      <trkpt lat="43.72389690019190311431884765625" lon="7.3592746071517467498779296875">
        <ele>65.40000152587890625</ele>
        <time>2026-07-07T04:46:22.000Z</time>
        <extensions>
          <ns3:TrackPointExtension>
            <ns3:hr>165</ns3:hr>
            <ns3:cad>41</ns3:cad>
          </ns3:TrackPointExtension>
        </extensions>
      </trkpt>
      <trkpt lat="43.72388340532779693603515625" lon="7.3593218810856342315673828125">
        <ele>66</ele>
        <time>2026-07-07T04:46:26.000Z</time>
        <extensions>
          <ns3:TrackPointExtension>
            <ns3:hr>165</ns3:hr>
            <ns3:cad>0</ns3:cad>
          </ns3:TrackPointExtension>
        </extensions>
      </trkpt>
      <trkpt lat="43.72388550080358982086181640625" lon="7.3593498766422271728515625">
        <ele>66.59999847412109375</ele>
        <time>2026-07-07T04:46:28.000Z</time>
        <extensions>
          <ns3:TrackPointExtension>
            <ns3:hr>165</ns3:hr>
            <ns3:cad>42</ns3:cad>
          </ns3:TrackPointExtension>
        </extensions>
      </trkpt>
      <trkpt lat="43.7239001691341400146484375" lon="7.3593745194375514984130859375">
        <ele>67.40000152587890625</ele>
        <time>2026-07-07T04:46:32.000Z</time>
        <extensions>
          <ns3:TrackPointExtension>
            <ns3:hr>165</ns3:hr>
            <ns3:cad>41</ns3:cad>
          </ns3:TrackPointExtension>
        </extensions>
      </trkpt>
      <trkpt lat="43.723903186619281768798828125" lon="7.35936957411468029022216796875">
        <ele>67.59999847412109375</ele>
        <time>2026-07-07T04:46:33.000Z</time>
        <extensions>
          <ns3:TrackPointExtension>
            <ns3:hr>165</ns3:hr>
            <ns3:cad>41</ns3:cad>
          </ns3:TrackPointExtension>
        </extensions>
      </trkpt>
      <trkpt lat="43.7239090539515018463134765625" lon="7.359348200261592864990234375">
        <ele>68</ele>
        <time>2026-07-07T04:46:35.000Z</time>
        <extensions>
          <ns3:TrackPointExtension>
            <ns3:hr>165</ns3:hr>
            <ns3:cad>0</ns3:cad>
          </ns3:TrackPointExtension>
        </extensions>
      </trkpt>
      <trkpt lat="43.72390746138989925384521484375" lon="7.3592923767864704132080078125">
        <ele>68.59999847412109375</ele>
        <time>2026-07-07T04:46:39.000Z</time>
        <extensions>
          <ns3:TrackPointExtension>
            <ns3:hr>166</ns3:hr>
            <ns3:cad>0</ns3:cad>
          </ns3:TrackPointExtension>
        </extensions>
      </trkpt>
      <trkpt lat="43.7239073775708675384521484375" lon="7.3592779599130153656005859375">
        <ele>68.59999847412109375</ele>
        <time>2026-07-07T04:46:40.000Z</time>
        <extensions>
          <ns3:TrackPointExtension>
            <ns3:hr>166</ns3:hr>
            <ns3:cad>0</ns3:cad>
          </ns3:TrackPointExtension>
        </extensions>
      </trkpt>
      <trkpt lat="43.72391433455049991607666015625" lon="7.35926178283989429473876953125">
        <ele>68.8000030517578125</ele>
        <time>2026-07-07T04:46:41.000Z</time>
        <extensions>
          <ns3:TrackPointExtension>
            <ns3:hr>166</ns3:hr>
            <ns3:cad>0</ns3:cad>
          </ns3:TrackPointExtension>
        </extensions>
      </trkpt>
      <trkpt lat="43.72392958961427211761474609375" lon="7.359265051782131195068359375">
        <ele>69.1999969482421875</ele>
        <time>2026-07-07T04:46:43.000Z</time>
        <extensions>
          <ns3:TrackPointExtension>
            <ns3:hr>165</ns3:hr>
            <ns3:cad>0</ns3:cad>
          </ns3:TrackPointExtension>
        </extensions>
      </trkpt>
      <trkpt lat="43.7239338643848896026611328125" lon="7.35927670262753963470458984375">
        <ele>69.40000152587890625</ele>
        <time>2026-07-07T04:46:44.000Z</time>
        <extensions>
          <ns3:TrackPointExtension>
            <ns3:hr>165</ns3:hr>
            <ns3:cad>0</ns3:cad>
          </ns3:TrackPointExtension>
        </extensions>
      </trkpt>
      <trkpt lat="43.72393679805099964141845703125" lon="7.35929799266159534454345703125">
        <ele>69.8000030517578125</ele>
        <time>2026-07-07T04:46:46.000Z</time>
        <extensions>
          <ns3:TrackPointExtension>
            <ns3:hr>165</ns3:hr>
            <ns3:cad>0</ns3:cad>
          </ns3:TrackPointExtension>
        </extensions>
      </trkpt>
      <trkpt lat="43.72393612749874591827392578125" lon="7.35931299626827239990234375">
        <ele>71</ele>
        <time>2026-07-07T04:46:48.000Z</time>
        <extensions>
          <ns3:TrackPointExtension>
            <ns3:hr>166</ns3:hr>
            <ns3:cad>0</ns3:cad>
          </ns3:TrackPointExtension>
        </extensions>
      </trkpt>
      <trkpt lat="43.72393847443163394927978515625" lon="7.35933654941618442535400390625">
        <ele>71</ele>
        <time>2026-07-07T04:46:50.000Z</time>
        <extensions>
          <ns3:TrackPointExtension>
            <ns3:hr>166</ns3:hr>
            <ns3:cad>44</ns3:cad>
          </ns3:TrackPointExtension>
        </extensions>
      </trkpt>
      <trkpt lat="43.723954819142818450927734375" lon="7.35941718332469463348388671875">
        <ele>72</ele>
        <time>2026-07-07T04:46:57.000Z</time>
        <extensions>
          <ns3:TrackPointExtension>
            <ns3:hr>166</ns3:hr>
            <ns3:cad>75</ns3:cad>
          </ns3:TrackPointExtension>
        </extensions>
      </trkpt>
      <trkpt lat="43.7239564955234527587890625" lon="7.35943260602653026580810546875">
        <ele>72.40000152587890625</ele>
        <time>2026-07-07T04:46:58.000Z</time>
        <extensions>
          <ns3:TrackPointExtension>
            <ns3:hr>167</ns3:hr>
            <ns3:cad>75</ns3:cad>
          </ns3:TrackPointExtension>
        </extensions>
      </trkpt>
      <trkpt lat="43.72395574115216732025146484375" lon="7.359446771442890167236328125">
        <ele>72.59999847412109375</ele>
        <time>2026-07-07T04:46:59.000Z</time>
        <extensions>
          <ns3:TrackPointExtension>
            <ns3:hr>167</ns3:hr>
            <ns3:cad>75</ns3:cad>
          </ns3:TrackPointExtension>
        </extensions>
      </trkpt>
      <trkpt lat="43.72395875863730907440185546875" lon="7.35949396155774593353271484375">
        <ele>73.1999969482421875</ele>
        <time>2026-07-07T04:47:02.000Z</time>
        <extensions>
          <ns3:TrackPointExtension>
            <ns3:hr>166</ns3:hr>
            <ns3:cad>40</ns3:cad>
          </ns3:TrackPointExtension>
        </extensions>
      </trkpt>
      <trkpt lat="43.72396093793213367462158203125" lon="7.359524555504322052001953125">
        <ele>73.59999847412109375</ele>
        <time>2026-07-07T04:47:04.000Z</time>
        <extensions>
          <ns3:TrackPointExtension>
            <ns3:hr>166</ns3:hr>
            <ns3:cad>40</ns3:cad>
          </ns3:TrackPointExtension>
        </extensions>
      </trkpt>
      <trkpt lat="43.7239643745124340057373046875" lon="7.359583564102649688720703125">
        <ele>74.1999969482421875</ele>
        <time>2026-07-07T04:47:08.000Z</time>
        <extensions>
          <ns3:TrackPointExtension>
            <ns3:hr>167</ns3:hr>
            <ns3:cad>43</ns3:cad>
          </ns3:TrackPointExtension>
        </extensions>
      </trkpt>
      <trkpt lat="43.7239724211394786834716796875" lon="7.35963779501616954803466796875">
        <ele>75.1999969482421875</ele>
        <time>2026-07-07T04:47:12.000Z</time>
        <extensions>
          <ns3:TrackPointExtension>
            <ns3:hr>168</ns3:hr>
            <ns3:cad>43</ns3:cad>
          </ns3:TrackPointExtension>
        </extensions>
      </trkpt>
      <trkpt lat="43.72397284023463726043701171875" lon="7.3596464283764362335205078125">
        <ele>75.1999969482421875</ele>
        <time>2026-07-07T04:47:13.000Z</time>
        <extensions>
          <ns3:TrackPointExtension>
            <ns3:hr>168</ns3:hr>
            <ns3:cad>43</ns3:cad>
          </ns3:TrackPointExtension>
        </extensions>
      </trkpt>
      <trkpt lat="43.72397703118622303009033203125" lon="7.35965858213603496551513671875">
        <ele>75.59999847412109375</ele>
        <time>2026-07-07T04:47:14.000Z</time>
        <extensions>
          <ns3:TrackPointExtension>
            <ns3:hr>168</ns3:hr>
            <ns3:cad>41</ns3:cad>
          </ns3:TrackPointExtension>
        </extensions>
      </trkpt>
      <trkpt lat="43.7239754386246204376220703125" lon="7.35967551358044147491455078125">
        <ele>75.8000030517578125</ele>
        <time>2026-07-07T04:47:15.000Z</time>
        <extensions>
          <ns3:TrackPointExtension>
            <ns3:hr>165</ns3:hr>
            <ns3:cad>41</ns3:cad>
          </ns3:TrackPointExtension>
        </extensions>
      </trkpt>
      <trkpt lat="43.72398130595684051513671875" lon="7.3596910201013088226318359375">
        <ele>76.1999969482421875</ele>
        <time>2026-07-07T04:47:16.000Z</time>
        <extensions>
          <ns3:TrackPointExtension>
            <ns3:hr>163</ns3:hr>
            <ns3:cad>0</ns3:cad>
          </ns3:TrackPointExtension>
        </extensions>
      </trkpt>
      <trkpt lat="43.72398491017520427703857421875" lon="7.3597037605941295623779296875">
        <ele>76.40000152587890625</ele>
        <time>2026-07-07T04:47:17.000Z</time>
        <extensions>
          <ns3:TrackPointExtension>
            <ns3:hr>162</ns3:hr>
            <ns3:cad>0</ns3:cad>
          </ns3:TrackPointExtension>
        </extensions>
      </trkpt>
      <trkpt lat="43.7239888496696949005126953125" lon="7.35971390269696712493896484375">
        <ele>77</ele>
        <time>2026-07-07T04:47:19.000Z</time>
        <extensions>
          <ns3:TrackPointExtension>
            <ns3:hr>159</ns3:hr>
            <ns3:cad>0</ns3:cad>
          </ns3:TrackPointExtension>
        </extensions>
      </trkpt>
      <trkpt lat="43.72398398816585540771484375" lon="7.35970702953636646270751953125">
        <ele>77.40000152587890625</ele>
        <time>2026-07-07T04:47:20.000Z</time>
        <extensions>
          <ns3:TrackPointExtension>
            <ns3:hr>159</ns3:hr>
            <ns3:cad>0</ns3:cad>
          </ns3:TrackPointExtension>
        </extensions>
      </trkpt>
      <trkpt lat="43.72398977167904376983642578125" lon="7.359688840806484222412109375">
        <ele>77.59999847412109375</ele>
        <time>2026-07-07T04:47:22.000Z</time>
        <extensions>
          <ns3:TrackPointExtension>
            <ns3:hr>159</ns3:hr>
            <ns3:cad>0</ns3:cad>
          </ns3:TrackPointExtension>
        </extensions>
      </trkpt>
      <trkpt lat="43.72400418855249881744384765625" lon="7.359660677611827850341796875">
        <ele>77.8000030517578125</ele>
        <time>2026-07-07T04:47:25.000Z</time>
        <extensions>
          <ns3:TrackPointExtension>
            <ns3:hr>162</ns3:hr>
            <ns3:cad>0</ns3:cad>
          </ns3:TrackPointExtension>
        </extensions>
      </trkpt>
      <trkpt lat="43.72401810251176357269287109375" lon="7.35964357852935791015625">
        <ele>78.40000152587890625</ele>
        <time>2026-07-07T04:47:27.000Z</time>
        <extensions>
          <ns3:TrackPointExtension>
            <ns3:hr>167</ns3:hr>
            <ns3:cad>63</ns3:cad>
          </ns3:TrackPointExtension>
        </extensions>
      </trkpt>
      <trkpt lat="43.7240247242152690887451171875" lon="7.35963352024555206298828125">
        <ele>78.8000030517578125</ele>
        <time>2026-07-07T04:47:28.000Z</time>
        <extensions>
          <ns3:TrackPointExtension>
            <ns3:hr>169</ns3:hr>
            <ns3:cad>63</ns3:cad>
          </ns3:TrackPointExtension>
        </extensions>
      </trkpt>
      <trkpt lat="43.72403402812778949737548828125" lon="7.3596256412565708160400390625">
        <ele>79</ele>
        <time>2026-07-07T04:47:29.000Z</time>
        <extensions>
          <ns3:TrackPointExtension>
            <ns3:hr>170</ns3:hr>
            <ns3:cad>63</ns3:cad>
          </ns3:TrackPointExtension>
        </extensions>
      </trkpt>
      <trkpt lat="43.72404291294515132904052734375" lon="7.3596222884953022003173828125">
        <ele>79.40000152587890625</ele>
        <time>2026-07-07T04:47:30.000Z</time>
        <extensions>
          <ns3:TrackPointExtension>
            <ns3:hr>170</ns3:hr>
            <ns3:cad>0</ns3:cad>
          </ns3:TrackPointExtension>
        </extensions>
      </trkpt>
      <trkpt lat="43.724054731428623199462890625" lon="7.35961139202117919921875">
        <ele>80</ele>
        <time>2026-07-07T04:47:32.000Z</time>
        <extensions>
          <ns3:TrackPointExtension>
            <ns3:hr>170</ns3:hr>
            <ns3:cad>0</ns3:cad>
          </ns3:TrackPointExtension>
        </extensions>
      </trkpt>
      <trkpt lat="43.72408331371843814849853515625" lon="7.35960141755640506744384765625">
        <ele>81.1999969482421875</ele>
        <time>2026-07-07T04:47:36.000Z</time>
        <extensions>
          <ns3:TrackPointExtension>
            <ns3:hr>171</ns3:hr>
            <ns3:cad>16</ns3:cad>
          </ns3:TrackPointExtension>
        </extensions>
      </trkpt>
      <trkpt lat="43.72408582828938961029052734375" lon="7.35959856770932674407958984375">
        <ele>81.40000152587890625</ele>
        <time>2026-07-07T04:47:37.000Z</time>
        <extensions>
          <ns3:TrackPointExtension>
            <ns3:hr>172</ns3:hr>
            <ns3:cad>16</ns3:cad>
          </ns3:TrackPointExtension>
        </extensions>
      </trkpt>
      <trkpt lat="43.72410200536251068115234375" lon="7.35956839285790920257568359375">
        <ele>82.40000152587890625</ele>
        <time>2026-07-07T04:47:42.000Z</time>
        <extensions>
          <ns3:TrackPointExtension>
            <ns3:hr>172</ns3:hr>
            <ns3:cad>0</ns3:cad>
          </ns3:TrackPointExtension>
        </extensions>
      </trkpt>
      <trkpt lat="43.7241041846573352813720703125" lon="7.3595644533634185791015625">
        <ele>82.59999847412109375</ele>
        <time>2026-07-07T04:47:43.000Z</time>
        <extensions>
          <ns3:TrackPointExtension>
            <ns3:hr>172</ns3:hr>
            <ns3:cad>0</ns3:cad>
          </ns3:TrackPointExtension>
        </extensions>
      </trkpt>
      <trkpt lat="43.72413310222327709197998046875" lon="7.35956772230565547943115234375">
        <ele>83.40000152587890625</ele>
        <time>2026-07-07T04:47:49.000Z</time>
        <extensions>
          <ns3:TrackPointExtension>
            <ns3:hr>172</ns3:hr>
            <ns3:cad>0</ns3:cad>
          </ns3:TrackPointExtension>
        </extensions>
      </trkpt>
      <trkpt lat="43.72413360513746738433837890625" lon="7.359615080058574676513671875">
        <ele>84.59999847412109375</ele>
        <time>2026-07-07T04:47:54.000Z</time>
        <extensions>
          <ns3:TrackPointExtension>
            <ns3:hr>172</ns3:hr>
            <ns3:cad>0</ns3:cad>
          </ns3:TrackPointExtension>
        </extensions>
      </trkpt>
      <trkpt lat="43.72412287630140781402587890625" lon="7.35963025130331516265869140625">
        <ele>85</ele>
        <time>2026-07-07T04:47:56.000Z</time>
        <extensions>
          <ns3:TrackPointExtension>
            <ns3:hr>171</ns3:hr>
            <ns3:cad>0</ns3:cad>
          </ns3:TrackPointExtension>
        </extensions>
      </trkpt>
      <trkpt lat="43.72412656433880329132080078125" lon="7.3596611805260181427001953125">
        <ele>85.59999847412109375</ele>
        <time>2026-07-07T04:47:59.000Z</time>
        <extensions>
          <ns3:TrackPointExtension>
            <ns3:hr>170</ns3:hr>
            <ns3:cad>0</ns3:cad>
          </ns3:TrackPointExtension>
        </extensions>
      </trkpt>
      <trkpt lat="43.72416109777987003326416015625" lon="7.35969110392034053802490234375">
        <ele>86.8000030517578125</ele>
        <time>2026-07-07T04:48:03.000Z</time>
        <extensions>
          <ns3:TrackPointExtension>
            <ns3:hr>169</ns3:hr>
            <ns3:cad>0</ns3:cad>
          </ns3:TrackPointExtension>
        </extensions>
      </trkpt>
      <trkpt lat="43.724156655371189117431640625" lon="7.35973636619746685028076171875">
        <ele>88</ele>
        <time>2026-07-07T04:48:08.000Z</time>
        <extensions>
          <ns3:TrackPointExtension>
            <ns3:hr>168</ns3:hr>
            <ns3:cad>66</ns3:cad>
          </ns3:TrackPointExtension>
        </extensions>
      </trkpt>
      <trkpt lat="43.72416025958955287933349609375" lon="7.3597466759383678436279296875">
        <ele>88</ele>
        <time>2026-07-07T04:48:09.000Z</time>
        <extensions>
          <ns3:TrackPointExtension>
            <ns3:hr>168</ns3:hr>
            <ns3:cad>66</ns3:cad>
          </ns3:TrackPointExtension>
        </extensions>
      </trkpt>
      <trkpt lat="43.72415640391409397125244140625" lon="7.359780706465244293212890625">
        <ele>89</ele>
        <time>2026-07-07T04:48:13.000Z</time>
        <extensions>
          <ns3:TrackPointExtension>
            <ns3:hr>169</ns3:hr>
            <ns3:cad>0</ns3:cad>
          </ns3:TrackPointExtension>
        </extensions>
      </trkpt>
      <trkpt lat="43.72416101396083831787109375" lon="7.3598187603056430816650390625">
        <ele>89.40000152587890625</ele>
        <time>2026-07-07T04:48:17.000Z</time>
        <extensions>
          <ns3:TrackPointExtension>
            <ns3:hr>168</ns3:hr>
            <ns3:cad>0</ns3:cad>
          </ns3:TrackPointExtension>
        </extensions>
      </trkpt>
      <trkpt lat="43.72415891848504543304443359375" lon="7.359836362302303314208984375">
        <ele>90</ele>
        <time>2026-07-07T04:48:19.000Z</time>
        <extensions>
          <ns3:TrackPointExtension>
            <ns3:hr>168</ns3:hr>
            <ns3:cad>0</ns3:cad>
          </ns3:TrackPointExtension>
        </extensions>
      </trkpt>
      <trkpt lat="43.72415925376117229461669921875" lon="7.35988288186490535736083984375">
        <ele>91.1999969482421875</ele>
        <time>2026-07-07T04:48:24.000Z</time>
        <extensions>
          <ns3:TrackPointExtension>
            <ns3:hr>167</ns3:hr>
            <ns3:cad>0</ns3:cad>
          </ns3:TrackPointExtension>
        </extensions>
      </trkpt>
      <trkpt lat="43.72416277416050434112548828125" lon="7.3599042557179927825927734375">
        <ele>91.59999847412109375</ele>
        <time>2026-07-07T04:48:26.000Z</time>
        <extensions>
          <ns3:TrackPointExtension>
            <ns3:hr>167</ns3:hr>
            <ns3:cad>0</ns3:cad>
          </ns3:TrackPointExtension>
        </extensions>
      </trkpt>
      <trkpt lat="43.7241648696362972259521484375" lon="7.3599294014275074005126953125">
        <ele>92.1999969482421875</ele>
        <time>2026-07-07T04:48:29.000Z</time>
        <extensions>
          <ns3:TrackPointExtension>
            <ns3:hr>166</ns3:hr>
            <ns3:cad>0</ns3:cad>
          </ns3:TrackPointExtension>
        </extensions>
      </trkpt>
      <trkpt lat="43.72417652048170566558837890625" lon="7.359963096678256988525390625">
        <ele>93.1999969482421875</ele>
        <time>2026-07-07T04:48:33.000Z</time>
        <extensions>
          <ns3:TrackPointExtension>
            <ns3:hr>167</ns3:hr>
            <ns3:cad>69</ns3:cad>
          </ns3:TrackPointExtension>
        </extensions>
      </trkpt>
      <trkpt lat="43.7241876684129238128662109375" lon="7.35999067313969135284423828125">
        <ele>93.59999847412109375</ele>
        <time>2026-07-07T04:48:35.000Z</time>
        <extensions>
          <ns3:TrackPointExtension>
            <ns3:hr>167</ns3:hr>
            <ns3:cad>69</ns3:cad>
          </ns3:TrackPointExtension>
        </extensions>
      </trkpt>
      <trkpt lat="43.724190853536128997802734375" lon="7.360012717545032501220703125">
        <ele>94.40000152587890625</ele>
        <time>2026-07-07T04:48:37.000Z</time>
        <extensions>
          <ns3:TrackPointExtension>
            <ns3:hr>168</ns3:hr>
            <ns3:cad>0</ns3:cad>
          </ns3:TrackPointExtension>
        </extensions>
      </trkpt>
      <trkpt lat="43.7241916917264461517333984375" lon="7.36006443388760089874267578125">
        <ele>95.40000152587890625</ele>
        <time>2026-07-07T04:48:41.000Z</time>
        <extensions>
          <ns3:TrackPointExtension>
            <ns3:hr>170</ns3:hr>
            <ns3:cad>64</ns3:cad>
          </ns3:TrackPointExtension>
        </extensions>
      </trkpt>
      <trkpt lat="43.7241869978606700897216796875" lon="7.36007382161915302276611328125">
        <ele>95.59999847412109375</ele>
        <time>2026-07-07T04:48:42.000Z</time>
        <extensions>
          <ns3:TrackPointExtension>
            <ns3:hr>170</ns3:hr>
            <ns3:cad>64</ns3:cad>
          </ns3:TrackPointExtension>
        </extensions>
      </trkpt>
      <trkpt lat="43.72418582439422607421875" lon="7.36008756794035434722900390625">
        <ele>96.1999969482421875</ele>
        <time>2026-07-07T04:48:47.000Z</time>
        <extensions>
          <ns3:TrackPointExtension>
            <ns3:hr>178</ns3:hr>
            <ns3:cad>0</ns3:cad>
          </ns3:TrackPointExtension>
        </extensions>
      </trkpt>
      <trkpt lat="43.72419144026935100555419921875" lon="7.3601024039089679718017578125">
        <ele>96.40000152587890625</ele>
        <time>2026-07-07T04:48:53.000Z</time>
        <extensions>
          <ns3:TrackPointExtension>
            <ns3:hr>178</ns3:hr>
            <ns3:cad>0</ns3:cad>
          </ns3:TrackPointExtension>
        </extensions>
      </trkpt>
      <trkpt lat="43.724199570715427398681640625" lon="7.36010064370930194854736328125">
        <ele>96.40000152587890625</ele>
        <time>2026-07-07T04:48:54.000Z</time>
        <extensions>
          <ns3:TrackPointExtension>
            <ns3:hr>178</ns3:hr>
            <ns3:cad>0</ns3:cad>
          </ns3:TrackPointExtension>
        </extensions>
      </trkpt>
      <trkpt lat="43.724222369492053985595703125" lon="7.36006745137274265289306640625">
        <ele>97.1999969482421875</ele>
        <time>2026-07-07T04:49:00.000Z</time>
        <extensions>
          <ns3:TrackPointExtension>
            <ns3:hr>176</ns3:hr>
            <ns3:cad>0</ns3:cad>
          </ns3:TrackPointExtension>
        </extensions>
      </trkpt>
      <trkpt lat="43.72422563843429088592529296875" lon="7.3600521124899387359619140625">
        <ele>97.59999847412109375</ele>
        <time>2026-07-07T04:49:02.000Z</time>
        <extensions>
          <ns3:TrackPointExtension>
            <ns3:hr>176</ns3:hr>
            <ns3:cad>68</ns3:cad>
          </ns3:TrackPointExtension>
        </extensions>
      </trkpt>
      <trkpt lat="43.7242490239441394805908203125" lon="7.3600366897881031036376953125">
        <ele>98.59999847412109375</ele>
        <time>2026-07-07T04:49:06.000Z</time>
        <extensions>
          <ns3:TrackPointExtension>
            <ns3:hr>177</ns3:hr>
            <ns3:cad>0</ns3:cad>
          </ns3:TrackPointExtension>
        </extensions>
      </trkpt>
      <trkpt lat="43.7242523767054080963134765625" lon="7.36004331149160861968994140625">
        <ele>98.59999847412109375</ele>
        <time>2026-07-07T04:49:07.000Z</time>
        <extensions>
          <ns3:TrackPointExtension>
            <ns3:hr>177</ns3:hr>
            <ns3:cad>0</ns3:cad>
          </ns3:TrackPointExtension>
        </extensions>
      </trkpt>
      <trkpt lat="43.72425162233412265777587890625" lon="7.3600767552852630615234375">
        <ele>99.40000152587890625</ele>
        <time>2026-07-07T04:49:11.000Z</time>
        <extensions>
          <ns3:TrackPointExtension>
            <ns3:hr>177</ns3:hr>
            <ns3:cad>0</ns3:cad>
          </ns3:TrackPointExtension>
        </extensions>
      </trkpt>
      <trkpt lat="43.7242419831454753875732421875" lon="7.36009863205254077911376953125">
        <ele>99.59999847412109375</ele>
        <time>2026-07-07T04:49:14.000Z</time>
        <extensions>
          <ns3:TrackPointExtension>
            <ns3:hr>176</ns3:hr>
            <ns3:cad>0</ns3:cad>
          </ns3:TrackPointExtension>
        </extensions>
      </trkpt>
      <trkpt lat="43.7242483533918857574462890625" lon="7.36015009693801403045654296875">
        <ele>100.40000152587890625</ele>
        <time>2026-07-07T04:49:18.000Z</time>
        <extensions>
          <ns3:TrackPointExtension>
            <ns3:hr>176</ns3:hr>
            <ns3:cad>0</ns3:cad>
          </ns3:TrackPointExtension>
        </extensions>
      </trkpt>
      <trkpt lat="43.72425514273345470428466796875" lon="7.36016954295337200164794921875">
        <ele>101</ele>
        <time>2026-07-07T04:49:20.000Z</time>
        <extensions>
          <ns3:TrackPointExtension>
            <ns3:hr>177</ns3:hr>
            <ns3:cad>0</ns3:cad>
          </ns3:TrackPointExtension>
        </extensions>
      </trkpt>
      <trkpt lat="43.72427542693912982940673828125" lon="7.3601895757019519805908203125">
        <ele>102.1999969482421875</ele>
        <time>2026-07-07T04:49:25.000Z</time>
        <extensions>
          <ns3:TrackPointExtension>
            <ns3:hr>176</ns3:hr>
            <ns3:cad>0</ns3:cad>
          </ns3:TrackPointExtension>
        </extensions>
      </trkpt>
      <trkpt lat="43.72430543415248394012451171875" lon="7.36014221794903278350830078125">
        <ele>103.1999969482421875</ele>
        <time>2026-07-07T04:49:31.000Z</time>
        <extensions>
          <ns3:TrackPointExtension>
            <ns3:hr>178</ns3:hr>
            <ns3:cad>0</ns3:cad>
          </ns3:TrackPointExtension>
        </extensions>
      </trkpt>
      <trkpt lat="43.7243097089231014251708984375" lon="7.36013551242649555206298828125">
        <ele>103.40000152587890625</ele>
        <time>2026-07-07T04:49:32.000Z</time>
        <extensions>
          <ns3:TrackPointExtension>
            <ns3:hr>178</ns3:hr>
            <ns3:cad>0</ns3:cad>
          </ns3:TrackPointExtension>
        </extensions>
      </trkpt>
      <trkpt lat="43.72431867755949497222900390625" lon="7.36009427346289157867431640625">
        <ele>104.59999847412109375</ele>
        <time>2026-07-07T04:49:36.000Z</time>
        <extensions>
          <ns3:TrackPointExtension>
            <ns3:hr>179</ns3:hr>
            <ns3:cad>0</ns3:cad>
          </ns3:TrackPointExtension>
        </extensions>
      </trkpt>
      <trkpt lat="43.7243237905204296112060546875" lon="7.360074408352375030517578125">
        <ele>105.1999969482421875</ele>
        <time>2026-07-07T04:49:38.000Z</time>
        <extensions>
          <ns3:TrackPointExtension>
            <ns3:hr>178</ns3:hr>
            <ns3:cad>0</ns3:cad>
          </ns3:TrackPointExtension>
        </extensions>
      </trkpt>
      <trkpt lat="43.72433376498520374298095703125" lon="7.3600474186241626739501953125">
        <ele>105.59999847412109375</ele>
        <time>2026-07-07T04:49:41.000Z</time>
        <extensions>
          <ns3:TrackPointExtension>
            <ns3:hr>179</ns3:hr>
            <ns3:cad>0</ns3:cad>
          </ns3:TrackPointExtension>
        </extensions>
      </trkpt>
      <trkpt lat="43.7243543006479740142822265625" lon="7.36003325320780277252197265625">
        <ele>106.1999969482421875</ele>
        <time>2026-07-07T04:49:44.000Z</time>
        <extensions>
          <ns3:TrackPointExtension>
            <ns3:hr>180</ns3:hr>
            <ns3:cad>0</ns3:cad>
          </ns3:TrackPointExtension>
        </extensions>
      </trkpt>
      <trkpt lat="43.7243643589317798614501953125" lon="7.3600490950047969818115234375">
        <ele>106.8000030517578125</ele>
        <time>2026-07-07T04:49:46.000Z</time>
        <extensions>
          <ns3:TrackPointExtension>
            <ns3:hr>181</ns3:hr>
            <ns3:cad>0</ns3:cad>
          </ns3:TrackPointExtension>
        </extensions>
      </trkpt>
      <trkpt lat="43.7243703939020633697509765625" lon="7.36010969616472721099853515625">
        <ele>107.40000152587890625</ele>
        <time>2026-07-07T04:49:50.000Z</time>
        <extensions>
          <ns3:TrackPointExtension>
            <ns3:hr>180</ns3:hr>
            <ns3:cad>0</ns3:cad>
          </ns3:TrackPointExtension>
        </extensions>
      </trkpt>
      <trkpt lat="43.72436628676950931549072265625" lon="7.36015914939343929290771484375">
        <ele>108</ele>
        <time>2026-07-07T04:49:53.000Z</time>
        <extensions>
          <ns3:TrackPointExtension>
            <ns3:hr>181</ns3:hr>
            <ns3:cad>0</ns3:cad>
          </ns3:TrackPointExtension>
        </extensions>
      </trkpt>
      <trkpt lat="43.7243633531033992767333984375" lon="7.360223270952701568603515625">
        <ele>108.40000152587890625</ele>
        <time>2026-07-07T04:49:57.000Z</time>
        <extensions>
          <ns3:TrackPointExtension>
            <ns3:hr>184</ns3:hr>
            <ns3:cad>47</ns3:cad>
          </ns3:TrackPointExtension>
        </extensions>
      </trkpt>
      <trkpt lat="43.72438003309071063995361328125" lon="7.3602737300097942352294921875">
        <ele>109.59999847412109375</ele>
        <time>2026-07-07T04:50:02.000Z</time>
        <extensions>
          <ns3:TrackPointExtension>
            <ns3:hr>184</ns3:hr>
            <ns3:cad>44</ns3:cad>
          </ns3:TrackPointExtension>
        </extensions>
      </trkpt>
      <trkpt lat="43.724394701421260833740234375" lon="7.3602727241814136505126953125">
        <ele>110.1999969482421875</ele>
        <time>2026-07-07T04:50:05.000Z</time>
        <extensions>
          <ns3:TrackPointExtension>
            <ns3:hr>184</ns3:hr>
            <ns3:cad>44</ns3:cad>
          </ns3:TrackPointExtension>
        </extensions>
      </trkpt>
      <trkpt lat="43.72440040111541748046875" lon="7.3602680303156375885009765625">
        <ele>110.59999847412109375</ele>
        <time>2026-07-07T04:50:06.000Z</time>
        <extensions>
          <ns3:TrackPointExtension>
            <ns3:hr>183</ns3:hr>
            <ns3:cad>0</ns3:cad>
          </ns3:TrackPointExtension>
        </extensions>
      </trkpt>
      <trkpt lat="43.72441523708403110504150390625" lon="7.36025512218475341796875">
        <ele>111</ele>
        <time>2026-07-07T04:50:08.000Z</time>
        <extensions>
          <ns3:TrackPointExtension>
            <ns3:hr>182</ns3:hr>
            <ns3:cad>0</ns3:cad>
          </ns3:TrackPointExtension>
        </extensions>
      </trkpt>
      <trkpt lat="43.72443166561424732208251953125" lon="7.36026610247790813446044921875">
        <ele>111.59999847412109375</ele>
        <time>2026-07-07T04:50:10.000Z</time>
        <extensions>
          <ns3:TrackPointExtension>
            <ns3:hr>182</ns3:hr>
            <ns3:cad>0</ns3:cad>
          </ns3:TrackPointExtension>
        </extensions>
      </trkpt>
      <trkpt lat="43.72443459928035736083984375" lon="7.36027582548558712005615234375">
        <ele>111.59999847412109375</ele>
        <time>2026-07-07T04:50:11.000Z</time>
        <extensions>
          <ns3:TrackPointExtension>
            <ns3:hr>181</ns3:hr>
            <ns3:cad>0</ns3:cad>
          </ns3:TrackPointExtension>
        </extensions>
      </trkpt>
      <trkpt lat="43.7244357727468013763427734375" lon="7.360284291207790374755859375">
        <ele>111.8000030517578125</ele>
        <time>2026-07-07T04:50:12.000Z</time>
        <extensions>
          <ns3:TrackPointExtension>
            <ns3:hr>181</ns3:hr>
            <ns3:cad>0</ns3:cad>
          </ns3:TrackPointExtension>
        </extensions>
      </trkpt>
      <trkpt lat="43.72443367727100849151611328125" lon="7.3603074252605438232421875">
        <ele>112.59999847412109375</ele>
        <time>2026-07-07T04:50:16.000Z</time>
        <extensions>
          <ns3:TrackPointExtension>
            <ns3:hr>181</ns3:hr>
            <ns3:cad>0</ns3:cad>
          </ns3:TrackPointExtension>
        </extensions>
      </trkpt>
      <trkpt lat="43.7244290672242641448974609375" lon="7.36032553017139434814453125">
        <ele>113</ele>
        <time>2026-07-07T04:50:18.000Z</time>
        <extensions>
          <ns3:TrackPointExtension>
            <ns3:hr>180</ns3:hr>
            <ns3:cad>0</ns3:cad>
          </ns3:TrackPointExtension>
        </extensions>
      </trkpt>
      <trkpt lat="43.72442915104329586029052734375" lon="7.3603786714375019073486328125">
        <ele>114</ele>
        <time>2026-07-07T04:50:23.000Z</time>
        <extensions>
          <ns3:TrackPointExtension>
            <ns3:hr>180</ns3:hr>
            <ns3:cad>0</ns3:cad>
          </ns3:TrackPointExtension>
        </extensions>
      </trkpt>
      <trkpt lat="43.72442898340523242950439453125" lon="7.3604135401546955108642578125">
        <ele>114.59999847412109375</ele>
        <time>2026-07-07T04:50:26.000Z</time>
        <extensions>
          <ns3:TrackPointExtension>
            <ns3:hr>180</ns3:hr>
            <ns3:cad>0</ns3:cad>
          </ns3:TrackPointExtension>
        </extensions>
      </trkpt>
      <trkpt lat="43.72442445717751979827880859375" lon="7.36043893732130527496337890625">
        <ele>115.1999969482421875</ele>
        <time>2026-07-07T04:50:29.000Z</time>
        <extensions>
          <ns3:TrackPointExtension>
            <ns3:hr>181</ns3:hr>
            <ns3:cad>41</ns3:cad>
          </ns3:TrackPointExtension>
        </extensions>
      </trkpt>
      <trkpt lat="43.72442496009171009063720703125" lon="7.36044446937739849090576171875">
        <ele>115.40000152587890625</ele>
        <time>2026-07-07T04:50:30.000Z</time>
        <extensions>
          <ns3:TrackPointExtension>
            <ns3:hr>181</ns3:hr>
            <ns3:cad>76</ns3:cad>
          </ns3:TrackPointExtension>
        </extensions>
      </trkpt>
      <trkpt lat="43.72442697174847126007080078125" lon="7.3604737222194671630859375">
        <ele>116.1999969482421875</ele>
        <time>2026-07-07T04:50:34.000Z</time>
        <extensions>
          <ns3:TrackPointExtension>
            <ns3:hr>181</ns3:hr>
            <ns3:cad>76</ns3:cad>
          </ns3:TrackPointExtension>
        </extensions>
      </trkpt>
      <trkpt lat="43.7244285643100738525390625" lon="7.3605235107243061065673828125">
        <ele>117.40000152587890625</ele>
        <time>2026-07-07T04:50:39.000Z</time>
        <extensions>
          <ns3:TrackPointExtension>
            <ns3:hr>181</ns3:hr>
            <ns3:cad>0</ns3:cad>
          </ns3:TrackPointExtension>
        </extensions>
      </trkpt>
      <trkpt lat="43.7244381196796894073486328125" lon="7.36056692898273468017578125">
        <ele>118.59999847412109375</ele>
        <time>2026-07-07T04:50:44.000Z</time>
        <extensions>
          <ns3:TrackPointExtension>
            <ns3:hr>181</ns3:hr>
            <ns3:cad>0</ns3:cad>
          </ns3:TrackPointExtension>
        </extensions>
      </trkpt>
      <trkpt lat="43.7244465015828609466552734375" lon="7.36058838665485382080078125">
        <ele>118.8000030517578125</ele>
        <time>2026-07-07T04:50:46.000Z</time>
        <extensions>
          <ns3:TrackPointExtension>
            <ns3:hr>181</ns3:hr>
            <ns3:cad>0</ns3:cad>
          </ns3:TrackPointExtension>
        </extensions>
      </trkpt>
      <trkpt lat="43.7244500219821929931640625" lon="7.3606183938682079315185546875">
        <ele>119.59999847412109375</ele>
        <time>2026-07-07T04:50:49.000Z</time>
        <extensions>
          <ns3:TrackPointExtension>
            <ns3:hr>182</ns3:hr>
            <ns3:cad>0</ns3:cad>
          </ns3:TrackPointExtension>
        </extensions>
      </trkpt>
      <trkpt lat="43.72446234337985515594482421875" lon="7.36065200529992580413818359375">
        <ele>120.59999847412109375</ele>
        <time>2026-07-07T04:50:54.000Z</time>
        <extensions>
          <ns3:TrackPointExtension>
            <ns3:hr>183</ns3:hr>
            <ns3:cad>0</ns3:cad>
          </ns3:TrackPointExtension>
        </extensions>
      </trkpt>
      <trkpt lat="43.724476508796215057373046875" lon="7.36064630560576915740966796875">
        <ele>121.40000152587890625</ele>
        <time>2026-07-07T04:50:59.000Z</time>
        <extensions>
          <ns3:TrackPointExtension>
            <ns3:hr>184</ns3:hr>
            <ns3:cad>0</ns3:cad>
          </ns3:TrackPointExtension>
        </extensions>
      </trkpt>
      <trkpt lat="43.72448128648102283477783203125" lon="7.36066214740276336669921875">
        <ele>121.8000030517578125</ele>
        <time>2026-07-07T04:51:01.000Z</time>
        <extensions>
          <ns3:TrackPointExtension>
            <ns3:hr>184</ns3:hr>
            <ns3:cad>0</ns3:cad>
          </ns3:TrackPointExtension>
        </extensions>
      </trkpt>
      <trkpt lat="43.72447156347334384918212890625" lon="7.36071486957371234893798828125">
        <ele>122.59999847412109375</ele>
        <time>2026-07-07T04:51:06.000Z</time>
        <extensions>
          <ns3:TrackPointExtension>
            <ns3:hr>184</ns3:hr>
            <ns3:cad>0</ns3:cad>
          </ns3:TrackPointExtension>
        </extensions>
      </trkpt>
      <trkpt lat="43.724478520452976226806640625" lon="7.36075124703347682952880859375">
        <ele>122.8000030517578125</ele>
        <time>2026-07-07T04:51:09.000Z</time>
        <extensions>
          <ns3:TrackPointExtension>
            <ns3:hr>184</ns3:hr>
            <ns3:cad>76</ns3:cad>
          </ns3:TrackPointExtension>
        </extensions>
      </trkpt>
      <trkpt lat="43.72447592206299304962158203125" lon="7.360811345279216766357421875">
        <ele>124</ele>
        <time>2026-07-07T04:51:14.000Z</time>
        <extensions>
          <ns3:TrackPointExtension>
            <ns3:hr>184</ns3:hr>
            <ns3:cad>0</ns3:cad>
          </ns3:TrackPointExtension>
        </extensions>
      </trkpt>
      <trkpt lat="43.72447617352008819580078125" lon="7.36087278462946414947509765625">
        <ele>124.8000030517578125</ele>
        <time>2026-07-07T04:51:21.000Z</time>
        <extensions>
          <ns3:TrackPointExtension>
            <ns3:hr>184</ns3:hr>
            <ns3:cad>0</ns3:cad>
          </ns3:TrackPointExtension>
        </extensions>
      </trkpt>
      <trkpt lat="43.72447625733911991119384765625" lon="7.36087949015200138092041015625">
        <ele>125.1999969482421875</ele>
        <time>2026-07-07T04:51:22.000Z</time>
        <extensions>
          <ns3:TrackPointExtension>
            <ns3:hr>184</ns3:hr>
            <ns3:cad>0</ns3:cad>
          </ns3:TrackPointExtension>
        </extensions>
      </trkpt>
      <trkpt lat="43.72448564507067203521728515625" lon="7.36093011684715747833251953125">
        <ele>126.40000152587890625</ele>
        <time>2026-07-07T04:51:27.000Z</time>
        <extensions>
          <ns3:TrackPointExtension>
            <ns3:hr>185</ns3:hr>
            <ns3:cad>0</ns3:cad>
          </ns3:TrackPointExtension>
        </extensions>
      </trkpt>
      <trkpt lat="43.72450022958219051361083984375" lon="7.360981665551662445068359375">
        <ele>126.8000030517578125</ele>
        <time>2026-07-07T04:51:31.000Z</time>
        <extensions>
          <ns3:TrackPointExtension>
            <ns3:hr>185</ns3:hr>
            <ns3:cad>0</ns3:cad>
          </ns3:TrackPointExtension>
        </extensions>
      </trkpt>
      <trkpt lat="43.72450492344796657562255859375" lon="7.36101510934531688690185546875">
        <ele>127.40000152587890625</ele>
        <time>2026-07-07T04:51:34.000Z</time>
        <extensions>
          <ns3:TrackPointExtension>
            <ns3:hr>186</ns3:hr>
            <ns3:cad>0</ns3:cad>
          </ns3:TrackPointExtension>
        </extensions>
      </trkpt>
      <trkpt lat="43.7245199270546436309814453125" lon="7.36105249263346195220947265625">
        <ele>128.600006103515625</ele>
        <time>2026-07-07T04:51:38.000Z</time>
        <extensions>
          <ns3:TrackPointExtension>
            <ns3:hr>187</ns3:hr>
            <ns3:cad>76</ns3:cad>
          </ns3:TrackPointExtension>
        </extensions>
      </trkpt>
      <trkpt lat="43.7245232798159122467041015625" lon="7.36106355674564838409423828125">
        <ele>128.8000030517578125</ele>
        <time>2026-07-07T04:51:39.000Z</time>
        <extensions>
          <ns3:TrackPointExtension>
            <ns3:hr>187</ns3:hr>
            <ns3:cad>70</ns3:cad>
          </ns3:TrackPointExtension>
        </extensions>
      </trkpt>
      <trkpt lat="43.724510706961154937744140625" lon="7.361109741032123565673828125">
        <ele>129.8000030517578125</ele>
        <time>2026-07-07T04:51:43.000Z</time>
        <extensions>
          <ns3:TrackPointExtension>
            <ns3:hr>187</ns3:hr>
            <ns3:cad>70</ns3:cad>
          </ns3:TrackPointExtension>
        </extensions>
      </trkpt>
      <trkpt lat="43.72450727038085460662841796875" lon="7.3611281812191009521484375">
        <ele>130</ele>
        <time>2026-07-07T04:51:45.000Z</time>
        <extensions>
          <ns3:TrackPointExtension>
            <ns3:hr>186</ns3:hr>
            <ns3:cad>0</ns3:cad>
          </ns3:TrackPointExtension>
        </extensions>
      </trkpt>
      <trkpt lat="43.724516071379184722900390625" lon="7.3611581884324550628662109375">
        <ele>130.8000030517578125</ele>
        <time>2026-07-07T04:51:50.000Z</time>
        <extensions>
          <ns3:TrackPointExtension>
            <ns3:hr>186</ns3:hr>
            <ns3:cad>0</ns3:cad>
          </ns3:TrackPointExtension>
        </extensions>
      </trkpt>
      <trkpt lat="43.72451783157885074615478515625" lon="7.36115424893796443939208984375">
        <ele>131</ele>
        <time>2026-07-07T04:51:51.000Z</time>
        <extensions>
          <ns3:TrackPointExtension>
            <ns3:hr>186</ns3:hr>
            <ns3:cad>0</ns3:cad>
          </ns3:TrackPointExtension>
        </extensions>
      </trkpt>
      <trkpt lat="43.72454532422125339508056640625" lon="7.36113698221743106842041015625">
        <ele>131.8000030517578125</ele>
        <time>2026-07-07T04:51:55.000Z</time>
        <extensions>
          <ns3:TrackPointExtension>
            <ns3:hr>186</ns3:hr>
            <ns3:cad>0</ns3:cad>
          </ns3:TrackPointExtension>
        </extensions>
      </trkpt>
      <trkpt lat="43.724550940096378326416015625" lon="7.361153997480869293212890625">
        <ele>132.1999969482421875</ele>
        <time>2026-07-07T04:51:57.000Z</time>
        <extensions>
          <ns3:TrackPointExtension>
            <ns3:hr>185</ns3:hr>
            <ns3:cad>0</ns3:cad>
          </ns3:TrackPointExtension>
        </extensions>
      </trkpt>
      <trkpt lat="43.72455052100121974945068359375" lon="7.3611783050000667572021484375">
        <ele>132.600006103515625</ele>
        <time>2026-07-07T04:51:59.000Z</time>
        <extensions>
          <ns3:TrackPointExtension>
            <ns3:hr>185</ns3:hr>
            <ns3:cad>0</ns3:cad>
          </ns3:TrackPointExtension>
        </extensions>
      </trkpt>
      <trkpt lat="43.724542893469333648681640625" lon="7.3611980862915515899658203125">
        <ele>133.399993896484375</ele>
        <time>2026-07-07T04:52:02.000Z</time>
        <extensions>
          <ns3:TrackPointExtension>
            <ns3:hr>185</ns3:hr>
            <ns3:cad>0</ns3:cad>
          </ns3:TrackPointExtension>
        </extensions>
      </trkpt>
      <trkpt lat="43.7245581485331058502197265625" lon="7.36121107824146747589111328125">
        <ele>134.1999969482421875</ele>
        <time>2026-07-07T04:52:08.000Z</time>
        <extensions>
          <ns3:TrackPointExtension>
            <ns3:hr>184</ns3:hr>
            <ns3:cad>0</ns3:cad>
          </ns3:TrackPointExtension>
        </extensions>
      </trkpt>
      <trkpt lat="43.72456393204629421234130859375" lon="7.36120202578604221343994140625">
        <ele>134.600006103515625</ele>
        <time>2026-07-07T04:52:09.000Z</time>
        <extensions>
          <ns3:TrackPointExtension>
            <ns3:hr>184</ns3:hr>
            <ns3:cad>0</ns3:cad>
          </ns3:TrackPointExtension>
        </extensions>
      </trkpt>
      <trkpt lat="43.724572397768497467041015625" lon="7.36117520369589328765869140625">
        <ele>135.399993896484375</ele>
        <time>2026-07-07T04:52:13.000Z</time>
        <extensions>
          <ns3:TrackPointExtension>
            <ns3:hr>184</ns3:hr>
            <ns3:cad>0</ns3:cad>
          </ns3:TrackPointExtension>
        </extensions>
      </trkpt>
      <trkpt lat="43.7245832942426204681396484375" lon="7.36113513819873332977294921875">
        <ele>135.8000030517578125</ele>
        <time>2026-07-07T04:52:17.000Z</time>
        <extensions>
          <ns3:TrackPointExtension>
            <ns3:hr>185</ns3:hr>
            <ns3:cad>0</ns3:cad>
          </ns3:TrackPointExtension>
        </extensions>
      </trkpt>
      <trkpt lat="43.7245936878025531768798828125" lon="7.36112742684781551361083984375">
        <ele>136</ele>
        <time>2026-07-07T04:52:19.000Z</time>
        <extensions>
          <ns3:TrackPointExtension>
            <ns3:hr>185</ns3:hr>
            <ns3:cad>0</ns3:cad>
          </ns3:TrackPointExtension>
        </extensions>
      </trkpt>
      <trkpt lat="43.72460491955280303955078125" lon="7.36116237938404083251953125">
        <ele>136.8000030517578125</ele>
        <time>2026-07-07T04:52:23.000Z</time>
        <extensions>
          <ns3:TrackPointExtension>
            <ns3:hr>185</ns3:hr>
            <ns3:cad>0</ns3:cad>
          </ns3:TrackPointExtension>
        </extensions>
      </trkpt>
      <trkpt lat="43.724597878754138946533203125" lon="7.3611870221793651580810546875">
        <ele>137.1999969482421875</ele>
        <time>2026-07-07T04:52:25.000Z</time>
        <extensions>
          <ns3:TrackPointExtension>
            <ns3:hr>185</ns3:hr>
            <ns3:cad>45</ns3:cad>
          </ns3:TrackPointExtension>
        </extensions>
      </trkpt>
      <trkpt lat="43.72459427453577518463134765625" lon="7.36121426336467266082763671875">
        <ele>138</ele>
        <time>2026-07-07T04:52:29.000Z</time>
        <extensions>
          <ns3:TrackPointExtension>
            <ns3:hr>185</ns3:hr>
            <ns3:cad>0</ns3:cad>
          </ns3:TrackPointExtension>
        </extensions>
      </trkpt>
      <trkpt lat="43.7246067635715007781982421875" lon="7.3612135089933872222900390625">
        <ele>138.1999969482421875</ele>
        <time>2026-07-07T04:52:32.000Z</time>
        <extensions>
          <ns3:TrackPointExtension>
            <ns3:hr>185</ns3:hr>
            <ns3:cad>0</ns3:cad>
          </ns3:TrackPointExtension>
        </extensions>
      </trkpt>
      <trkpt lat="43.72464439831674098968505859375" lon="7.36118576489388942718505859375">
        <ele>139.1999969482421875</ele>
        <time>2026-07-07T04:52:39.000Z</time>
        <extensions>
          <ns3:TrackPointExtension>
            <ns3:hr>186</ns3:hr>
            <ns3:cad>0</ns3:cad>
          </ns3:TrackPointExtension>
        </extensions>
      </trkpt>
      <trkpt lat="43.724647499620914459228515625" lon="7.36118249595165252685546875">
        <ele>139.399993896484375</ele>
        <time>2026-07-07T04:52:40.000Z</time>
        <extensions>
          <ns3:TrackPointExtension>
            <ns3:hr>186</ns3:hr>
            <ns3:cad>0</ns3:cad>
          </ns3:TrackPointExtension>
        </extensions>
      </trkpt>
      <trkpt lat="43.724649511277675628662109375" lon="7.361147962510585784912109375">
        <ele>140.399993896484375</ele>
        <time>2026-07-07T04:52:44.000Z</time>
        <extensions>
          <ns3:TrackPointExtension>
            <ns3:hr>185</ns3:hr>
            <ns3:cad>0</ns3:cad>
          </ns3:TrackPointExtension>
        </extensions>
      </trkpt>
      <trkpt lat="43.72465445660054683685302734375" lon="7.361103706061840057373046875">
        <ele>141.1999969482421875</ele>
        <time>2026-07-07T04:52:48.000Z</time>
        <extensions>
          <ns3:TrackPointExtension>
            <ns3:hr>185</ns3:hr>
            <ns3:cad>0</ns3:cad>
          </ns3:TrackPointExtension>
        </extensions>
      </trkpt>
      <trkpt lat="43.7246657721698284149169921875" lon="7.36109356395900249481201171875">
        <ele>141.600006103515625</ele>
        <time>2026-07-07T04:52:50.000Z</time>
        <extensions>
          <ns3:TrackPointExtension>
            <ns3:hr>185</ns3:hr>
            <ns3:cad>0</ns3:cad>
          </ns3:TrackPointExtension>
        </extensions>
      </trkpt>
      <trkpt lat="43.72468312270939350128173828125" lon="7.36111971549689769744873046875">
        <ele>142.399993896484375</ele>
        <time>2026-07-07T04:52:53.000Z</time>
        <extensions>
          <ns3:TrackPointExtension>
            <ns3:hr>185</ns3:hr>
            <ns3:cad>0</ns3:cad>
          </ns3:TrackPointExtension>
        </extensions>
      </trkpt>
      <trkpt lat="43.7246845476329326629638671875" lon="7.36113027669489383697509765625">
        <ele>142.600006103515625</ele>
        <time>2026-07-07T04:52:54.000Z</time>
        <extensions>
          <ns3:TrackPointExtension>
            <ns3:hr>185</ns3:hr>
            <ns3:cad>80</ns3:cad>
          </ns3:TrackPointExtension>
        </extensions>
      </trkpt>
      <trkpt lat="43.72469753958284854888916015625" lon="7.3612027801573276519775390625">
        <ele>143.8000030517578125</ele>
        <time>2026-07-07T04:53:00.000Z</time>
        <extensions>
          <ns3:TrackPointExtension>
            <ns3:hr>183</ns3:hr>
            <ns3:cad>0</ns3:cad>
          </ns3:TrackPointExtension>
        </extensions>
      </trkpt>
      <trkpt lat="43.72469183988869190216064453125" lon="7.36127327196300029754638671875">
        <ele>144.8000030517578125</ele>
        <time>2026-07-07T04:53:05.000Z</time>
        <extensions>
          <ns3:TrackPointExtension>
            <ns3:hr>184</ns3:hr>
            <ns3:cad>0</ns3:cad>
          </ns3:TrackPointExtension>
        </extensions>
      </trkpt>
      <trkpt lat="43.72468899004161357879638671875" lon="7.36130193807184696197509765625">
        <ele>145.1999969482421875</ele>
        <time>2026-07-07T04:53:07.000Z</time>
        <extensions>
          <ns3:TrackPointExtension>
            <ns3:hr>184</ns3:hr>
            <ns3:cad>0</ns3:cad>
          </ns3:TrackPointExtension>
        </extensions>
      </trkpt>
      <trkpt lat="43.72469351626932621002197265625" lon="7.36133865080773830413818359375">
        <ele>145.8000030517578125</ele>
        <time>2026-07-07T04:53:10.000Z</time>
        <extensions>
          <ns3:TrackPointExtension>
            <ns3:hr>184</ns3:hr>
            <ns3:cad>78</ns3:cad>
          </ns3:TrackPointExtension>
        </extensions>
      </trkpt>
      <trkpt lat="43.72472587041556835174560546875" lon="7.3613848350942134857177734375">
        <ele>146.8000030517578125</ele>
        <time>2026-07-07T04:53:15.000Z</time>
        <extensions>
          <ns3:TrackPointExtension>
            <ns3:hr>186</ns3:hr>
            <ns3:cad>75</ns3:cad>
          </ns3:TrackPointExtension>
        </extensions>
      </trkpt>
      <trkpt lat="43.724732659757137298583984375" lon="7.3613955639302730560302734375">
        <ele>147</ele>
        <time>2026-07-07T04:53:16.000Z</time>
        <extensions>
          <ns3:TrackPointExtension>
            <ns3:hr>186</ns3:hr>
            <ns3:cad>75</ns3:cad>
          </ns3:TrackPointExtension>
        </extensions>
      </trkpt>
      <trkpt lat="43.7247646786272525787353515625" lon="7.36146220006048679351806640625">
        <ele>148</ele>
        <time>2026-07-07T04:53:22.000Z</time>
        <extensions>
          <ns3:TrackPointExtension>
            <ns3:hr>187</ns3:hr>
            <ns3:cad>0</ns3:cad>
          </ns3:TrackPointExtension>
        </extensions>
      </trkpt>
      <trkpt lat="43.72475788928568363189697265625" lon="7.36148969270288944244384765625">
        <ele>148.1999969482421875</ele>
        <time>2026-07-07T04:53:24.000Z</time>
        <extensions>
          <ns3:TrackPointExtension>
            <ns3:hr>187</ns3:hr>
            <ns3:cad>0</ns3:cad>
          </ns3:TrackPointExtension>
        </extensions>
      </trkpt>
      <trkpt lat="43.724733330309391021728515625" lon="7.36157954670488834381103515625">
        <ele>149.1999969482421875</ele>
        <time>2026-07-07T04:53:31.000Z</time>
        <extensions>
          <ns3:TrackPointExtension>
            <ns3:hr>187</ns3:hr>
            <ns3:cad>0</ns3:cad>
          </ns3:TrackPointExtension>
        </extensions>
      </trkpt>
      <trkpt lat="43.72473961673676967620849609375" lon="7.3615937121212482452392578125">
        <ele>149.399993896484375</ele>
        <time>2026-07-07T04:53:32.000Z</time>
        <extensions>
          <ns3:TrackPointExtension>
            <ns3:hr>187</ns3:hr>
            <ns3:cad>0</ns3:cad>
          </ns3:TrackPointExtension>
        </extensions>
      </trkpt>
      <trkpt lat="43.72475420124828815460205078125" lon="7.3616450093686580657958984375">
        <ele>150.1999969482421875</ele>
        <time>2026-07-07T04:53:37.000Z</time>
        <extensions>
          <ns3:TrackPointExtension>
            <ns3:hr>187</ns3:hr>
            <ns3:cad>0</ns3:cad>
          </ns3:TrackPointExtension>
        </extensions>
      </trkpt>
      <trkpt lat="43.72476157732307910919189453125" lon="7.3616590909659862518310546875">
        <ele>150.600006103515625</ele>
        <time>2026-07-07T04:53:39.000Z</time>
        <extensions>
          <ns3:TrackPointExtension>
            <ns3:hr>186</ns3:hr>
            <ns3:cad>0</ns3:cad>
          </ns3:TrackPointExtension>
        </extensions>
      </trkpt>
      <trkpt lat="43.72476627118885517120361328125" lon="7.3616704903542995452880859375">
        <ele>150.8000030517578125</ele>
        <time>2026-07-07T04:53:40.000Z</time>
        <extensions>
          <ns3:TrackPointExtension>
            <ns3:hr>185</ns3:hr>
            <ns3:cad>0</ns3:cad>
          </ns3:TrackPointExtension>
        </extensions>
      </trkpt>
      <trkpt lat="43.72478890232741832733154296875" lon="7.3617512919008731842041015625">
        <ele>151.600006103515625</ele>
        <time>2026-07-07T04:53:47.000Z</time>
        <extensions>
          <ns3:TrackPointExtension>
            <ns3:hr>183</ns3:hr>
            <ns3:cad>43</ns3:cad>
          </ns3:TrackPointExtension>
        </extensions>
      </trkpt>
      <trkpt lat="43.7248029001057147979736328125" lon="7.361776940524578094482421875">
        <ele>152.1999969482421875</ele>
        <time>2026-07-07T04:53:49.000Z</time>
        <extensions>
          <ns3:TrackPointExtension>
            <ns3:hr>182</ns3:hr>
            <ns3:cad>43</ns3:cad>
          </ns3:TrackPointExtension>
        </extensions>
      </trkpt>
      <trkpt lat="43.72481522150337696075439453125" lon="7.3618121445178985595703125">
        <ele>152.8000030517578125</ele>
        <time>2026-07-07T04:53:52.000Z</time>
        <extensions>
          <ns3:TrackPointExtension>
            <ns3:hr>181</ns3:hr>
            <ns3:cad>0</ns3:cad>
          </ns3:TrackPointExtension>
        </extensions>
      </trkpt>
      <trkpt lat="43.724825195968151092529296875" lon="7.36186285503208637237548828125">
        <ele>153.600006103515625</ele>
        <time>2026-07-07T04:53:56.000Z</time>
        <extensions>
          <ns3:TrackPointExtension>
            <ns3:hr>180</ns3:hr>
            <ns3:cad>0</ns3:cad>
          </ns3:TrackPointExtension>
        </extensions>
      </trkpt>
      <trkpt lat="43.7248277105391025543212890625" lon="7.36187241040170192718505859375">
        <ele>153.8000030517578125</ele>
        <time>2026-07-07T04:53:57.000Z</time>
        <extensions>
          <ns3:TrackPointExtension>
            <ns3:hr>180</ns3:hr>
            <ns3:cad>0</ns3:cad>
          </ns3:TrackPointExtension>
        </extensions>
      </trkpt>
      <trkpt lat="43.72486568056046962738037109375" lon="7.3619387112557888031005859375">
        <ele>155</ele>
        <time>2026-07-07T04:54:03.000Z</time>
        <extensions>
          <ns3:TrackPointExtension>
            <ns3:hr>180</ns3:hr>
            <ns3:cad>0</ns3:cad>
          </ns3:TrackPointExtension>
        </extensions>
      </trkpt>
      <trkpt lat="43.72489367611706256866455078125" lon="7.3619838058948516845703125">
        <ele>155.399993896484375</ele>
        <time>2026-07-07T04:54:07.000Z</time>
        <extensions>
          <ns3:TrackPointExtension>
            <ns3:hr>180</ns3:hr>
            <ns3:cad>0</ns3:cad>
          </ns3:TrackPointExtension>
        </extensions>
      </trkpt>
      <trkpt lat="43.7249100208282470703125" lon="7.36201222054660320281982421875">
        <ele>156.1999969482421875</ele>
        <time>2026-07-07T04:54:11.000Z</time>
        <extensions>
          <ns3:TrackPointExtension>
            <ns3:hr>180</ns3:hr>
            <ns3:cad>44</ns3:cad>
          </ns3:TrackPointExtension>
        </extensions>
      </trkpt>
      <trkpt lat="43.72491060756146907806396484375" lon="7.3620347678661346435546875">
        <ele>157.1999969482421875</ele>
        <time>2026-07-07T04:54:15.000Z</time>
        <extensions>
          <ns3:TrackPointExtension>
            <ns3:hr>180</ns3:hr>
            <ns3:cad>0</ns3:cad>
          </ns3:TrackPointExtension>
        </extensions>
      </trkpt>
      <trkpt lat="43.7249071709811687469482421875" lon="7.3620443232357501983642578125">
        <ele>157.399993896484375</ele>
        <time>2026-07-07T04:54:16.000Z</time>
        <extensions>
          <ns3:TrackPointExtension>
            <ns3:hr>180</ns3:hr>
            <ns3:cad>0</ns3:cad>
          </ns3:TrackPointExtension>
        </extensions>
      </trkpt>
      <trkpt lat="43.72490205802023410797119140625" lon="7.3620884120464324951171875">
        <ele>157.8000030517578125</ele>
        <time>2026-07-07T04:54:21.000Z</time>
        <extensions>
          <ns3:TrackPointExtension>
            <ns3:hr>181</ns3:hr>
            <ns3:cad>0</ns3:cad>
          </ns3:TrackPointExtension>
        </extensions>
      </trkpt>
      <trkpt lat="43.72490926645696163177490234375" lon="7.3621304892003536224365234375">
        <ele>158.399993896484375</ele>
        <time>2026-07-07T04:54:25.000Z</time>
        <extensions>
          <ns3:TrackPointExtension>
            <ns3:hr>181</ns3:hr>
            <ns3:cad>71</ns3:cad>
          </ns3:TrackPointExtension>
        </extensions>
      </trkpt>
      <trkpt lat="43.72492183931171894073486328125" lon="7.36217097379267215728759765625">
        <ele>159.1999969482421875</ele>
        <time>2026-07-07T04:54:29.000Z</time>
        <extensions>
          <ns3:TrackPointExtension>
            <ns3:hr>182</ns3:hr>
            <ns3:cad>71</ns3:cad>
          </ns3:TrackPointExtension>
        </extensions>
      </trkpt>
      <trkpt lat="43.7249199114739894866943359375" lon="7.36219109036028385162353515625">
        <ele>159.600006103515625</ele>
        <time>2026-07-07T04:54:31.000Z</time>
        <extensions>
          <ns3:TrackPointExtension>
            <ns3:hr>182</ns3:hr>
            <ns3:cad>0</ns3:cad>
          </ns3:TrackPointExtension>
        </extensions>
      </trkpt>
      <trkpt lat="43.72490406967699527740478515625" lon="7.362222187221050262451171875">
        <ele>160.1999969482421875</ele>
        <time>2026-07-07T04:54:36.000Z</time>
        <extensions>
          <ns3:TrackPointExtension>
            <ns3:hr>182</ns3:hr>
            <ns3:cad>0</ns3:cad>
          </ns3:TrackPointExtension>
        </extensions>
      </trkpt>
      <trkpt lat="43.7248981185257434844970703125" lon="7.36224892549216747283935546875">
        <ele>160.600006103515625</ele>
        <time>2026-07-07T04:54:39.000Z</time>
        <extensions>
          <ns3:TrackPointExtension>
            <ns3:hr>182</ns3:hr>
            <ns3:cad>0</ns3:cad>
          </ns3:TrackPointExtension>
        </extensions>
      </trkpt>
      <trkpt lat="43.72490624897181987762451171875" lon="7.36227826215326786041259765625">
        <ele>161.600006103515625</ele>
        <time>2026-07-07T04:54:43.000Z</time>
        <extensions>
          <ns3:TrackPointExtension>
            <ns3:hr>183</ns3:hr>
            <ns3:cad>0</ns3:cad>
          </ns3:TrackPointExtension>
        </extensions>
      </trkpt>
      <trkpt lat="43.7249024771153926849365234375" lon="7.36229821108281612396240234375">
        <ele>161.8000030517578125</ele>
        <time>2026-07-07T04:54:45.000Z</time>
        <extensions>
          <ns3:TrackPointExtension>
            <ns3:hr>184</ns3:hr>
            <ns3:cad>0</ns3:cad>
          </ns3:TrackPointExtension>
        </extensions>
      </trkpt>
      <trkpt lat="43.72490306384861469268798828125" lon="7.36236727796494960784912109375">
        <ele>162.8000030517578125</ele>
        <time>2026-07-07T04:54:51.000Z</time>
        <extensions>
          <ns3:TrackPointExtension>
            <ns3:hr>184</ns3:hr>
            <ns3:cad>0</ns3:cad>
          </ns3:TrackPointExtension>
        </extensions>
      </trkpt>
      <trkpt lat="43.7249065004289150238037109375" lon="7.36237633042037487030029296875">
        <ele>163</ele>
        <time>2026-07-07T04:54:52.000Z</time>
        <extensions>
          <ns3:TrackPointExtension>
            <ns3:hr>184</ns3:hr>
            <ns3:cad>0</ns3:cad>
          </ns3:TrackPointExtension>
        </extensions>
      </trkpt>
      <trkpt lat="43.7249101884663105010986328125" lon="7.36243517138063907623291015625">
        <ele>164.399993896484375</ele>
        <time>2026-07-07T04:54:57.000Z</time>
        <extensions>
          <ns3:TrackPointExtension>
            <ns3:hr>185</ns3:hr>
            <ns3:cad>0</ns3:cad>
          </ns3:TrackPointExtension>
        </extensions>
      </trkpt>
      <trkpt lat="43.7249101884663105010986328125" lon="7.362451851367950439453125">
        <ele>164.600006103515625</ele>
        <time>2026-07-07T04:54:59.000Z</time>
        <extensions>
          <ns3:TrackPointExtension>
            <ns3:hr>185</ns3:hr>
            <ns3:cad>0</ns3:cad>
          </ns3:TrackPointExtension>
        </extensions>
      </trkpt>
      <trkpt lat="43.7249167263507843017578125" lon="7.36250189132988452911376953125">
        <ele>165.600006103515625</ele>
        <time>2026-07-07T04:55:04.000Z</time>
        <extensions>
          <ns3:TrackPointExtension>
            <ns3:hr>185</ns3:hr>
            <ns3:cad>0</ns3:cad>
          </ns3:TrackPointExtension>
        </extensions>
      </trkpt>
      <trkpt lat="43.72491496615111827850341796875" lon="7.3625160567462444305419921875">
        <ele>166.399993896484375</ele>
        <time>2026-07-07T04:55:07.000Z</time>
        <extensions>
          <ns3:TrackPointExtension>
            <ns3:hr>186</ns3:hr>
            <ns3:cad>0</ns3:cad>
          </ns3:TrackPointExtension>
        </extensions>
      </trkpt>
      <trkpt lat="43.7249225936830043792724609375" lon="7.3625220917165279388427734375">
        <ele>166.8000030517578125</ele>
        <time>2026-07-07T04:55:09.000Z</time>
        <extensions>
          <ns3:TrackPointExtension>
            <ns3:hr>186</ns3:hr>
            <ns3:cad>0</ns3:cad>
          </ns3:TrackPointExtension>
        </extensions>
      </trkpt>
      <trkpt lat="43.72495268471539020538330078125" lon="7.3625224269926548004150390625">
        <ele>167.399993896484375</ele>
        <time>2026-07-07T04:55:13.000Z</time>
        <extensions>
          <ns3:TrackPointExtension>
            <ns3:hr>187</ns3:hr>
            <ns3:cad>0</ns3:cad>
          </ns3:TrackPointExtension>
        </extensions>
      </trkpt>
      <trkpt lat="43.7249668501317501068115234375" lon="7.3625110276043415069580078125">
        <ele>168</ele>
        <time>2026-07-07T04:55:16.000Z</time>
        <extensions>
          <ns3:TrackPointExtension>
            <ns3:hr>187</ns3:hr>
            <ns3:cad>69</ns3:cad>
          </ns3:TrackPointExtension>
        </extensions>
      </trkpt>
      <trkpt lat="43.725010938942432403564453125" lon="7.36249334178864955902099609375">
        <ele>168.8000030517578125</ele>
        <time>2026-07-07T04:55:20.000Z</time>
        <extensions>
          <ns3:TrackPointExtension>
            <ns3:hr>187</ns3:hr>
            <ns3:cad>0</ns3:cad>
          </ns3:TrackPointExtension>
        </extensions>
      </trkpt>
      <trkpt lat="43.7250248529016971588134765625" lon="7.362483032047748565673828125">
        <ele>169</ele>
        <time>2026-07-07T04:55:22.000Z</time>
        <extensions>
          <ns3:TrackPointExtension>
            <ns3:hr>188</ns3:hr>
            <ns3:cad>0</ns3:cad>
          </ns3:TrackPointExtension>
        </extensions>
      </trkpt>
      <trkpt lat="43.72503465972840785980224609375" lon="7.362510859966278076171875">
        <ele>169.1999969482421875</ele>
        <time>2026-07-07T04:55:25.000Z</time>
        <extensions>
          <ns3:TrackPointExtension>
            <ns3:hr>188</ns3:hr>
            <ns3:cad>0</ns3:cad>
          </ns3:TrackPointExtension>
        </extensions>
      </trkpt>
      <trkpt lat="43.72501806356012821197509765625" lon="7.36259023658931255340576171875">
        <ele>170.1999969482421875</ele>
        <time>2026-07-07T04:55:31.000Z</time>
        <extensions>
          <ns3:TrackPointExtension>
            <ns3:hr>187</ns3:hr>
            <ns3:cad>0</ns3:cad>
          </ns3:TrackPointExtension>
        </extensions>
      </trkpt>
      <trkpt lat="43.725014291703701019287109375" lon="7.36259727738797664642333984375">
        <ele>170.1999969482421875</ele>
        <time>2026-07-07T04:55:32.000Z</time>
        <extensions>
          <ns3:TrackPointExtension>
            <ns3:hr>187</ns3:hr>
            <ns3:cad>0</ns3:cad>
          </ns3:TrackPointExtension>
        </extensions>
      </trkpt>
      <trkpt lat="43.72499627061188220977783203125" lon="7.362648658454418182373046875">
        <ele>170.8000030517578125</ele>
        <time>2026-07-07T04:55:37.000Z</time>
        <extensions>
          <ns3:TrackPointExtension>
            <ns3:hr>187</ns3:hr>
            <ns3:cad>0</ns3:cad>
          </ns3:TrackPointExtension>
        </extensions>
      </trkpt>
      <trkpt lat="43.72499518096446990966796875" lon="7.3626676015555858612060546875">
        <ele>171.1999969482421875</ele>
        <time>2026-07-07T04:55:39.000Z</time>
        <extensions>
          <ns3:TrackPointExtension>
            <ns3:hr>187</ns3:hr>
            <ns3:cad>0</ns3:cad>
          </ns3:TrackPointExtension>
        </extensions>
      </trkpt>
      <trkpt lat="43.72497506439685821533203125" lon="7.36272300593554973602294921875">
        <ele>172.1999969482421875</ele>
        <time>2026-07-07T04:55:45.000Z</time>
        <extensions>
          <ns3:TrackPointExtension>
            <ns3:hr>184</ns3:hr>
            <ns3:cad>77</ns3:cad>
          </ns3:TrackPointExtension>
        </extensions>
      </trkpt>
      <trkpt lat="43.72496391646564006805419921875" lon="7.3627893067896366119384765625">
        <ele>173.1999969482421875</ele>
        <time>2026-07-07T04:55:52.000Z</time>
        <extensions>
          <ns3:TrackPointExtension>
            <ns3:hr>184</ns3:hr>
            <ns3:cad>0</ns3:cad>
          </ns3:TrackPointExtension>
        </extensions>
      </trkpt>
      <trkpt lat="43.724967353045940399169921875" lon="7.36279391683638095855712890625">
        <ele>173.600006103515625</ele>
        <time>2026-07-07T04:55:54.000Z</time>
        <extensions>
          <ns3:TrackPointExtension>
            <ns3:hr>183</ns3:hr>
            <ns3:cad>79</ns3:cad>
          </ns3:TrackPointExtension>
        </extensions>
      </trkpt>
      <trkpt lat="43.72498637996613979339599609375" lon="7.36279559321701526641845703125">
        <ele>173.8000030517578125</ele>
        <time>2026-07-07T04:55:56.000Z</time>
        <extensions>
          <ns3:TrackPointExtension>
            <ns3:hr>183</ns3:hr>
            <ns3:cad>79</ns3:cad>
          </ns3:TrackPointExtension>
        </extensions>
      </trkpt>
      <trkpt lat="43.7250106036663055419921875" lon="7.36280330456793308258056640625">
        <ele>174.399993896484375</ele>
        <time>2026-07-07T04:55:58.000Z</time>
        <extensions>
          <ns3:TrackPointExtension>
            <ns3:hr>183</ns3:hr>
            <ns3:cad>79</ns3:cad>
          </ns3:TrackPointExtension>
        </extensions>
      </trkpt>
      <trkpt lat="43.72501529753208160400390625" lon="7.362818308174610137939453125">
        <ele>175</ele>
        <time>2026-07-07T04:56:00.000Z</time>
        <extensions>
          <ns3:TrackPointExtension>
            <ns3:hr>182</ns3:hr>
            <ns3:cad>0</ns3:cad>
          </ns3:TrackPointExtension>
        </extensions>
      </trkpt>
      <trkpt lat="43.7250094301998615264892578125" lon="7.3628577031195163726806640625">
        <ele>175.600006103515625</ele>
        <time>2026-07-07T04:56:03.000Z</time>
        <extensions>
          <ns3:TrackPointExtension>
            <ns3:hr>182</ns3:hr>
            <ns3:cad>0</ns3:cad>
          </ns3:TrackPointExtension>
        </extensions>
      </trkpt>
      <trkpt lat="43.72500121593475341796875" lon="7.362893410027027130126953125">
        <ele>175.8000030517578125</ele>
        <time>2026-07-07T04:56:05.000Z</time>
        <extensions>
          <ns3:TrackPointExtension>
            <ns3:hr>182</ns3:hr>
            <ns3:cad>0</ns3:cad>
          </ns3:TrackPointExtension>
        </extensions>
      </trkpt>
      <trkpt lat="43.724997527897357940673828125" lon="7.3629016242921352386474609375">
        <ele>176</ele>
        <time>2026-07-07T04:56:06.000Z</time>
        <extensions>
          <ns3:TrackPointExtension>
            <ns3:hr>182</ns3:hr>
            <ns3:cad>0</ns3:cad>
          </ns3:TrackPointExtension>
        </extensions>
      </trkpt>
      <trkpt lat="43.72499275021255016326904296875" lon="7.36293322406709194183349609375">
        <ele>176.600006103515625</ele>
        <time>2026-07-07T04:56:09.000Z</time>
        <extensions>
          <ns3:TrackPointExtension>
            <ns3:hr>182</ns3:hr>
            <ns3:cad>0</ns3:cad>
          </ns3:TrackPointExtension>
        </extensions>
      </trkpt>
      <trkpt lat="43.72496861033141613006591796875" lon="7.3629520833492279052734375">
        <ele>177.600006103515625</ele>
        <time>2026-07-07T04:56:13.000Z</time>
        <extensions>
          <ns3:TrackPointExtension>
            <ns3:hr>182</ns3:hr>
            <ns3:cad>0</ns3:cad>
          </ns3:TrackPointExtension>
        </extensions>
      </trkpt>
      <trkpt lat="43.72497045435011386871337890625" lon="7.36296792514622211456298828125">
        <ele>177.600006103515625</ele>
        <time>2026-07-07T04:56:14.000Z</time>
        <extensions>
          <ns3:TrackPointExtension>
            <ns3:hr>182</ns3:hr>
            <ns3:cad>41</ns3:cad>
          </ns3:TrackPointExtension>
        </extensions>
      </trkpt>
      <trkpt lat="43.7249789200723171234130859375" lon="7.36298569478094577789306640625">
        <ele>177.8000030517578125</ele>
        <time>2026-07-07T04:56:15.000Z</time>
        <extensions>
          <ns3:TrackPointExtension>
            <ns3:hr>183</ns3:hr>
            <ns3:cad>41</ns3:cad>
          </ns3:TrackPointExtension>
        </extensions>
      </trkpt>
      <trkpt lat="43.72498872689902782440185546875" lon="7.36301335506141185760498046875">
        <ele>178.1999969482421875</ele>
        <time>2026-07-07T04:56:17.000Z</time>
        <extensions>
          <ns3:TrackPointExtension>
            <ns3:hr>184</ns3:hr>
            <ns3:cad>0</ns3:cad>
          </ns3:TrackPointExtension>
        </extensions>
      </trkpt>
      <trkpt lat="43.72499006800353527069091796875" lon="7.363044954836368560791015625">
        <ele>178.399993896484375</ele>
        <time>2026-07-07T04:56:19.000Z</time>
        <extensions>
          <ns3:TrackPointExtension>
            <ns3:hr>185</ns3:hr>
            <ns3:cad>0</ns3:cad>
          </ns3:TrackPointExtension>
        </extensions>
      </trkpt>
      <trkpt lat="43.7249805964529514312744140625" lon="7.36308141611516475677490234375">
        <ele>179</ele>
        <time>2026-07-07T04:56:22.000Z</time>
        <extensions>
          <ns3:TrackPointExtension>
            <ns3:hr>186</ns3:hr>
            <ns3:cad>0</ns3:cad>
          </ns3:TrackPointExtension>
        </extensions>
      </trkpt>
      <trkpt lat="43.724970035254955291748046875" lon="7.36309432424604892730712890625">
        <ele>179.399993896484375</ele>
        <time>2026-07-07T04:56:24.000Z</time>
        <extensions>
          <ns3:TrackPointExtension>
            <ns3:hr>186</ns3:hr>
            <ns3:cad>0</ns3:cad>
          </ns3:TrackPointExtension>
        </extensions>
      </trkpt>
      <trkpt lat="43.724968023598194122314453125" lon="7.36310639418661594390869140625">
        <ele>180.1999969482421875</ele>
        <time>2026-07-07T04:56:28.000Z</time>
        <extensions>
          <ns3:TrackPointExtension>
            <ns3:hr>186</ns3:hr>
            <ns3:cad>0</ns3:cad>
          </ns3:TrackPointExtension>
        </extensions>
      </trkpt>
      <trkpt lat="43.724963665008544921875" lon="7.363096587359905242919921875">
        <ele>180.399993896484375</ele>
        <time>2026-07-07T04:56:30.000Z</time>
        <extensions>
          <ns3:TrackPointExtension>
            <ns3:hr>186</ns3:hr>
            <ns3:cad>0</ns3:cad>
          </ns3:TrackPointExtension>
        </extensions>
      </trkpt>
      <trkpt lat="43.72497749514877796173095703125" lon="7.36312575638294219970703125">
        <ele>181.1999969482421875</ele>
        <time>2026-07-07T04:56:35.000Z</time>
        <extensions>
          <ns3:TrackPointExtension>
            <ns3:hr>185</ns3:hr>
            <ns3:cad>0</ns3:cad>
          </ns3:TrackPointExtension>
        </extensions>
      </trkpt>
      <trkpt lat="43.72496894560754299163818359375" lon="7.36316867172718048095703125">
        <ele>182</ele>
        <time>2026-07-07T04:56:39.000Z</time>
        <extensions>
          <ns3:TrackPointExtension>
            <ns3:hr>185</ns3:hr>
            <ns3:cad>0</ns3:cad>
          </ns3:TrackPointExtension>
        </extensions>
      </trkpt>
      <trkpt lat="43.7249645031988620758056640625" lon="7.36319121904671192169189453125">
        <ele>182.399993896484375</ele>
        <time>2026-07-07T04:56:41.000Z</time>
        <extensions>
          <ns3:TrackPointExtension>
            <ns3:hr>185</ns3:hr>
            <ns3:cad>77</ns3:cad>
          </ns3:TrackPointExtension>
        </extensions>
      </trkpt>
      <trkpt lat="43.72495226562023162841796875" lon="7.3632261715829372406005859375">
        <ele>183.1999969482421875</ele>
        <time>2026-07-07T04:56:45.000Z</time>
        <extensions>
          <ns3:TrackPointExtension>
            <ns3:hr>186</ns3:hr>
            <ns3:cad>0</ns3:cad>
          </ns3:TrackPointExtension>
        </extensions>
      </trkpt>
      <trkpt lat="43.72494514100253582000732421875" lon="7.36323597840964794158935546875">
        <ele>183.399993896484375</ele>
        <time>2026-07-07T04:56:46.000Z</time>
        <extensions>
          <ns3:TrackPointExtension>
            <ns3:hr>187</ns3:hr>
            <ns3:cad>0</ns3:cad>
          </ns3:TrackPointExtension>
        </extensions>
      </trkpt>
      <trkpt lat="43.7249410338699817657470703125" lon="7.36327059566974639892578125">
        <ele>184.600006103515625</ele>
        <time>2026-07-07T04:56:51.000Z</time>
        <extensions>
          <ns3:TrackPointExtension>
            <ns3:hr>187</ns3:hr>
            <ns3:cad>0</ns3:cad>
          </ns3:TrackPointExtension>
        </extensions>
      </trkpt>
      <trkpt lat="43.72497531585395336151123046875" lon="7.36325408332049846649169921875">
        <ele>185</ele>
        <time>2026-07-07T04:56:57.000Z</time>
        <extensions>
          <ns3:TrackPointExtension>
            <ns3:hr>186</ns3:hr>
            <ns3:cad>0</ns3:cad>
          </ns3:TrackPointExtension>
        </extensions>
      </trkpt>
      <trkpt lat="43.72497640550136566162109375" lon="7.363291718065738677978515625">
        <ele>185.600006103515625</ele>
        <time>2026-07-07T04:57:02.000Z</time>
        <extensions>
          <ns3:TrackPointExtension>
            <ns3:hr>187</ns3:hr>
            <ns3:cad>0</ns3:cad>
          </ns3:TrackPointExtension>
        </extensions>
      </trkpt>
      <trkpt lat="43.7249743938446044921875" lon="7.36329230479896068572998046875">
        <ele>185.8000030517578125</ele>
        <time>2026-07-07T04:57:03.000Z</time>
        <extensions>
          <ns3:TrackPointExtension>
            <ns3:hr>187</ns3:hr>
            <ns3:cad>0</ns3:cad>
          </ns3:TrackPointExtension>
        </extensions>
      </trkpt>
      <trkpt lat="43.72497363947331905364990234375" lon="7.36328409053385257720947265625">
        <ele>186</ele>
        <time>2026-07-07T04:57:08.000Z</time>
        <extensions>
          <ns3:TrackPointExtension>
            <ns3:hr>187</ns3:hr>
            <ns3:cad>0</ns3:cad>
          </ns3:TrackPointExtension>
        </extensions>
      </trkpt>
      <trkpt lat="43.72495084069669246673583984375" lon="7.36332734115421772003173828125">
        <ele>186.600006103515625</ele>
        <time>2026-07-07T04:57:19.000Z</time>
        <extensions>
          <ns3:TrackPointExtension>
            <ns3:hr>184</ns3:hr>
            <ns3:cad>0</ns3:cad>
          </ns3:TrackPointExtension>
        </extensions>
      </trkpt>
      <trkpt lat="43.72493290342390537261962890625" lon="7.36341216601431369781494140625">
        <ele>187.399993896484375</ele>
        <time>2026-07-07T04:57:25.000Z</time>
        <extensions>
          <ns3:TrackPointExtension>
            <ns3:hr>182</ns3:hr>
            <ns3:cad>0</ns3:cad>
          </ns3:TrackPointExtension>
        </extensions>
      </trkpt>
      <trkpt lat="43.724923431873321533203125" lon="7.36342750489711761474609375">
        <ele>187.8000030517578125</ele>
        <time>2026-07-07T04:57:27.000Z</time>
        <extensions>
          <ns3:TrackPointExtension>
            <ns3:hr>182</ns3:hr>
            <ns3:cad>19</ns3:cad>
          </ns3:TrackPointExtension>
        </extensions>
      </trkpt>
      <trkpt lat="43.7249316461384296417236328125" lon="7.36346312798559665679931640625">
        <ele>188.600006103515625</ele>
        <time>2026-07-07T04:57:30.000Z</time>
        <extensions>
          <ns3:TrackPointExtension>
            <ns3:hr>181</ns3:hr>
            <ns3:cad>42</ns3:cad>
          </ns3:TrackPointExtension>
        </extensions>
      </trkpt>
      <trkpt lat="43.7249366752803325653076171875" lon="7.3634873516857624053955078125">
        <ele>188.8000030517578125</ele>
        <time>2026-07-07T04:57:32.000Z</time>
        <extensions>
          <ns3:TrackPointExtension>
            <ns3:hr>180</ns3:hr>
            <ns3:cad>0</ns3:cad>
          </ns3:TrackPointExtension>
        </extensions>
      </trkpt>
      <trkpt lat="43.72493474744260311126708984375" lon="7.36355281434953212738037109375">
        <ele>189.8000030517578125</ele>
        <time>2026-07-07T04:57:38.000Z</time>
        <extensions>
          <ns3:TrackPointExtension>
            <ns3:hr>180</ns3:hr>
            <ns3:cad>0</ns3:cad>
          </ns3:TrackPointExtension>
        </extensions>
      </trkpt>
      <trkpt lat="43.72493156231939792633056640625" lon="7.36356689594686031341552734375">
        <ele>190</ele>
        <time>2026-07-07T04:57:39.000Z</time>
        <extensions>
          <ns3:TrackPointExtension>
            <ns3:hr>179</ns3:hr>
            <ns3:cad>0</ns3:cad>
          </ns3:TrackPointExtension>
        </extensions>
      </trkpt>
      <trkpt lat="43.7249071709811687469482421875" lon="7.3636214621365070343017578125">
        <ele>191.399993896484375</ele>
        <time>2026-07-07T04:57:44.000Z</time>
        <extensions>
          <ns3:TrackPointExtension>
            <ns3:hr>180</ns3:hr>
            <ns3:cad>47</ns3:cad>
          </ns3:TrackPointExtension>
        </extensions>
      </trkpt>
      <trkpt lat="43.72488043271005153656005859375" lon="7.36371592618525028228759765625">
        <ele>192.1999969482421875</ele>
        <time>2026-07-07T04:57:52.000Z</time>
        <extensions>
          <ns3:TrackPointExtension>
            <ns3:hr>182</ns3:hr>
            <ns3:cad>0</ns3:cad>
          </ns3:TrackPointExtension>
        </extensions>
      </trkpt>
      <trkpt lat="43.72487322427332401275634765625" lon="7.3637621104717254638671875">
        <ele>192.399993896484375</ele>
        <time>2026-07-07T04:57:55.000Z</time>
        <extensions>
          <ns3:TrackPointExtension>
            <ns3:hr>182</ns3:hr>
            <ns3:cad>62</ns3:cad>
          </ns3:TrackPointExtension>
        </extensions>
      </trkpt>
      <trkpt lat="43.72487758286297321319580078125" lon="7.36382271163165569305419921875">
        <ele>192.600006103515625</ele>
        <time>2026-07-07T04:57:59.000Z</time>
        <extensions>
          <ns3:TrackPointExtension>
            <ns3:hr>183</ns3:hr>
            <ns3:cad>0</ns3:cad>
          </ns3:TrackPointExtension>
        </extensions>
      </trkpt>
      <trkpt lat="43.7249004654586315155029296875" lon="7.3639356158673763275146484375">
        <ele>192.8000030517578125</ele>
        <time>2026-07-07T04:58:07.000Z</time>
        <extensions>
          <ns3:TrackPointExtension>
            <ns3:hr>180</ns3:hr>
            <ns3:cad>0</ns3:cad>
          </ns3:TrackPointExtension>
        </extensions>
      </trkpt>
      <trkpt lat="43.72492468915879726409912109375" lon="7.36402555368840694427490234375">
        <ele>192.600006103515625</ele>
        <time>2026-07-07T04:58:13.000Z</time>
        <extensions>
          <ns3:TrackPointExtension>
            <ns3:hr>177</ns3:hr>
            <ns3:cad>0</ns3:cad>
          </ns3:TrackPointExtension>
        </extensions>
      </trkpt>
      <trkpt lat="43.72492804192006587982177734375" lon="7.36406025476753711700439453125">
        <ele>192.600006103515625</ele>
        <time>2026-07-07T04:58:16.000Z</time>
        <extensions>
          <ns3:TrackPointExtension>
            <ns3:hr>175</ns3:hr>
            <ns3:cad>0</ns3:cad>
          </ns3:TrackPointExtension>
        </extensions>
      </trkpt>
      <trkpt lat="43.72492301277816295623779296875" lon="7.364073581993579864501953125">
        <ele>192.399993896484375</ele>
        <time>2026-07-07T04:58:18.000Z</time>
        <extensions>
          <ns3:TrackPointExtension>
            <ns3:hr>172</ns3:hr>
            <ns3:cad>0</ns3:cad>
          </ns3:TrackPointExtension>
        </extensions>
      </trkpt>
      <trkpt lat="43.724913708865642547607421875" lon="7.3641022481024265289306640625">
        <ele>192</ele>
        <time>2026-07-07T04:58:21.000Z</time>
        <extensions>
          <ns3:TrackPointExtension>
            <ns3:hr>169</ns3:hr>
            <ns3:cad>0</ns3:cad>
          </ns3:TrackPointExtension>
        </extensions>
      </trkpt>
      <trkpt lat="43.724911697208881378173828125" lon="7.36412948928773403167724609375">
        <ele>191.600006103515625</ele>
        <time>2026-07-07T04:58:23.000Z</time>
        <extensions>
          <ns3:TrackPointExtension>
            <ns3:hr>166</ns3:hr>
            <ns3:cad>0</ns3:cad>
          </ns3:TrackPointExtension>
        </extensions>
      </trkpt>
      <trkpt lat="43.72491295449435710906982421875" lon="7.36416821368038654327392578125">
        <ele>191.1999969482421875</ele>
        <time>2026-07-07T04:58:26.000Z</time>
        <extensions>
          <ns3:TrackPointExtension>
            <ns3:hr>164</ns3:hr>
            <ns3:cad>0</ns3:cad>
          </ns3:TrackPointExtension>
        </extensions>
      </trkpt>
      <trkpt lat="43.72490909881889820098876953125" lon="7.36421112902462482452392578125">
        <ele>190.8000030517578125</ele>
        <time>2026-07-07T04:58:29.000Z</time>
        <extensions>
          <ns3:TrackPointExtension>
            <ns3:hr>161</ns3:hr>
            <ns3:cad>0</ns3:cad>
          </ns3:TrackPointExtension>
        </extensions>
      </trkpt>
      <trkpt lat="43.724909685552120208740234375" lon="7.36422202549874782562255859375">
        <ele>190.8000030517578125</ele>
        <time>2026-07-07T04:58:30.000Z</time>
        <extensions>
          <ns3:TrackPointExtension>
            <ns3:hr>161</ns3:hr>
            <ns3:cad>0</ns3:cad>
          </ns3:TrackPointExtension>
        </extensions>
      </trkpt>
      <trkpt lat="43.72491111047565937042236328125" lon="7.3642812855541706085205078125">
        <ele>190.1999969482421875</ele>
        <time>2026-07-07T04:58:34.000Z</time>
        <extensions>
          <ns3:TrackPointExtension>
            <ns3:hr>160</ns3:hr>
            <ns3:cad>0</ns3:cad>
          </ns3:TrackPointExtension>
        </extensions>
      </trkpt>
      <trkpt lat="43.72491337358951568603515625" lon="7.36433316953480243682861328125">
        <ele>190</ele>
        <time>2026-07-07T04:58:38.000Z</time>
        <extensions>
          <ns3:TrackPointExtension>
            <ns3:hr>158</ns3:hr>
            <ns3:cad>0</ns3:cad>
          </ns3:TrackPointExtension>
        </extensions>
      </trkpt>
      <trkpt lat="43.72491043992340564727783203125" lon="7.3643589019775390625">
        <ele>189.8000030517578125</ele>
        <time>2026-07-07T04:58:40.000Z</time>
        <extensions>
          <ns3:TrackPointExtension>
            <ns3:hr>155</ns3:hr>
            <ns3:cad>0</ns3:cad>
          </ns3:TrackPointExtension>
        </extensions>
      </trkpt>
      <trkpt lat="43.72490239329636096954345703125" lon="7.36442201770842075347900390625">
        <ele>189.1999969482421875</ele>
        <time>2026-07-07T04:58:45.000Z</time>
        <extensions>
          <ns3:TrackPointExtension>
            <ns3:hr>154</ns3:hr>
            <ns3:cad>68</ns3:cad>
          </ns3:TrackPointExtension>
        </extensions>
      </trkpt>
      <trkpt lat="43.724901638925075531005859375" lon="7.36443995498120784759521484375">
        <ele>189</ele>
        <time>2026-07-07T04:58:47.000Z</time>
        <extensions>
          <ns3:TrackPointExtension>
            <ns3:hr>153</ns3:hr>
            <ns3:cad>68</ns3:cad>
          </ns3:TrackPointExtension>
        </extensions>
      </trkpt>
      <trkpt lat="43.72488479129970073699951171875" lon="7.36451472155749797821044921875">
        <ele>188.1999969482421875</ele>
        <time>2026-07-07T04:58:55.000Z</time>
        <extensions>
          <ns3:TrackPointExtension>
            <ns3:hr>153</ns3:hr>
            <ns3:cad>0</ns3:cad>
          </ns3:TrackPointExtension>
        </extensions>
      </trkpt>
      <trkpt lat="43.724882192909717559814453125" lon="7.36452679149806499481201171875">
        <ele>188.1999969482421875</ele>
        <time>2026-07-07T04:58:56.000Z</time>
        <extensions>
          <ns3:TrackPointExtension>
            <ns3:hr>154</ns3:hr>
            <ns3:cad>0</ns3:cad>
          </ns3:TrackPointExtension>
        </extensions>
      </trkpt>
      <trkpt lat="43.72486802749335765838623046875" lon="7.3645627498626708984375">
        <ele>187.600006103515625</ele>
        <time>2026-07-07T04:59:00.000Z</time>
        <extensions>
          <ns3:TrackPointExtension>
            <ns3:hr>157</ns3:hr>
            <ns3:cad>0</ns3:cad>
          </ns3:TrackPointExtension>
        </extensions>
      </trkpt>
      <trkpt lat="43.7248669378459453582763671875" lon="7.36459250561892986297607421875">
        <ele>187</ele>
        <time>2026-07-07T04:59:02.000Z</time>
        <extensions>
          <ns3:TrackPointExtension>
            <ns3:hr>156</ns3:hr>
            <ns3:cad>0</ns3:cad>
          </ns3:TrackPointExtension>
        </extensions>
      </trkpt>
      <trkpt lat="43.7248679436743259429931640625" lon="7.36460641957819461822509765625">
        <ele>187</ele>
        <time>2026-07-07T04:59:03.000Z</time>
        <extensions>
          <ns3:TrackPointExtension>
            <ns3:hr>156</ns3:hr>
            <ns3:cad>0</ns3:cad>
          </ns3:TrackPointExtension>
        </extensions>
      </trkpt>
      <trkpt lat="43.7248689495027065277099609375" lon="7.36474555917084217071533203125">
        <ele>187.399993896484375</ele>
        <time>2026-07-07T04:59:14.000Z</time>
        <extensions>
          <ns3:TrackPointExtension>
            <ns3:hr>156</ns3:hr>
            <ns3:cad>52</ns3:cad>
          </ns3:TrackPointExtension>
        </extensions>
      </trkpt>
      <trkpt lat="43.72487372718751430511474609375" lon="7.36481881700456142425537109375">
        <ele>186.8000030517578125</ele>
        <time>2026-07-07T04:59:22.000Z</time>
        <extensions>
          <ns3:TrackPointExtension>
            <ns3:hr>159</ns3:hr>
            <ns3:cad>52</ns3:cad>
          </ns3:TrackPointExtension>
        </extensions>
      </trkpt>
      <trkpt lat="43.72485863976180553436279296875" lon="7.3648767359554767608642578125">
        <ele>185.8000030517578125</ele>
        <time>2026-07-07T04:59:29.000Z</time>
        <extensions>
          <ns3:TrackPointExtension>
            <ns3:hr>161</ns3:hr>
            <ns3:cad>57</ns3:cad>
          </ns3:TrackPointExtension>
        </extensions>
      </trkpt>
      <trkpt lat="43.72485578991472721099853515625" lon="7.36488402821123600006103515625">
        <ele>185.600006103515625</ele>
        <time>2026-07-07T04:59:30.000Z</time>
        <extensions>
          <ns3:TrackPointExtension>
            <ns3:hr>161</ns3:hr>
            <ns3:cad>57</ns3:cad>
          </ns3:TrackPointExtension>
        </extensions>
      </trkpt>
      <trkpt lat="43.7248505093157291412353515625" lon="7.364919483661651611328125">
        <ele>184.8000030517578125</ele>
        <time>2026-07-07T04:59:34.000Z</time>
        <extensions>
          <ns3:TrackPointExtension>
            <ns3:hr>160</ns3:hr>
            <ns3:cad>57</ns3:cad>
          </ns3:TrackPointExtension>
        </extensions>
      </trkpt>
      <trkpt lat="43.72485226951539516448974609375" lon="7.364964745938777923583984375">
        <ele>184.399993896484375</ele>
        <time>2026-07-07T04:59:37.000Z</time>
        <extensions>
          <ns3:TrackPointExtension>
            <ns3:hr>157</ns3:hr>
            <ns3:cad>55</ns3:cad>
          </ns3:TrackPointExtension>
        </extensions>
      </trkpt>
      <trkpt lat="43.72486031614243984222412109375" lon="7.36499131657183170318603515625">
        <ele>184.399993896484375</ele>
        <time>2026-07-07T04:59:39.000Z</time>
        <extensions>
          <ns3:TrackPointExtension>
            <ns3:hr>158</ns3:hr>
            <ns3:cad>0</ns3:cad>
          </ns3:TrackPointExtension>
        </extensions>
      </trkpt>
      <trkpt lat="43.724872805178165435791015625" lon="7.365054599940776824951171875">
        <ele>185</ele>
        <time>2026-07-07T04:59:47.000Z</time>
        <extensions>
          <ns3:TrackPointExtension>
            <ns3:hr>157</ns3:hr>
            <ns3:cad>0</ns3:cad>
          </ns3:TrackPointExtension>
        </extensions>
      </trkpt>
      <trkpt lat="43.72487448155879974365234375" lon="7.36508200876414775848388671875">
        <ele>184.600006103515625</ele>
        <time>2026-07-07T04:59:53.000Z</time>
        <extensions>
          <ns3:TrackPointExtension>
            <ns3:hr>158</ns3:hr>
            <ns3:cad>0</ns3:cad>
          </ns3:TrackPointExtension>
        </extensions>
      </trkpt>
      <trkpt lat="43.72489769943058490753173828125" lon="7.36516197212040424346923828125">
        <ele>183.8000030517578125</ele>
        <time>2026-07-07T04:59:59.000Z</time>
        <extensions>
          <ns3:TrackPointExtension>
            <ns3:hr>158</ns3:hr>
            <ns3:cad>0</ns3:cad>
          </ns3:TrackPointExtension>
        </extensions>
      </trkpt>
      <trkpt lat="43.72494061477482318878173828125" lon="7.36523606814444065093994140625">
        <ele>184.399993896484375</ele>
        <time>2026-07-07T05:00:07.000Z</time>
        <extensions>
          <ns3:TrackPointExtension>
            <ns3:hr>158</ns3:hr>
            <ns3:cad>0</ns3:cad>
          </ns3:TrackPointExtension>
        </extensions>
      </trkpt>
      <trkpt lat="43.72499224729835987091064453125" lon="7.3652827553451061248779296875">
        <ele>185.399993896484375</ele>
        <time>2026-07-07T05:00:15.000Z</time>
        <extensions>
          <ns3:TrackPointExtension>
            <ns3:hr>157</ns3:hr>
            <ns3:cad>0</ns3:cad>
          </ns3:TrackPointExtension>
        </extensions>
      </trkpt>
      <trkpt lat="43.72500599361956119537353515625" lon="7.36528887413442134857177734375">
        <ele>185.8000030517578125</ele>
        <time>2026-07-07T05:00:18.000Z</time>
        <extensions>
          <ns3:TrackPointExtension>
            <ns3:hr>158</ns3:hr>
            <ns3:cad>0</ns3:cad>
          </ns3:TrackPointExtension>
        </extensions>
      </trkpt>
      <trkpt lat="43.72504237107932567596435546875" lon="7.3653022013604640960693359375">
        <ele>186.1999969482421875</ele>
        <time>2026-07-07T05:00:22.000Z</time>
        <extensions>
          <ns3:TrackPointExtension>
            <ns3:hr>161</ns3:hr>
            <ns3:cad>0</ns3:cad>
          </ns3:TrackPointExtension>
        </extensions>
      </trkpt>
      <trkpt lat="43.725074641406536102294921875" lon="7.36532340757548809051513671875">
        <ele>186.600006103515625</ele>
        <time>2026-07-07T05:00:25.000Z</time>
        <extensions>
          <ns3:TrackPointExtension>
            <ns3:hr>161</ns3:hr>
            <ns3:cad>0</ns3:cad>
          </ns3:TrackPointExtension>
        </extensions>
      </trkpt>
      <trkpt lat="43.72508428059518337249755859375" lon="7.36532961018383502960205078125">
        <ele>186.8000030517578125</ele>
        <time>2026-07-07T05:00:26.000Z</time>
        <extensions>
          <ns3:TrackPointExtension>
            <ns3:hr>162</ns3:hr>
            <ns3:cad>0</ns3:cad>
          </ns3:TrackPointExtension>
        </extensions>
      </trkpt>
      <trkpt lat="43.72516793198883533477783203125" lon="7.36532676033675670623779296875">
        <ele>187.8000030517578125</ele>
        <time>2026-07-07T05:00:34.000Z</time>
        <extensions>
          <ns3:TrackPointExtension>
            <ns3:hr>165</ns3:hr>
            <ns3:cad>0</ns3:cad>
          </ns3:TrackPointExtension>
        </extensions>
      </trkpt>
      <trkpt lat="43.72517631389200687408447265625" lon="7.3653199709951877593994140625">
        <ele>188</ele>
        <time>2026-07-07T05:00:35.000Z</time>
        <extensions>
          <ns3:TrackPointExtension>
            <ns3:hr>165</ns3:hr>
            <ns3:cad>0</ns3:cad>
          </ns3:TrackPointExtension>
        </extensions>
      </trkpt>
      <trkpt lat="43.72522425837814807891845703125" lon="7.36528032459318637847900390625">
        <ele>188.600006103515625</ele>
        <time>2026-07-07T05:00:41.000Z</time>
        <extensions>
          <ns3:TrackPointExtension>
            <ns3:hr>165</ns3:hr>
            <ns3:cad>0</ns3:cad>
          </ns3:TrackPointExtension>
        </extensions>
      </trkpt>
      <trkpt lat="43.72524940408766269683837890625" lon="7.36526020802557468414306640625">
        <ele>189.1999969482421875</ele>
        <time>2026-07-07T05:00:45.000Z</time>
        <extensions>
          <ns3:TrackPointExtension>
            <ns3:hr>166</ns3:hr>
            <ns3:cad>0</ns3:cad>
          </ns3:TrackPointExtension>
        </extensions>
      </trkpt>
      <trkpt lat="43.7252655811607837677001953125" lon="7.3652495630085468292236328125">
        <ele>189.399993896484375</ele>
        <time>2026-07-07T05:00:47.000Z</time>
        <extensions>
          <ns3:TrackPointExtension>
            <ns3:hr>166</ns3:hr>
            <ns3:cad>0</ns3:cad>
          </ns3:TrackPointExtension>
        </extensions>
      </trkpt>
      <trkpt lat="43.72528946958482265472412109375" lon="7.365235984325408935546875">
        <ele>190.1999969482421875</ele>
        <time>2026-07-07T05:00:51.000Z</time>
        <extensions>
          <ns3:TrackPointExtension>
            <ns3:hr>169</ns3:hr>
            <ns3:cad>0</ns3:cad>
          </ns3:TrackPointExtension>
        </extensions>
      </trkpt>
      <trkpt lat="43.72533850371837615966796875" lon="7.3651892133057117462158203125">
        <ele>191</ele>
        <time>2026-07-07T05:00:57.000Z</time>
        <extensions>
          <ns3:TrackPointExtension>
            <ns3:hr>169</ns3:hr>
            <ns3:cad>0</ns3:cad>
          </ns3:TrackPointExtension>
        </extensions>
      </trkpt>
      <trkpt lat="43.7253711931407451629638671875" lon="7.36516113393008708953857421875">
        <ele>191.399993896484375</ele>
        <time>2026-07-07T05:01:02.000Z</time>
        <extensions>
          <ns3:TrackPointExtension>
            <ns3:hr>168</ns3:hr>
            <ns3:cad>0</ns3:cad>
          </ns3:TrackPointExtension>
        </extensions>
      </trkpt>
      <trkpt lat="43.72537815012037754058837890625" lon="7.3651476390659809112548828125">
        <ele>191.600006103515625</ele>
        <time>2026-07-07T05:01:04.000Z</time>
        <extensions>
          <ns3:TrackPointExtension>
            <ns3:hr>168</ns3:hr>
            <ns3:cad>0</ns3:cad>
          </ns3:TrackPointExtension>
        </extensions>
      </trkpt>
      <trkpt lat="43.72541234828531742095947265625" lon="7.36510782502591609954833984375">
        <ele>192.600006103515625</ele>
        <time>2026-07-07T05:01:10.000Z</time>
        <extensions>
          <ns3:TrackPointExtension>
            <ns3:hr>169</ns3:hr>
            <ns3:cad>0</ns3:cad>
          </ns3:TrackPointExtension>
        </extensions>
      </trkpt>
      <trkpt lat="43.72544168494641780853271484375" lon="7.3650698550045490264892578125">
        <ele>193.1999969482421875</ele>
        <time>2026-07-07T05:01:16.000Z</time>
        <extensions>
          <ns3:TrackPointExtension>
            <ns3:hr>169</ns3:hr>
            <ns3:cad>67</ns3:cad>
          </ns3:TrackPointExtension>
        </extensions>
      </trkpt>
      <trkpt lat="43.72544403187930583953857421875" lon="7.365059293806552886962890625">
        <ele>193.600006103515625</ele>
        <time>2026-07-07T05:01:18.000Z</time>
        <extensions>
          <ns3:TrackPointExtension>
            <ns3:hr>168</ns3:hr>
            <ns3:cad>67</ns3:cad>
          </ns3:TrackPointExtension>
        </extensions>
      </trkpt>
      <trkpt lat="43.72547035105526447296142578125" lon="7.3650289513170719146728515625">
        <ele>194.1999969482421875</ele>
        <time>2026-07-07T05:01:23.000Z</time>
        <extensions>
          <ns3:TrackPointExtension>
            <ns3:hr>168</ns3:hr>
            <ns3:cad>0</ns3:cad>
          </ns3:TrackPointExtension>
        </extensions>
      </trkpt>
      <trkpt lat="43.72548175044357776641845703125" lon="7.36502015031874179840087890625">
        <ele>194.8000030517578125</ele>
        <time>2026-07-07T05:01:26.000Z</time>
        <extensions>
          <ns3:TrackPointExtension>
            <ns3:hr>168</ns3:hr>
            <ns3:cad>0</ns3:cad>
          </ns3:TrackPointExtension>
        </extensions>
      </trkpt>
      <trkpt lat="43.72549851424992084503173828125" lon="7.36500925384461879730224609375">
        <ele>194.8000030517578125</ele>
        <time>2026-07-07T05:01:28.000Z</time>
        <extensions>
          <ns3:TrackPointExtension>
            <ns3:hr>169</ns3:hr>
            <ns3:cad>0</ns3:cad>
          </ns3:TrackPointExtension>
        </extensions>
      </trkpt>
      <trkpt lat="43.725507818162441253662109375" lon="7.36497874371707439422607421875">
        <ele>195.8000030517578125</ele>
        <time>2026-07-07T05:01:33.000Z</time>
        <extensions>
          <ns3:TrackPointExtension>
            <ns3:hr>169</ns3:hr>
            <ns3:cad>0</ns3:cad>
          </ns3:TrackPointExtension>
        </extensions>
      </trkpt>
      <trkpt lat="43.72550756670534610748291015625" lon="7.364973127841949462890625">
        <ele>196</ele>
        <time>2026-07-07T05:01:34.000Z</time>
        <extensions>
          <ns3:TrackPointExtension>
            <ns3:hr>169</ns3:hr>
            <ns3:cad>0</ns3:cad>
          </ns3:TrackPointExtension>
        </extensions>
      </trkpt>
      <trkpt lat="43.72554235160350799560546875" lon="7.36494136042892932891845703125">
        <ele>197</ele>
        <time>2026-07-07T05:01:39.000Z</time>
        <extensions>
          <ns3:TrackPointExtension>
            <ns3:hr>170</ns3:hr>
            <ns3:cad>0</ns3:cad>
          </ns3:TrackPointExtension>
        </extensions>
      </trkpt>
      <trkpt lat="43.725555427372455596923828125" lon="7.3649261891841888427734375">
        <ele>197.1999969482421875</ele>
        <time>2026-07-07T05:01:41.000Z</time>
        <extensions>
          <ns3:TrackPointExtension>
            <ns3:hr>170</ns3:hr>
            <ns3:cad>0</ns3:cad>
          </ns3:TrackPointExtension>
        </extensions>
      </trkpt>
      <trkpt lat="43.7255891226232051849365234375" lon="7.36489274539053440093994140625">
        <ele>198</ele>
        <time>2026-07-07T05:01:45.000Z</time>
        <extensions>
          <ns3:TrackPointExtension>
            <ns3:hr>171</ns3:hr>
            <ns3:cad>0</ns3:cad>
          </ns3:TrackPointExtension>
        </extensions>
      </trkpt>
      <trkpt lat="43.7256407551467418670654296875" lon="7.36486726440489292144775390625">
        <ele>198.600006103515625</ele>
        <time>2026-07-07T05:01:50.000Z</time>
        <extensions>
          <ns3:TrackPointExtension>
            <ns3:hr>174</ns3:hr>
            <ns3:cad>0</ns3:cad>
          </ns3:TrackPointExtension>
        </extensions>
      </trkpt>
      <trkpt lat="43.725717030465602874755859375" lon="7.36485687084496021270751953125">
        <ele>199</ele>
        <time>2026-07-07T05:01:57.000Z</time>
        <extensions>
          <ns3:TrackPointExtension>
            <ns3:hr>174</ns3:hr>
            <ns3:cad>49</ns3:cad>
          </ns3:TrackPointExtension>
        </extensions>
      </trkpt>
      <trkpt lat="43.7257346324622631072998046875" lon="7.3648388497531414031982421875">
        <ele>199.600006103515625</ele>
        <time>2026-07-07T05:01:59.000Z</time>
        <extensions>
          <ns3:TrackPointExtension>
            <ns3:hr>174</ns3:hr>
            <ns3:cad>47</ns3:cad>
          </ns3:TrackPointExtension>
        </extensions>
      </trkpt>
      <trkpt lat="43.72576740570366382598876953125" lon="7.36480825580656528472900390625">
        <ele>200.1999969482421875</ele>
        <time>2026-07-07T05:02:03.000Z</time>
        <extensions>
          <ns3:TrackPointExtension>
            <ns3:hr>174</ns3:hr>
            <ns3:cad>47</ns3:cad>
          </ns3:TrackPointExtension>
        </extensions>
      </trkpt>
      <trkpt lat="43.72577595524489879608154296875" lon="7.36479618586599826812744140625">
        <ele>200.399993896484375</ele>
        <time>2026-07-07T05:02:05.000Z</time>
        <extensions>
          <ns3:TrackPointExtension>
            <ns3:hr>174</ns3:hr>
            <ns3:cad>47</ns3:cad>
          </ns3:TrackPointExtension>
        </extensions>
      </trkpt>
      <trkpt lat="43.7257933057844638824462890625" lon="7.36477154307067394256591796875">
        <ele>201.399993896484375</ele>
        <time>2026-07-07T05:02:09.000Z</time>
        <extensions>
          <ns3:TrackPointExtension>
            <ns3:hr>172</ns3:hr>
            <ns3:cad>0</ns3:cad>
          </ns3:TrackPointExtension>
        </extensions>
      </trkpt>
      <trkpt lat="43.7258045375347137451171875" lon="7.36475662328302860260009765625">
        <ele>201.8000030517578125</ele>
        <time>2026-07-07T05:02:11.000Z</time>
        <extensions>
          <ns3:TrackPointExtension>
            <ns3:hr>172</ns3:hr>
            <ns3:cad>0</ns3:cad>
          </ns3:TrackPointExtension>
        </extensions>
      </trkpt>
      <trkpt lat="43.7258327007293701171875" lon="7.3647402785718441009521484375">
        <ele>202.600006103515625</ele>
        <time>2026-07-07T05:02:15.000Z</time>
        <extensions>
          <ns3:TrackPointExtension>
            <ns3:hr>173</ns3:hr>
            <ns3:cad>0</ns3:cad>
          </ns3:TrackPointExtension>
        </extensions>
      </trkpt>
      <trkpt lat="43.72584183700382709503173828125" lon="7.36472569406032562255859375">
        <ele>203</ele>
        <time>2026-07-07T05:02:17.000Z</time>
        <extensions>
          <ns3:TrackPointExtension>
            <ns3:hr>173</ns3:hr>
            <ns3:cad>0</ns3:cad>
          </ns3:TrackPointExtension>
        </extensions>
      </trkpt>
      <trkpt lat="43.72584032826125621795654296875" lon="7.36471102572977542877197265625">
        <ele>203.600006103515625</ele>
        <time>2026-07-07T05:02:20.000Z</time>
        <extensions>
          <ns3:TrackPointExtension>
            <ns3:hr>173</ns3:hr>
            <ns3:cad>0</ns3:cad>
          </ns3:TrackPointExtension>
        </extensions>
      </trkpt>
      <trkpt lat="43.725839741528034210205078125" lon="7.36470599658787250518798828125">
        <ele>203.600006103515625</ele>
        <time>2026-07-07T05:02:21.000Z</time>
        <extensions>
          <ns3:TrackPointExtension>
            <ns3:hr>173</ns3:hr>
            <ns3:cad>0</ns3:cad>
          </ns3:TrackPointExtension>
        </extensions>
      </trkpt>
      <trkpt lat="43.7258030287921428680419921875" lon="7.3646933399140834808349609375">
        <ele>205</ele>
        <time>2026-07-07T05:02:27.000Z</time>
        <extensions>
          <ns3:TrackPointExtension>
            <ns3:hr>175</ns3:hr>
            <ns3:cad>0</ns3:cad>
          </ns3:TrackPointExtension>
        </extensions>
      </trkpt>
      <trkpt lat="43.72577972710132598876953125" lon="7.3646903224289417266845703125">
        <ele>205.399993896484375</ele>
        <time>2026-07-07T05:02:30.000Z</time>
        <extensions>
          <ns3:TrackPointExtension>
            <ns3:hr>176</ns3:hr>
            <ns3:cad>0</ns3:cad>
          </ns3:TrackPointExtension>
        </extensions>
      </trkpt>
      <trkpt lat="43.72576631605625152587890625" lon="7.364691831171512603759765625">
        <ele>206</ele>
        <time>2026-07-07T05:02:33.000Z</time>
        <extensions>
          <ns3:TrackPointExtension>
            <ns3:hr>177</ns3:hr>
            <ns3:cad>40</ns3:cad>
          </ns3:TrackPointExtension>
        </extensions>
      </trkpt>
      <trkpt lat="43.72575692832469940185546875" lon="7.3646661825478076934814453125">
        <ele>206.8000030517578125</ele>
        <time>2026-07-07T05:02:37.000Z</time>
        <extensions>
          <ns3:TrackPointExtension>
            <ns3:hr>178</ns3:hr>
            <ns3:cad>0</ns3:cad>
          </ns3:TrackPointExtension>
        </extensions>
      </trkpt>
      <trkpt lat="43.72577411122620105743408203125" lon="7.36465738154947757720947265625">
        <ele>207.1999969482421875</ele>
        <time>2026-07-07T05:02:39.000Z</time>
        <extensions>
          <ns3:TrackPointExtension>
            <ns3:hr>179</ns3:hr>
            <ns3:cad>0</ns3:cad>
          </ns3:TrackPointExtension>
        </extensions>
      </trkpt>
      <trkpt lat="43.7258057110011577606201171875" lon="7.3646440543234348297119140625">
        <ele>208.399993896484375</ele>
        <time>2026-07-07T05:02:44.000Z</time>
        <extensions>
          <ns3:TrackPointExtension>
            <ns3:hr>178</ns3:hr>
            <ns3:cad>0</ns3:cad>
          </ns3:TrackPointExtension>
        </extensions>
      </trkpt>
      <trkpt lat="43.7258452735841274261474609375" lon="7.36463290639221668243408203125">
        <ele>209.399993896484375</ele>
        <time>2026-07-07T05:02:49.000Z</time>
        <extensions>
          <ns3:TrackPointExtension>
            <ns3:hr>179</ns3:hr>
            <ns3:cad>60</ns3:cad>
          </ns3:TrackPointExtension>
        </extensions>
      </trkpt>
      <trkpt lat="43.72585357166826725006103515625" lon="7.364627458155155181884765625">
        <ele>209.399993896484375</ele>
        <time>2026-07-07T05:02:50.000Z</time>
        <extensions>
          <ns3:TrackPointExtension>
            <ns3:hr>179</ns3:hr>
            <ns3:cad>60</ns3:cad>
          </ns3:TrackPointExtension>
        </extensions>
      </trkpt>
      <trkpt lat="43.7258757837116718292236328125" lon="7.36461463384330272674560546875">
        <ele>210.399993896484375</ele>
        <time>2026-07-07T05:02:54.000Z</time>
        <extensions>
          <ns3:TrackPointExtension>
            <ns3:hr>180</ns3:hr>
            <ns3:cad>0</ns3:cad>
          </ns3:TrackPointExtension>
        </extensions>
      </trkpt>
      <trkpt lat="43.7258979119360446929931640625" lon="7.36459066160023212432861328125">
        <ele>211.600006103515625</ele>
        <time>2026-07-07T05:02:58.000Z</time>
        <extensions>
          <ns3:TrackPointExtension>
            <ns3:hr>180</ns3:hr>
            <ns3:cad>0</ns3:cad>
          </ns3:TrackPointExtension>
        </extensions>
      </trkpt>
      <trkpt lat="43.72591224499046802520751953125" lon="7.36460507847368717193603515625">
        <ele>212.1999969482421875</ele>
        <time>2026-07-07T05:03:03.000Z</time>
        <extensions>
          <ns3:TrackPointExtension>
            <ns3:hr>181</ns3:hr>
            <ns3:cad>0</ns3:cad>
          </ns3:TrackPointExtension>
        </extensions>
      </trkpt>
      <trkpt lat="43.7259186990559101104736328125" lon="7.364608347415924072265625">
        <ele>212.8000030517578125</ele>
        <time>2026-07-07T05:03:06.000Z</time>
        <extensions>
          <ns3:TrackPointExtension>
            <ns3:hr>182</ns3:hr>
            <ns3:cad>0</ns3:cad>
          </ns3:TrackPointExtension>
        </extensions>
      </trkpt>
      <trkpt lat="43.72594610787928104400634765625" lon="7.36459560692310333251953125">
        <ele>214</ele>
        <time>2026-07-07T05:03:10.000Z</time>
        <extensions>
          <ns3:TrackPointExtension>
            <ns3:hr>183</ns3:hr>
            <ns3:cad>0</ns3:cad>
          </ns3:TrackPointExtension>
        </extensions>
      </trkpt>
      <trkpt lat="43.7259710021317005157470703125" lon="7.36456719227135181427001953125">
        <ele>215.1999969482421875</ele>
        <time>2026-07-07T05:03:15.000Z</time>
        <extensions>
          <ns3:TrackPointExtension>
            <ns3:hr>184</ns3:hr>
            <ns3:cad>0</ns3:cad>
          </ns3:TrackPointExtension>
        </extensions>
      </trkpt>
      <trkpt lat="43.725979216396808624267578125" lon="7.36455545760691165924072265625">
        <ele>215.600006103515625</ele>
        <time>2026-07-07T05:03:17.000Z</time>
        <extensions>
          <ns3:TrackPointExtension>
            <ns3:hr>184</ns3:hr>
            <ns3:cad>0</ns3:cad>
          </ns3:TrackPointExtension>
        </extensions>
      </trkpt>
      <trkpt lat="43.7259954772889614105224609375" lon="7.36454405821859836578369140625">
        <ele>216.399993896484375</ele>
        <time>2026-07-07T05:03:20.000Z</time>
        <extensions>
          <ns3:TrackPointExtension>
            <ns3:hr>185</ns3:hr>
            <ns3:cad>0</ns3:cad>
          </ns3:TrackPointExtension>
        </extensions>
      </trkpt>
      <trkpt lat="43.72601266019046306610107421875" lon="7.36448437906801700592041015625">
        <ele>217.600006103515625</ele>
        <time>2026-07-07T05:03:25.000Z</time>
        <extensions>
          <ns3:TrackPointExtension>
            <ns3:hr>186</ns3:hr>
            <ns3:cad>51</ns3:cad>
          </ns3:TrackPointExtension>
        </extensions>
      </trkpt>
      <trkpt lat="43.72604350559413433074951171875" lon="7.36445755697786808013916015625">
        <ele>218.8000030517578125</ele>
        <time>2026-07-07T05:03:30.000Z</time>
        <extensions>
          <ns3:TrackPointExtension>
            <ns3:hr>187</ns3:hr>
            <ns3:cad>0</ns3:cad>
          </ns3:TrackPointExtension>
        </extensions>
      </trkpt>
      <trkpt lat="43.726058341562747955322265625" lon="7.36445185728371143341064453125">
        <ele>219</ele>
        <time>2026-07-07T05:03:32.000Z</time>
        <extensions>
          <ns3:TrackPointExtension>
            <ns3:hr>187</ns3:hr>
            <ns3:cad>0</ns3:cad>
          </ns3:TrackPointExtension>
        </extensions>
      </trkpt>
      <trkpt lat="43.726069740951061248779296875" lon="7.36443894915282726287841796875">
        <ele>219.8000030517578125</ele>
        <time>2026-07-07T05:03:37.000Z</time>
        <extensions>
          <ns3:TrackPointExtension>
            <ns3:hr>187</ns3:hr>
            <ns3:cad>77</ns3:cad>
          </ns3:TrackPointExtension>
        </extensions>
      </trkpt>
      <trkpt lat="43.72608776204288005828857421875" lon="7.36441682092845439910888671875">
        <ele>220.399993896484375</ele>
        <time>2026-07-07T05:03:41.000Z</time>
        <extensions>
          <ns3:TrackPointExtension>
            <ns3:hr>185</ns3:hr>
            <ns3:cad>0</ns3:cad>
          </ns3:TrackPointExtension>
        </extensions>
      </trkpt>
      <trkpt lat="43.72610301710665225982666015625" lon="7.36439636908471584320068359375">
        <ele>220.8000030517578125</ele>
        <time>2026-07-07T05:03:43.000Z</time>
        <extensions>
          <ns3:TrackPointExtension>
            <ns3:hr>184</ns3:hr>
            <ns3:cad>0</ns3:cad>
          </ns3:TrackPointExtension>
        </extensions>
      </trkpt>
      <trkpt lat="43.72611810453236103057861328125" lon="7.36437809653580188751220703125">
        <ele>221.8000030517578125</ele>
        <time>2026-07-07T05:03:47.000Z</time>
        <extensions>
          <ns3:TrackPointExtension>
            <ns3:hr>184</ns3:hr>
            <ns3:cad>0</ns3:cad>
          </ns3:TrackPointExtension>
        </extensions>
      </trkpt>
      <trkpt lat="43.72612648643553256988525390625" lon="7.3643741570413112640380859375">
        <ele>222</ele>
        <time>2026-07-07T05:03:48.000Z</time>
        <extensions>
          <ns3:TrackPointExtension>
            <ns3:hr>185</ns3:hr>
            <ns3:cad>0</ns3:cad>
          </ns3:TrackPointExtension>
        </extensions>
      </trkpt>
      <trkpt lat="43.72615347616374492645263671875" lon="7.36435865052044391632080078125">
        <ele>223</ele>
        <time>2026-07-07T05:03:53.000Z</time>
        <extensions>
          <ns3:TrackPointExtension>
            <ns3:hr>185</ns3:hr>
            <ns3:cad>0</ns3:cad>
          </ns3:TrackPointExtension>
        </extensions>
      </trkpt>
      <trkpt lat="43.72618901543319225311279296875" lon="7.3643376119434833526611328125">
        <ele>223.600006103515625</ele>
        <time>2026-07-07T05:03:59.000Z</time>
        <extensions>
          <ns3:TrackPointExtension>
            <ns3:hr>185</ns3:hr>
            <ns3:cad>0</ns3:cad>
          </ns3:TrackPointExtension>
        </extensions>
      </trkpt>
      <trkpt lat="43.7262015044689178466796875" lon="7.364313304424285888671875">
        <ele>224</ele>
        <time>2026-07-07T05:04:02.000Z</time>
        <extensions>
          <ns3:TrackPointExtension>
            <ns3:hr>185</ns3:hr>
            <ns3:cad>0</ns3:cad>
          </ns3:TrackPointExtension>
        </extensions>
      </trkpt>
      <trkpt lat="43.7262201122939586639404296875" lon="7.36431665718555450439453125">
        <ele>224.8000030517578125</ele>
        <time>2026-07-07T05:04:06.000Z</time>
        <extensions>
          <ns3:TrackPointExtension>
            <ns3:hr>186</ns3:hr>
            <ns3:cad>0</ns3:cad>
          </ns3:TrackPointExtension>
        </extensions>
      </trkpt>
      <trkpt lat="43.72623494826257228851318359375" lon="7.36431137658655643463134765625">
        <ele>225</ele>
        <time>2026-07-07T05:04:08.000Z</time>
        <extensions>
          <ns3:TrackPointExtension>
            <ns3:hr>186</ns3:hr>
            <ns3:cad>0</ns3:cad>
          </ns3:TrackPointExtension>
        </extensions>
      </trkpt>
      <trkpt lat="43.72626177035272121429443359375" lon="7.36429075710475444793701171875">
        <ele>225.399993896484375</ele>
        <time>2026-07-07T05:04:11.000Z</time>
        <extensions>
          <ns3:TrackPointExtension>
            <ns3:hr>185</ns3:hr>
            <ns3:cad>0</ns3:cad>
          </ns3:TrackPointExtension>
        </extensions>
      </trkpt>
      <trkpt lat="43.72630401514470577239990234375" lon="7.3642608337104320526123046875">
        <ele>226.1999969482421875</ele>
        <time>2026-07-07T05:04:17.000Z</time>
        <extensions>
          <ns3:TrackPointExtension>
            <ns3:hr>183</ns3:hr>
            <ns3:cad>0</ns3:cad>
          </ns3:TrackPointExtension>
        </extensions>
      </trkpt>
      <trkpt lat="43.72633050195872783660888671875" lon="7.36424700357019901275634765625">
        <ele>226.8000030517578125</ele>
        <time>2026-07-07T05:04:20.000Z</time>
        <extensions>
          <ns3:TrackPointExtension>
            <ns3:hr>183</ns3:hr>
            <ns3:cad>41</ns3:cad>
          </ns3:TrackPointExtension>
        </extensions>
      </trkpt>
      <trkpt lat="43.7263367883861064910888671875" lon="7.364247255027294158935546875">
        <ele>227.1999969482421875</ele>
        <time>2026-07-07T05:04:21.000Z</time>
        <extensions>
          <ns3:TrackPointExtension>
            <ns3:hr>183</ns3:hr>
            <ns3:cad>41</ns3:cad>
          </ns3:TrackPointExtension>
        </extensions>
      </trkpt>
      <trkpt lat="43.7263384647667407989501953125" lon="7.364241220057010650634765625">
        <ele>228.1999969482421875</ele>
        <time>2026-07-07T05:04:25.000Z</time>
        <extensions>
          <ns3:TrackPointExtension>
            <ns3:hr>182</ns3:hr>
            <ns3:cad>0</ns3:cad>
          </ns3:TrackPointExtension>
        </extensions>
      </trkpt>
      <trkpt lat="43.72633871622383594512939453125" lon="7.36424331553280353546142578125">
        <ele>228.1999969482421875</ele>
        <time>2026-07-07T05:04:26.000Z</time>
        <extensions>
          <ns3:TrackPointExtension>
            <ns3:hr>182</ns3:hr>
            <ns3:cad>0</ns3:cad>
          </ns3:TrackPointExtension>
        </extensions>
      </trkpt>
      <trkpt lat="43.72627886943519115447998046875" lon="7.3642440699040889739990234375">
        <ele>229.1999969482421875</ele>
        <time>2026-07-07T05:04:34.000Z</time>
        <extensions>
          <ns3:TrackPointExtension>
            <ns3:hr>182</ns3:hr>
            <ns3:cad>0</ns3:cad>
          </ns3:TrackPointExtension>
        </extensions>
      </trkpt>
      <trkpt lat="43.72622036375105381011962890625" lon="7.3642507754266262054443359375">
        <ele>230.1999969482421875</ele>
        <time>2026-07-07T05:04:42.000Z</time>
        <extensions>
          <ns3:TrackPointExtension>
            <ns3:hr>181</ns3:hr>
            <ns3:cad>0</ns3:cad>
          </ns3:TrackPointExtension>
        </extensions>
      </trkpt>
      <trkpt lat="43.7262149155139923095703125" lon="7.3642517812550067901611328125">
        <ele>230.399993896484375</ele>
        <time>2026-07-07T05:04:43.000Z</time>
        <extensions>
          <ns3:TrackPointExtension>
            <ns3:hr>181</ns3:hr>
            <ns3:cad>0</ns3:cad>
          </ns3:TrackPointExtension>
        </extensions>
      </trkpt>
      <trkpt lat="43.72615993022918701171875" lon="7.36424046568572521209716796875">
        <ele>231.1999969482421875</ele>
        <time>2026-07-07T05:04:50.000Z</time>
        <extensions>
          <ns3:TrackPointExtension>
            <ns3:hr>180</ns3:hr>
            <ns3:cad>19</ns3:cad>
          </ns3:TrackPointExtension>
        </extensions>
      </trkpt>
      <trkpt lat="43.726156912744045257568359375" lon="7.36422420479357242584228515625">
        <ele>231.600006103515625</ele>
        <time>2026-07-07T05:04:52.000Z</time>
        <extensions>
          <ns3:TrackPointExtension>
            <ns3:hr>180</ns3:hr>
            <ns3:cad>0</ns3:cad>
          </ns3:TrackPointExtension>
        </extensions>
      </trkpt>
      <trkpt lat="43.72616739012300968170166015625" lon="7.36421406269073486328125">
        <ele>231.8000030517578125</ele>
        <time>2026-07-07T05:04:54.000Z</time>
        <extensions>
          <ns3:TrackPointExtension>
            <ns3:hr>180</ns3:hr>
            <ns3:cad>0</ns3:cad>
          </ns3:TrackPointExtension>
        </extensions>
      </trkpt>
      <trkpt lat="43.7261912785470485687255859375" lon="7.3642155714333057403564453125">
        <ele>232.600006103515625</ele>
        <time>2026-07-07T05:04:58.000Z</time>
        <extensions>
          <ns3:TrackPointExtension>
            <ns3:hr>178</ns3:hr>
            <ns3:cad>0</ns3:cad>
          </ns3:TrackPointExtension>
        </extensions>
      </trkpt>
      <trkpt lat="43.72625405900180339813232421875" lon="7.36421599052846431732177734375">
        <ele>233.399993896484375</ele>
        <time>2026-07-07T05:05:05.000Z</time>
        <extensions>
          <ns3:TrackPointExtension>
            <ns3:hr>176</ns3:hr>
            <ns3:cad>0</ns3:cad>
          </ns3:TrackPointExtension>
        </extensions>
      </trkpt>
      <trkpt lat="43.7262875027954578399658203125" lon="7.36419771797955036163330078125">
        <ele>233.600006103515625</ele>
        <time>2026-07-07T05:05:08.000Z</time>
        <extensions>
          <ns3:TrackPointExtension>
            <ns3:hr>177</ns3:hr>
            <ns3:cad>79</ns3:cad>
          </ns3:TrackPointExtension>
        </extensions>
      </trkpt>
      <trkpt lat="43.726327233016490936279296875" lon="7.36417961306869983673095703125">
        <ele>234.1999969482421875</ele>
        <time>2026-07-07T05:05:13.000Z</time>
        <extensions>
          <ns3:TrackPointExtension>
            <ns3:hr>176</ns3:hr>
            <ns3:cad>0</ns3:cad>
          </ns3:TrackPointExtension>
        </extensions>
      </trkpt>
      <trkpt lat="43.7263543903827667236328125" lon="7.3641656152904033660888671875">
        <ele>234.8000030517578125</ele>
        <time>2026-07-07T05:05:17.000Z</time>
        <extensions>
          <ns3:TrackPointExtension>
            <ns3:hr>176</ns3:hr>
            <ns3:cad>0</ns3:cad>
          </ns3:TrackPointExtension>
        </extensions>
      </trkpt>
      <trkpt lat="43.7263719923794269561767578125" lon="7.364160083234310150146484375">
        <ele>235</ele>
        <time>2026-07-07T05:05:20.000Z</time>
        <extensions>
          <ns3:TrackPointExtension>
            <ns3:hr>173</ns3:hr>
            <ns3:cad>0</ns3:cad>
          </ns3:TrackPointExtension>
        </extensions>
      </trkpt>
      <trkpt lat="43.7264085374772548675537109375" lon="7.3641461692750453948974609375">
        <ele>236</ele>
        <time>2026-07-07T05:05:25.000Z</time>
        <extensions>
          <ns3:TrackPointExtension>
            <ns3:hr>173</ns3:hr>
            <ns3:cad>0</ns3:cad>
          </ns3:TrackPointExtension>
        </extensions>
      </trkpt>
      <trkpt lat="43.72641365043818950653076171875" lon="7.36414709128439426422119140625">
        <ele>236</ele>
        <time>2026-07-07T05:05:26.000Z</time>
        <extensions>
          <ns3:TrackPointExtension>
            <ns3:hr>173</ns3:hr>
            <ns3:cad>0</ns3:cad>
          </ns3:TrackPointExtension>
        </extensions>
      </trkpt>
      <trkpt lat="43.72641750611364841461181640625" lon="7.36412890255451202392578125">
        <ele>236.600006103515625</ele>
        <time>2026-07-07T05:05:29.000Z</time>
        <extensions>
          <ns3:TrackPointExtension>
            <ns3:hr>174</ns3:hr>
            <ns3:cad>0</ns3:cad>
          </ns3:TrackPointExtension>
        </extensions>
      </trkpt>
      <trkpt lat="43.72642538510262966156005859375" lon="7.36411490477621555328369140625">
        <ele>237</ele>
        <time>2026-07-07T05:05:32.000Z</time>
        <extensions>
          <ns3:TrackPointExtension>
            <ns3:hr>175</ns3:hr>
            <ns3:cad>76</ns3:cad>
          </ns3:TrackPointExtension>
        </extensions>
      </trkpt>
      <trkpt lat="43.7264455854892730712890625" lon="7.36411876045167446136474609375">
        <ele>237.399993896484375</ele>
        <time>2026-07-07T05:05:36.000Z</time>
        <extensions>
          <ns3:TrackPointExtension>
            <ns3:hr>175</ns3:hr>
            <ns3:cad>0</ns3:cad>
          </ns3:TrackPointExtension>
        </extensions>
      </trkpt>
      <trkpt lat="43.7264477647840976715087890625" lon="7.3641307465732097625732421875">
        <ele>237.600006103515625</ele>
        <time>2026-07-07T05:05:41.000Z</time>
        <extensions>
          <ns3:TrackPointExtension>
            <ns3:hr>174</ns3:hr>
            <ns3:cad>0</ns3:cad>
          </ns3:TrackPointExtension>
        </extensions>
      </trkpt>
      <trkpt lat="43.72644918970763683319091796875" lon="7.3641429841518402099609375">
        <ele>237.399993896484375</ele>
        <time>2026-07-07T05:05:48.000Z</time>
        <extensions>
          <ns3:TrackPointExtension>
            <ns3:hr>173</ns3:hr>
            <ns3:cad>0</ns3:cad>
          </ns3:TrackPointExtension>
        </extensions>
      </trkpt>
      <trkpt lat="43.7264551408588886260986328125" lon="7.36415245570242404937744140625">
        <ele>237.399993896484375</ele>
        <time>2026-07-07T05:05:53.000Z</time>
        <extensions>
          <ns3:TrackPointExtension>
            <ns3:hr>170</ns3:hr>
            <ns3:cad>0</ns3:cad>
          </ns3:TrackPointExtension>
        </extensions>
      </trkpt>
      <trkpt lat="43.72646595351397991180419921875" lon="7.364156059920787811279296875">
        <ele>237.1999969482421875</ele>
        <time>2026-07-07T05:05:55.000Z</time>
        <extensions>
          <ns3:TrackPointExtension>
            <ns3:hr>170</ns3:hr>
            <ns3:cad>0</ns3:cad>
          </ns3:TrackPointExtension>
        </extensions>
      </trkpt>
      <trkpt lat="43.72646637260913848876953125" lon="7.3641656152904033660888671875">
        <ele>237.1999969482421875</ele>
        <time>2026-07-07T05:05:59.000Z</time>
        <extensions>
          <ns3:TrackPointExtension>
            <ns3:hr>167</ns3:hr>
            <ns3:cad>0</ns3:cad>
          </ns3:TrackPointExtension>
        </extensions>
      </trkpt>
      <trkpt lat="43.72646695934236049652099609375" lon="7.36416519619524478912353515625">
        <ele>237.1999969482421875</ele>
        <time>2026-07-07T05:06:00.000Z</time>
        <extensions>
          <ns3:TrackPointExtension>
            <ns3:hr>165</ns3:hr>
            <ns3:cad>0</ns3:cad>
          </ns3:TrackPointExtension>
        </extensions>
      </trkpt>
      <trkpt lat="43.726462014019489288330078125" lon="7.36417659558355808258056640625">
        <ele>237.600006103515625</ele>
        <time>2026-07-07T05:06:04.000Z</time>
        <extensions>
          <ns3:TrackPointExtension>
            <ns3:hr>155</ns3:hr>
            <ns3:cad>0</ns3:cad>
          </ns3:TrackPointExtension>
        </extensions>
      </trkpt>
      <trkpt lat="43.72646293602883815765380859375" lon="7.3641786910593509674072265625">
        <ele>237.600006103515625</ele>
        <time>2026-07-07T05:06:05.000Z</time>
        <extensions>
          <ns3:TrackPointExtension>
            <ns3:hr>153</ns3:hr>
            <ns3:cad>0</ns3:cad>
          </ns3:TrackPointExtension>
        </extensions>
      </trkpt>
      <trkpt lat="43.726463019847869873046875" lon="7.36417123116552829742431640625">
        <ele>237.399993896484375</ele>
        <time>2026-07-07T05:06:09.000Z</time>
        <extensions>
          <ns3:TrackPointExtension>
            <ns3:hr>156</ns3:hr>
            <ns3:cad>0</ns3:cad>
          </ns3:TrackPointExtension>
        </extensions>
      </trkpt>
      <trkpt lat="43.726463019847869873046875" lon="7.36417123116552829742431640625">
        <ele>237.399993896484375</ele>
        <time>2026-07-07T05:06:15.000Z</time>
        <extensions>
          <ns3:TrackPointExtension>
            <ns3:hr>157</ns3:hr>
            <ns3:cad>0</ns3:cad>
          </ns3:TrackPointExtension>
        </extensions>
      </trkpt>
      <trkpt lat="43.7264380417764186859130859375" lon="7.36418883316218852996826171875">
        <ele>237.8000030517578125</ele>
        <time>2026-07-07T05:06:48.000Z</time>
        <extensions>
          <ns3:TrackPointExtension>
            <ns3:hr>154</ns3:hr>
            <ns3:cad>0</ns3:cad>
          </ns3:TrackPointExtension>
        </extensions>
      </trkpt>
      <trkpt lat="43.72643745504319667816162109375" lon="7.36418883316218852996826171875">
        <ele>238</ele>
        <time>2026-07-07T05:06:49.000Z</time>
        <extensions>
          <ns3:TrackPointExtension>
            <ns3:hr>152</ns3:hr>
            <ns3:cad>0</ns3:cad>
          </ns3:TrackPointExtension>
        </extensions>
      </trkpt>
      <trkpt lat="43.72643644921481609344482421875" lon="7.36418883316218852996826171875">
        <ele>238.1999969482421875</ele>
        <time>2026-07-07T05:06:51.000Z</time>
        <extensions>
          <ns3:TrackPointExtension>
            <ns3:hr>148</ns3:hr>
            <ns3:cad>0</ns3:cad>
          </ns3:TrackPointExtension>
        </extensions>
      </trkpt>
      <trkpt lat="43.7264348566532135009765625" lon="7.364189587533473968505859375">
        <ele>238.1999969482421875</ele>
        <time>2026-07-07T05:06:52.000Z</time>
        <extensions>
          <ns3:TrackPointExtension>
            <ns3:hr>140</ns3:hr>
            <ns3:cad>0</ns3:cad>
          </ns3:TrackPointExtension>
        </extensions>
      </trkpt>
      <trkpt lat="43.72643426991999149322509765625" lon="7.36418967135250568389892578125">
        <ele>238.1999969482421875</ele>
        <time>2026-07-07T05:06:53.000Z</time>
        <extensions>
          <ns3:TrackPointExtension>
            <ns3:hr>136</ns3:hr>
            <ns3:cad>0</ns3:cad>
          </ns3:TrackPointExtension>
        </extensions>
      </trkpt>
      <trkpt lat="43.72643393464386463165283203125" lon="7.36419285647571086883544921875">
        <ele>238.399993896484375</ele>
        <time>2026-07-07T05:06:55.000Z</time>
        <extensions>
          <ns3:TrackPointExtension>
            <ns3:hr>133</ns3:hr>
            <ns3:cad>0</ns3:cad>
          </ns3:TrackPointExtension>
        </extensions>
      </trkpt>
      <trkpt lat="43.72643326409161090850830078125" lon="7.36420040018856525421142578125">
        <ele>239</ele>
        <time>2026-07-07T05:07:00.000Z</time>
        <extensions>
          <ns3:TrackPointExtension>
            <ns3:hr>133</ns3:hr>
            <ns3:cad>0</ns3:cad>
          </ns3:TrackPointExtension>
        </extensions>
      </trkpt>
      <trkpt lat="43.7264360301196575164794921875" lon="7.36421582289040088653564453125">
        <ele>239.8000030517578125</ele>
        <time>2026-07-07T05:07:19.000Z</time>
        <extensions>
          <ns3:TrackPointExtension>
            <ns3:hr>137</ns3:hr>
            <ns3:cad>0</ns3:cad>
          </ns3:TrackPointExtension>
        </extensions>
      </trkpt>
      <trkpt lat="43.7264360301196575164794921875" lon="7.3642172478139400482177734375">
        <ele>240</ele>
        <time>2026-07-07T05:07:23.000Z</time>
        <extensions>
          <ns3:TrackPointExtension>
            <ns3:hr>141</ns3:hr>
            <ns3:cad>0</ns3:cad>
          </ns3:TrackPointExtension>
        </extensions>
      </trkpt>
      <trkpt lat="43.7264360301196575164794921875" lon="7.36421850509941577911376953125">
        <ele>240</ele>
        <time>2026-07-07T05:07:25.000Z</time>
        <extensions>
          <ns3:TrackPointExtension>
            <ns3:hr>146</ns3:hr>
            <ns3:cad>0</ns3:cad>
          </ns3:TrackPointExtension>
        </extensions>
      </trkpt>
      <trkpt lat="43.72643175534904003143310546875" lon="7.364220432937145233154296875">
        <ele>240.399993896484375</ele>
        <time>2026-07-07T05:07:31.000Z</time>
        <extensions>
          <ns3:TrackPointExtension>
            <ns3:hr>149</ns3:hr>
            <ns3:cad>0</ns3:cad>
          </ns3:TrackPointExtension>
        </extensions>
      </trkpt>
      <trkpt lat="43.726465702056884765625" lon="7.36421783454716205596923828125">
        <ele>241.1999969482421875</ele>
        <time>2026-07-07T05:07:37.000Z</time>
        <extensions>
          <ns3:TrackPointExtension>
            <ns3:hr>149</ns3:hr>
            <ns3:cad>0</ns3:cad>
          </ns3:TrackPointExtension>
        </extensions>
      </trkpt>
      <trkpt lat="43.7264782749116420745849609375" lon="7.3642182536423206329345703125">
        <ele>241.600006103515625</ele>
        <time>2026-07-07T05:07:38.000Z</time>
        <extensions>
          <ns3:TrackPointExtension>
            <ns3:hr>149</ns3:hr>
            <ns3:cad>0</ns3:cad>
          </ns3:TrackPointExtension>
        </extensions>
      </trkpt>
      <trkpt lat="43.72649059630930423736572265625" lon="7.36422353424131870269775390625">
        <ele>242.1999969482421875</ele>
        <time>2026-07-07T05:07:41.000Z</time>
        <extensions>
          <ns3:TrackPointExtension>
            <ns3:hr>148</ns3:hr>
            <ns3:cad>0</ns3:cad>
          </ns3:TrackPointExtension>
        </extensions>
      </trkpt>
      <trkpt lat="43.72649478726089000701904296875" lon="7.36422940157353878021240234375">
        <ele>242.399993896484375</ele>
        <time>2026-07-07T05:07:43.000Z</time>
        <extensions>
          <ns3:TrackPointExtension>
            <ns3:hr>149</ns3:hr>
            <ns3:cad>0</ns3:cad>
          </ns3:TrackPointExtension>
        </extensions>
      </trkpt>
      <trkpt lat="43.72651859186589717864990234375" lon="7.3642149008810520172119140625">
        <ele>242.8000030517578125</ele>
        <time>2026-07-07T05:07:49.000Z</time>
        <extensions>
          <ns3:TrackPointExtension>
            <ns3:hr>152</ns3:hr>
            <ns3:cad>0</ns3:cad>
          </ns3:TrackPointExtension>
        </extensions>
      </trkpt>
      <trkpt lat="43.7265252135694026947021484375" lon="7.36421062611043453216552734375">
        <ele>242.8000030517578125</ele>
        <time>2026-07-07T05:07:50.000Z</time>
        <extensions>
          <ns3:TrackPointExtension>
            <ns3:hr>152</ns3:hr>
            <ns3:cad>0</ns3:cad>
          </ns3:TrackPointExtension>
        </extensions>
      </trkpt>
      <trkpt lat="43.72653569094836711883544921875" lon="7.364205680787563323974609375">
        <ele>243.399993896484375</ele>
        <time>2026-07-07T05:07:52.000Z</time>
        <extensions>
          <ns3:TrackPointExtension>
            <ns3:hr>152</ns3:hr>
            <ns3:cad>0</ns3:cad>
          </ns3:TrackPointExtension>
        </extensions>
      </trkpt>
      <trkpt lat="43.72653208673000335693359375" lon="7.3641924373805522918701171875">
        <ele>244</ele>
        <time>2026-07-07T05:07:56.000Z</time>
        <extensions>
          <ns3:TrackPointExtension>
            <ns3:hr>153</ns3:hr>
            <ns3:cad>0</ns3:cad>
          </ns3:TrackPointExtension>
        </extensions>
      </trkpt>
      <trkpt lat="43.7265292368829250335693359375" lon="7.364183552563190460205078125">
        <ele>244</ele>
        <time>2026-07-07T05:07:57.000Z</time>
        <extensions>
          <ns3:TrackPointExtension>
            <ns3:hr>156</ns3:hr>
            <ns3:cad>0</ns3:cad>
          </ns3:TrackPointExtension>
        </extensions>
      </trkpt>
      <trkpt lat="43.72652160935103893280029296875" lon="7.36414910294115543365478515625">
        <ele>244.399993896484375</ele>
        <time>2026-07-07T05:08:00.000Z</time>
        <extensions>
          <ns3:TrackPointExtension>
            <ns3:hr>157</ns3:hr>
            <ns3:cad>0</ns3:cad>
          </ns3:TrackPointExtension>
        </extensions>
      </trkpt>
      <trkpt lat="43.726503588259220123291015625" lon="7.36413284204900264739990234375">
        <ele>245.1999969482421875</ele>
        <time>2026-07-07T05:08:03.000Z</time>
        <extensions>
          <ns3:TrackPointExtension>
            <ns3:hr>160</ns3:hr>
            <ns3:cad>53</ns3:cad>
          </ns3:TrackPointExtension>
        </extensions>
      </trkpt>
      <trkpt lat="43.726500570774078369140625" lon="7.36412764526903629302978515625">
        <ele>245.399993896484375</ele>
        <time>2026-07-07T05:08:04.000Z</time>
        <extensions>
          <ns3:TrackPointExtension>
            <ns3:hr>160</ns3:hr>
            <ns3:cad>53</ns3:cad>
          </ns3:TrackPointExtension>
        </extensions>
      </trkpt>
      <trkpt lat="43.72649260796606540679931640625" lon="7.36412613652646541595458984375">
        <ele>245.399993896484375</ele>
        <time>2026-07-07T05:08:05.000Z</time>
        <extensions>
          <ns3:TrackPointExtension>
            <ns3:hr>161</ns3:hr>
            <ns3:cad>0</ns3:cad>
          </ns3:TrackPointExtension>
        </extensions>
      </trkpt>
      <trkpt lat="43.7264750897884368896484375" lon="7.36411976628005504608154296875">
        <ele>246</ele>
        <time>2026-07-07T05:08:08.000Z</time>
        <extensions>
          <ns3:TrackPointExtension>
            <ns3:hr>164</ns3:hr>
            <ns3:cad>0</ns3:cad>
          </ns3:TrackPointExtension>
        </extensions>
      </trkpt>
      <trkpt lat="43.72645807452499866485595703125" lon="7.3641069419682025909423828125">
        <ele>246.8000030517578125</ele>
        <time>2026-07-07T05:08:11.000Z</time>
        <extensions>
          <ns3:TrackPointExtension>
            <ns3:hr>165</ns3:hr>
            <ns3:cad>0</ns3:cad>
          </ns3:TrackPointExtension>
        </extensions>
      </trkpt>
      <trkpt lat="43.726454637944698333740234375" lon="7.3640901781618595123291015625">
        <ele>247</ele>
        <time>2026-07-07T05:08:13.000Z</time>
        <extensions>
          <ns3:TrackPointExtension>
            <ns3:hr>166</ns3:hr>
            <ns3:cad>0</ns3:cad>
          </ns3:TrackPointExtension>
        </extensions>
      </trkpt>
      <trkpt lat="43.72646662406623363494873046875" lon="7.36404952593147754669189453125">
        <ele>248</ele>
        <time>2026-07-07T05:08:17.000Z</time>
        <extensions>
          <ns3:TrackPointExtension>
            <ns3:hr>167</ns3:hr>
            <ns3:cad>0</ns3:cad>
          </ns3:TrackPointExtension>
        </extensions>
      </trkpt>
      <trkpt lat="43.72647517360746860504150390625" lon="7.364042066037654876708984375">
        <ele>248.1999969482421875</ele>
        <time>2026-07-07T05:08:18.000Z</time>
        <extensions>
          <ns3:TrackPointExtension>
            <ns3:hr>168</ns3:hr>
            <ns3:cad>0</ns3:cad>
          </ns3:TrackPointExtension>
        </extensions>
      </trkpt>
      <trkpt lat="43.72649998404085636138916015625" lon="7.364038042724132537841796875">
        <ele>249.1999969482421875</ele>
        <time>2026-07-07T05:08:22.000Z</time>
        <extensions>
          <ns3:TrackPointExtension>
            <ns3:hr>171</ns3:hr>
            <ns3:cad>0</ns3:cad>
          </ns3:TrackPointExtension>
        </extensions>
      </trkpt>
      <trkpt lat="43.72652814723551273345947265625" lon="7.36401549540460109710693359375">
        <ele>249.600006103515625</ele>
        <time>2026-07-07T05:08:25.000Z</time>
        <extensions>
          <ns3:TrackPointExtension>
            <ns3:hr>171</ns3:hr>
            <ns3:cad>0</ns3:cad>
          </ns3:TrackPointExtension>
        </extensions>
      </trkpt>
      <trkpt lat="43.7265367805957794189453125" lon="7.3639952950179576873779296875">
        <ele>250.399993896484375</ele>
        <time>2026-07-07T05:08:29.000Z</time>
        <extensions>
          <ns3:TrackPointExtension>
            <ns3:hr>174</ns3:hr>
            <ns3:cad>0</ns3:cad>
          </ns3:TrackPointExtension>
        </extensions>
      </trkpt>
      <trkpt lat="43.72656988911330699920654296875" lon="7.363989762961864471435546875">
        <ele>251.399993896484375</ele>
        <time>2026-07-07T05:08:34.000Z</time>
        <extensions>
          <ns3:TrackPointExtension>
            <ns3:hr>176</ns3:hr>
            <ns3:cad>0</ns3:cad>
          </ns3:TrackPointExtension>
        </extensions>
      </trkpt>
      <trkpt lat="43.72657374478876590728759765625" lon="7.36398817040026187896728515625">
        <ele>251.399993896484375</ele>
        <time>2026-07-07T05:08:35.000Z</time>
        <extensions>
          <ns3:TrackPointExtension>
            <ns3:hr>177</ns3:hr>
            <ns3:cad>0</ns3:cad>
          </ns3:TrackPointExtension>
        </extensions>
      </trkpt>
      <trkpt lat="43.7265979684889316558837890625" lon="7.363990433514118194580078125">
        <ele>252.600006103515625</ele>
        <time>2026-07-07T05:08:40.000Z</time>
        <extensions>
          <ns3:TrackPointExtension>
            <ns3:hr>176</ns3:hr>
            <ns3:cad>0</ns3:cad>
          </ns3:TrackPointExtension>
        </extensions>
      </trkpt>
      <trkpt lat="43.7266046740114688873291015625" lon="7.36398967914283275604248046875">
        <ele>252.600006103515625</ele>
        <time>2026-07-07T05:08:41.000Z</time>
        <extensions>
          <ns3:TrackPointExtension>
            <ns3:hr>176</ns3:hr>
            <ns3:cad>0</ns3:cad>
          </ns3:TrackPointExtension>
        </extensions>
      </trkpt>
      <trkpt lat="43.7266462482511997222900390625" lon="7.36398230306804180145263671875">
        <ele>253.8000030517578125</ele>
        <time>2026-07-07T05:08:46.000Z</time>
        <extensions>
          <ns3:TrackPointExtension>
            <ns3:hr>177</ns3:hr>
            <ns3:cad>0</ns3:cad>
          </ns3:TrackPointExtension>
        </extensions>
      </trkpt>
      <trkpt lat="43.72665873728692531585693359375" lon="7.3639852367341518402099609375">
        <ele>254</ele>
        <time>2026-07-07T05:08:48.000Z</time>
        <extensions>
          <ns3:TrackPointExtension>
            <ns3:hr>177</ns3:hr>
            <ns3:cad>0</ns3:cad>
          </ns3:TrackPointExtension>
        </extensions>
      </trkpt>
      <trkpt lat="43.726683966815471649169921875" lon="7.36401029862463474273681640625">
        <ele>254.8000030517578125</ele>
        <time>2026-07-07T05:08:52.000Z</time>
        <extensions>
          <ns3:TrackPointExtension>
            <ns3:hr>178</ns3:hr>
            <ns3:cad>0</ns3:cad>
          </ns3:TrackPointExtension>
        </extensions>
      </trkpt>
      <trkpt lat="43.72670500539243221282958984375" lon="7.36402035690844058990478515625">
        <ele>255.399993896484375</ele>
        <time>2026-07-07T05:08:55.000Z</time>
        <extensions>
          <ns3:TrackPointExtension>
            <ns3:hr>177</ns3:hr>
            <ns3:cad>0</ns3:cad>
          </ns3:TrackPointExtension>
        </extensions>
      </trkpt>
      <trkpt lat="43.7267122976481914520263671875" lon="7.364036031067371368408203125">
        <ele>256</ele>
        <time>2026-07-07T05:08:58.000Z</time>
        <extensions>
          <ns3:TrackPointExtension>
            <ns3:hr>178</ns3:hr>
            <ns3:cad>0</ns3:cad>
          </ns3:TrackPointExtension>
        </extensions>
      </trkpt>
      <trkpt lat="43.72671489603817462921142578125" lon="7.3640429042279720306396484375">
        <ele>256.399993896484375</ele>
        <time>2026-07-07T05:09:00.000Z</time>
        <extensions>
          <ns3:TrackPointExtension>
            <ns3:hr>178</ns3:hr>
            <ns3:cad>0</ns3:cad>
          </ns3:TrackPointExtension>
        </extensions>
      </trkpt>
      <trkpt lat="43.7267464958131313323974609375" lon="7.3640479333698749542236328125">
        <ele>257</ele>
        <time>2026-07-07T05:09:06.000Z</time>
        <extensions>
          <ns3:TrackPointExtension>
            <ns3:hr>180</ns3:hr>
            <ns3:cad>0</ns3:cad>
          </ns3:TrackPointExtension>
        </extensions>
      </trkpt>
      <trkpt lat="43.72676954604685306549072265625" lon="7.3640489391982555389404296875">
        <ele>258</ele>
        <time>2026-07-07T05:09:09.000Z</time>
        <extensions>
          <ns3:TrackPointExtension>
            <ns3:hr>179</ns3:hr>
            <ns3:cad>0</ns3:cad>
          </ns3:TrackPointExtension>
        </extensions>
      </trkpt>
      <trkpt lat="43.72677323408424854278564453125" lon="7.3640472628176212310791015625">
        <ele>258.20001220703125</ele>
        <time>2026-07-07T05:09:10.000Z</time>
        <extensions>
          <ns3:TrackPointExtension>
            <ns3:hr>179</ns3:hr>
            <ns3:cad>0</ns3:cad>
          </ns3:TrackPointExtension>
        </extensions>
      </trkpt>
      <trkpt lat="43.72680961154401302337646484375" lon="7.36404441297054290771484375">
        <ele>259.20001220703125</ele>
        <time>2026-07-07T05:09:15.000Z</time>
        <extensions>
          <ns3:TrackPointExtension>
            <ns3:hr>180</ns3:hr>
            <ns3:cad>0</ns3:cad>
          </ns3:TrackPointExtension>
        </extensions>
      </trkpt>
      <trkpt lat="43.72681916691362857818603515625" lon="7.36404315568506717681884765625">
        <ele>259.79998779296875</ele>
        <time>2026-07-07T05:09:17.000Z</time>
        <extensions>
          <ns3:TrackPointExtension>
            <ns3:hr>180</ns3:hr>
            <ns3:cad>0</ns3:cad>
          </ns3:TrackPointExtension>
        </extensions>
      </trkpt>
      <trkpt lat="43.72683660127222537994384765625" lon="7.36404709517955780029296875">
        <ele>260.399993896484375</ele>
        <time>2026-07-07T05:09:20.000Z</time>
        <extensions>
          <ns3:TrackPointExtension>
            <ns3:hr>181</ns3:hr>
            <ns3:cad>53</ns3:cad>
          </ns3:TrackPointExtension>
        </extensions>
      </trkpt>
      <trkpt lat="43.72687348164618015289306640625" lon="7.3640546388924121856689453125">
        <ele>261.399993896484375</ele>
        <time>2026-07-07T05:09:26.000Z</time>
        <extensions>
          <ns3:TrackPointExtension>
            <ns3:hr>181</ns3:hr>
            <ns3:cad>60</ns3:cad>
          </ns3:TrackPointExtension>
        </extensions>
      </trkpt>
      <trkpt lat="43.72689091600477695465087890625" lon="7.3640526272356510162353515625">
        <ele>261.600006103515625</ele>
        <time>2026-07-07T05:09:28.000Z</time>
        <extensions>
          <ns3:TrackPointExtension>
            <ns3:hr>181</ns3:hr>
            <ns3:cad>60</ns3:cad>
          </ns3:TrackPointExtension>
        </extensions>
      </trkpt>
      <trkpt lat="43.72692729346454143524169921875" lon="7.3640385456383228302001953125">
        <ele>263</ele>
        <time>2026-07-07T05:09:34.000Z</time>
        <extensions>
          <ns3:TrackPointExtension>
            <ns3:hr>182</ns3:hr>
            <ns3:cad>0</ns3:cad>
          </ns3:TrackPointExtension>
        </extensions>
      </trkpt>
      <trkpt lat="43.72697741724550724029541015625" lon="7.36402505077421665191650390625">
        <ele>264</ele>
        <time>2026-07-07T05:09:41.000Z</time>
        <extensions>
          <ns3:TrackPointExtension>
            <ns3:hr>182</ns3:hr>
            <ns3:cad>0</ns3:cad>
          </ns3:TrackPointExtension>
        </extensions>
      </trkpt>
      <trkpt lat="43.72698412276804447174072265625" lon="7.36402102746069431304931640625">
        <ele>264.399993896484375</ele>
        <time>2026-07-07T05:09:42.000Z</time>
        <extensions>
          <ns3:TrackPointExtension>
            <ns3:hr>182</ns3:hr>
            <ns3:cad>0</ns3:cad>
          </ns3:TrackPointExtension>
        </extensions>
      </trkpt>
      <trkpt lat="43.72702351771295070648193359375" lon="7.364002168178558349609375">
        <ele>265.399993896484375</ele>
        <time>2026-07-07T05:09:46.000Z</time>
        <extensions>
          <ns3:TrackPointExtension>
            <ns3:hr>182</ns3:hr>
            <ns3:cad>0</ns3:cad>
          </ns3:TrackPointExtension>
        </extensions>
      </trkpt>
      <trkpt lat="43.7270408682525157928466796875" lon="7.36399923451244831085205078125">
        <ele>265.600006103515625</ele>
        <time>2026-07-07T05:09:48.000Z</time>
        <extensions>
          <ns3:TrackPointExtension>
            <ns3:hr>182</ns3:hr>
            <ns3:cad>0</ns3:cad>
          </ns3:TrackPointExtension>
        </extensions>
      </trkpt>
      <trkpt lat="43.72706106863915920257568359375" lon="7.36402236856520175933837890625">
        <ele>266.399993896484375</ele>
        <time>2026-07-07T05:09:52.000Z</time>
        <extensions>
          <ns3:TrackPointExtension>
            <ns3:hr>183</ns3:hr>
            <ns3:cad>0</ns3:cad>
          </ns3:TrackPointExtension>
        </extensions>
      </trkpt>
      <trkpt lat="43.72707196511328220367431640625" lon="7.36401893198490142822265625">
        <ele>266.600006103515625</ele>
        <time>2026-07-07T05:09:53.000Z</time>
        <extensions>
          <ns3:TrackPointExtension>
            <ns3:hr>183</ns3:hr>
            <ns3:cad>0</ns3:cad>
          </ns3:TrackPointExtension>
        </extensions>
      </trkpt>
      <trkpt lat="43.72711052186787128448486328125" lon="7.3640237934887409210205078125">
        <ele>267.79998779296875</ele>
        <time>2026-07-07T05:09:58.000Z</time>
        <extensions>
          <ns3:TrackPointExtension>
            <ns3:hr>183</ns3:hr>
            <ns3:cad>0</ns3:cad>
          </ns3:TrackPointExtension>
        </extensions>
      </trkpt>
      <trkpt lat="43.72712627984583377838134765625" lon="7.36403645016252994537353515625">
        <ele>268.20001220703125</ele>
        <time>2026-07-07T05:10:00.000Z</time>
        <extensions>
          <ns3:TrackPointExtension>
            <ns3:hr>183</ns3:hr>
            <ns3:cad>0</ns3:cad>
          </ns3:TrackPointExtension>
        </extensions>
      </trkpt>
      <trkpt lat="43.72714438475668430328369140625" lon="7.3640596680343151092529296875">
        <ele>268.79998779296875</ele>
        <time>2026-07-07T05:10:04.000Z</time>
        <extensions>
          <ns3:TrackPointExtension>
            <ns3:hr>184</ns3:hr>
            <ns3:cad>0</ns3:cad>
          </ns3:TrackPointExtension>
        </extensions>
      </trkpt>
      <trkpt lat="43.7271575443446636199951171875" lon="7.36407014541327953338623046875">
        <ele>269.79998779296875</ele>
        <time>2026-07-07T05:10:08.000Z</time>
        <extensions>
          <ns3:TrackPointExtension>
            <ns3:hr>183</ns3:hr>
            <ns3:cad>0</ns3:cad>
          </ns3:TrackPointExtension>
        </extensions>
      </trkpt>
      <trkpt lat="43.72719199396669864654541015625" lon="7.36407366581261157989501953125">
        <ele>270.79998779296875</ele>
        <time>2026-07-07T05:10:14.000Z</time>
        <extensions>
          <ns3:TrackPointExtension>
            <ns3:hr>183</ns3:hr>
            <ns3:cad>0</ns3:cad>
          </ns3:TrackPointExtension>
        </extensions>
      </trkpt>
      <trkpt lat="43.727200962603092193603515625" lon="7.36407333053648471832275390625">
        <ele>271.399993896484375</ele>
        <time>2026-07-07T05:10:15.000Z</time>
        <extensions>
          <ns3:TrackPointExtension>
            <ns3:hr>183</ns3:hr>
            <ns3:cad>0</ns3:cad>
          </ns3:TrackPointExtension>
        </extensions>
      </trkpt>
      <trkpt lat="43.72723625041544437408447265625" lon="7.3640532977879047393798828125">
        <ele>272</ele>
        <time>2026-07-07T05:10:19.000Z</time>
        <extensions>
          <ns3:TrackPointExtension>
            <ns3:hr>183</ns3:hr>
            <ns3:cad>68</ns3:cad>
          </ns3:TrackPointExtension>
        </extensions>
      </trkpt>
      <trkpt lat="43.7272765673696994781494140625" lon="7.36406779848039150238037109375">
        <ele>272.399993896484375</ele>
        <time>2026-07-07T05:10:23.000Z</time>
        <extensions>
          <ns3:TrackPointExtension>
            <ns3:hr>183</ns3:hr>
            <ns3:cad>0</ns3:cad>
          </ns3:TrackPointExtension>
        </extensions>
      </trkpt>
      <trkpt lat="43.727295510470867156982421875" lon="7.36407282762229442596435546875">
        <ele>272.600006103515625</ele>
        <time>2026-07-07T05:10:25.000Z</time>
        <extensions>
          <ns3:TrackPointExtension>
            <ns3:hr>183</ns3:hr>
            <ns3:cad>0</ns3:cad>
          </ns3:TrackPointExtension>
        </extensions>
      </trkpt>
      <trkpt lat="43.727330379188060760498046875" lon="7.364097051322460174560546875">
        <ele>273.600006103515625</ele>
        <time>2026-07-07T05:10:29.000Z</time>
        <extensions>
          <ns3:TrackPointExtension>
            <ns3:hr>184</ns3:hr>
            <ns3:cad>0</ns3:cad>
          </ns3:TrackPointExtension>
        </extensions>
      </trkpt>
      <trkpt lat="43.72735644690692424774169921875" lon="7.364110462367534637451171875">
        <ele>273.79998779296875</ele>
        <time>2026-07-07T05:10:31.000Z</time>
        <extensions>
          <ns3:TrackPointExtension>
            <ns3:hr>184</ns3:hr>
            <ns3:cad>0</ns3:cad>
          </ns3:TrackPointExtension>
        </extensions>
      </trkpt>
      <trkpt lat="43.72738477773964405059814453125" lon="7.36414222978055477142333984375">
        <ele>274.20001220703125</ele>
        <time>2026-07-07T05:10:36.000Z</time>
        <extensions>
          <ns3:TrackPointExtension>
            <ns3:hr>184</ns3:hr>
            <ns3:cad>0</ns3:cad>
          </ns3:TrackPointExtension>
        </extensions>
      </trkpt>
      <trkpt lat="43.727476559579372406005859375" lon="7.36420609988272190093994140625">
        <ele>273.79998779296875</ele>
        <time>2026-07-07T05:10:44.000Z</time>
        <extensions>
          <ns3:TrackPointExtension>
            <ns3:hr>182</ns3:hr>
            <ns3:cad>0</ns3:cad>
          </ns3:TrackPointExtension>
        </extensions>
      </trkpt>
      <trkpt lat="43.7275417707860469818115234375" lon="7.364259995520114898681640625">
        <ele>274</ele>
        <time>2026-07-07T05:10:51.000Z</time>
        <extensions>
          <ns3:TrackPointExtension>
            <ns3:hr>179</ns3:hr>
            <ns3:cad>48</ns3:cad>
          </ns3:TrackPointExtension>
        </extensions>
      </trkpt>
      <trkpt lat="43.7275551818311214447021484375" lon="7.36427617259323596954345703125">
        <ele>273.79998779296875</ele>
        <time>2026-07-07T05:10:53.000Z</time>
        <extensions>
          <ns3:TrackPointExtension>
            <ns3:hr>179</ns3:hr>
            <ns3:cad>0</ns3:cad>
          </ns3:TrackPointExtension>
        </extensions>
      </trkpt>
      <trkpt lat="43.72757487930357456207275390625" lon="7.36429142765700817108154296875">
        <ele>273.20001220703125</ele>
        <time>2026-07-07T05:10:56.000Z</time>
        <extensions>
          <ns3:TrackPointExtension>
            <ns3:hr>176</ns3:hr>
            <ns3:cad>0</ns3:cad>
          </ns3:TrackPointExtension>
        </extensions>
      </trkpt>
      <trkpt lat="43.72760631144046783447265625" lon="7.3643117956817150115966796875">
        <ele>273.20001220703125</ele>
        <time>2026-07-07T05:11:00.000Z</time>
        <extensions>
          <ns3:TrackPointExtension>
            <ns3:hr>173</ns3:hr>
            <ns3:cad>0</ns3:cad>
          </ns3:TrackPointExtension>
        </extensions>
      </trkpt>
      <trkpt lat="43.7276215665042400360107421875" lon="7.3643221892416477203369140625">
        <ele>273.20001220703125</ele>
        <time>2026-07-07T05:11:01.000Z</time>
        <extensions>
          <ns3:TrackPointExtension>
            <ns3:hr>173</ns3:hr>
            <ns3:cad>0</ns3:cad>
          </ns3:TrackPointExtension>
        </extensions>
      </trkpt>
      <trkpt lat="43.72766087763011455535888671875" lon="7.3643731512129306793212890625">
        <ele>273</ele>
        <time>2026-07-07T05:11:05.000Z</time>
        <extensions>
          <ns3:TrackPointExtension>
            <ns3:hr>170</ns3:hr>
            <ns3:cad>51</ns3:cad>
          </ns3:TrackPointExtension>
        </extensions>
      </trkpt>
      <trkpt lat="43.7276839278638362884521484375" lon="7.3644050024449825286865234375">
        <ele>273.20001220703125</ele>
        <time>2026-07-07T05:11:08.000Z</time>
        <extensions>
          <ns3:TrackPointExtension>
            <ns3:hr>167</ns3:hr>
            <ns3:cad>53</ns3:cad>
          </ns3:TrackPointExtension>
        </extensions>
      </trkpt>
      <trkpt lat="43.72769122011959552764892578125" lon="7.364409528672695159912109375">
        <ele>273.399993896484375</ele>
        <time>2026-07-07T05:11:09.000Z</time>
        <extensions>
          <ns3:TrackPointExtension>
            <ns3:hr>165</ns3:hr>
            <ns3:cad>53</ns3:cad>
          </ns3:TrackPointExtension>
        </extensions>
      </trkpt>
      <trkpt lat="43.7277080677449703216552734375" lon="7.36442319117486476898193359375">
        <ele>273.79998779296875</ele>
        <time>2026-07-07T05:11:12.000Z</time>
        <extensions>
          <ns3:TrackPointExtension>
            <ns3:hr>165</ns3:hr>
            <ns3:cad>0</ns3:cad>
          </ns3:TrackPointExtension>
        </extensions>
      </trkpt>
      <trkpt lat="43.72772290371358394622802734375" lon="7.36442654393613338470458984375">
        <ele>273.600006103515625</ele>
        <time>2026-07-07T05:11:14.000Z</time>
        <extensions>
          <ns3:TrackPointExtension>
            <ns3:hr>165</ns3:hr>
            <ns3:cad>0</ns3:cad>
          </ns3:TrackPointExtension>
        </extensions>
      </trkpt>
      <trkpt lat="43.727728016674518585205078125" lon="7.3644720576703548431396484375">
        <ele>272.79998779296875</ele>
        <time>2026-07-07T05:11:19.000Z</time>
        <extensions>
          <ns3:TrackPointExtension>
            <ns3:hr>164</ns3:hr>
            <ns3:cad>0</ns3:cad>
          </ns3:TrackPointExtension>
        </extensions>
      </trkpt>
      <trkpt lat="43.72773027978837490081787109375" lon="7.36448806710541248321533203125">
        <ele>272.399993896484375</ele>
        <time>2026-07-07T05:11:22.000Z</time>
        <extensions>
          <ns3:TrackPointExtension>
            <ns3:hr>163</ns3:hr>
            <ns3:cad>0</ns3:cad>
          </ns3:TrackPointExtension>
        </extensions>
      </trkpt>
      <trkpt lat="43.72772340662777423858642578125" lon="7.36450466327369213104248046875">
        <ele>271.79998779296875</ele>
        <time>2026-07-07T05:11:25.000Z</time>
        <extensions>
          <ns3:TrackPointExtension>
            <ns3:hr>162</ns3:hr>
            <ns3:cad>0</ns3:cad>
          </ns3:TrackPointExtension>
        </extensions>
      </trkpt>
      <trkpt lat="43.72772089205682277679443359375" lon="7.3645035736262798309326171875">
        <ele>271.399993896484375</ele>
        <time>2026-07-07T05:11:26.000Z</time>
        <extensions>
          <ns3:TrackPointExtension>
            <ns3:hr>162</ns3:hr>
            <ns3:cad>0</ns3:cad>
          </ns3:TrackPointExtension>
        </extensions>
      </trkpt>
      <trkpt lat="43.7277221493422985076904296875" lon="7.3645531944930553436279296875">
        <ele>270.79998779296875</ele>
        <time>2026-07-07T05:11:31.000Z</time>
        <extensions>
          <ns3:TrackPointExtension>
            <ns3:hr>159</ns3:hr>
            <ns3:cad>0</ns3:cad>
          </ns3:TrackPointExtension>
        </extensions>
      </trkpt>
      <trkpt lat="43.72771670110523700714111328125" lon="7.3645562119781970977783203125">
        <ele>270.399993896484375</ele>
        <time>2026-07-07T05:11:32.000Z</time>
        <extensions>
          <ns3:TrackPointExtension>
            <ns3:hr>160</ns3:hr>
            <ns3:cad>0</ns3:cad>
          </ns3:TrackPointExtension>
        </extensions>
      </trkpt>
      <trkpt lat="43.727708570659160614013671875" lon="7.36457020975649356842041015625">
        <ele>270</ele>
        <time>2026-07-07T05:11:34.000Z</time>
        <extensions>
          <ns3:TrackPointExtension>
            <ns3:hr>160</ns3:hr>
            <ns3:cad>0</ns3:cad>
          </ns3:TrackPointExtension>
        </extensions>
      </trkpt>
      <trkpt lat="43.7277332134544849395751953125" lon="7.36463659442961215972900390625">
        <ele>269.600006103515625</ele>
        <time>2026-07-07T05:11:39.000Z</time>
        <extensions>
          <ns3:TrackPointExtension>
            <ns3:hr>159</ns3:hr>
            <ns3:cad>0</ns3:cad>
          </ns3:TrackPointExtension>
        </extensions>
      </trkpt>
      <trkpt lat="43.72779968194663524627685546875" lon="7.3646527715027332305908203125">
        <ele>270.399993896484375</ele>
        <time>2026-07-07T05:11:45.000Z</time>
        <extensions>
          <ns3:TrackPointExtension>
            <ns3:hr>158</ns3:hr>
            <ns3:cad>47</ns3:cad>
          </ns3:TrackPointExtension>
        </extensions>
      </trkpt>
      <trkpt lat="43.7278307788074016571044921875" lon="7.36464464105665683746337890625">
        <ele>271.399993896484375</ele>
        <time>2026-07-07T05:11:51.000Z</time>
        <extensions>
          <ns3:TrackPointExtension>
            <ns3:hr>159</ns3:hr>
            <ns3:cad>0</ns3:cad>
          </ns3:TrackPointExtension>
        </extensions>
      </trkpt>
      <trkpt lat="43.72783807106316089630126953125" lon="7.36463609151542186737060546875">
        <ele>271.399993896484375</ele>
        <time>2026-07-07T05:11:52.000Z</time>
        <extensions>
          <ns3:TrackPointExtension>
            <ns3:hr>159</ns3:hr>
            <ns3:cad>0</ns3:cad>
          </ns3:TrackPointExtension>
        </extensions>
      </trkpt>
      <trkpt lat="43.72785299085080623626708984375" lon="7.36460222862660884857177734375">
        <ele>272.399993896484375</ele>
        <time>2026-07-07T05:11:56.000Z</time>
        <extensions>
          <ns3:TrackPointExtension>
            <ns3:hr>159</ns3:hr>
            <ns3:cad>0</ns3:cad>
          </ns3:TrackPointExtension>
        </extensions>
      </trkpt>
      <trkpt lat="43.72785575687885284423828125" lon="7.3645897395908832550048828125">
        <ele>272.399993896484375</ele>
        <time>2026-07-07T05:11:57.000Z</time>
        <extensions>
          <ns3:TrackPointExtension>
            <ns3:hr>160</ns3:hr>
            <ns3:cad>0</ns3:cad>
          </ns3:TrackPointExtension>
        </extensions>
      </trkpt>
      <trkpt lat="43.72785768471658229827880859375" lon="7.3645340837538242340087890625">
        <ele>273.20001220703125</ele>
        <time>2026-07-07T05:12:01.000Z</time>
        <extensions>
          <ns3:TrackPointExtension>
            <ns3:hr>164</ns3:hr>
            <ns3:cad>0</ns3:cad>
          </ns3:TrackPointExtension>
        </extensions>
      </trkpt>
      <trkpt lat="43.7278591096401214599609375" lon="7.36452260054647922515869140625">
        <ele>273.79998779296875</ele>
        <time>2026-07-07T05:12:02.000Z</time>
        <extensions>
          <ns3:TrackPointExtension>
            <ns3:hr>166</ns3:hr>
            <ns3:cad>0</ns3:cad>
          </ns3:TrackPointExtension>
        </extensions>
      </trkpt>
      <trkpt lat="43.72789791785180568695068359375" lon="7.36451019532978534698486328125">
        <ele>274.79998779296875</ele>
        <time>2026-07-07T05:12:06.000Z</time>
        <extensions>
          <ns3:TrackPointExtension>
            <ns3:hr>168</ns3:hr>
            <ns3:cad>0</ns3:cad>
          </ns3:TrackPointExtension>
        </extensions>
      </trkpt>
      <trkpt lat="43.7279035337269306182861328125" lon="7.36448429524898529052734375">
        <ele>276</ele>
        <time>2026-07-07T05:12:10.000Z</time>
        <extensions>
          <ns3:TrackPointExtension>
            <ns3:hr>170</ns3:hr>
            <ns3:cad>0</ns3:cad>
          </ns3:TrackPointExtension>
        </extensions>
      </trkpt>
      <trkpt lat="43.72790596447885036468505859375" lon="7.36447851173579692840576171875">
        <ele>276</ele>
        <time>2026-07-07T05:12:11.000Z</time>
        <extensions>
          <ns3:TrackPointExtension>
            <ns3:hr>171</ns3:hr>
            <ns3:cad>0</ns3:cad>
          </ns3:TrackPointExtension>
        </extensions>
      </trkpt>
      <trkpt lat="43.72791702859103679656982421875" lon="7.3644469119608402252197265625">
        <ele>276.600006103515625</ele>
        <time>2026-07-07T05:12:14.000Z</time>
        <extensions>
          <ns3:TrackPointExtension>
            <ns3:hr>174</ns3:hr>
            <ns3:cad>0</ns3:cad>
          </ns3:TrackPointExtension>
        </extensions>
      </trkpt>
      <trkpt lat="43.727919794619083404541015625" lon="7.3644375242292881011962890625">
        <ele>277.20001220703125</ele>
        <time>2026-07-07T05:12:15.000Z</time>
        <extensions>
          <ns3:TrackPointExtension>
            <ns3:hr>174</ns3:hr>
            <ns3:cad>0</ns3:cad>
          </ns3:TrackPointExtension>
        </extensions>
      </trkpt>
      <trkpt lat="43.72793295420706272125244140625" lon="7.36442822031676769256591796875">
        <ele>277.399993896484375</ele>
        <time>2026-07-07T05:12:17.000Z</time>
        <extensions>
          <ns3:TrackPointExtension>
            <ns3:hr>175</ns3:hr>
            <ns3:cad>0</ns3:cad>
          </ns3:TrackPointExtension>
        </extensions>
      </trkpt>
      <trkpt lat="43.72794351540505886077880859375" lon="7.36442838795483112335205078125">
        <ele>278.20001220703125</ele>
        <time>2026-07-07T05:12:19.000Z</time>
        <extensions>
          <ns3:TrackPointExtension>
            <ns3:hr>175</ns3:hr>
            <ns3:cad>0</ns3:cad>
          </ns3:TrackPointExtension>
        </extensions>
      </trkpt>
      <trkpt lat="43.72794133611023426055908203125" lon="7.36441832967102527618408203125">
        <ele>278.600006103515625</ele>
        <time>2026-07-07T05:12:22.000Z</time>
        <extensions>
          <ns3:TrackPointExtension>
            <ns3:hr>178</ns3:hr>
            <ns3:cad>0</ns3:cad>
          </ns3:TrackPointExtension>
        </extensions>
      </trkpt>
      <trkpt lat="43.72795240022242069244384765625" lon="7.36440307460725307464599609375">
        <ele>279.20001220703125</ele>
        <time>2026-07-07T05:12:24.000Z</time>
        <extensions>
          <ns3:TrackPointExtension>
            <ns3:hr>179</ns3:hr>
            <ns3:cad>0</ns3:cad>
          </ns3:TrackPointExtension>
        </extensions>
      </trkpt>
      <trkpt lat="43.7279702536761760711669921875" lon="7.36437977291643619537353515625">
        <ele>280</ele>
        <time>2026-07-07T05:12:27.000Z</time>
        <extensions>
          <ns3:TrackPointExtension>
            <ns3:hr>180</ns3:hr>
            <ns3:cad>0</ns3:cad>
          </ns3:TrackPointExtension>
        </extensions>
      </trkpt>
      <trkpt lat="43.727982155978679656982421875" lon="7.36437642015516757965087890625">
        <ele>280.399993896484375</ele>
        <time>2026-07-07T05:12:30.000Z</time>
        <extensions>
          <ns3:TrackPointExtension>
            <ns3:hr>180</ns3:hr>
            <ns3:cad>0</ns3:cad>
          </ns3:TrackPointExtension>
        </extensions>
      </trkpt>
      <trkpt lat="43.72799078933894634246826171875" lon="7.36437977291643619537353515625">
        <ele>280.79998779296875</ele>
        <time>2026-07-07T05:12:33.000Z</time>
        <extensions>
          <ns3:TrackPointExtension>
            <ns3:hr>181</ns3:hr>
            <ns3:cad>40</ns3:cad>
          </ns3:TrackPointExtension>
        </extensions>
      </trkpt>
      <trkpt lat="43.72801258228719234466552734375" lon="7.364384718239307403564453125">
        <ele>281.399993896484375</ele>
        <time>2026-07-07T05:12:35.000Z</time>
        <extensions>
          <ns3:TrackPointExtension>
            <ns3:hr>182</ns3:hr>
            <ns3:cad>0</ns3:cad>
          </ns3:TrackPointExtension>
        </extensions>
      </trkpt>
      <trkpt lat="43.7280299328267574310302734375" lon="7.36437440849840641021728515625">
        <ele>282</ele>
        <time>2026-07-07T05:12:39.000Z</time>
        <extensions>
          <ns3:TrackPointExtension>
            <ns3:hr>181</ns3:hr>
            <ns3:cad>0</ns3:cad>
          </ns3:TrackPointExtension>
        </extensions>
      </trkpt>
      <trkpt lat="43.72804141603410243988037109375" lon="7.364384047687053680419921875">
        <ele>283</ele>
        <time>2026-07-07T05:12:42.000Z</time>
        <extensions>
          <ns3:TrackPointExtension>
            <ns3:hr>181</ns3:hr>
            <ns3:cad>0</ns3:cad>
          </ns3:TrackPointExtension>
        </extensions>
      </trkpt>
      <trkpt lat="43.72804485261440277099609375" lon="7.36438899300992488861083984375">
        <ele>283</ele>
        <time>2026-07-07T05:12:43.000Z</time>
        <extensions>
          <ns3:TrackPointExtension>
            <ns3:hr>181</ns3:hr>
            <ns3:cad>0</ns3:cad>
          </ns3:TrackPointExtension>
        </extensions>
      </trkpt>
      <trkpt lat="43.7280575931072235107421875" lon="7.36441547982394695281982421875">
        <ele>284</ele>
        <time>2026-07-07T05:12:48.000Z</time>
        <extensions>
          <ns3:TrackPointExtension>
            <ns3:hr>181</ns3:hr>
            <ns3:cad>0</ns3:cad>
          </ns3:TrackPointExtension>
        </extensions>
      </trkpt>
      <trkpt lat="43.72810595668852329254150390625" lon="7.36441179178655147552490234375">
        <ele>285.20001220703125</ele>
        <time>2026-07-07T05:12:54.000Z</time>
        <extensions>
          <ns3:TrackPointExtension>
            <ns3:hr>182</ns3:hr>
            <ns3:cad>0</ns3:cad>
          </ns3:TrackPointExtension>
        </extensions>
      </trkpt>
      <trkpt lat="43.72812129557132720947265625" lon="7.3644730634987354278564453125">
        <ele>286</ele>
        <time>2026-07-07T05:12:59.000Z</time>
        <extensions>
          <ns3:TrackPointExtension>
            <ns3:hr>183</ns3:hr>
            <ns3:cad>0</ns3:cad>
          </ns3:TrackPointExtension>
        </extensions>
      </trkpt>
      <trkpt lat="43.72811995446681976318359375" lon="7.364492006599903106689453125">
        <ele>286.399993896484375</ele>
        <time>2026-07-07T05:13:01.000Z</time>
        <extensions>
          <ns3:TrackPointExtension>
            <ns3:hr>184</ns3:hr>
            <ns3:cad>0</ns3:cad>
          </ns3:TrackPointExtension>
        </extensions>
      </trkpt>
      <trkpt lat="43.72813738882541656494140625" lon="7.36452109180390834808349609375">
        <ele>287.20001220703125</ele>
        <time>2026-07-07T05:13:06.000Z</time>
        <extensions>
          <ns3:TrackPointExtension>
            <ns3:hr>184</ns3:hr>
            <ns3:cad>0</ns3:cad>
          </ns3:TrackPointExtension>
        </extensions>
      </trkpt>
      <trkpt lat="43.728136382997035980224609375" lon="7.3645367659628391265869140625">
        <ele>287.600006103515625</ele>
        <time>2026-07-07T05:13:07.000Z</time>
        <extensions>
          <ns3:TrackPointExtension>
            <ns3:hr>185</ns3:hr>
            <ns3:cad>0</ns3:cad>
          </ns3:TrackPointExtension>
        </extensions>
      </trkpt>
      <trkpt lat="43.72813093475997447967529296875" lon="7.36456702463328838348388671875">
        <ele>288.600006103515625</ele>
        <time>2026-07-07T05:13:12.000Z</time>
        <extensions>
          <ns3:TrackPointExtension>
            <ns3:hr>186</ns3:hr>
            <ns3:cad>58</ns3:cad>
          </ns3:TrackPointExtension>
        </extensions>
      </trkpt>
      <trkpt lat="43.72813898138701915740966796875" lon="7.3645694553852081298828125">
        <ele>289.20001220703125</ele>
        <time>2026-07-07T05:13:14.000Z</time>
        <extensions>
          <ns3:TrackPointExtension>
            <ns3:hr>186</ns3:hr>
            <ns3:cad>57</ns3:cad>
          </ns3:TrackPointExtension>
        </extensions>
      </trkpt>
      <trkpt lat="43.72813847847282886505126953125" lon="7.36455411650240421295166015625">
        <ele>289.79998779296875</ele>
        <time>2026-07-07T05:13:16.000Z</time>
        <extensions>
          <ns3:TrackPointExtension>
            <ns3:hr>186</ns3:hr>
            <ns3:cad>0</ns3:cad>
          </ns3:TrackPointExtension>
        </extensions>
      </trkpt>
      <trkpt lat="43.72814836911857128143310546875" lon="7.36453391611576080322265625">
        <ele>290</ele>
        <time>2026-07-07T05:13:19.000Z</time>
        <extensions>
          <ns3:TrackPointExtension>
            <ns3:hr>186</ns3:hr>
            <ns3:cad>0</ns3:cad>
          </ns3:TrackPointExtension>
        </extensions>
      </trkpt>
      <trkpt lat="43.72812406159937381744384765625" lon="7.3645206727087497711181640625">
        <ele>290.79998779296875</ele>
        <time>2026-07-07T05:13:23.000Z</time>
        <extensions>
          <ns3:TrackPointExtension>
            <ns3:hr>186</ns3:hr>
            <ns3:cad>0</ns3:cad>
          </ns3:TrackPointExtension>
        </extensions>
      </trkpt>
      <trkpt lat="43.72812758199870586395263671875" lon="7.3644965328276157379150390625">
        <ele>291.20001220703125</ele>
        <time>2026-07-07T05:13:25.000Z</time>
        <extensions>
          <ns3:TrackPointExtension>
            <ns3:hr>186</ns3:hr>
            <ns3:cad>0</ns3:cad>
          </ns3:TrackPointExtension>
        </extensions>
      </trkpt>
      <trkpt lat="43.72814317233860492706298828125" lon="7.36446593888103961944580078125">
        <ele>291.79998779296875</ele>
        <time>2026-07-07T05:13:29.000Z</time>
        <extensions>
          <ns3:TrackPointExtension>
            <ns3:hr>185</ns3:hr>
            <ns3:cad>0</ns3:cad>
          </ns3:TrackPointExtension>
        </extensions>
      </trkpt>
      <trkpt lat="43.72813881374895572662353515625" lon="7.36446090973913669586181640625">
        <ele>292</ele>
        <time>2026-07-07T05:13:30.000Z</time>
        <extensions>
          <ns3:TrackPointExtension>
            <ns3:hr>185</ns3:hr>
            <ns3:cad>0</ns3:cad>
          </ns3:TrackPointExtension>
        </extensions>
      </trkpt>
      <trkpt lat="43.728124313056468963623046875" lon="7.36442117951810359954833984375">
        <ele>293.20001220703125</ele>
        <time>2026-07-07T05:13:36.000Z</time>
        <extensions>
          <ns3:TrackPointExtension>
            <ns3:hr>185</ns3:hr>
            <ns3:cad>0</ns3:cad>
          </ns3:TrackPointExtension>
        </extensions>
      </trkpt>
      <trkpt lat="43.7281331978738307952880859375" lon="7.36434574238955974578857421875">
        <ele>294.20001220703125</ele>
        <time>2026-07-07T05:13:42.000Z</time>
        <extensions>
          <ns3:TrackPointExtension>
            <ns3:hr>184</ns3:hr>
            <ns3:cad>0</ns3:cad>
          </ns3:TrackPointExtension>
        </extensions>
      </trkpt>
      <trkpt lat="43.72813613153994083404541015625" lon="7.3643412999808788299560546875">
        <ele>294.399993896484375</ele>
        <time>2026-07-07T05:13:43.000Z</time>
        <extensions>
          <ns3:TrackPointExtension>
            <ns3:hr>184</ns3:hr>
            <ns3:cad>0</ns3:cad>
          </ns3:TrackPointExtension>
        </extensions>
      </trkpt>
      <trkpt lat="43.72815373353660106658935546875" lon="7.3643154837191104888916015625">
        <ele>295.20001220703125</ele>
        <time>2026-07-07T05:13:48.000Z</time>
        <extensions>
          <ns3:TrackPointExtension>
            <ns3:hr>183</ns3:hr>
            <ns3:cad>0</ns3:cad>
          </ns3:TrackPointExtension>
        </extensions>
      </trkpt>
      <trkpt lat="43.728152811527252197265625" lon="7.36430819146335124969482421875">
        <ele>295.79998779296875</ele>
        <time>2026-07-07T05:13:49.000Z</time>
        <extensions>
          <ns3:TrackPointExtension>
            <ns3:hr>183</ns3:hr>
            <ns3:cad>0</ns3:cad>
          </ns3:TrackPointExtension>
        </extensions>
      </trkpt>
      <trkpt lat="43.72815214097499847412109375" lon="7.36429117619991302490234375">
        <ele>296.20001220703125</ele>
        <time>2026-07-07T05:13:51.000Z</time>
        <extensions>
          <ns3:TrackPointExtension>
            <ns3:hr>183</ns3:hr>
            <ns3:cad>0</ns3:cad>
          </ns3:TrackPointExtension>
        </extensions>
      </trkpt>
      <trkpt lat="43.728141747415065765380859375" lon="7.364246584475040435791015625">
        <ele>297</ele>
        <time>2026-07-07T05:13:56.000Z</time>
        <extensions>
          <ns3:TrackPointExtension>
            <ns3:hr>184</ns3:hr>
            <ns3:cad>0</ns3:cad>
          </ns3:TrackPointExtension>
        </extensions>
      </trkpt>
      <trkpt lat="43.728152476251125335693359375" lon="7.36422655172646045684814453125">
        <ele>297.600006103515625</ele>
        <time>2026-07-07T05:13:58.000Z</time>
        <extensions>
          <ns3:TrackPointExtension>
            <ns3:hr>185</ns3:hr>
            <ns3:cad>0</ns3:cad>
          </ns3:TrackPointExtension>
        </extensions>
      </trkpt>
      <trkpt lat="43.7281858362257480621337890625" lon="7.364231161773204803466796875">
        <ele>298.79998779296875</ele>
        <time>2026-07-07T05:14:03.000Z</time>
        <extensions>
          <ns3:TrackPointExtension>
            <ns3:hr>186</ns3:hr>
            <ns3:cad>0</ns3:cad>
          </ns3:TrackPointExtension>
        </extensions>
      </trkpt>
      <trkpt lat="43.7282300926744937896728515625" lon="7.36427315510809421539306640625">
        <ele>300</ele>
        <time>2026-07-07T05:14:09.000Z</time>
        <extensions>
          <ns3:TrackPointExtension>
            <ns3:hr>186</ns3:hr>
            <ns3:cad>0</ns3:cad>
          </ns3:TrackPointExtension>
        </extensions>
      </trkpt>
      <trkpt lat="43.72827812097966670989990234375" lon="7.364323027431964874267578125">
        <ele>300.79998779296875</ele>
        <time>2026-07-07T05:14:16.000Z</time>
        <extensions>
          <ns3:TrackPointExtension>
            <ns3:hr>186</ns3:hr>
            <ns3:cad>0</ns3:cad>
          </ns3:TrackPointExtension>
        </extensions>
      </trkpt>
      <trkpt lat="43.7282787077128887176513671875" lon="7.36432931385934352874755859375">
        <ele>301</ele>
        <time>2026-07-07T05:14:17.000Z</time>
        <extensions>
          <ns3:TrackPointExtension>
            <ns3:hr>186</ns3:hr>
            <ns3:cad>0</ns3:cad>
          </ns3:TrackPointExtension>
        </extensions>
      </trkpt>
      <trkpt lat="43.728286921977996826171875" lon="7.36435093916952610015869140625">
        <ele>301.600006103515625</ele>
        <time>2026-07-07T05:14:20.000Z</time>
        <extensions>
          <ns3:TrackPointExtension>
            <ns3:hr>189</ns3:hr>
            <ns3:cad>0</ns3:cad>
          </ns3:TrackPointExtension>
        </extensions>
      </trkpt>
      <trkpt lat="43.7282854132354259490966796875" lon="7.36436720006167888641357421875">
        <ele>302.399993896484375</ele>
        <time>2026-07-07T05:14:23.000Z</time>
        <extensions>
          <ns3:TrackPointExtension>
            <ns3:hr>188</ns3:hr>
            <ns3:cad>0</ns3:cad>
          </ns3:TrackPointExtension>
        </extensions>
      </trkpt>
      <trkpt lat="43.7283038534224033355712890625" lon="7.36441648565232753753662109375">
        <ele>303</ele>
        <time>2026-07-07T05:14:28.000Z</time>
        <extensions>
          <ns3:TrackPointExtension>
            <ns3:hr>185</ns3:hr>
            <ns3:cad>0</ns3:cad>
          </ns3:TrackPointExtension>
        </extensions>
      </trkpt>
      <trkpt lat="43.7283082120120525360107421875" lon="7.36441983841359615325927734375">
        <ele>303.600006103515625</ele>
        <time>2026-07-07T05:14:30.000Z</time>
        <extensions>
          <ns3:TrackPointExtension>
            <ns3:hr>185</ns3:hr>
            <ns3:cad>0</ns3:cad>
          </ns3:TrackPointExtension>
        </extensions>
      </trkpt>
      <trkpt lat="43.72831977903842926025390625" lon="7.3644509352743625640869140625">
        <ele>304.20001220703125</ele>
        <time>2026-07-07T05:14:34.000Z</time>
        <extensions>
          <ns3:TrackPointExtension>
            <ns3:hr>186</ns3:hr>
            <ns3:cad>0</ns3:cad>
          </ns3:TrackPointExtension>
        </extensions>
      </trkpt>
      <trkpt lat="43.72832371853291988372802734375" lon="7.36446082592010498046875">
        <ele>304.600006103515625</ele>
        <time>2026-07-07T05:14:35.000Z</time>
        <extensions>
          <ns3:TrackPointExtension>
            <ns3:hr>186</ns3:hr>
            <ns3:cad>41</ns3:cad>
          </ns3:TrackPointExtension>
        </extensions>
      </trkpt>
      <trkpt lat="43.72832824476063251495361328125" lon="7.36453953199088573455810546875">
        <ele>305.600006103515625</ele>
        <time>2026-07-07T05:14:41.000Z</time>
        <extensions>
          <ns3:TrackPointExtension>
            <ns3:hr>185</ns3:hr>
            <ns3:cad>71</ns3:cad>
          </ns3:TrackPointExtension>
        </extensions>
      </trkpt>
      <trkpt lat="43.7283665500581264495849609375" lon="7.3645776696503162384033203125">
        <ele>306.600006103515625</ele>
        <time>2026-07-07T05:14:47.000Z</time>
        <extensions>
          <ns3:TrackPointExtension>
            <ns3:hr>186</ns3:hr>
            <ns3:cad>0</ns3:cad>
          </ns3:TrackPointExtension>
        </extensions>
      </trkpt>
      <trkpt lat="43.728363029658794403076171875" lon="7.36457104794681072235107421875">
        <ele>306.79998779296875</ele>
        <time>2026-07-07T05:14:48.000Z</time>
        <extensions>
          <ns3:TrackPointExtension>
            <ns3:hr>186</ns3:hr>
            <ns3:cad>0</ns3:cad>
          </ns3:TrackPointExtension>
        </extensions>
      </trkpt>
      <trkpt lat="43.72837468050420284271240234375" lon="7.364533245563507080078125">
        <ele>307.79998779296875</ele>
        <time>2026-07-07T05:14:53.000Z</time>
        <extensions>
          <ns3:TrackPointExtension>
            <ns3:hr>186</ns3:hr>
            <ns3:cad>0</ns3:cad>
          </ns3:TrackPointExtension>
        </extensions>
      </trkpt>
      <trkpt lat="43.72839077375829219818115234375" lon="7.36452762968838214874267578125">
        <ele>308</ele>
        <time>2026-07-07T05:14:55.000Z</time>
        <extensions>
          <ns3:TrackPointExtension>
            <ns3:hr>186</ns3:hr>
            <ns3:cad>0</ns3:cad>
          </ns3:TrackPointExtension>
        </extensions>
      </trkpt>
      <trkpt lat="43.72840158641338348388671875" lon="7.36455881036818027496337890625">
        <ele>308.399993896484375</ele>
        <time>2026-07-07T05:14:59.000Z</time>
        <extensions>
          <ns3:TrackPointExtension>
            <ns3:hr>185</ns3:hr>
            <ns3:cad>0</ns3:cad>
          </ns3:TrackPointExtension>
        </extensions>
      </trkpt>
      <trkpt lat="43.72840519063174724578857421875" lon="7.364570796489715576171875">
        <ele>308.600006103515625</ele>
        <time>2026-07-07T05:15:00.000Z</time>
        <extensions>
          <ns3:TrackPointExtension>
            <ns3:hr>185</ns3:hr>
            <ns3:cad>0</ns3:cad>
          </ns3:TrackPointExtension>
        </extensions>
      </trkpt>
      <trkpt lat="43.7284131534397602081298828125" lon="7.364576496183872222900390625">
        <ele>308.79998779296875</ele>
        <time>2026-07-07T05:15:02.000Z</time>
        <extensions>
          <ns3:TrackPointExtension>
            <ns3:hr>185</ns3:hr>
            <ns3:cad>0</ns3:cad>
          </ns3:TrackPointExtension>
        </extensions>
      </trkpt>
      <trkpt lat="43.7284349463880062103271484375" lon="7.364557720720767974853515625">
        <ele>309.600006103515625</ele>
        <time>2026-07-07T05:15:06.000Z</time>
        <extensions>
          <ns3:TrackPointExtension>
            <ns3:hr>184</ns3:hr>
            <ns3:cad>67</ns3:cad>
          </ns3:TrackPointExtension>
        </extensions>
      </trkpt>
      <trkpt lat="43.72844341211020946502685546875" lon="7.3645521886646747589111328125">
        <ele>310</ele>
        <time>2026-07-07T05:15:08.000Z</time>
        <extensions>
          <ns3:TrackPointExtension>
            <ns3:hr>184</ns3:hr>
            <ns3:cad>0</ns3:cad>
          </ns3:TrackPointExtension>
        </extensions>
      </trkpt>
      <trkpt lat="43.7284496985375881195068359375" lon="7.36452779732644557952880859375">
        <ele>310.20001220703125</ele>
        <time>2026-07-07T05:15:11.000Z</time>
        <extensions>
          <ns3:TrackPointExtension>
            <ns3:hr>184</ns3:hr>
            <ns3:cad>0</ns3:cad>
          </ns3:TrackPointExtension>
        </extensions>
      </trkpt>
      <trkpt lat="43.72845162637531757354736328125" lon="7.36451908014714717864990234375">
        <ele>310.20001220703125</ele>
        <time>2026-07-07T05:15:12.000Z</time>
        <extensions>
          <ns3:TrackPointExtension>
            <ns3:hr>184</ns3:hr>
            <ns3:cad>0</ns3:cad>
          </ns3:TrackPointExtension>
        </extensions>
      </trkpt>
      <trkpt lat="43.7284486927092075347900390625" lon="7.36450013704597949981689453125">
        <ele>311.20001220703125</ele>
        <time>2026-07-07T05:15:16.000Z</time>
        <extensions>
          <ns3:TrackPointExtension>
            <ns3:hr>183</ns3:hr>
            <ns3:cad>0</ns3:cad>
          </ns3:TrackPointExtension>
        </extensions>
      </trkpt>
      <trkpt lat="43.7284470163285732269287109375" lon="7.3644868098199367523193359375">
        <ele>311.399993896484375</ele>
        <time>2026-07-07T05:15:18.000Z</time>
        <extensions>
          <ns3:TrackPointExtension>
            <ns3:hr>184</ns3:hr>
            <ns3:cad>0</ns3:cad>
          </ns3:TrackPointExtension>
        </extensions>
      </trkpt>
      <trkpt lat="43.72845254838466644287109375" lon="7.36444397829473018646240234375">
        <ele>312.20001220703125</ele>
        <time>2026-07-07T05:15:22.000Z</time>
        <extensions>
          <ns3:TrackPointExtension>
            <ns3:hr>184</ns3:hr>
            <ns3:cad>0</ns3:cad>
          </ns3:TrackPointExtension>
        </extensions>
      </trkpt>
      <trkpt lat="43.72846084646880626678466796875" lon="7.36442520283162593841552734375">
        <ele>312.399993896484375</ele>
        <time>2026-07-07T05:15:24.000Z</time>
        <extensions>
          <ns3:TrackPointExtension>
            <ns3:hr>184</ns3:hr>
            <ns3:cad>0</ns3:cad>
          </ns3:TrackPointExtension>
        </extensions>
      </trkpt>
      <trkpt lat="43.728485405445098876953125" lon="7.3644004762172698974609375">
        <ele>313.20001220703125</ele>
        <time>2026-07-07T05:15:29.000Z</time>
        <extensions>
          <ns3:TrackPointExtension>
            <ns3:hr>184</ns3:hr>
            <ns3:cad>0</ns3:cad>
          </ns3:TrackPointExtension>
        </extensions>
      </trkpt>
      <trkpt lat="43.7284889258444309234619140625" lon="7.36439703963696956634521484375">
        <ele>313.20001220703125</ele>
        <time>2026-07-07T05:15:30.000Z</time>
        <extensions>
          <ns3:TrackPointExtension>
            <ns3:hr>183</ns3:hr>
            <ns3:cad>0</ns3:cad>
          </ns3:TrackPointExtension>
        </extensions>
      </trkpt>
      <trkpt lat="43.72847626917064189910888671875" lon="7.3643801920115947723388671875">
        <ele>314</ele>
        <time>2026-07-07T05:15:36.000Z</time>
        <extensions>
          <ns3:TrackPointExtension>
            <ns3:hr>183</ns3:hr>
            <ns3:cad>0</ns3:cad>
          </ns3:TrackPointExtension>
        </extensions>
      </trkpt>
      <trkpt lat="43.72846218757331371307373046875" lon="7.36437591724097728729248046875">
        <ele>314.399993896484375</ele>
        <time>2026-07-07T05:15:38.000Z</time>
        <extensions>
          <ns3:TrackPointExtension>
            <ns3:hr>183</ns3:hr>
            <ns3:cad>0</ns3:cad>
          </ns3:TrackPointExtension>
        </extensions>
      </trkpt>
      <trkpt lat="43.7284325994551181793212890625" lon="7.36435420811176300048828125">
        <ele>315.399993896484375</ele>
        <time>2026-07-07T05:15:43.000Z</time>
        <extensions>
          <ns3:TrackPointExtension>
            <ns3:hr>183</ns3:hr>
            <ns3:cad>0</ns3:cad>
          </ns3:TrackPointExtension>
        </extensions>
      </trkpt>
      <trkpt lat="43.72842111624777317047119140625" lon="7.3643282242119312286376953125">
        <ele>316</ele>
        <time>2026-07-07T05:15:46.000Z</time>
        <extensions>
          <ns3:TrackPointExtension>
            <ns3:hr>184</ns3:hr>
            <ns3:cad>0</ns3:cad>
          </ns3:TrackPointExtension>
        </extensions>
      </trkpt>
      <trkpt lat="43.72842899523675441741943359375" lon="7.364324033260345458984375">
        <ele>316.399993896484375</ele>
        <time>2026-07-07T05:15:48.000Z</time>
        <extensions>
          <ns3:TrackPointExtension>
            <ns3:hr>184</ns3:hr>
            <ns3:cad>0</ns3:cad>
          </ns3:TrackPointExtension>
        </extensions>
      </trkpt>
      <trkpt lat="43.7284429930150508880615234375" lon="7.36431271769106388092041015625">
        <ele>317</ele>
        <time>2026-07-07T05:15:51.000Z</time>
        <extensions>
          <ns3:TrackPointExtension>
            <ns3:hr>183</ns3:hr>
            <ns3:cad>0</ns3:cad>
          </ns3:TrackPointExtension>
        </extensions>
      </trkpt>
      <trkpt lat="43.72843033634126186370849609375" lon="7.3642933554947376251220703125">
        <ele>317.600006103515625</ele>
        <time>2026-07-07T05:15:55.000Z</time>
        <extensions>
          <ns3:TrackPointExtension>
            <ns3:hr>183</ns3:hr>
            <ns3:cad>0</ns3:cad>
          </ns3:TrackPointExtension>
        </extensions>
      </trkpt>
      <trkpt lat="43.72842078097164630889892578125" lon="7.3642678745090961456298828125">
        <ele>318</ele>
        <time>2026-07-07T05:15:58.000Z</time>
        <extensions>
          <ns3:TrackPointExtension>
            <ns3:hr>183</ns3:hr>
            <ns3:cad>0</ns3:cad>
          </ns3:TrackPointExtension>
        </extensions>
      </trkpt>
      <trkpt lat="43.72843268327414989471435546875" lon="7.36423158086836338043212890625">
        <ele>318.79998779296875</ele>
        <time>2026-07-07T05:16:02.000Z</time>
        <extensions>
          <ns3:TrackPointExtension>
            <ns3:hr>184</ns3:hr>
            <ns3:cad>0</ns3:cad>
          </ns3:TrackPointExtension>
        </extensions>
      </trkpt>
      <trkpt lat="43.72843838296830654144287109375" lon="7.364229150116443634033203125">
        <ele>319</ele>
        <time>2026-07-07T05:16:03.000Z</time>
        <extensions>
          <ns3:TrackPointExtension>
            <ns3:hr>184</ns3:hr>
            <ns3:cad>0</ns3:cad>
          </ns3:TrackPointExtension>
        </extensions>
      </trkpt>
      <trkpt lat="43.72846889309585094451904296875" lon="7.36422202549874782562255859375">
        <ele>319.79998779296875</ele>
        <time>2026-07-07T05:16:08.000Z</time>
        <extensions>
          <ns3:TrackPointExtension>
            <ns3:hr>184</ns3:hr>
            <ns3:cad>0</ns3:cad>
          </ns3:TrackPointExtension>
        </extensions>
      </trkpt>
      <trkpt lat="43.72850744985044002532958984375" lon="7.3642122186720371246337890625">
        <ele>321</ele>
        <time>2026-07-07T05:16:13.000Z</time>
        <extensions>
          <ns3:TrackPointExtension>
            <ns3:hr>184</ns3:hr>
            <ns3:cad>0</ns3:cad>
          </ns3:TrackPointExtension>
        </extensions>
      </trkpt>
      <trkpt lat="43.72851423919200897216796875" lon="7.3642068542540073394775390625">
        <ele>321</ele>
        <time>2026-07-07T05:16:14.000Z</time>
        <extensions>
          <ns3:TrackPointExtension>
            <ns3:hr>183</ns3:hr>
            <ns3:cad>0</ns3:cad>
          </ns3:TrackPointExtension>
        </extensions>
      </trkpt>
      <trkpt lat="43.7285385467112064361572265625" lon="7.36417642794549465179443359375">
        <ele>322</ele>
        <time>2026-07-07T05:16:18.000Z</time>
        <extensions>
          <ns3:TrackPointExtension>
            <ns3:hr>183</ns3:hr>
            <ns3:cad>0</ns3:cad>
          </ns3:TrackPointExtension>
        </extensions>
      </trkpt>
      <trkpt lat="43.72854734770953655242919921875" lon="7.364164106547832489013671875">
        <ele>322.399993896484375</ele>
        <time>2026-07-07T05:16:20.000Z</time>
        <extensions>
          <ns3:TrackPointExtension>
            <ns3:hr>183</ns3:hr>
            <ns3:cad>0</ns3:cad>
          </ns3:TrackPointExtension>
        </extensions>
      </trkpt>
      <trkpt lat="43.72857869602739810943603515625" lon="7.364110462367534637451171875">
        <ele>323.20001220703125</ele>
        <time>2026-07-07T05:16:26.000Z</time>
        <extensions>
          <ns3:TrackPointExtension>
            <ns3:hr>184</ns3:hr>
            <ns3:cad>0</ns3:cad>
          </ns3:TrackPointExtension>
        </extensions>
      </trkpt>
      <trkpt lat="43.7285854853689670562744140625" lon="7.3641002364456653594970703125">
        <ele>323.20001220703125</ele>
        <time>2026-07-07T05:16:27.000Z</time>
        <extensions>
          <ns3:TrackPointExtension>
            <ns3:hr>183</ns3:hr>
            <ns3:cad>0</ns3:cad>
          </ns3:TrackPointExtension>
        </extensions>
      </trkpt>
      <trkpt lat="43.72856595553457736968994140625" lon="7.36411415040493011474609375">
        <ele>324.600006103515625</ele>
        <time>2026-07-07T05:16:33.000Z</time>
        <extensions>
          <ns3:TrackPointExtension>
            <ns3:hr>182</ns3:hr>
            <ns3:cad>0</ns3:cad>
          </ns3:TrackPointExtension>
        </extensions>
      </trkpt>
      <trkpt lat="43.7285365350544452667236328125" lon="7.364103756844997406005859375">
        <ele>325.600006103515625</ele>
        <time>2026-07-07T05:16:39.000Z</time>
        <extensions>
          <ns3:TrackPointExtension>
            <ns3:hr>182</ns3:hr>
            <ns3:cad>0</ns3:cad>
          </ns3:TrackPointExtension>
        </extensions>
      </trkpt>
      <trkpt lat="43.72850644402205944061279296875" lon="7.36410685814917087554931640625">
        <ele>326.20001220703125</ele>
        <time>2026-07-07T05:16:42.000Z</time>
        <extensions>
          <ns3:TrackPointExtension>
            <ns3:hr>182</ns3:hr>
            <ns3:cad>0</ns3:cad>
          </ns3:TrackPointExtension>
        </extensions>
      </trkpt>
      <trkpt lat="43.7284808792173862457275390625" lon="7.36409998498857021331787109375">
        <ele>326.79998779296875</ele>
        <time>2026-07-07T05:16:46.000Z</time>
        <extensions>
          <ns3:TrackPointExtension>
            <ns3:hr>182</ns3:hr>
            <ns3:cad>0</ns3:cad>
          </ns3:TrackPointExtension>
        </extensions>
      </trkpt>
      <trkpt lat="43.72846587561070919036865234375" lon="7.36406796611845493316650390625">
        <ele>327.399993896484375</ele>
        <time>2026-07-07T05:16:49.000Z</time>
        <extensions>
          <ns3:TrackPointExtension>
            <ns3:hr>183</ns3:hr>
            <ns3:cad>0</ns3:cad>
          </ns3:TrackPointExtension>
        </extensions>
      </trkpt>
      <trkpt lat="43.72846520505845546722412109375" lon="7.3640553094446659088134765625">
        <ele>328.20001220703125</ele>
        <time>2026-07-07T05:16:52.000Z</time>
        <extensions>
          <ns3:TrackPointExtension>
            <ns3:hr>183</ns3:hr>
            <ns3:cad>0</ns3:cad>
          </ns3:TrackPointExtension>
        </extensions>
      </trkpt>
      <trkpt lat="43.72848582454025745391845703125" lon="7.36403343267738819122314453125">
        <ele>328.600006103515625</ele>
        <time>2026-07-07T05:16:55.000Z</time>
        <extensions>
          <ns3:TrackPointExtension>
            <ns3:hr>183</ns3:hr>
            <ns3:cad>79</ns3:cad>
          </ns3:TrackPointExtension>
        </extensions>
      </trkpt>
      <trkpt lat="43.72854852117598056793212890625" lon="7.363974340260028839111328125">
        <ele>329</ele>
        <time>2026-07-07T05:17:01.000Z</time>
        <extensions>
          <ns3:TrackPointExtension>
            <ns3:hr>182</ns3:hr>
            <ns3:cad>79</ns3:cad>
          </ns3:TrackPointExtension>
        </extensions>
      </trkpt>
      <trkpt lat="43.72856126166880130767822265625" lon="7.36394693143665790557861328125">
        <ele>329.399993896484375</ele>
        <time>2026-07-07T05:17:03.000Z</time>
        <extensions>
          <ns3:TrackPointExtension>
            <ns3:hr>182</ns3:hr>
            <ns3:cad>79</ns3:cad>
          </ns3:TrackPointExtension>
        </extensions>
      </trkpt>
      <trkpt lat="43.72861105017364025115966796875" lon="7.36390988342463970184326171875">
        <ele>330.20001220703125</ele>
        <time>2026-07-07T05:17:08.000Z</time>
        <extensions>
          <ns3:TrackPointExtension>
            <ns3:hr>184</ns3:hr>
            <ns3:cad>44</ns3:cad>
          </ns3:TrackPointExtension>
        </extensions>
      </trkpt>
      <trkpt lat="43.72864206321537494659423828125" lon="7.3638772778213024139404296875">
        <ele>330.399993896484375</ele>
        <time>2026-07-07T05:17:11.000Z</time>
        <extensions>
          <ns3:TrackPointExtension>
            <ns3:hr>184</ns3:hr>
            <ns3:cad>0</ns3:cad>
          </ns3:TrackPointExtension>
        </extensions>
      </trkpt>
      <trkpt lat="43.72867190279066562652587890625" lon="7.3638638667762279510498046875">
        <ele>331</ele>
        <time>2026-07-07T05:17:14.000Z</time>
        <extensions>
          <ns3:TrackPointExtension>
            <ns3:hr>184</ns3:hr>
            <ns3:cad>0</ns3:cad>
          </ns3:TrackPointExtension>
        </extensions>
      </trkpt>
      <trkpt lat="43.72870333492755889892578125" lon="7.3638246394693851470947265625">
        <ele>331.399993896484375</ele>
        <time>2026-07-07T05:17:17.000Z</time>
        <extensions>
          <ns3:TrackPointExtension>
            <ns3:hr>184</ns3:hr>
            <ns3:cad>72</ns3:cad>
          </ns3:TrackPointExtension>
        </extensions>
      </trkpt>
      <trkpt lat="43.7287092022597789764404296875" lon="7.36381952650845050811767578125">
        <ele>331.600006103515625</ele>
        <time>2026-07-07T05:17:18.000Z</time>
        <extensions>
          <ns3:TrackPointExtension>
            <ns3:hr>183</ns3:hr>
            <ns3:cad>0</ns3:cad>
          </ns3:TrackPointExtension>
        </extensions>
      </trkpt>
      <trkpt lat="43.72869587503373622894287109375" lon="7.3638175986707210540771484375">
        <ele>332</ele>
        <time>2026-07-07T05:17:22.000Z</time>
        <extensions>
          <ns3:TrackPointExtension>
            <ns3:hr>181</ns3:hr>
            <ns3:cad>0</ns3:cad>
          </ns3:TrackPointExtension>
        </extensions>
      </trkpt>
      <trkpt lat="43.7286622636020183563232421875" lon="7.36380326561629772186279296875">
        <ele>332.600006103515625</ele>
        <time>2026-07-07T05:17:27.000Z</time>
        <extensions>
          <ns3:TrackPointExtension>
            <ns3:hr>181</ns3:hr>
            <ns3:cad>0</ns3:cad>
          </ns3:TrackPointExtension>
        </extensions>
      </trkpt>
      <trkpt lat="43.72865396551787853240966796875" lon="7.36380569636821746826171875">
        <ele>332.79998779296875</ele>
        <time>2026-07-07T05:17:28.000Z</time>
        <extensions>
          <ns3:TrackPointExtension>
            <ns3:hr>181</ns3:hr>
            <ns3:cad>0</ns3:cad>
          </ns3:TrackPointExtension>
        </extensions>
      </trkpt>
      <trkpt lat="43.7286636047065258026123046875" lon="7.36376940272748470306396484375">
        <ele>333.600006103515625</ele>
        <time>2026-07-07T05:17:33.000Z</time>
        <extensions>
          <ns3:TrackPointExtension>
            <ns3:hr>181</ns3:hr>
            <ns3:cad>0</ns3:cad>
          </ns3:TrackPointExtension>
        </extensions>
      </trkpt>
      <trkpt lat="43.72869419865310192108154296875" lon="7.363736294209957122802734375">
        <ele>334.399993896484375</ele>
        <time>2026-07-07T05:17:39.000Z</time>
        <extensions>
          <ns3:TrackPointExtension>
            <ns3:hr>181</ns3:hr>
            <ns3:cad>0</ns3:cad>
          </ns3:TrackPointExtension>
        </extensions>
      </trkpt>
      <trkpt lat="43.728709034621715545654296875" lon="7.3636891879141330718994140625">
        <ele>334.79998779296875</ele>
        <time>2026-07-07T05:17:42.000Z</time>
        <extensions>
          <ns3:TrackPointExtension>
            <ns3:hr>181</ns3:hr>
            <ns3:cad>0</ns3:cad>
          </ns3:TrackPointExtension>
        </extensions>
      </trkpt>
      <trkpt lat="43.72872370295226573944091796875" lon="7.36364367417991161346435546875">
        <ele>335.399993896484375</ele>
        <time>2026-07-07T05:17:46.000Z</time>
        <extensions>
          <ns3:TrackPointExtension>
            <ns3:hr>181</ns3:hr>
            <ns3:cad>0</ns3:cad>
          </ns3:TrackPointExtension>
        </extensions>
      </trkpt>
      <trkpt lat="43.72872420586645603179931640625" lon="7.363635040819644927978515625">
        <ele>335.79998779296875</ele>
        <time>2026-07-07T05:17:47.000Z</time>
        <extensions>
          <ns3:TrackPointExtension>
            <ns3:hr>181</ns3:hr>
            <ns3:cad>0</ns3:cad>
          </ns3:TrackPointExtension>
        </extensions>
      </trkpt>
      <trkpt lat="43.72874147258698940277099609375" lon="7.3636100627481937408447265625">
        <ele>337</ele>
        <time>2026-07-07T05:17:53.000Z</time>
        <extensions>
          <ns3:TrackPointExtension>
            <ns3:hr>182</ns3:hr>
            <ns3:cad>0</ns3:cad>
          </ns3:TrackPointExtension>
        </extensions>
      </trkpt>
      <trkpt lat="43.72874650172889232635498046875" lon="7.36360209994018077850341796875">
        <ele>337</ele>
        <time>2026-07-07T05:17:54.000Z</time>
        <extensions>
          <ns3:TrackPointExtension>
            <ns3:hr>182</ns3:hr>
            <ns3:cad>0</ns3:cad>
          </ns3:TrackPointExtension>
        </extensions>
      </trkpt>
      <trkpt lat="43.72875823639333248138427734375" lon="7.36355449073016643524169921875">
        <ele>338</ele>
        <time>2026-07-07T05:18:00.000Z</time>
        <extensions>
          <ns3:TrackPointExtension>
            <ns3:hr>182</ns3:hr>
            <ns3:cad>0</ns3:cad>
          </ns3:TrackPointExtension>
        </extensions>
      </trkpt>
      <trkpt lat="43.72876108624041080474853515625" lon="7.36354845575988292694091796875">
        <ele>338</ele>
        <time>2026-07-07T05:18:01.000Z</time>
        <extensions>
          <ns3:TrackPointExtension>
            <ns3:hr>182</ns3:hr>
            <ns3:cad>0</ns3:cad>
          </ns3:TrackPointExtension>
        </extensions>
      </trkpt>
      <trkpt lat="43.7288101203739643096923828125" lon="7.36345231533050537109375">
        <ele>339.20001220703125</ele>
        <time>2026-07-07T05:18:09.000Z</time>
        <extensions>
          <ns3:TrackPointExtension>
            <ns3:hr>182</ns3:hr>
            <ns3:cad>0</ns3:cad>
          </ns3:TrackPointExtension>
        </extensions>
      </trkpt>
      <trkpt lat="43.72882897965610027313232421875" lon="7.3634410835802555084228515625">
        <ele>339.20001220703125</ele>
        <time>2026-07-07T05:18:11.000Z</time>
        <extensions>
          <ns3:TrackPointExtension>
            <ns3:hr>182</ns3:hr>
            <ns3:cad>0</ns3:cad>
          </ns3:TrackPointExtension>
        </extensions>
      </trkpt>
      <trkpt lat="43.72884012758731842041015625" lon="7.36340244300663471221923828125">
        <ele>339.600006103515625</ele>
        <time>2026-07-07T05:18:14.000Z</time>
        <extensions>
          <ns3:TrackPointExtension>
            <ns3:hr>182</ns3:hr>
            <ns3:cad>0</ns3:cad>
          </ns3:TrackPointExtension>
        </extensions>
      </trkpt>
      <trkpt lat="43.728848509490489959716796875" lon="7.3633599467575550079345703125">
        <ele>340.20001220703125</ele>
        <time>2026-07-07T05:18:17.000Z</time>
        <extensions>
          <ns3:TrackPointExtension>
            <ns3:hr>182</ns3:hr>
            <ns3:cad>0</ns3:cad>
          </ns3:TrackPointExtension>
        </extensions>
      </trkpt>
      <trkpt lat="43.72885244898498058319091796875" lon="7.36335114575922489166259765625">
        <ele>340.399993896484375</ele>
        <time>2026-07-07T05:18:18.000Z</time>
        <extensions>
          <ns3:TrackPointExtension>
            <ns3:hr>182</ns3:hr>
            <ns3:cad>0</ns3:cad>
          </ns3:TrackPointExtension>
        </extensions>
      </trkpt>
      <trkpt lat="43.7288714759051799774169921875" lon="7.36331895925104618072509765625">
        <ele>341.399993896484375</ele>
        <time>2026-07-07T05:18:24.000Z</time>
        <extensions>
          <ns3:TrackPointExtension>
            <ns3:hr>181</ns3:hr>
            <ns3:cad>0</ns3:cad>
          </ns3:TrackPointExtension>
        </extensions>
      </trkpt>
      <trkpt lat="43.72888145036995410919189453125" lon="7.3633083142340183258056640625">
        <ele>341.600006103515625</ele>
        <time>2026-07-07T05:18:26.000Z</time>
        <extensions>
          <ns3:TrackPointExtension>
            <ns3:hr>181</ns3:hr>
            <ns3:cad>0</ns3:cad>
          </ns3:TrackPointExtension>
        </extensions>
      </trkpt>
      <trkpt lat="43.72889184392988681793212890625" lon="7.36325726844370365142822265625">
        <ele>342.600006103515625</ele>
        <time>2026-07-07T05:18:33.000Z</time>
        <extensions>
          <ns3:TrackPointExtension>
            <ns3:hr>182</ns3:hr>
            <ns3:cad>0</ns3:cad>
          </ns3:TrackPointExtension>
        </extensions>
      </trkpt>
      <trkpt lat="43.7288644351065158843994140625" lon="7.3632793128490447998046875">
        <ele>343.600006103515625</ele>
        <time>2026-07-07T05:18:39.000Z</time>
        <extensions>
          <ns3:TrackPointExtension>
            <ns3:hr>181</ns3:hr>
            <ns3:cad>0</ns3:cad>
          </ns3:TrackPointExtension>
        </extensions>
      </trkpt>
      <trkpt lat="43.72882143594324588775634765625" lon="7.363301776349544525146484375">
        <ele>344.20001220703125</ele>
        <time>2026-07-07T05:18:45.000Z</time>
        <extensions>
          <ns3:TrackPointExtension>
            <ns3:hr>180</ns3:hr>
            <ns3:cad>0</ns3:cad>
          </ns3:TrackPointExtension>
        </extensions>
      </trkpt>
      <trkpt lat="43.72880483977496623992919921875" lon="7.36330487765371799468994140625">
        <ele>344.79998779296875</ele>
        <time>2026-07-07T05:18:48.000Z</time>
        <extensions>
          <ns3:TrackPointExtension>
            <ns3:hr>181</ns3:hr>
            <ns3:cad>0</ns3:cad>
          </ns3:TrackPointExtension>
        </extensions>
      </trkpt>
      <trkpt lat="43.72879989445209503173828125" lon="7.36332482658326625823974609375">
        <ele>345</ele>
        <time>2026-07-07T05:18:50.000Z</time>
        <extensions>
          <ns3:TrackPointExtension>
            <ns3:hr>181</ns3:hr>
            <ns3:cad>0</ns3:cad>
          </ns3:TrackPointExtension>
        </extensions>
      </trkpt>
      <trkpt lat="43.72872269712388515472412109375" lon="7.36336589790880680084228515625">
        <ele>345.399993896484375</ele>
        <time>2026-07-07T05:18:56.000Z</time>
        <extensions>
          <ns3:TrackPointExtension>
            <ns3:hr>180</ns3:hr>
            <ns3:cad>0</ns3:cad>
          </ns3:TrackPointExtension>
        </extensions>
      </trkpt>
      <trkpt lat="43.72867743484675884246826171875" lon="7.3633361421525478363037109375">
        <ele>346</ele>
        <time>2026-07-07T05:19:01.000Z</time>
        <extensions>
          <ns3:TrackPointExtension>
            <ns3:hr>181</ns3:hr>
            <ns3:cad>44</ns3:cad>
          </ns3:TrackPointExtension>
        </extensions>
      </trkpt>
      <trkpt lat="43.728652708232402801513671875" lon="7.36332046799361705780029296875">
        <ele>346.79998779296875</ele>
        <time>2026-07-07T05:19:04.000Z</time>
        <extensions>
          <ns3:TrackPointExtension>
            <ns3:hr>181</ns3:hr>
            <ns3:cad>0</ns3:cad>
          </ns3:TrackPointExtension>
        </extensions>
      </trkpt>
      <trkpt lat="43.72864030301570892333984375" lon="7.36331108026206493377685546875">
        <ele>347</ele>
        <time>2026-07-07T05:19:07.000Z</time>
        <extensions>
          <ns3:TrackPointExtension>
            <ns3:hr>182</ns3:hr>
            <ns3:cad>0</ns3:cad>
          </ns3:TrackPointExtension>
        </extensions>
      </trkpt>
      <trkpt lat="43.72859814204275608062744140625" lon="7.3633088171482086181640625">
        <ele>347.399993896484375</ele>
        <time>2026-07-07T05:19:11.000Z</time>
        <extensions>
          <ns3:TrackPointExtension>
            <ns3:hr>179</ns3:hr>
            <ns3:cad>0</ns3:cad>
          </ns3:TrackPointExtension>
        </extensions>
      </trkpt>
      <trkpt lat="43.7285864911973476409912109375" lon="7.36330890096724033355712890625">
        <ele>347.600006103515625</ele>
        <time>2026-07-07T05:19:12.000Z</time>
        <extensions>
          <ns3:TrackPointExtension>
            <ns3:hr>179</ns3:hr>
            <ns3:cad>0</ns3:cad>
          </ns3:TrackPointExtension>
        </extensions>
      </trkpt>
      <trkpt lat="43.72856545262038707733154296875" lon="7.36330035142600536346435546875">
        <ele>347.79998779296875</ele>
        <time>2026-07-07T05:19:14.000Z</time>
        <extensions>
          <ns3:TrackPointExtension>
            <ns3:hr>178</ns3:hr>
            <ns3:cad>75</ns3:cad>
          </ns3:TrackPointExtension>
        </extensions>
      </trkpt>
      <trkpt lat="43.72856327332556247711181640625" lon="7.36327403225004673004150390625">
        <ele>348</ele>
        <time>2026-07-07T05:19:16.000Z</time>
        <extensions>
          <ns3:TrackPointExtension>
            <ns3:hr>178</ns3:hr>
            <ns3:cad>0</ns3:cad>
          </ns3:TrackPointExtension>
        </extensions>
      </trkpt>
      <trkpt lat="43.72857031412422657012939453125" lon="7.3632623814046382904052734375">
        <ele>348.20001220703125</ele>
        <time>2026-07-07T05:19:17.000Z</time>
        <extensions>
          <ns3:TrackPointExtension>
            <ns3:hr>178</ns3:hr>
            <ns3:cad>0</ns3:cad>
          </ns3:TrackPointExtension>
        </extensions>
      </trkpt>
      <trkpt lat="43.72857995331287384033203125" lon="7.36326011829078197479248046875">
        <ele>348.20001220703125</ele>
        <time>2026-07-07T05:19:18.000Z</time>
        <extensions>
          <ns3:TrackPointExtension>
            <ns3:hr>177</ns3:hr>
            <ns3:cad>44</ns3:cad>
          </ns3:TrackPointExtension>
        </extensions>
      </trkpt>
      <trkpt lat="43.72861825861036777496337890625" lon="7.36324846744537353515625">
        <ele>349</ele>
        <time>2026-07-07T05:19:23.000Z</time>
        <extensions>
          <ns3:TrackPointExtension>
            <ns3:hr>176</ns3:hr>
            <ns3:cad>0</ns3:cad>
          </ns3:TrackPointExtension>
        </extensions>
      </trkpt>
      <trkpt lat="43.72863803990185260772705078125" lon="7.36322994343936443328857421875">
        <ele>349.20001220703125</ele>
        <time>2026-07-07T05:19:25.000Z</time>
        <extensions>
          <ns3:TrackPointExtension>
            <ns3:hr>177</ns3:hr>
            <ns3:cad>0</ns3:cad>
          </ns3:TrackPointExtension>
        </extensions>
      </trkpt>
      <trkpt lat="43.7286538816988468170166015625" lon="7.36321854405105113983154296875">
        <ele>349.399993896484375</ele>
        <time>2026-07-07T05:19:27.000Z</time>
        <extensions>
          <ns3:TrackPointExtension>
            <ns3:hr>178</ns3:hr>
            <ns3:cad>0</ns3:cad>
          </ns3:TrackPointExtension>
        </extensions>
      </trkpt>
      <trkpt lat="43.7286575697362422943115234375" lon="7.36320010386407375335693359375">
        <ele>349.79998779296875</ele>
        <time>2026-07-07T05:19:29.000Z</time>
        <extensions>
          <ns3:TrackPointExtension>
            <ns3:hr>178</ns3:hr>
            <ns3:cad>0</ns3:cad>
          </ns3:TrackPointExtension>
        </extensions>
      </trkpt>
      <trkpt lat="43.7286481820046901702880859375" lon="7.3631601221859455108642578125">
        <ele>350.399993896484375</ele>
        <time>2026-07-07T05:19:34.000Z</time>
        <extensions>
          <ns3:TrackPointExtension>
            <ns3:hr>177</ns3:hr>
            <ns3:cad>0</ns3:cad>
          </ns3:TrackPointExtension>
        </extensions>
      </trkpt>
      <trkpt lat="43.7286384589970111846923828125" lon="7.36314394511282444000244140625">
        <ele>350.79998779296875</ele>
        <time>2026-07-07T05:19:36.000Z</time>
        <extensions>
          <ns3:TrackPointExtension>
            <ns3:hr>176</ns3:hr>
            <ns3:cad>0</ns3:cad>
          </ns3:TrackPointExtension>
        </extensions>
      </trkpt>
      <trkpt lat="43.7286471761763095855712890625" lon="7.3630967549979686737060546875">
        <ele>351.399993896484375</ele>
        <time>2026-07-07T05:19:40.000Z</time>
        <extensions>
          <ns3:TrackPointExtension>
            <ns3:hr>176</ns3:hr>
            <ns3:cad>40</ns3:cad>
          </ns3:TrackPointExtension>
        </extensions>
      </trkpt>
      <trkpt lat="43.728658743202686309814453125" lon="7.3630836792290210723876953125">
        <ele>351.79998779296875</ele>
        <time>2026-07-07T05:19:42.000Z</time>
        <extensions>
          <ns3:TrackPointExtension>
            <ns3:hr>177</ns3:hr>
            <ns3:cad>40</ns3:cad>
          </ns3:TrackPointExtension>
        </extensions>
      </trkpt>
      <trkpt lat="43.72867307625710964202880859375" lon="7.36307571642100811004638671875">
        <ele>352.20001220703125</ele>
        <time>2026-07-07T05:19:44.000Z</time>
        <extensions>
          <ns3:TrackPointExtension>
            <ns3:hr>177</ns3:hr>
            <ns3:cad>0</ns3:cad>
          </ns3:TrackPointExtension>
        </extensions>
      </trkpt>
      <trkpt lat="43.7286830507218837738037109375" lon="7.36304973252117633819580078125">
        <ele>352.399993896484375</ele>
        <time>2026-07-07T05:19:46.000Z</time>
        <extensions>
          <ns3:TrackPointExtension>
            <ns3:hr>178</ns3:hr>
            <ns3:cad>0</ns3:cad>
          </ns3:TrackPointExtension>
        </extensions>
      </trkpt>
      <trkpt lat="43.72869260609149932861328125" lon="7.36302877776324748992919921875">
        <ele>352.79998779296875</ele>
        <time>2026-07-07T05:19:48.000Z</time>
        <extensions>
          <ns3:TrackPointExtension>
            <ns3:hr>178</ns3:hr>
            <ns3:cad>0</ns3:cad>
          </ns3:TrackPointExtension>
        </extensions>
      </trkpt>
      <trkpt lat="43.7286790274083614349365234375" lon="7.36300908029079437255859375">
        <ele>353.600006103515625</ele>
        <time>2026-07-07T05:19:54.000Z</time>
        <extensions>
          <ns3:TrackPointExtension>
            <ns3:hr>179</ns3:hr>
            <ns3:cad>0</ns3:cad>
          </ns3:TrackPointExtension>
        </extensions>
      </trkpt>
      <trkpt lat="43.72862496413290500640869140625" lon="7.36300413496792316436767578125">
        <ele>355</ele>
        <time>2026-07-07T05:20:02.000Z</time>
        <extensions>
          <ns3:TrackPointExtension>
            <ns3:hr>179</ns3:hr>
            <ns3:cad>0</ns3:cad>
          </ns3:TrackPointExtension>
        </extensions>
      </trkpt>
      <trkpt lat="43.72861658222973346710205078125" lon="7.36300346441566944122314453125">
        <ele>355</ele>
        <time>2026-07-07T05:20:03.000Z</time>
        <extensions>
          <ns3:TrackPointExtension>
            <ns3:hr>178</ns3:hr>
            <ns3:cad>0</ns3:cad>
          </ns3:TrackPointExtension>
        </extensions>
      </trkpt>
      <trkpt lat="43.72861775569617748260498046875" lon="7.362967170774936676025390625">
        <ele>356</ele>
        <time>2026-07-07T05:20:09.000Z</time>
        <extensions>
          <ns3:TrackPointExtension>
            <ns3:hr>179</ns3:hr>
            <ns3:cad>44</ns3:cad>
          </ns3:TrackPointExtension>
        </extensions>
      </trkpt>
      <trkpt lat="43.72865111567080020904541015625" lon="7.36290455795824527740478515625">
        <ele>357</ele>
        <time>2026-07-07T05:20:17.000Z</time>
        <extensions>
          <ns3:TrackPointExtension>
            <ns3:hr>179</ns3:hr>
            <ns3:cad>0</ns3:cad>
          </ns3:TrackPointExtension>
        </extensions>
      </trkpt>
      <trkpt lat="43.728646673262119293212890625" lon="7.36290254630148410797119140625">
        <ele>357.20001220703125</ele>
        <time>2026-07-07T05:20:18.000Z</time>
        <extensions>
          <ns3:TrackPointExtension>
            <ns3:hr>179</ns3:hr>
            <ns3:cad>0</ns3:cad>
          </ns3:TrackPointExtension>
        </extensions>
      </trkpt>
      <trkpt lat="43.7286139838397502899169921875" lon="7.3629079945385456085205078125">
        <ele>357.79998779296875</ele>
        <time>2026-07-07T05:20:22.000Z</time>
        <extensions>
          <ns3:TrackPointExtension>
            <ns3:hr>178</ns3:hr>
            <ns3:cad>0</ns3:cad>
          </ns3:TrackPointExtension>
        </extensions>
      </trkpt>
      <trkpt lat="43.7286119721829891204833984375" lon="7.36288745887577533721923828125">
        <ele>358.20001220703125</ele>
        <time>2026-07-07T05:20:24.000Z</time>
        <extensions>
          <ns3:TrackPointExtension>
            <ns3:hr>178</ns3:hr>
            <ns3:cad>48</ns3:cad>
          </ns3:TrackPointExtension>
        </extensions>
      </trkpt>
      <trkpt lat="43.728619515895843505859375" lon="7.36287119798362255096435546875">
        <ele>358.600006103515625</ele>
        <time>2026-07-07T05:20:27.000Z</time>
        <extensions>
          <ns3:TrackPointExtension>
            <ns3:hr>178</ns3:hr>
            <ns3:cad>0</ns3:cad>
          </ns3:TrackPointExtension>
        </extensions>
      </trkpt>
      <trkpt lat="43.72864977456629276275634765625" lon="7.3628608882427215576171875">
        <ele>359.20001220703125</ele>
        <time>2026-07-07T05:20:31.000Z</time>
        <extensions>
          <ns3:TrackPointExtension>
            <ns3:hr>178</ns3:hr>
            <ns3:cad>48</ns3:cad>
          </ns3:TrackPointExtension>
        </extensions>
      </trkpt>
      <trkpt lat="43.7286518700420856475830078125" lon="7.362832389771938323974609375">
        <ele>359.79998779296875</ele>
        <time>2026-07-07T05:20:34.000Z</time>
        <extensions>
          <ns3:TrackPointExtension>
            <ns3:hr>178</ns3:hr>
            <ns3:cad>48</ns3:cad>
          </ns3:TrackPointExtension>
        </extensions>
      </trkpt>
      <trkpt lat="43.728650026023387908935546875" lon="7.3627956770360469818115234375">
        <ele>360.399993896484375</ele>
        <time>2026-07-07T05:20:38.000Z</time>
        <extensions>
          <ns3:TrackPointExtension>
            <ns3:hr>179</ns3:hr>
            <ns3:cad>0</ns3:cad>
          </ns3:TrackPointExtension>
        </extensions>
      </trkpt>
      <trkpt lat="43.72867173515260219573974609375" lon="7.36275854520499706268310546875">
        <ele>360.79998779296875</ele>
        <time>2026-07-07T05:20:42.000Z</time>
        <extensions>
          <ns3:TrackPointExtension>
            <ns3:hr>181</ns3:hr>
            <ns3:cad>0</ns3:cad>
          </ns3:TrackPointExtension>
        </extensions>
      </trkpt>
      <trkpt lat="43.72871850617229938507080078125" lon="7.36269752494990825653076171875">
        <ele>361.399993896484375</ele>
        <time>2026-07-07T05:20:48.000Z</time>
        <extensions>
          <ns3:TrackPointExtension>
            <ns3:hr>181</ns3:hr>
            <ns3:cad>42</ns3:cad>
          </ns3:TrackPointExtension>
        </extensions>
      </trkpt>
      <trkpt lat="43.72872537933290004730224609375" lon="7.362686879932880401611328125">
        <ele>361.399993896484375</ele>
        <time>2026-07-07T05:20:49.000Z</time>
        <extensions>
          <ns3:TrackPointExtension>
            <ns3:hr>181</ns3:hr>
            <ns3:cad>42</ns3:cad>
          </ns3:TrackPointExtension>
        </extensions>
      </trkpt>
      <trkpt lat="43.728740215301513671875" lon="7.3626677691936492919921875">
        <ele>361.79998779296875</ele>
        <time>2026-07-07T05:20:51.000Z</time>
        <extensions>
          <ns3:TrackPointExtension>
            <ns3:hr>181</ns3:hr>
            <ns3:cad>44</ns3:cad>
          </ns3:TrackPointExtension>
        </extensions>
      </trkpt>
      <trkpt lat="43.72875840403139591217041015625" lon="7.362633906304836273193359375">
        <ele>362.600006103515625</ele>
        <time>2026-07-07T05:20:54.000Z</time>
        <extensions>
          <ns3:TrackPointExtension>
            <ns3:hr>181</ns3:hr>
            <ns3:cad>43</ns3:cad>
          </ns3:TrackPointExtension>
        </extensions>
      </trkpt>
      <trkpt lat="43.72875371016561985015869140625" lon="7.36261588521301746368408203125">
        <ele>362.79998779296875</ele>
        <time>2026-07-07T05:20:55.000Z</time>
        <extensions>
          <ns3:TrackPointExtension>
            <ns3:hr>181</ns3:hr>
            <ns3:cad>44</ns3:cad>
          </ns3:TrackPointExtension>
        </extensions>
      </trkpt>
      <trkpt lat="43.72873979620635509490966796875" lon="7.36256341449916362762451171875">
        <ele>363.20001220703125</ele>
        <time>2026-07-07T05:20:59.000Z</time>
        <extensions>
          <ns3:TrackPointExtension>
            <ns3:hr>181</ns3:hr>
            <ns3:cad>41</ns3:cad>
          </ns3:TrackPointExtension>
        </extensions>
      </trkpt>
      <trkpt lat="43.7287397123873233795166015625" lon="7.36253726296126842498779296875">
        <ele>363.600006103515625</ele>
        <time>2026-07-07T05:21:01.000Z</time>
        <extensions>
          <ns3:TrackPointExtension>
            <ns3:hr>181</ns3:hr>
            <ns3:cad>41</ns3:cad>
          </ns3:TrackPointExtension>
        </extensions>
      </trkpt>
      <trkpt lat="43.72871984727680683135986328125" lon="7.3625083453953266143798828125">
        <ele>365</ele>
        <time>2026-07-07T05:21:07.000Z</time>
        <extensions>
          <ns3:TrackPointExtension>
            <ns3:hr>180</ns3:hr>
            <ns3:cad>0</ns3:cad>
          </ns3:TrackPointExtension>
        </extensions>
      </trkpt>
      <trkpt lat="43.72869118116796016693115234375" lon="7.36255905590951442718505859375">
        <ele>365.79998779296875</ele>
        <time>2026-07-07T05:21:14.000Z</time>
        <extensions>
          <ns3:TrackPointExtension>
            <ns3:hr>180</ns3:hr>
            <ns3:cad>0</ns3:cad>
          </ns3:TrackPointExtension>
        </extensions>
      </trkpt>
      <trkpt lat="43.72868263162672519683837890625" lon="7.36253022216260433197021484375">
        <ele>366.20001220703125</ele>
        <time>2026-07-07T05:21:17.000Z</time>
        <extensions>
          <ns3:TrackPointExtension>
            <ns3:hr>180</ns3:hr>
            <ns3:cad>0</ns3:cad>
          </ns3:TrackPointExtension>
        </extensions>
      </trkpt>
      <trkpt lat="43.72869218699634075164794921875" lon="7.36251211725175380706787109375">
        <ele>366.20001220703125</ele>
        <time>2026-07-07T05:21:19.000Z</time>
        <extensions>
          <ns3:TrackPointExtension>
            <ns3:hr>180</ns3:hr>
            <ns3:cad>0</ns3:cad>
          </ns3:TrackPointExtension>
        </extensions>
      </trkpt>
      <trkpt lat="43.728728480637073516845703125" lon="7.36245998181402683258056640625">
        <ele>367</ele>
        <time>2026-07-07T05:21:26.000Z</time>
        <extensions>
          <ns3:TrackPointExtension>
            <ns3:hr>181</ns3:hr>
            <ns3:cad>46</ns3:cad>
          </ns3:TrackPointExtension>
        </extensions>
      </trkpt>
      <trkpt lat="43.7287309952080249786376953125" lon="7.36245386302471160888671875">
        <ele>367.399993896484375</ele>
        <time>2026-07-07T05:21:27.000Z</time>
        <extensions>
          <ns3:TrackPointExtension>
            <ns3:hr>181</ns3:hr>
            <ns3:cad>46</ns3:cad>
          </ns3:TrackPointExtension>
        </extensions>
      </trkpt>
      <trkpt lat="43.72873795218765735626220703125" lon="7.3623785935342311859130859375">
        <ele>368.20001220703125</ele>
        <time>2026-07-07T05:21:33.000Z</time>
        <extensions>
          <ns3:TrackPointExtension>
            <ns3:hr>180</ns3:hr>
            <ns3:cad>0</ns3:cad>
          </ns3:TrackPointExtension>
        </extensions>
      </trkpt>
      <trkpt lat="43.72874113731086254119873046875" lon="7.362363673746585845947265625">
        <ele>368.399993896484375</ele>
        <time>2026-07-07T05:21:34.000Z</time>
        <extensions>
          <ns3:TrackPointExtension>
            <ns3:hr>181</ns3:hr>
            <ns3:cad>0</ns3:cad>
          </ns3:TrackPointExtension>
        </extensions>
      </trkpt>
      <trkpt lat="43.728740215301513671875" lon="7.36229502595961093902587890625">
        <ele>369.399993896484375</ele>
        <time>2026-07-07T05:21:40.000Z</time>
        <extensions>
          <ns3:TrackPointExtension>
            <ns3:hr>179</ns3:hr>
            <ns3:cad>0</ns3:cad>
          </ns3:TrackPointExtension>
        </extensions>
      </trkpt>
      <trkpt lat="43.72873107902705669403076171875" lon="7.3622790165245532989501953125">
        <ele>369.399993896484375</ele>
        <time>2026-07-07T05:21:41.000Z</time>
        <extensions>
          <ns3:TrackPointExtension>
            <ns3:hr>179</ns3:hr>
            <ns3:cad>0</ns3:cad>
          </ns3:TrackPointExtension>
        </extensions>
      </trkpt>
      <trkpt lat="43.72871649451553821563720703125" lon="7.3622555471956729888916015625">
        <ele>369.600006103515625</ele>
        <time>2026-07-07T05:21:43.000Z</time>
        <extensions>
          <ns3:TrackPointExtension>
            <ns3:hr>179</ns3:hr>
            <ns3:cad>43</ns3:cad>
          </ns3:TrackPointExtension>
        </extensions>
      </trkpt>
      <trkpt lat="43.72870224528014659881591796875" lon="7.36223216168582439422607421875">
        <ele>369.600006103515625</ele>
        <time>2026-07-07T05:21:45.000Z</time>
        <extensions>
          <ns3:TrackPointExtension>
            <ns3:hr>179</ns3:hr>
            <ns3:cad>0</ns3:cad>
          </ns3:TrackPointExtension>
        </extensions>
      </trkpt>
      <trkpt lat="43.72870727442204952239990234375" lon="7.36219611950218677520751953125">
        <ele>370.20001220703125</ele>
        <time>2026-07-07T05:21:48.000Z</time>
        <extensions>
          <ns3:TrackPointExtension>
            <ns3:hr>179</ns3:hr>
            <ns3:cad>43</ns3:cad>
          </ns3:TrackPointExtension>
        </extensions>
      </trkpt>
      <trkpt lat="43.72872739098966121673583984375" lon="7.3621673695743083953857421875">
        <ele>370.20001220703125</ele>
        <time>2026-07-07T05:21:51.000Z</time>
        <extensions>
          <ns3:TrackPointExtension>
            <ns3:hr>177</ns3:hr>
            <ns3:cad>0</ns3:cad>
          </ns3:TrackPointExtension>
        </extensions>
      </trkpt>
      <trkpt lat="43.72875689528882503509521484375" lon="7.36211347393691539764404296875">
        <ele>369.399993896484375</ele>
        <time>2026-07-07T05:21:55.000Z</time>
        <extensions>
          <ns3:TrackPointExtension>
            <ns3:hr>177</ns3:hr>
            <ns3:cad>49</ns3:cad>
          </ns3:TrackPointExtension>
        </extensions>
      </trkpt>
      <trkpt lat="43.728774748742580413818359375" lon="7.36208715476095676422119140625">
        <ele>369</ele>
        <time>2026-07-07T05:21:58.000Z</time>
        <extensions>
          <ns3:TrackPointExtension>
            <ns3:hr>176</ns3:hr>
            <ns3:cad>52</ns3:cad>
          </ns3:TrackPointExtension>
        </extensions>
      </trkpt>
      <trkpt lat="43.7287936918437480926513671875" lon="7.362056560814380645751953125">
        <ele>368.399993896484375</ele>
        <time>2026-07-07T05:22:01.000Z</time>
        <extensions>
          <ns3:TrackPointExtension>
            <ns3:hr>175</ns3:hr>
            <ns3:cad>54</ns3:cad>
          </ns3:TrackPointExtension>
        </extensions>
      </trkpt>
      <trkpt lat="43.7288483418524265289306640625" lon="7.36200668849050998687744140625">
        <ele>367.600006103515625</ele>
        <time>2026-07-07T05:22:06.000Z</time>
        <extensions>
          <ns3:TrackPointExtension>
            <ns3:hr>172</ns3:hr>
            <ns3:cad>55</ns3:cad>
          </ns3:TrackPointExtension>
        </extensions>
      </trkpt>
      <trkpt lat="43.7288644351065158843994140625" lon="7.36200031824409961700439453125">
        <ele>367.600006103515625</ele>
        <time>2026-07-07T05:22:07.000Z</time>
        <extensions>
          <ns3:TrackPointExtension>
            <ns3:hr>169</ns3:hr>
            <ns3:cad>54</ns3:cad>
          </ns3:TrackPointExtension>
        </extensions>
      </trkpt>
      <trkpt lat="43.728880695998668670654296875" lon="7.3619792796671390533447265625">
        <ele>367.399993896484375</ele>
        <time>2026-07-07T05:22:09.000Z</time>
        <extensions>
          <ns3:TrackPointExtension>
            <ns3:hr>166</ns3:hr>
            <ns3:cad>54</ns3:cad>
          </ns3:TrackPointExtension>
        </extensions>
      </trkpt>
      <trkpt lat="43.7288842163980007171630859375" lon="7.36196276731789112091064453125">
        <ele>367.20001220703125</ele>
        <time>2026-07-07T05:22:10.000Z</time>
        <extensions>
          <ns3:TrackPointExtension>
            <ns3:hr>166</ns3:hr>
            <ns3:cad>55</ns3:cad>
          </ns3:TrackPointExtension>
        </extensions>
      </trkpt>
      <trkpt lat="43.7288999743759632110595703125" lon="7.36194885335862636566162109375">
        <ele>367</ele>
        <time>2026-07-07T05:22:12.000Z</time>
        <extensions>
          <ns3:TrackPointExtension>
            <ns3:hr>165</ns3:hr>
            <ns3:cad>55</ns3:cad>
          </ns3:TrackPointExtension>
        </extensions>
      </trkpt>
      <trkpt lat="43.7289078533649444580078125" lon="7.36192102544009685516357421875">
        <ele>366.600006103515625</ele>
        <time>2026-07-07T05:22:14.000Z</time>
        <extensions>
          <ns3:TrackPointExtension>
            <ns3:hr>164</ns3:hr>
            <ns3:cad>56</ns3:cad>
          </ns3:TrackPointExtension>
        </extensions>
      </trkpt>
      <trkpt lat="43.72892796993255615234375" lon="7.36190669238567352294921875">
        <ele>365.79998779296875</ele>
        <time>2026-07-07T05:22:16.000Z</time>
        <extensions>
          <ns3:TrackPointExtension>
            <ns3:hr>162</ns3:hr>
            <ns3:cad>57</ns3:cad>
          </ns3:TrackPointExtension>
        </extensions>
      </trkpt>
      <trkpt lat="43.7289375253021717071533203125" lon="7.3618951253592967987060546875">
        <ele>365.600006103515625</ele>
        <time>2026-07-07T05:22:17.000Z</time>
        <extensions>
          <ns3:TrackPointExtension>
            <ns3:hr>162</ns3:hr>
            <ns3:cad>57</ns3:cad>
          </ns3:TrackPointExtension>
        </extensions>
      </trkpt>
      <trkpt lat="43.72897800989449024200439453125" lon="7.36184240318834781646728515625">
        <ele>365</ele>
        <time>2026-07-07T05:22:21.000Z</time>
        <extensions>
          <ns3:TrackPointExtension>
            <ns3:hr>159</ns3:hr>
            <ns3:cad>57</ns3:cad>
          </ns3:TrackPointExtension>
        </extensions>
      </trkpt>
      <trkpt lat="43.72898873873054981231689453125" lon="7.361832596361637115478515625">
        <ele>364.79998779296875</ele>
        <time>2026-07-07T05:22:22.000Z</time>
        <extensions>
          <ns3:TrackPointExtension>
            <ns3:hr>159</ns3:hr>
            <ns3:cad>57</ns3:cad>
          </ns3:TrackPointExtension>
        </extensions>
      </trkpt>
      <trkpt lat="43.72900634072721004486083984375" lon="7.3618200235068798065185546875">
        <ele>364.600006103515625</ele>
        <time>2026-07-07T05:22:24.000Z</time>
        <extensions>
          <ns3:TrackPointExtension>
            <ns3:hr>156</ns3:hr>
            <ns3:cad>52</ns3:cad>
          </ns3:TrackPointExtension>
        </extensions>
      </trkpt>
      <trkpt lat="43.729012794792652130126953125" lon="7.36181356944143772125244140625">
        <ele>364.399993896484375</ele>
        <time>2026-07-07T05:22:25.000Z</time>
        <extensions>
          <ns3:TrackPointExtension>
            <ns3:hr>156</ns3:hr>
            <ns3:cad>52</ns3:cad>
          </ns3:TrackPointExtension>
        </extensions>
      </trkpt>
      <trkpt lat="43.7290297262370586395263671875" lon="7.36179395578801631927490234375">
        <ele>364</ele>
        <time>2026-07-07T05:22:27.000Z</time>
        <extensions>
          <ns3:TrackPointExtension>
            <ns3:hr>154</ns3:hr>
            <ns3:cad>55</ns3:cad>
          </ns3:TrackPointExtension>
        </extensions>
      </trkpt>
      <trkpt lat="43.7290404550731182098388671875" lon="7.36178909428417682647705078125">
        <ele>363.79998779296875</ele>
        <time>2026-07-07T05:22:28.000Z</time>
        <extensions>
          <ns3:TrackPointExtension>
            <ns3:hr>154</ns3:hr>
            <ns3:cad>55</ns3:cad>
          </ns3:TrackPointExtension>
        </extensions>
      </trkpt>
      <trkpt lat="43.729103319346904754638671875" lon="7.3617087118327617645263671875">
        <ele>362.79998779296875</ele>
        <time>2026-07-07T05:22:35.000Z</time>
        <extensions>
          <ns3:TrackPointExtension>
            <ns3:hr>152</ns3:hr>
            <ns3:cad>57</ns3:cad>
          </ns3:TrackPointExtension>
        </extensions>
      </trkpt>
      <trkpt lat="43.72918940149247646331787109375" lon="7.3616406507790088653564453125">
        <ele>361.79998779296875</ele>
        <time>2026-07-07T05:22:41.000Z</time>
        <extensions>
          <ns3:TrackPointExtension>
            <ns3:hr>151</ns3:hr>
            <ns3:cad>57</ns3:cad>
          </ns3:TrackPointExtension>
        </extensions>
      </trkpt>
      <trkpt lat="43.72922158800065517425537109375" lon="7.361629419028759002685546875">
        <ele>361.20001220703125</ele>
        <time>2026-07-07T05:22:43.000Z</time>
        <extensions>
          <ns3:TrackPointExtension>
            <ns3:hr>151</ns3:hr>
            <ns3:cad>57</ns3:cad>
          </ns3:TrackPointExtension>
        </extensions>
      </trkpt>
      <trkpt lat="43.72928109951317310333251953125" lon="7.36164207570254802703857421875">
        <ele>360.600006103515625</ele>
        <time>2026-07-07T05:22:47.000Z</time>
        <extensions>
          <ns3:TrackPointExtension>
            <ns3:hr>150</ns3:hr>
            <ns3:cad>57</ns3:cad>
          </ns3:TrackPointExtension>
        </extensions>
      </trkpt>
      <trkpt lat="43.72934815473854541778564453125" lon="7.361668981611728668212890625">
        <ele>360</ele>
        <time>2026-07-07T05:22:52.000Z</time>
        <extensions>
          <ns3:TrackPointExtension>
            <ns3:hr>149</ns3:hr>
            <ns3:cad>56</ns3:cad>
          </ns3:TrackPointExtension>
        </extensions>
      </trkpt>
      <trkpt lat="43.72937782667577266693115234375" lon="7.36167241819202899932861328125">
        <ele>359.600006103515625</ele>
        <time>2026-07-07T05:22:54.000Z</time>
        <extensions>
          <ns3:TrackPointExtension>
            <ns3:hr>148</ns3:hr>
            <ns3:cad>57</ns3:cad>
          </ns3:TrackPointExtension>
        </extensions>
      </trkpt>
      <trkpt lat="43.72939341701567173004150390625" lon="7.3617103882133960723876953125">
        <ele>359.20001220703125</ele>
        <time>2026-07-07T05:22:58.000Z</time>
        <extensions>
          <ns3:TrackPointExtension>
            <ns3:hr>147</ns3:hr>
            <ns3:cad>55</ns3:cad>
          </ns3:TrackPointExtension>
        </extensions>
      </trkpt>
      <trkpt lat="43.72945946641266345977783203125" lon="7.36171617172658443450927734375">
        <ele>358.600006103515625</ele>
        <time>2026-07-07T05:23:03.000Z</time>
        <extensions>
          <ns3:TrackPointExtension>
            <ns3:hr>146</ns3:hr>
            <ns3:cad>55</ns3:cad>
          </ns3:TrackPointExtension>
        </extensions>
      </trkpt>
      <trkpt lat="43.72948494739830493927001953125" lon="7.36171952448785305023193359375">
        <ele>358.399993896484375</ele>
        <time>2026-07-07T05:23:05.000Z</time>
        <extensions>
          <ns3:TrackPointExtension>
            <ns3:hr>146</ns3:hr>
            <ns3:cad>55</ns3:cad>
          </ns3:TrackPointExtension>
        </extensions>
      </trkpt>
      <trkpt lat="43.7296020425856113433837890625" lon="7.36176051199436187744140625">
        <ele>357.600006103515625</ele>
        <time>2026-07-07T05:23:13.000Z</time>
        <extensions>
          <ns3:TrackPointExtension>
            <ns3:hr>146</ns3:hr>
            <ns3:cad>54</ns3:cad>
          </ns3:TrackPointExtension>
        </extensions>
      </trkpt>
      <trkpt lat="43.72965677641332149505615234375" lon="7.36177668906748294830322265625">
        <ele>357.20001220703125</ele>
        <time>2026-07-07T05:23:17.000Z</time>
        <extensions>
          <ns3:TrackPointExtension>
            <ns3:hr>145</ns3:hr>
            <ns3:cad>55</ns3:cad>
          </ns3:TrackPointExtension>
        </extensions>
      </trkpt>
      <trkpt lat="43.729704134166240692138671875" lon="7.36176797188818454742431640625">
        <ele>356.79998779296875</ele>
        <time>2026-07-07T05:23:21.000Z</time>
        <extensions>
          <ns3:TrackPointExtension>
            <ns3:hr>142</ns3:hr>
            <ns3:cad>55</ns3:cad>
          </ns3:TrackPointExtension>
        </extensions>
      </trkpt>
      <trkpt lat="43.729732297360897064208984375" lon="7.36177702434360980987548828125">
        <ele>356.79998779296875</ele>
        <time>2026-07-07T05:23:24.000Z</time>
        <extensions>
          <ns3:TrackPointExtension>
            <ns3:hr>141</ns3:hr>
            <ns3:cad>56</ns3:cad>
          </ns3:TrackPointExtension>
        </extensions>
      </trkpt>
      <trkpt lat="43.72973690740764141082763671875" lon="7.3617844842374324798583984375">
        <ele>356.79998779296875</ele>
        <time>2026-07-07T05:23:25.000Z</time>
        <extensions>
          <ns3:TrackPointExtension>
            <ns3:hr>141</ns3:hr>
            <ns3:cad>56</ns3:cad>
          </ns3:TrackPointExtension>
        </extensions>
      </trkpt>
      <trkpt lat="43.72977680526673793792724609375" lon="7.36190392635762691497802734375">
        <ele>357</ele>
        <time>2026-07-07T05:23:32.000Z</time>
        <extensions>
          <ns3:TrackPointExtension>
            <ns3:hr>139</ns3:hr>
            <ns3:cad>0</ns3:cad>
          </ns3:TrackPointExtension>
        </extensions>
      </trkpt>
      <trkpt lat="43.72980999760329723358154296875" lon="7.36192203126847743988037109375">
        <ele>357</ele>
        <time>2026-07-07T05:23:35.000Z</time>
        <extensions>
          <ns3:TrackPointExtension>
            <ns3:hr>140</ns3:hr>
            <ns3:cad>51</ns3:cad>
          </ns3:TrackPointExtension>
        </extensions>
      </trkpt>
      <trkpt lat="43.729836903512477874755859375" lon="7.36192069016396999359130859375">
        <ele>356.79998779296875</ele>
        <time>2026-07-07T05:23:37.000Z</time>
        <extensions>
          <ns3:TrackPointExtension>
            <ns3:hr>141</ns3:hr>
            <ns3:cad>55</ns3:cad>
          </ns3:TrackPointExtension>
        </extensions>
      </trkpt>
      <trkpt lat="43.72985039837658405303955078125" lon="7.3618952929973602294921875">
        <ele>356.79998779296875</ele>
        <time>2026-07-07T05:23:39.000Z</time>
        <extensions>
          <ns3:TrackPointExtension>
            <ns3:hr>140</ns3:hr>
            <ns3:cad>55</ns3:cad>
          </ns3:TrackPointExtension>
        </extensions>
      </trkpt>
      <trkpt lat="43.72990094125270843505859375" lon="7.36181021668016910552978515625">
        <ele>356.79998779296875</ele>
        <time>2026-07-07T05:23:45.000Z</time>
        <extensions>
          <ns3:TrackPointExtension>
            <ns3:hr>142</ns3:hr>
            <ns3:cad>55</ns3:cad>
          </ns3:TrackPointExtension>
        </extensions>
      </trkpt>
      <trkpt lat="43.72991091571748256683349609375" lon="7.36180267296731472015380859375">
        <ele>357</ele>
        <time>2026-07-07T05:23:46.000Z</time>
        <extensions>
          <ns3:TrackPointExtension>
            <ns3:hr>142</ns3:hr>
            <ns3:cad>55</ns3:cad>
          </ns3:TrackPointExtension>
        </extensions>
      </trkpt>
      <trkpt lat="43.72993522323668003082275390625" lon="7.3617898486554622650146484375">
        <ele>357</ele>
        <time>2026-07-07T05:23:51.000Z</time>
        <extensions>
          <ns3:TrackPointExtension>
            <ns3:hr>143</ns3:hr>
            <ns3:cad>0</ns3:cad>
          </ns3:TrackPointExtension>
        </extensions>
      </trkpt>
      <trkpt lat="43.7299363128840923309326171875" lon="7.36178205348551273345947265625">
        <ele>357</ele>
        <time>2026-07-07T05:24:00.000Z</time>
        <extensions>
          <ns3:TrackPointExtension>
            <ns3:hr>143</ns3:hr>
            <ns3:cad>0</ns3:cad>
          </ns3:TrackPointExtension>
        </extensions>
      </trkpt>
      <trkpt lat="43.729932792484760284423828125" lon="7.36178155057132244110107421875">
        <ele>356.600006103515625</ele>
        <time>2026-07-07T05:24:05.000Z</time>
        <extensions>
          <ns3:TrackPointExtension>
            <ns3:hr>143</ns3:hr>
            <ns3:cad>0</ns3:cad>
          </ns3:TrackPointExtension>
        </extensions>
      </trkpt>
      <trkpt lat="43.729934133589267730712890625" lon="7.3617871664464473724365234375">
        <ele>356.600006103515625</ele>
        <time>2026-07-07T05:24:08.000Z</time>
        <extensions>
          <ns3:TrackPointExtension>
            <ns3:hr>143</ns3:hr>
            <ns3:cad>0</ns3:cad>
          </ns3:TrackPointExtension>
        </extensions>
      </trkpt>
      <trkpt lat="43.72993321157991886138916015625" lon="7.36178624443709850311279296875">
        <ele>356.399993896484375</ele>
        <time>2026-07-07T05:24:09.000Z</time>
        <extensions>
          <ns3:TrackPointExtension>
            <ns3:hr>140</ns3:hr>
            <ns3:cad>0</ns3:cad>
          </ns3:TrackPointExtension>
        </extensions>
      </trkpt>
      <trkpt lat="43.729933798313140869140625" lon="7.3617875017225742340087890625">
        <ele>356.399993896484375</ele>
        <time>2026-07-07T05:24:10.000Z</time>
        <extensions>
          <ns3:TrackPointExtension>
            <ns3:hr>137</ns3:hr>
            <ns3:cad>0</ns3:cad>
          </ns3:TrackPointExtension>
        </extensions>
      </trkpt>
      <trkpt lat="43.72993270866572856903076171875" lon="7.36178062856197357177734375">
        <ele>356.399993896484375</ele>
        <time>2026-07-07T05:24:11.000Z</time>
        <extensions>
          <ns3:TrackPointExtension>
            <ns3:hr>137</ns3:hr>
            <ns3:cad>0</ns3:cad>
          </ns3:TrackPointExtension>
        </extensions>
      </trkpt>
      <trkpt lat="43.72993187047541141510009765625" lon="7.3617767728865146636962890625">
        <ele>356.399993896484375</ele>
        <time>2026-07-07T05:24:12.000Z</time>
        <extensions>
          <ns3:TrackPointExtension>
            <ns3:hr>138</ns3:hr>
            <ns3:cad>0</ns3:cad>
          </ns3:TrackPointExtension>
        </extensions>
      </trkpt>
      <trkpt lat="43.72993178665637969970703125" lon="7.36178238876163959503173828125">
        <ele>356.79998779296875</ele>
        <time>2026-07-07T05:24:17.000Z</time>
        <extensions>
          <ns3:TrackPointExtension>
            <ns3:hr>141</ns3:hr>
            <ns3:cad>0</ns3:cad>
          </ns3:TrackPointExtension>
        </extensions>
      </trkpt>
      <trkpt lat="43.7299319542944431304931640625" lon="7.36178238876163959503173828125">
        <ele>356.79998779296875</ele>
        <time>2026-07-07T05:24:18.000Z</time>
        <extensions>
          <ns3:TrackPointExtension>
            <ns3:hr>141</ns3:hr>
            <ns3:cad>0</ns3:cad>
          </ns3:TrackPointExtension>
        </extensions>
      </trkpt>
      <trkpt lat="43.7299324572086334228515625" lon="7.36178305931389331817626953125">
        <ele>357.20001220703125</ele>
        <time>2026-07-07T05:24:27.000Z</time>
        <extensions>
          <ns3:TrackPointExtension>
            <ns3:hr>144</ns3:hr>
            <ns3:cad>0</ns3:cad>
          </ns3:TrackPointExtension>
        </extensions>
      </trkpt>
      <trkpt lat="43.7299324572086334228515625" lon="7.36178238876163959503173828125">
        <ele>356.399993896484375</ele>
        <time>2026-07-07T05:24:32.000Z</time>
        <extensions>
          <ns3:TrackPointExtension>
            <ns3:hr>147</ns3:hr>
            <ns3:cad>0</ns3:cad>
          </ns3:TrackPointExtension>
        </extensions>
      </trkpt>
      <trkpt lat="43.7299217283725738525390625" lon="7.36177400685846805572509765625">
        <ele>357</ele>
        <time>2026-07-07T05:24:57.000Z</time>
        <extensions>
          <ns3:TrackPointExtension>
            <ns3:hr>144</ns3:hr>
            <ns3:cad>0</ns3:cad>
          </ns3:TrackPointExtension>
        </extensions>
      </trkpt>
      <trkpt lat="43.7299217283725738525390625" lon="7.361773587763309478759765625">
        <ele>357</ele>
        <time>2026-07-07T05:24:59.000Z</time>
        <extensions>
          <ns3:TrackPointExtension>
            <ns3:hr>141</ns3:hr>
            <ns3:cad>0</ns3:cad>
          </ns3:TrackPointExtension>
        </extensions>
      </trkpt>
      <trkpt lat="43.72992348857223987579345703125" lon="7.36175975762307643890380859375">
        <ele>356.20001220703125</ele>
        <time>2026-07-07T05:25:12.000Z</time>
        <extensions>
          <ns3:TrackPointExtension>
            <ns3:hr>136</ns3:hr>
            <ns3:cad>0</ns3:cad>
          </ns3:TrackPointExtension>
        </extensions>
      </trkpt>
      <trkpt lat="43.72992415912449359893798828125" lon="7.3617553152143955230712890625">
        <ele>356.20001220703125</ele>
        <time>2026-07-07T05:25:13.000Z</time>
        <extensions>
          <ns3:TrackPointExtension>
            <ns3:hr>136</ns3:hr>
            <ns3:cad>0</ns3:cad>
          </ns3:TrackPointExtension>
        </extensions>
      </trkpt>
      <trkpt lat="43.72993136756122112274169921875" lon="7.36173712648451328277587890625">
        <ele>356</ele>
        <time>2026-07-07T05:25:21.000Z</time>
        <extensions>
          <ns3:TrackPointExtension>
            <ns3:hr>137</ns3:hr>
            <ns3:cad>0</ns3:cad>
          </ns3:TrackPointExtension>
        </extensions>
      </trkpt>
      <trkpt lat="43.72993136756122112274169921875" lon="7.36173712648451328277587890625">
        <ele>355.399993896484375</ele>
        <time>2026-07-07T05:25:28.000Z</time>
        <extensions>
          <ns3:TrackPointExtension>
            <ns3:hr>137</ns3:hr>
            <ns3:cad>0</ns3:cad>
          </ns3:TrackPointExtension>
        </extensions>
      </trkpt>
      <trkpt lat="43.72992181219160556793212890625" lon="7.36172220669686794281005859375">
        <ele>356.399993896484375</ele>
        <time>2026-07-07T05:25:50.000Z</time>
        <extensions>
          <ns3:TrackPointExtension>
            <ns3:hr>139</ns3:hr>
            <ns3:cad>0</ns3:cad>
          </ns3:TrackPointExtension>
        </extensions>
      </trkpt>
      <trkpt lat="43.729919381439685821533203125" lon="7.36171734519302845001220703125">
        <ele>356.399993896484375</ele>
        <time>2026-07-07T05:25:51.000Z</time>
        <extensions>
          <ns3:TrackPointExtension>
            <ns3:hr>142</ns3:hr>
            <ns3:cad>0</ns3:cad>
          </ns3:TrackPointExtension>
        </extensions>
      </trkpt>
      <trkpt lat="43.72992801479995250701904296875" lon="7.3617301695048809051513671875">
        <ele>356.399993896484375</ele>
        <time>2026-07-07T05:25:56.000Z</time>
        <extensions>
          <ns3:TrackPointExtension>
            <ns3:hr>143</ns3:hr>
            <ns3:cad>0</ns3:cad>
          </ns3:TrackPointExtension>
        </extensions>
      </trkpt>
      <trkpt lat="43.72993103228509426116943359375" lon="7.3617294989526271820068359375">
        <ele>356.600006103515625</ele>
        <time>2026-07-07T05:26:06.000Z</time>
        <extensions>
          <ns3:TrackPointExtension>
            <ns3:hr>142</ns3:hr>
            <ns3:cad>0</ns3:cad>
          </ns3:TrackPointExtension>
        </extensions>
      </trkpt>
      <trkpt lat="43.72993103228509426116943359375" lon="7.361729331314563751220703125">
        <ele>356.399993896484375</ele>
        <time>2026-07-07T05:26:23.000Z</time>
        <extensions>
          <ns3:TrackPointExtension>
            <ns3:hr>145</ns3:hr>
            <ns3:cad>0</ns3:cad>
          </ns3:TrackPointExtension>
        </extensions>
      </trkpt>
      <trkpt lat="43.72993119992315769195556640625" lon="7.36167945899069309234619140625">
        <ele>356.399993896484375</ele>
        <time>2026-07-07T05:26:26.000Z</time>
        <extensions>
          <ns3:TrackPointExtension>
            <ns3:hr>147</ns3:hr>
            <ns3:cad>54</ns3:cad>
          </ns3:TrackPointExtension>
        </extensions>
      </trkpt>
      <trkpt lat="43.72994653880596160888671875" lon="7.36161391250789165496826171875">
        <ele>356.20001220703125</ele>
        <time>2026-07-07T05:26:30.000Z</time>
        <extensions>
          <ns3:TrackPointExtension>
            <ns3:hr>144</ns3:hr>
            <ns3:cad>56</ns3:cad>
          </ns3:TrackPointExtension>
        </extensions>
      </trkpt>
      <trkpt lat="43.7299477122724056243896484375" lon="7.361552305519580841064453125">
        <ele>356</ele>
        <time>2026-07-07T05:26:34.000Z</time>
        <extensions>
          <ns3:TrackPointExtension>
            <ns3:hr>144</ns3:hr>
            <ns3:cad>55</ns3:cad>
          </ns3:TrackPointExtension>
        </extensions>
      </trkpt>
      <trkpt lat="43.729942850768566131591796875" lon="7.3614998348057270050048828125">
        <ele>356</ele>
        <time>2026-07-07T05:26:38.000Z</time>
        <extensions>
          <ns3:TrackPointExtension>
            <ns3:hr>141</ns3:hr>
            <ns3:cad>56</ns3:cad>
          </ns3:TrackPointExtension>
        </extensions>
      </trkpt>
      <trkpt lat="43.72994025237858295440673828125" lon="7.36146815121173858642578125">
        <ele>356</ele>
        <time>2026-07-07T05:26:40.000Z</time>
        <extensions>
          <ns3:TrackPointExtension>
            <ns3:hr>138</ns3:hr>
            <ns3:cad>55</ns3:cad>
          </ns3:TrackPointExtension>
        </extensions>
      </trkpt>
      <trkpt lat="43.72994008474051952362060546875" lon="7.3614580929279327392578125">
        <ele>355.79998779296875</ele>
        <time>2026-07-07T05:26:41.000Z</time>
        <extensions>
          <ns3:TrackPointExtension>
            <ns3:hr>135</ns3:hr>
            <ns3:cad>56</ns3:cad>
          </ns3:TrackPointExtension>
        </extensions>
      </trkpt>
      <trkpt lat="43.72994519770145416259765625" lon="7.361432947218418121337890625">
        <ele>355.79998779296875</ele>
        <time>2026-07-07T05:26:43.000Z</time>
        <extensions>
          <ns3:TrackPointExtension>
            <ns3:hr>135</ns3:hr>
            <ns3:cad>56</ns3:cad>
          </ns3:TrackPointExtension>
        </extensions>
      </trkpt>
      <trkpt lat="43.72994461096823215484619140625" lon="7.3614022694528102874755859375">
        <ele>355.600006103515625</ele>
        <time>2026-07-07T05:26:48.000Z</time>
        <extensions>
          <ns3:TrackPointExtension>
            <ns3:hr>134</ns3:hr>
            <ns3:cad>0</ns3:cad>
          </ns3:TrackPointExtension>
        </extensions>
      </trkpt>
      <trkpt lat="43.729935474693775177001953125" lon="7.36140620894730091094970703125">
        <ele>355.399993896484375</ele>
        <time>2026-07-07T05:26:51.000Z</time>
        <extensions>
          <ns3:TrackPointExtension>
            <ns3:hr>130</ns3:hr>
            <ns3:cad>50</ns3:cad>
          </ns3:TrackPointExtension>
        </extensions>
      </trkpt>
      <trkpt lat="43.7299108318984508514404296875" lon="7.3613891936838626861572265625">
        <ele>355.399993896484375</ele>
        <time>2026-07-07T05:26:53.000Z</time>
        <extensions>
          <ns3:TrackPointExtension>
            <ns3:hr>130</ns3:hr>
            <ns3:cad>51</ns3:cad>
          </ns3:TrackPointExtension>
        </extensions>
      </trkpt>
      <trkpt lat="43.729890882968902587890625" lon="7.3613489605486392974853515625">
        <ele>355.20001220703125</ele>
        <time>2026-07-07T05:26:55.000Z</time>
        <extensions>
          <ns3:TrackPointExtension>
            <ns3:hr>130</ns3:hr>
            <ns3:cad>54</ns3:cad>
          </ns3:TrackPointExtension>
        </extensions>
      </trkpt>
      <trkpt lat="43.7298707664012908935546875" lon="7.36121065914630889892578125">
        <ele>354.79998779296875</ele>
        <time>2026-07-07T05:27:02.000Z</time>
        <extensions>
          <ns3:TrackPointExtension>
            <ns3:hr>131</ns3:hr>
            <ns3:cad>55</ns3:cad>
          </ns3:TrackPointExtension>
        </extensions>
      </trkpt>
      <trkpt lat="43.72988224960863590240478515625" lon="7.361174784600734710693359375">
        <ele>354.399993896484375</ele>
        <time>2026-07-07T05:27:08.000Z</time>
        <extensions>
          <ns3:TrackPointExtension>
            <ns3:hr>131</ns3:hr>
            <ns3:cad>0</ns3:cad>
          </ns3:TrackPointExtension>
        </extensions>
      </trkpt>
      <trkpt lat="43.72989398427307605743408203125" lon="7.36113245598971843719482421875">
        <ele>354.20001220703125</ele>
        <time>2026-07-07T05:27:14.000Z</time>
        <extensions>
          <ns3:TrackPointExtension>
            <ns3:hr>131</ns3:hr>
            <ns3:cad>0</ns3:cad>
          </ns3:TrackPointExtension>
        </extensions>
      </trkpt>
      <trkpt lat="43.72989683412015438079833984375" lon="7.36111544072628021240234375">
        <ele>354.20001220703125</ele>
        <time>2026-07-07T05:27:15.000Z</time>
        <extensions>
          <ns3:TrackPointExtension>
            <ns3:hr>130</ns3:hr>
            <ns3:cad>0</ns3:cad>
          </ns3:TrackPointExtension>
        </extensions>
      </trkpt>
      <trkpt lat="43.72989683412015438079833984375" lon="7.36106288619339466094970703125">
        <ele>354</ele>
        <time>2026-07-07T05:27:18.000Z</time>
        <extensions>
          <ns3:TrackPointExtension>
            <ns3:hr>130</ns3:hr>
            <ns3:cad>55</ns3:cad>
          </ns3:TrackPointExtension>
        </extensions>
      </trkpt>
      <trkpt lat="43.7298940680921077728271484375" lon="7.36099180765450000762939453125">
        <ele>353.600006103515625</ele>
        <time>2026-07-07T05:27:22.000Z</time>
        <extensions>
          <ns3:TrackPointExtension>
            <ns3:hr>130</ns3:hr>
            <ns3:cad>57</ns3:cad>
          </ns3:TrackPointExtension>
        </extensions>
      </trkpt>
      <trkpt lat="43.7298716045916080474853515625" lon="7.36090396530926227569580078125">
        <ele>353.20001220703125</ele>
        <time>2026-07-07T05:27:27.000Z</time>
        <extensions>
          <ns3:TrackPointExtension>
            <ns3:hr>131</ns3:hr>
            <ns3:cad>56</ns3:cad>
          </ns3:TrackPointExtension>
        </extensions>
      </trkpt>
      <trkpt lat="43.72986531816422939300537109375" lon="7.36075577326118946075439453125">
        <ele>353</ele>
        <time>2026-07-07T05:27:33.000Z</time>
        <extensions>
          <ns3:TrackPointExtension>
            <ns3:hr>132</ns3:hr>
            <ns3:cad>57</ns3:cad>
          </ns3:TrackPointExtension>
        </extensions>
      </trkpt>
      <trkpt lat="43.72987143695354461669921875" lon="7.3606033064424991607666015625">
        <ele>352.600006103515625</ele>
        <time>2026-07-07T05:27:42.000Z</time>
        <extensions>
          <ns3:TrackPointExtension>
            <ns3:hr>132</ns3:hr>
            <ns3:cad>58</ns3:cad>
          </ns3:TrackPointExtension>
        </extensions>
      </trkpt>
      <trkpt lat="43.72986339032649993896484375" lon="7.36039987765252590179443359375">
        <ele>352.399993896484375</ele>
        <time>2026-07-07T05:27:53.000Z</time>
        <extensions>
          <ns3:TrackPointExtension>
            <ns3:hr>132</ns3:hr>
            <ns3:cad>57</ns3:cad>
          </ns3:TrackPointExtension>
        </extensions>
      </trkpt>
      <trkpt lat="43.7298642285168170928955078125" lon="7.36021849326789379119873046875">
        <ele>352.399993896484375</ele>
        <time>2026-07-07T05:28:03.000Z</time>
        <extensions>
          <ns3:TrackPointExtension>
            <ns3:hr>129</ns3:hr>
            <ns3:cad>55</ns3:cad>
          </ns3:TrackPointExtension>
        </extensions>
      </trkpt>
      <trkpt lat="43.7298578582704067230224609375" lon="7.3601744882762432098388671875">
        <ele>352.399993896484375</ele>
        <time>2026-07-07T05:28:06.000Z</time>
        <extensions>
          <ns3:TrackPointExtension>
            <ns3:hr>126</ns3:hr>
            <ns3:cad>56</ns3:cad>
          </ns3:TrackPointExtension>
        </extensions>
      </trkpt>
      <trkpt lat="43.7298521585762500762939453125" lon="7.36014238558709621429443359375">
        <ele>352.600006103515625</ele>
        <time>2026-07-07T05:28:08.000Z</time>
        <extensions>
          <ns3:TrackPointExtension>
            <ns3:hr>120</ns3:hr>
            <ns3:cad>56</ns3:cad>
          </ns3:TrackPointExtension>
        </extensions>
      </trkpt>
      <trkpt lat="43.7298521585762500762939453125" lon="7.36012696288526058197021484375">
        <ele>352.600006103515625</ele>
        <time>2026-07-07T05:28:09.000Z</time>
        <extensions>
          <ns3:TrackPointExtension>
            <ns3:hr>116</ns3:hr>
            <ns3:cad>56</ns3:cad>
          </ns3:TrackPointExtension>
        </extensions>
      </trkpt>
      <trkpt lat="43.72984754852950572967529296875" lon="7.36009075306355953216552734375">
        <ele>352.600006103515625</ele>
        <time>2026-07-07T05:28:11.000Z</time>
        <extensions>
          <ns3:TrackPointExtension>
            <ns3:hr>113</ns3:hr>
            <ns3:cad>56</ns3:cad>
          </ns3:TrackPointExtension>
        </extensions>
      </trkpt>
      <trkpt lat="43.729847967624664306640625" lon="7.36005655489861965179443359375">
        <ele>352.600006103515625</ele>
        <time>2026-07-07T05:28:13.000Z</time>
        <extensions>
          <ns3:TrackPointExtension>
            <ns3:hr>113</ns3:hr>
            <ns3:cad>57</ns3:cad>
          </ns3:TrackPointExtension>
        </extensions>
      </trkpt>
      <trkpt lat="43.7298427708446979522705078125" lon="7.35995136201381683349609375">
        <ele>352.600006103515625</ele>
        <time>2026-07-07T05:28:19.000Z</time>
        <extensions>
          <ns3:TrackPointExtension>
            <ns3:hr>116</ns3:hr>
            <ns3:cad>56</ns3:cad>
          </ns3:TrackPointExtension>
        </extensions>
      </trkpt>
      <trkpt lat="43.72984067536890506744384765625" lon="7.359935939311981201171875">
        <ele>352.600006103515625</ele>
        <time>2026-07-07T05:28:20.000Z</time>
        <extensions>
          <ns3:TrackPointExtension>
            <ns3:hr>120</ns3:hr>
            <ns3:cad>56</ns3:cad>
          </ns3:TrackPointExtension>
        </extensions>
      </trkpt>
      <trkpt lat="43.72983648441731929779052734375" lon="7.359920851886272430419921875">
        <ele>352.600006103515625</ele>
        <time>2026-07-07T05:28:21.000Z</time>
        <extensions>
          <ns3:TrackPointExtension>
            <ns3:hr>124</ns3:hr>
            <ns3:cad>55</ns3:cad>
          </ns3:TrackPointExtension>
        </extensions>
      </trkpt>
      <trkpt lat="43.72983095236122608184814453125" lon="7.3598648607730865478515625">
        <ele>352.399993896484375</ele>
        <time>2026-07-07T05:28:24.000Z</time>
        <extensions>
          <ns3:TrackPointExtension>
            <ns3:hr>126</ns3:hr>
            <ns3:cad>55</ns3:cad>
          </ns3:TrackPointExtension>
        </extensions>
      </trkpt>
      <trkpt lat="43.729832209646701812744140625" lon="7.3596869967877864837646484375">
        <ele>352.399993896484375</ele>
        <time>2026-07-07T05:28:33.000Z</time>
        <extensions>
          <ns3:TrackPointExtension>
            <ns3:hr>127</ns3:hr>
            <ns3:cad>57</ns3:cad>
          </ns3:TrackPointExtension>
        </extensions>
      </trkpt>
      <trkpt lat="43.72982173226773738861083984375" lon="7.35952748917043209075927734375">
        <ele>352.20001220703125</ele>
        <time>2026-07-07T05:28:42.000Z</time>
        <extensions>
          <ns3:TrackPointExtension>
            <ns3:hr>126</ns3:hr>
            <ns3:cad>56</ns3:cad>
          </ns3:TrackPointExtension>
        </extensions>
      </trkpt>
      <trkpt lat="43.72982407920062541961669921875" lon="7.35950737260282039642333984375">
        <ele>352.20001220703125</ele>
        <time>2026-07-07T05:28:43.000Z</time>
        <extensions>
          <ns3:TrackPointExtension>
            <ns3:hr>126</ns3:hr>
            <ns3:cad>56</ns3:cad>
          </ns3:TrackPointExtension>
        </extensions>
      </trkpt>
      <trkpt lat="43.729818798601627349853515625" lon="7.35938516445457935333251953125">
        <ele>352</ele>
        <time>2026-07-07T05:28:51.000Z</time>
        <extensions>
          <ns3:TrackPointExtension>
            <ns3:hr>127</ns3:hr>
            <ns3:cad>0</ns3:cad>
          </ns3:TrackPointExtension>
        </extensions>
      </trkpt>
      <trkpt lat="43.72980438172817230224609375" lon="7.3592129163444042205810546875">
        <ele>351.79998779296875</ele>
        <time>2026-07-07T05:29:00.000Z</time>
        <extensions>
          <ns3:TrackPointExtension>
            <ns3:hr>130</ns3:hr>
            <ns3:cad>57</ns3:cad>
          </ns3:TrackPointExtension>
        </extensions>
      </trkpt>
      <trkpt lat="43.7298068962991237640380859375" lon="7.35916991718113422393798828125">
        <ele>351.79998779296875</ele>
        <time>2026-07-07T05:29:02.000Z</time>
        <extensions>
          <ns3:TrackPointExtension>
            <ns3:hr>130</ns3:hr>
            <ns3:cad>57</ns3:cad>
          </ns3:TrackPointExtension>
        </extensions>
      </trkpt>
      <trkpt lat="43.72980664484202861785888671875" lon="7.35910554416477680206298828125">
        <ele>351.600006103515625</ele>
        <time>2026-07-07T05:29:05.000Z</time>
        <extensions>
          <ns3:TrackPointExtension>
            <ns3:hr>127</ns3:hr>
            <ns3:cad>57</ns3:cad>
          </ns3:TrackPointExtension>
        </extensions>
      </trkpt>
      <trkpt lat="43.729805387556552886962890625" lon="7.359053157269954681396484375">
        <ele>351.600006103515625</ele>
        <time>2026-07-07T05:29:08.000Z</time>
        <extensions>
          <ns3:TrackPointExtension>
            <ns3:hr>124</ns3:hr>
            <ns3:cad>56</ns3:cad>
          </ns3:TrackPointExtension>
        </extensions>
      </trkpt>
      <trkpt lat="43.72980396263301372528076171875" lon="7.3590191267430782318115234375">
        <ele>351.600006103515625</ele>
        <time>2026-07-07T05:29:10.000Z</time>
        <extensions>
          <ns3:TrackPointExtension>
            <ns3:hr>121</ns3:hr>
            <ns3:cad>57</ns3:cad>
          </ns3:TrackPointExtension>
        </extensions>
      </trkpt>
      <trkpt lat="43.72980111278593540191650390625" lon="7.358986772596836090087890625">
        <ele>351.600006103515625</ele>
        <time>2026-07-07T05:29:12.000Z</time>
        <extensions>
          <ns3:TrackPointExtension>
            <ns3:hr>119</ns3:hr>
            <ns3:cad>57</ns3:cad>
          </ns3:TrackPointExtension>
        </extensions>
      </trkpt>
      <trkpt lat="43.7297911383211612701416015625" lon="7.3588831722736358642578125">
        <ele>351.600006103515625</ele>
        <time>2026-07-07T05:29:18.000Z</time>
        <extensions>
          <ns3:TrackPointExtension>
            <ns3:hr>116</ns3:hr>
            <ns3:cad>57</ns3:cad>
          </ns3:TrackPointExtension>
        </extensions>
      </trkpt>
      <trkpt lat="43.7297968380153179168701171875" lon="7.358818463981151580810546875">
        <ele>351.600006103515625</ele>
        <time>2026-07-07T05:29:21.000Z</time>
        <extensions>
          <ns3:TrackPointExtension>
            <ns3:hr>120</ns3:hr>
            <ns3:cad>57</ns3:cad>
          </ns3:TrackPointExtension>
        </extensions>
      </trkpt>
      <trkpt lat="43.7297988496720790863037109375" lon="7.35879667103290557861328125">
        <ele>351.399993896484375</ele>
        <time>2026-07-07T05:29:22.000Z</time>
        <extensions>
          <ns3:TrackPointExtension>
            <ns3:hr>123</ns3:hr>
            <ns3:cad>57</ns3:cad>
          </ns3:TrackPointExtension>
        </extensions>
      </trkpt>
      <trkpt lat="43.72979926876723766326904296875" lon="7.35877194441854953765869140625">
        <ele>351.399993896484375</ele>
        <time>2026-07-07T05:29:23.000Z</time>
        <extensions>
          <ns3:TrackPointExtension>
            <ns3:hr>123</ns3:hr>
            <ns3:cad>57</ns3:cad>
          </ns3:TrackPointExtension>
        </extensions>
      </trkpt>
      <trkpt lat="43.72980161570012569427490234375" lon="7.35872852616012096405029296875">
        <ele>351.399993896484375</ele>
        <time>2026-07-07T05:29:25.000Z</time>
        <extensions>
          <ns3:TrackPointExtension>
            <ns3:hr>126</ns3:hr>
            <ns3:cad>57</ns3:cad>
          </ns3:TrackPointExtension>
        </extensions>
      </trkpt>
      <trkpt lat="43.72979189269244670867919921875" lon="7.358616292476654052734375">
        <ele>351.20001220703125</ele>
        <time>2026-07-07T05:29:32.000Z</time>
        <extensions>
          <ns3:TrackPointExtension>
            <ns3:hr>127</ns3:hr>
            <ns3:cad>56</ns3:cad>
          </ns3:TrackPointExtension>
        </extensions>
      </trkpt>
      <trkpt lat="43.7297884561121463775634765625" lon="7.35860011540353298187255859375">
        <ele>351.20001220703125</ele>
        <time>2026-07-07T05:29:33.000Z</time>
        <extensions>
          <ns3:TrackPointExtension>
            <ns3:hr>127</ns3:hr>
            <ns3:cad>56</ns3:cad>
          </ns3:TrackPointExtension>
        </extensions>
      </trkpt>
      <trkpt lat="43.72978082858026027679443359375" lon="7.35844639129936695098876953125">
        <ele>351</ele>
        <time>2026-07-07T05:29:41.000Z</time>
        <extensions>
          <ns3:TrackPointExtension>
            <ns3:hr>125</ns3:hr>
            <ns3:cad>56</ns3:cad>
          </ns3:TrackPointExtension>
        </extensions>
      </trkpt>
      <trkpt lat="43.7297824211418628692626953125" lon="7.358237095177173614501953125">
        <ele>350.600006103515625</ele>
        <time>2026-07-07T05:29:52.000Z</time>
        <extensions>
          <ns3:TrackPointExtension>
            <ns3:hr>125</ns3:hr>
            <ns3:cad>56</ns3:cad>
          </ns3:TrackPointExtension>
        </extensions>
      </trkpt>
      <trkpt lat="43.729800023138523101806640625" lon="7.35817096196115016937255859375">
        <ele>350.600006103515625</ele>
        <time>2026-07-07T05:29:56.000Z</time>
        <extensions>
          <ns3:TrackPointExtension>
            <ns3:hr>126</ns3:hr>
            <ns3:cad>59</ns3:cad>
          </ns3:TrackPointExtension>
        </extensions>
      </trkpt>
      <trkpt lat="43.72982181608676910400390625" lon="7.3581534437835216522216796875">
        <ele>351</ele>
        <time>2026-07-07T05:29:58.000Z</time>
        <extensions>
          <ns3:TrackPointExtension>
            <ns3:hr>126</ns3:hr>
            <ns3:cad>0</ns3:cad>
          </ns3:TrackPointExtension>
        </extensions>
      </trkpt>
      <trkpt lat="43.729891888797283172607421875" lon="7.35814983956515789031982421875">
        <ele>352</ele>
        <time>2026-07-07T05:30:05.000Z</time>
        <extensions>
          <ns3:TrackPointExtension>
            <ns3:hr>129</ns3:hr>
            <ns3:cad>43</ns3:cad>
          </ns3:TrackPointExtension>
        </extensions>
      </trkpt>
      <trkpt lat="43.7299014441668987274169921875" lon="7.35815268941223621368408203125">
        <ele>352.20001220703125</ele>
        <time>2026-07-07T05:30:06.000Z</time>
        <extensions>
          <ns3:TrackPointExtension>
            <ns3:hr>130</ns3:hr>
            <ns3:cad>43</ns3:cad>
          </ns3:TrackPointExtension>
        </extensions>
      </trkpt>
      <trkpt lat="43.72991032898426055908203125" lon="7.35815604217350482940673828125">
        <ele>352.20001220703125</ele>
        <time>2026-07-07T05:30:07.000Z</time>
        <extensions>
          <ns3:TrackPointExtension>
            <ns3:hr>130</ns3:hr>
            <ns3:cad>43</ns3:cad>
          </ns3:TrackPointExtension>
        </extensions>
      </trkpt>
      <trkpt lat="43.72996036894619464874267578125" lon="7.35815470106899738311767578125">
        <ele>352.79998779296875</ele>
        <time>2026-07-07T05:30:13.000Z</time>
        <extensions>
          <ns3:TrackPointExtension>
            <ns3:hr>134</ns3:hr>
            <ns3:cad>45</ns3:cad>
          </ns3:TrackPointExtension>
        </extensions>
      </trkpt>
      <trkpt lat="43.7299651466310024261474609375" lon="7.35815268941223621368408203125">
        <ele>353.20001220703125</ele>
        <time>2026-07-07T05:30:15.000Z</time>
        <extensions>
          <ns3:TrackPointExtension>
            <ns3:hr>137</ns3:hr>
            <ns3:cad>45</ns3:cad>
          </ns3:TrackPointExtension>
        </extensions>
      </trkpt>
      <trkpt lat="43.72996606864035129547119140625" lon="7.35815369524061679840087890625">
        <ele>353.399993896484375</ele>
        <time>2026-07-07T05:30:16.000Z</time>
        <extensions>
          <ns3:TrackPointExtension>
            <ns3:hr>138</ns3:hr>
            <ns3:cad>0</ns3:cad>
          </ns3:TrackPointExtension>
        </extensions>
      </trkpt>
      <trkpt lat="43.72995852492749691009521484375" lon="7.35816190950572490692138671875">
        <ele>353.600006103515625</ele>
        <time>2026-07-07T05:30:20.000Z</time>
        <extensions>
          <ns3:TrackPointExtension>
            <ns3:hr>140</ns3:hr>
            <ns3:cad>0</ns3:cad>
          </ns3:TrackPointExtension>
        </extensions>
      </trkpt>
      <trkpt lat="43.72991577722132205963134765625" lon="7.35815604217350482940673828125">
        <ele>354.600006103515625</ele>
        <time>2026-07-07T05:30:27.000Z</time>
        <extensions>
          <ns3:TrackPointExtension>
            <ns3:hr>139</ns3:hr>
            <ns3:cad>0</ns3:cad>
          </ns3:TrackPointExtension>
        </extensions>
      </trkpt>
      <trkpt lat="43.729868419468402862548828125" lon="7.358147241175174713134765625">
        <ele>355.600006103515625</ele>
        <time>2026-07-07T05:30:33.000Z</time>
        <extensions>
          <ns3:TrackPointExtension>
            <ns3:hr>140</ns3:hr>
            <ns3:cad>79</ns3:cad>
          </ns3:TrackPointExtension>
        </extensions>
      </trkpt>
      <trkpt lat="43.729847967624664306640625" lon="7.35814212821424007415771484375">
        <ele>355.79998779296875</ele>
        <time>2026-07-07T05:30:35.000Z</time>
        <extensions>
          <ns3:TrackPointExtension>
            <ns3:hr>144</ns3:hr>
            <ns3:cad>40</ns3:cad>
          </ns3:TrackPointExtension>
        </extensions>
      </trkpt>
      <trkpt lat="43.72983816079795360565185546875" lon="7.358138859272003173828125">
        <ele>356</ele>
        <time>2026-07-07T05:30:36.000Z</time>
        <extensions>
          <ns3:TrackPointExtension>
            <ns3:hr>147</ns3:hr>
            <ns3:cad>20</ns3:cad>
          </ns3:TrackPointExtension>
        </extensions>
      </trkpt>
      <trkpt lat="43.72983514331281185150146484375" lon="7.35811195336282253265380859375">
        <ele>356.399993896484375</ele>
        <time>2026-07-07T05:30:38.000Z</time>
        <extensions>
          <ns3:TrackPointExtension>
            <ns3:hr>150</ns3:hr>
            <ns3:cad>20</ns3:cad>
          </ns3:TrackPointExtension>
        </extensions>
      </trkpt>
      <trkpt lat="43.72984453104436397552490234375" lon="7.3581078462302684783935546875">
        <ele>356.79998779296875</ele>
        <time>2026-07-07T05:30:41.000Z</time>
        <extensions>
          <ns3:TrackPointExtension>
            <ns3:hr>151</ns3:hr>
            <ns3:cad>19</ns3:cad>
          </ns3:TrackPointExtension>
        </extensions>
      </trkpt>
      <trkpt lat="43.72986816801130771636962890625" lon="7.35810843296349048614501953125">
        <ele>357.79998779296875</ele>
        <time>2026-07-07T05:30:46.000Z</time>
        <extensions>
          <ns3:TrackPointExtension>
            <ns3:hr>154</ns3:hr>
            <ns3:cad>0</ns3:cad>
          </ns3:TrackPointExtension>
        </extensions>
      </trkpt>
      <trkpt lat="43.72987219132483005523681640625" lon="7.3581065051257610321044921875">
        <ele>358</ele>
        <time>2026-07-07T05:30:47.000Z</time>
        <extensions>
          <ns3:TrackPointExtension>
            <ns3:hr>153</ns3:hr>
            <ns3:cad>0</ns3:cad>
          </ns3:TrackPointExtension>
        </extensions>
      </trkpt>
      <trkpt lat="43.72992164455354213714599609375" lon="7.3580981232225894927978515625">
        <ele>359</ele>
        <time>2026-07-07T05:30:54.000Z</time>
        <extensions>
          <ns3:TrackPointExtension>
            <ns3:hr>153</ns3:hr>
            <ns3:cad>0</ns3:cad>
          </ns3:TrackPointExtension>
        </extensions>
      </trkpt>
      <trkpt lat="43.7299343012273311614990234375" lon="7.3580961115658283233642578125">
        <ele>359.399993896484375</ele>
        <time>2026-07-07T05:30:56.000Z</time>
        <extensions>
          <ns3:TrackPointExtension>
            <ns3:hr>154</ns3:hr>
            <ns3:cad>0</ns3:cad>
          </ns3:TrackPointExtension>
        </extensions>
      </trkpt>
      <trkpt lat="43.72996087186038494110107421875" lon="7.3580518551170825958251953125">
        <ele>360.20001220703125</ele>
        <time>2026-07-07T05:31:01.000Z</time>
        <extensions>
          <ns3:TrackPointExtension>
            <ns3:hr>153</ns3:hr>
            <ns3:cad>0</ns3:cad>
          </ns3:TrackPointExtension>
        </extensions>
      </trkpt>
      <trkpt lat="43.72996053658425807952880859375" lon="7.3580382764339447021484375">
        <ele>361</ele>
        <time>2026-07-07T05:31:05.000Z</time>
        <extensions>
          <ns3:TrackPointExtension>
            <ns3:hr>156</ns3:hr>
            <ns3:cad>0</ns3:cad>
          </ns3:TrackPointExtension>
        </extensions>
      </trkpt>
      <trkpt lat="43.72995869256556034088134765625" lon="7.358031570911407470703125">
        <ele>361.20001220703125</ele>
        <time>2026-07-07T05:31:06.000Z</time>
        <extensions>
          <ns3:TrackPointExtension>
            <ns3:hr>156</ns3:hr>
            <ns3:cad>0</ns3:cad>
          </ns3:TrackPointExtension>
        </extensions>
      </trkpt>
      <trkpt lat="43.729947544634342193603515625" lon="7.3580273799598217010498046875">
        <ele>362.20001220703125</ele>
        <time>2026-07-07T05:31:12.000Z</time>
        <extensions>
          <ns3:TrackPointExtension>
            <ns3:hr>156</ns3:hr>
            <ns3:cad>0</ns3:cad>
          </ns3:TrackPointExtension>
        </extensions>
      </trkpt>
      <trkpt lat="43.72995215468108654022216796875" lon="7.358027882874011993408203125">
        <ele>362.20001220703125</ele>
        <time>2026-07-07T05:31:16.000Z</time>
        <extensions>
          <ns3:TrackPointExtension>
            <ns3:hr>159</ns3:hr>
            <ns3:cad>0</ns3:cad>
          </ns3:TrackPointExtension>
        </extensions>
      </trkpt>
      <trkpt lat="43.7299091555178165435791015625" lon="7.3580300621688365936279296875">
        <ele>362.399993896484375</ele>
        <time>2026-07-07T05:31:24.000Z</time>
        <extensions>
          <ns3:TrackPointExtension>
            <ns3:hr>160</ns3:hr>
            <ns3:cad>0</ns3:cad>
          </ns3:TrackPointExtension>
        </extensions>
      </trkpt>
      <trkpt lat="43.72987034730613231658935546875" lon="7.35800416208803653717041015625">
        <ele>363</ele>
        <time>2026-07-07T05:31:29.000Z</time>
        <extensions>
          <ns3:TrackPointExtension>
            <ns3:hr>157</ns3:hr>
            <ns3:cad>75</ns3:cad>
          </ns3:TrackPointExtension>
        </extensions>
      </trkpt>
      <trkpt lat="43.729858696460723876953125" lon="7.357988320291042327880859375">
        <ele>363.20001220703125</ele>
        <time>2026-07-07T05:31:31.000Z</time>
        <extensions>
          <ns3:TrackPointExtension>
            <ns3:hr>156</ns3:hr>
            <ns3:cad>75</ns3:cad>
          </ns3:TrackPointExtension>
        </extensions>
      </trkpt>
      <trkpt lat="43.729826509952545166015625" lon="7.35791514627635478973388671875">
        <ele>364.399993896484375</ele>
        <time>2026-07-07T05:31:38.000Z</time>
        <extensions>
          <ns3:TrackPointExtension>
            <ns3:hr>154</ns3:hr>
            <ns3:cad>0</ns3:cad>
          </ns3:TrackPointExtension>
        </extensions>
      </trkpt>
      <trkpt lat="43.72982977889478206634521484375" lon="7.3579036630690097808837890625">
        <ele>364.600006103515625</ele>
        <time>2026-07-07T05:31:40.000Z</time>
        <extensions>
          <ns3:TrackPointExtension>
            <ns3:hr>154</ns3:hr>
            <ns3:cad>0</ns3:cad>
          </ns3:TrackPointExtension>
        </extensions>
      </trkpt>
      <trkpt lat="43.7298332154750823974609375" lon="7.35789603553712368011474609375">
        <ele>365.600006103515625</ele>
        <time>2026-07-07T05:31:42.000Z</time>
        <extensions>
          <ns3:TrackPointExtension>
            <ns3:hr>154</ns3:hr>
            <ns3:cad>0</ns3:cad>
          </ns3:TrackPointExtension>
        </extensions>
      </trkpt>
      <trkpt lat="43.729859702289104461669921875" lon="7.3578919284045696258544921875">
        <ele>366</ele>
        <time>2026-07-07T05:31:47.000Z</time>
        <extensions>
          <ns3:TrackPointExtension>
            <ns3:hr>153</ns3:hr>
            <ns3:cad>0</ns3:cad>
          </ns3:TrackPointExtension>
        </extensions>
      </trkpt>
      <trkpt lat="43.72988929040729999542236328125" lon="7.35788430087268352508544921875">
        <ele>366.600006103515625</ele>
        <time>2026-07-07T05:31:51.000Z</time>
        <extensions>
          <ns3:TrackPointExtension>
            <ns3:hr>153</ns3:hr>
            <ns3:cad>0</ns3:cad>
          </ns3:TrackPointExtension>
        </extensions>
      </trkpt>
      <trkpt lat="43.7299029529094696044921875" lon="7.35787591896951198577880859375">
        <ele>367</ele>
        <time>2026-07-07T05:31:53.000Z</time>
        <extensions>
          <ns3:TrackPointExtension>
            <ns3:hr>154</ns3:hr>
            <ns3:cad>0</ns3:cad>
          </ns3:TrackPointExtension>
        </extensions>
      </trkpt>
      <trkpt lat="43.729928433895111083984375" lon="7.35785387456417083740234375">
        <ele>368</ele>
        <time>2026-07-07T05:31:56.000Z</time>
        <extensions>
          <ns3:TrackPointExtension>
            <ns3:hr>156</ns3:hr>
            <ns3:cad>19</ns3:cad>
          </ns3:TrackPointExtension>
        </extensions>
      </trkpt>
      <trkpt lat="43.7299446947872638702392578125" lon="7.35783887095749378204345703125">
        <ele>368.79998779296875</ele>
        <time>2026-07-07T05:32:00.000Z</time>
        <extensions>
          <ns3:TrackPointExtension>
            <ns3:hr>157</ns3:hr>
            <ns3:cad>0</ns3:cad>
          </ns3:TrackPointExtension>
        </extensions>
      </trkpt>
      <trkpt lat="43.72994980774819850921630859375" lon="7.3578451573848724365234375">
        <ele>369.20001220703125</ele>
        <time>2026-07-07T05:32:01.000Z</time>
        <extensions>
          <ns3:TrackPointExtension>
            <ns3:hr>158</ns3:hr>
            <ns3:cad>0</ns3:cad>
          </ns3:TrackPointExtension>
        </extensions>
      </trkpt>
      <trkpt lat="43.72998082078993320465087890625" lon="7.35781506635248661041259765625">
        <ele>370.20001220703125</ele>
        <time>2026-07-07T05:32:06.000Z</time>
        <extensions>
          <ns3:TrackPointExtension>
            <ns3:hr>160</ns3:hr>
            <ns3:cad>0</ns3:cad>
          </ns3:TrackPointExtension>
        </extensions>
      </trkpt>
      <trkpt lat="43.73000546358525753021240234375" lon="7.35781858675181865692138671875">
        <ele>370.399993896484375</ele>
        <time>2026-07-07T05:32:08.000Z</time>
        <extensions>
          <ns3:TrackPointExtension>
            <ns3:hr>159</ns3:hr>
            <ns3:cad>0</ns3:cad>
          </ns3:TrackPointExtension>
        </extensions>
      </trkpt>
      <trkpt lat="43.73003773391246795654296875" lon="7.357826046645641326904296875">
        <ele>371</ele>
        <time>2026-07-07T05:32:12.000Z</time>
        <extensions>
          <ns3:TrackPointExtension>
            <ns3:hr>159</ns3:hr>
            <ns3:cad>0</ns3:cad>
          </ns3:TrackPointExtension>
        </extensions>
      </trkpt>
      <trkpt lat="43.7300798110663890838623046875" lon="7.3578060977160930633544921875">
        <ele>371.600006103515625</ele>
        <time>2026-07-07T05:32:17.000Z</time>
        <extensions>
          <ns3:TrackPointExtension>
            <ns3:hr>161</ns3:hr>
            <ns3:cad>41</ns3:cad>
          </ns3:TrackPointExtension>
        </extensions>
      </trkpt>
      <trkpt lat="43.7301005981862545013427734375" lon="7.35779008828103542327880859375">
        <ele>372.399993896484375</ele>
        <time>2026-07-07T05:32:20.000Z</time>
        <extensions>
          <ns3:TrackPointExtension>
            <ns3:hr>162</ns3:hr>
            <ns3:cad>43</ns3:cad>
          </ns3:TrackPointExtension>
        </extensions>
      </trkpt>
      <trkpt lat="43.7301255762577056884765625" lon="7.35777114517986774444580078125">
        <ele>372.600006103515625</ele>
        <time>2026-07-07T05:32:24.000Z</time>
        <extensions>
          <ns3:TrackPointExtension>
            <ns3:hr>163</ns3:hr>
            <ns3:cad>0</ns3:cad>
          </ns3:TrackPointExtension>
        </extensions>
      </trkpt>
      <trkpt lat="43.7301730178296566009521484375" lon="7.35777013935148715972900390625">
        <ele>372.600006103515625</ele>
        <time>2026-07-07T05:32:27.000Z</time>
        <extensions>
          <ns3:TrackPointExtension>
            <ns3:hr>163</ns3:hr>
            <ns3:cad>0</ns3:cad>
          </ns3:TrackPointExtension>
        </extensions>
      </trkpt>
      <trkpt lat="43.73028575442731380462646484375" lon="7.35778002999722957611083984375">
        <ele>373</ele>
        <time>2026-07-07T05:32:36.000Z</time>
        <extensions>
          <ns3:TrackPointExtension>
            <ns3:hr>162</ns3:hr>
            <ns3:cad>49</ns3:cad>
          </ns3:TrackPointExtension>
        </extensions>
      </trkpt>
      <trkpt lat="43.7303483672440052032470703125" lon="7.35781288705766201019287109375">
        <ele>373</ele>
        <time>2026-07-07T05:32:41.000Z</time>
        <extensions>
          <ns3:TrackPointExtension>
            <ns3:hr>160</ns3:hr>
            <ns3:cad>48</ns3:cad>
          </ns3:TrackPointExtension>
        </extensions>
      </trkpt>
      <trkpt lat="43.7303696572780609130859375" lon="7.35782579518854618072509765625">
        <ele>373</ele>
        <time>2026-07-07T05:32:43.000Z</time>
        <extensions>
          <ns3:TrackPointExtension>
            <ns3:hr>159</ns3:hr>
            <ns3:cad>51</ns3:cad>
          </ns3:TrackPointExtension>
        </extensions>
      </trkpt>
      <trkpt lat="43.7304033525288105010986328125" lon="7.3578158207237720489501953125">
        <ele>373.600006103515625</ele>
        <time>2026-07-07T05:32:47.000Z</time>
        <extensions>
          <ns3:TrackPointExtension>
            <ns3:hr>156</ns3:hr>
            <ns3:cad>49</ns3:cad>
          </ns3:TrackPointExtension>
        </extensions>
      </trkpt>
      <trkpt lat="43.730406872928142547607421875" lon="7.35781221650540828704833984375">
        <ele>373.600006103515625</ele>
        <time>2026-07-07T05:32:48.000Z</time>
        <extensions>
          <ns3:TrackPointExtension>
            <ns3:hr>156</ns3:hr>
            <ns3:cad>49</ns3:cad>
          </ns3:TrackPointExtension>
        </extensions>
      </trkpt>
      <trkpt lat="43.730407543480396270751953125" lon="7.35780961811542510986328125">
        <ele>374.20001220703125</ele>
        <time>2026-07-07T05:32:49.000Z</time>
        <extensions>
          <ns3:TrackPointExtension>
            <ns3:hr>156</ns3:hr>
            <ns3:cad>49</ns3:cad>
          </ns3:TrackPointExtension>
        </extensions>
      </trkpt>
      <trkpt lat="43.73041324317455291748046875" lon="7.35780467279255390167236328125">
        <ele>374.79998779296875</ele>
        <time>2026-07-07T05:32:51.000Z</time>
        <extensions>
          <ns3:TrackPointExtension>
            <ns3:hr>156</ns3:hr>
            <ns3:cad>49</ns3:cad>
          </ns3:TrackPointExtension>
        </extensions>
      </trkpt>
      <trkpt lat="43.730424977838993072509765625" lon="7.35774650238454341888427734375">
        <ele>375.399993896484375</ele>
        <time>2026-07-07T05:32:55.000Z</time>
        <extensions>
          <ns3:TrackPointExtension>
            <ns3:hr>153</ns3:hr>
            <ns3:cad>49</ns3:cad>
          </ns3:TrackPointExtension>
        </extensions>
      </trkpt>
      <trkpt lat="43.730430342257022857666015625" lon="7.3577283136546611785888671875">
        <ele>375.79998779296875</ele>
        <time>2026-07-07T05:32:56.000Z</time>
        <extensions>
          <ns3:TrackPointExtension>
            <ns3:hr>152</ns3:hr>
            <ns3:cad>0</ns3:cad>
          </ns3:TrackPointExtension>
        </extensions>
      </trkpt>
      <trkpt lat="43.73045305721461772918701171875" lon="7.3576864041388034820556640625">
        <ele>377</ele>
        <time>2026-07-07T05:33:02.000Z</time>
        <extensions>
          <ns3:TrackPointExtension>
            <ns3:hr>152</ns3:hr>
            <ns3:cad>0</ns3:cad>
          </ns3:TrackPointExtension>
        </extensions>
      </trkpt>
      <trkpt lat="43.73045347630977630615234375" lon="7.357681877911090850830078125">
        <ele>377.20001220703125</ele>
        <time>2026-07-07T05:33:03.000Z</time>
        <extensions>
          <ns3:TrackPointExtension>
            <ns3:hr>152</ns3:hr>
            <ns3:cad>0</ns3:cad>
          </ns3:TrackPointExtension>
        </extensions>
      </trkpt>
      <trkpt lat="43.7304590083658695220947265625" lon="7.357639633119106292724609375">
        <ele>378.20001220703125</ele>
        <time>2026-07-07T05:33:07.000Z</time>
        <extensions>
          <ns3:TrackPointExtension>
            <ns3:hr>155</ns3:hr>
            <ns3:cad>0</ns3:cad>
          </ns3:TrackPointExtension>
        </extensions>
      </trkpt>
      <trkpt lat="43.73046395368874073028564453125" lon="7.35762052237987518310546875">
        <ele>378.600006103515625</ele>
        <time>2026-07-07T05:33:10.000Z</time>
        <extensions>
          <ns3:TrackPointExtension>
            <ns3:hr>157</ns3:hr>
            <ns3:cad>0</ns3:cad>
          </ns3:TrackPointExtension>
        </extensions>
      </trkpt>
      <trkpt lat="43.73046512715518474578857421875" lon="7.3575918562710285186767578125">
        <ele>379.20001220703125</ele>
        <time>2026-07-07T05:33:12.000Z</time>
        <extensions>
          <ns3:TrackPointExtension>
            <ns3:hr>158</ns3:hr>
            <ns3:cad>0</ns3:cad>
          </ns3:TrackPointExtension>
        </extensions>
      </trkpt>
      <trkpt lat="43.730496726930141448974609375" lon="7.35752522014081478118896484375">
        <ele>379.79998779296875</ele>
        <time>2026-07-07T05:33:18.000Z</time>
        <extensions>
          <ns3:TrackPointExtension>
            <ns3:hr>161</ns3:hr>
            <ns3:cad>70</ns3:cad>
          </ns3:TrackPointExtension>
        </extensions>
      </trkpt>
      <trkpt lat="43.73050301335752010345458984375" lon="7.357506863772869110107421875">
        <ele>380.20001220703125</ele>
        <time>2026-07-07T05:33:21.000Z</time>
        <extensions>
          <ns3:TrackPointExtension>
            <ns3:hr>162</ns3:hr>
            <ns3:cad>70</ns3:cad>
          </ns3:TrackPointExtension>
        </extensions>
      </trkpt>
      <trkpt lat="43.7305198609828948974609375" lon="7.35749051906168460845947265625">
        <ele>381.20001220703125</ele>
        <time>2026-07-07T05:33:25.000Z</time>
        <extensions>
          <ns3:TrackPointExtension>
            <ns3:hr>163</ns3:hr>
            <ns3:cad>0</ns3:cad>
          </ns3:TrackPointExtension>
        </extensions>
      </trkpt>
      <trkpt lat="43.73052748851478099822998046875" lon="7.3574895970523357391357421875">
        <ele>381.79998779296875</ele>
        <time>2026-07-07T05:33:26.000Z</time>
        <extensions>
          <ns3:TrackPointExtension>
            <ns3:hr>163</ns3:hr>
            <ns3:cad>0</ns3:cad>
          </ns3:TrackPointExtension>
        </extensions>
      </trkpt>
      <trkpt lat="43.73055003583431243896484375" lon="7.35746939666569232940673828125">
        <ele>382.79998779296875</ele>
        <time>2026-07-07T05:33:32.000Z</time>
        <extensions>
          <ns3:TrackPointExtension>
            <ns3:hr>164</ns3:hr>
            <ns3:cad>41</ns3:cad>
          </ns3:TrackPointExtension>
        </extensions>
      </trkpt>
      <trkpt lat="43.73059370554983615875244140625" lon="7.35740854404866695404052734375">
        <ele>384</ele>
        <time>2026-07-07T05:33:38.000Z</time>
        <extensions>
          <ns3:TrackPointExtension>
            <ns3:hr>165</ns3:hr>
            <ns3:cad>43</ns3:cad>
          </ns3:TrackPointExtension>
        </extensions>
      </trkpt>
      <trkpt lat="43.73061281628906726837158203125" lon="7.357388846576213836669921875">
        <ele>384.20001220703125</ele>
        <time>2026-07-07T05:33:40.000Z</time>
        <extensions>
          <ns3:TrackPointExtension>
            <ns3:hr>165</ns3:hr>
            <ns3:cad>0</ns3:cad>
          </ns3:TrackPointExtension>
        </extensions>
      </trkpt>
      <trkpt lat="43.73065589927136898040771484375" lon="7.35730544663965702056884765625">
        <ele>385</ele>
        <time>2026-07-07T05:33:47.000Z</time>
        <extensions>
          <ns3:TrackPointExtension>
            <ns3:hr>166</ns3:hr>
            <ns3:cad>40</ns3:cad>
          </ns3:TrackPointExtension>
        </extensions>
      </trkpt>
      <trkpt lat="43.7306635268032550811767578125" lon="7.357280217111110687255859375">
        <ele>385.20001220703125</ele>
        <time>2026-07-07T05:33:49.000Z</time>
        <extensions>
          <ns3:TrackPointExtension>
            <ns3:hr>166</ns3:hr>
            <ns3:cad>42</ns3:cad>
          </ns3:TrackPointExtension>
        </extensions>
      </trkpt>
      <trkpt lat="43.7306712381541728973388671875" lon="7.3572443425655364990234375">
        <ele>386.20001220703125</ele>
        <time>2026-07-07T05:33:54.000Z</time>
        <extensions>
          <ns3:TrackPointExtension>
            <ns3:hr>166</ns3:hr>
            <ns3:cad>0</ns3:cad>
          </ns3:TrackPointExtension>
        </extensions>
      </trkpt>
      <trkpt lat="43.73066268861293792724609375" lon="7.3572344519197940826416015625">
        <ele>386.399993896484375</ele>
        <time>2026-07-07T05:33:55.000Z</time>
        <extensions>
          <ns3:TrackPointExtension>
            <ns3:hr>166</ns3:hr>
            <ns3:cad>0</ns3:cad>
          </ns3:TrackPointExtension>
        </extensions>
      </trkpt>
      <trkpt lat="43.73067081905901432037353515625" lon="7.35720016993582248687744140625">
        <ele>387</ele>
        <time>2026-07-07T05:33:58.000Z</time>
        <extensions>
          <ns3:TrackPointExtension>
            <ns3:hr>166</ns3:hr>
            <ns3:cad>0</ns3:cad>
          </ns3:TrackPointExtension>
        </extensions>
      </trkpt>
      <trkpt lat="43.730669729411602020263671875" lon="7.35718290321528911590576171875">
        <ele>387.399993896484375</ele>
        <time>2026-07-07T05:34:00.000Z</time>
        <extensions>
          <ns3:TrackPointExtension>
            <ns3:hr>166</ns3:hr>
            <ns3:cad>0</ns3:cad>
          </ns3:TrackPointExtension>
        </extensions>
      </trkpt>
      <trkpt lat="43.73068490065634250640869140625" lon="7.35712138004601001739501953125">
        <ele>388.600006103515625</ele>
        <time>2026-07-07T05:34:06.000Z</time>
        <extensions>
          <ns3:TrackPointExtension>
            <ns3:hr>165</ns3:hr>
            <ns3:cad>41</ns3:cad>
          </ns3:TrackPointExtension>
        </extensions>
      </trkpt>
      <trkpt lat="43.73068942688405513763427734375" lon="7.35710863955318927764892578125">
        <ele>388.79998779296875</ele>
        <time>2026-07-07T05:34:07.000Z</time>
        <extensions>
          <ns3:TrackPointExtension>
            <ns3:hr>166</ns3:hr>
            <ns3:cad>41</ns3:cad>
          </ns3:TrackPointExtension>
        </extensions>
      </trkpt>
      <trkpt lat="43.7306772731244564056396484375" lon="7.35709958709776401519775390625">
        <ele>389.600006103515625</ele>
        <time>2026-07-07T05:34:11.000Z</time>
        <extensions>
          <ns3:TrackPointExtension>
            <ns3:hr>165</ns3:hr>
            <ns3:cad>79</ns3:cad>
          </ns3:TrackPointExtension>
        </extensions>
      </trkpt>
      <trkpt lat="43.73067383654415607452392578125" lon="7.3571030236780643463134765625">
        <ele>389.79998779296875</ele>
        <time>2026-07-07T05:34:12.000Z</time>
        <extensions>
          <ns3:TrackPointExtension>
            <ns3:hr>166</ns3:hr>
            <ns3:cad>0</ns3:cad>
          </ns3:TrackPointExtension>
        </extensions>
      </trkpt>
      <trkpt lat="43.7306333519518375396728515625" lon="7.3571419157087802886962890625">
        <ele>390.600006103515625</ele>
        <time>2026-07-07T05:34:18.000Z</time>
        <extensions>
          <ns3:TrackPointExtension>
            <ns3:hr>165</ns3:hr>
            <ns3:cad>0</ns3:cad>
          </ns3:TrackPointExtension>
        </extensions>
      </trkpt>
      <trkpt lat="43.730622120201587677001953125" lon="7.3571462742984294891357421875">
        <ele>390.79998779296875</ele>
        <time>2026-07-07T05:34:19.000Z</time>
        <extensions>
          <ns3:TrackPointExtension>
            <ns3:hr>165</ns3:hr>
            <ns3:cad>46</ns3:cad>
          </ns3:TrackPointExtension>
        </extensions>
      </trkpt>
      <trkpt lat="43.73061214573681354522705078125" lon="7.35715088434517383575439453125">
        <ele>391</ele>
        <time>2026-07-07T05:34:20.000Z</time>
        <extensions>
          <ns3:TrackPointExtension>
            <ns3:hr>165</ns3:hr>
            <ns3:cad>46</ns3:cad>
          </ns3:TrackPointExtension>
        </extensions>
      </trkpt>
      <trkpt lat="43.7305386364459991455078125" lon="7.35715608112514019012451171875">
        <ele>392</ele>
        <time>2026-07-07T05:34:27.000Z</time>
        <extensions>
          <ns3:TrackPointExtension>
            <ns3:hr>165</ns3:hr>
            <ns3:cad>0</ns3:cad>
          </ns3:TrackPointExtension>
        </extensions>
      </trkpt>
      <trkpt lat="43.73052916489541530609130859375" lon="7.3571516387164592742919921875">
        <ele>392.20001220703125</ele>
        <time>2026-07-07T05:34:28.000Z</time>
        <extensions>
          <ns3:TrackPointExtension>
            <ns3:hr>165</ns3:hr>
            <ns3:cad>0</ns3:cad>
          </ns3:TrackPointExtension>
        </extensions>
      </trkpt>
      <trkpt lat="43.7305279076099395751953125" lon="7.3571150936186313629150390625">
        <ele>393.399993896484375</ele>
        <time>2026-07-07T05:34:33.000Z</time>
        <extensions>
          <ns3:TrackPointExtension>
            <ns3:hr>165</ns3:hr>
            <ns3:cad>0</ns3:cad>
          </ns3:TrackPointExtension>
        </extensions>
      </trkpt>
      <trkpt lat="43.730531595647335052490234375" lon="7.35710729844868183135986328125">
        <ele>393.600006103515625</ele>
        <time>2026-07-07T05:34:34.000Z</time>
        <extensions>
          <ns3:TrackPointExtension>
            <ns3:hr>165</ns3:hr>
            <ns3:cad>0</ns3:cad>
          </ns3:TrackPointExtension>
        </extensions>
      </trkpt>
      <trkpt lat="43.7305284105241298675537109375" lon="7.35706287436187267303466796875">
        <ele>394.79998779296875</ele>
        <time>2026-07-07T05:34:39.000Z</time>
        <extensions>
          <ns3:TrackPointExtension>
            <ns3:hr>165</ns3:hr>
            <ns3:cad>0</ns3:cad>
          </ns3:TrackPointExtension>
        </extensions>
      </trkpt>
      <trkpt lat="43.73052698560059070587158203125" lon="7.3570485413074493408203125">
        <ele>395</ele>
        <time>2026-07-07T05:34:41.000Z</time>
        <extensions>
          <ns3:TrackPointExtension>
            <ns3:hr>165</ns3:hr>
            <ns3:cad>0</ns3:cad>
          </ns3:TrackPointExtension>
        </extensions>
      </trkpt>
      <trkpt lat="43.7305377982556819915771484375" lon="7.35702968202531337738037109375">
        <ele>396</ele>
        <time>2026-07-07T05:34:46.000Z</time>
        <extensions>
          <ns3:TrackPointExtension>
            <ns3:hr>167</ns3:hr>
            <ns3:cad>0</ns3:cad>
          </ns3:TrackPointExtension>
        </extensions>
      </trkpt>
      <trkpt lat="43.730536960065364837646484375" lon="7.3570270836353302001953125">
        <ele>396.20001220703125</ele>
        <time>2026-07-07T05:34:47.000Z</time>
        <extensions>
          <ns3:TrackPointExtension>
            <ns3:hr>167</ns3:hr>
            <ns3:cad>0</ns3:cad>
          </ns3:TrackPointExtension>
        </extensions>
      </trkpt>
      <trkpt lat="43.73050737194716930389404296875" lon="7.35705859959125518798828125">
        <ele>397</ele>
        <time>2026-07-07T05:34:53.000Z</time>
        <extensions>
          <ns3:TrackPointExtension>
            <ns3:hr>168</ns3:hr>
            <ns3:cad>0</ns3:cad>
          </ns3:TrackPointExtension>
        </extensions>
      </trkpt>
      <trkpt lat="43.7304975651204586029052734375" lon="7.35706329345703125">
        <ele>397.20001220703125</ele>
        <time>2026-07-07T05:34:54.000Z</time>
        <extensions>
          <ns3:TrackPointExtension>
            <ns3:hr>169</ns3:hr>
            <ns3:cad>0</ns3:cad>
          </ns3:TrackPointExtension>
        </extensions>
      </trkpt>
      <trkpt lat="43.73046630062162876129150390625" lon="7.357083745300769805908203125">
        <ele>398.20001220703125</ele>
        <time>2026-07-07T05:35:00.000Z</time>
        <extensions>
          <ns3:TrackPointExtension>
            <ns3:hr>170</ns3:hr>
            <ns3:cad>0</ns3:cad>
          </ns3:TrackPointExtension>
        </extensions>
      </trkpt>
      <trkpt lat="43.73044936917722225189208984375" lon="7.357135713100433349609375">
        <ele>399.20001220703125</ele>
        <time>2026-07-07T05:35:07.000Z</time>
        <extensions>
          <ns3:TrackPointExtension>
            <ns3:hr>170</ns3:hr>
            <ns3:cad>0</ns3:cad>
          </ns3:TrackPointExtension>
        </extensions>
      </trkpt>
      <trkpt lat="43.73044484294950962066650390625" lon="7.3571424186229705810546875">
        <ele>399.399993896484375</ele>
        <time>2026-07-07T05:35:08.000Z</time>
        <extensions>
          <ns3:TrackPointExtension>
            <ns3:hr>170</ns3:hr>
            <ns3:cad>0</ns3:cad>
          </ns3:TrackPointExtension>
        </extensions>
      </trkpt>
      <trkpt lat="43.73037091456353664398193359375" lon="7.357216179370880126953125">
        <ele>399.600006103515625</ele>
        <time>2026-07-07T05:35:17.000Z</time>
        <extensions>
          <ns3:TrackPointExtension>
            <ns3:hr>170</ns3:hr>
            <ns3:cad>0</ns3:cad>
          </ns3:TrackPointExtension>
        </extensions>
      </trkpt>
      <trkpt lat="43.7303111515939235687255859375" lon="7.3572549037635326385498046875">
        <ele>400</ele>
        <time>2026-07-07T05:35:24.000Z</time>
        <extensions>
          <ns3:TrackPointExtension>
            <ns3:hr>168</ns3:hr>
            <ns3:cad>0</ns3:cad>
          </ns3:TrackPointExtension>
        </extensions>
      </trkpt>
      <trkpt lat="43.730282820761203765869140625" lon="7.35725381411612033843994140625">
        <ele>401</ele>
        <time>2026-07-07T05:35:30.000Z</time>
        <extensions>
          <ns3:TrackPointExtension>
            <ns3:hr>167</ns3:hr>
            <ns3:cad>0</ns3:cad>
          </ns3:TrackPointExtension>
        </extensions>
      </trkpt>
      <trkpt lat="43.7302759476006031036376953125" lon="7.35726404003798961639404296875">
        <ele>401.20001220703125</ele>
        <time>2026-07-07T05:35:33.000Z</time>
        <extensions>
          <ns3:TrackPointExtension>
            <ns3:hr>164</ns3:hr>
            <ns3:cad>0</ns3:cad>
          </ns3:TrackPointExtension>
        </extensions>
      </trkpt>
      <trkpt lat="43.73026748187839984893798828125" lon="7.3572726733982563018798828125">
        <ele>401.399993896484375</ele>
        <time>2026-07-07T05:35:35.000Z</time>
        <extensions>
          <ns3:TrackPointExtension>
            <ns3:hr>164</ns3:hr>
            <ns3:cad>0</ns3:cad>
          </ns3:TrackPointExtension>
        </extensions>
      </trkpt>
      <trkpt lat="43.7302243150770664215087890625" lon="7.3573167622089385986328125">
        <ele>401.600006103515625</ele>
        <time>2026-07-07T05:35:41.000Z</time>
        <extensions>
          <ns3:TrackPointExtension>
            <ns3:hr>161</ns3:hr>
            <ns3:cad>0</ns3:cad>
          </ns3:TrackPointExtension>
        </extensions>
      </trkpt>
      <trkpt lat="43.73021618463099002838134765625" lon="7.357331179082393646240234375">
        <ele>401.600006103515625</ele>
        <time>2026-07-07T05:35:43.000Z</time>
        <extensions>
          <ns3:TrackPointExtension>
            <ns3:hr>161</ns3:hr>
            <ns3:cad>0</ns3:cad>
          </ns3:TrackPointExtension>
        </extensions>
      </trkpt>
      <trkpt lat="43.7301854230463504791259765625" lon="7.35735456459224224090576171875">
        <ele>402</ele>
        <time>2026-07-07T05:35:47.000Z</time>
        <extensions>
          <ns3:TrackPointExtension>
            <ns3:hr>163</ns3:hr>
            <ns3:cad>66</ns3:cad>
          </ns3:TrackPointExtension>
        </extensions>
      </trkpt>
      <trkpt lat="43.73016589321196079254150390625" lon="7.35736361704766750335693359375">
        <ele>403</ele>
        <time>2026-07-07T05:35:52.000Z</time>
        <extensions>
          <ns3:TrackPointExtension>
            <ns3:hr>163</ns3:hr>
            <ns3:cad>0</ns3:cad>
          </ns3:TrackPointExtension>
        </extensions>
      </trkpt>
      <trkpt lat="43.73015449382364749908447265625" lon="7.35737300477921962738037109375">
        <ele>402.79998779296875</ele>
        <time>2026-07-07T05:35:59.000Z</time>
        <extensions>
          <ns3:TrackPointExtension>
            <ns3:hr>162</ns3:hr>
            <ns3:cad>0</ns3:cad>
          </ns3:TrackPointExtension>
        </extensions>
      </trkpt>
      <trkpt lat="43.73012867756187915802001953125" lon="7.3573859967291355133056640625">
        <ele>402.20001220703125</ele>
        <time>2026-07-07T05:36:06.000Z</time>
        <extensions>
          <ns3:TrackPointExtension>
            <ns3:hr>161</ns3:hr>
            <ns3:cad>0</ns3:cad>
          </ns3:TrackPointExtension>
        </extensions>
      </trkpt>
      <trkpt lat="43.7301240675151348114013671875" lon="7.357383482158184051513671875">
        <ele>402</ele>
        <time>2026-07-07T05:36:08.000Z</time>
        <extensions>
          <ns3:TrackPointExtension>
            <ns3:hr>161</ns3:hr>
            <ns3:cad>0</ns3:cad>
          </ns3:TrackPointExtension>
        </extensions>
      </trkpt>
      <trkpt lat="43.7301140092313289642333984375" lon="7.357382141053676605224609375">
        <ele>401.79998779296875</ele>
        <time>2026-07-07T05:36:14.000Z</time>
        <extensions>
          <ns3:TrackPointExtension>
            <ns3:hr>158</ns3:hr>
            <ns3:cad>0</ns3:cad>
          </ns3:TrackPointExtension>
        </extensions>
      </trkpt>
      <trkpt lat="43.73011149466037750244140625" lon="7.35738121904432773590087890625">
        <ele>401.600006103515625</ele>
        <time>2026-07-07T05:36:15.000Z</time>
        <extensions>
          <ns3:TrackPointExtension>
            <ns3:hr>157</ns3:hr>
            <ns3:cad>0</ns3:cad>
          </ns3:TrackPointExtension>
        </extensions>
      </trkpt>
      <trkpt lat="43.73009716160595417022705078125" lon="7.357378788292407989501953125">
        <ele>401.20001220703125</ele>
        <time>2026-07-07T05:36:18.000Z</time>
        <extensions>
          <ns3:TrackPointExtension>
            <ns3:hr>154</ns3:hr>
            <ns3:cad>0</ns3:cad>
          </ns3:TrackPointExtension>
        </extensions>
      </trkpt>
      <trkpt lat="43.7300915457308292388916015625" lon="7.35737635754048824310302734375">
        <ele>401</ele>
        <time>2026-07-07T05:36:19.000Z</time>
        <extensions>
          <ns3:TrackPointExtension>
            <ns3:hr>154</ns3:hr>
            <ns3:cad>0</ns3:cad>
          </ns3:TrackPointExtension>
        </extensions>
      </trkpt>
      <trkpt lat="43.7300727702677249908447265625" lon="7.35735959373414516448974609375">
        <ele>400.600006103515625</ele>
        <time>2026-07-07T05:36:23.000Z</time>
        <extensions>
          <ns3:TrackPointExtension>
            <ns3:hr>152</ns3:hr>
            <ns3:cad>0</ns3:cad>
          </ns3:TrackPointExtension>
        </extensions>
      </trkpt>
      <trkpt lat="43.7300570122897624969482421875" lon="7.357373423874378204345703125">
        <ele>400</ele>
        <time>2026-07-07T05:36:26.000Z</time>
        <extensions>
          <ns3:TrackPointExtension>
            <ns3:hr>152</ns3:hr>
            <ns3:cad>75</ns3:cad>
          </ns3:TrackPointExtension>
        </extensions>
      </trkpt>
      <trkpt lat="43.7300368957221508026123046875" lon="7.357376106083393096923828125">
        <ele>399.600006103515625</ele>
        <time>2026-07-07T05:36:29.000Z</time>
        <extensions>
          <ns3:TrackPointExtension>
            <ns3:hr>152</ns3:hr>
            <ns3:cad>75</ns3:cad>
          </ns3:TrackPointExtension>
        </extensions>
      </trkpt>
      <trkpt lat="43.72999490238726139068603515625" lon="7.3573735915124416351318359375">
        <ele>399</ele>
        <time>2026-07-07T05:36:35.000Z</time>
        <extensions>
          <ns3:TrackPointExtension>
            <ns3:hr>149</ns3:hr>
            <ns3:cad>0</ns3:cad>
          </ns3:TrackPointExtension>
        </extensions>
      </trkpt>
      <trkpt lat="43.7299715168774127960205078125" lon="7.3574017547070980072021484375">
        <ele>398</ele>
        <time>2026-07-07T05:36:40.000Z</time>
        <extensions>
          <ns3:TrackPointExtension>
            <ns3:hr>147</ns3:hr>
            <ns3:cad>0</ns3:cad>
          </ns3:TrackPointExtension>
        </extensions>
      </trkpt>
      <trkpt lat="43.72996036894619464874267578125" lon="7.35741206444799900054931640625">
        <ele>397.600006103515625</ele>
        <time>2026-07-07T05:36:43.000Z</time>
        <extensions>
          <ns3:TrackPointExtension>
            <ns3:hr>147</ns3:hr>
            <ns3:cad>0</ns3:cad>
          </ns3:TrackPointExtension>
        </extensions>
      </trkpt>
      <trkpt lat="43.7299386598169803619384765625" lon="7.35744777135550975799560546875">
        <ele>397</ele>
        <time>2026-07-07T05:36:49.000Z</time>
        <extensions>
          <ns3:TrackPointExtension>
            <ns3:hr>147</ns3:hr>
            <ns3:cad>0</ns3:cad>
          </ns3:TrackPointExtension>
        </extensions>
      </trkpt>
      <trkpt lat="43.72993036173284053802490234375" lon="7.357452549040317535400390625">
        <ele>396.79998779296875</ele>
        <time>2026-07-07T05:36:50.000Z</time>
        <extensions>
          <ns3:TrackPointExtension>
            <ns3:hr>147</ns3:hr>
            <ns3:cad>0</ns3:cad>
          </ns3:TrackPointExtension>
        </extensions>
      </trkpt>
      <trkpt lat="43.729881159961223602294921875" lon="7.3574959672987461090087890625">
        <ele>396.399993896484375</ele>
        <time>2026-07-07T05:36:59.000Z</time>
        <extensions>
          <ns3:TrackPointExtension>
            <ns3:hr>145</ns3:hr>
            <ns3:cad>0</ns3:cad>
          </ns3:TrackPointExtension>
        </extensions>
      </trkpt>
      <trkpt lat="43.72985039837658405303955078125" lon="7.35752169974148273468017578125">
        <ele>396.79998779296875</ele>
        <time>2026-07-07T05:37:06.000Z</time>
        <extensions>
          <ns3:TrackPointExtension>
            <ns3:hr>144</ns3:hr>
            <ns3:cad>0</ns3:cad>
          </ns3:TrackPointExtension>
        </extensions>
      </trkpt>
      <trkpt lat="43.72984386049211025238037109375" lon="7.3575179278850555419921875">
        <ele>397</ele>
        <time>2026-07-07T05:37:11.000Z</time>
        <extensions>
          <ns3:TrackPointExtension>
            <ns3:hr>145</ns3:hr>
            <ns3:cad>0</ns3:cad>
          </ns3:TrackPointExtension>
        </extensions>
      </trkpt>
      <trkpt lat="43.72984151355922222137451171875" lon="7.35751315020024776458740234375">
        <ele>397</ele>
        <time>2026-07-07T05:37:18.000Z</time>
        <extensions>
          <ns3:TrackPointExtension>
            <ns3:hr>146</ns3:hr>
            <ns3:cad>0</ns3:cad>
          </ns3:TrackPointExtension>
        </extensions>
      </trkpt>
      <trkpt lat="43.7298243306577205657958984375" lon="7.35753326676785945892333984375">
        <ele>397.79998779296875</ele>
        <time>2026-07-07T05:37:50.000Z</time>
        <extensions>
          <ns3:TrackPointExtension>
            <ns3:hr>143</ns3:hr>
            <ns3:cad>0</ns3:cad>
          </ns3:TrackPointExtension>
        </extensions>
      </trkpt>
      <trkpt lat="43.72981335036456584930419921875" lon="7.357533015310764312744140625">
        <ele>398.20001220703125</ele>
        <time>2026-07-07T05:37:51.000Z</time>
        <extensions>
          <ns3:TrackPointExtension>
            <ns3:hr>143</ns3:hr>
            <ns3:cad>0</ns3:cad>
          </ns3:TrackPointExtension>
        </extensions>
      </trkpt>
      <trkpt lat="43.7297876179218292236328125" lon="7.35753594897687435150146484375">
        <ele>398.399993896484375</ele>
        <time>2026-07-07T05:37:53.000Z</time>
        <extensions>
          <ns3:TrackPointExtension>
            <ns3:hr>143</ns3:hr>
            <ns3:cad>0</ns3:cad>
          </ns3:TrackPointExtension>
        </extensions>
      </trkpt>
      <trkpt lat="43.72974830679595470428466796875" lon="7.35753058455884456634521484375">
        <ele>399</ele>
        <time>2026-07-07T05:37:58.000Z</time>
        <extensions>
          <ns3:TrackPointExtension>
            <ns3:hr>145</ns3:hr>
            <ns3:cad>0</ns3:cad>
          </ns3:TrackPointExtension>
        </extensions>
      </trkpt>
      <trkpt lat="43.729741014540195465087890625" lon="7.3575271479785442352294921875">
        <ele>399</ele>
        <time>2026-07-07T05:38:05.000Z</time>
        <extensions>
          <ns3:TrackPointExtension>
            <ns3:hr>147</ns3:hr>
            <ns3:cad>0</ns3:cad>
          </ns3:TrackPointExtension>
        </extensions>
      </trkpt>
      <trkpt lat="43.72969415970146656036376953125" lon="7.35748532228171825408935546875">
        <ele>399.399993896484375</ele>
        <time>2026-07-07T05:38:29.000Z</time>
        <extensions>
          <ns3:TrackPointExtension>
            <ns3:hr>146</ns3:hr>
            <ns3:cad>42</ns3:cad>
          </ns3:TrackPointExtension>
        </extensions>
      </trkpt>
      <trkpt lat="43.72968343086540699005126953125" lon="7.35747241415083408355712890625">
        <ele>399.399993896484375</ele>
        <time>2026-07-07T05:38:30.000Z</time>
        <extensions>
          <ns3:TrackPointExtension>
            <ns3:hr>147</ns3:hr>
            <ns3:cad>42</ns3:cad>
          </ns3:TrackPointExtension>
        </extensions>
      </trkpt>
      <trkpt lat="43.7296382524073123931884765625" lon="7.3574282415211200714111328125">
        <ele>399.79998779296875</ele>
        <time>2026-07-07T05:38:36.000Z</time>
        <extensions>
          <ns3:TrackPointExtension>
            <ns3:hr>148</ns3:hr>
            <ns3:cad>77</ns3:cad>
          </ns3:TrackPointExtension>
        </extensions>
      </trkpt>
      <trkpt lat="43.72962157242000102996826171875" lon="7.35736344940960407257080078125">
        <ele>400.399993896484375</ele>
        <time>2026-07-07T05:38:43.000Z</time>
        <extensions>
          <ns3:TrackPointExtension>
            <ns3:hr>147</ns3:hr>
            <ns3:cad>0</ns3:cad>
          </ns3:TrackPointExtension>
        </extensions>
      </trkpt>
      <trkpt lat="43.7295993603765964508056640625" lon="7.357343919575214385986328125">
        <ele>400.399993896484375</ele>
        <time>2026-07-07T05:38:46.000Z</time>
        <extensions>
          <ns3:TrackPointExtension>
            <ns3:hr>147</ns3:hr>
            <ns3:cad>0</ns3:cad>
          </ns3:TrackPointExtension>
        </extensions>
      </trkpt>
      <trkpt lat="43.72957111336290836334228515625" lon="7.35729857347905635833740234375">
        <ele>400.600006103515625</ele>
        <time>2026-07-07T05:38:50.000Z</time>
        <extensions>
          <ns3:TrackPointExtension>
            <ns3:hr>146</ns3:hr>
            <ns3:cad>0</ns3:cad>
          </ns3:TrackPointExtension>
        </extensions>
      </trkpt>
      <trkpt lat="43.72955418191850185394287109375" lon="7.35727158375084400177001953125">
        <ele>401.600006103515625</ele>
        <time>2026-07-07T05:38:54.000Z</time>
        <extensions>
          <ns3:TrackPointExtension>
            <ns3:hr>147</ns3:hr>
            <ns3:cad>0</ns3:cad>
          </ns3:TrackPointExtension>
        </extensions>
      </trkpt>
      <trkpt lat="43.72954580001533031463623046875" lon="7.3572676442563533782958984375">
        <ele>402</ele>
        <time>2026-07-07T05:38:56.000Z</time>
        <extensions>
          <ns3:TrackPointExtension>
            <ns3:hr>149</ns3:hr>
            <ns3:cad>0</ns3:cad>
          </ns3:TrackPointExtension>
        </extensions>
      </trkpt>
      <trkpt lat="43.7295383401215076446533203125" lon="7.3572609387338161468505859375">
        <ele>402.600006103515625</ele>
        <time>2026-07-07T05:38:59.000Z</time>
        <extensions>
          <ns3:TrackPointExtension>
            <ns3:hr>148</ns3:hr>
            <ns3:cad>0</ns3:cad>
          </ns3:TrackPointExtension>
        </extensions>
      </trkpt>
      <trkpt lat="43.72952132485806941986083984375" lon="7.357244007289409637451171875">
        <ele>402.79998779296875</ele>
        <time>2026-07-07T05:39:02.000Z</time>
        <extensions>
          <ns3:TrackPointExtension>
            <ns3:hr>149</ns3:hr>
            <ns3:cad>0</ns3:cad>
          </ns3:TrackPointExtension>
        </extensions>
      </trkpt>
      <trkpt lat="43.72951311059296131134033203125" lon="7.35724090598523616790771484375">
        <ele>403.20001220703125</ele>
        <time>2026-07-07T05:39:05.000Z</time>
        <extensions>
          <ns3:TrackPointExtension>
            <ns3:hr>152</ns3:hr>
            <ns3:cad>0</ns3:cad>
          </ns3:TrackPointExtension>
        </extensions>
      </trkpt>
      <trkpt lat="43.7295071594417095184326171875" lon="7.35723503865301609039306640625">
        <ele>403.79998779296875</ele>
        <time>2026-07-07T05:39:07.000Z</time>
        <extensions>
          <ns3:TrackPointExtension>
            <ns3:hr>153</ns3:hr>
            <ns3:cad>0</ns3:cad>
          </ns3:TrackPointExtension>
        </extensions>
      </trkpt>
      <trkpt lat="43.72950305230915546417236328125" lon="7.3572126589715480804443359375">
        <ele>404.20001220703125</ele>
        <time>2026-07-07T05:39:10.000Z</time>
        <extensions>
          <ns3:TrackPointExtension>
            <ns3:hr>154</ns3:hr>
            <ns3:cad>0</ns3:cad>
          </ns3:TrackPointExtension>
        </extensions>
      </trkpt>
      <trkpt lat="43.72949735261499881744384765625" lon="7.35718332231044769287109375">
        <ele>404.79998779296875</ele>
        <time>2026-07-07T05:39:14.000Z</time>
        <extensions>
          <ns3:TrackPointExtension>
            <ns3:hr>155</ns3:hr>
            <ns3:cad>0</ns3:cad>
          </ns3:TrackPointExtension>
        </extensions>
      </trkpt>
      <trkpt lat="43.729496262967586517333984375" lon="7.35717485658824443817138671875">
        <ele>405</ele>
        <time>2026-07-07T05:39:17.000Z</time>
        <extensions>
          <ns3:TrackPointExtension>
            <ns3:hr>155</ns3:hr>
            <ns3:cad>0</ns3:cad>
          </ns3:TrackPointExtension>
        </extensions>
      </trkpt>
      <trkpt lat="43.72949617914855480194091796875" lon="7.3571616970002651214599609375">
        <ele>405.600006103515625</ele>
        <time>2026-07-07T05:39:27.000Z</time>
        <extensions>
          <ns3:TrackPointExtension>
            <ns3:hr>156</ns3:hr>
            <ns3:cad>0</ns3:cad>
          </ns3:TrackPointExtension>
        </extensions>
      </trkpt>
      <trkpt lat="43.7294934131205081939697265625" lon="7.3571637086570262908935546875">
        <ele>406</ele>
        <time>2026-07-07T05:39:45.000Z</time>
        <extensions>
          <ns3:TrackPointExtension>
            <ns3:hr>156</ns3:hr>
            <ns3:cad>0</ns3:cad>
          </ns3:TrackPointExtension>
        </extensions>
      </trkpt>
      <trkpt lat="43.7294940836727619171142578125" lon="7.35716513358056545257568359375">
        <ele>406.399993896484375</ele>
        <time>2026-07-07T05:39:55.000Z</time>
        <extensions>
          <ns3:TrackPointExtension>
            <ns3:hr>153</ns3:hr>
            <ns3:cad>0</ns3:cad>
          </ns3:TrackPointExtension>
        </extensions>
      </trkpt>
      <trkpt lat="43.72949517332017421722412109375" lon="7.35716580413281917572021484375">
        <ele>407</ele>
        <time>2026-07-07T05:39:58.000Z</time>
        <extensions>
          <ns3:TrackPointExtension>
            <ns3:hr>152</ns3:hr>
            <ns3:cad>0</ns3:cad>
          </ns3:TrackPointExtension>
        </extensions>
      </trkpt>
      <trkpt lat="43.72949517332017421722412109375" lon="7.3571680672466754913330078125">
        <ele>408</ele>
        <time>2026-07-07T05:40:03.000Z</time>
        <extensions>
          <ns3:TrackPointExtension>
            <ns3:hr>149</ns3:hr>
            <ns3:cad>0</ns3:cad>
          </ns3:TrackPointExtension>
        </extensions>
      </trkpt>
      <trkpt lat="43.7295663356781005859375" lon="7.3572146706283092498779296875">
        <ele>407.79998779296875</ele>
        <time>2026-07-07T05:40:11.000Z</time>
        <extensions>
          <ns3:TrackPointExtension>
            <ns3:hr>148</ns3:hr>
            <ns3:cad>0</ns3:cad>
          </ns3:TrackPointExtension>
        </extensions>
      </trkpt>
      <trkpt lat="43.72961536981165409088134765625" lon="7.35725180245935916900634765625">
        <ele>408</ele>
        <time>2026-07-07T05:40:15.000Z</time>
        <extensions>
          <ns3:TrackPointExtension>
            <ns3:hr>148</ns3:hr>
            <ns3:cad>0</ns3:cad>
          </ns3:TrackPointExtension>
        </extensions>
      </trkpt>
      <trkpt lat="43.7296338938176631927490234375" lon="7.35726973973214626312255859375">
        <ele>408</ele>
        <time>2026-07-07T05:40:17.000Z</time>
        <extensions>
          <ns3:TrackPointExtension>
            <ns3:hr>149</ns3:hr>
            <ns3:cad>0</ns3:cad>
          </ns3:TrackPointExtension>
        </extensions>
      </trkpt>
      <trkpt lat="43.72964680194854736328125" lon="7.35727644525468349456787109375">
        <ele>408</ele>
        <time>2026-07-07T05:40:19.000Z</time>
        <extensions>
          <ns3:TrackPointExtension>
            <ns3:hr>150</ns3:hr>
            <ns3:cad>0</ns3:cad>
          </ns3:TrackPointExtension>
        </extensions>
      </trkpt>
      <trkpt lat="43.7296741269528865814208984375" lon="7.35730645246803760528564453125">
        <ele>408.399993896484375</ele>
        <time>2026-07-07T05:40:24.000Z</time>
        <extensions>
          <ns3:TrackPointExtension>
            <ns3:hr>152</ns3:hr>
            <ns3:cad>68</ns3:cad>
          </ns3:TrackPointExtension>
        </extensions>
      </trkpt>
      <trkpt lat="43.72970916330814361572265625" lon="7.35732254572212696075439453125">
        <ele>409</ele>
        <time>2026-07-07T05:40:30.000Z</time>
        <extensions>
          <ns3:TrackPointExtension>
            <ns3:hr>153</ns3:hr>
            <ns3:cad>0</ns3:cad>
          </ns3:TrackPointExtension>
        </extensions>
      </trkpt>
      <trkpt lat="43.72971796430647373199462890625" lon="7.35731869004666805267333984375">
        <ele>409.20001220703125</ele>
        <time>2026-07-07T05:40:32.000Z</time>
        <extensions>
          <ns3:TrackPointExtension>
            <ns3:hr>153</ns3:hr>
            <ns3:cad>0</ns3:cad>
          </ns3:TrackPointExtension>
        </extensions>
      </trkpt>
      <trkpt lat="43.72973732650279998779296875" lon="7.35730645246803760528564453125">
        <ele>409.399993896484375</ele>
        <time>2026-07-07T05:40:37.000Z</time>
        <extensions>
          <ns3:TrackPointExtension>
            <ns3:hr>153</ns3:hr>
            <ns3:cad>0</ns3:cad>
          </ns3:TrackPointExtension>
        </extensions>
      </trkpt>
      <trkpt lat="43.72977512888610363006591796875" lon="7.35730678774416446685791015625">
        <ele>410.20001220703125</ele>
        <time>2026-07-07T05:40:42.000Z</time>
        <extensions>
          <ns3:TrackPointExtension>
            <ns3:hr>154</ns3:hr>
            <ns3:cad>0</ns3:cad>
          </ns3:TrackPointExtension>
        </extensions>
      </trkpt>
      <trkpt lat="43.72981083579361438751220703125" lon="7.35730293206870555877685546875">
        <ele>410.20001220703125</ele>
        <time>2026-07-07T05:40:45.000Z</time>
        <extensions>
          <ns3:TrackPointExtension>
            <ns3:hr>155</ns3:hr>
            <ns3:cad>0</ns3:cad>
          </ns3:TrackPointExtension>
        </extensions>
      </trkpt>
      <trkpt lat="43.72987185604870319366455078125" lon="7.35726873390376567840576171875">
        <ele>410</ele>
        <time>2026-07-07T05:40:53.000Z</time>
        <extensions>
          <ns3:TrackPointExtension>
            <ns3:hr>156</ns3:hr>
            <ns3:cad>49</ns3:cad>
          </ns3:TrackPointExtension>
        </extensions>
      </trkpt>
      <trkpt lat="43.72991837561130523681640625" lon="7.35724861733615398406982421875">
        <ele>409.399993896484375</ele>
        <time>2026-07-07T05:40:58.000Z</time>
        <extensions>
          <ns3:TrackPointExtension>
            <ns3:hr>153</ns3:hr>
            <ns3:cad>0</ns3:cad>
          </ns3:TrackPointExtension>
        </extensions>
      </trkpt>
      <trkpt lat="43.72993874363601207733154296875" lon="7.3572307638823986053466796875">
        <ele>409.399993896484375</ele>
        <time>2026-07-07T05:41:00.000Z</time>
        <extensions>
          <ns3:TrackPointExtension>
            <ns3:hr>152</ns3:hr>
            <ns3:cad>0</ns3:cad>
          </ns3:TrackPointExtension>
        </extensions>
      </trkpt>
      <trkpt lat="43.7299995124340057373046875" lon="7.35716094262897968292236328125">
        <ele>409.399993896484375</ele>
        <time>2026-07-07T05:41:07.000Z</time>
        <extensions>
          <ns3:TrackPointExtension>
            <ns3:hr>149</ns3:hr>
            <ns3:cad>0</ns3:cad>
          </ns3:TrackPointExtension>
        </extensions>
      </trkpt>
      <trkpt lat="43.73001753352582454681396484375" lon="7.3571452684700489044189453125">
        <ele>409.399993896484375</ele>
        <time>2026-07-07T05:41:09.000Z</time>
        <extensions>
          <ns3:TrackPointExtension>
            <ns3:hr>146</ns3:hr>
            <ns3:cad>50</ns3:cad>
          </ns3:TrackPointExtension>
        </extensions>
      </trkpt>
      <trkpt lat="43.73005223460495471954345703125" lon="7.3571000061929225921630859375">
        <ele>409.79998779296875</ele>
        <time>2026-07-07T05:41:14.000Z</time>
        <extensions>
          <ns3:TrackPointExtension>
            <ns3:hr>143</ns3:hr>
            <ns3:cad>0</ns3:cad>
          </ns3:TrackPointExtension>
        </extensions>
      </trkpt>
      <trkpt lat="43.73006028123199939727783203125" lon="7.357101179659366607666015625">
        <ele>410.399993896484375</ele>
        <time>2026-07-07T05:41:16.000Z</time>
        <extensions>
          <ns3:TrackPointExtension>
            <ns3:hr>145</ns3:hr>
            <ns3:cad>0</ns3:cad>
          </ns3:TrackPointExtension>
        </extensions>
      </trkpt>
      <trkpt lat="43.73006313107907772064208984375" lon="7.35710210166871547698974609375">
        <ele>410.79998779296875</ele>
        <time>2026-07-07T05:41:17.000Z</time>
        <extensions>
          <ns3:TrackPointExtension>
            <ns3:hr>145</ns3:hr>
            <ns3:cad>0</ns3:cad>
          </ns3:TrackPointExtension>
        </extensions>
      </trkpt>
      <trkpt lat="43.7300697527825832366943359375" lon="7.35710176639258861541748046875">
        <ele>411.399993896484375</ele>
        <time>2026-07-07T05:41:19.000Z</time>
        <extensions>
          <ns3:TrackPointExtension>
            <ns3:hr>145</ns3:hr>
            <ns3:cad>0</ns3:cad>
          </ns3:TrackPointExtension>
        </extensions>
      </trkpt>
      <trkpt lat="43.73008945025503635406494140625" lon="7.35709757544100284576416015625">
        <ele>412</ele>
        <time>2026-07-07T05:41:23.000Z</time>
        <extensions>
          <ns3:TrackPointExtension>
            <ns3:hr>147</ns3:hr>
            <ns3:cad>0</ns3:cad>
          </ns3:TrackPointExtension>
        </extensions>
      </trkpt>
      <trkpt lat="43.73009397648274898529052734375" lon="7.3570949770510196685791015625">
        <ele>412.399993896484375</ele>
        <time>2026-07-07T05:41:24.000Z</time>
        <extensions>
          <ns3:TrackPointExtension>
            <ns3:hr>147</ns3:hr>
            <ns3:cad>0</ns3:cad>
          </ns3:TrackPointExtension>
        </extensions>
      </trkpt>
      <trkpt lat="43.7301016040146350860595703125" lon="7.35708408057689666748046875">
        <ele>413.79998779296875</ele>
        <time>2026-07-07T05:41:29.000Z</time>
        <extensions>
          <ns3:TrackPointExtension>
            <ns3:hr>150</ns3:hr>
            <ns3:cad>0</ns3:cad>
          </ns3:TrackPointExtension>
        </extensions>
      </trkpt>
      <trkpt lat="43.73011610470712184906005859375" lon="7.35706488601863384246826171875">
        <ele>414.79998779296875</ele>
        <time>2026-07-07T05:41:32.000Z</time>
        <extensions>
          <ns3:TrackPointExtension>
            <ns3:hr>153</ns3:hr>
            <ns3:cad>0</ns3:cad>
          </ns3:TrackPointExtension>
        </extensions>
      </trkpt>
      <trkpt lat="43.7301228940486907958984375" lon="7.35706907697021961212158203125">
        <ele>415</ele>
        <time>2026-07-07T05:41:34.000Z</time>
        <extensions>
          <ns3:TrackPointExtension>
            <ns3:hr>155</ns3:hr>
            <ns3:cad>0</ns3:cad>
          </ns3:TrackPointExtension>
        </extensions>
      </trkpt>
      <trkpt lat="43.7301227264106273651123046875" lon="7.35706907697021961212158203125">
        <ele>415.20001220703125</ele>
        <time>2026-07-07T05:41:35.000Z</time>
        <extensions>
          <ns3:TrackPointExtension>
            <ns3:hr>155</ns3:hr>
            <ns3:cad>0</ns3:cad>
          </ns3:TrackPointExtension>
        </extensions>
      </trkpt>
      <trkpt lat="43.730115853250026702880859375" lon="7.3570517264306545257568359375">
        <ele>415.399993896484375</ele>
        <time>2026-07-07T05:41:37.000Z</time>
        <extensions>
          <ns3:TrackPointExtension>
            <ns3:hr>158</ns3:hr>
            <ns3:cad>0</ns3:cad>
          </ns3:TrackPointExtension>
        </extensions>
      </trkpt>
      <trkpt lat="43.73011409305036067962646484375" lon="7.357018031179904937744140625">
        <ele>416</ele>
        <time>2026-07-07T05:41:40.000Z</time>
        <extensions>
          <ns3:TrackPointExtension>
            <ns3:hr>160</ns3:hr>
            <ns3:cad>0</ns3:cad>
          </ns3:TrackPointExtension>
        </extensions>
      </trkpt>
      <trkpt lat="43.73011283576488494873046875" lon="7.357013337314128875732421875">
        <ele>416.20001220703125</ele>
        <time>2026-07-07T05:41:41.000Z</time>
        <extensions>
          <ns3:TrackPointExtension>
            <ns3:hr>160</ns3:hr>
            <ns3:cad>0</ns3:cad>
          </ns3:TrackPointExtension>
        </extensions>
      </trkpt>
      <trkpt lat="43.730126917362213134765625" lon="7.35698844306170940399169921875">
        <ele>417.20001220703125</ele>
        <time>2026-07-07T05:41:45.000Z</time>
        <extensions>
          <ns3:TrackPointExtension>
            <ns3:hr>162</ns3:hr>
            <ns3:cad>0</ns3:cad>
          </ns3:TrackPointExtension>
        </extensions>
      </trkpt>
      <trkpt lat="43.7301294319331645965576171875" lon="7.3569868505001068115234375">
        <ele>417.600006103515625</ele>
        <time>2026-07-07T05:41:46.000Z</time>
        <extensions>
          <ns3:TrackPointExtension>
            <ns3:hr>163</ns3:hr>
            <ns3:cad>0</ns3:cad>
          </ns3:TrackPointExtension>
        </extensions>
      </trkpt>
      <trkpt lat="43.73013697564601898193359375" lon="7.356967069208621978759765625">
        <ele>418.20001220703125</ele>
        <time>2026-07-07T05:41:50.000Z</time>
        <extensions>
          <ns3:TrackPointExtension>
            <ns3:hr>166</ns3:hr>
            <ns3:cad>0</ns3:cad>
          </ns3:TrackPointExtension>
        </extensions>
      </trkpt>
      <trkpt lat="43.73013571836054325103759765625" lon="7.35696111805737018585205078125">
        <ele>418.20001220703125</ele>
        <time>2026-07-07T05:41:51.000Z</time>
        <extensions>
          <ns3:TrackPointExtension>
            <ns3:hr>166</ns3:hr>
            <ns3:cad>0</ns3:cad>
          </ns3:TrackPointExtension>
        </extensions>
      </trkpt>
      <trkpt lat="43.7301388196647167205810546875" lon="7.3569273389875888824462890625">
        <ele>418.79998779296875</ele>
        <time>2026-07-07T05:41:54.000Z</time>
        <extensions>
          <ns3:TrackPointExtension>
            <ns3:hr>168</ns3:hr>
            <ns3:cad>0</ns3:cad>
          </ns3:TrackPointExtension>
        </extensions>
      </trkpt>
      <trkpt lat="43.7301525659859180450439453125" lon="7.356904707849025726318359375">
        <ele>419.600006103515625</ele>
        <time>2026-07-07T05:41:57.000Z</time>
        <extensions>
          <ns3:TrackPointExtension>
            <ns3:hr>169</ns3:hr>
            <ns3:cad>0</ns3:cad>
          </ns3:TrackPointExtension>
        </extensions>
      </trkpt>
      <trkpt lat="43.73015533201396465301513671875" lon="7.3569015227258205413818359375">
        <ele>419.79998779296875</ele>
        <time>2026-07-07T05:41:58.000Z</time>
        <extensions>
          <ns3:TrackPointExtension>
            <ns3:hr>169</ns3:hr>
            <ns3:cad>0</ns3:cad>
          </ns3:TrackPointExtension>
        </extensions>
      </trkpt>
      <trkpt lat="43.730153739452362060546875" lon="7.3568753711879253387451171875">
        <ele>421</ele>
        <time>2026-07-07T05:42:03.000Z</time>
        <extensions>
          <ns3:TrackPointExtension>
            <ns3:hr>170</ns3:hr>
            <ns3:cad>0</ns3:cad>
          </ns3:TrackPointExtension>
        </extensions>
      </trkpt>
      <trkpt lat="43.73015063814818859100341796875" lon="7.3568824119865894317626953125">
        <ele>421</ele>
        <time>2026-07-07T05:42:04.000Z</time>
        <extensions>
          <ns3:TrackPointExtension>
            <ns3:hr>169</ns3:hr>
            <ns3:cad>0</ns3:cad>
          </ns3:TrackPointExtension>
        </extensions>
      </trkpt>
      <trkpt lat="43.7301572598516941070556640625" lon="7.356846369802951812744140625">
        <ele>422.399993896484375</ele>
        <time>2026-07-07T05:42:10.000Z</time>
        <extensions>
          <ns3:TrackPointExtension>
            <ns3:hr>170</ns3:hr>
            <ns3:cad>0</ns3:cad>
          </ns3:TrackPointExtension>
        </extensions>
      </trkpt>
      <trkpt lat="43.73017025180160999298095703125" lon="7.35682197846472263336181640625">
        <ele>423</ele>
        <time>2026-07-07T05:42:13.000Z</time>
        <extensions>
          <ns3:TrackPointExtension>
            <ns3:hr>170</ns3:hr>
            <ns3:cad>0</ns3:cad>
          </ns3:TrackPointExtension>
        </extensions>
      </trkpt>
      <trkpt lat="43.73017427511513233184814453125" lon="7.35680186189711093902587890625">
        <ele>423.399993896484375</ele>
        <time>2026-07-07T05:42:16.000Z</time>
        <extensions>
          <ns3:TrackPointExtension>
            <ns3:hr>170</ns3:hr>
            <ns3:cad>0</ns3:cad>
          </ns3:TrackPointExtension>
        </extensions>
      </trkpt>
      <trkpt lat="43.730192296206951141357421875" lon="7.356772609055042266845703125">
        <ele>424.399993896484375</ele>
        <time>2026-07-07T05:42:20.000Z</time>
        <extensions>
          <ns3:TrackPointExtension>
            <ns3:hr>171</ns3:hr>
            <ns3:cad>0</ns3:cad>
          </ns3:TrackPointExtension>
        </extensions>
      </trkpt>
      <trkpt lat="43.73019573278725147247314453125" lon="7.35675140284001827239990234375">
        <ele>425.600006103515625</ele>
        <time>2026-07-07T05:42:26.000Z</time>
        <extensions>
          <ns3:TrackPointExtension>
            <ns3:hr>172</ns3:hr>
            <ns3:cad>0</ns3:cad>
          </ns3:TrackPointExtension>
        </extensions>
      </trkpt>
      <trkpt lat="43.73018919490277767181396484375" lon="7.35673941671848297119140625">
        <ele>426.20001220703125</ele>
        <time>2026-07-07T05:42:29.000Z</time>
        <extensions>
          <ns3:TrackPointExtension>
            <ns3:hr>173</ns3:hr>
            <ns3:cad>0</ns3:cad>
          </ns3:TrackPointExtension>
        </extensions>
      </trkpt>
      <trkpt lat="43.73018885962665081024169921875" lon="7.35673011280596256256103515625">
        <ele>426.600006103515625</ele>
        <time>2026-07-07T05:42:30.000Z</time>
        <extensions>
          <ns3:TrackPointExtension>
            <ns3:hr>173</ns3:hr>
            <ns3:cad>0</ns3:cad>
          </ns3:TrackPointExtension>
        </extensions>
      </trkpt>
      <trkpt lat="43.73018936254084110260009765625" lon="7.35671536065638065338134765625">
        <ele>427.600006103515625</ele>
        <time>2026-07-07T05:42:34.000Z</time>
        <extensions>
          <ns3:TrackPointExtension>
            <ns3:hr>172</ns3:hr>
            <ns3:cad>0</ns3:cad>
          </ns3:TrackPointExtension>
        </extensions>
      </trkpt>
      <trkpt lat="43.73018936254084110260009765625" lon="7.35671536065638065338134765625">
        <ele>428</ele>
        <time>2026-07-07T05:42:36.000Z</time>
        <extensions>
          <ns3:TrackPointExtension>
            <ns3:hr>172</ns3:hr>
            <ns3:cad>0</ns3:cad>
          </ns3:TrackPointExtension>
        </extensions>
      </trkpt>
      <trkpt lat="43.73018936254084110260009765625" lon="7.35671536065638065338134765625">
        <ele>428.79998779296875</ele>
        <time>2026-07-07T05:42:40.000Z</time>
        <extensions>
          <ns3:TrackPointExtension>
            <ns3:hr>173</ns3:hr>
            <ns3:cad>0</ns3:cad>
          </ns3:TrackPointExtension>
        </extensions>
      </trkpt>
      <trkpt lat="43.73018936254084110260009765625" lon="7.35671536065638065338134765625">
        <ele>429.79998779296875</ele>
        <time>2026-07-07T05:42:46.000Z</time>
        <extensions>
          <ns3:TrackPointExtension>
            <ns3:hr>173</ns3:hr>
            <ns3:cad>0</ns3:cad>
          </ns3:TrackPointExtension>
        </extensions>
      </trkpt>
      <trkpt lat="43.73020805418491363525390625" lon="7.356649227440357208251953125">
        <ele>430.399993896484375</ele>
        <time>2026-07-07T05:42:54.000Z</time>
        <extensions>
          <ns3:TrackPointExtension>
            <ns3:hr>177</ns3:hr>
            <ns3:cad>0</ns3:cad>
          </ns3:TrackPointExtension>
        </extensions>
      </trkpt>
      <trkpt lat="43.730213083326816558837890625" lon="7.35663187690079212188720703125">
        <ele>430.600006103515625</ele>
        <time>2026-07-07T05:42:55.000Z</time>
        <extensions>
          <ns3:TrackPointExtension>
            <ns3:hr>176</ns3:hr>
            <ns3:cad>0</ns3:cad>
          </ns3:TrackPointExtension>
        </extensions>
      </trkpt>
      <trkpt lat="43.73022523708641529083251953125" lon="7.35658493824303150177001953125">
        <ele>430.79998779296875</ele>
        <time>2026-07-07T05:42:57.000Z</time>
        <extensions>
          <ns3:TrackPointExtension>
            <ns3:hr>176</ns3:hr>
            <ns3:cad>0</ns3:cad>
          </ns3:TrackPointExtension>
        </extensions>
      </trkpt>
      <trkpt lat="43.73026345856487751007080078125" lon="7.35649944283068180084228515625">
        <ele>432</ele>
        <time>2026-07-07T05:43:02.000Z</time>
        <extensions>
          <ns3:TrackPointExtension>
            <ns3:hr>174</ns3:hr>
            <ns3:cad>0</ns3:cad>
          </ns3:TrackPointExtension>
        </extensions>
      </trkpt>
      <trkpt lat="43.73028474859893321990966796875" lon="7.35643490217626094818115234375">
        <ele>433.20001220703125</ele>
        <time>2026-07-07T05:43:10.000Z</time>
        <extensions>
          <ns3:TrackPointExtension>
            <ns3:hr>174</ns3:hr>
            <ns3:cad>0</ns3:cad>
          </ns3:TrackPointExtension>
        </extensions>
      </trkpt>
      <trkpt lat="43.73028491623699665069580078125" lon="7.356432974338531494140625">
        <ele>433.20001220703125</ele>
        <time>2026-07-07T05:43:11.000Z</time>
        <extensions>
          <ns3:TrackPointExtension>
            <ns3:hr>173</ns3:hr>
            <ns3:cad>0</ns3:cad>
          </ns3:TrackPointExtension>
        </extensions>
      </trkpt>
      <trkpt lat="43.73030955903232097625732421875" lon="7.3564048111438751220703125">
        <ele>434.20001220703125</ele>
        <time>2026-07-07T05:43:15.000Z</time>
        <extensions>
          <ns3:TrackPointExtension>
            <ns3:hr>172</ns3:hr>
            <ns3:cad>0</ns3:cad>
          </ns3:TrackPointExtension>
        </extensions>
      </trkpt>
      <trkpt lat="43.7303198687732219696044921875" lon="7.35637857578694820404052734375">
        <ele>434.399993896484375</ele>
        <time>2026-07-07T05:43:17.000Z</time>
        <extensions>
          <ns3:TrackPointExtension>
            <ns3:hr>172</ns3:hr>
            <ns3:cad>0</ns3:cad>
          </ns3:TrackPointExtension>
        </extensions>
      </trkpt>
      <trkpt lat="43.73036806471645832061767578125" lon="7.35631671734154224395751953125">
        <ele>434.79998779296875</ele>
        <time>2026-07-07T05:43:25.000Z</time>
        <extensions>
          <ns3:TrackPointExtension>
            <ns3:hr>171</ns3:hr>
            <ns3:cad>41</ns3:cad>
          </ns3:TrackPointExtension>
        </extensions>
      </trkpt>
      <trkpt lat="43.73042665421962738037109375" lon="7.35630380921065807342529296875">
        <ele>434.20001220703125</ele>
        <time>2026-07-07T05:43:32.000Z</time>
        <extensions>
          <ns3:TrackPointExtension>
            <ns3:hr>169</ns3:hr>
            <ns3:cad>0</ns3:cad>
          </ns3:TrackPointExtension>
        </extensions>
      </trkpt>
      <trkpt lat="43.73043646104633808135986328125" lon="7.3562986962497234344482421875">
        <ele>434.20001220703125</ele>
        <time>2026-07-07T05:43:33.000Z</time>
        <extensions>
          <ns3:TrackPointExtension>
            <ns3:hr>169</ns3:hr>
            <ns3:cad>0</ns3:cad>
          </ns3:TrackPointExtension>
        </extensions>
      </trkpt>
      <trkpt lat="43.73045741580426692962646484375" lon="7.35623910091817378997802734375">
        <ele>435</ele>
        <time>2026-07-07T05:43:39.000Z</time>
        <extensions>
          <ns3:TrackPointExtension>
            <ns3:hr>167</ns3:hr>
            <ns3:cad>0</ns3:cad>
          </ns3:TrackPointExtension>
        </extensions>
      </trkpt>
      <trkpt lat="43.73046043328940868377685546875" lon="7.35622845590114593505859375">
        <ele>435.20001220703125</ele>
        <time>2026-07-07T05:43:42.000Z</time>
        <extensions>
          <ns3:TrackPointExtension>
            <ns3:hr>165</ns3:hr>
            <ns3:cad>0</ns3:cad>
          </ns3:TrackPointExtension>
        </extensions>
      </trkpt>
      <trkpt lat="43.73046361841261386871337890625" lon="7.35620758496224880218505859375">
        <ele>435.399993896484375</ele>
        <time>2026-07-07T05:43:45.000Z</time>
        <extensions>
          <ns3:TrackPointExtension>
            <ns3:hr>164</ns3:hr>
            <ns3:cad>0</ns3:cad>
          </ns3:TrackPointExtension>
        </extensions>
      </trkpt>
      <trkpt lat="43.7304767780005931854248046875" lon="7.356155030429363250732421875">
        <ele>436.20001220703125</ele>
        <time>2026-07-07T05:43:51.000Z</time>
        <extensions>
          <ns3:TrackPointExtension>
            <ns3:hr>161</ns3:hr>
            <ns3:cad>0</ns3:cad>
          </ns3:TrackPointExtension>
        </extensions>
      </trkpt>
      <trkpt lat="43.7304801307618618011474609375" lon="7.35614639706909656524658203125">
        <ele>436.20001220703125</ele>
        <time>2026-07-07T05:43:52.000Z</time>
        <extensions>
          <ns3:TrackPointExtension>
            <ns3:hr>161</ns3:hr>
            <ns3:cad>0</ns3:cad>
          </ns3:TrackPointExtension>
        </extensions>
      </trkpt>
      <trkpt lat="43.73048105277121067047119140625" lon="7.35614203847944736480712890625">
        <ele>436.79998779296875</ele>
        <time>2026-07-07T05:43:53.000Z</time>
        <extensions>
          <ns3:TrackPointExtension>
            <ns3:hr>161</ns3:hr>
            <ns3:cad>0</ns3:cad>
          </ns3:TrackPointExtension>
        </extensions>
      </trkpt>
      <trkpt lat="43.7305160053074359893798828125" lon="7.3560713790357112884521484375">
        <ele>436.79998779296875</ele>
        <time>2026-07-07T05:44:00.000Z</time>
        <extensions>
          <ns3:TrackPointExtension>
            <ns3:hr>158</ns3:hr>
            <ns3:cad>0</ns3:cad>
          </ns3:TrackPointExtension>
        </extensions>
      </trkpt>
      <trkpt lat="43.73052229173481464385986328125" lon="7.35606215894222259521484375">
        <ele>436.79998779296875</ele>
        <time>2026-07-07T05:44:01.000Z</time>
        <extensions>
          <ns3:TrackPointExtension>
            <ns3:hr>158</ns3:hr>
            <ns3:cad>0</ns3:cad>
          </ns3:TrackPointExtension>
        </extensions>
      </trkpt>
      <trkpt lat="43.730549700558185577392578125" lon="7.35597238875925540924072265625">
        <ele>438</ele>
        <time>2026-07-07T05:44:08.000Z</time>
        <extensions>
          <ns3:TrackPointExtension>
            <ns3:hr>158</ns3:hr>
            <ns3:cad>0</ns3:cad>
          </ns3:TrackPointExtension>
        </extensions>
      </trkpt>
      <trkpt lat="43.730551712214946746826171875" lon="7.35596115700900554656982421875">
        <ele>438.20001220703125</ele>
        <time>2026-07-07T05:44:09.000Z</time>
        <extensions>
          <ns3:TrackPointExtension>
            <ns3:hr>158</ns3:hr>
            <ns3:cad>0</ns3:cad>
          </ns3:TrackPointExtension>
        </extensions>
      </trkpt>
      <trkpt lat="43.730546347796916961669921875" lon="7.3559154756367206573486328125">
        <ele>439</ele>
        <time>2026-07-07T05:44:14.000Z</time>
        <extensions>
          <ns3:TrackPointExtension>
            <ns3:hr>157</ns3:hr>
            <ns3:cad>0</ns3:cad>
          </ns3:TrackPointExtension>
        </extensions>
      </trkpt>
      <trkpt lat="43.73055833391845226287841796875" lon="7.35590332187712192535400390625">
        <ele>439.399993896484375</ele>
        <time>2026-07-07T05:44:16.000Z</time>
        <extensions>
          <ns3:TrackPointExtension>
            <ns3:hr>156</ns3:hr>
            <ns3:cad>0</ns3:cad>
          </ns3:TrackPointExtension>
        </extensions>
      </trkpt>
      <trkpt lat="43.7305790372192859649658203125" lon="7.355806343257427215576171875">
        <ele>440</ele>
        <time>2026-07-07T05:44:23.000Z</time>
        <extensions>
          <ns3:TrackPointExtension>
            <ns3:hr>158</ns3:hr>
            <ns3:cad>46</ns3:cad>
          </ns3:TrackPointExtension>
        </extensions>
      </trkpt>
      <trkpt lat="43.73057945631444454193115234375" lon="7.355799637734889984130859375">
        <ele>440.20001220703125</ele>
        <time>2026-07-07T05:44:24.000Z</time>
        <extensions>
          <ns3:TrackPointExtension>
            <ns3:hr>158</ns3:hr>
            <ns3:cad>46</ns3:cad>
          </ns3:TrackPointExtension>
        </extensions>
      </trkpt>
      <trkpt lat="43.7305719964206218719482421875" lon="7.35578052699565887451171875">
        <ele>441.20001220703125</ele>
        <time>2026-07-07T05:44:28.000Z</time>
        <extensions>
          <ns3:TrackPointExtension>
            <ns3:hr>158</ns3:hr>
            <ns3:cad>0</ns3:cad>
          </ns3:TrackPointExtension>
        </extensions>
      </trkpt>
      <trkpt lat="43.73056537471711635589599609375" lon="7.35577424056828022003173828125">
        <ele>441.399993896484375</ele>
        <time>2026-07-07T05:44:29.000Z</time>
        <extensions>
          <ns3:TrackPointExtension>
            <ns3:hr>158</ns3:hr>
            <ns3:cad>0</ns3:cad>
          </ns3:TrackPointExtension>
        </extensions>
      </trkpt>
      <trkpt lat="43.73054064810276031494140625" lon="7.35577994026243686676025390625">
        <ele>442.20001220703125</ele>
        <time>2026-07-07T05:44:35.000Z</time>
        <extensions>
          <ns3:TrackPointExtension>
            <ns3:hr>160</ns3:hr>
            <ns3:cad>0</ns3:cad>
          </ns3:TrackPointExtension>
        </extensions>
      </trkpt>
      <trkpt lat="43.73053369112312793731689453125" lon="7.35579519532620906829833984375">
        <ele>442.79998779296875</ele>
        <time>2026-07-07T05:44:37.000Z</time>
        <extensions>
          <ns3:TrackPointExtension>
            <ns3:hr>161</ns3:hr>
            <ns3:cad>0</ns3:cad>
          </ns3:TrackPointExtension>
        </extensions>
      </trkpt>
      <trkpt lat="43.7305089645087718963623046875" lon="7.355790250003337860107421875">
        <ele>443.600006103515625</ele>
        <time>2026-07-07T05:44:42.000Z</time>
        <extensions>
          <ns3:TrackPointExtension>
            <ns3:hr>163</ns3:hr>
            <ns3:cad>0</ns3:cad>
          </ns3:TrackPointExtension>
        </extensions>
      </trkpt>
      <trkpt lat="43.73052229173481464385986328125" lon="7.3557361029088497161865234375">
        <ele>444.600006103515625</ele>
        <time>2026-07-07T05:44:47.000Z</time>
        <extensions>
          <ns3:TrackPointExtension>
            <ns3:hr>165</ns3:hr>
            <ns3:cad>77</ns3:cad>
          </ns3:TrackPointExtension>
        </extensions>
      </trkpt>
      <trkpt lat="43.730539642274379730224609375" lon="7.35569444485008716583251953125">
        <ele>445.20001220703125</ele>
        <time>2026-07-07T05:44:51.000Z</time>
        <extensions>
          <ns3:TrackPointExtension>
            <ns3:hr>165</ns3:hr>
            <ns3:cad>69</ns3:cad>
          </ns3:TrackPointExtension>
        </extensions>
      </trkpt>
      <trkpt lat="43.73054844327270984649658203125" lon="7.35566745512187480926513671875">
        <ele>445.600006103515625</ele>
        <time>2026-07-07T05:44:53.000Z</time>
        <extensions>
          <ns3:TrackPointExtension>
            <ns3:hr>166</ns3:hr>
            <ns3:cad>69</ns3:cad>
          </ns3:TrackPointExtension>
        </extensions>
      </trkpt>
      <trkpt lat="43.7305522151291370391845703125" lon="7.35564666800200939178466796875">
        <ele>445.79998779296875</ele>
        <time>2026-07-07T05:44:54.000Z</time>
        <extensions>
          <ns3:TrackPointExtension>
            <ns3:hr>167</ns3:hr>
            <ns3:cad>79</ns3:cad>
          </ns3:TrackPointExtension>
        </extensions>
      </trkpt>
      <trkpt lat="43.730561770498752593994140625" lon="7.355591095983982086181640625">
        <ele>446.20001220703125</ele>
        <time>2026-07-07T05:44:58.000Z</time>
        <extensions>
          <ns3:TrackPointExtension>
            <ns3:hr>167</ns3:hr>
            <ns3:cad>41</ns3:cad>
          </ns3:TrackPointExtension>
        </extensions>
      </trkpt>
      <trkpt lat="43.73057241551578044891357421875" lon="7.3555607534945011138916015625">
        <ele>446.20001220703125</ele>
        <time>2026-07-07T05:45:00.000Z</time>
        <extensions>
          <ns3:TrackPointExtension>
            <ns3:hr>167</ns3:hr>
            <ns3:cad>41</ns3:cad>
          </ns3:TrackPointExtension>
        </extensions>
      </trkpt>
      <trkpt lat="43.73057811520993709564208984375" lon="7.35554843209683895111083984375">
        <ele>446.600006103515625</ele>
        <time>2026-07-07T05:45:02.000Z</time>
        <extensions>
          <ns3:TrackPointExtension>
            <ns3:hr>168</ns3:hr>
            <ns3:cad>47</ns3:cad>
          </ns3:TrackPointExtension>
        </extensions>
      </trkpt>
      <trkpt lat="43.73058364726603031158447265625" lon="7.355530746281147003173828125">
        <ele>447</ele>
        <time>2026-07-07T05:45:04.000Z</time>
        <extensions>
          <ns3:TrackPointExtension>
            <ns3:hr>168</ns3:hr>
            <ns3:cad>45</ns3:cad>
          </ns3:TrackPointExtension>
        </extensions>
      </trkpt>
      <trkpt lat="43.73059437610208988189697265625" lon="7.35548087395727634429931640625">
        <ele>448</ele>
        <time>2026-07-07T05:45:08.000Z</time>
        <extensions>
          <ns3:TrackPointExtension>
            <ns3:hr>168</ns3:hr>
            <ns3:cad>45</ns3:cad>
          </ns3:TrackPointExtension>
        </extensions>
      </trkpt>
      <trkpt lat="43.73059940524399280548095703125" lon="7.3554380424320697784423828125">
        <ele>448.79998779296875</ele>
        <time>2026-07-07T05:45:12.000Z</time>
        <extensions>
          <ns3:TrackPointExtension>
            <ns3:hr>168</ns3:hr>
            <ns3:cad>0</ns3:cad>
          </ns3:TrackPointExtension>
        </extensions>
      </trkpt>
      <trkpt lat="43.73060259036719799041748046875" lon="7.35542102716863155364990234375">
        <ele>449</ele>
        <time>2026-07-07T05:45:14.000Z</time>
        <extensions>
          <ns3:TrackPointExtension>
            <ns3:hr>168</ns3:hr>
            <ns3:cad>0</ns3:cad>
          </ns3:TrackPointExtension>
        </extensions>
      </trkpt>
      <trkpt lat="43.73061063699424266815185546875" lon="7.3553947918117046356201171875">
        <ele>449.600006103515625</ele>
        <time>2026-07-07T05:45:17.000Z</time>
        <extensions>
          <ns3:TrackPointExtension>
            <ns3:hr>167</ns3:hr>
            <ns3:cad>0</ns3:cad>
          </ns3:TrackPointExtension>
        </extensions>
      </trkpt>
      <trkpt lat="43.730612061917781829833984375" lon="7.35539026558399200439453125">
        <ele>450.399993896484375</ele>
        <time>2026-07-07T05:45:19.000Z</time>
        <extensions>
          <ns3:TrackPointExtension>
            <ns3:hr>167</ns3:hr>
            <ns3:cad>0</ns3:cad>
          </ns3:TrackPointExtension>
        </extensions>
      </trkpt>
      <trkpt lat="43.7306313402950763702392578125" lon="7.3553545586764812469482421875">
        <ele>451.399993896484375</ele>
        <time>2026-07-07T05:45:24.000Z</time>
        <extensions>
          <ns3:TrackPointExtension>
            <ns3:hr>166</ns3:hr>
            <ns3:cad>0</ns3:cad>
          </ns3:TrackPointExtension>
        </extensions>
      </trkpt>
      <trkpt lat="43.730633519589900970458984375" lon="7.355336956679821014404296875">
        <ele>451.79998779296875</ele>
        <time>2026-07-07T05:45:26.000Z</time>
        <extensions>
          <ns3:TrackPointExtension>
            <ns3:hr>165</ns3:hr>
            <ns3:cad>0</ns3:cad>
          </ns3:TrackPointExtension>
        </extensions>
      </trkpt>
      <trkpt lat="43.7306571565568447113037109375" lon="7.35530401580035686492919921875">
        <ele>452.600006103515625</ele>
        <time>2026-07-07T05:45:30.000Z</time>
        <extensions>
          <ns3:TrackPointExtension>
            <ns3:hr>167</ns3:hr>
            <ns3:cad>0</ns3:cad>
          </ns3:TrackPointExtension>
        </extensions>
      </trkpt>
      <trkpt lat="43.73067836277186870574951171875" lon="7.35528674907982349395751953125">
        <ele>453.600006103515625</ele>
        <time>2026-07-07T05:45:34.000Z</time>
        <extensions>
          <ns3:TrackPointExtension>
            <ns3:hr>167</ns3:hr>
            <ns3:cad>0</ns3:cad>
          </ns3:TrackPointExtension>
        </extensions>
      </trkpt>
      <trkpt lat="43.73068054206669330596923828125" lon="7.3552663810551166534423828125">
        <ele>454</ele>
        <time>2026-07-07T05:45:37.000Z</time>
        <extensions>
          <ns3:TrackPointExtension>
            <ns3:hr>170</ns3:hr>
            <ns3:cad>0</ns3:cad>
          </ns3:TrackPointExtension>
        </extensions>
      </trkpt>
      <trkpt lat="43.73068548738956451416015625" lon="7.355249784886837005615234375">
        <ele>454.79998779296875</ele>
        <time>2026-07-07T05:45:40.000Z</time>
        <extensions>
          <ns3:TrackPointExtension>
            <ns3:hr>172</ns3:hr>
            <ns3:cad>0</ns3:cad>
          </ns3:TrackPointExtension>
        </extensions>
      </trkpt>
      <trkpt lat="43.73068959452211856842041015625" lon="7.35523779876530170440673828125">
        <ele>455.399993896484375</ele>
        <time>2026-07-07T05:45:43.000Z</time>
        <extensions>
          <ns3:TrackPointExtension>
            <ns3:hr>173</ns3:hr>
            <ns3:cad>0</ns3:cad>
          </ns3:TrackPointExtension>
        </extensions>
      </trkpt>
      <trkpt lat="43.730690181255340576171875" lon="7.35523293726146221160888671875">
        <ele>455.79998779296875</ele>
        <time>2026-07-07T05:45:44.000Z</time>
        <extensions>
          <ns3:TrackPointExtension>
            <ns3:hr>173</ns3:hr>
            <ns3:cad>0</ns3:cad>
          </ns3:TrackPointExtension>
        </extensions>
      </trkpt>
      <trkpt lat="43.73071105219423770904541015625" lon="7.355192787945270538330078125">
        <ele>457</ele>
        <time>2026-07-07T05:45:50.000Z</time>
        <extensions>
          <ns3:TrackPointExtension>
            <ns3:hr>175</ns3:hr>
            <ns3:cad>0</ns3:cad>
          </ns3:TrackPointExtension>
        </extensions>
      </trkpt>
      <trkpt lat="43.73071071691811084747314453125" lon="7.35518214292824268341064453125">
        <ele>457</ele>
        <time>2026-07-07T05:45:51.000Z</time>
        <extensions>
          <ns3:TrackPointExtension>
            <ns3:hr>174</ns3:hr>
            <ns3:cad>0</ns3:cad>
          </ns3:TrackPointExtension>
        </extensions>
      </trkpt>
      <trkpt lat="43.7307369522750377655029296875" lon="7.35513486899435520172119140625">
        <ele>458</ele>
        <time>2026-07-07T05:45:58.000Z</time>
        <extensions>
          <ns3:TrackPointExtension>
            <ns3:hr>176</ns3:hr>
            <ns3:cad>0</ns3:cad>
          </ns3:TrackPointExtension>
        </extensions>
      </trkpt>
      <trkpt lat="43.7307379581034183502197265625" lon="7.35512472689151763916015625">
        <ele>458.20001220703125</ele>
        <time>2026-07-07T05:45:59.000Z</time>
        <extensions>
          <ns3:TrackPointExtension>
            <ns3:hr>176</ns3:hr>
            <ns3:cad>0</ns3:cad>
          </ns3:TrackPointExtension>
        </extensions>
      </trkpt>
      <trkpt lat="43.7307517044246196746826171875" lon="7.355080805718898773193359375">
        <ele>459</ele>
        <time>2026-07-07T05:46:04.000Z</time>
        <extensions>
          <ns3:TrackPointExtension>
            <ns3:hr>177</ns3:hr>
            <ns3:cad>0</ns3:cad>
          </ns3:TrackPointExtension>
        </extensions>
      </trkpt>
      <trkpt lat="43.73076327145099639892578125" lon="7.3550447635352611541748046875">
        <ele>459.399993896484375</ele>
        <time>2026-07-07T05:46:07.000Z</time>
        <extensions>
          <ns3:TrackPointExtension>
            <ns3:hr>176</ns3:hr>
            <ns3:cad>44</ns3:cad>
          </ns3:TrackPointExtension>
        </extensions>
      </trkpt>
      <trkpt lat="43.7307758443057537078857421875" lon="7.35500402748584747314453125">
        <ele>460.20001220703125</ele>
        <time>2026-07-07T05:46:11.000Z</time>
        <extensions>
          <ns3:TrackPointExtension>
            <ns3:hr>176</ns3:hr>
            <ns3:cad>0</ns3:cad>
          </ns3:TrackPointExtension>
        </extensions>
      </trkpt>
      <trkpt lat="43.73077391646802425384521484375" lon="7.35496253706514835357666015625">
        <ele>460.399993896484375</ele>
        <time>2026-07-07T05:46:14.000Z</time>
        <extensions>
          <ns3:TrackPointExtension>
            <ns3:hr>176</ns3:hr>
            <ns3:cad>0</ns3:cad>
          </ns3:TrackPointExtension>
        </extensions>
      </trkpt>
      <trkpt lat="43.73080040328204631805419921875" lon="7.3548741079866886138916015625">
        <ele>461.399993896484375</ele>
        <time>2026-07-07T05:46:21.000Z</time>
        <extensions>
          <ns3:TrackPointExtension>
            <ns3:hr>173</ns3:hr>
            <ns3:cad>0</ns3:cad>
          </ns3:TrackPointExtension>
        </extensions>
      </trkpt>
      <trkpt lat="43.73081616126000881195068359375" lon="7.3548285104334354400634765625">
        <ele>461.399993896484375</ele>
        <time>2026-07-07T05:46:24.000Z</time>
        <extensions>
          <ns3:TrackPointExtension>
            <ns3:hr>173</ns3:hr>
            <ns3:cad>45</ns3:cad>
          </ns3:TrackPointExtension>
        </extensions>
      </trkpt>
      <trkpt lat="43.73084105551242828369140625" lon="7.3547472059726715087890625">
        <ele>462.20001220703125</ele>
        <time>2026-07-07T05:46:31.000Z</time>
        <extensions>
          <ns3:TrackPointExtension>
            <ns3:hr>172</ns3:hr>
            <ns3:cad>46</ns3:cad>
          </ns3:TrackPointExtension>
        </extensions>
      </trkpt>
      <trkpt lat="43.730846755206584930419921875" lon="7.35474008135497570037841796875">
        <ele>462.399993896484375</ele>
        <time>2026-07-07T05:46:32.000Z</time>
        <extensions>
          <ns3:TrackPointExtension>
            <ns3:hr>171</ns3:hr>
            <ns3:cad>46</ns3:cad>
          </ns3:TrackPointExtension>
        </extensions>
      </trkpt>
      <trkpt lat="43.730872236192226409912109375" lon="7.354699261486530303955078125">
        <ele>462.79998779296875</ele>
        <time>2026-07-07T05:46:36.000Z</time>
        <extensions>
          <ns3:TrackPointExtension>
            <ns3:hr>168</ns3:hr>
            <ns3:cad>46</ns3:cad>
          </ns3:TrackPointExtension>
        </extensions>
      </trkpt>
      <trkpt lat="43.73087667860090732574462890625" lon="7.35467956401407718658447265625">
        <ele>462.79998779296875</ele>
        <time>2026-07-07T05:46:38.000Z</time>
        <extensions>
          <ns3:TrackPointExtension>
            <ns3:hr>167</ns3:hr>
            <ns3:cad>50</ns3:cad>
          </ns3:TrackPointExtension>
        </extensions>
      </trkpt>
      <trkpt lat="43.73088388703763484954833984375" lon="7.35463463701307773590087890625">
        <ele>463.20001220703125</ele>
        <time>2026-07-07T05:46:41.000Z</time>
        <extensions>
          <ns3:TrackPointExtension>
            <ns3:hr>164</ns3:hr>
            <ns3:cad>0</ns3:cad>
          </ns3:TrackPointExtension>
        </extensions>
      </trkpt>
      <trkpt lat="43.7308868207037448883056640625" lon="7.35462239943444728851318359375">
        <ele>463.600006103515625</ele>
        <time>2026-07-07T05:46:43.000Z</time>
        <extensions>
          <ns3:TrackPointExtension>
            <ns3:hr>164</ns3:hr>
            <ns3:cad>0</ns3:cad>
          </ns3:TrackPointExtension>
        </extensions>
      </trkpt>
      <trkpt lat="43.730885982513427734375" lon="7.35460965894162654876708984375">
        <ele>463.79998779296875</ele>
        <time>2026-07-07T05:46:44.000Z</time>
        <extensions>
          <ns3:TrackPointExtension>
            <ns3:hr>164</ns3:hr>
            <ns3:cad>0</ns3:cad>
          </ns3:TrackPointExtension>
        </extensions>
      </trkpt>
      <trkpt lat="43.730884976685047149658203125" lon="7.35459675081074237823486328125">
        <ele>463.79998779296875</ele>
        <time>2026-07-07T05:46:45.000Z</time>
        <extensions>
          <ns3:TrackPointExtension>
            <ns3:hr>163</ns3:hr>
            <ns3:cad>0</ns3:cad>
          </ns3:TrackPointExtension>
        </extensions>
      </trkpt>
      <trkpt lat="43.73090065084397792816162109375" lon="7.35455215908586978912353515625">
        <ele>464.20001220703125</ele>
        <time>2026-07-07T05:46:49.000Z</time>
        <extensions>
          <ns3:TrackPointExtension>
            <ns3:hr>162</ns3:hr>
            <ns3:cad>0</ns3:cad>
          </ns3:TrackPointExtension>
        </extensions>
      </trkpt>
      <trkpt lat="43.730909116566181182861328125" lon="7.3544566892087459564208984375">
        <ele>464.79998779296875</ele>
        <time>2026-07-07T05:46:56.000Z</time>
        <extensions>
          <ns3:TrackPointExtension>
            <ns3:hr>161</ns3:hr>
            <ns3:cad>45</ns3:cad>
          </ns3:TrackPointExtension>
        </extensions>
      </trkpt>
      <trkpt lat="43.730912469327449798583984375" lon="7.35444135032594203948974609375">
        <ele>465</ele>
        <time>2026-07-07T05:46:57.000Z</time>
        <extensions>
          <ns3:TrackPointExtension>
            <ns3:hr>161</ns3:hr>
            <ns3:cad>45</ns3:cad>
          </ns3:TrackPointExtension>
        </extensions>
      </trkpt>
      <trkpt lat="43.73092412017285823822021484375" lon="7.35435015521943569183349609375">
        <ele>466</ele>
        <time>2026-07-07T05:47:04.000Z</time>
        <extensions>
          <ns3:TrackPointExtension>
            <ns3:hr>161</ns3:hr>
            <ns3:cad>43</ns3:cad>
          </ns3:TrackPointExtension>
        </extensions>
      </trkpt>
      <trkpt lat="43.73092361725866794586181640625" lon="7.35432945191860198974609375">
        <ele>466.20001220703125</ele>
        <time>2026-07-07T05:47:05.000Z</time>
        <extensions>
          <ns3:TrackPointExtension>
            <ns3:hr>161</ns3:hr>
            <ns3:cad>43</ns3:cad>
          </ns3:TrackPointExtension>
        </extensions>
      </trkpt>
      <trkpt lat="43.730940632522106170654296875" lon="7.3542525060474872589111328125">
        <ele>467</ele>
        <time>2026-07-07T05:47:11.000Z</time>
        <extensions>
          <ns3:TrackPointExtension>
            <ns3:hr>161</ns3:hr>
            <ns3:cad>0</ns3:cad>
          </ns3:TrackPointExtension>
        </extensions>
      </trkpt>
      <trkpt lat="43.73094071634113788604736328125" lon="7.3542397655546665191650390625">
        <ele>467.399993896484375</ele>
        <time>2026-07-07T05:47:12.000Z</time>
        <extensions>
          <ns3:TrackPointExtension>
            <ns3:hr>161</ns3:hr>
            <ns3:cad>47</ns3:cad>
          </ns3:TrackPointExtension>
        </extensions>
      </trkpt>
      <trkpt lat="43.7309602461755275726318359375" lon="7.35416223295032978057861328125">
        <ele>468.20001220703125</ele>
        <time>2026-07-07T05:47:19.000Z</time>
        <extensions>
          <ns3:TrackPointExtension>
            <ns3:hr>161</ns3:hr>
            <ns3:cad>0</ns3:cad>
          </ns3:TrackPointExtension>
        </extensions>
      </trkpt>
      <trkpt lat="43.73100592754781246185302734375" lon="7.3540329001843929290771484375">
        <ele>469.20001220703125</ele>
        <time>2026-07-07T05:47:29.000Z</time>
        <extensions>
          <ns3:TrackPointExtension>
            <ns3:hr>161</ns3:hr>
            <ns3:cad>47</ns3:cad>
          </ns3:TrackPointExtension>
        </extensions>
      </trkpt>
      <trkpt lat="43.73101539909839630126953125" lon="7.3538982868194580078125">
        <ele>470.20001220703125</ele>
        <time>2026-07-07T05:47:39.000Z</time>
        <extensions>
          <ns3:TrackPointExtension>
            <ns3:hr>160</ns3:hr>
            <ns3:cad>41</ns3:cad>
          </ns3:TrackPointExtension>
        </extensions>
      </trkpt>
      <trkpt lat="43.73101715929806232452392578125" lon="7.35388328321278095245361328125">
        <ele>470.20001220703125</ele>
        <time>2026-07-07T05:47:40.000Z</time>
        <extensions>
          <ns3:TrackPointExtension>
            <ns3:hr>160</ns3:hr>
            <ns3:cad>41</ns3:cad>
          </ns3:TrackPointExtension>
        </extensions>
      </trkpt>
      <trkpt lat="43.7310286425054073333740234375" lon="7.35381689853966236114501953125">
        <ele>471.399993896484375</ele>
        <time>2026-07-07T05:47:46.000Z</time>
        <extensions>
          <ns3:TrackPointExtension>
            <ns3:hr>159</ns3:hr>
            <ns3:cad>45</ns3:cad>
          </ns3:TrackPointExtension>
        </extensions>
      </trkpt>
      <trkpt lat="43.73103224672377109527587890625" lon="7.3537033237516880035400390625">
        <ele>472.399993896484375</ele>
        <time>2026-07-07T05:47:56.000Z</time>
        <extensions>
          <ns3:TrackPointExtension>
            <ns3:hr>158</ns3:hr>
            <ns3:cad>0</ns3:cad>
          </ns3:TrackPointExtension>
        </extensions>
      </trkpt>
      <trkpt lat="43.73103962279856204986572265625" lon="7.353675663471221923828125">
        <ele>472.399993896484375</ele>
        <time>2026-07-07T05:47:58.000Z</time>
        <extensions>
          <ns3:TrackPointExtension>
            <ns3:hr>158</ns3:hr>
            <ns3:cad>0</ns3:cad>
          </ns3:TrackPointExtension>
        </extensions>
      </trkpt>
      <trkpt lat="43.73104414902627468109130859375" lon="7.35360802151262760162353515625">
        <ele>473.399993896484375</ele>
        <time>2026-07-07T05:48:05.000Z</time>
        <extensions>
          <ns3:TrackPointExtension>
            <ns3:hr>159</ns3:hr>
            <ns3:cad>0</ns3:cad>
          </ns3:TrackPointExtension>
        </extensions>
      </trkpt>
      <trkpt lat="43.73104490339756011962890625" lon="7.35359293408691883087158203125">
        <ele>473.399993896484375</ele>
        <time>2026-07-07T05:48:06.000Z</time>
        <extensions>
          <ns3:TrackPointExtension>
            <ns3:hr>159</ns3:hr>
            <ns3:cad>0</ns3:cad>
          </ns3:TrackPointExtension>
        </extensions>
      </trkpt>
      <trkpt lat="43.731040544807910919189453125" lon="7.35346871428191661834716796875">
        <ele>473.600006103515625</ele>
        <time>2026-07-07T05:48:14.000Z</time>
        <extensions>
          <ns3:TrackPointExtension>
            <ns3:hr>158</ns3:hr>
            <ns3:cad>50</ns3:cad>
          </ns3:TrackPointExtension>
        </extensions>
      </trkpt>
      <trkpt lat="43.73105353675782680511474609375" lon="7.35344298183917999267578125">
        <ele>474</ele>
        <time>2026-07-07T05:48:16.000Z</time>
        <extensions>
          <ns3:TrackPointExtension>
            <ns3:hr>159</ns3:hr>
            <ns3:cad>50</ns3:cad>
          </ns3:TrackPointExtension>
        </extensions>
      </trkpt>
      <trkpt lat="43.7310517765581607818603515625" lon="7.35341724939644336700439453125">
        <ele>474.399993896484375</ele>
        <time>2026-07-07T05:48:18.000Z</time>
        <extensions>
          <ns3:TrackPointExtension>
            <ns3:hr>159</ns3:hr>
            <ns3:cad>50</ns3:cad>
          </ns3:TrackPointExtension>
        </extensions>
      </trkpt>
      <trkpt lat="43.73105026781558990478515625" lon="7.3534061014652252197265625">
        <ele>474.399993896484375</ele>
        <time>2026-07-07T05:48:19.000Z</time>
        <extensions>
          <ns3:TrackPointExtension>
            <ns3:hr>159</ns3:hr>
            <ns3:cad>50</ns3:cad>
          </ns3:TrackPointExtension>
        </extensions>
      </trkpt>
      <trkpt lat="43.73103828169405460357666015625" lon="7.35337936319410800933837890625">
        <ele>474.600006103515625</ele>
        <time>2026-07-07T05:48:21.000Z</time>
        <extensions>
          <ns3:TrackPointExtension>
            <ns3:hr>159</ns3:hr>
            <ns3:cad>0</ns3:cad>
          </ns3:TrackPointExtension>
        </extensions>
      </trkpt>
      <trkpt lat="43.7310118786990642547607421875" lon="7.353327982127666473388671875">
        <ele>475.79998779296875</ele>
        <time>2026-07-07T05:48:27.000Z</time>
        <extensions>
          <ns3:TrackPointExtension>
            <ns3:hr>159</ns3:hr>
            <ns3:cad>66</ns3:cad>
          </ns3:TrackPointExtension>
        </extensions>
      </trkpt>
      <trkpt lat="43.73100869357585906982421875" lon="7.35328045673668384552001953125">
        <ele>476.399993896484375</ele>
        <time>2026-07-07T05:48:31.000Z</time>
        <extensions>
          <ns3:TrackPointExtension>
            <ns3:hr>158</ns3:hr>
            <ns3:cad>0</ns3:cad>
          </ns3:TrackPointExtension>
        </extensions>
      </trkpt>
      <trkpt lat="43.7310041673481464385986328125" lon="7.35325346700847148895263671875">
        <ele>477</ele>
        <time>2026-07-07T05:48:33.000Z</time>
        <extensions>
          <ns3:TrackPointExtension>
            <ns3:hr>158</ns3:hr>
            <ns3:cad>0</ns3:cad>
          </ns3:TrackPointExtension>
        </extensions>
      </trkpt>
      <trkpt lat="43.730996288359165191650390625" lon="7.35319244675338268280029296875">
        <ele>478</ele>
        <time>2026-07-07T05:48:39.000Z</time>
        <extensions>
          <ns3:TrackPointExtension>
            <ns3:hr>160</ns3:hr>
            <ns3:cad>0</ns3:cad>
          </ns3:TrackPointExtension>
        </extensions>
      </trkpt>
      <trkpt lat="43.73097960837185382843017578125" lon="7.3531132377684116363525390625">
        <ele>479.20001220703125</ele>
        <time>2026-07-07T05:48:45.000Z</time>
        <extensions>
          <ns3:TrackPointExtension>
            <ns3:hr>162</ns3:hr>
            <ns3:cad>43</ns3:cad>
          </ns3:TrackPointExtension>
        </extensions>
      </trkpt>
      <trkpt lat="43.7309820391237735748291015625" lon="7.3530927859246730804443359375">
        <ele>479.399993896484375</ele>
        <time>2026-07-07T05:48:47.000Z</time>
        <extensions>
          <ns3:TrackPointExtension>
            <ns3:hr>162</ns3:hr>
            <ns3:cad>43</ns3:cad>
          </ns3:TrackPointExtension>
        </extensions>
      </trkpt>
      <trkpt lat="43.73097650706768035888671875" lon="7.3530547320842742919921875">
        <ele>480.20001220703125</ele>
        <time>2026-07-07T05:48:51.000Z</time>
        <extensions>
          <ns3:TrackPointExtension>
            <ns3:hr>164</ns3:hr>
            <ns3:cad>0</ns3:cad>
          </ns3:TrackPointExtension>
        </extensions>
      </trkpt>
      <trkpt lat="43.7309716455638408660888671875" lon="7.35303126275539398193359375">
        <ele>480.20001220703125</ele>
        <time>2026-07-07T05:48:53.000Z</time>
        <extensions>
          <ns3:TrackPointExtension>
            <ns3:hr>163</ns3:hr>
            <ns3:cad>0</ns3:cad>
          </ns3:TrackPointExtension>
        </extensions>
      </trkpt>
      <trkpt lat="43.73095546849071979522705078125" lon="7.35294484533369541168212890625">
        <ele>481.20001220703125</ele>
        <time>2026-07-07T05:49:00.000Z</time>
        <extensions>
          <ns3:TrackPointExtension>
            <ns3:hr>165</ns3:hr>
            <ns3:cad>0</ns3:cad>
          </ns3:TrackPointExtension>
        </extensions>
      </trkpt>
      <trkpt lat="43.730955384671688079833984375" lon="7.352904863655567169189453125">
        <ele>481.600006103515625</ele>
        <time>2026-07-07T05:49:03.000Z</time>
        <extensions>
          <ns3:TrackPointExtension>
            <ns3:hr>165</ns3:hr>
            <ns3:cad>0</ns3:cad>
          </ns3:TrackPointExtension>
        </extensions>
      </trkpt>
      <trkpt lat="43.73094608075916767120361328125" lon="7.35281727276742458343505859375">
        <ele>482.399993896484375</ele>
        <time>2026-07-07T05:49:10.000Z</time>
        <extensions>
          <ns3:TrackPointExtension>
            <ns3:hr>165</ns3:hr>
            <ns3:cad>0</ns3:cad>
          </ns3:TrackPointExtension>
        </extensions>
      </trkpt>
      <trkpt lat="43.73096133582293987274169921875" lon="7.352781482040882110595703125">
        <ele>483.20001220703125</ele>
        <time>2026-07-07T05:49:13.000Z</time>
        <extensions>
          <ns3:TrackPointExtension>
            <ns3:hr>165</ns3:hr>
            <ns3:cad>40</ns3:cad>
          </ns3:TrackPointExtension>
        </extensions>
      </trkpt>
      <trkpt lat="43.730974160134792327880859375" lon="7.3527313582599163055419921875">
        <ele>483.399993896484375</ele>
        <time>2026-07-07T05:49:17.000Z</time>
        <extensions>
          <ns3:TrackPointExtension>
            <ns3:hr>164</ns3:hr>
            <ns3:cad>75</ns3:cad>
          </ns3:TrackPointExtension>
        </extensions>
      </trkpt>
      <trkpt lat="43.73098128475248813629150390625" lon="7.35270964913070201873779296875">
        <ele>483.600006103515625</ele>
        <time>2026-07-07T05:49:20.000Z</time>
        <extensions>
          <ns3:TrackPointExtension>
            <ns3:hr>163</ns3:hr>
            <ns3:cad>0</ns3:cad>
          </ns3:TrackPointExtension>
        </extensions>
      </trkpt>
      <trkpt lat="43.73096032999455928802490234375" lon="7.3526384867727756500244140625">
        <ele>483.79998779296875</ele>
        <time>2026-07-07T05:49:28.000Z</time>
        <extensions>
          <ns3:TrackPointExtension>
            <ns3:hr>164</ns3:hr>
            <ns3:cad>0</ns3:cad>
          </ns3:TrackPointExtension>
        </extensions>
      </trkpt>
      <trkpt lat="43.73095563612878322601318359375" lon="7.3526411689817905426025390625">
        <ele>484.399993896484375</ele>
        <time>2026-07-07T05:49:30.000Z</time>
        <extensions>
          <ns3:TrackPointExtension>
            <ns3:hr>164</ns3:hr>
            <ns3:cad>0</ns3:cad>
          </ns3:TrackPointExtension>
        </extensions>
      </trkpt>
      <trkpt lat="43.73093803413212299346923828125" lon="7.35262549482285976409912109375">
        <ele>485.20001220703125</ele>
        <time>2026-07-07T05:49:34.000Z</time>
        <extensions>
          <ns3:TrackPointExtension>
            <ns3:hr>163</ns3:hr>
            <ns3:cad>0</ns3:cad>
          </ns3:TrackPointExtension>
        </extensions>
      </trkpt>
      <trkpt lat="43.7309351004660129547119140625" lon="7.3526163585484027862548828125">
        <ele>485.600006103515625</ele>
        <time>2026-07-07T05:49:35.000Z</time>
        <extensions>
          <ns3:TrackPointExtension>
            <ns3:hr>163</ns3:hr>
            <ns3:cad>0</ns3:cad>
          </ns3:TrackPointExtension>
        </extensions>
      </trkpt>
      <trkpt lat="43.73093225061893463134765625" lon="7.35254754312336444854736328125">
        <ele>486.399993896484375</ele>
        <time>2026-07-07T05:49:42.000Z</time>
        <extensions>
          <ns3:TrackPointExtension>
            <ns3:hr>164</ns3:hr>
            <ns3:cad>0</ns3:cad>
          </ns3:TrackPointExtension>
        </extensions>
      </trkpt>
      <trkpt lat="43.73093334026634693145751953125" lon="7.35252357088029384613037109375">
        <ele>486.79998779296875</ele>
        <time>2026-07-07T05:49:44.000Z</time>
        <extensions>
          <ns3:TrackPointExtension>
            <ns3:hr>164</ns3:hr>
            <ns3:cad>0</ns3:cad>
          </ns3:TrackPointExtension>
        </extensions>
      </trkpt>
      <trkpt lat="43.7309381179511547088623046875" lon="7.35246456228196620941162109375">
        <ele>487.79998779296875</ele>
        <time>2026-07-07T05:49:50.000Z</time>
        <extensions>
          <ns3:TrackPointExtension>
            <ns3:hr>167</ns3:hr>
            <ns3:cad>0</ns3:cad>
          </ns3:TrackPointExtension>
        </extensions>
      </trkpt>
      <trkpt lat="43.730937279760837554931640625" lon="7.352441847324371337890625">
        <ele>488.20001220703125</ele>
        <time>2026-07-07T05:49:52.000Z</time>
        <extensions>
          <ns3:TrackPointExtension>
            <ns3:hr>168</ns3:hr>
            <ns3:cad>0</ns3:cad>
          </ns3:TrackPointExtension>
        </extensions>
      </trkpt>
      <trkpt lat="43.73093233443796634674072265625" lon="7.35240823589265346527099609375">
        <ele>489</ele>
        <time>2026-07-07T05:49:55.000Z</time>
        <extensions>
          <ns3:TrackPointExtension>
            <ns3:hr>167</ns3:hr>
            <ns3:cad>0</ns3:cad>
          </ns3:TrackPointExtension>
        </extensions>
      </trkpt>
      <trkpt lat="43.73092613182961940765380859375" lon="7.3523318767547607421875">
        <ele>489.79998779296875</ele>
        <time>2026-07-07T05:50:00.000Z</time>
        <extensions>
          <ns3:TrackPointExtension>
            <ns3:hr>167</ns3:hr>
            <ns3:cad>0</ns3:cad>
          </ns3:TrackPointExtension>
        </extensions>
      </trkpt>
      <trkpt lat="43.73092562891542911529541015625" lon="7.352318130433559417724609375">
        <ele>490</ele>
        <time>2026-07-07T05:50:02.000Z</time>
        <extensions>
          <ns3:TrackPointExtension>
            <ns3:hr>167</ns3:hr>
            <ns3:cad>0</ns3:cad>
          </ns3:TrackPointExtension>
        </extensions>
      </trkpt>
      <trkpt lat="43.730917163193225860595703125" lon="7.3522894643247127532958984375">
        <ele>491</ele>
        <time>2026-07-07T05:50:06.000Z</time>
        <extensions>
          <ns3:TrackPointExtension>
            <ns3:hr>167</ns3:hr>
            <ns3:cad>0</ns3:cad>
          </ns3:TrackPointExtension>
        </extensions>
      </trkpt>
      <trkpt lat="43.7309153191745281219482421875" lon="7.35228368081152439117431640625">
        <ele>491</ele>
        <time>2026-07-07T05:50:07.000Z</time>
        <extensions>
          <ns3:TrackPointExtension>
            <ns3:hr>167</ns3:hr>
            <ns3:cad>0</ns3:cad>
          </ns3:TrackPointExtension>
        </extensions>
      </trkpt>
      <trkpt lat="43.73091883957386016845703125" lon="7.35224403440952301025390625">
        <ele>492.20001220703125</ele>
        <time>2026-07-07T05:50:12.000Z</time>
        <extensions>
          <ns3:TrackPointExtension>
            <ns3:hr>167</ns3:hr>
            <ns3:cad>0</ns3:cad>
          </ns3:TrackPointExtension>
        </extensions>
      </trkpt>
      <trkpt lat="43.7309230305254459381103515625" lon="7.35222299583256244659423828125">
        <ele>492.399993896484375</ele>
        <time>2026-07-07T05:50:14.000Z</time>
        <extensions>
          <ns3:TrackPointExtension>
            <ns3:hr>167</ns3:hr>
            <ns3:cad>0</ns3:cad>
          </ns3:TrackPointExtension>
        </extensions>
      </trkpt>
      <trkpt lat="43.73091590590775012969970703125" lon="7.3522031307220458984375">
        <ele>493.20001220703125</ele>
        <time>2026-07-07T05:50:19.000Z</time>
        <extensions>
          <ns3:TrackPointExtension>
            <ns3:hr>167</ns3:hr>
            <ns3:cad>71</ns3:cad>
          </ns3:TrackPointExtension>
        </extensions>
      </trkpt>
      <trkpt lat="43.7309119664132595062255859375" lon="7.35218041576445102691650390625">
        <ele>493.600006103515625</ele>
        <time>2026-07-07T05:50:21.000Z</time>
        <extensions>
          <ns3:TrackPointExtension>
            <ns3:hr>168</ns3:hr>
            <ns3:cad>71</ns3:cad>
          </ns3:TrackPointExtension>
        </extensions>
      </trkpt>
      <trkpt lat="43.73090014792978763580322265625" lon="7.352146804332733154296875">
        <ele>494.20001220703125</ele>
        <time>2026-07-07T05:50:25.000Z</time>
        <extensions>
          <ns3:TrackPointExtension>
            <ns3:hr>168</ns3:hr>
            <ns3:cad>71</ns3:cad>
          </ns3:TrackPointExtension>
        </extensions>
      </trkpt>
      <trkpt lat="43.73090207576751708984375" lon="7.352126352488994598388671875">
        <ele>494.600006103515625</ele>
        <time>2026-07-07T05:50:27.000Z</time>
        <extensions>
          <ns3:TrackPointExtension>
            <ns3:hr>168</ns3:hr>
            <ns3:cad>71</ns3:cad>
          </ns3:TrackPointExtension>
        </extensions>
      </trkpt>
      <trkpt lat="43.73091037385165691375732421875" lon="7.352092154324054718017578125">
        <ele>495.399993896484375</ele>
        <time>2026-07-07T05:50:31.000Z</time>
        <extensions>
          <ns3:TrackPointExtension>
            <ns3:hr>169</ns3:hr>
            <ns3:cad>0</ns3:cad>
          </ns3:TrackPointExtension>
        </extensions>
      </trkpt>
      <trkpt lat="43.73090098612010478973388671875" lon="7.3520430363714694976806640625">
        <ele>495.79998779296875</ele>
        <time>2026-07-07T05:50:36.000Z</time>
        <extensions>
          <ns3:TrackPointExtension>
            <ns3:hr>168</ns3:hr>
            <ns3:cad>0</ns3:cad>
          </ns3:TrackPointExtension>
        </extensions>
      </trkpt>
      <trkpt lat="43.730901069939136505126953125" lon="7.3520242609083652496337890625">
        <ele>496.399993896484375</ele>
        <time>2026-07-07T05:50:38.000Z</time>
        <extensions>
          <ns3:TrackPointExtension>
            <ns3:hr>167</ns3:hr>
            <ns3:cad>71</ns3:cad>
          </ns3:TrackPointExtension>
        </extensions>
      </trkpt>
      <trkpt lat="43.730894364416599273681640625" lon="7.3519883863627910614013671875">
        <ele>497</ele>
        <time>2026-07-07T05:50:43.000Z</time>
        <extensions>
          <ns3:TrackPointExtension>
            <ns3:hr>168</ns3:hr>
            <ns3:cad>0</ns3:cad>
          </ns3:TrackPointExtension>
        </extensions>
      </trkpt>
      <trkpt lat="43.730898387730121612548828125" lon="7.35196483321487903594970703125">
        <ele>497.600006103515625</ele>
        <time>2026-07-07T05:50:45.000Z</time>
        <extensions>
          <ns3:TrackPointExtension>
            <ns3:hr>166</ns3:hr>
            <ns3:cad>0</ns3:cad>
          </ns3:TrackPointExtension>
        </extensions>
      </trkpt>
      <trkpt lat="43.73089780099689960479736328125" lon="7.35187523066997528076171875">
        <ele>498</ele>
        <time>2026-07-07T05:50:51.000Z</time>
        <extensions>
          <ns3:TrackPointExtension>
            <ns3:hr>165</ns3:hr>
            <ns3:cad>40</ns3:cad>
          </ns3:TrackPointExtension>
        </extensions>
      </trkpt>
      <trkpt lat="43.73089377768337726593017578125" lon="7.3518636636435985565185546875">
        <ele>498.600006103515625</ele>
        <time>2026-07-07T05:50:52.000Z</time>
        <extensions>
          <ns3:TrackPointExtension>
            <ns3:hr>165</ns3:hr>
            <ns3:cad>40</ns3:cad>
          </ns3:TrackPointExtension>
        </extensions>
      </trkpt>
      <trkpt lat="43.7308841384947299957275390625" lon="7.3518043197691440582275390625">
        <ele>499.399993896484375</ele>
        <time>2026-07-07T05:50:57.000Z</time>
        <extensions>
          <ns3:TrackPointExtension>
            <ns3:hr>165</ns3:hr>
            <ns3:cad>0</ns3:cad>
          </ns3:TrackPointExtension>
        </extensions>
      </trkpt>
      <trkpt lat="43.730894029140472412109375" lon="7.35176702030003070831298828125">
        <ele>499.600006103515625</ele>
        <time>2026-07-07T05:51:00.000Z</time>
        <extensions>
          <ns3:TrackPointExtension>
            <ns3:hr>166</ns3:hr>
            <ns3:cad>0</ns3:cad>
          </ns3:TrackPointExtension>
        </extensions>
      </trkpt>
      <trkpt lat="43.73089746572077274322509765625" lon="7.35172393731772899627685546875">
        <ele>500.600006103515625</ele>
        <time>2026-07-07T05:51:05.000Z</time>
        <extensions>
          <ns3:TrackPointExtension>
            <ns3:hr>166</ns3:hr>
            <ns3:cad>0</ns3:cad>
          </ns3:TrackPointExtension>
        </extensions>
      </trkpt>
      <trkpt lat="43.73089243657886981964111328125" lon="7.3516975343227386474609375">
        <ele>500.79998779296875</ele>
        <time>2026-07-07T05:51:07.000Z</time>
        <extensions>
          <ns3:TrackPointExtension>
            <ns3:hr>166</ns3:hr>
            <ns3:cad>0</ns3:cad>
          </ns3:TrackPointExtension>
        </extensions>
      </trkpt>
      <trkpt lat="43.73090676963329315185546875" lon="7.35162100754678249359130859375">
        <ele>501.600006103515625</ele>
        <time>2026-07-07T05:51:13.000Z</time>
        <extensions>
          <ns3:TrackPointExtension>
            <ns3:hr>166</ns3:hr>
            <ns3:cad>0</ns3:cad>
          </ns3:TrackPointExtension>
        </extensions>
      </trkpt>
      <trkpt lat="43.7309039197862148284912109375" lon="7.3515971191227436065673828125">
        <ele>501.79998779296875</ele>
        <time>2026-07-07T05:51:15.000Z</time>
        <extensions>
          <ns3:TrackPointExtension>
            <ns3:hr>165</ns3:hr>
            <ns3:cad>0</ns3:cad>
          </ns3:TrackPointExtension>
        </extensions>
      </trkpt>
      <trkpt lat="43.7309059314429759979248046875" lon="7.3515515215694904327392578125">
        <ele>502.79998779296875</ele>
        <time>2026-07-07T05:51:19.000Z</time>
        <extensions>
          <ns3:TrackPointExtension>
            <ns3:hr>165</ns3:hr>
            <ns3:cad>0</ns3:cad>
          </ns3:TrackPointExtension>
        </extensions>
      </trkpt>
      <trkpt lat="43.73091213405132293701171875" lon="7.3515303991734981536865234375">
        <ele>503</ele>
        <time>2026-07-07T05:51:21.000Z</time>
        <extensions>
          <ns3:TrackPointExtension>
            <ns3:hr>166</ns3:hr>
            <ns3:cad>0</ns3:cad>
          </ns3:TrackPointExtension>
        </extensions>
      </trkpt>
      <trkpt lat="43.73091825284063816070556640625" lon="7.3514868132770061492919921875">
        <ele>503.79998779296875</ele>
        <time>2026-07-07T05:51:28.000Z</time>
        <extensions>
          <ns3:TrackPointExtension>
            <ns3:hr>165</ns3:hr>
            <ns3:cad>0</ns3:cad>
          </ns3:TrackPointExtension>
        </extensions>
      </trkpt>
      <trkpt lat="43.7309173308312892913818359375" lon="7.3514861427247524261474609375">
        <ele>504</ele>
        <time>2026-07-07T05:51:29.000Z</time>
        <extensions>
          <ns3:TrackPointExtension>
            <ns3:hr>165</ns3:hr>
            <ns3:cad>0</ns3:cad>
          </ns3:TrackPointExtension>
        </extensions>
      </trkpt>
      <trkpt lat="43.7309195101261138916015625" lon="7.35143442638218402862548828125">
        <ele>504.20001220703125</ele>
        <time>2026-07-07T05:51:36.000Z</time>
        <extensions>
          <ns3:TrackPointExtension>
            <ns3:hr>164</ns3:hr>
            <ns3:cad>0</ns3:cad>
          </ns3:TrackPointExtension>
        </extensions>
      </trkpt>
      <trkpt lat="43.73092143796384334564208984375" lon="7.3513783514499664306640625">
        <ele>505</ele>
        <time>2026-07-07T05:51:43.000Z</time>
        <extensions>
          <ns3:TrackPointExtension>
            <ns3:hr>162</ns3:hr>
            <ns3:cad>0</ns3:cad>
          </ns3:TrackPointExtension>
        </extensions>
      </trkpt>
      <trkpt lat="43.73092026449739933013916015625" lon="7.35136670060455799102783203125">
        <ele>505.399993896484375</ele>
        <time>2026-07-07T05:51:45.000Z</time>
        <extensions>
          <ns3:TrackPointExtension>
            <ns3:hr>162</ns3:hr>
            <ns3:cad>77</ns3:cad>
          </ns3:TrackPointExtension>
        </extensions>
      </trkpt>
      <trkpt lat="43.73092294670641422271728515625" lon="7.3513131402432918548583984375">
        <ele>506.20001220703125</ele>
        <time>2026-07-07T05:51:52.000Z</time>
        <extensions>
          <ns3:TrackPointExtension>
            <ns3:hr>160</ns3:hr>
            <ns3:cad>0</ns3:cad>
          </ns3:TrackPointExtension>
        </extensions>
      </trkpt>
      <trkpt lat="43.73092143796384334564208984375" lon="7.35127843916416168212890625">
        <ele>506.399993896484375</ele>
        <time>2026-07-07T05:51:55.000Z</time>
        <extensions>
          <ns3:TrackPointExtension>
            <ns3:hr>160</ns3:hr>
            <ns3:cad>0</ns3:cad>
          </ns3:TrackPointExtension>
        </extensions>
      </trkpt>
      <trkpt lat="43.7309243716299533843994140625" lon="7.35121062956750392913818359375">
        <ele>507.20001220703125</ele>
        <time>2026-07-07T05:52:01.000Z</time>
        <extensions>
          <ns3:TrackPointExtension>
            <ns3:hr>159</ns3:hr>
            <ns3:cad>42</ns3:cad>
          </ns3:TrackPointExtension>
        </extensions>
      </trkpt>
      <trkpt lat="43.73093518428504467010498046875" lon="7.35116100870072841644287109375">
        <ele>508</ele>
        <time>2026-07-07T05:52:05.000Z</time>
        <extensions>
          <ns3:TrackPointExtension>
            <ns3:hr>160</ns3:hr>
            <ns3:cad>42</ns3:cad>
          </ns3:TrackPointExtension>
        </extensions>
      </trkpt>
      <trkpt lat="43.73093753121793270111083984375" lon="7.35111893154680728912353515625">
        <ele>508.399993896484375</ele>
        <time>2026-07-07T05:52:09.000Z</time>
        <extensions>
          <ns3:TrackPointExtension>
            <ns3:hr>159</ns3:hr>
            <ns3:cad>0</ns3:cad>
          </ns3:TrackPointExtension>
        </extensions>
      </trkpt>
      <trkpt lat="43.73093468137085437774658203125" lon="7.3510633595287799835205078125">
        <ele>509.20001220703125</ele>
        <time>2026-07-07T05:52:14.000Z</time>
        <extensions>
          <ns3:TrackPointExtension>
            <ns3:hr>160</ns3:hr>
            <ns3:cad>0</ns3:cad>
          </ns3:TrackPointExtension>
        </extensions>
      </trkpt>
      <trkpt lat="43.73092227615416049957275390625" lon="7.3510377109050750732421875">
        <ele>509.600006103515625</ele>
        <time>2026-07-07T05:52:16.000Z</time>
        <extensions>
          <ns3:TrackPointExtension>
            <ns3:hr>160</ns3:hr>
            <ns3:cad>0</ns3:cad>
          </ns3:TrackPointExtension>
        </extensions>
      </trkpt>
      <trkpt lat="43.730913810431957244873046875" lon="7.35097132623195648193359375">
        <ele>510.79998779296875</ele>
        <time>2026-07-07T05:52:22.000Z</time>
        <extensions>
          <ns3:TrackPointExtension>
            <ns3:hr>161</ns3:hr>
            <ns3:cad>0</ns3:cad>
          </ns3:TrackPointExtension>
        </extensions>
      </trkpt>
      <trkpt lat="43.73091557063162326812744140625" lon="7.3509626090526580810546875">
        <ele>510.79998779296875</ele>
        <time>2026-07-07T05:52:23.000Z</time>
        <extensions>
          <ns3:TrackPointExtension>
            <ns3:hr>161</ns3:hr>
            <ns3:cad>0</ns3:cad>
          </ns3:TrackPointExtension>
        </extensions>
      </trkpt>
      <trkpt lat="43.73090006411075592041015625" lon="7.35091365873813629150390625">
        <ele>511.79998779296875</ele>
        <time>2026-07-07T05:52:27.000Z</time>
        <extensions>
          <ns3:TrackPointExtension>
            <ns3:hr>162</ns3:hr>
            <ns3:cad>76</ns3:cad>
          </ns3:TrackPointExtension>
        </extensions>
      </trkpt>
      <trkpt lat="43.73089176602661609649658203125" lon="7.35088909976184368133544921875">
        <ele>512.4000244140625</ele>
        <time>2026-07-07T05:52:29.000Z</time>
        <extensions>
          <ns3:TrackPointExtension>
            <ns3:hr>163</ns3:hr>
            <ns3:cad>0</ns3:cad>
          </ns3:TrackPointExtension>
        </extensions>
      </trkpt>
      <trkpt lat="43.73089210130274295806884765625" lon="7.35084149055182933807373046875">
        <ele>512.79998779296875</ele>
        <time>2026-07-07T05:52:33.000Z</time>
        <extensions>
          <ns3:TrackPointExtension>
            <ns3:hr>164</ns3:hr>
            <ns3:cad>79</ns3:cad>
          </ns3:TrackPointExtension>
        </extensions>
      </trkpt>
      <trkpt lat="43.73088941909372806549072265625" lon="7.3508209548890590667724609375">
        <ele>513</ele>
        <time>2026-07-07T05:52:35.000Z</time>
        <extensions>
          <ns3:TrackPointExtension>
            <ns3:hr>165</ns3:hr>
            <ns3:cad>79</ns3:cad>
          </ns3:TrackPointExtension>
        </extensions>
      </trkpt>
      <trkpt lat="43.73087751679122447967529296875" lon="7.35076890327036380767822265625">
        <ele>513.5999755859375</ele>
        <time>2026-07-07T05:52:39.000Z</time>
        <extensions>
          <ns3:TrackPointExtension>
            <ns3:hr>167</ns3:hr>
            <ns3:cad>45</ns3:cad>
          </ns3:TrackPointExtension>
        </extensions>
      </trkpt>
      <trkpt lat="43.73087449930608272552490234375" lon="7.3507562465965747833251953125">
        <ele>514</ele>
        <time>2026-07-07T05:52:40.000Z</time>
        <extensions>
          <ns3:TrackPointExtension>
            <ns3:hr>166</ns3:hr>
            <ns3:cad>44</ns3:cad>
          </ns3:TrackPointExtension>
        </extensions>
      </trkpt>
      <trkpt lat="43.73086594976484775543212890625" lon="7.3506539873778820037841796875">
        <ele>515</ele>
        <time>2026-07-07T05:52:48.000Z</time>
        <extensions>
          <ns3:TrackPointExtension>
            <ns3:hr>166</ns3:hr>
            <ns3:cad>45</ns3:cad>
          </ns3:TrackPointExtension>
        </extensions>
      </trkpt>
      <trkpt lat="43.730866201221942901611328125" lon="7.35064418055117130279541015625">
        <ele>515.20001220703125</ele>
        <time>2026-07-07T05:52:49.000Z</time>
        <extensions>
          <ns3:TrackPointExtension>
            <ns3:hr>166</ns3:hr>
            <ns3:cad>45</ns3:cad>
          </ns3:TrackPointExtension>
        </extensions>
      </trkpt>
      <trkpt lat="43.73087936080992221832275390625" lon="7.35055315308272838592529296875">
        <ele>515.79998779296875</ele>
        <time>2026-07-07T05:52:56.000Z</time>
        <extensions>
          <ns3:TrackPointExtension>
            <ns3:hr>167</ns3:hr>
            <ns3:cad>0</ns3:cad>
          </ns3:TrackPointExtension>
        </extensions>
      </trkpt>
      <trkpt lat="43.73088120482861995697021484375" lon="7.35049565322697162628173828125">
        <ele>516.20001220703125</ele>
        <time>2026-07-07T05:53:00.000Z</time>
        <extensions>
          <ns3:TrackPointExtension>
            <ns3:hr>168</ns3:hr>
            <ns3:cad>77</ns3:cad>
          </ns3:TrackPointExtension>
        </extensions>
      </trkpt>
      <trkpt lat="43.73087617568671703338623046875" lon="7.35048207454383373260498046875">
        <ele>516.79998779296875</ele>
        <time>2026-07-07T05:53:02.000Z</time>
        <extensions>
          <ns3:TrackPointExtension>
            <ns3:hr>168</ns3:hr>
            <ns3:cad>75</ns3:cad>
          </ns3:TrackPointExtension>
        </extensions>
      </trkpt>
      <trkpt lat="43.7308730743825435638427734375" lon="7.350484840571880340576171875">
        <ele>516.79998779296875</ele>
        <time>2026-07-07T05:53:03.000Z</time>
        <extensions>
          <ns3:TrackPointExtension>
            <ns3:hr>168</ns3:hr>
            <ns3:cad>75</ns3:cad>
          </ns3:TrackPointExtension>
        </extensions>
      </trkpt>
      <trkpt lat="43.73085848987102508544921875" lon="7.350506968796253204345703125">
        <ele>517.4000244140625</ele>
        <time>2026-07-07T05:53:07.000Z</time>
        <extensions>
          <ns3:TrackPointExtension>
            <ns3:hr>167</ns3:hr>
            <ns3:cad>0</ns3:cad>
          </ns3:TrackPointExtension>
        </extensions>
      </trkpt>
      <trkpt lat="43.73084734193980693817138671875" lon="7.35053856857120990753173828125">
        <ele>517.79998779296875</ele>
        <time>2026-07-07T05:53:11.000Z</time>
        <extensions>
          <ns3:TrackPointExtension>
            <ns3:hr>167</ns3:hr>
            <ns3:cad>45</ns3:cad>
          </ns3:TrackPointExtension>
        </extensions>
      </trkpt>
      <trkpt lat="43.73082554899156093597412109375" lon="7.35058307647705078125">
        <ele>518.79998779296875</ele>
        <time>2026-07-07T05:53:15.000Z</time>
        <extensions>
          <ns3:TrackPointExtension>
            <ns3:hr>166</ns3:hr>
            <ns3:cad>46</ns3:cad>
          </ns3:TrackPointExtension>
        </extensions>
      </trkpt>
      <trkpt lat="43.7308019958436489105224609375" lon="7.35065390355885028839111328125">
        <ele>519.79998779296875</ele>
        <time>2026-07-07T05:53:24.000Z</time>
        <extensions>
          <ns3:TrackPointExtension>
            <ns3:hr>166</ns3:hr>
            <ns3:cad>72</ns3:cad>
          </ns3:TrackPointExtension>
        </extensions>
      </trkpt>
      <trkpt lat="43.73079738579690456390380859375" lon="7.35067418776452541351318359375">
        <ele>520.20001220703125</ele>
        <time>2026-07-07T05:53:26.000Z</time>
        <extensions>
          <ns3:TrackPointExtension>
            <ns3:hr>165</ns3:hr>
            <ns3:cad>0</ns3:cad>
          </ns3:TrackPointExtension>
        </extensions>
      </trkpt>
      <trkpt lat="43.73079520650207996368408203125" lon="7.3507455177605152130126953125">
        <ele>521.20001220703125</ele>
        <time>2026-07-07T05:53:32.000Z</time>
        <extensions>
          <ns3:TrackPointExtension>
            <ns3:hr>167</ns3:hr>
            <ns3:cad>41</ns3:cad>
          </ns3:TrackPointExtension>
        </extensions>
      </trkpt>
      <trkpt lat="43.73079277575016021728515625" lon="7.3507555760443210601806640625">
        <ele>521.20001220703125</ele>
        <time>2026-07-07T05:53:33.000Z</time>
        <extensions>
          <ns3:TrackPointExtension>
            <ns3:hr>167</ns3:hr>
            <ns3:cad>41</ns3:cad>
          </ns3:TrackPointExtension>
        </extensions>
      </trkpt>
      <trkpt lat="43.7307684682309627532958984375" lon="7.35079941339790821075439453125">
        <ele>522.20001220703125</ele>
        <time>2026-07-07T05:53:38.000Z</time>
        <extensions>
          <ns3:TrackPointExtension>
            <ns3:hr>167</ns3:hr>
            <ns3:cad>41</ns3:cad>
          </ns3:TrackPointExtension>
        </extensions>
      </trkpt>
      <trkpt lat="43.7307594157755374908447265625" lon="7.35082590021193027496337890625">
        <ele>522.4000244140625</ele>
        <time>2026-07-07T05:53:40.000Z</time>
        <extensions>
          <ns3:TrackPointExtension>
            <ns3:hr>167</ns3:hr>
            <ns3:cad>41</ns3:cad>
          </ns3:TrackPointExtension>
        </extensions>
      </trkpt>
      <trkpt lat="43.73073653317987918853759765625" lon="7.350876443088054656982421875">
        <ele>523.4000244140625</ele>
        <time>2026-07-07T05:53:46.000Z</time>
        <extensions>
          <ns3:TrackPointExtension>
            <ns3:hr>166</ns3:hr>
            <ns3:cad>75</ns3:cad>
          </ns3:TrackPointExtension>
        </extensions>
      </trkpt>
      <trkpt lat="43.73071993701159954071044921875" lon="7.35089278779923915863037109375">
        <ele>523.5999755859375</ele>
        <time>2026-07-07T05:53:48.000Z</time>
        <extensions>
          <ns3:TrackPointExtension>
            <ns3:hr>166</ns3:hr>
            <ns3:cad>75</ns3:cad>
          </ns3:TrackPointExtension>
        </extensions>
      </trkpt>
      <trkpt lat="43.73071574606001377105712890625" lon="7.35094710253179073333740234375">
        <ele>524.4000244140625</ele>
        <time>2026-07-07T05:53:53.000Z</time>
        <extensions>
          <ns3:TrackPointExtension>
            <ns3:hr>166</ns3:hr>
            <ns3:cad>41</ns3:cad>
          </ns3:TrackPointExtension>
        </extensions>
      </trkpt>
      <trkpt lat="43.7307131476700305938720703125" lon="7.35095883719623088836669921875">
        <ele>524.4000244140625</ele>
        <time>2026-07-07T05:53:54.000Z</time>
        <extensions>
          <ns3:TrackPointExtension>
            <ns3:hr>166</ns3:hr>
            <ns3:cad>41</ns3:cad>
          </ns3:TrackPointExtension>
        </extensions>
      </trkpt>
      <trkpt lat="43.73067098669707775115966796875" lon="7.35102991573512554168701171875">
        <ele>525.5999755859375</ele>
        <time>2026-07-07T05:54:02.000Z</time>
        <extensions>
          <ns3:TrackPointExtension>
            <ns3:hr>166</ns3:hr>
            <ns3:cad>40</ns3:cad>
          </ns3:TrackPointExtension>
        </extensions>
      </trkpt>
      <trkpt lat="43.7306605093181133270263671875" lon="7.3510476015508174896240234375">
        <ele>525.5999755859375</ele>
        <time>2026-07-07T05:54:04.000Z</time>
        <extensions>
          <ns3:TrackPointExtension>
            <ns3:hr>166</ns3:hr>
            <ns3:cad>0</ns3:cad>
          </ns3:TrackPointExtension>
        </extensions>
      </trkpt>
      <trkpt lat="43.73062337748706340789794921875" lon="7.35114709474146366119384765625">
        <ele>526.5999755859375</ele>
        <time>2026-07-07T05:54:13.000Z</time>
        <extensions>
          <ns3:TrackPointExtension>
            <ns3:hr>167</ns3:hr>
            <ns3:cad>0</ns3:cad>
          </ns3:TrackPointExtension>
        </extensions>
      </trkpt>
      <trkpt lat="43.73061315156519412994384765625" lon="7.35116712749004364013671875">
        <ele>526.79998779296875</ele>
        <time>2026-07-07T05:54:15.000Z</time>
        <extensions>
          <ns3:TrackPointExtension>
            <ns3:hr>167</ns3:hr>
            <ns3:cad>0</ns3:cad>
          </ns3:TrackPointExtension>
        </extensions>
      </trkpt>
      <trkpt lat="43.73060443438589572906494140625" lon="7.3511793650686740875244140625">
        <ele>527.5999755859375</ele>
        <time>2026-07-07T05:54:18.000Z</time>
        <extensions>
          <ns3:TrackPointExtension>
            <ns3:hr>167</ns3:hr>
            <ns3:cad>0</ns3:cad>
          </ns3:TrackPointExtension>
        </extensions>
      </trkpt>
      <trkpt lat="43.73059756122529506683349609375" lon="7.35119386576116085052490234375">
        <ele>527.79998779296875</ele>
        <time>2026-07-07T05:54:21.000Z</time>
        <extensions>
          <ns3:TrackPointExtension>
            <ns3:hr>167</ns3:hr>
            <ns3:cad>0</ns3:cad>
          </ns3:TrackPointExtension>
        </extensions>
      </trkpt>
      <trkpt lat="43.7305864132940769195556640625" lon="7.35116419382393360137939453125">
        <ele>528</ele>
        <time>2026-07-07T05:54:26.000Z</time>
        <extensions>
          <ns3:TrackPointExtension>
            <ns3:hr>165</ns3:hr>
            <ns3:cad>0</ns3:cad>
          </ns3:TrackPointExtension>
        </extensions>
      </trkpt>
      <trkpt lat="43.73057878576219081878662109375" lon="7.35112630762159824371337890625">
        <ele>528.79998779296875</ele>
        <time>2026-07-07T05:54:30.000Z</time>
        <extensions>
          <ns3:TrackPointExtension>
            <ns3:hr>164</ns3:hr>
            <ns3:cad>0</ns3:cad>
          </ns3:TrackPointExtension>
        </extensions>
      </trkpt>
      <trkpt lat="43.73057828284800052642822265625" lon="7.3510871641337871551513671875">
        <ele>529.20001220703125</ele>
        <time>2026-07-07T05:54:34.000Z</time>
        <extensions>
          <ns3:TrackPointExtension>
            <ns3:hr>164</ns3:hr>
            <ns3:cad>0</ns3:cad>
          </ns3:TrackPointExtension>
        </extensions>
      </trkpt>
      <trkpt lat="43.73057694174349308013916015625" lon="7.35104181803762912750244140625">
        <ele>529.79998779296875</ele>
        <time>2026-07-07T05:54:38.000Z</time>
        <extensions>
          <ns3:TrackPointExtension>
            <ns3:hr>164</ns3:hr>
            <ns3:cad>0</ns3:cad>
          </ns3:TrackPointExtension>
        </extensions>
      </trkpt>
      <trkpt lat="43.73057995922863483428955078125" lon="7.3509974777698516845703125">
        <ele>530.4000244140625</ele>
        <time>2026-07-07T05:54:42.000Z</time>
        <extensions>
          <ns3:TrackPointExtension>
            <ns3:hr>162</ns3:hr>
            <ns3:cad>0</ns3:cad>
          </ns3:TrackPointExtension>
        </extensions>
      </trkpt>
      <trkpt lat="43.730600662529468536376953125" lon="7.3508916981518268585205078125">
        <ele>530.79998779296875</ele>
        <time>2026-07-07T05:54:51.000Z</time>
        <extensions>
          <ns3:TrackPointExtension>
            <ns3:hr>162</ns3:hr>
            <ns3:cad>0</ns3:cad>
          </ns3:TrackPointExtension>
        </extensions>
      </trkpt>
      <trkpt lat="43.73060099780559539794921875" lon="7.3508789576590061187744140625">
        <ele>531</ele>
        <time>2026-07-07T05:54:52.000Z</time>
        <extensions>
          <ns3:TrackPointExtension>
            <ns3:hr>162</ns3:hr>
            <ns3:cad>0</ns3:cad>
          </ns3:TrackPointExtension>
        </extensions>
      </trkpt>
      <trkpt lat="43.73060041107237339019775390625" lon="7.3508464358747005462646484375">
        <ele>532</ele>
        <time>2026-07-07T05:54:56.000Z</time>
        <extensions>
          <ns3:TrackPointExtension>
            <ns3:hr>162</ns3:hr>
            <ns3:cad>0</ns3:cad>
          </ns3:TrackPointExtension>
        </extensions>
      </trkpt>
      <trkpt lat="43.73060091398656368255615234375" lon="7.3508284986019134521484375">
        <ele>532.20001220703125</ele>
        <time>2026-07-07T05:54:58.000Z</time>
        <extensions>
          <ns3:TrackPointExtension>
            <ns3:hr>163</ns3:hr>
            <ns3:cad>0</ns3:cad>
          </ns3:TrackPointExtension>
        </extensions>
      </trkpt>
      <trkpt lat="43.73060879297554492950439453125" lon="7.3507663048803806304931640625">
        <ele>533</ele>
        <time>2026-07-07T05:55:06.000Z</time>
        <extensions>
          <ns3:TrackPointExtension>
            <ns3:hr>162</ns3:hr>
            <ns3:cad>0</ns3:cad>
          </ns3:TrackPointExtension>
        </extensions>
      </trkpt>
      <trkpt lat="43.73060359619557857513427734375" lon="7.350800670683383941650390625">
        <ele>534</ele>
        <time>2026-07-07T05:55:11.000Z</time>
        <extensions>
          <ns3:TrackPointExtension>
            <ns3:hr>163</ns3:hr>
            <ns3:cad>0</ns3:cad>
          </ns3:TrackPointExtension>
        </extensions>
      </trkpt>
      <trkpt lat="43.73059789650142192840576171875" lon="7.3508145846426486968994140625">
        <ele>534.20001220703125</ele>
        <time>2026-07-07T05:55:12.000Z</time>
        <extensions>
          <ns3:TrackPointExtension>
            <ns3:hr>163</ns3:hr>
            <ns3:cad>0</ns3:cad>
          </ns3:TrackPointExtension>
        </extensions>
      </trkpt>
      <trkpt lat="43.73059353791177272796630859375" lon="7.3508293367922306060791015625">
        <ele>535.20001220703125</ele>
        <time>2026-07-07T05:55:15.000Z</time>
        <extensions>
          <ns3:TrackPointExtension>
            <ns3:hr>163</ns3:hr>
            <ns3:cad>0</ns3:cad>
          </ns3:TrackPointExtension>
        </extensions>
      </trkpt>
      <trkpt lat="43.73059655539691448211669921875" lon="7.35083042643964290618896484375">
        <ele>535.4000244140625</ele>
        <time>2026-07-07T05:55:16.000Z</time>
        <extensions>
          <ns3:TrackPointExtension>
            <ns3:hr>164</ns3:hr>
            <ns3:cad>0</ns3:cad>
          </ns3:TrackPointExtension>
        </extensions>
      </trkpt>
      <trkpt lat="43.7305964715778827667236328125" lon="7.350869067013263702392578125">
        <ele>535.4000244140625</ele>
        <time>2026-07-07T05:55:21.000Z</time>
        <extensions>
          <ns3:TrackPointExtension>
            <ns3:hr>167</ns3:hr>
            <ns3:cad>0</ns3:cad>
          </ns3:TrackPointExtension>
        </extensions>
      </trkpt>
      <trkpt lat="43.7305976450443267822265625" lon="7.3509064503014087677001953125">
        <ele>536.5999755859375</ele>
        <time>2026-07-07T05:55:26.000Z</time>
        <extensions>
          <ns3:TrackPointExtension>
            <ns3:hr>168</ns3:hr>
            <ns3:cad>0</ns3:cad>
          </ns3:TrackPointExtension>
        </extensions>
      </trkpt>
      <trkpt lat="43.73058213852345943450927734375" lon="7.350938133895397186279296875">
        <ele>537.20001220703125</ele>
        <time>2026-07-07T05:55:30.000Z</time>
        <extensions>
          <ns3:TrackPointExtension>
            <ns3:hr>168</ns3:hr>
            <ns3:cad>0</ns3:cad>
          </ns3:TrackPointExtension>
        </extensions>
      </trkpt>
      <trkpt lat="43.730565123260021209716796875" lon="7.3509250581264495849609375">
        <ele>537.79998779296875</ele>
        <time>2026-07-07T05:55:33.000Z</time>
        <extensions>
          <ns3:TrackPointExtension>
            <ns3:hr>169</ns3:hr>
            <ns3:cad>0</ns3:cad>
          </ns3:TrackPointExtension>
        </extensions>
      </trkpt>
      <trkpt lat="43.73054978437721729278564453125" lon="7.35091240145266056060791015625">
        <ele>538.20001220703125</ele>
        <time>2026-07-07T05:55:36.000Z</time>
        <extensions>
          <ns3:TrackPointExtension>
            <ns3:hr>168</ns3:hr>
            <ns3:cad>0</ns3:cad>
          </ns3:TrackPointExtension>
        </extensions>
      </trkpt>
      <trkpt lat="43.73054802417755126953125" lon="7.3509124852716922760009765625">
        <ele>538.79998779296875</ele>
        <time>2026-07-07T05:55:37.000Z</time>
        <extensions>
          <ns3:TrackPointExtension>
            <ns3:hr>168</ns3:hr>
            <ns3:cad>0</ns3:cad>
          </ns3:TrackPointExtension>
        </extensions>
      </trkpt>
      <trkpt lat="43.73054576106369495391845703125" lon="7.35091910697519779205322265625">
        <ele>539</ele>
        <time>2026-07-07T05:55:41.000Z</time>
        <extensions>
          <ns3:TrackPointExtension>
            <ns3:hr>170</ns3:hr>
            <ns3:cad>0</ns3:cad>
          </ns3:TrackPointExtension>
        </extensions>
      </trkpt>
      <trkpt lat="43.7305217050015926361083984375" lon="7.3509959690272808074951171875">
        <ele>539.5999755859375</ele>
        <time>2026-07-07T05:55:50.000Z</time>
        <extensions>
          <ns3:TrackPointExtension>
            <ns3:hr>172</ns3:hr>
            <ns3:cad>0</ns3:cad>
          </ns3:TrackPointExtension>
        </extensions>
      </trkpt>
      <trkpt lat="43.73049370944499969482421875" lon="7.35103393904864788055419921875">
        <ele>540</ele>
        <time>2026-07-07T05:55:54.000Z</time>
        <extensions>
          <ns3:TrackPointExtension>
            <ns3:hr>172</ns3:hr>
            <ns3:cad>0</ns3:cad>
          </ns3:TrackPointExtension>
        </extensions>
      </trkpt>
      <trkpt lat="43.73046915046870708465576171875" lon="7.3510502837598323822021484375">
        <ele>541</ele>
        <time>2026-07-07T05:55:58.000Z</time>
        <extensions>
          <ns3:TrackPointExtension>
            <ns3:hr>173</ns3:hr>
            <ns3:cad>0</ns3:cad>
          </ns3:TrackPointExtension>
        </extensions>
      </trkpt>
      <trkpt lat="43.7304455973207950592041015625" lon="7.35107651911675930023193359375">
        <ele>541.79998779296875</ele>
        <time>2026-07-07T05:56:05.000Z</time>
        <extensions>
          <ns3:TrackPointExtension>
            <ns3:hr>171</ns3:hr>
            <ns3:cad>0</ns3:cad>
          </ns3:TrackPointExtension>
        </extensions>
      </trkpt>
      <trkpt lat="43.730429001152515411376953125" lon="7.3510985635221004486083984375">
        <ele>542.20001220703125</ele>
        <time>2026-07-07T05:56:08.000Z</time>
        <extensions>
          <ns3:TrackPointExtension>
            <ns3:hr>171</ns3:hr>
            <ns3:cad>0</ns3:cad>
          </ns3:TrackPointExtension>
        </extensions>
      </trkpt>
      <trkpt lat="43.73040058650076389312744140625" lon="7.3511297442018985748291015625">
        <ele>542.5999755859375</ele>
        <time>2026-07-07T05:56:13.000Z</time>
        <extensions>
          <ns3:TrackPointExtension>
            <ns3:hr>171</ns3:hr>
            <ns3:cad>0</ns3:cad>
          </ns3:TrackPointExtension>
        </extensions>
      </trkpt>
      <trkpt lat="43.73036563396453857421875" lon="7.35118389129638671875">
        <ele>543.20001220703125</ele>
        <time>2026-07-07T05:56:19.000Z</time>
        <extensions>
          <ns3:TrackPointExtension>
            <ns3:hr>171</ns3:hr>
            <ns3:cad>0</ns3:cad>
          </ns3:TrackPointExtension>
        </extensions>
      </trkpt>
      <trkpt lat="43.730351217091083526611328125" lon="7.35123795457184314727783203125">
        <ele>543.5999755859375</ele>
        <time>2026-07-07T05:56:23.000Z</time>
        <extensions>
          <ns3:TrackPointExtension>
            <ns3:hr>173</ns3:hr>
            <ns3:cad>0</ns3:cad>
          </ns3:TrackPointExtension>
        </extensions>
      </trkpt>
      <trkpt lat="43.7303047813475131988525390625" lon="7.351302243769168853759765625">
        <ele>543.79998779296875</ele>
        <time>2026-07-07T05:56:32.000Z</time>
        <extensions>
          <ns3:TrackPointExtension>
            <ns3:hr>172</ns3:hr>
            <ns3:cad>0</ns3:cad>
          </ns3:TrackPointExtension>
        </extensions>
      </trkpt>
      <trkpt lat="43.73030000366270542144775390625" lon="7.35131691209971904754638671875">
        <ele>543.5999755859375</ele>
        <time>2026-07-07T05:56:35.000Z</time>
        <extensions>
          <ns3:TrackPointExtension>
            <ns3:hr>169</ns3:hr>
            <ns3:cad>0</ns3:cad>
          </ns3:TrackPointExtension>
        </extensions>
      </trkpt>
      <trkpt lat="43.73029254376888275146484375" lon="7.3513359390199184417724609375">
        <ele>543.4000244140625</ele>
        <time>2026-07-07T05:56:37.000Z</time>
        <extensions>
          <ns3:TrackPointExtension>
            <ns3:hr>168</ns3:hr>
            <ns3:cad>0</ns3:cad>
          </ns3:TrackPointExtension>
        </extensions>
      </trkpt>
      <trkpt lat="43.730271421372890472412109375" lon="7.35137525014579296112060546875">
        <ele>543</ele>
        <time>2026-07-07T05:56:42.000Z</time>
        <extensions>
          <ns3:TrackPointExtension>
            <ns3:hr>165</ns3:hr>
            <ns3:cad>0</ns3:cad>
          </ns3:TrackPointExtension>
        </extensions>
      </trkpt>
      <trkpt lat="43.730272762477397918701171875" lon="7.351375333964824676513671875">
        <ele>543</ele>
        <time>2026-07-07T05:56:44.000Z</time>
        <extensions>
          <ns3:TrackPointExtension>
            <ns3:hr>165</ns3:hr>
            <ns3:cad>0</ns3:cad>
          </ns3:TrackPointExtension>
        </extensions>
      </trkpt>
      <trkpt lat="43.73026899062097072601318359375" lon="7.35137474723160266876220703125">
        <ele>543</ele>
        <time>2026-07-07T05:56:49.000Z</time>
        <extensions>
          <ns3:TrackPointExtension>
            <ns3:hr>162</ns3:hr>
            <ns3:cad>0</ns3:cad>
          </ns3:TrackPointExtension>
        </extensions>
      </trkpt>
      <trkpt lat="43.7302685715258121490478515625" lon="7.35137424431741237640380859375">
        <ele>543</ele>
        <time>2026-07-07T05:56:51.000Z</time>
        <extensions>
          <ns3:TrackPointExtension>
            <ns3:hr>160</ns3:hr>
            <ns3:cad>0</ns3:cad>
          </ns3:TrackPointExtension>
        </extensions>
      </trkpt>
      <trkpt lat="43.7302685715258121490478515625" lon="7.3513748310506343841552734375">
        <ele>542.79998779296875</ele>
        <time>2026-07-07T05:56:58.000Z</time>
        <extensions>
          <ns3:TrackPointExtension>
            <ns3:hr>157</ns3:hr>
            <ns3:cad>0</ns3:cad>
          </ns3:TrackPointExtension>
        </extensions>
      </trkpt>
      <trkpt lat="43.73026949353516101837158203125" lon="7.3513748310506343841552734375">
        <ele>542.79998779296875</ele>
        <time>2026-07-07T05:57:06.000Z</time>
        <extensions>
          <ns3:TrackPointExtension>
            <ns3:hr>154</ns3:hr>
            <ns3:cad>0</ns3:cad>
          </ns3:TrackPointExtension>
        </extensions>
      </trkpt>
      <trkpt lat="43.7302705831825733184814453125" lon="7.3513748310506343841552734375">
        <ele>542.79998779296875</ele>
        <time>2026-07-07T05:57:10.000Z</time>
        <extensions>
          <ns3:TrackPointExtension>
            <ns3:hr>151</ns3:hr>
            <ns3:cad>0</ns3:cad>
          </ns3:TrackPointExtension>
        </extensions>
      </trkpt>
      <trkpt lat="43.7302705831825733184814453125" lon="7.35137558542191982269287109375">
        <ele>542.5999755859375</ele>
        <time>2026-07-07T05:57:14.000Z</time>
        <extensions>
          <ns3:TrackPointExtension>
            <ns3:hr>147</ns3:hr>
            <ns3:cad>0</ns3:cad>
          </ns3:TrackPointExtension>
        </extensions>
      </trkpt>
      <trkpt lat="43.7302699126303195953369140625" lon="7.3513768427073955535888671875">
        <ele>542.5999755859375</ele>
        <time>2026-07-07T05:57:20.000Z</time>
        <extensions>
          <ns3:TrackPointExtension>
            <ns3:hr>144</ns3:hr>
            <ns3:cad>0</ns3:cad>
          </ns3:TrackPointExtension>
        </extensions>
      </trkpt>
      <trkpt lat="43.730268739163875579833984375" lon="7.35138664953410625457763671875">
        <ele>542.20001220703125</ele>
        <time>2026-07-07T05:57:33.000Z</time>
        <extensions>
          <ns3:TrackPointExtension>
            <ns3:hr>142</ns3:hr>
            <ns3:cad>0</ns3:cad>
          </ns3:TrackPointExtension>
        </extensions>
      </trkpt>
      <trkpt lat="43.730268068611621856689453125" lon="7.35138782300055027008056640625">
        <ele>541.79998779296875</ele>
        <time>2026-07-07T05:57:48.000Z</time>
        <extensions>
          <ns3:TrackPointExtension>
            <ns3:hr>139</ns3:hr>
            <ns3:cad>0</ns3:cad>
          </ns3:TrackPointExtension>
        </extensions>
      </trkpt>
      <trkpt lat="43.7302699126303195953369140625" lon="7.35138966701924800872802734375">
        <ele>542</ele>
        <time>2026-07-07T05:58:00.000Z</time>
        <extensions>
          <ns3:TrackPointExtension>
            <ns3:hr>142</ns3:hr>
            <ns3:cad>0</ns3:cad>
          </ns3:TrackPointExtension>
        </extensions>
      </trkpt>
      <trkpt lat="43.7302665598690509796142578125" lon="7.35139318741858005523681640625">
        <ele>542.20001220703125</ele>
        <time>2026-07-07T05:58:02.000Z</time>
        <extensions>
          <ns3:TrackPointExtension>
            <ns3:hr>145</ns3:hr>
            <ns3:cad>0</ns3:cad>
          </ns3:TrackPointExtension>
        </extensions>
      </trkpt>
      <trkpt lat="43.73022322542965412139892578125" lon="7.3514588177204132080078125">
        <ele>543</ele>
        <time>2026-07-07T05:58:07.000Z</time>
        <extensions>
          <ns3:TrackPointExtension>
            <ns3:hr>147</ns3:hr>
            <ns3:cad>0</ns3:cad>
          </ns3:TrackPointExtension>
        </extensions>
      </trkpt>
      <trkpt lat="43.73019807972013950347900390625" lon="7.35149175859987735748291015625">
        <ele>543.4000244140625</ele>
        <time>2026-07-07T05:58:10.000Z</time>
        <extensions>
          <ns3:TrackPointExtension>
            <ns3:hr>148</ns3:hr>
            <ns3:cad>0</ns3:cad>
          </ns3:TrackPointExtension>
        </extensions>
      </trkpt>
      <trkpt lat="43.73016740195453166961669921875" lon="7.3515451513230800628662109375">
        <ele>544</ele>
        <time>2026-07-07T05:58:16.000Z</time>
        <extensions>
          <ns3:TrackPointExtension>
            <ns3:hr>148</ns3:hr>
            <ns3:cad>0</ns3:cad>
          </ns3:TrackPointExtension>
        </extensions>
      </trkpt>
      <trkpt lat="43.7301539070904254913330078125" lon="7.35157071612775325775146484375">
        <ele>544.5999755859375</ele>
        <time>2026-07-07T05:58:19.000Z</time>
        <extensions>
          <ns3:TrackPointExtension>
            <ns3:hr>151</ns3:hr>
            <ns3:cad>0</ns3:cad>
          </ns3:TrackPointExtension>
        </extensions>
      </trkpt>
      <trkpt lat="43.73012515716254711151123046875" lon="7.3516229353845119476318359375">
        <ele>545.4000244140625</ele>
        <time>2026-07-07T05:58:25.000Z</time>
        <extensions>
          <ns3:TrackPointExtension>
            <ns3:hr>154</ns3:hr>
            <ns3:cad>0</ns3:cad>
          </ns3:TrackPointExtension>
        </extensions>
      </trkpt>
      <trkpt lat="43.73012146912515163421630859375" lon="7.35163140110671520233154296875">
        <ele>545.4000244140625</ele>
        <time>2026-07-07T05:58:26.000Z</time>
        <extensions>
          <ns3:TrackPointExtension>
            <ns3:hr>154</ns3:hr>
            <ns3:cad>0</ns3:cad>
          </ns3:TrackPointExtension>
        </extensions>
      </trkpt>
      <trkpt lat="43.73008995316922664642333984375" lon="7.35167716629803180694580078125">
        <ele>545.5999755859375</ele>
        <time>2026-07-07T05:58:30.000Z</time>
        <extensions>
          <ns3:TrackPointExtension>
            <ns3:hr>159</ns3:hr>
            <ns3:cad>46</ns3:cad>
          </ns3:TrackPointExtension>
        </extensions>
      </trkpt>
      <trkpt lat="43.73007017187774181365966796875" lon="7.35168906860053539276123046875">
        <ele>546.20001220703125</ele>
        <time>2026-07-07T05:58:33.000Z</time>
        <extensions>
          <ns3:TrackPointExtension>
            <ns3:hr>161</ns3:hr>
            <ns3:cad>46</ns3:cad>
          </ns3:TrackPointExtension>
        </extensions>
      </trkpt>
      <trkpt lat="43.73005609028041362762451171875" lon="7.35169761814177036285400390625">
        <ele>546.79998779296875</ele>
        <time>2026-07-07T05:58:37.000Z</time>
        <extensions>
          <ns3:TrackPointExtension>
            <ns3:hr>160</ns3:hr>
            <ns3:cad>46</ns3:cad>
          </ns3:TrackPointExtension>
        </extensions>
      </trkpt>
      <trkpt lat="43.73004720546305179595947265625" lon="7.35169820487499237060546875">
        <ele>547</ele>
        <time>2026-07-07T05:58:39.000Z</time>
        <extensions>
          <ns3:TrackPointExtension>
            <ns3:hr>160</ns3:hr>
            <ns3:cad>0</ns3:cad>
          </ns3:TrackPointExtension>
        </extensions>
      </trkpt>
      <trkpt lat="43.73003915883600711822509765625" lon="7.3516987077891826629638671875">
        <ele>547.4000244140625</ele>
        <time>2026-07-07T05:58:41.000Z</time>
        <extensions>
          <ns3:TrackPointExtension>
            <ns3:hr>163</ns3:hr>
            <ns3:cad>0</ns3:cad>
          </ns3:TrackPointExtension>
        </extensions>
      </trkpt>
      <trkpt lat="43.73001719824969768524169921875" lon="7.35168823041021823883056640625">
        <ele>547.79998779296875</ele>
        <time>2026-07-07T05:58:46.000Z</time>
        <extensions>
          <ns3:TrackPointExtension>
            <ns3:hr>165</ns3:hr>
            <ns3:cad>0</ns3:cad>
          </ns3:TrackPointExtension>
        </extensions>
      </trkpt>
      <trkpt lat="43.73001384548842906951904296875" lon="7.351683788001537322998046875">
        <ele>548.20001220703125</ele>
        <time>2026-07-07T05:58:47.000Z</time>
        <extensions>
          <ns3:TrackPointExtension>
            <ns3:hr>165</ns3:hr>
            <ns3:cad>0</ns3:cad>
          </ns3:TrackPointExtension>
        </extensions>
      </trkpt>
      <trkpt lat="43.72999289073050022125244140625" lon="7.351628802716732025146484375">
        <ele>548.79998779296875</ele>
        <time>2026-07-07T05:58:53.000Z</time>
        <extensions>
          <ns3:TrackPointExtension>
            <ns3:hr>167</ns3:hr>
            <ns3:cad>0</ns3:cad>
          </ns3:TrackPointExtension>
        </extensions>
      </trkpt>
      <trkpt lat="43.72999289073050022125244140625" lon="7.351620756089687347412109375">
        <ele>548.79998779296875</ele>
        <time>2026-07-07T05:58:54.000Z</time>
        <extensions>
          <ns3:TrackPointExtension>
            <ns3:hr>167</ns3:hr>
            <ns3:cad>0</ns3:cad>
          </ns3:TrackPointExtension>
        </extensions>
      </trkpt>
      <trkpt lat="43.72998249717056751251220703125" lon="7.35156384296715259552001953125">
        <ele>550.4000244140625</ele>
        <time>2026-07-07T05:59:00.000Z</time>
        <extensions>
          <ns3:TrackPointExtension>
            <ns3:hr>168</ns3:hr>
            <ns3:cad>0</ns3:cad>
          </ns3:TrackPointExtension>
        </extensions>
      </trkpt>
      <trkpt lat="43.7299956567585468292236328125" lon="7.35151656903326511383056640625">
        <ele>551.20001220703125</ele>
        <time>2026-07-07T05:59:06.000Z</time>
        <extensions>
          <ns3:TrackPointExtension>
            <ns3:hr>170</ns3:hr>
            <ns3:cad>43</ns3:cad>
          </ns3:TrackPointExtension>
        </extensions>
      </trkpt>
      <trkpt lat="43.729998171329498291015625" lon="7.35149527899920940399169921875">
        <ele>551.4000244140625</ele>
        <time>2026-07-07T05:59:08.000Z</time>
        <extensions>
          <ns3:TrackPointExtension>
            <ns3:hr>170</ns3:hr>
            <ns3:cad>43</ns3:cad>
          </ns3:TrackPointExtension>
        </extensions>
      </trkpt>
      <trkpt lat="43.7299802340567111968994140625" lon="7.35141933895647525787353515625">
        <ele>552</ele>
        <time>2026-07-07T05:59:15.000Z</time>
        <extensions>
          <ns3:TrackPointExtension>
            <ns3:hr>168</ns3:hr>
            <ns3:cad>0</ns3:cad>
          </ns3:TrackPointExtension>
        </extensions>
      </trkpt>
      <trkpt lat="43.72999607585370540618896484375" lon="7.3513560555875301361083984375">
        <ele>552.4000244140625</ele>
        <time>2026-07-07T05:59:21.000Z</time>
        <extensions>
          <ns3:TrackPointExtension>
            <ns3:hr>168</ns3:hr>
            <ns3:cad>0</ns3:cad>
          </ns3:TrackPointExtension>
        </extensions>
      </trkpt>
      <trkpt lat="43.72999255545437335968017578125" lon="7.35129897482693195343017578125">
        <ele>553.5999755859375</ele>
        <time>2026-07-07T05:59:27.000Z</time>
        <extensions>
          <ns3:TrackPointExtension>
            <ns3:hr>169</ns3:hr>
            <ns3:cad>0</ns3:cad>
          </ns3:TrackPointExtension>
        </extensions>
      </trkpt>
      <trkpt lat="43.729987777769565582275390625" lon="7.3512792773544788360595703125">
        <ele>554</ele>
        <time>2026-07-07T05:59:29.000Z</time>
        <extensions>
          <ns3:TrackPointExtension>
            <ns3:hr>168</ns3:hr>
            <ns3:cad>65</ns3:cad>
          </ns3:TrackPointExtension>
        </extensions>
      </trkpt>
      <trkpt lat="43.72997998259961605072021484375" lon="7.3512212745845317840576171875">
        <ele>554.4000244140625</ele>
        <time>2026-07-07T05:59:34.000Z</time>
        <extensions>
          <ns3:TrackPointExtension>
            <ns3:hr>165</ns3:hr>
            <ns3:cad>0</ns3:cad>
          </ns3:TrackPointExtension>
        </extensions>
      </trkpt>
      <trkpt lat="43.729974366724491119384765625" lon="7.35119872726500034332275390625">
        <ele>554.5999755859375</ele>
        <time>2026-07-07T05:59:36.000Z</time>
        <extensions>
          <ns3:TrackPointExtension>
            <ns3:hr>164</ns3:hr>
            <ns3:cad>0</ns3:cad>
          </ns3:TrackPointExtension>
        </extensions>
      </trkpt>
      <trkpt lat="43.7299805693328380584716796875" lon="7.35114089213311672210693359375">
        <ele>555.79998779296875</ele>
        <time>2026-07-07T05:59:42.000Z</time>
        <extensions>
          <ns3:TrackPointExtension>
            <ns3:hr>162</ns3:hr>
            <ns3:cad>0</ns3:cad>
          </ns3:TrackPointExtension>
        </extensions>
      </trkpt>
      <trkpt lat="43.7299872748553752899169921875" lon="7.35108875669538974761962890625">
        <ele>556.5999755859375</ele>
        <time>2026-07-07T05:59:47.000Z</time>
        <extensions>
          <ns3:TrackPointExtension>
            <ns3:hr>165</ns3:hr>
            <ns3:cad>0</ns3:cad>
          </ns3:TrackPointExtension>
        </extensions>
      </trkpt>
      <trkpt lat="43.729989118874073028564453125" lon="7.35107433982193470001220703125">
        <ele>556.79998779296875</ele>
        <time>2026-07-07T05:59:49.000Z</time>
        <extensions>
          <ns3:TrackPointExtension>
            <ns3:hr>168</ns3:hr>
            <ns3:cad>0</ns3:cad>
          </ns3:TrackPointExtension>
        </extensions>
      </trkpt>
      <trkpt lat="43.7299887835979461669921875" lon="7.35107081942260265350341796875">
        <ele>556.79998779296875</ele>
        <time>2026-07-07T05:59:50.000Z</time>
        <extensions>
          <ns3:TrackPointExtension>
            <ns3:hr>168</ns3:hr>
            <ns3:cad>0</ns3:cad>
          </ns3:TrackPointExtension>
        </extensions>
      </trkpt>
      <trkpt lat="43.72998652048408985137939453125" lon="7.35105807892978191375732421875">
        <ele>557</ele>
        <time>2026-07-07T05:59:52.000Z</time>
        <extensions>
          <ns3:TrackPointExtension>
            <ns3:hr>170</ns3:hr>
            <ns3:cad>0</ns3:cad>
          </ns3:TrackPointExtension>
        </extensions>
      </trkpt>
      <trkpt lat="43.7299996800720691680908203125" lon="7.35101281665265560150146484375">
        <ele>557.79998779296875</ele>
        <time>2026-07-07T05:59:58.000Z</time>
        <extensions>
          <ns3:TrackPointExtension>
            <ns3:hr>171</ns3:hr>
            <ns3:cad>0</ns3:cad>
          </ns3:TrackPointExtension>
        </extensions>
      </trkpt>
      <trkpt lat="43.7300077266991138458251953125" lon="7.3509966395795345306396484375">
        <ele>558</ele>
        <time>2026-07-07T06:00:00.000Z</time>
        <extensions>
          <ns3:TrackPointExtension>
            <ns3:hr>170</ns3:hr>
            <ns3:cad>0</ns3:cad>
          </ns3:TrackPointExtension>
        </extensions>
      </trkpt>
      <trkpt lat="43.73002189211547374725341796875" lon="7.350963614881038665771484375">
        <ele>558.5999755859375</ele>
        <time>2026-07-07T06:00:05.000Z</time>
        <extensions>
          <ns3:TrackPointExtension>
            <ns3:hr>171</ns3:hr>
            <ns3:cad>0</ns3:cad>
          </ns3:TrackPointExtension>
        </extensions>
      </trkpt>
      <trkpt lat="43.73003773391246795654296875" lon="7.35089220106601715087890625">
        <ele>559</ele>
        <time>2026-07-07T06:00:12.000Z</time>
        <extensions>
          <ns3:TrackPointExtension>
            <ns3:hr>170</ns3:hr>
            <ns3:cad>72</ns3:cad>
          </ns3:TrackPointExtension>
        </extensions>
      </trkpt>
      <trkpt lat="43.7300617061555385589599609375" lon="7.350805364549160003662109375">
        <ele>559.5999755859375</ele>
        <time>2026-07-07T06:00:18.000Z</time>
        <extensions>
          <ns3:TrackPointExtension>
            <ns3:hr>169</ns3:hr>
            <ns3:cad>45</ns3:cad>
          </ns3:TrackPointExtension>
        </extensions>
      </trkpt>
      <trkpt lat="43.73006078414618968963623046875" lon="7.3507669754326343536376953125">
        <ele>560.20001220703125</ele>
        <time>2026-07-07T06:00:21.000Z</time>
        <extensions>
          <ns3:TrackPointExtension>
            <ns3:hr>169</ns3:hr>
            <ns3:cad>0</ns3:cad>
          </ns3:TrackPointExtension>
        </extensions>
      </trkpt>
      <trkpt lat="43.7300523184239864349365234375" lon="7.350730933248996734619140625">
        <ele>561</ele>
        <time>2026-07-07T06:00:25.000Z</time>
        <extensions>
          <ns3:TrackPointExtension>
            <ns3:hr>168</ns3:hr>
            <ns3:cad>0</ns3:cad>
          </ns3:TrackPointExtension>
        </extensions>
      </trkpt>
      <trkpt lat="43.73005156405270099639892578125" lon="7.35072833485901355743408203125">
        <ele>561.20001220703125</ele>
        <time>2026-07-07T06:00:26.000Z</time>
        <extensions>
          <ns3:TrackPointExtension>
            <ns3:hr>168</ns3:hr>
            <ns3:cad>0</ns3:cad>
          </ns3:TrackPointExtension>
        </extensions>
      </trkpt>
      <trkpt lat="43.73003731481730937957763671875" lon="7.3507052846252918243408203125">
        <ele>561.4000244140625</ele>
        <time>2026-07-07T06:00:31.000Z</time>
        <extensions>
          <ns3:TrackPointExtension>
            <ns3:hr>167</ns3:hr>
            <ns3:cad>0</ns3:cad>
          </ns3:TrackPointExtension>
        </extensions>
      </trkpt>
      <trkpt lat="43.7300412543118000030517578125" lon="7.3506702482700347900390625">
        <ele>561.5999755859375</ele>
        <time>2026-07-07T06:00:34.000Z</time>
        <extensions>
          <ns3:TrackPointExtension>
            <ns3:hr>167</ns3:hr>
            <ns3:cad>0</ns3:cad>
          </ns3:TrackPointExtension>
        </extensions>
      </trkpt>
      <trkpt lat="43.73005223460495471954345703125" lon="7.3506399057805538177490234375">
        <ele>562.20001220703125</ele>
        <time>2026-07-07T06:00:36.000Z</time>
        <extensions>
          <ns3:TrackPointExtension>
            <ns3:hr>166</ns3:hr>
            <ns3:cad>0</ns3:cad>
          </ns3:TrackPointExtension>
        </extensions>
      </trkpt>
      <trkpt lat="43.7300665676593780517578125" lon="7.350616268813610076904296875">
        <ele>562.20001220703125</ele>
        <time>2026-07-07T06:00:38.000Z</time>
        <extensions>
          <ns3:TrackPointExtension>
            <ns3:hr>166</ns3:hr>
            <ns3:cad>0</ns3:cad>
          </ns3:TrackPointExtension>
        </extensions>
      </trkpt>
      <trkpt lat="43.73006966896355152130126953125" lon="7.350593470036983489990234375">
        <ele>562.20001220703125</ele>
        <time>2026-07-07T06:00:40.000Z</time>
        <extensions>
          <ns3:TrackPointExtension>
            <ns3:hr>166</ns3:hr>
            <ns3:cad>0</ns3:cad>
          </ns3:TrackPointExtension>
        </extensions>
      </trkpt>
      <trkpt lat="43.730078972876071929931640625" lon="7.35051132738590240478515625">
        <ele>562</ele>
        <time>2026-07-07T06:00:45.000Z</time>
        <extensions>
          <ns3:TrackPointExtension>
            <ns3:hr>166</ns3:hr>
            <ns3:cad>0</ns3:cad>
          </ns3:TrackPointExtension>
        </extensions>
      </trkpt>
      <trkpt lat="43.73008341528475284576416015625" lon="7.35048660077154636383056640625">
        <ele>562.4000244140625</ele>
        <time>2026-07-07T06:00:48.000Z</time>
        <extensions>
          <ns3:TrackPointExtension>
            <ns3:hr>166</ns3:hr>
            <ns3:cad>0</ns3:cad>
          </ns3:TrackPointExtension>
        </extensions>
      </trkpt>
      <trkpt lat="43.73007603920996189117431640625" lon="7.35047201626002788543701171875">
        <ele>562.5999755859375</ele>
        <time>2026-07-07T06:00:50.000Z</time>
        <extensions>
          <ns3:TrackPointExtension>
            <ns3:hr>166</ns3:hr>
            <ns3:cad>0</ns3:cad>
          </ns3:TrackPointExtension>
        </extensions>
      </trkpt>
      <trkpt lat="43.7300690822303295135498046875" lon="7.3504675738513469696044921875">
        <ele>562.5999755859375</ele>
        <time>2026-07-07T06:00:51.000Z</time>
        <extensions>
          <ns3:TrackPointExtension>
            <ns3:hr>166</ns3:hr>
            <ns3:cad>0</ns3:cad>
          </ns3:TrackPointExtension>
        </extensions>
      </trkpt>
      <trkpt lat="43.73003932647407054901123046875" lon="7.350445277988910675048828125">
        <ele>563.20001220703125</ele>
        <time>2026-07-07T06:00:55.000Z</time>
        <extensions>
          <ns3:TrackPointExtension>
            <ns3:hr>165</ns3:hr>
            <ns3:cad>0</ns3:cad>
          </ns3:TrackPointExtension>
        </extensions>
      </trkpt>
      <trkpt lat="43.73001501895487308502197265625" lon="7.3504236526787281036376953125">
        <ele>563.79998779296875</ele>
        <time>2026-07-07T06:00:58.000Z</time>
        <extensions>
          <ns3:TrackPointExtension>
            <ns3:hr>166</ns3:hr>
            <ns3:cad>77</ns3:cad>
          </ns3:TrackPointExtension>
        </extensions>
      </trkpt>
      <trkpt lat="43.73000085353851318359375" lon="7.35038333572447299957275390625">
        <ele>564.4000244140625</ele>
        <time>2026-07-07T06:01:02.000Z</time>
        <extensions>
          <ns3:TrackPointExtension>
            <ns3:hr>165</ns3:hr>
            <ns3:cad>77</ns3:cad>
          </ns3:TrackPointExtension>
        </extensions>
      </trkpt>
      <trkpt lat="43.7299973331391811370849609375" lon="7.35035710036754608154296875">
        <ele>564.5999755859375</ele>
        <time>2026-07-07T06:01:05.000Z</time>
        <extensions>
          <ns3:TrackPointExtension>
            <ns3:hr>165</ns3:hr>
            <ns3:cad>0</ns3:cad>
          </ns3:TrackPointExtension>
        </extensions>
      </trkpt>
      <trkpt lat="43.72999473474919795989990234375" lon="7.3502831719815731048583984375">
        <ele>565</ele>
        <time>2026-07-07T06:01:11.000Z</time>
        <extensions>
          <ns3:TrackPointExtension>
            <ns3:hr>165</ns3:hr>
            <ns3:cad>0</ns3:cad>
          </ns3:TrackPointExtension>
        </extensions>
      </trkpt>
      <trkpt lat="43.73000479303300380706787109375" lon="7.35024738125503063201904296875">
        <ele>565</ele>
        <time>2026-07-07T06:01:14.000Z</time>
        <extensions>
          <ns3:TrackPointExtension>
            <ns3:hr>165</ns3:hr>
            <ns3:cad>0</ns3:cad>
          </ns3:TrackPointExtension>
        </extensions>
      </trkpt>
      <trkpt lat="43.7300134263932704925537109375" lon="7.350234724581241607666015625">
        <ele>565</ele>
        <time>2026-07-07T06:01:15.000Z</time>
        <extensions>
          <ns3:TrackPointExtension>
            <ns3:hr>165</ns3:hr>
            <ns3:cad>0</ns3:cad>
          </ns3:TrackPointExtension>
        </extensions>
      </trkpt>
      <trkpt lat="43.73006212525069713592529296875" lon="7.35014922916889190673828125">
        <ele>564.79998779296875</ele>
        <time>2026-07-07T06:01:22.000Z</time>
        <extensions>
          <ns3:TrackPointExtension>
            <ns3:hr>163</ns3:hr>
            <ns3:cad>0</ns3:cad>
          </ns3:TrackPointExtension>
        </extensions>
      </trkpt>
      <trkpt lat="43.73007419519126415252685546875" lon="7.35009114257991313934326171875">
        <ele>564.5999755859375</ele>
        <time>2026-07-07T06:01:26.000Z</time>
        <extensions>
          <ns3:TrackPointExtension>
            <ns3:hr>164</ns3:hr>
            <ns3:cad>0</ns3:cad>
          </ns3:TrackPointExtension>
        </extensions>
      </trkpt>
      <trkpt lat="43.7300989218056201934814453125" lon="7.3500833474099636077880859375">
        <ele>564.5999755859375</ele>
        <time>2026-07-07T06:01:28.000Z</time>
        <extensions>
          <ns3:TrackPointExtension>
            <ns3:hr>164</ns3:hr>
            <ns3:cad>0</ns3:cad>
          </ns3:TrackPointExtension>
        </extensions>
      </trkpt>
      <trkpt lat="43.73013563454151153564453125" lon="7.3500820063054561614990234375">
        <ele>564.5999755859375</ele>
        <time>2026-07-07T06:01:31.000Z</time>
        <extensions>
          <ns3:TrackPointExtension>
            <ns3:hr>159</ns3:hr>
            <ns3:cad>0</ns3:cad>
          </ns3:TrackPointExtension>
        </extensions>
      </trkpt>
      <trkpt lat="43.7301643006503582000732421875" lon="7.35006163828074932098388671875">
        <ele>564.4000244140625</ele>
        <time>2026-07-07T06:01:35.000Z</time>
        <extensions>
          <ns3:TrackPointExtension>
            <ns3:hr>159</ns3:hr>
            <ns3:cad>0</ns3:cad>
          </ns3:TrackPointExtension>
        </extensions>
      </trkpt>
      <trkpt lat="43.73019020073115825653076171875" lon="7.35000514425337314605712890625">
        <ele>564.20001220703125</ele>
        <time>2026-07-07T06:01:41.000Z</time>
        <extensions>
          <ns3:TrackPointExtension>
            <ns3:hr>157</ns3:hr>
            <ns3:cad>0</ns3:cad>
          </ns3:TrackPointExtension>
        </extensions>
      </trkpt>
      <trkpt lat="43.73020495288074016571044921875" lon="7.34998201020061969757080078125">
        <ele>564</ele>
        <time>2026-07-07T06:01:43.000Z</time>
        <extensions>
          <ns3:TrackPointExtension>
            <ns3:hr>154</ns3:hr>
            <ns3:cad>0</ns3:cad>
          </ns3:TrackPointExtension>
        </extensions>
      </trkpt>
      <trkpt lat="43.730227835476398468017578125" lon="7.3498989455401897430419921875">
        <ele>563.79998779296875</ele>
        <time>2026-07-07T06:01:49.000Z</time>
        <extensions>
          <ns3:TrackPointExtension>
            <ns3:hr>152</ns3:hr>
            <ns3:cad>0</ns3:cad>
          </ns3:TrackPointExtension>
        </extensions>
      </trkpt>
      <trkpt lat="43.73028122819960117340087890625" lon="7.349786795675754547119140625">
        <ele>563.79998779296875</ele>
        <time>2026-07-07T06:01:59.000Z</time>
        <extensions>
          <ns3:TrackPointExtension>
            <ns3:hr>150</ns3:hr>
            <ns3:cad>0</ns3:cad>
          </ns3:TrackPointExtension>
        </extensions>
      </trkpt>
      <trkpt lat="43.7302819825708866119384765625" lon="7.3497705347836017608642578125">
        <ele>564</ele>
        <time>2026-07-07T06:02:03.000Z</time>
        <extensions>
          <ns3:TrackPointExtension>
            <ns3:hr>147</ns3:hr>
            <ns3:cad>0</ns3:cad>
          </ns3:TrackPointExtension>
        </extensions>
      </trkpt>
      <trkpt lat="43.7302870117127895355224609375" lon="7.34975988976657390594482421875">
        <ele>563.79998779296875</ele>
        <time>2026-07-07T06:02:04.000Z</time>
        <extensions>
          <ns3:TrackPointExtension>
            <ns3:hr>147</ns3:hr>
            <ns3:cad>0</ns3:cad>
          </ns3:TrackPointExtension>
        </extensions>
      </trkpt>
      <trkpt lat="43.73030218295753002166748046875" lon="7.34969685785472393035888671875">
        <ele>563.4000244140625</ele>
        <time>2026-07-07T06:02:09.000Z</time>
        <extensions>
          <ns3:TrackPointExtension>
            <ns3:hr>150</ns3:hr>
            <ns3:cad>0</ns3:cad>
          </ns3:TrackPointExtension>
        </extensions>
      </trkpt>
      <trkpt lat="43.73031056486070156097412109375" lon="7.349673472344875335693359375">
        <ele>563.4000244140625</ele>
        <time>2026-07-07T06:02:11.000Z</time>
        <extensions>
          <ns3:TrackPointExtension>
            <ns3:hr>152</ns3:hr>
            <ns3:cad>0</ns3:cad>
          </ns3:TrackPointExtension>
        </extensions>
      </trkpt>
      <trkpt lat="43.7303460203111171722412109375" lon="7.3495807684957981109619140625">
        <ele>563.4000244140625</ele>
        <time>2026-07-07T06:02:19.000Z</time>
        <extensions>
          <ns3:TrackPointExtension>
            <ns3:hr>150</ns3:hr>
            <ns3:cad>41</ns3:cad>
          </ns3:TrackPointExtension>
        </extensions>
      </trkpt>
      <trkpt lat="43.7303513847291469573974609375" lon="7.349561154842376708984375">
        <ele>563.20001220703125</ele>
        <time>2026-07-07T06:02:21.000Z</time>
        <extensions>
          <ns3:TrackPointExtension>
            <ns3:hr>150</ns3:hr>
            <ns3:cad>41</ns3:cad>
          </ns3:TrackPointExtension>
        </extensions>
      </trkpt>
      <trkpt lat="43.730369322001934051513671875" lon="7.34952083788812160491943359375">
        <ele>563</ele>
        <time>2026-07-07T06:02:25.000Z</time>
        <extensions>
          <ns3:TrackPointExtension>
            <ns3:hr>150</ns3:hr>
            <ns3:cad>0</ns3:cad>
          </ns3:TrackPointExtension>
        </extensions>
      </trkpt>
      <trkpt lat="43.73038432560861110687255859375" lon="7.3494174890220165252685546875">
        <ele>562.5999755859375</ele>
        <time>2026-07-07T06:02:33.000Z</time>
        <extensions>
          <ns3:TrackPointExtension>
            <ns3:hr>150</ns3:hr>
            <ns3:cad>0</ns3:cad>
          </ns3:TrackPointExtension>
        </extensions>
      </trkpt>
      <trkpt lat="43.73035834170877933502197265625" lon="7.34936912544071674346923828125">
        <ele>562.20001220703125</ele>
        <time>2026-07-07T06:02:38.000Z</time>
        <extensions>
          <ns3:TrackPointExtension>
            <ns3:hr>151</ns3:hr>
            <ns3:cad>45</ns3:cad>
          </ns3:TrackPointExtension>
        </extensions>
      </trkpt>
      <trkpt lat="43.73035917989909648895263671875" lon="7.3493296466767787933349609375">
        <ele>562</ele>
        <time>2026-07-07T06:02:40.000Z</time>
        <extensions>
          <ns3:TrackPointExtension>
            <ns3:hr>150</ns3:hr>
            <ns3:cad>63</ns3:cad>
          </ns3:TrackPointExtension>
        </extensions>
      </trkpt>
      <trkpt lat="43.73039840720593929290771484375" lon="7.34923585318028926849365234375">
        <ele>562.4000244140625</ele>
        <time>2026-07-07T06:02:47.000Z</time>
        <extensions>
          <ns3:TrackPointExtension>
            <ns3:hr>148</ns3:hr>
            <ns3:cad>52</ns3:cad>
          </ns3:TrackPointExtension>
        </extensions>
      </trkpt>
      <trkpt lat="43.7304447591304779052734375" lon="7.3492066003382205963134765625">
        <ele>563.4000244140625</ele>
        <time>2026-07-07T06:02:52.000Z</time>
        <extensions>
          <ns3:TrackPointExtension>
            <ns3:hr>149</ns3:hr>
            <ns3:cad>47</ns3:cad>
          </ns3:TrackPointExtension>
        </extensions>
      </trkpt>
      <trkpt lat="43.7304608523845672607421875" lon="7.34919570386409759521484375">
        <ele>564.20001220703125</ele>
        <time>2026-07-07T06:02:54.000Z</time>
        <extensions>
          <ns3:TrackPointExtension>
            <ns3:hr>150</ns3:hr>
            <ns3:cad>47</ns3:cad>
          </ns3:TrackPointExtension>
        </extensions>
      </trkpt>
      <trkpt lat="43.730466552078723907470703125" lon="7.3491891659796237945556640625">
        <ele>564.20001220703125</ele>
        <time>2026-07-07T06:02:55.000Z</time>
        <extensions>
          <ns3:TrackPointExtension>
            <ns3:hr>149</ns3:hr>
            <ns3:cad>46</ns3:cad>
          </ns3:TrackPointExtension>
        </extensions>
      </trkpt>
      <trkpt lat="43.730472587049007415771484375" lon="7.3491797782480716705322265625">
        <ele>564.4000244140625</ele>
        <time>2026-07-07T06:02:56.000Z</time>
        <extensions>
          <ns3:TrackPointExtension>
            <ns3:hr>150</ns3:hr>
            <ns3:cad>46</ns3:cad>
          </ns3:TrackPointExtension>
        </extensions>
      </trkpt>
      <trkpt lat="43.73047493398189544677734375" lon="7.349168546497821807861328125">
        <ele>564.4000244140625</ele>
        <time>2026-07-07T06:02:57.000Z</time>
        <extensions>
          <ns3:TrackPointExtension>
            <ns3:hr>150</ns3:hr>
            <ns3:cad>46</ns3:cad>
          </ns3:TrackPointExtension>
        </extensions>
      </trkpt>
      <trkpt lat="43.73049379326403141021728515625" lon="7.349139042198657989501953125">
        <ele>565.4000244140625</ele>
        <time>2026-07-07T06:03:01.000Z</time>
        <extensions>
          <ns3:TrackPointExtension>
            <ns3:hr>150</ns3:hr>
            <ns3:cad>45</ns3:cad>
          </ns3:TrackPointExtension>
        </extensions>
      </trkpt>
      <trkpt lat="43.730504103004932403564453125" lon="7.34913610853254795074462890625">
        <ele>565.5999755859375</ele>
        <time>2026-07-07T06:03:02.000Z</time>
        <extensions>
          <ns3:TrackPointExtension>
            <ns3:hr>151</ns3:hr>
            <ns3:cad>45</ns3:cad>
          </ns3:TrackPointExtension>
        </extensions>
      </trkpt>
      <trkpt lat="43.7305089645087718963623046875" lon="7.34913409687578678131103515625">
        <ele>566.20001220703125</ele>
        <time>2026-07-07T06:03:05.000Z</time>
        <extensions>
          <ns3:TrackPointExtension>
            <ns3:hr>154</ns3:hr>
            <ns3:cad>0</ns3:cad>
          </ns3:TrackPointExtension>
        </extensions>
      </trkpt>
      <trkpt lat="43.730508126318454742431640625" lon="7.3491345159709453582763671875">
        <ele>566.20001220703125</ele>
        <time>2026-07-07T06:03:06.000Z</time>
        <extensions>
          <ns3:TrackPointExtension>
            <ns3:hr>154</ns3:hr>
            <ns3:cad>0</ns3:cad>
          </ns3:TrackPointExtension>
        </extensions>
      </trkpt>
      <trkpt lat="43.730506785213947296142578125" lon="7.3491341806948184967041015625">
        <ele>566.20001220703125</ele>
        <time>2026-07-07T06:03:08.000Z</time>
        <extensions>
          <ns3:TrackPointExtension>
            <ns3:hr>157</ns3:hr>
            <ns3:cad>0</ns3:cad>
          </ns3:TrackPointExtension>
        </extensions>
      </trkpt>
      <trkpt lat="43.7305059470236301422119140625" lon="7.34913644380867481231689453125">
        <ele>566.20001220703125</ele>
        <time>2026-07-07T06:03:11.000Z</time>
        <extensions>
          <ns3:TrackPointExtension>
            <ns3:hr>160</ns3:hr>
            <ns3:cad>0</ns3:cad>
          </ns3:TrackPointExtension>
        </extensions>
      </trkpt>
      <trkpt lat="43.7305149994790554046630859375" lon="7.349126972258090972900390625">
        <ele>566.20001220703125</ele>
        <time>2026-07-07T06:03:17.000Z</time>
        <extensions>
          <ns3:TrackPointExtension>
            <ns3:hr>160</ns3:hr>
            <ns3:cad>0</ns3:cad>
          </ns3:TrackPointExtension>
        </extensions>
      </trkpt>
      <trkpt lat="43.73051575385034084320068359375" lon="7.3491279780864715576171875">
        <ele>566.20001220703125</ele>
        <time>2026-07-07T06:03:41.000Z</time>
        <extensions>
          <ns3:TrackPointExtension>
            <ns3:hr>157</ns3:hr>
            <ns3:cad>0</ns3:cad>
          </ns3:TrackPointExtension>
        </extensions>
      </trkpt>
      <trkpt lat="43.7305171787738800048828125" lon="7.3491274751722812652587890625">
        <ele>566.20001220703125</ele>
        <time>2026-07-07T06:03:43.000Z</time>
        <extensions>
          <ns3:TrackPointExtension>
            <ns3:hr>153</ns3:hr>
            <ns3:cad>0</ns3:cad>
          </ns3:TrackPointExtension>
        </extensions>
      </trkpt>
      <trkpt lat="43.7305252254009246826171875" lon="7.3491328395903110504150390625">
        <ele>566.4000244140625</ele>
        <time>2026-07-07T06:04:03.000Z</time>
        <extensions>
          <ns3:TrackPointExtension>
            <ns3:hr>152</ns3:hr>
            <ns3:cad>0</ns3:cad>
          </ns3:TrackPointExtension>
        </extensions>
      </trkpt>
      <trkpt lat="43.7305284105241298675537109375" lon="7.34913677908480167388916015625">
        <ele>566.5999755859375</ele>
        <time>2026-07-07T06:04:16.000Z</time>
        <extensions>
          <ns3:TrackPointExtension>
            <ns3:hr>149</ns3:hr>
            <ns3:cad>0</ns3:cad>
          </ns3:TrackPointExtension>
        </extensions>
      </trkpt>
      <trkpt lat="43.7305304221808910369873046875" lon="7.34913669526576995849609375">
        <ele>566.5999755859375</ele>
        <time>2026-07-07T06:04:20.000Z</time>
        <extensions>
          <ns3:TrackPointExtension>
            <ns3:hr>146</ns3:hr>
            <ns3:cad>0</ns3:cad>
          </ns3:TrackPointExtension>
        </extensions>
      </trkpt>
      <trkpt lat="43.7305305898189544677734375" lon="7.3491358570754528045654296875">
        <ele>566.5999755859375</ele>
        <time>2026-07-07T06:04:22.000Z</time>
        <extensions>
          <ns3:TrackPointExtension>
            <ns3:hr>143</ns3:hr>
            <ns3:cad>0</ns3:cad>
          </ns3:TrackPointExtension>
        </extensions>
      </trkpt>
      <trkpt lat="43.7305305898189544677734375" lon="7.34913476742804050445556640625">
        <ele>566.5999755859375</ele>
        <time>2026-07-07T06:04:25.000Z</time>
        <extensions>
          <ns3:TrackPointExtension>
            <ns3:hr>140</ns3:hr>
            <ns3:cad>0</ns3:cad>
          </ns3:TrackPointExtension>
        </extensions>
      </trkpt>
      <trkpt lat="43.730530925095081329345703125" lon="7.34913443215191364288330078125">
        <ele>566.5999755859375</ele>
        <time>2026-07-07T06:04:29.000Z</time>
        <extensions>
          <ns3:TrackPointExtension>
            <ns3:hr>137</ns3:hr>
            <ns3:cad>0</ns3:cad>
          </ns3:TrackPointExtension>
        </extensions>
      </trkpt>
      <trkpt lat="43.7305279076099395751953125" lon="7.34913594089448451995849609375">
        <ele>565.4000244140625</ele>
        <time>2026-07-07T06:05:08.000Z</time>
        <extensions>
          <ns3:TrackPointExtension>
            <ns3:hr>137</ns3:hr>
            <ns3:cad>0</ns3:cad>
          </ns3:TrackPointExtension>
        </extensions>
      </trkpt>
      <trkpt lat="43.7305927835404872894287109375" lon="7.34913527034223079681396484375">
        <ele>564.4000244140625</ele>
        <time>2026-07-07T06:05:13.000Z</time>
        <extensions>
          <ns3:TrackPointExtension>
            <ns3:hr>137</ns3:hr>
            <ns3:cad>57</ns3:cad>
          </ns3:TrackPointExtension>
        </extensions>
      </trkpt>
      <trkpt lat="43.73062203638255596160888671875" lon="7.34913912601768970489501953125">
        <ele>564.20001220703125</ele>
        <time>2026-07-07T06:05:15.000Z</time>
        <extensions>
          <ns3:TrackPointExtension>
            <ns3:hr>137</ns3:hr>
            <ns3:cad>57</ns3:cad>
          </ns3:TrackPointExtension>
        </extensions>
      </trkpt>
      <trkpt lat="43.730674423277378082275390625" lon="7.34914650209248065948486328125">
        <ele>563.4000244140625</ele>
        <time>2026-07-07T06:05:23.000Z</time>
        <extensions>
          <ns3:TrackPointExtension>
            <ns3:hr>135</ns3:hr>
            <ns3:cad>0</ns3:cad>
          </ns3:TrackPointExtension>
        </extensions>
      </trkpt>
      <trkpt lat="43.73068037442862987518310546875" lon="7.349144406616687774658203125">
        <ele>563.20001220703125</ele>
        <time>2026-07-07T06:05:24.000Z</time>
        <extensions>
          <ns3:TrackPointExtension>
            <ns3:hr>135</ns3:hr>
            <ns3:cad>0</ns3:cad>
          </ns3:TrackPointExtension>
        </extensions>
      </trkpt>
      <trkpt lat="43.73070401139557361602783203125" lon="7.3491338454186916351318359375">
        <ele>562.20001220703125</ele>
        <time>2026-07-07T06:05:28.000Z</time>
        <extensions>
          <ns3:TrackPointExtension>
            <ns3:hr>136</ns3:hr>
            <ns3:cad>0</ns3:cad>
          </ns3:TrackPointExtension>
        </extensions>
      </trkpt>
      <trkpt lat="43.73071675188839435577392578125" lon="7.349099814891815185546875">
        <ele>561.4000244140625</ele>
        <time>2026-07-07T06:05:32.000Z</time>
        <extensions>
          <ns3:TrackPointExtension>
            <ns3:hr>140</ns3:hr>
            <ns3:cad>0</ns3:cad>
          </ns3:TrackPointExtension>
        </extensions>
      </trkpt>
      <trkpt lat="43.730721361935138702392578125" lon="7.34908984042704105377197265625">
        <ele>561</ele>
        <time>2026-07-07T06:05:33.000Z</time>
        <extensions>
          <ns3:TrackPointExtension>
            <ns3:hr>141</ns3:hr>
            <ns3:cad>0</ns3:cad>
          </ns3:TrackPointExtension>
        </extensions>
      </trkpt>
      <trkpt lat="43.73074659146368503570556640625" lon="7.34903016127645969390869140625">
        <ele>560</ele>
        <time>2026-07-07T06:05:39.000Z</time>
        <extensions>
          <ns3:TrackPointExtension>
            <ns3:hr>142</ns3:hr>
            <ns3:cad>53</ns3:cad>
          </ns3:TrackPointExtension>
        </extensions>
      </trkpt>
      <trkpt lat="43.7307520397007465362548828125" lon="7.3490188457071781158447265625">
        <ele>559.79998779296875</ele>
        <time>2026-07-07T06:05:40.000Z</time>
        <extensions>
          <ns3:TrackPointExtension>
            <ns3:hr>142</ns3:hr>
            <ns3:cad>53</ns3:cad>
          </ns3:TrackPointExtension>
        </extensions>
      </trkpt>
      <trkpt lat="43.73075648210942745208740234375" lon="7.348976433277130126953125">
        <ele>559</ele>
        <time>2026-07-07T06:05:45.000Z</time>
        <extensions>
          <ns3:TrackPointExtension>
            <ns3:hr>143</ns3:hr>
            <ns3:cad>0</ns3:cad>
          </ns3:TrackPointExtension>
        </extensions>
      </trkpt>
      <trkpt lat="43.730752877891063690185546875" lon="7.34898137860000133514404296875">
        <ele>559</ele>
        <time>2026-07-07T06:05:54.000Z</time>
        <extensions>
          <ns3:TrackPointExtension>
            <ns3:hr>144</ns3:hr>
            <ns3:cad>0</ns3:cad>
          </ns3:TrackPointExtension>
        </extensions>
      </trkpt>
      <trkpt lat="43.73075178824365139007568359375" lon="7.348978780210018157958984375">
        <ele>559.4000244140625</ele>
        <time>2026-07-07T06:05:59.000Z</time>
        <extensions>
          <ns3:TrackPointExtension>
            <ns3:hr>141</ns3:hr>
            <ns3:cad>0</ns3:cad>
          </ns3:TrackPointExtension>
        </extensions>
      </trkpt>
      <trkpt lat="43.73075178824365139007568359375" lon="7.348978780210018157958984375">
        <ele>559.20001220703125</ele>
        <time>2026-07-07T06:06:02.000Z</time>
        <extensions>
          <ns3:TrackPointExtension>
            <ns3:hr>138</ns3:hr>
            <ns3:cad>0</ns3:cad>
          </ns3:TrackPointExtension>
        </extensions>
      </trkpt>
      <trkpt lat="43.730752877891063690185546875" lon="7.34897651709616184234619140625">
        <ele>558.79998779296875</ele>
        <time>2026-07-07T06:06:20.000Z</time>
        <extensions>
          <ns3:TrackPointExtension>
            <ns3:hr>140</ns3:hr>
            <ns3:cad>0</ns3:cad>
          </ns3:TrackPointExtension>
        </extensions>
      </trkpt>
      <trkpt lat="43.73075514100492000579833984375" lon="7.34897199086844921112060546875">
        <ele>558.5999755859375</ele>
        <time>2026-07-07T06:06:21.000Z</time>
        <extensions>
          <ns3:TrackPointExtension>
            <ns3:hr>140</ns3:hr>
            <ns3:cad>0</ns3:cad>
          </ns3:TrackPointExtension>
        </extensions>
      </trkpt>
      <trkpt lat="43.730845749378204345703125" lon="7.34891197644174098968505859375">
        <ele>557.79998779296875</ele>
        <time>2026-07-07T06:06:28.000Z</time>
        <extensions>
          <ns3:TrackPointExtension>
            <ns3:hr>137</ns3:hr>
            <ns3:cad>0</ns3:cad>
          </ns3:TrackPointExtension>
        </extensions>
      </trkpt>
      <trkpt lat="43.73087097890675067901611328125" lon="7.348900325596332550048828125">
        <ele>557.79998779296875</ele>
        <time>2026-07-07T06:06:30.000Z</time>
        <extensions>
          <ns3:TrackPointExtension>
            <ns3:hr>136</ns3:hr>
            <ns3:cad>0</ns3:cad>
          </ns3:TrackPointExtension>
        </extensions>
      </trkpt>
      <trkpt lat="43.730895034968852996826171875" lon="7.34885078854858875274658203125">
        <ele>557.20001220703125</ele>
        <time>2026-07-07T06:06:35.000Z</time>
        <extensions>
          <ns3:TrackPointExtension>
            <ns3:hr>136</ns3:hr>
            <ns3:cad>53</ns3:cad>
          </ns3:TrackPointExtension>
        </extensions>
      </trkpt>
      <trkpt lat="43.73089872300624847412109375" lon="7.34879161231219768524169921875">
        <ele>557</ele>
        <time>2026-07-07T06:06:40.000Z</time>
        <extensions>
          <ns3:TrackPointExtension>
            <ns3:hr>130</ns3:hr>
            <ns3:cad>0</ns3:cad>
          </ns3:TrackPointExtension>
        </extensions>
      </trkpt>
      <trkpt lat="43.73090148903429508209228515625" lon="7.34878121875226497650146484375">
        <ele>556.79998779296875</ele>
        <time>2026-07-07T06:06:41.000Z</time>
        <extensions>
          <ns3:TrackPointExtension>
            <ns3:hr>127</ns3:hr>
            <ns3:cad>0</ns3:cad>
          </ns3:TrackPointExtension>
        </extensions>
      </trkpt>
      <trkpt lat="43.73090350069105625152587890625" lon="7.34876923263072967529296875">
        <ele>556.79998779296875</ele>
        <time>2026-07-07T06:06:42.000Z</time>
        <extensions>
          <ns3:TrackPointExtension>
            <ns3:hr>127</ns3:hr>
            <ns3:cad>0</ns3:cad>
          </ns3:TrackPointExtension>
        </extensions>
      </trkpt>
      <trkpt lat="43.73093065805733203887939453125" lon="7.34870754182338714599609375">
        <ele>555.5999755859375</ele>
        <time>2026-07-07T06:06:47.000Z</time>
        <extensions>
          <ns3:TrackPointExtension>
            <ns3:hr>126</ns3:hr>
            <ns3:cad>0</ns3:cad>
          </ns3:TrackPointExtension>
        </extensions>
      </trkpt>
      <trkpt lat="43.7309545464813709259033203125" lon="7.34869002364575862884521484375">
        <ele>555.4000244140625</ele>
        <time>2026-07-07T06:06:50.000Z</time>
        <extensions>
          <ns3:TrackPointExtension>
            <ns3:hr>127</ns3:hr>
            <ns3:cad>0</ns3:cad>
          </ns3:TrackPointExtension>
        </extensions>
      </trkpt>
      <trkpt lat="43.730952702462673187255859375" lon="7.34867342747747898101806640625">
        <ele>555.20001220703125</ele>
        <time>2026-07-07T06:06:52.000Z</time>
        <extensions>
          <ns3:TrackPointExtension>
            <ns3:hr>128</ns3:hr>
            <ns3:cad>0</ns3:cad>
          </ns3:TrackPointExtension>
        </extensions>
      </trkpt>
      <trkpt lat="43.7309334240853786468505859375" lon="7.34866001643240451812744140625">
        <ele>555</ele>
        <time>2026-07-07T06:06:54.000Z</time>
        <extensions>
          <ns3:TrackPointExtension>
            <ns3:hr>130</ns3:hr>
            <ns3:cad>0</ns3:cad>
          </ns3:TrackPointExtension>
        </extensions>
      </trkpt>
      <trkpt lat="43.73090668581426143646240234375" lon="7.34864727593958377838134765625">
        <ele>554.79998779296875</ele>
        <time>2026-07-07T06:06:57.000Z</time>
        <extensions>
          <ns3:TrackPointExtension>
            <ns3:hr>133</ns3:hr>
            <ns3:cad>0</ns3:cad>
          </ns3:TrackPointExtension>
        </extensions>
      </trkpt>
      <trkpt lat="43.7308891676366329193115234375" lon="7.34862917102873325347900390625">
        <ele>554.79998779296875</ele>
        <time>2026-07-07T06:06:59.000Z</time>
        <extensions>
          <ns3:TrackPointExtension>
            <ns3:hr>134</ns3:hr>
            <ns3:cad>0</ns3:cad>
          </ns3:TrackPointExtension>
        </extensions>
      </trkpt>
      <trkpt lat="43.73089595697820186614990234375" lon="7.3485970683395862579345703125">
        <ele>554.79998779296875</ele>
        <time>2026-07-07T06:07:01.000Z</time>
        <extensions>
          <ns3:TrackPointExtension>
            <ns3:hr>134</ns3:hr>
            <ns3:cad>0</ns3:cad>
          </ns3:TrackPointExtension>
        </extensions>
      </trkpt>
      <trkpt lat="43.7309039197862148284912109375" lon="7.3485860042273998260498046875">
        <ele>554.5999755859375</ele>
        <time>2026-07-07T06:07:02.000Z</time>
        <extensions>
          <ns3:TrackPointExtension>
            <ns3:hr>135</ns3:hr>
            <ns3:cad>47</ns3:cad>
          </ns3:TrackPointExtension>
        </extensions>
      </trkpt>
      <trkpt lat="43.73091213405132293701171875" lon="7.3485759459435939788818359375">
        <ele>554.5999755859375</ele>
        <time>2026-07-07T06:07:03.000Z</time>
        <extensions>
          <ns3:TrackPointExtension>
            <ns3:hr>135</ns3:hr>
            <ns3:cad>47</ns3:cad>
          </ns3:TrackPointExtension>
        </extensions>
      </trkpt>
      <trkpt lat="43.7309438176453113555908203125" lon="7.3485615290701389312744140625">
        <ele>554.20001220703125</ele>
        <time>2026-07-07T06:07:06.000Z</time>
        <extensions>
          <ns3:TrackPointExtension>
            <ns3:hr>134</ns3:hr>
            <ns3:cad>0</ns3:cad>
          </ns3:TrackPointExtension>
        </extensions>
      </trkpt>
      <trkpt lat="43.73098681680858135223388671875" lon="7.3485501296818256378173828125">
        <ele>554</ele>
        <time>2026-07-07T06:07:10.000Z</time>
        <extensions>
          <ns3:TrackPointExtension>
            <ns3:hr>135</ns3:hr>
            <ns3:cad>0</ns3:cad>
          </ns3:TrackPointExtension>
        </extensions>
      </trkpt>
      <trkpt lat="43.73100793920457363128662109375" lon="7.3485352098941802978515625">
        <ele>553.5999755859375</ele>
        <time>2026-07-07T06:07:12.000Z</time>
        <extensions>
          <ns3:TrackPointExtension>
            <ns3:hr>135</ns3:hr>
            <ns3:cad>0</ns3:cad>
          </ns3:TrackPointExtension>
        </extensions>
      </trkpt>
      <trkpt lat="43.7310474179685115814208984375" lon="7.34850562177598476409912109375">
        <ele>553.20001220703125</ele>
        <time>2026-07-07T06:07:16.000Z</time>
        <extensions>
          <ns3:TrackPointExtension>
            <ns3:hr>135</ns3:hr>
            <ns3:cad>57</ns3:cad>
          </ns3:TrackPointExtension>
        </extensions>
      </trkpt>
      <trkpt lat="43.7310591526329517364501953125" lon="7.348477542400360107421875">
        <ele>552.79998779296875</ele>
        <time>2026-07-07T06:07:18.000Z</time>
        <extensions>
          <ns3:TrackPointExtension>
            <ns3:hr>134</ns3:hr>
            <ns3:cad>0</ns3:cad>
          </ns3:TrackPointExtension>
        </extensions>
      </trkpt>
      <trkpt lat="43.73107331804931163787841796875" lon="7.34844778664410114288330078125">
        <ele>552.5999755859375</ele>
        <time>2026-07-07T06:07:21.000Z</time>
        <extensions>
          <ns3:TrackPointExtension>
            <ns3:hr>134</ns3:hr>
            <ns3:cad>0</ns3:cad>
          </ns3:TrackPointExtension>
        </extensions>
      </trkpt>
      <trkpt lat="43.73108941130340099334716796875" lon="7.34839632175862789154052734375">
        <ele>551.4000244140625</ele>
        <time>2026-07-07T06:07:25.000Z</time>
        <extensions>
          <ns3:TrackPointExtension>
            <ns3:hr>135</ns3:hr>
            <ns3:cad>0</ns3:cad>
          </ns3:TrackPointExtension>
        </extensions>
      </trkpt>
      <trkpt lat="43.73109142296016216278076171875" lon="7.3483834974467754364013671875">
        <ele>551.4000244140625</ele>
        <time>2026-07-07T06:07:26.000Z</time>
        <extensions>
          <ns3:TrackPointExtension>
            <ns3:hr>135</ns3:hr>
            <ns3:cad>0</ns3:cad>
          </ns3:TrackPointExtension>
        </extensions>
      </trkpt>
      <trkpt lat="43.731097877025604248046875" lon="7.34837436117231845855712890625">
        <ele>551.20001220703125</ele>
        <time>2026-07-07T06:07:27.000Z</time>
        <extensions>
          <ns3:TrackPointExtension>
            <ns3:hr>135</ns3:hr>
            <ns3:cad>0</ns3:cad>
          </ns3:TrackPointExtension>
        </extensions>
      </trkpt>
      <trkpt lat="43.731121681630611419677734375" lon="7.34834955073893070220947265625">
        <ele>550.79998779296875</ele>
        <time>2026-07-07T06:07:30.000Z</time>
        <extensions>
          <ns3:TrackPointExtension>
            <ns3:hr>135</ns3:hr>
            <ns3:cad>0</ns3:cad>
          </ns3:TrackPointExtension>
        </extensions>
      </trkpt>
      <trkpt lat="43.73112578876316547393798828125" lon="7.3483358882367610931396484375">
        <ele>550.5999755859375</ele>
        <time>2026-07-07T06:07:31.000Z</time>
        <extensions>
          <ns3:TrackPointExtension>
            <ns3:hr>136</ns3:hr>
            <ns3:cad>58</ns3:cad>
          </ns3:TrackPointExtension>
        </extensions>
      </trkpt>
      <trkpt lat="43.7311288900673389434814453125" lon="7.3483218066394329071044921875">
        <ele>550.4000244140625</ele>
        <time>2026-07-07T06:07:32.000Z</time>
        <extensions>
          <ns3:TrackPointExtension>
            <ns3:hr>137</ns3:hr>
            <ns3:cad>58</ns3:cad>
          </ns3:TrackPointExtension>
        </extensions>
      </trkpt>
      <trkpt lat="43.73114406131207942962646484375" lon="7.3482735268771648406982421875">
        <ele>550</ele>
        <time>2026-07-07T06:07:38.000Z</time>
        <extensions>
          <ns3:TrackPointExtension>
            <ns3:hr>138</ns3:hr>
            <ns3:cad>0</ns3:cad>
          </ns3:TrackPointExtension>
        </extensions>
      </trkpt>
      <trkpt lat="43.73116317205131053924560546875" lon="7.34825567342340946197509765625">
        <ele>549.5999755859375</ele>
        <time>2026-07-07T06:07:40.000Z</time>
        <extensions>
          <ns3:TrackPointExtension>
            <ns3:hr>137</ns3:hr>
            <ns3:cad>0</ns3:cad>
          </ns3:TrackPointExtension>
        </extensions>
      </trkpt>
      <trkpt lat="43.73117356561124324798583984375" lon="7.34824527986347675323486328125">
        <ele>549.4000244140625</ele>
        <time>2026-07-07T06:07:41.000Z</time>
        <extensions>
          <ns3:TrackPointExtension>
            <ns3:hr>137</ns3:hr>
            <ns3:cad>0</ns3:cad>
          </ns3:TrackPointExtension>
        </extensions>
      </trkpt>
      <trkpt lat="43.73120474629104137420654296875" lon="7.34824083745479583740234375">
        <ele>548.5999755859375</ele>
        <time>2026-07-07T06:07:44.000Z</time>
        <extensions>
          <ns3:TrackPointExtension>
            <ns3:hr>138</ns3:hr>
            <ns3:cad>0</ns3:cad>
          </ns3:TrackPointExtension>
        </extensions>
      </trkpt>
      <trkpt lat="43.7312172353267669677734375" lon="7.34823354519903659820556640625">
        <ele>548.4000244140625</ele>
        <time>2026-07-07T06:07:46.000Z</time>
        <extensions>
          <ns3:TrackPointExtension>
            <ns3:hr>138</ns3:hr>
            <ns3:cad>57</ns3:cad>
          </ns3:TrackPointExtension>
        </extensions>
      </trkpt>
      <trkpt lat="43.73121547512710094451904296875" lon="7.3482125066220760345458984375">
        <ele>548</ele>
        <time>2026-07-07T06:07:48.000Z</time>
        <extensions>
          <ns3:TrackPointExtension>
            <ns3:hr>138</ns3:hr>
            <ns3:cad>57</ns3:cad>
          </ns3:TrackPointExtension>
        </extensions>
      </trkpt>
      <trkpt lat="43.73122570104897022247314453125" lon="7.3481169529259204864501953125">
        <ele>547.4000244140625</ele>
        <time>2026-07-07T06:07:54.000Z</time>
        <extensions>
          <ns3:TrackPointExtension>
            <ns3:hr>138</ns3:hr>
            <ns3:cad>0</ns3:cad>
          </ns3:TrackPointExtension>
        </extensions>
      </trkpt>
      <trkpt lat="43.73123642988502979278564453125" lon="7.3480908013880252838134765625">
        <ele>547</ele>
        <time>2026-07-07T06:07:57.000Z</time>
        <extensions>
          <ns3:TrackPointExtension>
            <ns3:hr>136</ns3:hr>
            <ns3:cad>0</ns3:cad>
          </ns3:TrackPointExtension>
        </extensions>
      </trkpt>
      <trkpt lat="43.7312455661594867706298828125" lon="7.3480924777686595916748046875">
        <ele>547</ele>
        <time>2026-07-07T06:07:58.000Z</time>
        <extensions>
          <ns3:TrackPointExtension>
            <ns3:hr>135</ns3:hr>
            <ns3:cad>0</ns3:cad>
          </ns3:TrackPointExtension>
        </extensions>
      </trkpt>
      <trkpt lat="43.73125319369137287139892578125" lon="7.34806758351624011993408203125">
        <ele>546.20001220703125</ele>
        <time>2026-07-07T06:08:02.000Z</time>
        <extensions>
          <ns3:TrackPointExtension>
            <ns3:hr>136</ns3:hr>
            <ns3:cad>0</ns3:cad>
          </ns3:TrackPointExtension>
        </extensions>
      </trkpt>
      <trkpt lat="43.73124347068369388580322265625" lon="7.3480462096631526947021484375">
        <ele>545.5999755859375</ele>
        <time>2026-07-07T06:08:04.000Z</time>
        <extensions>
          <ns3:TrackPointExtension>
            <ns3:hr>135</ns3:hr>
            <ns3:cad>0</ns3:cad>
          </ns3:TrackPointExtension>
        </extensions>
      </trkpt>
      <trkpt lat="43.7312348373234272003173828125" lon="7.3479697667062282562255859375">
        <ele>545</ele>
        <time>2026-07-07T06:08:11.000Z</time>
        <extensions>
          <ns3:TrackPointExtension>
            <ns3:hr>135</ns3:hr>
            <ns3:cad>0</ns3:cad>
          </ns3:TrackPointExtension>
        </extensions>
      </trkpt>
      <trkpt lat="43.7312438897788524627685546875" lon="7.34793841838836669921875">
        <ele>544.4000244140625</ele>
        <time>2026-07-07T06:08:17.000Z</time>
        <extensions>
          <ns3:TrackPointExtension>
            <ns3:hr>135</ns3:hr>
            <ns3:cad>0</ns3:cad>
          </ns3:TrackPointExtension>
        </extensions>
      </trkpt>
      <trkpt lat="43.73124397359788417816162109375" lon="7.34791553579270839691162109375">
        <ele>544</ele>
        <time>2026-07-07T06:08:19.000Z</time>
        <extensions>
          <ns3:TrackPointExtension>
            <ns3:hr>135</ns3:hr>
            <ns3:cad>0</ns3:cad>
          </ns3:TrackPointExtension>
        </extensions>
      </trkpt>
      <trkpt lat="43.7312351725995540618896484375" lon="7.34788888134062290191650390625">
        <ele>543.4000244140625</ele>
        <time>2026-07-07T06:08:21.000Z</time>
        <extensions>
          <ns3:TrackPointExtension>
            <ns3:hr>135</ns3:hr>
            <ns3:cad>0</ns3:cad>
          </ns3:TrackPointExtension>
        </extensions>
      </trkpt>
      <trkpt lat="43.731226287782192230224609375" lon="7.34786105342209339141845703125">
        <ele>543</ele>
        <time>2026-07-07T06:08:23.000Z</time>
        <extensions>
          <ns3:TrackPointExtension>
            <ns3:hr>135</ns3:hr>
            <ns3:cad>0</ns3:cad>
          </ns3:TrackPointExtension>
        </extensions>
      </trkpt>
      <trkpt lat="43.73122720979154109954833984375" lon="7.347835488617420196533203125">
        <ele>542.79998779296875</ele>
        <time>2026-07-07T06:08:25.000Z</time>
        <extensions>
          <ns3:TrackPointExtension>
            <ns3:hr>136</ns3:hr>
            <ns3:cad>0</ns3:cad>
          </ns3:TrackPointExtension>
        </extensions>
      </trkpt>
      <trkpt lat="43.73124866746366024017333984375" lon="7.34780690632760524749755859375">
        <ele>542</ele>
        <time>2026-07-07T06:08:30.000Z</time>
        <extensions>
          <ns3:TrackPointExtension>
            <ns3:hr>135</ns3:hr>
            <ns3:cad>0</ns3:cad>
          </ns3:TrackPointExtension>
        </extensions>
      </trkpt>
      <trkpt lat="43.7312720529735088348388671875" lon="7.34778930433094501495361328125">
        <ele>541.4000244140625</ele>
        <time>2026-07-07T06:08:33.000Z</time>
        <extensions>
          <ns3:TrackPointExtension>
            <ns3:hr>135</ns3:hr>
            <ns3:cad>0</ns3:cad>
          </ns3:TrackPointExtension>
        </extensions>
      </trkpt>
      <trkpt lat="43.7312992103397846221923828125" lon="7.3477568663656711578369140625">
        <ele>540.5999755859375</ele>
        <time>2026-07-07T06:08:37.000Z</time>
        <extensions>
          <ns3:TrackPointExtension>
            <ns3:hr>135</ns3:hr>
            <ns3:cad>60</ns3:cad>
          </ns3:TrackPointExtension>
        </extensions>
      </trkpt>
      <trkpt lat="43.7313005514442920684814453125" lon="7.34774420969188213348388671875">
        <ele>540.5999755859375</ele>
        <time>2026-07-07T06:08:38.000Z</time>
        <extensions>
          <ns3:TrackPointExtension>
            <ns3:hr>136</ns3:hr>
            <ns3:cad>60</ns3:cad>
          </ns3:TrackPointExtension>
        </extensions>
      </trkpt>
      <trkpt lat="43.73130247928202152252197265625" lon="7.34773012809455394744873046875">
        <ele>540.20001220703125</ele>
        <time>2026-07-07T06:08:39.000Z</time>
        <extensions>
          <ns3:TrackPointExtension>
            <ns3:hr>136</ns3:hr>
            <ns3:cad>60</ns3:cad>
          </ns3:TrackPointExtension>
        </extensions>
      </trkpt>
      <trkpt lat="43.73131454922258853912353515625" lon="7.347686290740966796875">
        <ele>539.79998779296875</ele>
        <time>2026-07-07T06:08:42.000Z</time>
        <extensions>
          <ns3:TrackPointExtension>
            <ns3:hr>136</ns3:hr>
            <ns3:cad>53</ns3:cad>
          </ns3:TrackPointExtension>
        </extensions>
      </trkpt>
      <trkpt lat="43.7313236854970455169677734375" lon="7.34766684472560882568359375">
        <ele>539.5999755859375</ele>
        <time>2026-07-07T06:08:44.000Z</time>
        <extensions>
          <ns3:TrackPointExtension>
            <ns3:hr>136</ns3:hr>
            <ns3:cad>54</ns3:cad>
          </ns3:TrackPointExtension>
        </extensions>
      </trkpt>
      <trkpt lat="43.7313364259898662567138671875" lon="7.347643710672855377197265625">
        <ele>539</ele>
        <time>2026-07-07T06:08:46.000Z</time>
        <extensions>
          <ns3:TrackPointExtension>
            <ns3:hr>136</ns3:hr>
            <ns3:cad>54</ns3:cad>
          </ns3:TrackPointExtension>
        </extensions>
      </trkpt>
      <trkpt lat="43.73137154616415500640869140625" lon="7.3475919105112552642822265625">
        <ele>538.20001220703125</ele>
        <time>2026-07-07T06:08:51.000Z</time>
        <extensions>
          <ns3:TrackPointExtension>
            <ns3:hr>138</ns3:hr>
            <ns3:cad>0</ns3:cad>
          </ns3:TrackPointExtension>
        </extensions>
      </trkpt>
      <trkpt lat="43.7313826940953731536865234375" lon="7.3475674353539943695068359375">
        <ele>538</ele>
        <time>2026-07-07T06:08:53.000Z</time>
        <extensions>
          <ns3:TrackPointExtension>
            <ns3:hr>137</ns3:hr>
            <ns3:cad>0</ns3:cad>
          </ns3:TrackPointExtension>
        </extensions>
      </trkpt>
      <trkpt lat="43.73144094832241535186767578125" lon="7.34749116003513336181640625">
        <ele>536.79998779296875</ele>
        <time>2026-07-07T06:09:00.000Z</time>
        <extensions>
          <ns3:TrackPointExtension>
            <ns3:hr>136</ns3:hr>
            <ns3:cad>55</ns3:cad>
          </ns3:TrackPointExtension>
        </extensions>
      </trkpt>
      <trkpt lat="43.73144748620688915252685546875" lon="7.3474832810461521148681640625">
        <ele>536.5999755859375</ele>
        <time>2026-07-07T06:09:01.000Z</time>
        <extensions>
          <ns3:TrackPointExtension>
            <ns3:hr>136</ns3:hr>
            <ns3:cad>55</ns3:cad>
          </ns3:TrackPointExtension>
        </extensions>
      </trkpt>
      <trkpt lat="43.7314769066870212554931640625" lon="7.34743215143680572509765625">
        <ele>535.79998779296875</ele>
        <time>2026-07-07T06:09:06.000Z</time>
        <extensions>
          <ns3:TrackPointExtension>
            <ns3:hr>134</ns3:hr>
            <ns3:cad>0</ns3:cad>
          </ns3:TrackPointExtension>
        </extensions>
      </trkpt>
      <trkpt lat="43.731482438743114471435546875" lon="7.34739786945283412933349609375">
        <ele>535.20001220703125</ele>
        <time>2026-07-07T06:09:09.000Z</time>
        <extensions>
          <ns3:TrackPointExtension>
            <ns3:hr>134</ns3:hr>
            <ns3:cad>51</ns3:cad>
          </ns3:TrackPointExtension>
        </extensions>
      </trkpt>
      <trkpt lat="43.73150330968201160430908203125" lon="7.3473505116999149322509765625">
        <ele>534.4000244140625</ele>
        <time>2026-07-07T06:09:12.000Z</time>
        <extensions>
          <ns3:TrackPointExtension>
            <ns3:hr>134</ns3:hr>
            <ns3:cad>57</ns3:cad>
          </ns3:TrackPointExtension>
        </extensions>
      </trkpt>
      <trkpt lat="43.7315526790916919708251953125" lon="7.3473121225833892822265625">
        <ele>534.20001220703125</ele>
        <time>2026-07-07T06:09:16.000Z</time>
        <extensions>
          <ns3:TrackPointExtension>
            <ns3:hr>133</ns3:hr>
            <ns3:cad>57</ns3:cad>
          </ns3:TrackPointExtension>
        </extensions>
      </trkpt>
      <trkpt lat="43.73163708485662937164306640625" lon="7.3472209274768829345703125">
        <ele>533.4000244140625</ele>
        <time>2026-07-07T06:09:25.000Z</time>
        <extensions>
          <ns3:TrackPointExtension>
            <ns3:hr>131</ns3:hr>
            <ns3:cad>0</ns3:cad>
          </ns3:TrackPointExtension>
        </extensions>
      </trkpt>
      <trkpt lat="43.7316358275711536407470703125" lon="7.347207181155681610107421875">
        <ele>533.4000244140625</ele>
        <time>2026-07-07T06:09:26.000Z</time>
        <extensions>
          <ns3:TrackPointExtension>
            <ns3:hr>130</ns3:hr>
            <ns3:cad>0</ns3:cad>
          </ns3:TrackPointExtension>
        </extensions>
      </trkpt>
      <trkpt lat="43.7316157110035419464111328125" lon="7.347138784825801849365234375">
        <ele>533.4000244140625</ele>
        <time>2026-07-07T06:09:30.000Z</time>
        <extensions>
          <ns3:TrackPointExtension>
            <ns3:hr>128</ns3:hr>
            <ns3:cad>53</ns3:cad>
          </ns3:TrackPointExtension>
        </extensions>
      </trkpt>
      <trkpt lat="43.7316088378429412841796875" lon="7.34712227247655391693115234375">
        <ele>533.4000244140625</ele>
        <time>2026-07-07T06:09:31.000Z</time>
        <extensions>
          <ns3:TrackPointExtension>
            <ns3:hr>128</ns3:hr>
            <ns3:cad>53</ns3:cad>
          </ns3:TrackPointExtension>
        </extensions>
      </trkpt>
      <trkpt lat="43.73160188086330890655517578125" lon="7.34708690084517002105712890625">
        <ele>533.20001220703125</ele>
        <time>2026-07-07T06:09:34.000Z</time>
        <extensions>
          <ns3:TrackPointExtension>
            <ns3:hr>128</ns3:hr>
            <ns3:cad>53</ns3:cad>
          </ns3:TrackPointExtension>
        </extensions>
      </trkpt>
      <trkpt lat="43.731603138148784637451171875" lon="7.34704448841512203216552734375">
        <ele>532.79998779296875</ele>
        <time>2026-07-07T06:09:37.000Z</time>
        <extensions>
          <ns3:TrackPointExtension>
            <ns3:hr>128</ns3:hr>
            <ns3:cad>0</ns3:cad>
          </ns3:TrackPointExtension>
        </extensions>
      </trkpt>
      <trkpt lat="43.73160506598651409149169921875" lon="7.34700827859342098236083984375">
        <ele>532.20001220703125</ele>
        <time>2026-07-07T06:09:39.000Z</time>
        <extensions>
          <ns3:TrackPointExtension>
            <ns3:hr>128</ns3:hr>
            <ns3:cad>0</ns3:cad>
          </ns3:TrackPointExtension>
        </extensions>
      </trkpt>
      <trkpt lat="43.73159073293209075927734375" lon="7.34688003547489643096923828125">
        <ele>531.5999755859375</ele>
        <time>2026-07-07T06:09:47.000Z</time>
        <extensions>
          <ns3:TrackPointExtension>
            <ns3:hr>130</ns3:hr>
            <ns3:cad>0</ns3:cad>
          </ns3:TrackPointExtension>
        </extensions>
      </trkpt>
      <trkpt lat="43.731579668819904327392578125" lon="7.34684147872030735015869140625">
        <ele>531.5999755859375</ele>
        <time>2026-07-07T06:09:52.000Z</time>
        <extensions>
          <ns3:TrackPointExtension>
            <ns3:hr>128</ns3:hr>
            <ns3:cad>0</ns3:cad>
          </ns3:TrackPointExtension>
        </extensions>
      </trkpt>
      <trkpt lat="43.73156231828033924102783203125" lon="7.3467805422842502593994140625">
        <ele>532</ele>
        <time>2026-07-07T06:09:57.000Z</time>
        <extensions>
          <ns3:TrackPointExtension>
            <ns3:hr>128</ns3:hr>
            <ns3:cad>0</ns3:cad>
          </ns3:TrackPointExtension>
        </extensions>
      </trkpt>
      <trkpt lat="43.73156667686998844146728515625" lon="7.34676537103950977325439453125">
        <ele>532</ele>
        <time>2026-07-07T06:09:58.000Z</time>
        <extensions>
          <ns3:TrackPointExtension>
            <ns3:hr>128</ns3:hr>
            <ns3:cad>0</ns3:cad>
          </ns3:TrackPointExtension>
        </extensions>
      </trkpt>
      <trkpt lat="43.7315766513347625732421875" lon="7.3467242158949375152587890625">
        <ele>532</ele>
        <time>2026-07-07T06:10:01.000Z</time>
        <extensions>
          <ns3:TrackPointExtension>
            <ns3:hr>128</ns3:hr>
            <ns3:cad>0</ns3:cad>
          </ns3:TrackPointExtension>
        </extensions>
      </trkpt>
      <trkpt lat="43.73158377595245838165283203125" lon="7.3466635309159755706787109375">
        <ele>532</ele>
        <time>2026-07-07T06:10:05.000Z</time>
        <extensions>
          <ns3:TrackPointExtension>
            <ns3:hr>129</ns3:hr>
            <ns3:cad>40</ns3:cad>
          </ns3:TrackPointExtension>
        </extensions>
      </trkpt>
      <trkpt lat="43.7315873801708221435546875" lon="7.3466531373560428619384765625">
        <ele>532</ele>
        <time>2026-07-07T06:10:06.000Z</time>
        <extensions>
          <ns3:TrackPointExtension>
            <ns3:hr>129</ns3:hr>
            <ns3:cad>40</ns3:cad>
          </ns3:TrackPointExtension>
        </extensions>
      </trkpt>
      <trkpt lat="43.73161378316581249237060546875" lon="7.34656521119177341461181640625">
        <ele>531.5999755859375</ele>
        <time>2026-07-07T06:10:13.000Z</time>
        <extensions>
          <ns3:TrackPointExtension>
            <ns3:hr>130</ns3:hr>
            <ns3:cad>60</ns3:cad>
          </ns3:TrackPointExtension>
        </extensions>
      </trkpt>
      <trkpt lat="43.731646724045276641845703125" lon="7.3465398140251636505126953125">
        <ele>531</ele>
        <time>2026-07-07T06:10:17.000Z</time>
        <extensions>
          <ns3:TrackPointExtension>
            <ns3:hr>130</ns3:hr>
            <ns3:cad>0</ns3:cad>
          </ns3:TrackPointExtension>
        </extensions>
      </trkpt>
      <trkpt lat="43.73167295940220355987548828125" lon="7.34651139937341213226318359375">
        <ele>530.79998779296875</ele>
        <time>2026-07-07T06:10:20.000Z</time>
        <extensions>
          <ns3:TrackPointExtension>
            <ns3:hr>131</ns3:hr>
            <ns3:cad>0</ns3:cad>
          </ns3:TrackPointExtension>
        </extensions>
      </trkpt>
      <trkpt lat="43.731690309941768646240234375" lon="7.34647166915237903594970703125">
        <ele>530</ele>
        <time>2026-07-07T06:10:23.000Z</time>
        <extensions>
          <ns3:TrackPointExtension>
            <ns3:hr>132</ns3:hr>
            <ns3:cad>0</ns3:cad>
          </ns3:TrackPointExtension>
        </extensions>
      </trkpt>
      <trkpt lat="43.73172727413475513458251953125" lon="7.3463718406856060028076171875">
        <ele>529.79998779296875</ele>
        <time>2026-07-07T06:10:30.000Z</time>
        <extensions>
          <ns3:TrackPointExtension>
            <ns3:hr>132</ns3:hr>
            <ns3:cad>53</ns3:cad>
          </ns3:TrackPointExtension>
        </extensions>
      </trkpt>
      <trkpt lat="43.73173557221889495849609375" lon="7.34630688093602657318115234375">
        <ele>530</ele>
        <time>2026-07-07T06:10:35.000Z</time>
        <extensions>
          <ns3:TrackPointExtension>
            <ns3:hr>131</ns3:hr>
            <ns3:cad>46</ns3:cad>
          </ns3:TrackPointExtension>
        </extensions>
      </trkpt>
      <trkpt lat="43.731739260256290435791015625" lon="7.34628257341682910919189453125">
        <ele>530</ele>
        <time>2026-07-07T06:10:37.000Z</time>
        <extensions>
          <ns3:TrackPointExtension>
            <ns3:hr>132</ns3:hr>
            <ns3:cad>0</ns3:cad>
          </ns3:TrackPointExtension>
        </extensions>
      </trkpt>
      <trkpt lat="43.73177102766931056976318359375" lon="7.34619355760514736175537109375">
        <ele>529</ele>
        <time>2026-07-07T06:10:45.000Z</time>
        <extensions>
          <ns3:TrackPointExtension>
            <ns3:hr>130</ns3:hr>
            <ns3:cad>0</ns3:cad>
          </ns3:TrackPointExtension>
        </extensions>
      </trkpt>
      <trkpt lat="43.731774799525737762451171875" lon="7.34617008827626705169677734375">
        <ele>529</ele>
        <time>2026-07-07T06:10:47.000Z</time>
        <extensions>
          <ns3:TrackPointExtension>
            <ns3:hr>130</ns3:hr>
            <ns3:cad>0</ns3:cad>
          </ns3:TrackPointExtension>
        </extensions>
      </trkpt>
      <trkpt lat="43.73177035711705684661865234375" lon="7.34610848128795623779296875">
        <ele>528.4000244140625</ele>
        <time>2026-07-07T06:10:52.000Z</time>
        <extensions>
          <ns3:TrackPointExtension>
            <ns3:hr>133</ns3:hr>
            <ns3:cad>0</ns3:cad>
          </ns3:TrackPointExtension>
        </extensions>
      </trkpt>
      <trkpt lat="43.73176105320453643798828125" lon="7.346080653369426727294921875">
        <ele>527.79998779296875</ele>
        <time>2026-07-07T06:10:54.000Z</time>
        <extensions>
          <ns3:TrackPointExtension>
            <ns3:hr>134</ns3:hr>
            <ns3:cad>0</ns3:cad>
          </ns3:TrackPointExtension>
        </extensions>
      </trkpt>
      <trkpt lat="43.73174169100821018218994140625" lon="7.346006222069263458251953125">
        <ele>527.20001220703125</ele>
        <time>2026-07-07T06:11:02.000Z</time>
        <extensions>
          <ns3:TrackPointExtension>
            <ns3:hr>135</ns3:hr>
            <ns3:cad>45</ns3:cad>
          </ns3:TrackPointExtension>
        </extensions>
      </trkpt>
      <trkpt lat="43.73173967935144901275634765625" lon="7.345977388322353363037109375">
        <ele>527</ele>
        <time>2026-07-07T06:11:07.000Z</time>
        <extensions>
          <ns3:TrackPointExtension>
            <ns3:hr>130</ns3:hr>
            <ns3:cad>0</ns3:cad>
          </ns3:TrackPointExtension>
        </extensions>
      </trkpt>
      <trkpt lat="43.73174537904560565948486328125" lon="7.34597302973270416259765625">
        <ele>526.5999755859375</ele>
        <time>2026-07-07T06:11:08.000Z</time>
        <extensions>
          <ns3:TrackPointExtension>
            <ns3:hr>130</ns3:hr>
            <ns3:cad>0</ns3:cad>
          </ns3:TrackPointExtension>
        </extensions>
      </trkpt>
      <trkpt lat="43.7317483127117156982421875" lon="7.34596724621951580047607421875">
        <ele>526.4000244140625</ele>
        <time>2026-07-07T06:11:09.000Z</time>
        <extensions>
          <ns3:TrackPointExtension>
            <ns3:hr>130</ns3:hr>
            <ns3:cad>0</ns3:cad>
          </ns3:TrackPointExtension>
        </extensions>
      </trkpt>
      <trkpt lat="43.7317508272826671600341796875" lon="7.34593489207327365875244140625">
        <ele>525.5999755859375</ele>
        <time>2026-07-07T06:11:13.000Z</time>
        <extensions>
          <ns3:TrackPointExtension>
            <ns3:hr>130</ns3:hr>
            <ns3:cad>0</ns3:cad>
          </ns3:TrackPointExtension>
        </extensions>
      </trkpt>
      <trkpt lat="43.7317662499845027923583984375" lon="7.34590354375541210174560546875">
        <ele>525</ele>
        <time>2026-07-07T06:11:16.000Z</time>
        <extensions>
          <ns3:TrackPointExtension>
            <ns3:hr>132</ns3:hr>
            <ns3:cad>0</ns3:cad>
          </ns3:TrackPointExtension>
        </extensions>
      </trkpt>
      <trkpt lat="43.731784187257289886474609375" lon="7.345884852111339569091796875">
        <ele>524.4000244140625</ele>
        <time>2026-07-07T06:11:18.000Z</time>
        <extensions>
          <ns3:TrackPointExtension>
            <ns3:hr>132</ns3:hr>
            <ns3:cad>0</ns3:cad>
          </ns3:TrackPointExtension>
        </extensions>
      </trkpt>
      <trkpt lat="43.7318027950823307037353515625" lon="7.3458323813974857330322265625">
        <ele>523.20001220703125</ele>
        <time>2026-07-07T06:11:22.000Z</time>
        <extensions>
          <ns3:TrackPointExtension>
            <ns3:hr>132</ns3:hr>
            <ns3:cad>0</ns3:cad>
          </ns3:TrackPointExtension>
        </extensions>
      </trkpt>
      <trkpt lat="43.7318068183958530426025390625" lon="7.34581637196242809295654296875">
        <ele>523</ele>
        <time>2026-07-07T06:11:23.000Z</time>
        <extensions>
          <ns3:TrackPointExtension>
            <ns3:hr>132</ns3:hr>
            <ns3:cad>0</ns3:cad>
          </ns3:TrackPointExtension>
        </extensions>
      </trkpt>
      <trkpt lat="43.7318259291350841522216796875" lon="7.34576926566660404205322265625">
        <ele>522</ele>
        <time>2026-07-07T06:11:26.000Z</time>
        <extensions>
          <ns3:TrackPointExtension>
            <ns3:hr>133</ns3:hr>
            <ns3:cad>62</ns3:cad>
          </ns3:TrackPointExtension>
        </extensions>
      </trkpt>
      <trkpt lat="43.73184663243591785430908203125" lon="7.34569064341485500335693359375">
        <ele>521</ele>
        <time>2026-07-07T06:11:31.000Z</time>
        <extensions>
          <ns3:TrackPointExtension>
            <ns3:hr>135</ns3:hr>
            <ns3:cad>62</ns3:cad>
          </ns3:TrackPointExtension>
        </extensions>
      </trkpt>
      <trkpt lat="43.73184956610202789306640625" lon="7.34567488543689250946044921875">
        <ele>521</ele>
        <time>2026-07-07T06:11:32.000Z</time>
        <extensions>
          <ns3:TrackPointExtension>
            <ns3:hr>135</ns3:hr>
            <ns3:cad>62</ns3:cad>
          </ns3:TrackPointExtension>
        </extensions>
      </trkpt>
      <trkpt lat="43.73186993412673473358154296875" lon="7.34560380689799785614013671875">
        <ele>520.20001220703125</ele>
        <time>2026-07-07T06:11:38.000Z</time>
        <extensions>
          <ns3:TrackPointExtension>
            <ns3:hr>135</ns3:hr>
            <ns3:cad>62</ns3:cad>
          </ns3:TrackPointExtension>
        </extensions>
      </trkpt>
      <trkpt lat="43.7318708561360836029052734375" lon="7.34557346440851688385009765625">
        <ele>519.79998779296875</ele>
        <time>2026-07-07T06:11:40.000Z</time>
        <extensions>
          <ns3:TrackPointExtension>
            <ns3:hr>135</ns3:hr>
            <ns3:cad>62</ns3:cad>
          </ns3:TrackPointExtension>
        </extensions>
      </trkpt>
      <trkpt lat="43.73187513090670108795166015625" lon="7.34549618326127529144287109375">
        <ele>518.5999755859375</ele>
        <time>2026-07-07T06:11:45.000Z</time>
        <extensions>
          <ns3:TrackPointExtension>
            <ns3:hr>135</ns3:hr>
            <ns3:cad>0</ns3:cad>
          </ns3:TrackPointExtension>
        </extensions>
      </trkpt>
      <trkpt lat="43.73188753612339496612548828125" lon="7.345461733639240264892578125">
        <ele>517.5999755859375</ele>
        <time>2026-07-07T06:11:48.000Z</time>
        <extensions>
          <ns3:TrackPointExtension>
            <ns3:hr>135</ns3:hr>
            <ns3:cad>0</ns3:cad>
          </ns3:TrackPointExtension>
        </extensions>
      </trkpt>
      <trkpt lat="43.73189323581755161285400390625" lon="7.3454501666128635406494140625">
        <ele>517.4000244140625</ele>
        <time>2026-07-07T06:11:49.000Z</time>
        <extensions>
          <ns3:TrackPointExtension>
            <ns3:hr>135</ns3:hr>
            <ns3:cad>0</ns3:cad>
          </ns3:TrackPointExtension>
        </extensions>
      </trkpt>
      <trkpt lat="43.73190346173942089080810546875" lon="7.34539492987096309661865234375">
        <ele>516.20001220703125</ele>
        <time>2026-07-07T06:11:55.000Z</time>
        <extensions>
          <ns3:TrackPointExtension>
            <ns3:hr>135</ns3:hr>
            <ns3:cad>0</ns3:cad>
          </ns3:TrackPointExtension>
        </extensions>
      </trkpt>
      <trkpt lat="43.73190195299685001373291015625" lon="7.34537883661687374114990234375">
        <ele>516</ele>
        <time>2026-07-07T06:11:56.000Z</time>
        <extensions>
          <ns3:TrackPointExtension>
            <ns3:hr>135</ns3:hr>
            <ns3:cad>0</ns3:cad>
          </ns3:TrackPointExtension>
        </extensions>
      </trkpt>
      <trkpt lat="43.73190212063491344451904296875" lon="7.34536676667630672454833984375">
        <ele>515.5999755859375</ele>
        <time>2026-07-07T06:12:02.000Z</time>
        <extensions>
          <ns3:TrackPointExtension>
            <ns3:hr>135</ns3:hr>
            <ns3:cad>0</ns3:cad>
          </ns3:TrackPointExtension>
        </extensions>
      </trkpt>
      <trkpt lat="43.73189985752105712890625" lon="7.34536592848598957061767578125">
        <ele>515.5999755859375</ele>
        <time>2026-07-07T06:12:10.000Z</time>
        <extensions>
          <ns3:TrackPointExtension>
            <ns3:hr>135</ns3:hr>
            <ns3:cad>0</ns3:cad>
          </ns3:TrackPointExtension>
        </extensions>
      </trkpt>
      <trkpt lat="43.73189985752105712890625" lon="7.34536592848598957061767578125">
        <ele>515.5999755859375</ele>
        <time>2026-07-07T06:12:12.000Z</time>
        <extensions>
          <ns3:TrackPointExtension>
            <ns3:hr>132</ns3:hr>
            <ns3:cad>0</ns3:cad>
          </ns3:TrackPointExtension>
        </extensions>
      </trkpt>
      <trkpt lat="43.73189994134008884429931640625" lon="7.34536592848598957061767578125">
        <ele>515.5999755859375</ele>
        <time>2026-07-07T06:12:18.000Z</time>
        <extensions>
          <ns3:TrackPointExtension>
            <ns3:hr>129</ns3:hr>
            <ns3:cad>0</ns3:cad>
          </ns3:TrackPointExtension>
        </extensions>
      </trkpt>
      <trkpt lat="43.73190111480653285980224609375" lon="7.3453663475811481475830078125">
        <ele>515</ele>
        <time>2026-07-07T06:12:26.000Z</time>
        <extensions>
          <ns3:TrackPointExtension>
            <ns3:hr>129</ns3:hr>
            <ns3:cad>0</ns3:cad>
          </ns3:TrackPointExtension>
        </extensions>
      </trkpt>
      <trkpt lat="43.7319529987871646881103515625" lon="7.345341034233570098876953125">
        <ele>514</ele>
        <time>2026-07-07T06:12:31.000Z</time>
        <extensions>
          <ns3:TrackPointExtension>
            <ns3:hr>130</ns3:hr>
            <ns3:cad>60</ns3:cad>
          </ns3:TrackPointExtension>
        </extensions>
      </trkpt>
      <trkpt lat="43.73200236819684505462646484375" lon="7.34527171589434146881103515625">
        <ele>512.79998779296875</ele>
        <time>2026-07-07T06:12:36.000Z</time>
        <extensions>
          <ns3:TrackPointExtension>
            <ns3:hr>128</ns3:hr>
            <ns3:cad>60</ns3:cad>
          </ns3:TrackPointExtension>
        </extensions>
      </trkpt>
      <trkpt lat="43.73200915753841400146484375" lon="7.3452439717948436737060546875">
        <ele>512.20001220703125</ele>
        <time>2026-07-07T06:12:38.000Z</time>
        <extensions>
          <ns3:TrackPointExtension>
            <ns3:hr>124</ns3:hr>
            <ns3:cad>61</ns3:cad>
          </ns3:TrackPointExtension>
        </extensions>
      </trkpt>
      <trkpt lat="43.73201142065227031707763671875" lon="7.3452127911150455474853515625">
        <ele>511.600006103515625</ele>
        <time>2026-07-07T06:12:40.000Z</time>
        <extensions>
          <ns3:TrackPointExtension>
            <ns3:hr>121</ns3:hr>
            <ns3:cad>61</ns3:cad>
          </ns3:TrackPointExtension>
        </extensions>
      </trkpt>
      <trkpt lat="43.7320167012512683868408203125" lon="7.3451256193220615386962890625">
        <ele>510.399993896484375</ele>
        <time>2026-07-07T06:12:45.000Z</time>
        <extensions>
          <ns3:TrackPointExtension>
            <ns3:hr>120</ns3:hr>
            <ns3:cad>61</ns3:cad>
          </ns3:TrackPointExtension>
        </extensions>
      </trkpt>
      <trkpt lat="43.7320113368332386016845703125" lon="7.3450736515223979949951171875">
        <ele>509.399993896484375</ele>
        <time>2026-07-07T06:12:48.000Z</time>
        <extensions>
          <ns3:TrackPointExtension>
            <ns3:hr>120</ns3:hr>
            <ns3:cad>61</ns3:cad>
          </ns3:TrackPointExtension>
        </extensions>
      </trkpt>
      <trkpt lat="43.7320106662809848785400390625" lon="7.3450555466115474700927734375">
        <ele>509.399993896484375</ele>
        <time>2026-07-07T06:12:49.000Z</time>
        <extensions>
          <ns3:TrackPointExtension>
            <ns3:hr>120</ns3:hr>
            <ns3:cad>61</ns3:cad>
          </ns3:TrackPointExtension>
        </extensions>
      </trkpt>
      <trkpt lat="43.73200756497681140899658203125" lon="7.34502620995044708251953125">
        <ele>508.79998779296875</ele>
        <time>2026-07-07T06:12:51.000Z</time>
        <extensions>
          <ns3:TrackPointExtension>
            <ns3:hr>120</ns3:hr>
            <ns3:cad>61</ns3:cad>
          </ns3:TrackPointExtension>
        </extensions>
      </trkpt>
      <trkpt lat="43.731996752321720123291015625" lon="7.344990335404872894287109375">
        <ele>508.20001220703125</ele>
        <time>2026-07-07T06:12:54.000Z</time>
        <extensions>
          <ns3:TrackPointExtension>
            <ns3:hr>121</ns3:hr>
            <ns3:cad>50</ns3:cad>
          </ns3:TrackPointExtension>
        </extensions>
      </trkpt>
      <trkpt lat="43.73199281282722949981689453125" lon="7.34498471952974796295166015625">
        <ele>508.20001220703125</ele>
        <time>2026-07-07T06:12:55.000Z</time>
        <extensions>
          <ns3:TrackPointExtension>
            <ns3:hr>122</ns3:hr>
            <ns3:cad>48</ns3:cad>
          </ns3:TrackPointExtension>
        </extensions>
      </trkpt>
      <trkpt lat="43.73198275454342365264892578125" lon="7.34496762044727802276611328125">
        <ele>508</ele>
        <time>2026-07-07T06:12:57.000Z</time>
        <extensions>
          <ns3:TrackPointExtension>
            <ns3:hr>125</ns3:hr>
            <ns3:cad>48</ns3:cad>
          </ns3:TrackPointExtension>
        </extensions>
      </trkpt>
      <trkpt lat="43.7319811619818210601806640625" lon="7.34492822550237178802490234375">
        <ele>507.399993896484375</ele>
        <time>2026-07-07T06:13:02.000Z</time>
        <extensions>
          <ns3:TrackPointExtension>
            <ns3:hr>127</ns3:hr>
            <ns3:cad>0</ns3:cad>
          </ns3:TrackPointExtension>
        </extensions>
      </trkpt>
      <trkpt lat="43.73198225162923336029052734375" lon="7.34492965042591094970703125">
        <ele>507.20001220703125</ele>
        <time>2026-07-07T06:13:03.000Z</time>
        <extensions>
          <ns3:TrackPointExtension>
            <ns3:hr>128</ns3:hr>
            <ns3:cad>0</ns3:cad>
          </ns3:TrackPointExtension>
        </extensions>
      </trkpt>
      <trkpt lat="43.7319861911237239837646484375" lon="7.34492889605462551116943359375">
        <ele>507.399993896484375</ele>
        <time>2026-07-07T06:13:11.000Z</time>
        <extensions>
          <ns3:TrackPointExtension>
            <ns3:hr>128</ns3:hr>
            <ns3:cad>0</ns3:cad>
          </ns3:TrackPointExtension>
        </extensions>
      </trkpt>
      <trkpt lat="43.73200873844325542449951171875" lon="7.344867624342441558837890625">
        <ele>506.20001220703125</ele>
        <time>2026-07-07T06:13:19.000Z</time>
        <extensions>
          <ns3:TrackPointExtension>
            <ns3:hr>126</ns3:hr>
            <ns3:cad>56</ns3:cad>
          </ns3:TrackPointExtension>
        </extensions>
      </trkpt>
      <trkpt lat="43.732012175023555755615234375" lon="7.34484960325062274932861328125">
        <ele>506</ele>
        <time>2026-07-07T06:13:20.000Z</time>
        <extensions>
          <ns3:TrackPointExtension>
            <ns3:hr>126</ns3:hr>
            <ns3:cad>56</ns3:cad>
          </ns3:TrackPointExtension>
        </extensions>
      </trkpt>
      <trkpt lat="43.7320170365273952484130859375" lon="7.34481154941022396087646484375">
        <ele>505.600006103515625</ele>
        <time>2026-07-07T06:13:22.000Z</time>
        <extensions>
          <ns3:TrackPointExtension>
            <ns3:hr>126</ns3:hr>
            <ns3:cad>53</ns3:cad>
          </ns3:TrackPointExtension>
        </extensions>
      </trkpt>
      <trkpt lat="43.73201460577547550201416015625" lon="7.3447484336793422698974609375">
        <ele>505</ele>
        <time>2026-07-07T06:13:25.000Z</time>
        <extensions>
          <ns3:TrackPointExtension>
            <ns3:hr>126</ns3:hr>
            <ns3:cad>0</ns3:cad>
          </ns3:TrackPointExtension>
        </extensions>
      </trkpt>
      <trkpt lat="43.73201544396579265594482421875" lon="7.34468380920588970184326171875">
        <ele>504.20001220703125</ele>
        <time>2026-07-07T06:13:29.000Z</time>
        <extensions>
          <ns3:TrackPointExtension>
            <ns3:hr>126</ns3:hr>
            <ns3:cad>0</ns3:cad>
          </ns3:TrackPointExtension>
        </extensions>
      </trkpt>
      <trkpt lat="43.732015192508697509765625" lon="7.34465363435447216033935546875">
        <ele>504</ele>
        <time>2026-07-07T06:13:31.000Z</time>
        <extensions>
          <ns3:TrackPointExtension>
            <ns3:hr>126</ns3:hr>
            <ns3:cad>0</ns3:cad>
          </ns3:TrackPointExtension>
        </extensions>
      </trkpt>
      <trkpt lat="43.73199683614075183868408203125" lon="7.34456294216215610504150390625">
        <ele>502.79998779296875</ele>
        <time>2026-07-07T06:13:37.000Z</time>
        <extensions>
          <ns3:TrackPointExtension>
            <ns3:hr>125</ns3:hr>
            <ns3:cad>0</ns3:cad>
          </ns3:TrackPointExtension>
        </extensions>
      </trkpt>
      <trkpt lat="43.73198493383824825286865234375" lon="7.344534695148468017578125">
        <ele>502.399993896484375</ele>
        <time>2026-07-07T06:13:39.000Z</time>
        <extensions>
          <ns3:TrackPointExtension>
            <ns3:hr>125</ns3:hr>
            <ns3:cad>0</ns3:cad>
          </ns3:TrackPointExtension>
        </extensions>
      </trkpt>
      <trkpt lat="43.7319684214890003204345703125" lon="7.34447493217885494232177734375">
        <ele>501.79998779296875</ele>
        <time>2026-07-07T06:13:44.000Z</time>
        <extensions>
          <ns3:TrackPointExtension>
            <ns3:hr>123</ns3:hr>
            <ns3:cad>41</ns3:cad>
          </ns3:TrackPointExtension>
        </extensions>
      </trkpt>
      <trkpt lat="43.731961883604526519775390625" lon="7.34445632435381412506103515625">
        <ele>501.399993896484375</ele>
        <time>2026-07-07T06:13:46.000Z</time>
        <extensions>
          <ns3:TrackPointExtension>
            <ns3:hr>123</ns3:hr>
            <ns3:cad>0</ns3:cad>
          </ns3:TrackPointExtension>
        </extensions>
      </trkpt>
      <trkpt lat="43.73194671235978603363037109375" lon="7.3444419912993907928466796875">
        <ele>500.600006103515625</ele>
        <time>2026-07-07T06:13:48.000Z</time>
        <extensions>
          <ns3:TrackPointExtension>
            <ns3:hr>122</ns3:hr>
            <ns3:cad>67</ns3:cad>
          </ns3:TrackPointExtension>
        </extensions>
      </trkpt>
      <trkpt lat="43.7318822555243968963623046875" lon="7.34443050809204578399658203125">
        <ele>500</ele>
        <time>2026-07-07T06:13:54.000Z</time>
        <extensions>
          <ns3:TrackPointExtension>
            <ns3:hr>122</ns3:hr>
            <ns3:cad>53</ns3:cad>
          </ns3:TrackPointExtension>
        </extensions>
      </trkpt>
      <trkpt lat="43.73183288611471652984619140625" lon="7.34443184919655323028564453125">
        <ele>499.79998779296875</ele>
        <time>2026-07-07T06:13:58.000Z</time>
        <extensions>
          <ns3:TrackPointExtension>
            <ns3:hr>121</ns3:hr>
            <ns3:cad>53</ns3:cad>
          </ns3:TrackPointExtension>
        </extensions>
      </trkpt>
      <trkpt lat="43.7318115122616291046142578125" lon="7.34443771652877330780029296875">
        <ele>499.600006103515625</ele>
        <time>2026-07-07T06:14:00.000Z</time>
        <extensions>
          <ns3:TrackPointExtension>
            <ns3:hr>121</ns3:hr>
            <ns3:cad>53</ns3:cad>
          </ns3:TrackPointExtension>
        </extensions>
      </trkpt>
      <trkpt lat="43.7317786552011966705322265625" lon="7.344435118138790130615234375">
        <ele>499.399993896484375</ele>
        <time>2026-07-07T06:14:03.000Z</time>
        <extensions>
          <ns3:TrackPointExtension>
            <ns3:hr>122</ns3:hr>
            <ns3:cad>55</ns3:cad>
          </ns3:TrackPointExtension>
        </extensions>
      </trkpt>
      <trkpt lat="43.73170011676847934722900390625" lon="7.3444356210529804229736328125">
        <ele>499</ele>
        <time>2026-07-07T06:14:11.000Z</time>
        <extensions>
          <ns3:TrackPointExtension>
            <ns3:hr>124</ns3:hr>
            <ns3:cad>49</ns3:cad>
          </ns3:TrackPointExtension>
        </extensions>
      </trkpt>
      <trkpt lat="43.731660135090351104736328125" lon="7.34442162327468395233154296875">
        <ele>499</ele>
        <time>2026-07-07T06:14:15.000Z</time>
        <extensions>
          <ns3:TrackPointExtension>
            <ns3:hr>124</ns3:hr>
            <ns3:cad>48</ns3:cad>
          </ns3:TrackPointExtension>
        </extensions>
      </trkpt>
      <trkpt lat="43.7316344864666461944580078125" lon="7.34440653584897518157958984375">
        <ele>499</ele>
        <time>2026-07-07T06:14:17.000Z</time>
        <extensions>
          <ns3:TrackPointExtension>
            <ns3:hr>125</ns3:hr>
            <ns3:cad>48</ns3:cad>
          </ns3:TrackPointExtension>
        </extensions>
      </trkpt>
      <trkpt lat="43.7316224165260791778564453125" lon="7.344405949115753173828125">
        <ele>499</ele>
        <time>2026-07-07T06:14:18.000Z</time>
        <extensions>
          <ns3:TrackPointExtension>
            <ns3:hr>125</ns3:hr>
            <ns3:cad>0</ns3:cad>
          </ns3:TrackPointExtension>
        </extensions>
      </trkpt>
      <trkpt lat="43.73160146176815032958984375" lon="7.34441089443862438201904296875">
        <ele>498.79998779296875</ele>
        <time>2026-07-07T06:14:20.000Z</time>
        <extensions>
          <ns3:TrackPointExtension>
            <ns3:hr>126</ns3:hr>
            <ns3:cad>0</ns3:cad>
          </ns3:TrackPointExtension>
        </extensions>
      </trkpt>
      <trkpt lat="43.73158662579953670501708984375" lon="7.3444178514182567596435546875">
        <ele>498.600006103515625</ele>
        <time>2026-07-07T06:14:22.000Z</time>
        <extensions>
          <ns3:TrackPointExtension>
            <ns3:hr>126</ns3:hr>
            <ns3:cad>0</ns3:cad>
          </ns3:TrackPointExtension>
        </extensions>
      </trkpt>
      <trkpt lat="43.7315784953534603118896484375" lon="7.3444180190563201904296875">
        <ele>498.600006103515625</ele>
        <time>2026-07-07T06:14:23.000Z</time>
        <extensions>
          <ns3:TrackPointExtension>
            <ns3:hr>127</ns3:hr>
            <ns3:cad>0</ns3:cad>
          </ns3:TrackPointExtension>
        </extensions>
      </trkpt>
      <trkpt lat="43.7315677665174007415771484375" lon="7.34441558830440044403076171875">
        <ele>498.600006103515625</ele>
        <time>2026-07-07T06:14:24.000Z</time>
        <extensions>
          <ns3:TrackPointExtension>
            <ns3:hr>127</ns3:hr>
            <ns3:cad>0</ns3:cad>
          </ns3:TrackPointExtension>
        </extensions>
      </trkpt>
      <trkpt lat="43.7315171398222446441650390625" lon="7.3444185219705104827880859375">
        <ele>498</ele>
        <time>2026-07-07T06:14:30.000Z</time>
        <extensions>
          <ns3:TrackPointExtension>
            <ns3:hr>126</ns3:hr>
            <ns3:cad>73</ns3:cad>
          </ns3:TrackPointExtension>
        </extensions>
      </trkpt>
      <trkpt lat="43.7315042316913604736328125" lon="7.34440620057284832000732421875">
        <ele>497.600006103515625</ele>
        <time>2026-07-07T06:14:33.000Z</time>
        <extensions>
          <ns3:TrackPointExtension>
            <ns3:hr>123</ns3:hr>
            <ns3:cad>0</ns3:cad>
          </ns3:TrackPointExtension>
        </extensions>
      </trkpt>
      <trkpt lat="43.73149207793176174163818359375" lon="7.34440066851675510406494140625">
        <ele>497.600006103515625</ele>
        <time>2026-07-07T06:14:34.000Z</time>
        <extensions>
          <ns3:TrackPointExtension>
            <ns3:hr>121</ns3:hr>
            <ns3:cad>0</ns3:cad>
          </ns3:TrackPointExtension>
        </extensions>
      </trkpt>
      <trkpt lat="43.7314748950302600860595703125" lon="7.3443799652159214019775390625">
        <ele>497.20001220703125</ele>
        <time>2026-07-07T06:14:37.000Z</time>
        <extensions>
          <ns3:TrackPointExtension>
            <ns3:hr>120</ns3:hr>
            <ns3:cad>0</ns3:cad>
          </ns3:TrackPointExtension>
        </extensions>
      </trkpt>
      <trkpt lat="43.73143306933343410491943359375" lon="7.34435842372477054595947265625">
        <ele>496.399993896484375</ele>
        <time>2026-07-07T06:14:42.000Z</time>
        <extensions>
          <ns3:TrackPointExtension>
            <ns3:hr>122</ns3:hr>
            <ns3:cad>0</ns3:cad>
          </ns3:TrackPointExtension>
        </extensions>
      </trkpt>
      <trkpt lat="43.7314024753868579864501953125" lon="7.34434417448937892913818359375">
        <ele>496</ele>
        <time>2026-07-07T06:14:45.000Z</time>
        <extensions>
          <ns3:TrackPointExtension>
            <ns3:hr>122</ns3:hr>
            <ns3:cad>0</ns3:cad>
          </ns3:TrackPointExtension>
        </extensions>
      </trkpt>
      <trkpt lat="43.73135067522525787353515625" lon="7.34432003460824489593505859375">
        <ele>495</ele>
        <time>2026-07-07T06:14:50.000Z</time>
        <extensions>
          <ns3:TrackPointExtension>
            <ns3:hr>124</ns3:hr>
            <ns3:cad>51</ns3:cad>
          </ns3:TrackPointExtension>
        </extensions>
      </trkpt>
      <trkpt lat="43.73132779262959957122802734375" lon="7.3443051986396312713623046875">
        <ele>494.79998779296875</ele>
        <time>2026-07-07T06:14:53.000Z</time>
        <extensions>
          <ns3:TrackPointExtension>
            <ns3:hr>124</ns3:hr>
            <ns3:cad>52</ns3:cad>
          </ns3:TrackPointExtension>
        </extensions>
      </trkpt>
      <trkpt lat="43.7312869727611541748046875" lon="7.3442865908145904541015625">
        <ele>494</ele>
        <time>2026-07-07T06:14:58.000Z</time>
        <extensions>
          <ns3:TrackPointExtension>
            <ns3:hr>124</ns3:hr>
            <ns3:cad>0</ns3:cad>
          </ns3:TrackPointExtension>
        </extensions>
      </trkpt>
      <trkpt lat="43.73126392252743244171142578125" lon="7.34428684227168560028076171875">
        <ele>493.600006103515625</ele>
        <time>2026-07-07T06:15:02.000Z</time>
        <extensions>
          <ns3:TrackPointExtension>
            <ns3:hr>122</ns3:hr>
            <ns3:cad>0</ns3:cad>
          </ns3:TrackPointExtension>
        </extensions>
      </trkpt>
      <trkpt lat="43.7312472425401210784912109375" lon="7.34428499825298786163330078125">
        <ele>492.79998779296875</ele>
        <time>2026-07-07T06:15:04.000Z</time>
        <extensions>
          <ns3:TrackPointExtension>
            <ns3:hr>121</ns3:hr>
            <ns3:cad>0</ns3:cad>
          </ns3:TrackPointExtension>
        </extensions>
      </trkpt>
      <trkpt lat="43.731173314154148101806640625" lon="7.34428583644330501556396484375">
        <ele>492.20001220703125</ele>
        <time>2026-07-07T06:15:11.000Z</time>
        <extensions>
          <ns3:TrackPointExtension>
            <ns3:hr>121</ns3:hr>
            <ns3:cad>0</ns3:cad>
          </ns3:TrackPointExtension>
        </extensions>
      </trkpt>
      <trkpt lat="43.73115026392042636871337890625" lon="7.34427250921726226806640625">
        <ele>491.79998779296875</ele>
        <time>2026-07-07T06:15:15.000Z</time>
        <extensions>
          <ns3:TrackPointExtension>
            <ns3:hr>122</ns3:hr>
            <ns3:cad>0</ns3:cad>
          </ns3:TrackPointExtension>
        </extensions>
      </trkpt>
      <trkpt lat="43.73114104382693767547607421875" lon="7.34425649978220462799072265625">
        <ele>491.399993896484375</ele>
        <time>2026-07-07T06:15:17.000Z</time>
        <extensions>
          <ns3:TrackPointExtension>
            <ns3:hr>122</ns3:hr>
            <ns3:cad>0</ns3:cad>
          </ns3:TrackPointExtension>
        </extensions>
      </trkpt>
      <trkpt lat="43.731140457093715667724609375" lon="7.34425482340157032012939453125">
        <ele>490.600006103515625</ele>
        <time>2026-07-07T06:15:21.000Z</time>
        <extensions>
          <ns3:TrackPointExtension>
            <ns3:hr>122</ns3:hr>
            <ns3:cad>0</ns3:cad>
          </ns3:TrackPointExtension>
        </extensions>
      </trkpt>
      <trkpt lat="43.73113936744630336761474609375" lon="7.34425482340157032012939453125">
        <ele>490.399993896484375</ele>
        <time>2026-07-07T06:15:23.000Z</time>
        <extensions>
          <ns3:TrackPointExtension>
            <ns3:hr>123</ns3:hr>
            <ns3:cad>0</ns3:cad>
          </ns3:TrackPointExtension>
        </extensions>
      </trkpt>
      <trkpt lat="43.73110592365264892578125" lon="7.344222553074359893798828125">
        <ele>489.399993896484375</ele>
        <time>2026-07-07T06:15:27.000Z</time>
        <extensions>
          <ns3:TrackPointExtension>
            <ns3:hr>124</ns3:hr>
            <ns3:cad>66</ns3:cad>
          </ns3:TrackPointExtension>
        </extensions>
      </trkpt>
      <trkpt lat="43.73108505271375179290771484375" lon="7.3441995866596698760986328125">
        <ele>488.79998779296875</ele>
        <time>2026-07-07T06:15:30.000Z</time>
        <extensions>
          <ns3:TrackPointExtension>
            <ns3:hr>125</ns3:hr>
            <ns3:cad>66</ns3:cad>
          </ns3:TrackPointExtension>
        </extensions>
      </trkpt>
      <trkpt lat="43.73106493614614009857177734375" lon="7.34417670406401157379150390625">
        <ele>488.20001220703125</ele>
        <time>2026-07-07T06:15:33.000Z</time>
        <extensions>
          <ns3:TrackPointExtension>
            <ns3:hr>125</ns3:hr>
            <ns3:cad>0</ns3:cad>
          </ns3:TrackPointExtension>
        </extensions>
      </trkpt>
      <trkpt lat="43.7310254573822021484375" lon="7.344151474535465240478515625">
        <ele>487.399993896484375</ele>
        <time>2026-07-07T06:15:38.000Z</time>
        <extensions>
          <ns3:TrackPointExtension>
            <ns3:hr>125</ns3:hr>
            <ns3:cad>42</ns3:cad>
          </ns3:TrackPointExtension>
        </extensions>
      </trkpt>
      <trkpt lat="43.7310179136693477630615234375" lon="7.34414082951843738555908203125">
        <ele>487</ele>
        <time>2026-07-07T06:15:39.000Z</time>
        <extensions>
          <ns3:TrackPointExtension>
            <ns3:hr>125</ns3:hr>
            <ns3:cad>45</ns3:cad>
          </ns3:TrackPointExtension>
        </extensions>
      </trkpt>
      <trkpt lat="43.7310024909675121307373046875" lon="7.344128005206584930419921875">
        <ele>486.79998779296875</ele>
        <time>2026-07-07T06:15:41.000Z</time>
        <extensions>
          <ns3:TrackPointExtension>
            <ns3:hr>125</ns3:hr>
            <ns3:cad>45</ns3:cad>
          </ns3:TrackPointExtension>
        </extensions>
      </trkpt>
      <trkpt lat="43.7309843860566616058349609375" lon="7.34411962330341339111328125">
        <ele>486.20001220703125</ele>
        <time>2026-07-07T06:15:43.000Z</time>
        <extensions>
          <ns3:TrackPointExtension>
            <ns3:hr>125</ns3:hr>
            <ns3:cad>54</ns3:cad>
          </ns3:TrackPointExtension>
        </extensions>
      </trkpt>
      <trkpt lat="43.73096468858420848846435546875" lon="7.344110570847988128662109375">
        <ele>485.79998779296875</ele>
        <time>2026-07-07T06:15:45.000Z</time>
        <extensions>
          <ns3:TrackPointExtension>
            <ns3:hr>126</ns3:hr>
            <ns3:cad>47</ns3:cad>
          </ns3:TrackPointExtension>
        </extensions>
      </trkpt>
      <trkpt lat="43.73091213405132293701171875" lon="7.3440966568887233734130859375">
        <ele>484.79998779296875</ele>
        <time>2026-07-07T06:15:50.000Z</time>
        <extensions>
          <ns3:TrackPointExtension>
            <ns3:hr>127</ns3:hr>
            <ns3:cad>54</ns3:cad>
          </ns3:TrackPointExtension>
        </extensions>
      </trkpt>
      <trkpt lat="43.7308911792933940887451171875" lon="7.344092465937137603759765625">
        <ele>484.399993896484375</ele>
        <time>2026-07-07T06:15:52.000Z</time>
        <extensions>
          <ns3:TrackPointExtension>
            <ns3:hr>128</ns3:hr>
            <ns3:cad>54</ns3:cad>
          </ns3:TrackPointExtension>
        </extensions>
      </trkpt>
      <trkpt lat="43.7308365292847156524658203125" lon="7.34408383257687091827392578125">
        <ele>483.600006103515625</ele>
        <time>2026-07-07T06:15:57.000Z</time>
        <extensions>
          <ns3:TrackPointExtension>
            <ns3:hr>130</ns3:hr>
            <ns3:cad>54</ns3:cad>
          </ns3:TrackPointExtension>
        </extensions>
      </trkpt>
      <trkpt lat="43.73076385818421840667724609375" lon="7.34412104822695255279541015625">
        <ele>482.600006103515625</ele>
        <time>2026-07-07T06:16:04.000Z</time>
        <extensions>
          <ns3:TrackPointExtension>
            <ns3:hr>131</ns3:hr>
            <ns3:cad>55</ns3:cad>
          </ns3:TrackPointExtension>
        </extensions>
      </trkpt>
      <trkpt lat="43.7307557277381420135498046875" lon="7.34412507154047489166259765625">
        <ele>482.399993896484375</ele>
        <time>2026-07-07T06:16:05.000Z</time>
        <extensions>
          <ns3:TrackPointExtension>
            <ns3:hr>131</ns3:hr>
            <ns3:cad>55</ns3:cad>
          </ns3:TrackPointExtension>
        </extensions>
      </trkpt>
      <trkpt lat="43.7306859903037548065185546875" lon="7.344113253057003021240234375">
        <ele>481.399993896484375</ele>
        <time>2026-07-07T06:16:12.000Z</time>
        <extensions>
          <ns3:TrackPointExtension>
            <ns3:hr>131</ns3:hr>
            <ns3:cad>0</ns3:cad>
          </ns3:TrackPointExtension>
        </extensions>
      </trkpt>
      <trkpt lat="43.73065271414816379547119140625" lon="7.34411132521927356719970703125">
        <ele>480.600006103515625</ele>
        <time>2026-07-07T06:16:17.000Z</time>
        <extensions>
          <ns3:TrackPointExtension>
            <ns3:hr>128</ns3:hr>
            <ns3:cad>0</ns3:cad>
          </ns3:TrackPointExtension>
        </extensions>
      </trkpt>
      <trkpt lat="43.73063662089407444000244140625" lon="7.34410830773413181304931640625">
        <ele>480.399993896484375</ele>
        <time>2026-07-07T06:16:19.000Z</time>
        <extensions>
          <ns3:TrackPointExtension>
            <ns3:hr>129</ns3:hr>
            <ns3:cad>0</ns3:cad>
          </ns3:TrackPointExtension>
        </extensions>
      </trkpt>
      <trkpt lat="43.73062069527804851531982421875" lon="7.34410411678254604339599609375">
        <ele>480</ele>
        <time>2026-07-07T06:16:21.000Z</time>
        <extensions>
          <ns3:TrackPointExtension>
            <ns3:hr>131</ns3:hr>
            <ns3:cad>0</ns3:cad>
          </ns3:TrackPointExtension>
        </extensions>
      </trkpt>
      <trkpt lat="43.73059521429240703582763671875" lon="7.3440906219184398651123046875">
        <ele>479.20001220703125</ele>
        <time>2026-07-07T06:16:25.000Z</time>
        <extensions>
          <ns3:TrackPointExtension>
            <ns3:hr>130</ns3:hr>
            <ns3:cad>0</ns3:cad>
          </ns3:TrackPointExtension>
        </extensions>
      </trkpt>
      <trkpt lat="43.730569817125797271728515625" lon="7.3440694995224475860595703125">
        <ele>478.600006103515625</ele>
        <time>2026-07-07T06:16:30.000Z</time>
        <extensions>
          <ns3:TrackPointExtension>
            <ns3:hr>128</ns3:hr>
            <ns3:cad>0</ns3:cad>
          </ns3:TrackPointExtension>
        </extensions>
      </trkpt>
      <trkpt lat="43.7305676378309726715087890625" lon="7.34405600465834140777587890625">
        <ele>478</ele>
        <time>2026-07-07T06:16:32.000Z</time>
        <extensions>
          <ns3:TrackPointExtension>
            <ns3:hr>128</ns3:hr>
            <ns3:cad>0</ns3:cad>
          </ns3:TrackPointExtension>
        </extensions>
      </trkpt>
      <trkpt lat="43.73053888790309429168701171875" lon="7.34407209791243076324462890625">
        <ele>477.20001220703125</ele>
        <time>2026-07-07T06:16:37.000Z</time>
        <extensions>
          <ns3:TrackPointExtension>
            <ns3:hr>128</ns3:hr>
            <ns3:cad>0</ns3:cad>
          </ns3:TrackPointExtension>
        </extensions>
      </trkpt>
      <trkpt lat="43.73053251765668392181396484375" lon="7.3440788872539997100830078125">
        <ele>477</ele>
        <time>2026-07-07T06:16:38.000Z</time>
        <extensions>
          <ns3:TrackPointExtension>
            <ns3:hr>128</ns3:hr>
            <ns3:cad>0</ns3:cad>
          </ns3:TrackPointExtension>
        </extensions>
      </trkpt>
      <trkpt lat="43.73048054985702037811279296875" lon="7.34407662414014339447021484375">
        <ele>476</ele>
        <time>2026-07-07T06:16:44.000Z</time>
        <extensions>
          <ns3:TrackPointExtension>
            <ns3:hr>127</ns3:hr>
            <ns3:cad>0</ns3:cad>
          </ns3:TrackPointExtension>
        </extensions>
      </trkpt>
      <trkpt lat="43.73046982102096080780029296875" lon="7.34407662414014339447021484375">
        <ele>476</ele>
        <time>2026-07-07T06:16:45.000Z</time>
        <extensions>
          <ns3:TrackPointExtension>
            <ns3:hr>126</ns3:hr>
            <ns3:cad>0</ns3:cad>
          </ns3:TrackPointExtension>
        </extensions>
      </trkpt>
      <trkpt lat="43.730448782444000244140625" lon="7.34407662414014339447021484375">
        <ele>475.600006103515625</ele>
        <time>2026-07-07T06:16:47.000Z</time>
        <extensions>
          <ns3:TrackPointExtension>
            <ns3:hr>119</ns3:hr>
            <ns3:cad>0</ns3:cad>
          </ns3:TrackPointExtension>
        </extensions>
      </trkpt>
      <trkpt lat="43.73043511994183063507080078125" lon="7.34407603740692138671875">
        <ele>475.600006103515625</ele>
        <time>2026-07-07T06:16:48.000Z</time>
        <extensions>
          <ns3:TrackPointExtension>
            <ns3:hr>115</ns3:hr>
            <ns3:cad>47</ns3:cad>
          </ns3:TrackPointExtension>
        </extensions>
      </trkpt>
      <trkpt lat="43.73042204417288303375244140625" lon="7.3440829105675220489501953125">
        <ele>475.20001220703125</ele>
        <time>2026-07-07T06:16:49.000Z</time>
        <extensions>
          <ns3:TrackPointExtension>
            <ns3:hr>112</ns3:hr>
            <ns3:cad>47</ns3:cad>
          </ns3:TrackPointExtension>
        </extensions>
      </trkpt>
      <trkpt lat="43.73038533143699169158935546875" lon="7.3441015183925628662109375">
        <ele>475</ele>
        <time>2026-07-07T06:16:52.000Z</time>
        <extensions>
          <ns3:TrackPointExtension>
            <ns3:hr>109</ns3:hr>
            <ns3:cad>0</ns3:cad>
          </ns3:TrackPointExtension>
        </extensions>
      </trkpt>
      <trkpt lat="43.730373680591583251953125" lon="7.34410478733479976654052734375">
        <ele>475</ele>
        <time>2026-07-07T06:16:53.000Z</time>
        <extensions>
          <ns3:TrackPointExtension>
            <ns3:hr>108</ns3:hr>
            <ns3:cad>0</ns3:cad>
          </ns3:TrackPointExtension>
        </extensions>
      </trkpt>
      <trkpt lat="43.730346523225307464599609375" lon="7.34410562552511692047119140625">
        <ele>474.79998779296875</ele>
        <time>2026-07-07T06:16:55.000Z</time>
        <extensions>
          <ns3:TrackPointExtension>
            <ns3:hr>108</ns3:hr>
            <ns3:cad>0</ns3:cad>
          </ns3:TrackPointExtension>
        </extensions>
      </trkpt>
      <trkpt lat="43.73033654876053333282470703125" lon="7.3441130854189395904541015625">
        <ele>474.600006103515625</ele>
        <time>2026-07-07T06:16:56.000Z</time>
        <extensions>
          <ns3:TrackPointExtension>
            <ns3:hr>108</ns3:hr>
            <ns3:cad>0</ns3:cad>
          </ns3:TrackPointExtension>
        </extensions>
      </trkpt>
      <trkpt lat="43.7303111515939235687255859375" lon="7.34414434991776943206787109375">
        <ele>474.399993896484375</ele>
        <time>2026-07-07T06:16:59.000Z</time>
        <extensions>
          <ns3:TrackPointExtension>
            <ns3:hr>108</ns3:hr>
            <ns3:cad>0</ns3:cad>
          </ns3:TrackPointExtension>
        </extensions>
      </trkpt>
      <trkpt lat="43.730293549597263336181640625" lon="7.344154827296733856201171875">
        <ele>474.20001220703125</ele>
        <time>2026-07-07T06:17:01.000Z</time>
        <extensions>
          <ns3:TrackPointExtension>
            <ns3:hr>108</ns3:hr>
            <ns3:cad>44</ns3:cad>
          </ns3:TrackPointExtension>
        </extensions>
      </trkpt>
      <trkpt lat="43.7302769534289836883544921875" lon="7.34415189363062381744384765625">
        <ele>473.600006103515625</ele>
        <time>2026-07-07T06:17:04.000Z</time>
        <extensions>
          <ns3:TrackPointExtension>
            <ns3:hr>109</ns3:hr>
            <ns3:cad>76</ns3:cad>
          </ns3:TrackPointExtension>
        </extensions>
      </trkpt>
      <trkpt lat="43.73027184046804904937744140625" lon="7.34415239654481410980224609375">
        <ele>473.600006103515625</ele>
        <time>2026-07-07T06:17:05.000Z</time>
        <extensions>
          <ns3:TrackPointExtension>
            <ns3:hr>109</ns3:hr>
            <ns3:cad>76</ns3:cad>
          </ns3:TrackPointExtension>
        </extensions>
      </trkpt>
      <trkpt lat="43.73022087849676609039306640625" lon="7.3441596888005733489990234375">
        <ele>472.399993896484375</ele>
        <time>2026-07-07T06:17:12.000Z</time>
        <extensions>
          <ns3:TrackPointExtension>
            <ns3:hr>109</ns3:hr>
            <ns3:cad>0</ns3:cad>
          </ns3:TrackPointExtension>
        </extensions>
      </trkpt>
      <trkpt lat="43.7302159331738948822021484375" lon="7.34415717422962188720703125">
        <ele>472.20001220703125</ele>
        <time>2026-07-07T06:17:13.000Z</time>
        <extensions>
          <ns3:TrackPointExtension>
            <ns3:hr>109</ns3:hr>
            <ns3:cad>0</ns3:cad>
          </ns3:TrackPointExtension>
        </extensions>
      </trkpt>
      <trkpt lat="43.730178214609622955322265625" lon="7.34415222890675067901611328125">
        <ele>471</ele>
        <time>2026-07-07T06:17:20.000Z</time>
        <extensions>
          <ns3:TrackPointExtension>
            <ns3:hr>110</ns3:hr>
            <ns3:cad>0</ns3:cad>
          </ns3:TrackPointExtension>
        </extensions>
      </trkpt>
      <trkpt lat="43.73016916215419769287109375" lon="7.34415357001125812530517578125">
        <ele>471</ele>
        <time>2026-07-07T06:17:21.000Z</time>
        <extensions>
          <ns3:TrackPointExtension>
            <ns3:hr>110</ns3:hr>
            <ns3:cad>0</ns3:cad>
          </ns3:TrackPointExtension>
        </extensions>
      </trkpt>
      <trkpt lat="43.73012146912515163421630859375" lon="7.34415826387703418731689453125">
        <ele>470</ele>
        <time>2026-07-07T06:17:27.000Z</time>
        <extensions>
          <ns3:TrackPointExtension>
            <ns3:hr>110</ns3:hr>
            <ns3:cad>0</ns3:cad>
          </ns3:TrackPointExtension>
        </extensions>
      </trkpt>
      <trkpt lat="43.7301041185855865478515625" lon="7.3441566713154315948486328125">
        <ele>469.600006103515625</ele>
        <time>2026-07-07T06:17:29.000Z</time>
        <extensions>
          <ns3:TrackPointExtension>
            <ns3:hr>110</ns3:hr>
            <ns3:cad>0</ns3:cad>
          </ns3:TrackPointExtension>
        </extensions>
      </trkpt>
      <trkpt lat="43.73005022294819355010986328125" lon="7.3441819846630096435546875">
        <ele>469</ele>
        <time>2026-07-07T06:17:36.000Z</time>
        <extensions>
          <ns3:TrackPointExtension>
            <ns3:hr>108</ns3:hr>
            <ns3:cad>0</ns3:cad>
          </ns3:TrackPointExtension>
        </extensions>
      </trkpt>
      <trkpt lat="43.7300402484834194183349609375" lon="7.34418843872845172882080078125">
        <ele>468.79998779296875</ele>
        <time>2026-07-07T06:17:37.000Z</time>
        <extensions>
          <ns3:TrackPointExtension>
            <ns3:hr>108</ns3:hr>
            <ns3:cad>0</ns3:cad>
          </ns3:TrackPointExtension>
        </extensions>
      </trkpt>
      <trkpt lat="43.729959614574909210205078125" lon="7.3442156799137592315673828125">
        <ele>467.79998779296875</ele>
        <time>2026-07-07T06:17:45.000Z</time>
        <extensions>
          <ns3:TrackPointExtension>
            <ns3:hr>108</ns3:hr>
            <ns3:cad>0</ns3:cad>
          </ns3:TrackPointExtension>
        </extensions>
      </trkpt>
      <trkpt lat="43.729907982051372528076171875" lon="7.3442414961755275726318359375">
        <ele>467.399993896484375</ele>
        <time>2026-07-07T06:17:50.000Z</time>
        <extensions>
          <ns3:TrackPointExtension>
            <ns3:hr>111</ns3:hr>
            <ns3:cad>0</ns3:cad>
          </ns3:TrackPointExtension>
        </extensions>
      </trkpt>
      <trkpt lat="43.729877136647701263427734375" lon="7.3442720063030719757080078125">
        <ele>467</ele>
        <time>2026-07-07T06:17:54.000Z</time>
        <extensions>
          <ns3:TrackPointExtension>
            <ns3:hr>112</ns3:hr>
            <ns3:cad>0</ns3:cad>
          </ns3:TrackPointExtension>
        </extensions>
      </trkpt>
      <trkpt lat="43.72985534369945526123046875" lon="7.3443026840686798095703125">
        <ele>466.79998779296875</ele>
        <time>2026-07-07T06:17:57.000Z</time>
        <extensions>
          <ns3:TrackPointExtension>
            <ns3:hr>112</ns3:hr>
            <ns3:cad>0</ns3:cad>
          </ns3:TrackPointExtension>
        </extensions>
      </trkpt>
      <trkpt lat="43.7298256717622280120849609375" lon="7.34432757832109928131103515625">
        <ele>466.20001220703125</ele>
        <time>2026-07-07T06:18:00.000Z</time>
        <extensions>
          <ns3:TrackPointExtension>
            <ns3:hr>115</ns3:hr>
            <ns3:cad>51</ns3:cad>
          </ns3:TrackPointExtension>
        </extensions>
      </trkpt>
      <trkpt lat="43.72976456768810749053955078125" lon="7.3443434201180934906005859375">
        <ele>465.79998779296875</ele>
        <time>2026-07-07T06:18:06.000Z</time>
        <extensions>
          <ns3:TrackPointExtension>
            <ns3:hr>117</ns3:hr>
            <ns3:cad>50</ns3:cad>
          </ns3:TrackPointExtension>
        </extensions>
      </trkpt>
      <trkpt lat="43.72975484468042850494384765625" lon="7.34434761106967926025390625">
        <ele>465.79998779296875</ele>
        <time>2026-07-07T06:18:07.000Z</time>
        <extensions>
          <ns3:TrackPointExtension>
            <ns3:hr>118</ns3:hr>
            <ns3:cad>50</ns3:cad>
          </ns3:TrackPointExtension>
        </extensions>
      </trkpt>
      <trkpt lat="43.7297224067151546478271484375" lon="7.34436429105699062347412109375">
        <ele>465.399993896484375</ele>
        <time>2026-07-07T06:18:10.000Z</time>
        <extensions>
          <ns3:TrackPointExtension>
            <ns3:hr>121</ns3:hr>
            <ns3:cad>50</ns3:cad>
          </ns3:TrackPointExtension>
        </extensions>
      </trkpt>
      <trkpt lat="43.7297089956700801849365234375" lon="7.3443786241114139556884765625">
        <ele>465</ele>
        <time>2026-07-07T06:18:14.000Z</time>
        <extensions>
          <ns3:TrackPointExtension>
            <ns3:hr>122</ns3:hr>
            <ns3:cad>50</ns3:cad>
          </ns3:TrackPointExtension>
        </extensions>
      </trkpt>
      <trkpt lat="43.7297089956700801849365234375" lon="7.34437443315982818603515625">
        <ele>465</ele>
        <time>2026-07-07T06:18:25.000Z</time>
        <extensions>
          <ns3:TrackPointExtension>
            <ns3:hr>123</ns3:hr>
            <ns3:cad>0</ns3:cad>
          </ns3:TrackPointExtension>
        </extensions>
      </trkpt>
      <trkpt lat="43.7297089956700801849365234375" lon="7.34437443315982818603515625">
        <ele>464.600006103515625</ele>
        <time>2026-07-07T06:18:28.000Z</time>
        <extensions>
          <ns3:TrackPointExtension>
            <ns3:hr>123</ns3:hr>
            <ns3:cad>0</ns3:cad>
          </ns3:TrackPointExtension>
        </extensions>
      </trkpt>
      <trkpt lat="43.72966364957392215728759765625" lon="7.34440217725932598114013671875">
        <ele>464.399993896484375</ele>
        <time>2026-07-07T06:18:32.000Z</time>
        <extensions>
          <ns3:TrackPointExtension>
            <ns3:hr>125</ns3:hr>
            <ns3:cad>56</ns3:cad>
          </ns3:TrackPointExtension>
        </extensions>
      </trkpt>
      <trkpt lat="43.7296218238770961761474609375" lon="7.3444292508065700531005859375">
        <ele>463.600006103515625</ele>
        <time>2026-07-07T06:18:35.000Z</time>
        <extensions>
          <ns3:TrackPointExtension>
            <ns3:hr>125</ns3:hr>
            <ns3:cad>56</ns3:cad>
          </ns3:TrackPointExtension>
        </extensions>
      </trkpt>
      <trkpt lat="43.72956004925072193145751953125" lon="7.34445867128670215606689453125">
        <ele>462.79998779296875</ele>
        <time>2026-07-07T06:18:40.000Z</time>
        <extensions>
          <ns3:TrackPointExtension>
            <ns3:hr>125</ns3:hr>
            <ns3:cad>56</ns3:cad>
          </ns3:TrackPointExtension>
        </extensions>
      </trkpt>
      <trkpt lat="43.72951948083937168121337890625" lon="7.344493456184864044189453125">
        <ele>462.600006103515625</ele>
        <time>2026-07-07T06:18:46.000Z</time>
        <extensions>
          <ns3:TrackPointExtension>
            <ns3:hr>123</ns3:hr>
            <ns3:cad>0</ns3:cad>
          </ns3:TrackPointExtension>
        </extensions>
      </trkpt>
      <trkpt lat="43.72946047224104404449462890625" lon="7.3445087112486362457275390625">
        <ele>461.399993896484375</ele>
        <time>2026-07-07T06:18:51.000Z</time>
        <extensions>
          <ns3:TrackPointExtension>
            <ns3:hr>124</ns3:hr>
            <ns3:cad>0</ns3:cad>
          </ns3:TrackPointExtension>
        </extensions>
      </trkpt>
      <trkpt lat="43.72941504232585430145263671875" lon="7.34451415948569774627685546875">
        <ele>461</ele>
        <time>2026-07-07T06:18:55.000Z</time>
        <extensions>
          <ns3:TrackPointExtension>
            <ns3:hr>124</ns3:hr>
            <ns3:cad>0</ns3:cad>
          </ns3:TrackPointExtension>
        </extensions>
      </trkpt>
      <trkpt lat="43.72939274646341800689697265625" lon="7.3445308394730091094970703125">
        <ele>460.399993896484375</ele>
        <time>2026-07-07T06:18:58.000Z</time>
        <extensions>
          <ns3:TrackPointExtension>
            <ns3:hr>124</ns3:hr>
            <ns3:cad>0</ns3:cad>
          </ns3:TrackPointExtension>
        </extensions>
      </trkpt>
      <trkpt lat="43.72934564016759395599365234375" lon="7.3445655405521392822265625">
        <ele>459.600006103515625</ele>
        <time>2026-07-07T06:19:03.000Z</time>
        <extensions>
          <ns3:TrackPointExtension>
            <ns3:hr>125</ns3:hr>
            <ns3:cad>0</ns3:cad>
          </ns3:TrackPointExtension>
        </extensions>
      </trkpt>
      <trkpt lat="43.72933633625507354736328125" lon="7.34457283280789852142333984375">
        <ele>459.399993896484375</ele>
        <time>2026-07-07T06:19:04.000Z</time>
        <extensions>
          <ns3:TrackPointExtension>
            <ns3:hr>125</ns3:hr>
            <ns3:cad>61</ns3:cad>
          </ns3:TrackPointExtension>
        </extensions>
      </trkpt>
      <trkpt lat="43.7292717956006526947021484375" lon="7.34462312422692775726318359375">
        <ele>458.20001220703125</ele>
        <time>2026-07-07T06:19:11.000Z</time>
        <extensions>
          <ns3:TrackPointExtension>
            <ns3:hr>124</ns3:hr>
            <ns3:cad>0</ns3:cad>
          </ns3:TrackPointExtension>
        </extensions>
      </trkpt>
      <trkpt lat="43.7292624078691005706787109375" lon="7.34463267959654331207275390625">
        <ele>458</ele>
        <time>2026-07-07T06:19:12.000Z</time>
        <extensions>
          <ns3:TrackPointExtension>
            <ns3:hr>124</ns3:hr>
            <ns3:cad>63</ns3:cad>
          </ns3:TrackPointExtension>
        </extensions>
      </trkpt>
      <trkpt lat="43.729220330715179443359375" lon="7.34469487331807613372802734375">
        <ele>456.79998779296875</ele>
        <time>2026-07-07T06:19:18.000Z</time>
        <extensions>
          <ns3:TrackPointExtension>
            <ns3:hr>123</ns3:hr>
            <ns3:cad>0</ns3:cad>
          </ns3:TrackPointExtension>
        </extensions>
      </trkpt>
      <trkpt lat="43.72919744811952114105224609375" lon="7.34471549279987812042236328125">
        <ele>456.399993896484375</ele>
        <time>2026-07-07T06:19:21.000Z</time>
        <extensions>
          <ns3:TrackPointExtension>
            <ns3:hr>126</ns3:hr>
            <ns3:cad>0</ns3:cad>
          </ns3:TrackPointExtension>
        </extensions>
      </trkpt>
      <trkpt lat="43.72918613255023956298828125" lon="7.34471532516181468963623046875">
        <ele>456.20001220703125</ele>
        <time>2026-07-07T06:19:22.000Z</time>
        <extensions>
          <ns3:TrackPointExtension>
            <ns3:hr>126</ns3:hr>
            <ns3:cad>0</ns3:cad>
          </ns3:TrackPointExtension>
        </extensions>
      </trkpt>
      <trkpt lat="43.7291574664413928985595703125" lon="7.34471884556114673614501953125">
        <ele>455.79998779296875</ele>
        <time>2026-07-07T06:19:24.000Z</time>
        <extensions>
          <ns3:TrackPointExtension>
            <ns3:hr>124</ns3:hr>
            <ns3:cad>0</ns3:cad>
          </ns3:TrackPointExtension>
        </extensions>
      </trkpt>
      <trkpt lat="43.7291438877582550048828125" lon="7.34474332071840763092041015625">
        <ele>455.600006103515625</ele>
        <time>2026-07-07T06:19:26.000Z</time>
        <extensions>
          <ns3:TrackPointExtension>
            <ns3:hr>122</ns3:hr>
            <ns3:cad>0</ns3:cad>
          </ns3:TrackPointExtension>
        </extensions>
      </trkpt>
      <trkpt lat="43.72912938706576824188232421875" lon="7.34478254802525043487548828125">
        <ele>455.20001220703125</ele>
        <time>2026-07-07T06:19:29.000Z</time>
        <extensions>
          <ns3:TrackPointExtension>
            <ns3:hr>121</ns3:hr>
            <ns3:cad>62</ns3:cad>
          </ns3:TrackPointExtension>
        </extensions>
      </trkpt>
      <trkpt lat="43.72911865822970867156982421875" lon="7.34479880891740322113037109375">
        <ele>454.79998779296875</ele>
        <time>2026-07-07T06:19:31.000Z</time>
        <extensions>
          <ns3:TrackPointExtension>
            <ns3:hr>121</ns3:hr>
            <ns3:cad>62</ns3:cad>
          </ns3:TrackPointExtension>
        </extensions>
      </trkpt>
      <trkpt lat="43.72908194549381732940673828125" lon="7.34486653469502925872802734375">
        <ele>453.600006103515625</ele>
        <time>2026-07-07T06:19:38.000Z</time>
        <extensions>
          <ns3:TrackPointExtension>
            <ns3:hr>123</ns3:hr>
            <ns3:cad>0</ns3:cad>
          </ns3:TrackPointExtension>
        </extensions>
      </trkpt>
      <trkpt lat="43.72902176342904567718505859375" lon="7.34491749666631221771240234375">
        <ele>452.399993896484375</ele>
        <time>2026-07-07T06:19:44.000Z</time>
        <extensions>
          <ns3:TrackPointExtension>
            <ns3:hr>124</ns3:hr>
            <ns3:cad>57</ns3:cad>
          </ns3:TrackPointExtension>
        </extensions>
      </trkpt>
      <trkpt lat="43.72900499962270259857177734375" lon="7.3449271358549594879150390625">
        <ele>452</ele>
        <time>2026-07-07T06:19:46.000Z</time>
        <extensions>
          <ns3:TrackPointExtension>
            <ns3:hr>125</ns3:hr>
            <ns3:cad>57</ns3:cad>
          </ns3:TrackPointExtension>
        </extensions>
      </trkpt>
      <trkpt lat="43.72898991219699382781982421875" lon="7.34495454467833042144775390625">
        <ele>451.399993896484375</ele>
        <time>2026-07-07T06:19:49.000Z</time>
        <extensions>
          <ns3:TrackPointExtension>
            <ns3:hr>125</ns3:hr>
            <ns3:cad>0</ns3:cad>
          </ns3:TrackPointExtension>
        </extensions>
      </trkpt>
      <trkpt lat="43.72897826135158538818359375" lon="7.34500701539218425750732421875">
        <ele>450.399993896484375</ele>
        <time>2026-07-07T06:19:54.000Z</time>
        <extensions>
          <ns3:TrackPointExtension>
            <ns3:hr>126</ns3:hr>
            <ns3:cad>0</ns3:cad>
          </ns3:TrackPointExtension>
        </extensions>
      </trkpt>
      <trkpt lat="43.72892729938030242919921875" lon="7.3450535349547863006591796875">
        <ele>449.20001220703125</ele>
        <time>2026-07-07T06:20:01.000Z</time>
        <extensions>
          <ns3:TrackPointExtension>
            <ns3:hr>127</ns3:hr>
            <ns3:cad>79</ns3:cad>
          </ns3:TrackPointExtension>
        </extensions>
      </trkpt>
      <trkpt lat="43.72892168350517749786376953125" lon="7.3450749926269054412841796875">
        <ele>448.79998779296875</ele>
        <time>2026-07-07T06:20:03.000Z</time>
        <extensions>
          <ns3:TrackPointExtension>
            <ns3:hr>128</ns3:hr>
            <ns3:cad>79</ns3:cad>
          </ns3:TrackPointExtension>
        </extensions>
      </trkpt>
      <trkpt lat="43.72890542261302471160888671875" lon="7.34510038979351520538330078125">
        <ele>448.600006103515625</ele>
        <time>2026-07-07T06:20:06.000Z</time>
        <extensions>
          <ns3:TrackPointExtension>
            <ns3:hr>129</ns3:hr>
            <ns3:cad>79</ns3:cad>
          </ns3:TrackPointExtension>
        </extensions>
      </trkpt>
      <trkpt lat="43.72888463549315929412841796875" lon="7.34510491602122783660888671875">
        <ele>448.20001220703125</ele>
        <time>2026-07-07T06:20:09.000Z</time>
        <extensions>
          <ns3:TrackPointExtension>
            <ns3:hr>129</ns3:hr>
            <ns3:cad>0</ns3:cad>
          </ns3:TrackPointExtension>
        </extensions>
      </trkpt>
      <trkpt lat="43.728876672685146331787109375" lon="7.34510508365929126739501953125">
        <ele>448</ele>
        <time>2026-07-07T06:20:10.000Z</time>
        <extensions>
          <ns3:TrackPointExtension>
            <ns3:hr>129</ns3:hr>
            <ns3:cad>0</ns3:cad>
          </ns3:TrackPointExtension>
        </extensions>
      </trkpt>
      <trkpt lat="43.72883652336895465850830078125" lon="7.34511204063892364501953125">
        <ele>447.20001220703125</ele>
        <time>2026-07-07T06:20:15.000Z</time>
        <extensions>
          <ns3:TrackPointExtension>
            <ns3:hr>128</ns3:hr>
            <ns3:cad>0</ns3:cad>
          </ns3:TrackPointExtension>
        </extensions>
      </trkpt>
      <trkpt lat="43.728794865310192108154296875" lon="7.34515470452606678009033203125">
        <ele>446.20001220703125</ele>
        <time>2026-07-07T06:20:21.000Z</time>
        <extensions>
          <ns3:TrackPointExtension>
            <ns3:hr>128</ns3:hr>
            <ns3:cad>0</ns3:cad>
          </ns3:TrackPointExtension>
        </extensions>
      </trkpt>
      <trkpt lat="43.728764019906520843505859375" lon="7.3452039062976837158203125">
        <ele>445</ele>
        <time>2026-07-07T06:20:27.000Z</time>
        <extensions>
          <ns3:TrackPointExtension>
            <ns3:hr>127</ns3:hr>
            <ns3:cad>0</ns3:cad>
          </ns3:TrackPointExtension>
        </extensions>
      </trkpt>
      <trkpt lat="43.72874415479600429534912109375" lon="7.34524925239384174346923828125">
        <ele>444.20001220703125</ele>
        <time>2026-07-07T06:20:32.000Z</time>
        <extensions>
          <ns3:TrackPointExtension>
            <ns3:hr>126</ns3:hr>
            <ns3:cad>56</ns3:cad>
          </ns3:TrackPointExtension>
        </extensions>
      </trkpt>
      <trkpt lat="43.7287377007305622100830078125" lon="7.34525956213474273681640625">
        <ele>444</ele>
        <time>2026-07-07T06:20:33.000Z</time>
        <extensions>
          <ns3:TrackPointExtension>
            <ns3:hr>125</ns3:hr>
            <ns3:cad>56</ns3:cad>
          </ns3:TrackPointExtension>
        </extensions>
      </trkpt>
      <trkpt lat="43.72869470156729221343994140625" lon="7.34529568813741207122802734375">
        <ele>442.79998779296875</ele>
        <time>2026-07-07T06:20:39.000Z</time>
        <extensions>
          <ns3:TrackPointExtension>
            <ns3:hr>123</ns3:hr>
            <ns3:cad>68</ns3:cad>
          </ns3:TrackPointExtension>
        </extensions>
      </trkpt>
      <trkpt lat="43.72867927886545658111572265625" lon="7.34532653354108333587646484375">
        <ele>442.20001220703125</ele>
        <time>2026-07-07T06:20:42.000Z</time>
        <extensions>
          <ns3:TrackPointExtension>
            <ns3:hr>124</ns3:hr>
            <ns3:cad>68</ns3:cad>
          </ns3:TrackPointExtension>
        </extensions>
      </trkpt>
      <trkpt lat="43.72865078039467334747314453125" lon="7.345371544361114501953125">
        <ele>441.600006103515625</ele>
        <time>2026-07-07T06:20:46.000Z</time>
        <extensions>
          <ns3:TrackPointExtension>
            <ns3:hr>127</ns3:hr>
            <ns3:cad>68</ns3:cad>
          </ns3:TrackPointExtension>
        </extensions>
      </trkpt>
      <trkpt lat="43.72861524112522602081298828125" lon="7.34541052021086215972900390625">
        <ele>440.600006103515625</ele>
        <time>2026-07-07T06:20:51.000Z</time>
        <extensions>
          <ns3:TrackPointExtension>
            <ns3:hr>127</ns3:hr>
            <ns3:cad>70</ns3:cad>
          </ns3:TrackPointExtension>
        </extensions>
      </trkpt>
      <trkpt lat="43.72858976013958454132080078125" lon="7.34545209445059299468994140625">
        <ele>439.399993896484375</ele>
        <time>2026-07-07T06:20:55.000Z</time>
        <extensions>
          <ns3:TrackPointExtension>
            <ns3:hr>127</ns3:hr>
            <ns3:cad>70</ns3:cad>
          </ns3:TrackPointExtension>
        </extensions>
      </trkpt>
      <trkpt lat="43.72855707071721553802490234375" lon="7.34551328234374523162841796875">
        <ele>438.399993896484375</ele>
        <time>2026-07-07T06:21:00.000Z</time>
        <extensions>
          <ns3:TrackPointExtension>
            <ns3:hr>126</ns3:hr>
            <ns3:cad>68</ns3:cad>
          </ns3:TrackPointExtension>
        </extensions>
      </trkpt>
      <trkpt lat="43.72852538712322711944580078125" lon="7.3455618135631084442138671875">
        <ele>437.20001220703125</ele>
        <time>2026-07-07T06:21:05.000Z</time>
        <extensions>
          <ns3:TrackPointExtension>
            <ns3:hr>126</ns3:hr>
            <ns3:cad>52</ns3:cad>
          </ns3:TrackPointExtension>
        </extensions>
      </trkpt>
      <trkpt lat="43.72851097024977207183837890625" lon="7.34557799063622951507568359375">
        <ele>437</ele>
        <time>2026-07-07T06:21:07.000Z</time>
        <extensions>
          <ns3:TrackPointExtension>
            <ns3:hr>129</ns3:hr>
            <ns3:cad>0</ns3:cad>
          </ns3:TrackPointExtension>
        </extensions>
      </trkpt>
      <trkpt lat="43.72847895137965679168701171875" lon="7.3456432856619358062744140625">
        <ele>436</ele>
        <time>2026-07-07T06:21:14.000Z</time>
        <extensions>
          <ns3:TrackPointExtension>
            <ns3:hr>129</ns3:hr>
            <ns3:cad>59</ns3:cad>
          </ns3:TrackPointExtension>
        </extensions>
      </trkpt>
      <trkpt lat="43.728471659123897552490234375" lon="7.34564445912837982177734375">
        <ele>435.79998779296875</ele>
        <time>2026-07-07T06:21:15.000Z</time>
        <extensions>
          <ns3:TrackPointExtension>
            <ns3:hr>129</ns3:hr>
            <ns3:cad>59</ns3:cad>
          </ns3:TrackPointExtension>
        </extensions>
      </trkpt>
      <trkpt lat="43.72845011763274669647216796875" lon="7.3456546850502490997314453125">
        <ele>435.399993896484375</ele>
        <time>2026-07-07T06:21:17.000Z</time>
        <extensions>
          <ns3:TrackPointExtension>
            <ns3:hr>128</ns3:hr>
            <ns3:cad>59</ns3:cad>
          </ns3:TrackPointExtension>
        </extensions>
      </trkpt>
      <trkpt lat="43.72844106517732143402099609375" lon="7.345660217106342315673828125">
        <ele>435</ele>
        <time>2026-07-07T06:21:18.000Z</time>
        <extensions>
          <ns3:TrackPointExtension>
            <ns3:hr>128</ns3:hr>
            <ns3:cad>59</ns3:cad>
          </ns3:TrackPointExtension>
        </extensions>
      </trkpt>
      <trkpt lat="43.72840736992657184600830078125" lon="7.34570078551769256591796875">
        <ele>434</ele>
        <time>2026-07-07T06:21:23.000Z</time>
        <extensions>
          <ns3:TrackPointExtension>
            <ns3:hr>129</ns3:hr>
            <ns3:cad>59</ns3:cad>
          </ns3:TrackPointExtension>
        </extensions>
      </trkpt>
      <trkpt lat="43.72840150259435176849365234375" lon="7.34570757485926151275634765625">
        <ele>433.79998779296875</ele>
        <time>2026-07-07T06:21:24.000Z</time>
        <extensions>
          <ns3:TrackPointExtension>
            <ns3:hr>129</ns3:hr>
            <ns3:cad>59</ns3:cad>
          </ns3:TrackPointExtension>
        </extensions>
      </trkpt>
      <trkpt lat="43.72837300412356853485107421875" lon="7.34575317241251468658447265625">
        <ele>432.600006103515625</ele>
        <time>2026-07-07T06:21:30.000Z</time>
        <extensions>
          <ns3:TrackPointExtension>
            <ns3:hr>129</ns3:hr>
            <ns3:cad>0</ns3:cad>
          </ns3:TrackPointExtension>
        </extensions>
      </trkpt>
      <trkpt lat="43.7283410690724849700927734375" lon="7.34579156152904033660888671875">
        <ele>431.600006103515625</ele>
        <time>2026-07-07T06:21:35.000Z</time>
        <extensions>
          <ns3:TrackPointExtension>
            <ns3:hr>128</ns3:hr>
            <ns3:cad>0</ns3:cad>
          </ns3:TrackPointExtension>
        </extensions>
      </trkpt>
      <trkpt lat="43.72831500135362148284912109375" lon="7.3458142764866352081298828125">
        <ele>430.79998779296875</ele>
        <time>2026-07-07T06:21:38.000Z</time>
        <extensions>
          <ns3:TrackPointExtension>
            <ns3:hr>127</ns3:hr>
            <ns3:cad>59</ns3:cad>
          </ns3:TrackPointExtension>
        </extensions>
      </trkpt>
      <trkpt lat="43.72830779291689395904541015625" lon="7.34581788070499897003173828125">
        <ele>430.600006103515625</ele>
        <time>2026-07-07T06:21:39.000Z</time>
        <extensions>
          <ns3:TrackPointExtension>
            <ns3:hr>125</ns3:hr>
            <ns3:cad>59</ns3:cad>
          </ns3:TrackPointExtension>
        </extensions>
      </trkpt>
      <trkpt lat="43.72829723171889781951904296875" lon="7.34583489596843719482421875">
        <ele>430.20001220703125</ele>
        <time>2026-07-07T06:21:41.000Z</time>
        <extensions>
          <ns3:TrackPointExtension>
            <ns3:hr>122</ns3:hr>
            <ns3:cad>0</ns3:cad>
          </ns3:TrackPointExtension>
        </extensions>
      </trkpt>
      <trkpt lat="43.7282582558691501617431640625" lon="7.345874123275279998779296875">
        <ele>429.600006103515625</ele>
        <time>2026-07-07T06:21:45.000Z</time>
        <extensions>
          <ns3:TrackPointExtension>
            <ns3:hr>119</ns3:hr>
            <ns3:cad>0</ns3:cad>
          </ns3:TrackPointExtension>
        </extensions>
      </trkpt>
      <trkpt lat="43.7282485328614711761474609375" lon="7.34588527120649814605712890625">
        <ele>429.399993896484375</ele>
        <time>2026-07-07T06:21:46.000Z</time>
        <extensions>
          <ns3:TrackPointExtension>
            <ns3:hr>119</ns3:hr>
            <ns3:cad>0</ns3:cad>
          </ns3:TrackPointExtension>
        </extensions>
      </trkpt>
      <trkpt lat="43.72824358753859996795654296875" lon="7.34589918516576290130615234375">
        <ele>429</ele>
        <time>2026-07-07T06:21:47.000Z</time>
        <extensions>
          <ns3:TrackPointExtension>
            <ns3:hr>119</ns3:hr>
            <ns3:cad>0</ns3:cad>
          </ns3:TrackPointExtension>
        </extensions>
      </trkpt>
      <trkpt lat="43.7282243929803371429443359375" lon="7.34593522734940052032470703125">
        <ele>428.600006103515625</ele>
        <time>2026-07-07T06:21:50.000Z</time>
        <extensions>
          <ns3:TrackPointExtension>
            <ns3:hr>116</ns3:hr>
            <ns3:cad>0</ns3:cad>
          </ns3:TrackPointExtension>
        </extensions>
      </trkpt>
      <trkpt lat="43.72820436023175716400146484375" lon="7.34596037305891513824462890625">
        <ele>428.399993896484375</ele>
        <time>2026-07-07T06:21:53.000Z</time>
        <extensions>
          <ns3:TrackPointExtension>
            <ns3:hr>115</ns3:hr>
            <ns3:cad>0</ns3:cad>
          </ns3:TrackPointExtension>
        </extensions>
      </trkpt>
      <trkpt lat="43.7281982414424419403076171875" lon="7.34596841968595981597900390625">
        <ele>428.399993896484375</ele>
        <time>2026-07-07T06:21:54.000Z</time>
        <extensions>
          <ns3:TrackPointExtension>
            <ns3:hr>115</ns3:hr>
            <ns3:cad>0</ns3:cad>
          </ns3:TrackPointExtension>
        </extensions>
      </trkpt>
      <trkpt lat="43.72818524949252605438232421875" lon="7.34598551876842975616455078125">
        <ele>428.20001220703125</ele>
        <time>2026-07-07T06:21:57.000Z</time>
        <extensions>
          <ns3:TrackPointExtension>
            <ns3:hr>115</ns3:hr>
            <ns3:cad>0</ns3:cad>
          </ns3:TrackPointExtension>
        </extensions>
      </trkpt>
      <trkpt lat="43.7281710840761661529541015625" lon="7.34600965864956378936767578125">
        <ele>427.399993896484375</ele>
        <time>2026-07-07T06:22:00.000Z</time>
        <extensions>
          <ns3:TrackPointExtension>
            <ns3:hr>116</ns3:hr>
            <ns3:cad>0</ns3:cad>
          </ns3:TrackPointExtension>
        </extensions>
      </trkpt>
      <trkpt lat="43.72816597111523151397705078125" lon="7.3460228182375431060791015625">
        <ele>427.20001220703125</ele>
        <time>2026-07-07T06:22:01.000Z</time>
        <extensions>
          <ns3:TrackPointExtension>
            <ns3:hr>116</ns3:hr>
            <ns3:cad>0</ns3:cad>
          </ns3:TrackPointExtension>
        </extensions>
      </trkpt>
      <trkpt lat="43.7281541526317596435546875" lon="7.34605642966926097869873046875">
        <ele>426.600006103515625</ele>
        <time>2026-07-07T06:22:04.000Z</time>
        <extensions>
          <ns3:TrackPointExtension>
            <ns3:hr>117</ns3:hr>
            <ns3:cad>0</ns3:cad>
          </ns3:TrackPointExtension>
        </extensions>
      </trkpt>
      <trkpt lat="43.728141076862812042236328125" lon="7.3460737802088260650634765625">
        <ele>426.399993896484375</ele>
        <time>2026-07-07T06:22:06.000Z</time>
        <extensions>
          <ns3:TrackPointExtension>
            <ns3:hr>117</ns3:hr>
            <ns3:cad>0</ns3:cad>
          </ns3:TrackPointExtension>
        </extensions>
      </trkpt>
      <trkpt lat="43.72812322340905666351318359375" lon="7.3461056314408779144287109375">
        <ele>425.79998779296875</ele>
        <time>2026-07-07T06:22:09.000Z</time>
        <extensions>
          <ns3:TrackPointExtension>
            <ns3:hr>129</ns3:hr>
            <ns3:cad>50</ns3:cad>
          </ns3:TrackPointExtension>
        </extensions>
      </trkpt>
      <trkpt lat="43.7281072139739990234375" lon="7.346116192638874053955078125">
        <ele>425.399993896484375</ele>
        <time>2026-07-07T06:22:11.000Z</time>
        <extensions>
          <ns3:TrackPointExtension>
            <ns3:hr>130</ns3:hr>
            <ns3:cad>55</ns3:cad>
          </ns3:TrackPointExtension>
        </extensions>
      </trkpt>
      <trkpt lat="43.72807896696031093597412109375" lon="7.3461428470909595489501953125">
        <ele>424.79998779296875</ele>
        <time>2026-07-07T06:22:15.000Z</time>
        <extensions>
          <ns3:TrackPointExtension>
            <ns3:hr>129</ns3:hr>
            <ns3:cad>0</ns3:cad>
          </ns3:TrackPointExtension>
        </extensions>
      </trkpt>
      <trkpt lat="43.728051222860813140869140625" lon="7.34616212546825408935546875">
        <ele>424.20001220703125</ele>
        <time>2026-07-07T06:22:19.000Z</time>
        <extensions>
          <ns3:TrackPointExtension>
            <ns3:hr>128</ns3:hr>
            <ns3:cad>79</ns3:cad>
          </ns3:TrackPointExtension>
        </extensions>
      </trkpt>
      <trkpt lat="43.7280342914164066314697265625" lon="7.3461632989346981048583984375">
        <ele>423.399993896484375</ele>
        <time>2026-07-07T06:22:24.000Z</time>
        <extensions>
          <ns3:TrackPointExtension>
            <ns3:hr>129</ns3:hr>
            <ns3:cad>0</ns3:cad>
          </ns3:TrackPointExtension>
        </extensions>
      </trkpt>
      <trkpt lat="43.728028424084186553955078125" lon="7.34616338275372982025146484375">
        <ele>423</ele>
        <time>2026-07-07T06:22:26.000Z</time>
        <extensions>
          <ns3:TrackPointExtension>
            <ns3:hr>128</ns3:hr>
            <ns3:cad>0</ns3:cad>
          </ns3:TrackPointExtension>
        </extensions>
      </trkpt>
      <trkpt lat="43.72800218872725963592529296875" lon="7.346184253692626953125">
        <ele>422</ele>
        <time>2026-07-07T06:22:32.000Z</time>
        <extensions>
          <ns3:TrackPointExtension>
            <ns3:hr>128</ns3:hr>
            <ns3:cad>0</ns3:cad>
          </ns3:TrackPointExtension>
        </extensions>
      </trkpt>
      <trkpt lat="43.72799330390989780426025390625" lon="7.34619028866291046142578125">
        <ele>422</ele>
        <time>2026-07-07T06:22:33.000Z</time>
        <extensions>
          <ns3:TrackPointExtension>
            <ns3:hr>129</ns3:hr>
            <ns3:cad>0</ns3:cad>
          </ns3:TrackPointExtension>
        </extensions>
      </trkpt>
      <trkpt lat="43.727959357202053070068359375" lon="7.3462471179664134979248046875">
        <ele>421</ele>
        <time>2026-07-07T06:22:38.000Z</time>
        <extensions>
          <ns3:TrackPointExtension>
            <ns3:hr>130</ns3:hr>
            <ns3:cad>0</ns3:cad>
          </ns3:TrackPointExtension>
        </extensions>
      </trkpt>
      <trkpt lat="43.727950640022754669189453125" lon="7.3462615348398685455322265625">
        <ele>420.79998779296875</ele>
        <time>2026-07-07T06:22:39.000Z</time>
        <extensions>
          <ns3:TrackPointExtension>
            <ns3:hr>130</ns3:hr>
            <ns3:cad>0</ns3:cad>
          </ns3:TrackPointExtension>
        </extensions>
      </trkpt>
      <trkpt lat="43.727909736335277557373046875" lon="7.346361614763736724853515625">
        <ele>420</ele>
        <time>2026-07-07T06:22:46.000Z</time>
        <extensions>
          <ns3:TrackPointExtension>
            <ns3:hr>129</ns3:hr>
            <ns3:cad>56</ns3:cad>
          </ns3:TrackPointExtension>
        </extensions>
      </trkpt>
      <trkpt lat="43.72790378518402576446533203125" lon="7.34639371745288372039794921875">
        <ele>419.399993896484375</ele>
        <time>2026-07-07T06:22:48.000Z</time>
        <extensions>
          <ns3:TrackPointExtension>
            <ns3:hr>129</ns3:hr>
            <ns3:cad>56</ns3:cad>
          </ns3:TrackPointExtension>
        </extensions>
      </trkpt>
      <trkpt lat="43.72786405496299266815185546875" lon="7.34649094752967357635498046875">
        <ele>419.20001220703125</ele>
        <time>2026-07-07T06:22:55.000Z</time>
        <extensions>
          <ns3:TrackPointExtension>
            <ns3:hr>126</ns3:hr>
            <ns3:cad>53</ns3:cad>
          </ns3:TrackPointExtension>
        </extensions>
      </trkpt>
      <trkpt lat="43.72785902582108974456787109375" lon="7.34650469385087490081787109375">
        <ele>419</ele>
        <time>2026-07-07T06:22:56.000Z</time>
        <extensions>
          <ns3:TrackPointExtension>
            <ns3:hr>126</ns3:hr>
            <ns3:cad>53</ns3:cad>
          </ns3:TrackPointExtension>
        </extensions>
      </trkpt>
      <trkpt lat="43.7277945689857006072998046875" lon="7.34666663222014904022216796875">
        <ele>418.600006103515625</ele>
        <time>2026-07-07T06:23:07.000Z</time>
        <extensions>
          <ns3:TrackPointExtension>
            <ns3:hr>125</ns3:hr>
            <ns3:cad>51</ns3:cad>
          </ns3:TrackPointExtension>
        </extensions>
      </trkpt>
      <trkpt lat="43.727776966989040374755859375" lon="7.34670585952699184417724609375">
        <ele>418.399993896484375</ele>
        <time>2026-07-07T06:23:10.000Z</time>
        <extensions>
          <ns3:TrackPointExtension>
            <ns3:hr>125</ns3:hr>
            <ns3:cad>50</ns3:cad>
          </ns3:TrackPointExtension>
        </extensions>
      </trkpt>
      <trkpt lat="43.72773078270256519317626953125" lon="7.34676017425954341888427734375">
        <ele>417.600006103515625</ele>
        <time>2026-07-07T06:23:16.000Z</time>
        <extensions>
          <ns3:TrackPointExtension>
            <ns3:hr>125</ns3:hr>
            <ns3:cad>0</ns3:cad>
          </ns3:TrackPointExtension>
        </extensions>
      </trkpt>
      <trkpt lat="43.7277171202003955841064453125" lon="7.346785403788089752197265625">
        <ele>417.399993896484375</ele>
        <time>2026-07-07T06:23:18.000Z</time>
        <extensions>
          <ns3:TrackPointExtension>
            <ns3:hr>125</ns3:hr>
            <ns3:cad>0</ns3:cad>
          </ns3:TrackPointExtension>
        </extensions>
      </trkpt>
      <trkpt lat="43.7276740372180938720703125" lon="7.34685539267957210540771484375">
        <ele>416.79998779296875</ele>
        <time>2026-07-07T06:23:24.000Z</time>
        <extensions>
          <ns3:TrackPointExtension>
            <ns3:hr>125</ns3:hr>
            <ns3:cad>0</ns3:cad>
          </ns3:TrackPointExtension>
        </extensions>
      </trkpt>
      <trkpt lat="43.72760304249823093414306640625" lon="7.34697617590427398681640625">
        <ele>416.600006103515625</ele>
        <time>2026-07-07T06:23:35.000Z</time>
        <extensions>
          <ns3:TrackPointExtension>
            <ns3:hr>125</ns3:hr>
            <ns3:cad>0</ns3:cad>
          </ns3:TrackPointExtension>
        </extensions>
      </trkpt>
      <trkpt lat="43.72759868390858173370361328125" lon="7.34699897468090057373046875">
        <ele>416.399993896484375</ele>
        <time>2026-07-07T06:23:38.000Z</time>
        <extensions>
          <ns3:TrackPointExtension>
            <ns3:hr>126</ns3:hr>
            <ns3:cad>0</ns3:cad>
          </ns3:TrackPointExtension>
        </extensions>
      </trkpt>
      <trkpt lat="43.72759424149990081787109375" lon="7.3470071889460086822509765625">
        <ele>416.20001220703125</ele>
        <time>2026-07-07T06:23:42.000Z</time>
        <extensions>
          <ns3:TrackPointExtension>
            <ns3:hr>127</ns3:hr>
            <ns3:cad>0</ns3:cad>
          </ns3:TrackPointExtension>
        </extensions>
      </trkpt>
      <trkpt lat="43.72756063006818294525146484375" lon="7.3470558039844036102294921875">
        <ele>415.600006103515625</ele>
        <time>2026-07-07T06:23:49.000Z</time>
        <extensions>
          <ns3:TrackPointExtension>
            <ns3:hr>128</ns3:hr>
            <ns3:cad>0</ns3:cad>
          </ns3:TrackPointExtension>
        </extensions>
      </trkpt>
      <trkpt lat="43.7275434471666812896728515625" lon="7.34707399271428585052490234375">
        <ele>414.79998779296875</ele>
        <time>2026-07-07T06:23:51.000Z</time>
        <extensions>
          <ns3:TrackPointExtension>
            <ns3:hr>127</ns3:hr>
            <ns3:cad>0</ns3:cad>
          </ns3:TrackPointExtension>
        </extensions>
      </trkpt>
      <trkpt lat="43.72749223373830318450927734375" lon="7.3471245355904102325439453125">
        <ele>413.600006103515625</ele>
        <time>2026-07-07T06:23:57.000Z</time>
        <extensions>
          <ns3:TrackPointExtension>
            <ns3:hr>128</ns3:hr>
            <ns3:cad>0</ns3:cad>
          </ns3:TrackPointExtension>
        </extensions>
      </trkpt>
      <trkpt lat="43.7274398468434810638427734375" lon="7.34718899242579936981201171875">
        <ele>412.600006103515625</ele>
        <time>2026-07-07T06:24:03.000Z</time>
        <extensions>
          <ns3:TrackPointExtension>
            <ns3:hr>129</ns3:hr>
            <ns3:cad>0</ns3:cad>
          </ns3:TrackPointExtension>
        </extensions>
      </trkpt>
      <trkpt lat="43.727390058338642120361328125" lon="7.34727532602846622467041015625">
        <ele>411.399993896484375</ele>
        <time>2026-07-07T06:24:11.000Z</time>
        <extensions>
          <ns3:TrackPointExtension>
            <ns3:hr>129</ns3:hr>
            <ns3:cad>62</ns3:cad>
          </ns3:TrackPointExtension>
        </extensions>
      </trkpt>
      <trkpt lat="43.7273821793496608734130859375" lon="7.347286641597747802734375">
        <ele>411.399993896484375</ele>
        <time>2026-07-07T06:24:12.000Z</time>
        <extensions>
          <ns3:TrackPointExtension>
            <ns3:hr>129</ns3:hr>
            <ns3:cad>62</ns3:cad>
          </ns3:TrackPointExtension>
        </extensions>
      </trkpt>
      <trkpt lat="43.72733783908188343048095703125" lon="7.34735294245183467864990234375">
        <ele>410.20001220703125</ele>
        <time>2026-07-07T06:24:18.000Z</time>
        <extensions>
          <ns3:TrackPointExtension>
            <ns3:hr>128</ns3:hr>
            <ns3:cad>71</ns3:cad>
          </ns3:TrackPointExtension>
        </extensions>
      </trkpt>
      <trkpt lat="43.7273043952882289886474609375" lon="7.34740625135600566864013671875">
        <ele>409.600006103515625</ele>
        <time>2026-07-07T06:24:23.000Z</time>
        <extensions>
          <ns3:TrackPointExtension>
            <ns3:hr>127</ns3:hr>
            <ns3:cad>65</ns3:cad>
          </ns3:TrackPointExtension>
        </extensions>
      </trkpt>
      <trkpt lat="43.7272829376161098480224609375" lon="7.3474386893212795257568359375">
        <ele>409.20001220703125</ele>
        <time>2026-07-07T06:24:26.000Z</time>
        <extensions>
          <ns3:TrackPointExtension>
            <ns3:hr>127</ns3:hr>
            <ns3:cad>65</ns3:cad>
          </ns3:TrackPointExtension>
        </extensions>
      </trkpt>
      <trkpt lat="43.727243877947330474853515625" lon="7.347498200833797454833984375">
        <ele>408</ele>
        <time>2026-07-07T06:24:32.000Z</time>
        <extensions>
          <ns3:TrackPointExtension>
            <ns3:hr>126</ns3:hr>
            <ns3:cad>0</ns3:cad>
          </ns3:TrackPointExtension>
        </extensions>
      </trkpt>
      <trkpt lat="43.727238513529300689697265625" lon="7.347510941326618194580078125">
        <ele>407.79998779296875</ele>
        <time>2026-07-07T06:24:33.000Z</time>
        <extensions>
          <ns3:TrackPointExtension>
            <ns3:hr>125</ns3:hr>
            <ns3:cad>0</ns3:cad>
          </ns3:TrackPointExtension>
        </extensions>
      </trkpt>
      <trkpt lat="43.7272085063159465789794921875" lon="7.34755628742277622222900390625">
        <ele>406.79998779296875</ele>
        <time>2026-07-07T06:24:38.000Z</time>
        <extensions>
          <ns3:TrackPointExtension>
            <ns3:hr>126</ns3:hr>
            <ns3:cad>67</ns3:cad>
          </ns3:TrackPointExtension>
        </extensions>
      </trkpt>
      <trkpt lat="43.7271778285503387451171875" lon="7.3476090095937252044677734375">
        <ele>405.600006103515625</ele>
        <time>2026-07-07T06:24:43.000Z</time>
        <extensions>
          <ns3:TrackPointExtension>
            <ns3:hr>126</ns3:hr>
            <ns3:cad>0</ns3:cad>
          </ns3:TrackPointExtension>
        </extensions>
      </trkpt>
      <trkpt lat="43.72717179358005523681640625" lon="7.34761831350624561309814453125">
        <ele>405.399993896484375</ele>
        <time>2026-07-07T06:24:44.000Z</time>
        <extensions>
          <ns3:TrackPointExtension>
            <ns3:hr>126</ns3:hr>
            <ns3:cad>0</ns3:cad>
          </ns3:TrackPointExtension>
        </extensions>
      </trkpt>
      <trkpt lat="43.7271354161202907562255859375" lon="7.34770297072827816009521484375">
        <ele>404.600006103515625</ele>
        <time>2026-07-07T06:24:51.000Z</time>
        <extensions>
          <ns3:TrackPointExtension>
            <ns3:hr>127</ns3:hr>
            <ns3:cad>44</ns3:cad>
          </ns3:TrackPointExtension>
        </extensions>
      </trkpt>
      <trkpt lat="43.72711990959942340850830078125" lon="7.34776885248720645904541015625">
        <ele>403.79998779296875</ele>
        <time>2026-07-07T06:24:56.000Z</time>
        <extensions>
          <ns3:TrackPointExtension>
            <ns3:hr>128</ns3:hr>
            <ns3:cad>48</ns3:cad>
          </ns3:TrackPointExtension>
        </extensions>
      </trkpt>
      <trkpt lat="43.727113120257854461669921875" lon="7.3477970995008945465087890625">
        <ele>403.600006103515625</ele>
        <time>2026-07-07T06:24:58.000Z</time>
        <extensions>
          <ns3:TrackPointExtension>
            <ns3:hr>128</ns3:hr>
            <ns3:cad>52</ns3:cad>
          </ns3:TrackPointExtension>
        </extensions>
      </trkpt>
      <trkpt lat="43.7270935066044330596923828125" lon="7.34788770787417888641357421875">
        <ele>402.600006103515625</ele>
        <time>2026-07-07T06:25:04.000Z</time>
        <extensions>
          <ns3:TrackPointExtension>
            <ns3:hr>127</ns3:hr>
            <ns3:cad>50</ns3:cad>
          </ns3:TrackPointExtension>
        </extensions>
      </trkpt>
      <trkpt lat="43.72707531787455081939697265625" lon="7.34792995266616344451904296875">
        <ele>402</ele>
        <time>2026-07-07T06:25:07.000Z</time>
        <extensions>
          <ns3:TrackPointExtension>
            <ns3:hr>127</ns3:hr>
            <ns3:cad>50</ns3:cad>
          </ns3:TrackPointExtension>
        </extensions>
      </trkpt>
      <trkpt lat="43.727052770555019378662109375" lon="7.3479965887963771820068359375">
        <ele>401.399993896484375</ele>
        <time>2026-07-07T06:25:12.000Z</time>
        <extensions>
          <ns3:TrackPointExtension>
            <ns3:hr>127</ns3:hr>
            <ns3:cad>0</ns3:cad>
          </ns3:TrackPointExtension>
        </extensions>
      </trkpt>
      <trkpt lat="43.72704765759408473968505859375" lon="7.3480229079723358154296875">
        <ele>401</ele>
        <time>2026-07-07T06:25:14.000Z</time>
        <extensions>
          <ns3:TrackPointExtension>
            <ns3:hr>128</ns3:hr>
            <ns3:cad>0</ns3:cad>
          </ns3:TrackPointExtension>
        </extensions>
      </trkpt>
      <trkpt lat="43.72704078443348407745361328125" lon="7.34807646833360195159912109375">
        <ele>400</ele>
        <time>2026-07-07T06:25:18.000Z</time>
        <extensions>
          <ns3:TrackPointExtension>
            <ns3:hr>129</ns3:hr>
            <ns3:cad>47</ns3:cad>
          </ns3:TrackPointExtension>
        </extensions>
      </trkpt>
      <trkpt lat="43.72702016495168209075927734375" lon="7.3481320403516292572021484375">
        <ele>399.20001220703125</ele>
        <time>2026-07-07T06:25:23.000Z</time>
        <extensions>
          <ns3:TrackPointExtension>
            <ns3:hr>129</ns3:hr>
            <ns3:cad>0</ns3:cad>
          </ns3:TrackPointExtension>
        </extensions>
      </trkpt>
      <trkpt lat="43.727012537419795989990234375" lon="7.3481511510908603668212890625">
        <ele>398.79998779296875</ele>
        <time>2026-07-07T06:25:25.000Z</time>
        <extensions>
          <ns3:TrackPointExtension>
            <ns3:hr>129</ns3:hr>
            <ns3:cad>0</ns3:cad>
          </ns3:TrackPointExtension>
        </extensions>
      </trkpt>
      <trkpt lat="43.72700625099241733551025390625" lon="7.34819532372057437896728515625">
        <ele>397.600006103515625</ele>
        <time>2026-07-07T06:25:29.000Z</time>
        <extensions>
          <ns3:TrackPointExtension>
            <ns3:hr>128</ns3:hr>
            <ns3:cad>0</ns3:cad>
          </ns3:TrackPointExtension>
        </extensions>
      </trkpt>
      <trkpt lat="43.72700105421245098114013671875" lon="7.34824209474027156829833984375">
        <ele>396.79998779296875</ele>
        <time>2026-07-07T06:25:33.000Z</time>
        <extensions>
          <ns3:TrackPointExtension>
            <ns3:hr>128</ns3:hr>
            <ns3:cad>0</ns3:cad>
          </ns3:TrackPointExtension>
        </extensions>
      </trkpt>
      <trkpt lat="43.7270083464682102203369140625" lon="7.34826304949820041656494140625">
        <ele>396.600006103515625</ele>
        <time>2026-07-07T06:25:35.000Z</time>
        <extensions>
          <ns3:TrackPointExtension>
            <ns3:hr>128</ns3:hr>
            <ns3:cad>0</ns3:cad>
          </ns3:TrackPointExtension>
        </extensions>
      </trkpt>
      <trkpt lat="43.72701094485819339752197265625" lon="7.34827646054327487945556640625">
        <ele>396.399993896484375</ele>
        <time>2026-07-07T06:25:36.000Z</time>
        <extensions>
          <ns3:TrackPointExtension>
            <ns3:hr>128</ns3:hr>
            <ns3:cad>0</ns3:cad>
          </ns3:TrackPointExtension>
        </extensions>
      </trkpt>
      <trkpt lat="43.7270133756101131439208984375" lon="7.3483305238187313079833984375">
        <ele>395.399993896484375</ele>
        <time>2026-07-07T06:25:41.000Z</time>
        <extensions>
          <ns3:TrackPointExtension>
            <ns3:hr>126</ns3:hr>
            <ns3:cad>0</ns3:cad>
          </ns3:TrackPointExtension>
        </extensions>
      </trkpt>
      <trkpt lat="43.72701262123882770538330078125" lon="7.348342426121234893798828125">
        <ele>395.20001220703125</ele>
        <time>2026-07-07T06:25:42.000Z</time>
        <extensions>
          <ns3:TrackPointExtension>
            <ns3:hr>126</ns3:hr>
            <ns3:cad>71</ns3:cad>
          </ns3:TrackPointExtension>
        </extensions>
      </trkpt>
      <trkpt lat="43.72700809501111507415771484375" lon="7.3483851738274097442626953125">
        <ele>394.399993896484375</ele>
        <time>2026-07-07T06:25:46.000Z</time>
        <extensions>
          <ns3:TrackPointExtension>
            <ns3:hr>124</ns3:hr>
            <ns3:cad>0</ns3:cad>
          </ns3:TrackPointExtension>
        </extensions>
      </trkpt>
      <trkpt lat="43.7270106934010982513427734375" lon="7.34844191931188106536865234375">
        <ele>393.399993896484375</ele>
        <time>2026-07-07T06:25:52.000Z</time>
        <extensions>
          <ns3:TrackPointExtension>
            <ns3:hr>123</ns3:hr>
            <ns3:cad>0</ns3:cad>
          </ns3:TrackPointExtension>
        </extensions>
      </trkpt>
      <trkpt lat="43.7270123697817325592041015625" lon="7.3484520614147186279296875">
        <ele>393</ele>
        <time>2026-07-07T06:25:53.000Z</time>
        <extensions>
          <ns3:TrackPointExtension>
            <ns3:hr>123</ns3:hr>
            <ns3:cad>0</ns3:cad>
          </ns3:TrackPointExtension>
        </extensions>
      </trkpt>
      <trkpt lat="43.7270276248455047607421875" lon="7.348514758050441741943359375">
        <ele>392</ele>
        <time>2026-07-07T06:25:58.000Z</time>
        <extensions>
          <ns3:TrackPointExtension>
            <ns3:hr>123</ns3:hr>
            <ns3:cad>0</ns3:cad>
          </ns3:TrackPointExtension>
        </extensions>
      </trkpt>
      <trkpt lat="43.72703902423381805419921875" lon="7.34854870475828647613525390625">
        <ele>391.20001220703125</ele>
        <time>2026-07-07T06:26:02.000Z</time>
        <extensions>
          <ns3:TrackPointExtension>
            <ns3:hr>126</ns3:hr>
            <ns3:cad>0</ns3:cad>
          </ns3:TrackPointExtension>
        </extensions>
      </trkpt>
      <trkpt lat="43.72704698704183101654052734375" lon="7.34856999479234218597412109375">
        <ele>391</ele>
        <time>2026-07-07T06:26:04.000Z</time>
        <extensions>
          <ns3:TrackPointExtension>
            <ns3:hr>130</ns3:hr>
            <ns3:cad>0</ns3:cad>
          </ns3:TrackPointExtension>
        </extensions>
      </trkpt>
      <trkpt lat="43.72706224210560321807861328125" lon="7.34861827455461025238037109375">
        <ele>390</ele>
        <time>2026-07-07T06:26:09.000Z</time>
        <extensions>
          <ns3:TrackPointExtension>
            <ns3:hr>131</ns3:hr>
            <ns3:cad>0</ns3:cad>
          </ns3:TrackPointExtension>
        </extensions>
      </trkpt>
      <trkpt lat="43.72706475667655467987060546875" lon="7.34863017685711383819580078125">
        <ele>389.79998779296875</ele>
        <time>2026-07-07T06:26:10.000Z</time>
        <extensions>
          <ns3:TrackPointExtension>
            <ns3:hr>131</ns3:hr>
            <ns3:cad>0</ns3:cad>
          </ns3:TrackPointExtension>
        </extensions>
      </trkpt>
      <trkpt lat="43.7270700372755527496337890625" lon="7.34868013300001621246337890625">
        <ele>388.600006103515625</ele>
        <time>2026-07-07T06:26:15.000Z</time>
        <extensions>
          <ns3:TrackPointExtension>
            <ns3:hr>131</ns3:hr>
            <ns3:cad>73</ns3:cad>
          </ns3:TrackPointExtension>
        </extensions>
      </trkpt>
      <trkpt lat="43.72708084993064403533935546875" lon="7.34871751628816127777099609375">
        <ele>388.399993896484375</ele>
        <time>2026-07-07T06:26:18.000Z</time>
        <extensions>
          <ns3:TrackPointExtension>
            <ns3:hr>131</ns3:hr>
            <ns3:cad>72</ns3:cad>
          </ns3:TrackPointExtension>
        </extensions>
      </trkpt>
      <trkpt lat="43.72710649855434894561767578125" lon="7.34875841997563838958740234375">
        <ele>387.600006103515625</ele>
        <time>2026-07-07T06:26:22.000Z</time>
        <extensions>
          <ns3:TrackPointExtension>
            <ns3:hr>131</ns3:hr>
            <ns3:cad>0</ns3:cad>
          </ns3:TrackPointExtension>
        </extensions>
      </trkpt>
      <trkpt lat="43.727143295109272003173828125" lon="7.34880787320435047149658203125">
        <ele>386.600006103515625</ele>
        <time>2026-07-07T06:26:29.000Z</time>
        <extensions>
          <ns3:TrackPointExtension>
            <ns3:hr>131</ns3:hr>
            <ns3:cad>0</ns3:cad>
          </ns3:TrackPointExtension>
        </extensions>
      </trkpt>
      <trkpt lat="43.7271488271653652191162109375" lon="7.3488173447549343109130859375">
        <ele>386.399993896484375</ele>
        <time>2026-07-07T06:26:30.000Z</time>
        <extensions>
          <ns3:TrackPointExtension>
            <ns3:hr>131</ns3:hr>
            <ns3:cad>0</ns3:cad>
          </ns3:TrackPointExtension>
        </extensions>
      </trkpt>
      <trkpt lat="43.72717841528356075286865234375" lon="7.3488673008978366851806640625">
        <ele>385.79998779296875</ele>
        <time>2026-07-07T06:26:36.000Z</time>
        <extensions>
          <ns3:TrackPointExtension>
            <ns3:hr>129</ns3:hr>
            <ns3:cad>0</ns3:cad>
          </ns3:TrackPointExtension>
        </extensions>
      </trkpt>
      <trkpt lat="43.72718746773898601531982421875" lon="7.34888993203639984130859375">
        <ele>385.399993896484375</ele>
        <time>2026-07-07T06:26:38.000Z</time>
        <extensions>
          <ns3:TrackPointExtension>
            <ns3:hr>129</ns3:hr>
            <ns3:cad>0</ns3:cad>
          </ns3:TrackPointExtension>
        </extensions>
      </trkpt>
      <trkpt lat="43.72720263898372650146484375" lon="7.3489108867943286895751953125">
        <ele>385.20001220703125</ele>
        <time>2026-07-07T06:26:40.000Z</time>
        <extensions>
          <ns3:TrackPointExtension>
            <ns3:hr>129</ns3:hr>
            <ns3:cad>0</ns3:cad>
          </ns3:TrackPointExtension>
        </extensions>
      </trkpt>
      <trkpt lat="43.72721898369491100311279296875" lon="7.34892337583005428314208984375">
        <ele>384.399993896484375</ele>
        <time>2026-07-07T06:26:44.000Z</time>
        <extensions>
          <ns3:TrackPointExtension>
            <ns3:hr>129</ns3:hr>
            <ns3:cad>0</ns3:cad>
          </ns3:TrackPointExtension>
        </extensions>
      </trkpt>
      <trkpt lat="43.72722007334232330322265625" lon="7.34892438165843486785888671875">
        <ele>384.399993896484375</ele>
        <time>2026-07-07T06:26:45.000Z</time>
        <extensions>
          <ns3:TrackPointExtension>
            <ns3:hr>129</ns3:hr>
            <ns3:cad>0</ns3:cad>
          </ns3:TrackPointExtension>
        </extensions>
      </trkpt>
      <trkpt lat="43.72722283937036991119384765625" lon="7.348926477134227752685546875">
        <ele>384.20001220703125</ele>
        <time>2026-07-07T06:26:50.000Z</time>
        <extensions>
          <ns3:TrackPointExtension>
            <ns3:hr>124</ns3:hr>
            <ns3:cad>0</ns3:cad>
          </ns3:TrackPointExtension>
        </extensions>
      </trkpt>
      <trkpt lat="43.72725888155400753021240234375" lon="7.34897165559232234954833984375">
        <ele>383.600006103515625</ele>
        <time>2026-07-07T06:26:58.000Z</time>
        <extensions>
          <ns3:TrackPointExtension>
            <ns3:hr>124</ns3:hr>
            <ns3:cad>0</ns3:cad>
          </ns3:TrackPointExtension>
        </extensions>
      </trkpt>
      <trkpt lat="43.7272628210484981536865234375" lon="7.348981462419033050537109375">
        <ele>383.399993896484375</ele>
        <time>2026-07-07T06:26:59.000Z</time>
        <extensions>
          <ns3:TrackPointExtension>
            <ns3:hr>125</ns3:hr>
            <ns3:cad>47</ns3:cad>
          </ns3:TrackPointExtension>
        </extensions>
      </trkpt>
      <trkpt lat="43.72730464674532413482666015625" lon="7.3490299098193645477294921875">
        <ele>382.20001220703125</ele>
        <time>2026-07-07T06:27:05.000Z</time>
        <extensions>
          <ns3:TrackPointExtension>
            <ns3:hr>128</ns3:hr>
            <ns3:cad>0</ns3:cad>
          </ns3:TrackPointExtension>
        </extensions>
      </trkpt>
      <trkpt lat="43.72734102420508861541748046875" lon="7.349059917032718658447265625">
        <ele>381.600006103515625</ele>
        <time>2026-07-07T06:27:09.000Z</time>
        <extensions>
          <ns3:TrackPointExtension>
            <ns3:hr>128</ns3:hr>
            <ns3:cad>0</ns3:cad>
          </ns3:TrackPointExtension>
        </extensions>
      </trkpt>
      <trkpt lat="43.72735510580241680145263671875" lon="7.34906871803104877471923828125">
        <ele>381.20001220703125</ele>
        <time>2026-07-07T06:27:11.000Z</time>
        <extensions>
          <ns3:TrackPointExtension>
            <ns3:hr>128</ns3:hr>
            <ns3:cad>0</ns3:cad>
          </ns3:TrackPointExtension>
        </extensions>
      </trkpt>
      <trkpt lat="43.727435655891895294189453125" lon="7.3491016589105129241943359375">
        <ele>380</ele>
        <time>2026-07-07T06:27:18.000Z</time>
        <extensions>
          <ns3:TrackPointExtension>
            <ns3:hr>129</ns3:hr>
            <ns3:cad>0</ns3:cad>
          </ns3:TrackPointExtension>
        </extensions>
      </trkpt>
      <trkpt lat="43.72744780965149402618408203125" lon="7.349106185138225555419921875">
        <ele>379.600006103515625</ele>
        <time>2026-07-07T06:27:19.000Z</time>
        <extensions>
          <ns3:TrackPointExtension>
            <ns3:hr>128</ns3:hr>
            <ns3:cad>66</ns3:cad>
          </ns3:TrackPointExtension>
        </extensions>
      </trkpt>
      <trkpt lat="43.72751587070524692535400390625" lon="7.34915689565241336822509765625">
        <ele>378.79998779296875</ele>
        <time>2026-07-07T06:27:25.000Z</time>
        <extensions>
          <ns3:TrackPointExtension>
            <ns3:hr>127</ns3:hr>
            <ns3:cad>0</ns3:cad>
          </ns3:TrackPointExtension>
        </extensions>
      </trkpt>
      <trkpt lat="43.72754269279539585113525390625" lon="7.349174581468105316162109375">
        <ele>378.20001220703125</ele>
        <time>2026-07-07T06:27:28.000Z</time>
        <extensions>
          <ns3:TrackPointExtension>
            <ns3:hr>126</ns3:hr>
            <ns3:cad>53</ns3:cad>
          </ns3:TrackPointExtension>
        </extensions>
      </trkpt>
      <trkpt lat="43.7275689281523227691650390625" lon="7.34920215792953968048095703125">
        <ele>377.79998779296875</ele>
        <time>2026-07-07T06:27:30.000Z</time>
        <extensions>
          <ns3:TrackPointExtension>
            <ns3:hr>126</ns3:hr>
            <ns3:cad>53</ns3:cad>
          </ns3:TrackPointExtension>
        </extensions>
      </trkpt>
      <trkpt lat="43.72760857455432415008544921875" lon="7.34924524091184139251708984375">
        <ele>376.600006103515625</ele>
        <time>2026-07-07T06:27:35.000Z</time>
        <extensions>
          <ns3:TrackPointExtension>
            <ns3:hr>126</ns3:hr>
            <ns3:cad>0</ns3:cad>
          </ns3:TrackPointExtension>
        </extensions>
      </trkpt>
      <trkpt lat="43.72764788568019866943359375" lon="7.3492729850113391876220703125">
        <ele>376.20001220703125</ele>
        <time>2026-07-07T06:27:39.000Z</time>
        <extensions>
          <ns3:TrackPointExtension>
            <ns3:hr>126</ns3:hr>
            <ns3:cad>55</ns3:cad>
          </ns3:TrackPointExtension>
        </extensions>
      </trkpt>
      <trkpt lat="43.72768183238804340362548828125" lon="7.34930139966309070587158203125">
        <ele>375.600006103515625</ele>
        <time>2026-07-07T06:27:43.000Z</time>
        <extensions>
          <ns3:TrackPointExtension>
            <ns3:hr>125</ns3:hr>
            <ns3:cad>0</ns3:cad>
          </ns3:TrackPointExtension>
        </extensions>
      </trkpt>
      <trkpt lat="43.727707229554653167724609375" lon="7.34934699721634387969970703125">
        <ele>375.20001220703125</ele>
        <time>2026-07-07T06:27:49.000Z</time>
        <extensions>
          <ns3:TrackPointExtension>
            <ns3:hr>124</ns3:hr>
            <ns3:cad>0</ns3:cad>
          </ns3:TrackPointExtension>
        </extensions>
      </trkpt>
      <trkpt lat="43.72771871276199817657470703125" lon="7.34944573603570461273193359375">
        <ele>374.79998779296875</ele>
        <time>2026-07-07T06:27:56.000Z</time>
        <extensions>
          <ns3:TrackPointExtension>
            <ns3:hr>126</ns3:hr>
            <ns3:cad>0</ns3:cad>
          </ns3:TrackPointExtension>
        </extensions>
      </trkpt>
      <trkpt lat="43.72771586291491985321044921875" lon="7.34947892837226390838623046875">
        <ele>374.600006103515625</ele>
        <time>2026-07-07T06:27:58.000Z</time>
        <extensions>
          <ns3:TrackPointExtension>
            <ns3:hr>129</ns3:hr>
            <ns3:cad>0</ns3:cad>
          </ns3:TrackPointExtension>
        </extensions>
      </trkpt>
      <trkpt lat="43.7277141027152538299560546875" lon="7.349495775997638702392578125">
        <ele>374.600006103515625</ele>
        <time>2026-07-07T06:27:59.000Z</time>
        <extensions>
          <ns3:TrackPointExtension>
            <ns3:hr>130</ns3:hr>
            <ns3:cad>0</ns3:cad>
          </ns3:TrackPointExtension>
        </extensions>
      </trkpt>
      <trkpt lat="43.72770823538303375244140625" lon="7.349584288895130157470703125">
        <ele>374</ele>
        <time>2026-07-07T06:28:04.000Z</time>
        <extensions>
          <ns3:TrackPointExtension>
            <ns3:hr>131</ns3:hr>
            <ns3:cad>0</ns3:cad>
          </ns3:TrackPointExtension>
        </extensions>
      </trkpt>
      <trkpt lat="43.72770966030657291412353515625" lon="7.3496541939675807952880859375">
        <ele>373.399993896484375</ele>
        <time>2026-07-07T06:28:09.000Z</time>
        <extensions>
          <ns3:TrackPointExtension>
            <ns3:hr>132</ns3:hr>
            <ns3:cad>0</ns3:cad>
          </ns3:TrackPointExtension>
        </extensions>
      </trkpt>
      <trkpt lat="43.72771536000072956085205078125" lon="7.34970691613852977752685546875">
        <ele>372.79998779296875</ele>
        <time>2026-07-07T06:28:14.000Z</time>
        <extensions>
          <ns3:TrackPointExtension>
            <ns3:hr>133</ns3:hr>
            <ns3:cad>0</ns3:cad>
          </ns3:TrackPointExtension>
        </extensions>
      </trkpt>
      <trkpt lat="43.72771468944847583770751953125" lon="7.34973088838160037994384765625">
        <ele>372</ele>
        <time>2026-07-07T06:28:16.000Z</time>
        <extensions>
          <ns3:TrackPointExtension>
            <ns3:hr>133</ns3:hr>
            <ns3:cad>0</ns3:cad>
          </ns3:TrackPointExtension>
        </extensions>
      </trkpt>
      <trkpt lat="43.727710247039794921875" lon="7.3498000390827655792236328125">
        <ele>371</ele>
        <time>2026-07-07T06:28:21.000Z</time>
        <extensions>
          <ns3:TrackPointExtension>
            <ns3:hr>133</ns3:hr>
            <ns3:cad>56</ns3:cad>
          </ns3:TrackPointExtension>
        </extensions>
      </trkpt>
      <trkpt lat="43.72770412825047969818115234375" lon="7.34982023946940898895263671875">
        <ele>370.600006103515625</ele>
        <time>2026-07-07T06:28:23.000Z</time>
        <extensions>
          <ns3:TrackPointExtension>
            <ns3:hr>132</ns3:hr>
            <ns3:cad>0</ns3:cad>
          </ns3:TrackPointExtension>
        </extensions>
      </trkpt>
      <trkpt lat="43.727697171270847320556640625" lon="7.34987924806773662567138671875">
        <ele>369.79998779296875</ele>
        <time>2026-07-07T06:28:28.000Z</time>
        <extensions>
          <ns3:TrackPointExtension>
            <ns3:hr>133</ns3:hr>
            <ns3:cad>62</ns3:cad>
          </ns3:TrackPointExtension>
        </extensions>
      </trkpt>
      <trkpt lat="43.72769775800406932830810546875" lon="7.34991260804235935211181640625">
        <ele>369.20001220703125</ele>
        <time>2026-07-07T06:28:31.000Z</time>
        <extensions>
          <ns3:TrackPointExtension>
            <ns3:hr>135</ns3:hr>
            <ns3:cad>62</ns3:cad>
          </ns3:TrackPointExtension>
        </extensions>
      </trkpt>
      <trkpt lat="43.72769616544246673583984375" lon="7.3499257676303386688232421875">
        <ele>369</ele>
        <time>2026-07-07T06:28:33.000Z</time>
        <extensions>
          <ns3:TrackPointExtension>
            <ns3:hr>138</ns3:hr>
            <ns3:cad>0</ns3:cad>
          </ns3:TrackPointExtension>
        </extensions>
      </trkpt>
      <trkpt lat="43.72769189067184925079345703125" lon="7.349957786500453948974609375">
        <ele>368.600006103515625</ele>
        <time>2026-07-07T06:28:36.000Z</time>
        <extensions>
          <ns3:TrackPointExtension>
            <ns3:hr>136</ns3:hr>
            <ns3:cad>0</ns3:cad>
          </ns3:TrackPointExtension>
        </extensions>
      </trkpt>
      <trkpt lat="43.72767948545515537261962890625" lon="7.3500075750052928924560546875">
        <ele>367.399993896484375</ele>
        <time>2026-07-07T06:28:40.000Z</time>
        <extensions>
          <ns3:TrackPointExtension>
            <ns3:hr>137</ns3:hr>
            <ns3:cad>0</ns3:cad>
          </ns3:TrackPointExtension>
        </extensions>
      </trkpt>
      <trkpt lat="43.727677054703235626220703125" lon="7.3500618897378444671630859375">
        <ele>366.399993896484375</ele>
        <time>2026-07-07T06:28:45.000Z</time>
        <extensions>
          <ns3:TrackPointExtension>
            <ns3:hr>137</ns3:hr>
            <ns3:cad>0</ns3:cad>
          </ns3:TrackPointExtension>
        </extensions>
      </trkpt>
      <trkpt lat="43.72766540385782718658447265625" lon="7.35011260025203227996826171875">
        <ele>365.20001220703125</ele>
        <time>2026-07-07T06:28:51.000Z</time>
        <extensions>
          <ns3:TrackPointExtension>
            <ns3:hr>137</ns3:hr>
            <ns3:cad>0</ns3:cad>
          </ns3:TrackPointExtension>
        </extensions>
      </trkpt>
      <trkpt lat="43.72765459120273590087890625" lon="7.35012936405837535858154296875">
        <ele>364.79998779296875</ele>
        <time>2026-07-07T06:28:53.000Z</time>
        <extensions>
          <ns3:TrackPointExtension>
            <ns3:hr>137</ns3:hr>
            <ns3:cad>0</ns3:cad>
          </ns3:TrackPointExtension>
        </extensions>
      </trkpt>
      <trkpt lat="43.72764310799539089202880859375" lon="7.3501742072403430938720703125">
        <ele>364.20001220703125</ele>
        <time>2026-07-07T06:28:57.000Z</time>
        <extensions>
          <ns3:TrackPointExtension>
            <ns3:hr>137</ns3:hr>
            <ns3:cad>0</ns3:cad>
          </ns3:TrackPointExtension>
        </extensions>
      </trkpt>
      <trkpt lat="43.7276222370564937591552734375" lon="7.3502016998827457427978515625">
        <ele>363.399993896484375</ele>
        <time>2026-07-07T06:29:01.000Z</time>
        <extensions>
          <ns3:TrackPointExtension>
            <ns3:hr>137</ns3:hr>
            <ns3:cad>65</ns3:cad>
          </ns3:TrackPointExtension>
        </extensions>
      </trkpt>
      <trkpt lat="43.727615363895893096923828125" lon="7.350207231938838958740234375">
        <ele>363.20001220703125</ele>
        <time>2026-07-07T06:29:02.000Z</time>
        <extensions>
          <ns3:TrackPointExtension>
            <ns3:hr>137</ns3:hr>
            <ns3:cad>65</ns3:cad>
          </ns3:TrackPointExtension>
        </extensions>
      </trkpt>
      <trkpt lat="43.72758728452026844024658203125" lon="7.35025693662464618682861328125">
        <ele>361.79998779296875</ele>
        <time>2026-07-07T06:29:08.000Z</time>
        <extensions>
          <ns3:TrackPointExtension>
            <ns3:hr>137</ns3:hr>
            <ns3:cad>0</ns3:cad>
          </ns3:TrackPointExtension>
        </extensions>
      </trkpt>
      <trkpt lat="43.72757454402744770050048828125" lon="7.35027671791613101959228515625">
        <ele>361.399993896484375</ele>
        <time>2026-07-07T06:29:10.000Z</time>
        <extensions>
          <ns3:TrackPointExtension>
            <ns3:hr>137</ns3:hr>
            <ns3:cad>0</ns3:cad>
          </ns3:TrackPointExtension>
        </extensions>
      </trkpt>
      <trkpt lat="43.72755224816501140594482421875" lon="7.3503213934600353240966796875">
        <ele>360.600006103515625</ele>
        <time>2026-07-07T06:29:14.000Z</time>
        <extensions>
          <ns3:TrackPointExtension>
            <ns3:hr>137</ns3:hr>
            <ns3:cad>0</ns3:cad>
          </ns3:TrackPointExtension>
        </extensions>
      </trkpt>
      <trkpt lat="43.7275119312107563018798828125" lon="7.35037185251712799072265625">
        <ele>359.600006103515625</ele>
        <time>2026-07-07T06:29:20.000Z</time>
        <extensions>
          <ns3:TrackPointExtension>
            <ns3:hr>137</ns3:hr>
            <ns3:cad>0</ns3:cad>
          </ns3:TrackPointExtension>
        </extensions>
      </trkpt>
      <trkpt lat="43.72749608941376209259033203125" lon="7.3503884486854076385498046875">
        <ele>359</ele>
        <time>2026-07-07T06:29:23.000Z</time>
        <extensions>
          <ns3:TrackPointExtension>
            <ns3:hr>136</ns3:hr>
            <ns3:cad>0</ns3:cad>
          </ns3:TrackPointExtension>
        </extensions>
      </trkpt>
      <trkpt lat="43.72748066671192646026611328125" lon="7.3504089005291461944580078125">
        <ele>358.20001220703125</ele>
        <time>2026-07-07T06:29:26.000Z</time>
        <extensions>
          <ns3:TrackPointExtension>
            <ns3:hr>136</ns3:hr>
            <ns3:cad>0</ns3:cad>
          </ns3:TrackPointExtension>
        </extensions>
      </trkpt>
      <trkpt lat="43.72744529508054256439208984375" lon="7.350464053452014923095703125">
        <ele>357.399993896484375</ele>
        <time>2026-07-07T06:29:32.000Z</time>
        <extensions>
          <ns3:TrackPointExtension>
            <ns3:hr>135</ns3:hr>
            <ns3:cad>60</ns3:cad>
          </ns3:TrackPointExtension>
        </extensions>
      </trkpt>
      <trkpt lat="43.72743733227252960205078125" lon="7.3504732735455036163330078125">
        <ele>357.20001220703125</ele>
        <time>2026-07-07T06:29:33.000Z</time>
        <extensions>
          <ns3:TrackPointExtension>
            <ns3:hr>135</ns3:hr>
            <ns3:cad>60</ns3:cad>
          </ns3:TrackPointExtension>
        </extensions>
      </trkpt>
      <trkpt lat="43.72740606777369976043701171875" lon="7.3505641333758831024169921875">
        <ele>356.20001220703125</ele>
        <time>2026-07-07T06:29:40.000Z</time>
        <extensions>
          <ns3:TrackPointExtension>
            <ns3:hr>134</ns3:hr>
            <ns3:cad>55</ns3:cad>
          </ns3:TrackPointExtension>
        </extensions>
      </trkpt>
      <trkpt lat="43.72739952988922595977783203125" lon="7.350680641829967498779296875">
        <ele>355</ele>
        <time>2026-07-07T06:29:48.000Z</time>
        <extensions>
          <ns3:TrackPointExtension>
            <ns3:hr>132</ns3:hr>
            <ns3:cad>55</ns3:cad>
          </ns3:TrackPointExtension>
        </extensions>
      </trkpt>
      <trkpt lat="43.72738712467253208160400390625" lon="7.350716851651668548583984375">
        <ele>355</ele>
        <time>2026-07-07T06:29:51.000Z</time>
        <extensions>
          <ns3:TrackPointExtension>
            <ns3:hr>131</ns3:hr>
            <ns3:cad>0</ns3:cad>
          </ns3:TrackPointExtension>
        </extensions>
      </trkpt>
      <trkpt lat="43.72735091485083103179931640625" lon="7.35078298486769199371337890625">
        <ele>354</ele>
        <time>2026-07-07T06:29:58.000Z</time>
        <extensions>
          <ns3:TrackPointExtension>
            <ns3:hr>130</ns3:hr>
            <ns3:cad>0</ns3:cad>
          </ns3:TrackPointExtension>
        </extensions>
      </trkpt>
      <trkpt lat="43.72734622098505496978759765625" lon="7.350791953504085540771484375">
        <ele>353.79998779296875</ele>
        <time>2026-07-07T06:29:59.000Z</time>
        <extensions>
          <ns3:TrackPointExtension>
            <ns3:hr>130</ns3:hr>
            <ns3:cad>0</ns3:cad>
          </ns3:TrackPointExtension>
        </extensions>
      </trkpt>
      <trkpt lat="43.72734370641410350799560546875" lon="7.35079974867403507232666015625">
        <ele>353.79998779296875</ele>
        <time>2026-07-07T06:30:00.000Z</time>
        <extensions>
          <ns3:TrackPointExtension>
            <ns3:hr>130</ns3:hr>
            <ns3:cad>0</ns3:cad>
          </ns3:TrackPointExtension>
        </extensions>
      </trkpt>
      <trkpt lat="43.727333731949329376220703125" lon="7.35082556493580341339111328125">
        <ele>353</ele>
        <time>2026-07-07T06:30:03.000Z</time>
        <extensions>
          <ns3:TrackPointExtension>
            <ns3:hr>130</ns3:hr>
            <ns3:cad>58</ns3:cad>
          </ns3:TrackPointExtension>
        </extensions>
      </trkpt>
      <trkpt lat="43.72732996009290218353271484375" lon="7.35082724131643772125244140625">
        <ele>352.399993896484375</ele>
        <time>2026-07-07T06:30:06.000Z</time>
        <extensions>
          <ns3:TrackPointExtension>
            <ns3:hr>130</ns3:hr>
            <ns3:cad>58</ns3:cad>
          </ns3:TrackPointExtension>
        </extensions>
      </trkpt>
      <trkpt lat="43.72733146883547306060791015625" lon="7.35082623548805713653564453125">
        <ele>352.399993896484375</ele>
        <time>2026-07-07T06:30:19.000Z</time>
        <extensions>
          <ns3:TrackPointExtension>
            <ns3:hr>130</ns3:hr>
            <ns3:cad>0</ns3:cad>
          </ns3:TrackPointExtension>
        </extensions>
      </trkpt>
      <trkpt lat="43.7273302115499973297119140625" lon="7.35082707367837429046630859375">
        <ele>352.399993896484375</ele>
        <time>2026-07-07T06:30:26.000Z</time>
        <extensions>
          <ns3:TrackPointExtension>
            <ns3:hr>127</ns3:hr>
            <ns3:cad>0</ns3:cad>
          </ns3:TrackPointExtension>
        </extensions>
      </trkpt>
      <trkpt lat="43.72732861898839473724365234375" lon="7.35082891769707202911376953125">
        <ele>352.399993896484375</ele>
        <time>2026-07-07T06:30:31.000Z</time>
        <extensions>
          <ns3:TrackPointExtension>
            <ns3:hr>130</ns3:hr>
            <ns3:cad>0</ns3:cad>
          </ns3:TrackPointExtension>
        </extensions>
      </trkpt>
      <trkpt lat="43.7273253500461578369140625" lon="7.35083453357219696044921875">
        <ele>352.399993896484375</ele>
        <time>2026-07-07T06:30:49.000Z</time>
        <extensions>
          <ns3:TrackPointExtension>
            <ns3:hr>127</ns3:hr>
            <ns3:cad>0</ns3:cad>
          </ns3:TrackPointExtension>
        </extensions>
      </trkpt>
      <trkpt lat="43.72732275165617465972900390625" lon="7.35083562321960926055908203125">
        <ele>352.20001220703125</ele>
        <time>2026-07-07T06:30:58.000Z</time>
        <extensions>
          <ns3:TrackPointExtension>
            <ns3:hr>124</ns3:hr>
            <ns3:cad>0</ns3:cad>
          </ns3:TrackPointExtension>
        </extensions>
      </trkpt>
      <trkpt lat="43.727323003113269805908203125" lon="7.3508484475314617156982421875">
        <ele>352.79998779296875</ele>
        <time>2026-07-07T06:31:18.000Z</time>
        <extensions>
          <ns3:TrackPointExtension>
            <ns3:hr>128</ns3:hr>
            <ns3:cad>0</ns3:cad>
          </ns3:TrackPointExtension>
        </extensions>
      </trkpt>
      <trkpt lat="43.72732426039874553680419921875" lon="7.3508521355688571929931640625">
        <ele>352.79998779296875</ele>
        <time>2026-07-07T06:31:25.000Z</time>
        <extensions>
          <ns3:TrackPointExtension>
            <ns3:hr>131</ns3:hr>
            <ns3:cad>0</ns3:cad>
          </ns3:TrackPointExtension>
        </extensions>
      </trkpt>
      <trkpt lat="43.72732543386518955230712890625" lon="7.3508521355688571929931640625">
        <ele>352.600006103515625</ele>
        <time>2026-07-07T06:31:32.000Z</time>
        <extensions>
          <ns3:TrackPointExtension>
            <ns3:hr>134</ns3:hr>
            <ns3:cad>0</ns3:cad>
          </ns3:TrackPointExtension>
        </extensions>
      </trkpt>
      <trkpt lat="43.7273255176842212677001953125" lon="7.35084534622728824615478515625">
        <ele>352.79998779296875</ele>
        <time>2026-07-07T06:31:54.000Z</time>
        <extensions>
          <ns3:TrackPointExtension>
            <ns3:hr>131</ns3:hr>
            <ns3:cad>0</ns3:cad>
          </ns3:TrackPointExtension>
        </extensions>
      </trkpt>
      <trkpt lat="43.727321326732635498046875" lon="7.35083763487637042999267578125">
        <ele>352</ele>
        <time>2026-07-07T06:32:09.000Z</time>
        <extensions>
          <ns3:TrackPointExtension>
            <ns3:hr>130</ns3:hr>
            <ns3:cad>71</ns3:cad>
          </ns3:TrackPointExtension>
        </extensions>
      </trkpt>
      <trkpt lat="43.727326355874538421630859375" lon="7.35076387412846088409423828125">
        <ele>350.79998779296875</ele>
        <time>2026-07-07T06:32:15.000Z</time>
        <extensions>
          <ns3:TrackPointExtension>
            <ns3:hr>129</ns3:hr>
            <ns3:cad>0</ns3:cad>
          </ns3:TrackPointExtension>
        </extensions>
      </trkpt>
      <trkpt lat="43.7273298762738704681396484375" lon="7.350713498890399932861328125">
        <ele>350.399993896484375</ele>
        <time>2026-07-07T06:32:17.000Z</time>
        <extensions>
          <ns3:TrackPointExtension>
            <ns3:hr>129</ns3:hr>
            <ns3:cad>0</ns3:cad>
          </ns3:TrackPointExtension>
        </extensions>
      </trkpt>
      <trkpt lat="43.72732996009290218353271484375" lon="7.3506140895187854766845703125">
        <ele>349.79998779296875</ele>
        <time>2026-07-07T06:32:21.000Z</time>
        <extensions>
          <ns3:TrackPointExtension>
            <ns3:hr>128</ns3:hr>
            <ns3:cad>0</ns3:cad>
          </ns3:TrackPointExtension>
        </extensions>
      </trkpt>
      <trkpt lat="43.72732811607420444488525390625" lon="7.3505497165024280548095703125">
        <ele>349</ele>
        <time>2026-07-07T06:32:25.000Z</time>
        <extensions>
          <ns3:TrackPointExtension>
            <ns3:hr>128</ns3:hr>
            <ns3:cad>50</ns3:cad>
          </ns3:TrackPointExtension>
        </extensions>
      </trkpt>
      <trkpt lat="43.7273226678371429443359375" lon="7.35050571151077747344970703125">
        <ele>348.600006103515625</ele>
        <time>2026-07-07T06:32:29.000Z</time>
        <extensions>
          <ns3:TrackPointExtension>
            <ns3:hr>128</ns3:hr>
            <ns3:cad>0</ns3:cad>
          </ns3:TrackPointExtension>
        </extensions>
      </trkpt>
      <trkpt lat="43.727323673665523529052734375" lon="7.3504840023815631866455078125">
        <ele>348.399993896484375</ele>
        <time>2026-07-07T06:32:31.000Z</time>
        <extensions>
          <ns3:TrackPointExtension>
            <ns3:hr>128</ns3:hr>
            <ns3:cad>0</ns3:cad>
          </ns3:TrackPointExtension>
        </extensions>
      </trkpt>
      <trkpt lat="43.72731973417103290557861328125" lon="7.35042306594550609588623046875">
        <ele>347.600006103515625</ele>
        <time>2026-07-07T06:32:36.000Z</time>
        <extensions>
          <ns3:TrackPointExtension>
            <ns3:hr>128</ns3:hr>
            <ns3:cad>0</ns3:cad>
          </ns3:TrackPointExtension>
        </extensions>
      </trkpt>
      <trkpt lat="43.72732258401811122894287109375" lon="7.35038501210510730743408203125">
        <ele>347.20001220703125</ele>
        <time>2026-07-07T06:32:40.000Z</time>
        <extensions>
          <ns3:TrackPointExtension>
            <ns3:hr>129</ns3:hr>
            <ns3:cad>0</ns3:cad>
          </ns3:TrackPointExtension>
        </extensions>
      </trkpt>
      <trkpt lat="43.72731856070458889007568359375" lon="7.35035215504467487335205078125">
        <ele>346.399993896484375</ele>
        <time>2026-07-07T06:32:44.000Z</time>
        <extensions>
          <ns3:TrackPointExtension>
            <ns3:hr>129</ns3:hr>
            <ns3:cad>0</ns3:cad>
          </ns3:TrackPointExtension>
        </extensions>
      </trkpt>
      <trkpt lat="43.72731252573430538177490234375" lon="7.35031695105135440826416015625">
        <ele>345.600006103515625</ele>
        <time>2026-07-07T06:32:48.000Z</time>
        <extensions>
          <ns3:TrackPointExtension>
            <ns3:hr>129</ns3:hr>
            <ns3:cad>0</ns3:cad>
          </ns3:TrackPointExtension>
        </extensions>
      </trkpt>
      <trkpt lat="43.7273124419152736663818359375" lon="7.35030747950077056884765625">
        <ele>345.399993896484375</ele>
        <time>2026-07-07T06:32:49.000Z</time>
        <extensions>
          <ns3:TrackPointExtension>
            <ns3:hr>128</ns3:hr>
            <ns3:cad>71</ns3:cad>
          </ns3:TrackPointExtension>
        </extensions>
      </trkpt>
      <trkpt lat="43.72730917297303676605224609375" lon="7.35026448033750057220458984375">
        <ele>344</ele>
        <time>2026-07-07T06:32:56.000Z</time>
        <extensions>
          <ns3:TrackPointExtension>
            <ns3:hr>127</ns3:hr>
            <ns3:cad>0</ns3:cad>
          </ns3:TrackPointExtension>
        </extensions>
      </trkpt>
      <trkpt lat="43.72731017880141735076904296875" lon="7.3502288572490215301513671875">
        <ele>343.20001220703125</ele>
        <time>2026-07-07T06:33:01.000Z</time>
        <extensions>
          <ns3:TrackPointExtension>
            <ns3:hr>124</ns3:hr>
            <ns3:cad>75</ns3:cad>
          </ns3:TrackPointExtension>
        </extensions>
      </trkpt>
      <trkpt lat="43.7273100949823856353759765625" lon="7.35022030770778656005859375">
        <ele>342.79998779296875</ele>
        <time>2026-07-07T06:33:02.000Z</time>
        <extensions>
          <ns3:TrackPointExtension>
            <ns3:hr>124</ns3:hr>
            <ns3:cad>0</ns3:cad>
          </ns3:TrackPointExtension>
        </extensions>
      </trkpt>
      <trkpt lat="43.72731168754398822784423828125" lon="7.35019683837890625">
        <ele>342</ele>
        <time>2026-07-07T06:33:06.000Z</time>
        <extensions>
          <ns3:TrackPointExtension>
            <ns3:hr>124</ns3:hr>
            <ns3:cad>0</ns3:cad>
          </ns3:TrackPointExtension>
        </extensions>
      </trkpt>
      <trkpt lat="43.72731118462979793548583984375" lon="7.35018770210444927215576171875">
        <ele>341.600006103515625</ele>
        <time>2026-07-07T06:33:07.000Z</time>
        <extensions>
          <ns3:TrackPointExtension>
            <ns3:hr>124</ns3:hr>
            <ns3:cad>0</ns3:cad>
          </ns3:TrackPointExtension>
        </extensions>
      </trkpt>
      <trkpt lat="43.727308250963687896728515625" lon="7.35016255639493465423583984375">
        <ele>341.399993896484375</ele>
        <time>2026-07-07T06:33:10.000Z</time>
        <extensions>
          <ns3:TrackPointExtension>
            <ns3:hr>127</ns3:hr>
            <ns3:cad>0</ns3:cad>
          </ns3:TrackPointExtension>
        </extensions>
      </trkpt>
      <trkpt lat="43.72730012051761150360107421875" lon="7.35013674013316631317138671875">
        <ele>340.79998779296875</ele>
        <time>2026-07-07T06:33:13.000Z</time>
        <extensions>
          <ns3:TrackPointExtension>
            <ns3:hr>130</ns3:hr>
            <ns3:cad>65</ns3:cad>
          </ns3:TrackPointExtension>
        </extensions>
      </trkpt>
      <trkpt lat="43.72729844413697719573974609375" lon="7.35013447701930999755859375">
        <ele>340.399993896484375</ele>
        <time>2026-07-07T06:33:14.000Z</time>
        <extensions>
          <ns3:TrackPointExtension>
            <ns3:hr>130</ns3:hr>
            <ns3:cad>65</ns3:cad>
          </ns3:TrackPointExtension>
        </extensions>
      </trkpt>
      <trkpt lat="43.72729727067053318023681640625" lon="7.350124754011631011962890625">
        <ele>340</ele>
        <time>2026-07-07T06:33:16.000Z</time>
        <extensions>
          <ns3:TrackPointExtension>
            <ns3:hr>131</ns3:hr>
            <ns3:cad>0</ns3:cad>
          </ns3:TrackPointExtension>
        </extensions>
      </trkpt>
      <trkpt lat="43.72728905640542507171630859375" lon="7.35008628107607364654541015625">
        <ele>339.600006103515625</ele>
        <time>2026-07-07T06:33:21.000Z</time>
        <extensions>
          <ns3:TrackPointExtension>
            <ns3:hr>134</ns3:hr>
            <ns3:cad>0</ns3:cad>
          </ns3:TrackPointExtension>
        </extensions>
      </trkpt>
      <trkpt lat="43.72728444635868072509765625" lon="7.350075803697109222412109375">
        <ele>339</ele>
        <time>2026-07-07T06:33:23.000Z</time>
        <extensions>
          <ns3:TrackPointExtension>
            <ns3:hr>135</ns3:hr>
            <ns3:cad>0</ns3:cad>
          </ns3:TrackPointExtension>
        </extensions>
      </trkpt>
      <trkpt lat="43.72725720517337322235107421875" lon="7.35003431327641010284423828125">
        <ele>337.79998779296875</ele>
        <time>2026-07-07T06:33:30.000Z</time>
        <extensions>
          <ns3:TrackPointExtension>
            <ns3:hr>133</ns3:hr>
            <ns3:cad>0</ns3:cad>
          </ns3:TrackPointExtension>
        </extensions>
      </trkpt>
      <trkpt lat="43.727243207395076751708984375" lon="7.34999977983534336090087890625">
        <ele>336.79998779296875</ele>
        <time>2026-07-07T06:33:34.000Z</time>
        <extensions>
          <ns3:TrackPointExtension>
            <ns3:hr>134</ns3:hr>
            <ns3:cad>0</ns3:cad>
          </ns3:TrackPointExtension>
        </extensions>
      </trkpt>
      <trkpt lat="43.72722619213163852691650390625" lon="7.34996792860329151153564453125">
        <ele>335.79998779296875</ele>
        <time>2026-07-07T06:33:41.000Z</time>
        <extensions>
          <ns3:TrackPointExtension>
            <ns3:hr>135</ns3:hr>
            <ns3:cad>0</ns3:cad>
          </ns3:TrackPointExtension>
        </extensions>
      </trkpt>
      <trkpt lat="43.72722753323614597320556640625" lon="7.34996457584202289581298828125">
        <ele>335.79998779296875</ele>
        <time>2026-07-07T06:33:42.000Z</time>
        <extensions>
          <ns3:TrackPointExtension>
            <ns3:hr>136</ns3:hr>
            <ns3:cad>0</ns3:cad>
          </ns3:TrackPointExtension>
        </extensions>
      </trkpt>
      <trkpt lat="43.7272239290177822113037109375" lon="7.34993574209511280059814453125">
        <ele>335.20001220703125</ele>
        <time>2026-07-07T06:33:47.000Z</time>
        <extensions>
          <ns3:TrackPointExtension>
            <ns3:hr>135</ns3:hr>
            <ns3:cad>0</ns3:cad>
          </ns3:TrackPointExtension>
        </extensions>
      </trkpt>
      <trkpt lat="43.72722149826586246490478515625" lon="7.3499086685478687286376953125">
        <ele>334.600006103515625</ele>
        <time>2026-07-07T06:33:50.000Z</time>
        <extensions>
          <ns3:TrackPointExtension>
            <ns3:hr>136</ns3:hr>
            <ns3:cad>0</ns3:cad>
          </ns3:TrackPointExtension>
        </extensions>
      </trkpt>
      <trkpt lat="43.7272081710398197174072265625" lon="7.34989752061665058135986328125">
        <ele>333.600006103515625</ele>
        <time>2026-07-07T06:33:55.000Z</time>
        <extensions>
          <ns3:TrackPointExtension>
            <ns3:hr>136</ns3:hr>
            <ns3:cad>0</ns3:cad>
          </ns3:TrackPointExtension>
        </extensions>
      </trkpt>
      <trkpt lat="43.727200292050838470458984375" lon="7.349900789558887481689453125">
        <ele>333.20001220703125</ele>
        <time>2026-07-07T06:33:57.000Z</time>
        <extensions>
          <ns3:TrackPointExtension>
            <ns3:hr>136</ns3:hr>
            <ns3:cad>0</ns3:cad>
          </ns3:TrackPointExtension>
        </extensions>
      </trkpt>
      <trkpt lat="43.727196268737316131591796875" lon="7.34990975819528102874755859375">
        <ele>332.399993896484375</ele>
        <time>2026-07-07T06:33:59.000Z</time>
        <extensions>
          <ns3:TrackPointExtension>
            <ns3:hr>136</ns3:hr>
            <ns3:cad>0</ns3:cad>
          </ns3:TrackPointExtension>
        </extensions>
      </trkpt>
      <trkpt lat="43.72719299979507923126220703125" lon="7.34996147453784942626953125">
        <ele>332</ele>
        <time>2026-07-07T06:34:06.000Z</time>
        <extensions>
          <ns3:TrackPointExtension>
            <ns3:hr>138</ns3:hr>
            <ns3:cad>0</ns3:cad>
          </ns3:TrackPointExtension>
        </extensions>
      </trkpt>
      <trkpt lat="43.72718411497771739959716796875" lon="7.34996558167040348052978515625">
        <ele>331.399993896484375</ele>
        <time>2026-07-07T06:34:09.000Z</time>
        <extensions>
          <ns3:TrackPointExtension>
            <ns3:hr>138</ns3:hr>
            <ns3:cad>0</ns3:cad>
          </ns3:TrackPointExtension>
        </extensions>
      </trkpt>
      <trkpt lat="43.72717288322746753692626953125" lon="7.34996390528976917266845703125">
        <ele>330.79998779296875</ele>
        <time>2026-07-07T06:34:11.000Z</time>
        <extensions>
          <ns3:TrackPointExtension>
            <ns3:hr>139</ns3:hr>
            <ns3:cad>0</ns3:cad>
          </ns3:TrackPointExtension>
        </extensions>
      </trkpt>
      <trkpt lat="43.7271679379045963287353515625" lon="7.34996591694653034210205078125">
        <ele>330.399993896484375</ele>
        <time>2026-07-07T06:34:12.000Z</time>
        <extensions>
          <ns3:TrackPointExtension>
            <ns3:hr>139</ns3:hr>
            <ns3:cad>48</ns3:cad>
          </ns3:TrackPointExtension>
        </extensions>
      </trkpt>
      <trkpt lat="43.72714421711862087249755859375" lon="7.34995753504335880279541015625">
        <ele>329.20001220703125</ele>
        <time>2026-07-07T06:34:17.000Z</time>
        <extensions>
          <ns3:TrackPointExtension>
            <ns3:hr>139</ns3:hr>
            <ns3:cad>0</ns3:cad>
          </ns3:TrackPointExtension>
        </extensions>
      </trkpt>
      <trkpt lat="43.7271206639707088470458984375" lon="7.34994546510279178619384765625">
        <ele>328.399993896484375</ele>
        <time>2026-07-07T06:34:21.000Z</time>
        <extensions>
          <ns3:TrackPointExtension>
            <ns3:hr>139</ns3:hr>
            <ns3:cad>0</ns3:cad>
          </ns3:TrackPointExtension>
        </extensions>
      </trkpt>
      <trkpt lat="43.72711219824850559234619140625" lon="7.3499468900263309478759765625">
        <ele>328.20001220703125</ele>
        <time>2026-07-07T06:34:22.000Z</time>
        <extensions>
          <ns3:TrackPointExtension>
            <ns3:hr>139</ns3:hr>
            <ns3:cad>0</ns3:cad>
          </ns3:TrackPointExtension>
        </extensions>
      </trkpt>
      <trkpt lat="43.7270968593657016754150390625" lon="7.3499626480042934417724609375">
        <ele>327.20001220703125</ele>
        <time>2026-07-07T06:34:27.000Z</time>
        <extensions>
          <ns3:TrackPointExtension>
            <ns3:hr>140</ns3:hr>
            <ns3:cad>0</ns3:cad>
          </ns3:TrackPointExtension>
        </extensions>
      </trkpt>
      <trkpt lat="43.72709677554666996002197265625" lon="7.3499686829745769500732421875">
        <ele>327</ele>
        <time>2026-07-07T06:34:28.000Z</time>
        <extensions>
          <ns3:TrackPointExtension>
            <ns3:hr>140</ns3:hr>
            <ns3:cad>0</ns3:cad>
          </ns3:TrackPointExtension>
        </extensions>
      </trkpt>
      <trkpt lat="43.727088309824466705322265625" lon="7.34999173320829868316650390625">
        <ele>326</ele>
        <time>2026-07-07T06:34:33.000Z</time>
        <extensions>
          <ns3:TrackPointExtension>
            <ns3:hr>140</ns3:hr>
            <ns3:cad>0</ns3:cad>
          </ns3:TrackPointExtension>
        </extensions>
      </trkpt>
      <trkpt lat="43.7270898185670375823974609375" lon="7.35000665299594402313232421875">
        <ele>325.600006103515625</ele>
        <time>2026-07-07T06:34:35.000Z</time>
        <extensions>
          <ns3:TrackPointExtension>
            <ns3:hr>140</ns3:hr>
            <ns3:cad>0</ns3:cad>
          </ns3:TrackPointExtension>
        </extensions>
      </trkpt>
      <trkpt lat="43.7270881421864032745361328125" lon="7.3500404320657253265380859375">
        <ele>324.79998779296875</ele>
        <time>2026-07-07T06:34:39.000Z</time>
        <extensions>
          <ns3:TrackPointExtension>
            <ns3:hr>140</ns3:hr>
            <ns3:cad>55</ns3:cad>
          </ns3:TrackPointExtension>
        </extensions>
      </trkpt>
      <trkpt lat="43.7270663492381572723388671875" lon="7.35006809234619140625">
        <ele>323.600006103515625</ele>
        <time>2026-07-07T06:34:45.000Z</time>
        <extensions>
          <ns3:TrackPointExtension>
            <ns3:hr>141</ns3:hr>
            <ns3:cad>0</ns3:cad>
          </ns3:TrackPointExtension>
        </extensions>
      </trkpt>
      <trkpt lat="43.72706123627722263336181640625" lon="7.350069768726825714111328125">
        <ele>323.399993896484375</ele>
        <time>2026-07-07T06:34:46.000Z</time>
        <extensions>
          <ns3:TrackPointExtension>
            <ns3:hr>141</ns3:hr>
            <ns3:cad>0</ns3:cad>
          </ns3:TrackPointExtension>
        </extensions>
      </trkpt>
      <trkpt lat="43.72704698704183101654052734375" lon="7.35007404349744319915771484375">
        <ele>322.399993896484375</ele>
        <time>2026-07-07T06:34:49.000Z</time>
        <extensions>
          <ns3:TrackPointExtension>
            <ns3:hr>141</ns3:hr>
            <ns3:cad>52</ns3:cad>
          </ns3:TrackPointExtension>
        </extensions>
      </trkpt>
      <trkpt lat="43.7270298041403293609619140625" lon="7.35007840208709239959716796875">
        <ele>321.399993896484375</ele>
        <time>2026-07-07T06:34:54.000Z</time>
        <extensions>
          <ns3:TrackPointExtension>
            <ns3:hr>139</ns3:hr>
            <ns3:cad>0</ns3:cad>
          </ns3:TrackPointExtension>
        </extensions>
      </trkpt>
      <trkpt lat="43.727023601531982421875" lon="7.3500716127455234527587890625">
        <ele>321</ele>
        <time>2026-07-07T06:34:56.000Z</time>
        <extensions>
          <ns3:TrackPointExtension>
            <ns3:hr>138</ns3:hr>
            <ns3:cad>0</ns3:cad>
          </ns3:TrackPointExtension>
        </extensions>
      </trkpt>
      <trkpt lat="43.727019913494586944580078125" lon="7.350049316883087158203125">
        <ele>320.20001220703125</ele>
        <time>2026-07-07T06:35:00.000Z</time>
        <extensions>
          <ns3:TrackPointExtension>
            <ns3:hr>137</ns3:hr>
            <ns3:cad>70</ns3:cad>
          </ns3:TrackPointExtension>
        </extensions>
      </trkpt>
      <trkpt lat="43.727010190486907958984375" lon="7.35003984533250331878662109375">
        <ele>319.399993896484375</ele>
        <time>2026-07-07T06:35:02.000Z</time>
        <extensions>
          <ns3:TrackPointExtension>
            <ns3:hr>138</ns3:hr>
            <ns3:cad>0</ns3:cad>
          </ns3:TrackPointExtension>
        </extensions>
      </trkpt>
      <trkpt lat="43.727007173001766204833984375" lon="7.35003481619060039520263671875">
        <ele>319.20001220703125</ele>
        <time>2026-07-07T06:35:03.000Z</time>
        <extensions>
          <ns3:TrackPointExtension>
            <ns3:hr>138</ns3:hr>
            <ns3:cad>0</ns3:cad>
          </ns3:TrackPointExtension>
        </extensions>
      </trkpt>
      <trkpt lat="43.72700088657438755035400390625" lon="7.3500085808336734771728515625">
        <ele>318</ele>
        <time>2026-07-07T06:35:08.000Z</time>
        <extensions>
          <ns3:TrackPointExtension>
            <ns3:hr>137</ns3:hr>
            <ns3:cad>43</ns3:cad>
          </ns3:TrackPointExtension>
        </extensions>
      </trkpt>
      <trkpt lat="43.7269952706992626190185546875" lon="7.34999768435955047607421875">
        <ele>317.600006103515625</ele>
        <time>2026-07-07T06:35:10.000Z</time>
        <extensions>
          <ns3:TrackPointExtension>
            <ns3:hr>135</ns3:hr>
            <ns3:cad>43</ns3:cad>
          </ns3:TrackPointExtension>
        </extensions>
      </trkpt>
      <trkpt lat="43.72699267230927944183349609375" lon="7.349991984665393829345703125">
        <ele>317.20001220703125</ele>
        <time>2026-07-07T06:35:15.000Z</time>
        <extensions>
          <ns3:TrackPointExtension>
            <ns3:hr>132</ns3:hr>
            <ns3:cad>0</ns3:cad>
          </ns3:TrackPointExtension>
        </extensions>
      </trkpt>
      <trkpt lat="43.72697532176971435546875" lon="7.3499810881912708282470703125">
        <ele>317</ele>
        <time>2026-07-07T06:35:17.000Z</time>
        <extensions>
          <ns3:TrackPointExtension>
            <ns3:hr>131</ns3:hr>
            <ns3:cad>0</ns3:cad>
          </ns3:TrackPointExtension>
        </extensions>
      </trkpt>
      <trkpt lat="43.726929724216461181640625" lon="7.3498932458460330963134765625">
        <ele>316.399993896484375</ele>
        <time>2026-07-07T06:35:23.000Z</time>
        <extensions>
          <ns3:TrackPointExtension>
            <ns3:hr>131</ns3:hr>
            <ns3:cad>54</ns3:cad>
          </ns3:TrackPointExtension>
        </extensions>
      </trkpt>
      <trkpt lat="43.726914636790752410888671875" lon="7.3498835228383541107177734375">
        <ele>316.20001220703125</ele>
        <time>2026-07-07T06:35:25.000Z</time>
        <extensions>
          <ns3:TrackPointExtension>
            <ns3:hr>131</ns3:hr>
            <ns3:cad>55</ns3:cad>
          </ns3:TrackPointExtension>
        </extensions>
      </trkpt>
      <trkpt lat="43.7268816120922565460205078125" lon="7.349913530051708221435546875">
        <ele>316</ele>
        <time>2026-07-07T06:35:28.000Z</time>
        <extensions>
          <ns3:TrackPointExtension>
            <ns3:hr>132</ns3:hr>
            <ns3:cad>53</ns3:cad>
          </ns3:TrackPointExtension>
        </extensions>
      </trkpt>
      <trkpt lat="43.72682989574968814849853515625" lon="7.34996893443167209625244140625">
        <ele>315.600006103515625</ele>
        <time>2026-07-07T06:35:32.000Z</time>
        <extensions>
          <ns3:TrackPointExtension>
            <ns3:hr>136</ns3:hr>
            <ns3:cad>50</ns3:cad>
          </ns3:TrackPointExtension>
        </extensions>
      </trkpt>
      <trkpt lat="43.726787567138671875" lon="7.3499884642660617828369140625">
        <ele>315.600006103515625</ele>
        <time>2026-07-07T06:35:35.000Z</time>
        <extensions>
          <ns3:TrackPointExtension>
            <ns3:hr>138</ns3:hr>
            <ns3:cad>53</ns3:cad>
          </ns3:TrackPointExtension>
        </extensions>
      </trkpt>
      <trkpt lat="43.7267780117690563201904296875" lon="7.34997815452516078948974609375">
        <ele>315.600006103515625</ele>
        <time>2026-07-07T06:35:36.000Z</time>
        <extensions>
          <ns3:TrackPointExtension>
            <ns3:hr>138</ns3:hr>
            <ns3:cad>53</ns3:cad>
          </ns3:TrackPointExtension>
        </extensions>
      </trkpt>
      <trkpt lat="43.72676552273333072662353515625" lon="7.3499683476984500885009765625">
        <ele>315.600006103515625</ele>
        <time>2026-07-07T06:35:38.000Z</time>
        <extensions>
          <ns3:TrackPointExtension>
            <ns3:hr>139</ns3:hr>
            <ns3:cad>53</ns3:cad>
          </ns3:TrackPointExtension>
        </extensions>
      </trkpt>
      <trkpt lat="43.726763762533664703369140625" lon="7.3499790765345096588134765625">
        <ele>315.600006103515625</ele>
        <time>2026-07-07T06:35:41.000Z</time>
        <extensions>
          <ns3:TrackPointExtension>
            <ns3:hr>140</ns3:hr>
            <ns3:cad>55</ns3:cad>
          </ns3:TrackPointExtension>
        </extensions>
      </trkpt>
      <trkpt lat="43.7267723120748996734619140625" lon="7.35000598244369029998779296875">
        <ele>314.600006103515625</ele>
        <time>2026-07-07T06:35:44.000Z</time>
        <extensions>
          <ns3:TrackPointExtension>
            <ns3:hr>139</ns3:hr>
            <ns3:cad>57</ns3:cad>
          </ns3:TrackPointExtension>
        </extensions>
      </trkpt>
      <trkpt lat="43.72677884995937347412109375" lon="7.3500206507742404937744140625">
        <ele>314.20001220703125</ele>
        <time>2026-07-07T06:35:45.000Z</time>
        <extensions>
          <ns3:TrackPointExtension>
            <ns3:hr>139</ns3:hr>
            <ns3:cad>58</ns3:cad>
          </ns3:TrackPointExtension>
        </extensions>
      </trkpt>
      <trkpt lat="43.72679318301379680633544921875" lon="7.35006683506071567535400390625">
        <ele>313.79998779296875</ele>
        <time>2026-07-07T06:35:48.000Z</time>
        <extensions>
          <ns3:TrackPointExtension>
            <ns3:hr>139</ns3:hr>
            <ns3:cad>59</ns3:cad>
          </ns3:TrackPointExtension>
        </extensions>
      </trkpt>
      <trkpt lat="43.72679955326020717620849609375" lon="7.350089214742183685302734375">
        <ele>313.600006103515625</ele>
        <time>2026-07-07T06:35:50.000Z</time>
        <extensions>
          <ns3:TrackPointExtension>
            <ns3:hr>139</ns3:hr>
            <ns3:cad>57</ns3:cad>
          </ns3:TrackPointExtension>
        </extensions>
      </trkpt>
      <trkpt lat="43.72680005617439746856689453125" lon="7.35010287724435329437255859375">
        <ele>313.600006103515625</ele>
        <time>2026-07-07T06:35:51.000Z</time>
        <extensions>
          <ns3:TrackPointExtension>
            <ns3:hr>139</ns3:hr>
            <ns3:cad>57</ns3:cad>
          </ns3:TrackPointExtension>
        </extensions>
      </trkpt>
      <trkpt lat="43.726790249347686767578125" lon="7.3501135222613811492919921875">
        <ele>313</ele>
        <time>2026-07-07T06:35:54.000Z</time>
        <extensions>
          <ns3:TrackPointExtension>
            <ns3:hr>138</ns3:hr>
            <ns3:cad>57</ns3:cad>
          </ns3:TrackPointExtension>
        </extensions>
      </trkpt>
      <trkpt lat="43.7267790175974369049072265625" lon="7.35012064687907695770263671875">
        <ele>312.399993896484375</ele>
        <time>2026-07-07T06:35:56.000Z</time>
        <extensions>
          <ns3:TrackPointExtension>
            <ns3:hr>138</ns3:hr>
            <ns3:cad>57</ns3:cad>
          </ns3:TrackPointExtension>
        </extensions>
      </trkpt>
      <trkpt lat="43.7267545424401760101318359375" lon="7.350101284682750701904296875">
        <ele>311.20001220703125</ele>
        <time>2026-07-07T06:36:00.000Z</time>
        <extensions>
          <ns3:TrackPointExtension>
            <ns3:hr>137</ns3:hr>
            <ns3:cad>50</ns3:cad>
          </ns3:TrackPointExtension>
        </extensions>
      </trkpt>
      <trkpt lat="43.72674674727022647857666015625" lon="7.35009533353149890899658203125">
        <ele>311</ele>
        <time>2026-07-07T06:36:01.000Z</time>
        <extensions>
          <ns3:TrackPointExtension>
            <ns3:hr>137</ns3:hr>
            <ns3:cad>50</ns3:cad>
          </ns3:TrackPointExtension>
        </extensions>
      </trkpt>
      <trkpt lat="43.726728893816471099853515625" lon="7.350070439279079437255859375">
        <ele>310</ele>
        <time>2026-07-07T06:36:04.000Z</time>
        <extensions>
          <ns3:TrackPointExtension>
            <ns3:hr>139</ns3:hr>
            <ns3:cad>0</ns3:cad>
          </ns3:TrackPointExtension>
        </extensions>
      </trkpt>
      <trkpt lat="43.72668975032866001129150390625" lon="7.35002676956355571746826171875">
        <ele>309</ele>
        <time>2026-07-07T06:36:09.000Z</time>
        <extensions>
          <ns3:TrackPointExtension>
            <ns3:hr>139</ns3:hr>
            <ns3:cad>0</ns3:cad>
          </ns3:TrackPointExtension>
        </extensions>
      </trkpt>
      <trkpt lat="43.7266603298485279083251953125" lon="7.34997563995420932769775390625">
        <ele>307.600006103515625</ele>
        <time>2026-07-07T06:36:13.000Z</time>
        <extensions>
          <ns3:TrackPointExtension>
            <ns3:hr>141</ns3:hr>
            <ns3:cad>80</ns3:cad>
          </ns3:TrackPointExtension>
        </extensions>
      </trkpt>
      <trkpt lat="43.7266341783106327056884765625" lon="7.34995418228209018707275390625">
        <ele>306.79998779296875</ele>
        <time>2026-07-07T06:36:16.000Z</time>
        <extensions>
          <ns3:TrackPointExtension>
            <ns3:hr>142</ns3:hr>
            <ns3:cad>57</ns3:cad>
          </ns3:TrackPointExtension>
        </extensions>
      </trkpt>
      <trkpt lat="43.7266252934932708740234375" lon="7.3499500751495361328125">
        <ele>306.600006103515625</ele>
        <time>2026-07-07T06:36:17.000Z</time>
        <extensions>
          <ns3:TrackPointExtension>
            <ns3:hr>142</ns3:hr>
            <ns3:cad>57</ns3:cad>
          </ns3:TrackPointExtension>
        </extensions>
      </trkpt>
      <trkpt lat="43.72661313973367214202880859375" lon="7.34994747675955295562744140625">
        <ele>306.20001220703125</ele>
        <time>2026-07-07T06:36:19.000Z</time>
        <extensions>
          <ns3:TrackPointExtension>
            <ns3:hr>144</ns3:hr>
            <ns3:cad>61</ns3:cad>
          </ns3:TrackPointExtension>
        </extensions>
      </trkpt>
      <trkpt lat="43.726592101156711578369140625" lon="7.3499334789812564849853515625">
        <ele>305.399993896484375</ele>
        <time>2026-07-07T06:36:22.000Z</time>
        <extensions>
          <ns3:TrackPointExtension>
            <ns3:hr>144</ns3:hr>
            <ns3:cad>68</ns3:cad>
          </ns3:TrackPointExtension>
        </extensions>
      </trkpt>
      <trkpt lat="43.72655798681080341339111328125" lon="7.34990741126239299774169921875">
        <ele>304</ele>
        <time>2026-07-07T06:36:26.000Z</time>
        <extensions>
          <ns3:TrackPointExtension>
            <ns3:hr>143</ns3:hr>
            <ns3:cad>68</ns3:cad>
          </ns3:TrackPointExtension>
        </extensions>
      </trkpt>
      <trkpt lat="43.726511634886264801025390625" lon="7.349846474826335906982421875">
        <ele>303</ele>
        <time>2026-07-07T06:36:31.000Z</time>
        <extensions>
          <ns3:TrackPointExtension>
            <ns3:hr>142</ns3:hr>
            <ns3:cad>68</ns3:cad>
          </ns3:TrackPointExtension>
        </extensions>
      </trkpt>
      <trkpt lat="43.726500570774078369140625" lon="7.34983532689511775970458984375">
        <ele>302.79998779296875</ele>
        <time>2026-07-07T06:36:32.000Z</time>
        <extensions>
          <ns3:TrackPointExtension>
            <ns3:hr>142</ns3:hr>
            <ns3:cad>68</ns3:cad>
          </ns3:TrackPointExtension>
        </extensions>
      </trkpt>
      <trkpt lat="43.7264447472989559173583984375" lon="7.34979341737926006317138671875">
        <ele>301.79998779296875</ele>
        <time>2026-07-07T06:36:36.000Z</time>
        <extensions>
          <ns3:TrackPointExtension>
            <ns3:hr>142</ns3:hr>
            <ns3:cad>57</ns3:cad>
          </ns3:TrackPointExtension>
        </extensions>
      </trkpt>
      <trkpt lat="43.7264214456081390380859375" lon="7.349778749048709869384765625">
        <ele>301.600006103515625</ele>
        <time>2026-07-07T06:36:38.000Z</time>
        <extensions>
          <ns3:TrackPointExtension>
            <ns3:hr>144</ns3:hr>
            <ns3:cad>58</ns3:cad>
          </ns3:TrackPointExtension>
        </extensions>
      </trkpt>
      <trkpt lat="43.72634827159345149993896484375" lon="7.349764667451381683349609375">
        <ele>301.600006103515625</ele>
        <time>2026-07-07T06:36:45.000Z</time>
        <extensions>
          <ns3:TrackPointExtension>
            <ns3:hr>144</ns3:hr>
            <ns3:cad>53</ns3:cad>
          </ns3:TrackPointExtension>
        </extensions>
      </trkpt>
      <trkpt lat="43.72633335180580615997314453125" lon="7.34976257197558879852294921875">
        <ele>301.600006103515625</ele>
        <time>2026-07-07T06:36:47.000Z</time>
        <extensions>
          <ns3:TrackPointExtension>
            <ns3:hr>141</ns3:hr>
            <ns3:cad>0</ns3:cad>
          </ns3:TrackPointExtension>
        </extensions>
      </trkpt>
      <trkpt lat="43.726329915225505828857421875" lon="7.34976307488977909088134765625">
        <ele>301.79998779296875</ele>
        <time>2026-07-07T06:36:49.000Z</time>
        <extensions>
          <ns3:TrackPointExtension>
            <ns3:hr>137</ns3:hr>
            <ns3:cad>0</ns3:cad>
          </ns3:TrackPointExtension>
        </extensions>
      </trkpt>
      <trkpt lat="43.7263284064829349517822265625" lon="7.3497628234326839447021484375">
        <ele>301.79998779296875</ele>
        <time>2026-07-07T06:36:51.000Z</time>
        <extensions>
          <ns3:TrackPointExtension>
            <ns3:hr>135</ns3:hr>
            <ns3:cad>0</ns3:cad>
          </ns3:TrackPointExtension>
        </extensions>
      </trkpt>
      <trkpt lat="43.72631994076073169708251953125" lon="7.34976123087108135223388671875">
        <ele>301.79998779296875</ele>
        <time>2026-07-07T06:36:59.000Z</time>
        <extensions>
          <ns3:TrackPointExtension>
            <ns3:hr>134</ns3:hr>
            <ns3:cad>0</ns3:cad>
          </ns3:TrackPointExtension>
        </extensions>
      </trkpt>
      <trkpt lat="43.72631642036139965057373046875" lon="7.34976299107074737548828125">
        <ele>301.600006103515625</ele>
        <time>2026-07-07T06:37:10.000Z</time>
        <extensions>
          <ns3:TrackPointExtension>
            <ns3:hr>137</ns3:hr>
            <ns3:cad>0</ns3:cad>
          </ns3:TrackPointExtension>
        </extensions>
      </trkpt>
      <trkpt lat="43.726305104792118072509765625" lon="7.34975502826273441314697265625">
        <ele>301.600006103515625</ele>
        <time>2026-07-07T06:37:14.000Z</time>
        <extensions>
          <ns3:TrackPointExtension>
            <ns3:hr>137</ns3:hr>
            <ns3:cad>0</ns3:cad>
          </ns3:TrackPointExtension>
        </extensions>
      </trkpt>
      <trkpt lat="43.72624936513602733612060546875" lon="7.34971177764236927032470703125">
        <ele>301.79998779296875</ele>
        <time>2026-07-07T06:37:19.000Z</time>
        <extensions>
          <ns3:TrackPointExtension>
            <ns3:hr>137</ns3:hr>
            <ns3:cad>50</ns3:cad>
          </ns3:TrackPointExtension>
        </extensions>
      </trkpt>
      <trkpt lat="43.72619639150798320770263671875" lon="7.34962594695389270782470703125">
        <ele>302.600006103515625</ele>
        <time>2026-07-07T06:37:25.000Z</time>
        <extensions>
          <ns3:TrackPointExtension>
            <ns3:hr>134</ns3:hr>
            <ns3:cad>52</ns3:cad>
          </ns3:TrackPointExtension>
        </extensions>
      </trkpt>
      <trkpt lat="43.72617560438811779022216796875" lon="7.34959543682634830474853515625">
        <ele>302.399993896484375</ele>
        <time>2026-07-07T06:37:29.000Z</time>
        <extensions>
          <ns3:TrackPointExtension>
            <ns3:hr>133</ns3:hr>
            <ns3:cad>0</ns3:cad>
          </ns3:TrackPointExtension>
        </extensions>
      </trkpt>
      <trkpt lat="43.72617208398878574371337890625" lon="7.3495807684957981109619140625">
        <ele>302.20001220703125</ele>
        <time>2026-07-07T06:37:36.000Z</time>
        <extensions>
          <ns3:TrackPointExtension>
            <ns3:hr>132</ns3:hr>
            <ns3:cad>0</ns3:cad>
          </ns3:TrackPointExtension>
        </extensions>
      </trkpt>
      <trkpt lat="43.7261210381984710693359375" lon="7.3495251126587390899658203125">
        <ele>301.600006103515625</ele>
        <time>2026-07-07T06:37:43.000Z</time>
        <extensions>
          <ns3:TrackPointExtension>
            <ns3:hr>134</ns3:hr>
            <ns3:cad>52</ns3:cad>
          </ns3:TrackPointExtension>
        </extensions>
      </trkpt>
      <trkpt lat="43.7260620296001434326171875" lon="7.34945931471884250640869140625">
        <ele>301</ele>
        <time>2026-07-07T06:37:53.000Z</time>
        <extensions>
          <ns3:TrackPointExtension>
            <ns3:hr>132</ns3:hr>
            <ns3:cad>49</ns3:cad>
          </ns3:TrackPointExtension>
        </extensions>
      </trkpt>
      <trkpt lat="43.726074434816837310791015625" lon="7.3495003022253513336181640625">
        <ele>300.600006103515625</ele>
        <time>2026-07-07T06:37:58.000Z</time>
        <extensions>
          <ns3:TrackPointExtension>
            <ns3:hr>132</ns3:hr>
            <ns3:cad>0</ns3:cad>
          </ns3:TrackPointExtension>
        </extensions>
      </trkpt>
      <trkpt lat="43.72607770375907421112060546875" lon="7.349508516490459442138671875">
        <ele>300.20001220703125</ele>
        <time>2026-07-07T06:37:59.000Z</time>
        <extensions>
          <ns3:TrackPointExtension>
            <ns3:hr>132</ns3:hr>
            <ns3:cad>0</ns3:cad>
          </ns3:TrackPointExtension>
        </extensions>
      </trkpt>
      <trkpt lat="43.72608281672000885009765625" lon="7.34953366219997406005859375">
        <ele>299.20001220703125</ele>
        <time>2026-07-07T06:38:02.000Z</time>
        <extensions>
          <ns3:TrackPointExtension>
            <ns3:hr>132</ns3:hr>
            <ns3:cad>0</ns3:cad>
          </ns3:TrackPointExtension>
        </extensions>
      </trkpt>
      <trkpt lat="43.72609916143119335174560546875" lon="7.34956224448978900909423828125">
        <ele>298.79998779296875</ele>
        <time>2026-07-07T06:38:05.000Z</time>
        <extensions>
          <ns3:TrackPointExtension>
            <ns3:hr>130</ns3:hr>
            <ns3:cad>41</ns3:cad>
          </ns3:TrackPointExtension>
        </extensions>
      </trkpt>
      <trkpt lat="43.7261041067540645599365234375" lon="7.34958068467676639556884765625">
        <ele>298.20001220703125</ele>
        <time>2026-07-07T06:38:07.000Z</time>
        <extensions>
          <ns3:TrackPointExtension>
            <ns3:hr>130</ns3:hr>
            <ns3:cad>0</ns3:cad>
          </ns3:TrackPointExtension>
        </extensions>
      </trkpt>
      <trkpt lat="43.72610821388661861419677734375" lon="7.3496374301612377166748046875">
        <ele>297.20001220703125</ele>
        <time>2026-07-07T06:38:12.000Z</time>
        <extensions>
          <ns3:TrackPointExtension>
            <ns3:hr>130</ns3:hr>
            <ns3:cad>0</ns3:cad>
          </ns3:TrackPointExtension>
        </extensions>
      </trkpt>
      <trkpt lat="43.72612179256975650787353515625" lon="7.3496816866099834442138671875">
        <ele>296.399993896484375</ele>
        <time>2026-07-07T06:38:15.000Z</time>
        <extensions>
          <ns3:TrackPointExtension>
            <ns3:hr>134</ns3:hr>
            <ns3:cad>50</ns3:cad>
          </ns3:TrackPointExtension>
        </extensions>
      </trkpt>
      <trkpt lat="43.7261342816054821014404296875" lon="7.3497261106967926025390625">
        <ele>296</ele>
        <time>2026-07-07T06:38:18.000Z</time>
        <extensions>
          <ns3:TrackPointExtension>
            <ns3:hr>135</ns3:hr>
            <ns3:cad>52</ns3:cad>
          </ns3:TrackPointExtension>
        </extensions>
      </trkpt>
      <trkpt lat="43.72613838873803615570068359375" lon="7.349742539227008819580078125">
        <ele>295.79998779296875</ele>
        <time>2026-07-07T06:38:19.000Z</time>
        <extensions>
          <ns3:TrackPointExtension>
            <ns3:hr>135</ns3:hr>
            <ns3:cad>52</ns3:cad>
          </ns3:TrackPointExtension>
        </extensions>
      </trkpt>
      <trkpt lat="43.72616671957075595855712890625" lon="7.3497940041124820709228515625">
        <ele>295.20001220703125</ele>
        <time>2026-07-07T06:38:23.000Z</time>
        <extensions>
          <ns3:TrackPointExtension>
            <ns3:hr>135</ns3:hr>
            <ns3:cad>0</ns3:cad>
          </ns3:TrackPointExtension>
        </extensions>
      </trkpt>
      <trkpt lat="43.726177699863910675048828125" lon="7.34981596469879150390625">
        <ele>295</ele>
        <time>2026-07-07T06:38:25.000Z</time>
        <extensions>
          <ns3:TrackPointExtension>
            <ns3:hr>135</ns3:hr>
            <ns3:cad>0</ns3:cad>
          </ns3:TrackPointExtension>
        </extensions>
      </trkpt>
      <trkpt lat="43.726185746490955352783203125" lon="7.3498226702213287353515625">
        <ele>294.600006103515625</ele>
        <time>2026-07-07T06:38:26.000Z</time>
        <extensions>
          <ns3:TrackPointExtension>
            <ns3:hr>134</ns3:hr>
            <ns3:cad>0</ns3:cad>
          </ns3:TrackPointExtension>
        </extensions>
      </trkpt>
      <trkpt lat="43.72619471512734889984130859375" lon="7.3498228378593921661376953125">
        <ele>294.600006103515625</ele>
        <time>2026-07-07T06:38:27.000Z</time>
        <extensions>
          <ns3:TrackPointExtension>
            <ns3:hr>133</ns3:hr>
            <ns3:cad>46</ns3:cad>
          </ns3:TrackPointExtension>
        </extensions>
      </trkpt>
      <trkpt lat="43.7262191064655780792236328125" lon="7.3498654179275035858154296875">
        <ele>293.79998779296875</ele>
        <time>2026-07-07T06:38:32.000Z</time>
        <extensions>
          <ns3:TrackPointExtension>
            <ns3:hr>131</ns3:hr>
            <ns3:cad>0</ns3:cad>
          </ns3:TrackPointExtension>
        </extensions>
      </trkpt>
      <trkpt lat="43.72622455470263957977294921875" lon="7.34987556003034114837646484375">
        <ele>293.600006103515625</ele>
        <time>2026-07-07T06:38:33.000Z</time>
        <extensions>
          <ns3:TrackPointExtension>
            <ns3:hr>131</ns3:hr>
            <ns3:cad>59</ns3:cad>
          </ns3:TrackPointExtension>
        </extensions>
      </trkpt>
      <trkpt lat="43.72624483890831470489501953125" lon="7.3499106802046298980712890625">
        <ele>292.79998779296875</ele>
        <time>2026-07-07T06:38:36.000Z</time>
        <extensions>
          <ns3:TrackPointExtension>
            <ns3:hr>131</ns3:hr>
            <ns3:cad>58</ns3:cad>
          </ns3:TrackPointExtension>
        </extensions>
      </trkpt>
      <trkpt lat="43.72627182863652706146240234375" lon="7.349973879754543304443359375">
        <ele>292</ele>
        <time>2026-07-07T06:38:40.000Z</time>
        <extensions>
          <ns3:TrackPointExtension>
            <ns3:hr>133</ns3:hr>
            <ns3:cad>53</ns3:cad>
          </ns3:TrackPointExtension>
        </extensions>
      </trkpt>
      <trkpt lat="43.7262885086238384246826171875" lon="7.34997966326773166656494140625">
        <ele>291.600006103515625</ele>
        <time>2026-07-07T06:38:42.000Z</time>
        <extensions>
          <ns3:TrackPointExtension>
            <ns3:hr>133</ns3:hr>
            <ns3:cad>53</ns3:cad>
          </ns3:TrackPointExtension>
        </extensions>
      </trkpt>
      <trkpt lat="43.72630401514470577239990234375" lon="7.3500022105872631072998046875">
        <ele>291.399993896484375</ele>
        <time>2026-07-07T06:38:46.000Z</time>
        <extensions>
          <ns3:TrackPointExtension>
            <ns3:hr>132</ns3:hr>
            <ns3:cad>0</ns3:cad>
          </ns3:TrackPointExtension>
        </extensions>
      </trkpt>
      <trkpt lat="43.726312816143035888671875" lon="7.35002475790679454803466796875">
        <ele>291</ele>
        <time>2026-07-07T06:38:49.000Z</time>
        <extensions>
          <ns3:TrackPointExtension>
            <ns3:hr>133</ns3:hr>
            <ns3:cad>0</ns3:cad>
          </ns3:TrackPointExtension>
        </extensions>
      </trkpt>
      <trkpt lat="43.7263119779527187347412109375" lon="7.35003850422799587249755859375">
        <ele>290.600006103515625</ele>
        <time>2026-07-07T06:38:50.000Z</time>
        <extensions>
          <ns3:TrackPointExtension>
            <ns3:hr>133</ns3:hr>
            <ns3:cad>0</ns3:cad>
          </ns3:TrackPointExtension>
        </extensions>
      </trkpt>
      <trkpt lat="43.7263119779527187347412109375" lon="7.35005225054919719696044921875">
        <ele>290.20001220703125</ele>
        <time>2026-07-07T06:38:51.000Z</time>
        <extensions>
          <ns3:TrackPointExtension>
            <ns3:hr>133</ns3:hr>
            <ns3:cad>0</ns3:cad>
          </ns3:TrackPointExtension>
        </extensions>
      </trkpt>
      <trkpt lat="43.7263294123113155364990234375" lon="7.35008678399026393890380859375">
        <ele>289.399993896484375</ele>
        <time>2026-07-07T06:38:55.000Z</time>
        <extensions>
          <ns3:TrackPointExtension>
            <ns3:hr>133</ns3:hr>
            <ns3:cad>0</ns3:cad>
          </ns3:TrackPointExtension>
        </extensions>
      </trkpt>
      <trkpt lat="43.72634475119411945343017578125" lon="7.35011343844234943389892578125">
        <ele>288.600006103515625</ele>
        <time>2026-07-07T06:38:59.000Z</time>
        <extensions>
          <ns3:TrackPointExtension>
            <ns3:hr>134</ns3:hr>
            <ns3:cad>0</ns3:cad>
          </ns3:TrackPointExtension>
        </extensions>
      </trkpt>
      <trkpt lat="43.72634843923151493072509765625" lon="7.3501289449632167816162109375">
        <ele>288.20001220703125</ele>
        <time>2026-07-07T06:39:01.000Z</time>
        <extensions>
          <ns3:TrackPointExtension>
            <ns3:hr>134</ns3:hr>
            <ns3:cad>0</ns3:cad>
          </ns3:TrackPointExtension>
        </extensions>
      </trkpt>
      <trkpt lat="43.726356737315654754638671875" lon="7.3501711897552013397216796875">
        <ele>287.20001220703125</ele>
        <time>2026-07-07T06:39:06.000Z</time>
        <extensions>
          <ns3:TrackPointExtension>
            <ns3:hr>137</ns3:hr>
            <ns3:cad>0</ns3:cad>
          </ns3:TrackPointExtension>
        </extensions>
      </trkpt>
      <trkpt lat="43.726350367069244384765625" lon="7.35018300823867321014404296875">
        <ele>287</ele>
        <time>2026-07-07T06:39:08.000Z</time>
        <extensions>
          <ns3:TrackPointExtension>
            <ns3:hr>139</ns3:hr>
            <ns3:cad>0</ns3:cad>
          </ns3:TrackPointExtension>
        </extensions>
      </trkpt>
      <trkpt lat="43.72633737511932849884033203125" lon="7.350194156169891357421875">
        <ele>286.20001220703125</ele>
        <time>2026-07-07T06:39:12.000Z</time>
        <extensions>
          <ns3:TrackPointExtension>
            <ns3:hr>142</ns3:hr>
            <ns3:cad>0</ns3:cad>
          </ns3:TrackPointExtension>
        </extensions>
      </trkpt>
      <trkpt lat="43.726336956024169921875" lon="7.350199855864048004150390625">
        <ele>286</ele>
        <time>2026-07-07T06:39:13.000Z</time>
        <extensions>
          <ns3:TrackPointExtension>
            <ns3:hr>141</ns3:hr>
            <ns3:cad>0</ns3:cad>
          </ns3:TrackPointExtension>
        </extensions>
      </trkpt>
      <trkpt lat="43.7263401411473751068115234375" lon="7.35022307373583316802978515625">
        <ele>285.399993896484375</ele>
        <time>2026-07-07T06:39:16.000Z</time>
        <extensions>
          <ns3:TrackPointExtension>
            <ns3:hr>142</ns3:hr>
            <ns3:cad>0</ns3:cad>
          </ns3:TrackPointExtension>
        </extensions>
      </trkpt>
      <trkpt lat="43.72633167542517185211181640625" lon="7.350249476730823516845703125">
        <ele>285</ele>
        <time>2026-07-07T06:39:20.000Z</time>
        <extensions>
          <ns3:TrackPointExtension>
            <ns3:hr>143</ns3:hr>
            <ns3:cad>0</ns3:cad>
          </ns3:TrackPointExtension>
        </extensions>
      </trkpt>
      <trkpt lat="43.72631843201816082000732421875" lon="7.35023749060928821563720703125">
        <ele>284.20001220703125</ele>
        <time>2026-07-07T06:39:23.000Z</time>
        <extensions>
          <ns3:TrackPointExtension>
            <ns3:hr>145</ns3:hr>
            <ns3:cad>0</ns3:cad>
          </ns3:TrackPointExtension>
        </extensions>
      </trkpt>
      <trkpt lat="43.726310469210147857666015625" lon="7.350222654640674591064453125">
        <ele>284</ele>
        <time>2026-07-07T06:39:24.000Z</time>
        <extensions>
          <ns3:TrackPointExtension>
            <ns3:hr>146</ns3:hr>
            <ns3:cad>0</ns3:cad>
          </ns3:TrackPointExtension>
        </extensions>
      </trkpt>
      <trkpt lat="43.72628574259579181671142578125" lon="7.3501896299421787261962890625">
        <ele>282.79998779296875</ele>
        <time>2026-07-07T06:39:30.000Z</time>
        <extensions>
          <ns3:TrackPointExtension>
            <ns3:hr>144</ns3:hr>
            <ns3:cad>55</ns3:cad>
          </ns3:TrackPointExtension>
        </extensions>
      </trkpt>
      <trkpt lat="43.726262189447879791259765625" lon="7.350162304937839508056640625">
        <ele>281.79998779296875</ele>
        <time>2026-07-07T06:39:37.000Z</time>
        <extensions>
          <ns3:TrackPointExtension>
            <ns3:hr>144</ns3:hr>
            <ns3:cad>0</ns3:cad>
          </ns3:TrackPointExtension>
        </extensions>
      </trkpt>
      <trkpt lat="43.72625581920146942138671875" lon="7.3501646518707275390625">
        <ele>281.600006103515625</ele>
        <time>2026-07-07T06:39:40.000Z</time>
        <extensions>
          <ns3:TrackPointExtension>
            <ns3:hr>142</ns3:hr>
            <ns3:cad>0</ns3:cad>
          </ns3:TrackPointExtension>
        </extensions>
      </trkpt>
      <trkpt lat="43.72623042203485965728759765625" lon="7.35015786252915859222412109375">
        <ele>280.79998779296875</ele>
        <time>2026-07-07T06:39:45.000Z</time>
        <extensions>
          <ns3:TrackPointExtension>
            <ns3:hr>140</ns3:hr>
            <ns3:cad>47</ns3:cad>
          </ns3:TrackPointExtension>
        </extensions>
      </trkpt>
      <trkpt lat="43.7262073718011379241943359375" lon="7.35015417449176311492919921875">
        <ele>280.20001220703125</ele>
        <time>2026-07-07T06:39:49.000Z</time>
        <extensions>
          <ns3:TrackPointExtension>
            <ns3:hr>139</ns3:hr>
            <ns3:cad>0</ns3:cad>
          </ns3:TrackPointExtension>
        </extensions>
      </trkpt>
      <trkpt lat="43.726193793118000030517578125" lon="7.35014864243566989898681640625">
        <ele>279.79998779296875</ele>
        <time>2026-07-07T06:39:51.000Z</time>
        <extensions>
          <ns3:TrackPointExtension>
            <ns3:hr>140</ns3:hr>
            <ns3:cad>0</ns3:cad>
          </ns3:TrackPointExtension>
        </extensions>
      </trkpt>
      <trkpt lat="43.72618398629128932952880859375" lon="7.350144200026988983154296875">
        <ele>279</ele>
        <time>2026-07-07T06:39:57.000Z</time>
        <extensions>
          <ns3:TrackPointExtension>
            <ns3:hr>142</ns3:hr>
            <ns3:cad>0</ns3:cad>
          </ns3:TrackPointExtension>
        </extensions>
      </trkpt>
      <trkpt lat="43.726174347102642059326171875" lon="7.350135147571563720703125">
        <ele>278.600006103515625</ele>
        <time>2026-07-07T06:40:00.000Z</time>
        <extensions>
          <ns3:TrackPointExtension>
            <ns3:hr>143</ns3:hr>
            <ns3:cad>0</ns3:cad>
          </ns3:TrackPointExtension>
        </extensions>
      </trkpt>
      <trkpt lat="43.7261720001697540283203125" lon="7.35012374818325042724609375">
        <ele>278</ele>
        <time>2026-07-07T06:40:03.000Z</time>
        <extensions>
          <ns3:TrackPointExtension>
            <ns3:hr>144</ns3:hr>
            <ns3:cad>0</ns3:cad>
          </ns3:TrackPointExtension>
        </extensions>
      </trkpt>
      <trkpt lat="43.72615917585790157318115234375" lon="7.35011662356555461883544921875">
        <ele>277.399993896484375</ele>
        <time>2026-07-07T06:40:10.000Z</time>
        <extensions>
          <ns3:TrackPointExtension>
            <ns3:hr>144</ns3:hr>
            <ns3:cad>0</ns3:cad>
          </ns3:TrackPointExtension>
        </extensions>
      </trkpt>
      <trkpt lat="43.726159594953060150146484375" lon="7.35011662356555461883544921875">
        <ele>277.20001220703125</ele>
        <time>2026-07-07T06:40:11.000Z</time>
        <extensions>
          <ns3:TrackPointExtension>
            <ns3:hr>144</ns3:hr>
            <ns3:cad>0</ns3:cad>
          </ns3:TrackPointExtension>
        </extensions>
      </trkpt>
      <trkpt lat="43.7261627800762653350830078125" lon="7.350119389593601226806640625">
        <ele>276.20001220703125</ele>
        <time>2026-07-07T06:40:21.000Z</time>
        <extensions>
          <ns3:TrackPointExtension>
            <ns3:hr>142</ns3:hr>
            <ns3:cad>0</ns3:cad>
          </ns3:TrackPointExtension>
        </extensions>
      </trkpt>
      <trkpt lat="43.7261627800762653350830078125" lon="7.350119389593601226806640625">
        <ele>275</ele>
        <time>2026-07-07T06:40:26.000Z</time>
        <extensions>
          <ns3:TrackPointExtension>
            <ns3:hr>142</ns3:hr>
            <ns3:cad>0</ns3:cad>
          </ns3:TrackPointExtension>
        </extensions>
      </trkpt>
      <trkpt lat="43.72618180699646472930908203125" lon="7.350141517817974090576171875">
        <ele>274</ele>
        <time>2026-07-07T06:40:35.000Z</time>
        <extensions>
          <ns3:TrackPointExtension>
            <ns3:hr>145</ns3:hr>
            <ns3:cad>71</ns3:cad>
          </ns3:TrackPointExtension>
        </extensions>
      </trkpt>
      <trkpt lat="43.7261852435767650604248046875" lon="7.3501775600016117095947265625">
        <ele>272.79998779296875</ele>
        <time>2026-07-07T06:40:41.000Z</time>
        <extensions>
          <ns3:TrackPointExtension>
            <ns3:hr>145</ns3:hr>
            <ns3:cad>0</ns3:cad>
          </ns3:TrackPointExtension>
        </extensions>
      </trkpt>
      <trkpt lat="43.72618532739579677581787109375" lon="7.35018351115286350250244140625">
        <ele>271.79998779296875</ele>
        <time>2026-07-07T06:40:46.000Z</time>
        <extensions>
          <ns3:TrackPointExtension>
            <ns3:hr>146</ns3:hr>
            <ns3:cad>0</ns3:cad>
          </ns3:TrackPointExtension>
        </extensions>
      </trkpt>
      <trkpt lat="43.7261269055306911468505859375" lon="7.3501713573932647705078125">
        <ele>271</ele>
        <time>2026-07-07T06:40:51.000Z</time>
        <extensions>
          <ns3:TrackPointExtension>
            <ns3:hr>148</ns3:hr>
            <ns3:cad>59</ns3:cad>
          </ns3:TrackPointExtension>
        </extensions>
      </trkpt>
      <trkpt lat="43.726097233593463897705078125" lon="7.350159622728824615478515625">
        <ele>270.600006103515625</ele>
        <time>2026-07-07T06:40:53.000Z</time>
        <extensions>
          <ns3:TrackPointExtension>
            <ns3:hr>147</ns3:hr>
            <ns3:cad>58</ns3:cad>
          </ns3:TrackPointExtension>
        </extensions>
      </trkpt>
      <trkpt lat="43.72603361494839191436767578125" lon="7.35009768046438694000244140625">
        <ele>269.79998779296875</ele>
        <time>2026-07-07T06:40:59.000Z</time>
        <extensions>
          <ns3:TrackPointExtension>
            <ns3:hr>145</ns3:hr>
            <ns3:cad>0</ns3:cad>
          </ns3:TrackPointExtension>
        </extensions>
      </trkpt>
      <trkpt lat="43.72602783143520355224609375" lon="7.3501004464924335479736328125">
        <ele>269.600006103515625</ele>
        <time>2026-07-07T06:41:00.000Z</time>
        <extensions>
          <ns3:TrackPointExtension>
            <ns3:hr>144</ns3:hr>
            <ns3:cad>0</ns3:cad>
          </ns3:TrackPointExtension>
        </extensions>
      </trkpt>
      <trkpt lat="43.72600109316408634185791015625" lon="7.3501071520149707794189453125">
        <ele>269.20001220703125</ele>
        <time>2026-07-07T06:41:05.000Z</time>
        <extensions>
          <ns3:TrackPointExtension>
            <ns3:hr>143</ns3:hr>
            <ns3:cad>0</ns3:cad>
          </ns3:TrackPointExtension>
        </extensions>
      </trkpt>
      <trkpt lat="43.72598265297710895538330078125" lon="7.35010740347206592559814453125">
        <ele>268.399993896484375</ele>
        <time>2026-07-07T06:41:07.000Z</time>
        <extensions>
          <ns3:TrackPointExtension>
            <ns3:hr>143</ns3:hr>
            <ns3:cad>53</ns3:cad>
          </ns3:TrackPointExtension>
        </extensions>
      </trkpt>
      <trkpt lat="43.72594191692769527435302734375" lon="7.350074462592601776123046875">
        <ele>267.79998779296875</ele>
        <time>2026-07-07T06:41:11.000Z</time>
        <extensions>
          <ns3:TrackPointExtension>
            <ns3:hr>143</ns3:hr>
            <ns3:cad>0</ns3:cad>
          </ns3:TrackPointExtension>
        </extensions>
      </trkpt>
      <trkpt lat="43.725925572216510772705078125" lon="7.3500558547675609588623046875">
        <ele>267</ele>
        <time>2026-07-07T06:41:15.000Z</time>
        <extensions>
          <ns3:TrackPointExtension>
            <ns3:hr>144</ns3:hr>
            <ns3:cad>0</ns3:cad>
          </ns3:TrackPointExtension>
        </extensions>
      </trkpt>
      <trkpt lat="43.72591140680015087127685546875" lon="7.3500437848269939422607421875">
        <ele>266.79998779296875</ele>
        <time>2026-07-07T06:41:19.000Z</time>
        <extensions>
          <ns3:TrackPointExtension>
            <ns3:hr>144</ns3:hr>
            <ns3:cad>0</ns3:cad>
          </ns3:TrackPointExtension>
        </extensions>
      </trkpt>
      <trkpt lat="43.725908808410167694091796875" lon="7.350086532533168792724609375">
        <ele>266</ele>
        <time>2026-07-07T06:41:25.000Z</time>
        <extensions>
          <ns3:TrackPointExtension>
            <ns3:hr>144</ns3:hr>
            <ns3:cad>0</ns3:cad>
          </ns3:TrackPointExtension>
        </extensions>
      </trkpt>
      <trkpt lat="43.72592062689363956451416015625" lon="7.3500954173505306243896484375">
        <ele>265.79998779296875</ele>
        <time>2026-07-07T06:41:26.000Z</time>
        <extensions>
          <ns3:TrackPointExtension>
            <ns3:hr>144</ns3:hr>
            <ns3:cad>0</ns3:cad>
          </ns3:TrackPointExtension>
        </extensions>
      </trkpt>
      <trkpt lat="43.72594996355473995208740234375" lon="7.3501373268663883209228515625">
        <ele>264.79998779296875</ele>
        <time>2026-07-07T06:41:30.000Z</time>
        <extensions>
          <ns3:TrackPointExtension>
            <ns3:hr>145</ns3:hr>
            <ns3:cad>0</ns3:cad>
          </ns3:TrackPointExtension>
        </extensions>
      </trkpt>
      <trkpt lat="43.725961111485958099365234375" lon="7.35015367157757282257080078125">
        <ele>264.600006103515625</ele>
        <time>2026-07-07T06:41:32.000Z</time>
        <extensions>
          <ns3:TrackPointExtension>
            <ns3:hr>145</ns3:hr>
            <ns3:cad>0</ns3:cad>
          </ns3:TrackPointExtension>
        </extensions>
      </trkpt>
      <trkpt lat="43.7259896099567413330078125" lon="7.35018032602965831756591796875">
        <ele>263.79998779296875</ele>
        <time>2026-07-07T06:41:38.000Z</time>
        <extensions>
          <ns3:TrackPointExtension>
            <ns3:hr>145</ns3:hr>
            <ns3:cad>0</ns3:cad>
          </ns3:TrackPointExtension>
        </extensions>
      </trkpt>
      <trkpt lat="43.7259904481470584869384765625" lon="7.3501852713525295257568359375">
        <ele>263.600006103515625</ele>
        <time>2026-07-07T06:41:39.000Z</time>
        <extensions>
          <ns3:TrackPointExtension>
            <ns3:hr>145</ns3:hr>
            <ns3:cad>0</ns3:cad>
          </ns3:TrackPointExtension>
        </extensions>
      </trkpt>
      <trkpt lat="43.72600511647760868072509765625" lon="7.35025660134851932525634765625">
        <ele>262.399993896484375</ele>
        <time>2026-07-07T06:41:45.000Z</time>
        <extensions>
          <ns3:TrackPointExtension>
            <ns3:hr>146</ns3:hr>
            <ns3:cad>0</ns3:cad>
          </ns3:TrackPointExtension>
        </extensions>
      </trkpt>
      <trkpt lat="43.7260115705430507659912109375" lon="7.35027135349810123443603515625">
        <ele>262.20001220703125</ele>
        <time>2026-07-07T06:41:46.000Z</time>
        <extensions>
          <ns3:TrackPointExtension>
            <ns3:hr>146</ns3:hr>
            <ns3:cad>0</ns3:cad>
          </ns3:TrackPointExtension>
        </extensions>
      </trkpt>
      <trkpt lat="43.726016096770763397216796875" lon="7.3503430187702178955078125">
        <ele>261.20001220703125</ele>
        <time>2026-07-07T06:41:50.000Z</time>
        <extensions>
          <ns3:TrackPointExtension>
            <ns3:hr>146</ns3:hr>
            <ns3:cad>58</ns3:cad>
          </ns3:TrackPointExtension>
        </extensions>
      </trkpt>
      <trkpt lat="43.72600972652435302734375" lon="7.3503725230693817138671875">
        <ele>261.20001220703125</ele>
        <time>2026-07-07T06:41:52.000Z</time>
        <extensions>
          <ns3:TrackPointExtension>
            <ns3:hr>146</ns3:hr>
            <ns3:cad>58</ns3:cad>
          </ns3:TrackPointExtension>
        </extensions>
      </trkpt>
      <trkpt lat="43.72600092552602291107177734375" lon="7.35047285445034503936767578125">
        <ele>260.399993896484375</ele>
        <time>2026-07-07T06:41:58.000Z</time>
        <extensions>
          <ns3:TrackPointExtension>
            <ns3:hr>143</ns3:hr>
            <ns3:cad>0</ns3:cad>
          </ns3:TrackPointExtension>
        </extensions>
      </trkpt>
      <trkpt lat="43.72600696049630641937255859375" lon="7.3505118303000926971435546875">
        <ele>260.20001220703125</ele>
        <time>2026-07-07T06:42:00.000Z</time>
        <extensions>
          <ns3:TrackPointExtension>
            <ns3:hr>142</ns3:hr>
            <ns3:cad>0</ns3:cad>
          </ns3:TrackPointExtension>
        </extensions>
      </trkpt>
      <trkpt lat="43.72600981034338474273681640625" lon="7.3505292646586894989013671875">
        <ele>260</ele>
        <time>2026-07-07T06:42:01.000Z</time>
        <extensions>
          <ns3:TrackPointExtension>
            <ns3:hr>143</ns3:hr>
            <ns3:cad>0</ns3:cad>
          </ns3:TrackPointExtension>
        </extensions>
      </trkpt>
      <trkpt lat="43.7260125763714313507080078125" lon="7.35067150555551052093505859375">
        <ele>259.600006103515625</ele>
        <time>2026-07-07T06:42:09.000Z</time>
        <extensions>
          <ns3:TrackPointExtension>
            <ns3:hr>143</ns3:hr>
            <ns3:cad>0</ns3:cad>
          </ns3:TrackPointExtension>
        </extensions>
      </trkpt>
      <trkpt lat="43.726006038486957550048828125" lon="7.350702099502086639404296875">
        <ele>259.20001220703125</ele>
        <time>2026-07-07T06:42:11.000Z</time>
        <extensions>
          <ns3:TrackPointExtension>
            <ns3:hr>143</ns3:hr>
            <ns3:cad>0</ns3:cad>
          </ns3:TrackPointExtension>
        </extensions>
      </trkpt>
      <trkpt lat="43.7259716726839542388916015625" lon="7.35078130848705768585205078125">
        <ele>258</ele>
        <time>2026-07-07T06:42:16.000Z</time>
        <extensions>
          <ns3:TrackPointExtension>
            <ns3:hr>145</ns3:hr>
            <ns3:cad>0</ns3:cad>
          </ns3:TrackPointExtension>
        </extensions>
      </trkpt>
      <trkpt lat="43.72594996355473995208740234375" lon="7.3508083820343017578125">
        <ele>257.600006103515625</ele>
        <time>2026-07-07T06:42:19.000Z</time>
        <extensions>
          <ns3:TrackPointExtension>
            <ns3:hr>146</ns3:hr>
            <ns3:cad>0</ns3:cad>
          </ns3:TrackPointExtension>
        </extensions>
      </trkpt>
      <trkpt lat="43.7259086407721042633056640625" lon="7.3508571647107601165771484375">
        <ele>256.79998779296875</ele>
        <time>2026-07-07T06:42:24.000Z</time>
        <extensions>
          <ns3:TrackPointExtension>
            <ns3:hr>146</ns3:hr>
            <ns3:cad>0</ns3:cad>
          </ns3:TrackPointExtension>
        </extensions>
      </trkpt>
      <trkpt lat="43.72588056139647960662841796875" lon="7.35091608949005603790283203125">
        <ele>255.8000030517578125</ele>
        <time>2026-07-07T06:42:29.000Z</time>
        <extensions>
          <ns3:TrackPointExtension>
            <ns3:hr>146</ns3:hr>
            <ns3:cad>16</ns3:cad>
          </ns3:TrackPointExtension>
        </extensions>
      </trkpt>
      <trkpt lat="43.725875280797481536865234375" lon="7.3509279079735279083251953125">
        <ele>255.8000030517578125</ele>
        <time>2026-07-07T06:42:30.000Z</time>
        <extensions>
          <ns3:TrackPointExtension>
            <ns3:hr>146</ns3:hr>
            <ns3:cad>16</ns3:cad>
          </ns3:TrackPointExtension>
        </extensions>
      </trkpt>
      <trkpt lat="43.72582507319748401641845703125" lon="7.3510170914232730865478515625">
        <ele>254.600006103515625</ele>
        <time>2026-07-07T06:42:37.000Z</time>
        <extensions>
          <ns3:TrackPointExtension>
            <ns3:hr>147</ns3:hr>
            <ns3:cad>16</ns3:cad>
          </ns3:TrackPointExtension>
        </extensions>
      </trkpt>
      <trkpt lat="43.72580579482018947601318359375" lon="7.35104198567569255828857421875">
        <ele>253.8000030517578125</ele>
        <time>2026-07-07T06:42:44.000Z</time>
        <extensions>
          <ns3:TrackPointExtension>
            <ns3:hr>147</ns3:hr>
            <ns3:cad>0</ns3:cad>
          </ns3:TrackPointExtension>
        </extensions>
      </trkpt>
      <trkpt lat="43.725803531706333160400390625" lon="7.35104701481759548187255859375">
        <ele>253.1999969482421875</ele>
        <time>2026-07-07T06:42:46.000Z</time>
        <extensions>
          <ns3:TrackPointExtension>
            <ns3:hr>147</ns3:hr>
            <ns3:cad>0</ns3:cad>
          </ns3:TrackPointExtension>
        </extensions>
      </trkpt>
      <trkpt lat="43.7257758714258670806884765625" lon="7.35105221159756183624267578125">
        <ele>252.8000030517578125</ele>
        <time>2026-07-07T06:42:50.000Z</time>
        <extensions>
          <ns3:TrackPointExtension>
            <ns3:hr>147</ns3:hr>
            <ns3:cad>0</ns3:cad>
          </ns3:TrackPointExtension>
        </extensions>
      </trkpt>
      <trkpt lat="43.7257661484181880950927734375" lon="7.3510633595287799835205078125">
        <ele>252</ele>
        <time>2026-07-07T06:42:52.000Z</time>
        <extensions>
          <ns3:TrackPointExtension>
            <ns3:hr>148</ns3:hr>
            <ns3:cad>0</ns3:cad>
          </ns3:TrackPointExtension>
        </extensions>
      </trkpt>
      <trkpt lat="43.725749552249908447265625" lon="7.35111775808036327362060546875">
        <ele>251.1999969482421875</ele>
        <time>2026-07-07T06:42:56.000Z</time>
        <extensions>
          <ns3:TrackPointExtension>
            <ns3:hr>148</ns3:hr>
            <ns3:cad>0</ns3:cad>
          </ns3:TrackPointExtension>
        </extensions>
      </trkpt>
      <trkpt lat="43.72574527747929096221923828125" lon="7.35113334842026233673095703125">
        <ele>251</ele>
        <time>2026-07-07T06:42:57.000Z</time>
        <extensions>
          <ns3:TrackPointExtension>
            <ns3:hr>148</ns3:hr>
            <ns3:cad>0</ns3:cad>
          </ns3:TrackPointExtension>
        </extensions>
      </trkpt>
      <trkpt lat="43.72571644373238086700439453125" lon="7.35123150050640106201171875">
        <ele>249.8000030517578125</ele>
        <time>2026-07-07T06:43:04.000Z</time>
        <extensions>
          <ns3:TrackPointExtension>
            <ns3:hr>147</ns3:hr>
            <ns3:cad>0</ns3:cad>
          </ns3:TrackPointExtension>
        </extensions>
      </trkpt>
      <trkpt lat="43.725711666047573089599609375" lon="7.3512370325624942779541015625">
        <ele>249.8000030517578125</ele>
        <time>2026-07-07T06:43:05.000Z</time>
        <extensions>
          <ns3:TrackPointExtension>
            <ns3:hr>147</ns3:hr>
            <ns3:cad>0</ns3:cad>
          </ns3:TrackPointExtension>
        </extensions>
      </trkpt>
      <trkpt lat="43.72569364495575428009033203125" lon="7.3512843064963817596435546875">
        <ele>248.8000030517578125</ele>
        <time>2026-07-07T06:43:11.000Z</time>
        <extensions>
          <ns3:TrackPointExtension>
            <ns3:hr>147</ns3:hr>
            <ns3:cad>19</ns3:cad>
          </ns3:TrackPointExtension>
        </extensions>
      </trkpt>
      <trkpt lat="43.7256890349090099334716796875" lon="7.35129319131374359130859375">
        <ele>248.600006103515625</ele>
        <time>2026-07-07T06:43:12.000Z</time>
        <extensions>
          <ns3:TrackPointExtension>
            <ns3:hr>147</ns3:hr>
            <ns3:cad>0</ns3:cad>
          </ns3:TrackPointExtension>
        </extensions>
      </trkpt>
      <trkpt lat="43.72565039433538913726806640625" lon="7.35132697038352489471435546875">
        <ele>247.600006103515625</ele>
        <time>2026-07-07T06:43:18.000Z</time>
        <extensions>
          <ns3:TrackPointExtension>
            <ns3:hr>147</ns3:hr>
            <ns3:cad>47</ns3:cad>
          </ns3:TrackPointExtension>
        </extensions>
      </trkpt>
      <trkpt lat="43.72564318589866161346435546875" lon="7.351337112486362457275390625">
        <ele>247.1999969482421875</ele>
        <time>2026-07-07T06:43:19.000Z</time>
        <extensions>
          <ns3:TrackPointExtension>
            <ns3:hr>147</ns3:hr>
            <ns3:cad>47</ns3:cad>
          </ns3:TrackPointExtension>
        </extensions>
      </trkpt>
      <trkpt lat="43.72562860138714313507080078125" lon="7.35136535950005054473876953125">
        <ele>246.600006103515625</ele>
        <time>2026-07-07T06:43:22.000Z</time>
        <extensions>
          <ns3:TrackPointExtension>
            <ns3:hr>147</ns3:hr>
            <ns3:cad>0</ns3:cad>
          </ns3:TrackPointExtension>
        </extensions>
      </trkpt>
      <trkpt lat="43.72559943236410617828369140625" lon="7.35138162039220333099365234375">
        <ele>246.1999969482421875</ele>
        <time>2026-07-07T06:43:26.000Z</time>
        <extensions>
          <ns3:TrackPointExtension>
            <ns3:hr>147</ns3:hr>
            <ns3:cad>0</ns3:cad>
          </ns3:TrackPointExtension>
        </extensions>
      </trkpt>
      <trkpt lat="43.72559607960283756256103515625" lon="7.3513542115688323974609375">
        <ele>245.600006103515625</ele>
        <time>2026-07-07T06:43:29.000Z</time>
        <extensions>
          <ns3:TrackPointExtension>
            <ns3:hr>146</ns3:hr>
            <ns3:cad>60</ns3:cad>
          </ns3:TrackPointExtension>
        </extensions>
      </trkpt>
      <trkpt lat="43.72560127638280391693115234375" lon="7.3513349331915378570556640625">
        <ele>245</ele>
        <time>2026-07-07T06:43:31.000Z</time>
        <extensions>
          <ns3:TrackPointExtension>
            <ns3:hr>146</ns3:hr>
            <ns3:cad>60</ns3:cad>
          </ns3:TrackPointExtension>
        </extensions>
      </trkpt>
      <trkpt lat="43.725601024925708770751953125" lon="7.3513258807361125946044921875">
        <ele>244.600006103515625</ele>
        <time>2026-07-07T06:43:35.000Z</time>
        <extensions>
          <ns3:TrackPointExtension>
            <ns3:hr>146</ns3:hr>
            <ns3:cad>0</ns3:cad>
          </ns3:TrackPointExtension>
        </extensions>
      </trkpt>
      <trkpt lat="43.72559490613639354705810546875" lon="7.3513327538967132568359375">
        <ele>244.399993896484375</ele>
        <time>2026-07-07T06:43:37.000Z</time>
        <extensions>
          <ns3:TrackPointExtension>
            <ns3:hr>146</ns3:hr>
            <ns3:cad>0</ns3:cad>
          </ns3:TrackPointExtension>
        </extensions>
      </trkpt>
      <trkpt lat="43.72555668465793132781982421875" lon="7.35135613940656185150146484375">
        <ele>243.1999969482421875</ele>
        <time>2026-07-07T06:43:43.000Z</time>
        <extensions>
          <ns3:TrackPointExtension>
            <ns3:hr>147</ns3:hr>
            <ns3:cad>0</ns3:cad>
          </ns3:TrackPointExtension>
        </extensions>
      </trkpt>
      <trkpt lat="43.72555215843021869659423828125" lon="7.35136820934712886810302734375">
        <ele>243.1999969482421875</ele>
        <time>2026-07-07T06:43:44.000Z</time>
        <extensions>
          <ns3:TrackPointExtension>
            <ns3:hr>147</ns3:hr>
            <ns3:cad>0</ns3:cad>
          </ns3:TrackPointExtension>
        </extensions>
      </trkpt>
      <trkpt lat="43.72552500106394290924072265625" lon="7.35138044692575931549072265625">
        <ele>242.399993896484375</ele>
        <time>2026-07-07T06:43:49.000Z</time>
        <extensions>
          <ns3:TrackPointExtension>
            <ns3:hr>146</ns3:hr>
            <ns3:cad>0</ns3:cad>
          </ns3:TrackPointExtension>
        </extensions>
      </trkpt>
      <trkpt lat="43.72552265413105487823486328125" lon="7.35137172974646091461181640625">
        <ele>242.399993896484375</ele>
        <time>2026-07-07T06:43:53.000Z</time>
        <extensions>
          <ns3:TrackPointExtension>
            <ns3:hr>143</ns3:hr>
            <ns3:cad>0</ns3:cad>
          </ns3:TrackPointExtension>
        </extensions>
      </trkpt>
      <trkpt lat="43.7255180440843105316162109375" lon="7.3513704724609851837158203125">
        <ele>242.1999969482421875</ele>
        <time>2026-07-07T06:43:54.000Z</time>
        <extensions>
          <ns3:TrackPointExtension>
            <ns3:hr>144</ns3:hr>
            <ns3:cad>0</ns3:cad>
          </ns3:TrackPointExtension>
        </extensions>
      </trkpt>
      <trkpt lat="43.72550521977245807647705078125" lon="7.35135161317884922027587890625">
        <ele>242</ele>
        <time>2026-07-07T06:43:57.000Z</time>
        <extensions>
          <ns3:TrackPointExtension>
            <ns3:hr>144</ns3:hr>
            <ns3:cad>0</ns3:cad>
          </ns3:TrackPointExtension>
        </extensions>
      </trkpt>
      <trkpt lat="43.72550438158214092254638671875" lon="7.35131724737584590911865234375">
        <ele>241</ele>
        <time>2026-07-07T06:44:00.000Z</time>
        <extensions>
          <ns3:TrackPointExtension>
            <ns3:hr>143</ns3:hr>
            <ns3:cad>0</ns3:cad>
          </ns3:TrackPointExtension>
        </extensions>
      </trkpt>
      <trkpt lat="43.72551628388464450836181640625" lon="7.3512729071080684661865234375">
        <ele>240.399993896484375</ele>
        <time>2026-07-07T06:44:04.000Z</time>
        <extensions>
          <ns3:TrackPointExtension>
            <ns3:hr>144</ns3:hr>
            <ns3:cad>49</ns3:cad>
          </ns3:TrackPointExtension>
        </extensions>
      </trkpt>
      <trkpt lat="43.72551695443689823150634765625" lon="7.35124935396015644073486328125">
        <ele>240</ele>
        <time>2026-07-07T06:44:06.000Z</time>
        <extensions>
          <ns3:TrackPointExtension>
            <ns3:hr>145</ns3:hr>
            <ns3:cad>71</ns3:cad>
          </ns3:TrackPointExtension>
        </extensions>
      </trkpt>
      <trkpt lat="43.72551192529499530792236328125" lon="7.3512165807187557220458984375">
        <ele>239.399993896484375</ele>
        <time>2026-07-07T06:44:09.000Z</time>
        <extensions>
          <ns3:TrackPointExtension>
            <ns3:hr>146</ns3:hr>
            <ns3:cad>72</ns3:cad>
          </ns3:TrackPointExtension>
        </extensions>
      </trkpt>
      <trkpt lat="43.72549868188798427581787109375" lon="7.3512209393084049224853515625">
        <ele>239</ele>
        <time>2026-07-07T06:44:11.000Z</time>
        <extensions>
          <ns3:TrackPointExtension>
            <ns3:hr>147</ns3:hr>
            <ns3:cad>72</ns3:cad>
          </ns3:TrackPointExtension>
        </extensions>
      </trkpt>
      <trkpt lat="43.72546465136110782623291015625" lon="7.35123594291508197784423828125">
        <ele>237.8000030517578125</ele>
        <time>2026-07-07T06:44:16.000Z</time>
        <extensions>
          <ns3:TrackPointExtension>
            <ns3:hr>148</ns3:hr>
            <ns3:cad>0</ns3:cad>
          </ns3:TrackPointExtension>
        </extensions>
      </trkpt>
      <trkpt lat="43.72543883509933948516845703125" lon="7.35123418271541595458984375">
        <ele>237</ele>
        <time>2026-07-07T06:44:20.000Z</time>
        <extensions>
          <ns3:TrackPointExtension>
            <ns3:hr>147</ns3:hr>
            <ns3:cad>65</ns3:cad>
          </ns3:TrackPointExtension>
        </extensions>
      </trkpt>
      <trkpt lat="43.7254399247467517852783203125" lon="7.351229488849639892578125">
        <ele>236.600006103515625</ele>
        <time>2026-07-07T06:44:21.000Z</time>
        <extensions>
          <ns3:TrackPointExtension>
            <ns3:hr>147</ns3:hr>
            <ns3:cad>65</ns3:cad>
          </ns3:TrackPointExtension>
        </extensions>
      </trkpt>
      <trkpt lat="43.7254630587995052337646484375" lon="7.35117894597351551055908203125">
        <ele>236</ele>
        <time>2026-07-07T06:44:25.000Z</time>
        <extensions>
          <ns3:TrackPointExtension>
            <ns3:hr>146</ns3:hr>
            <ns3:cad>65</ns3:cad>
          </ns3:TrackPointExtension>
        </extensions>
      </trkpt>
      <trkpt lat="43.72547755949199199676513671875" lon="7.35115514136850833892822265625">
        <ele>235.600006103515625</ele>
        <time>2026-07-07T06:44:27.000Z</time>
        <extensions>
          <ns3:TrackPointExtension>
            <ns3:hr>146</ns3:hr>
            <ns3:cad>65</ns3:cad>
          </ns3:TrackPointExtension>
        </extensions>
      </trkpt>
      <trkpt lat="43.7254784815013408660888671875" lon="7.35114877112209796905517578125">
        <ele>235.1999969482421875</ele>
        <time>2026-07-07T06:44:28.000Z</time>
        <extensions>
          <ns3:TrackPointExtension>
            <ns3:hr>146</ns3:hr>
            <ns3:cad>0</ns3:cad>
          </ns3:TrackPointExtension>
        </extensions>
      </trkpt>
      <trkpt lat="43.72546884231269359588623046875" lon="7.35114323906600475311279296875">
        <ele>235</ele>
        <time>2026-07-07T06:44:30.000Z</time>
        <extensions>
          <ns3:TrackPointExtension>
            <ns3:hr>146</ns3:hr>
            <ns3:cad>61</ns3:cad>
          </ns3:TrackPointExtension>
        </extensions>
      </trkpt>
      <trkpt lat="43.72546163387596607208251953125" lon="7.35114323906600475311279296875">
        <ele>234.8000030517578125</ele>
        <time>2026-07-07T06:44:31.000Z</time>
        <extensions>
          <ns3:TrackPointExtension>
            <ns3:hr>146</ns3:hr>
            <ns3:cad>61</ns3:cad>
          </ns3:TrackPointExtension>
        </extensions>
      </trkpt>
      <trkpt lat="43.72542978264391422271728515625" lon="7.35115748830139636993408203125">
        <ele>234.399993896484375</ele>
        <time>2026-07-07T06:44:34.000Z</time>
        <extensions>
          <ns3:TrackPointExtension>
            <ns3:hr>146</ns3:hr>
            <ns3:cad>61</ns3:cad>
          </ns3:TrackPointExtension>
        </extensions>
      </trkpt>
      <trkpt lat="43.72541503049433231353759765625" lon="7.35116151161491870880126953125">
        <ele>233.8000030517578125</ele>
        <time>2026-07-07T06:44:36.000Z</time>
        <extensions>
          <ns3:TrackPointExtension>
            <ns3:hr>146</ns3:hr>
            <ns3:cad>61</ns3:cad>
          </ns3:TrackPointExtension>
        </extensions>
      </trkpt>
      <trkpt lat="43.7254129350185394287109375" lon="7.35113686881959438323974609375">
        <ele>233.399993896484375</ele>
        <time>2026-07-07T06:44:38.000Z</time>
        <extensions>
          <ns3:TrackPointExtension>
            <ns3:hr>146</ns3:hr>
            <ns3:cad>0</ns3:cad>
          </ns3:TrackPointExtension>
        </extensions>
      </trkpt>
      <trkpt lat="43.72541553340852260589599609375" lon="7.35112463124096393585205078125">
        <ele>233</ele>
        <time>2026-07-07T06:44:39.000Z</time>
        <extensions>
          <ns3:TrackPointExtension>
            <ns3:hr>146</ns3:hr>
            <ns3:cad>0</ns3:cad>
          </ns3:TrackPointExtension>
        </extensions>
      </trkpt>
      <trkpt lat="43.72544235549867153167724609375" lon="7.351068556308746337890625">
        <ele>232</ele>
        <time>2026-07-07T06:44:45.000Z</time>
        <extensions>
          <ns3:TrackPointExtension>
            <ns3:hr>144</ns3:hr>
            <ns3:cad>0</ns3:cad>
          </ns3:TrackPointExtension>
        </extensions>
      </trkpt>
      <trkpt lat="43.7254439480602741241455078125" lon="7.35105925239622592926025390625">
        <ele>231.8000030517578125</ele>
        <time>2026-07-07T06:44:46.000Z</time>
        <extensions>
          <ns3:TrackPointExtension>
            <ns3:hr>144</ns3:hr>
            <ns3:cad>0</ns3:cad>
          </ns3:TrackPointExtension>
        </extensions>
      </trkpt>
      <trkpt lat="43.7254402600228786468505859375" lon="7.35098867677152156829833984375">
        <ele>230.399993896484375</ele>
        <time>2026-07-07T06:44:51.000Z</time>
        <extensions>
          <ns3:TrackPointExtension>
            <ns3:hr>148</ns3:hr>
            <ns3:cad>0</ns3:cad>
          </ns3:TrackPointExtension>
        </extensions>
      </trkpt>
      <trkpt lat="43.725438080728054046630859375" lon="7.35097124241292476654052734375">
        <ele>230</ele>
        <time>2026-07-07T06:44:52.000Z</time>
        <extensions>
          <ns3:TrackPointExtension>
            <ns3:hr>148</ns3:hr>
            <ns3:cad>0</ns3:cad>
          </ns3:TrackPointExtension>
        </extensions>
      </trkpt>
      <trkpt lat="43.72543447650969028472900390625" lon="7.3509456776082515716552734375">
        <ele>229.399993896484375</ele>
        <time>2026-07-07T06:44:54.000Z</time>
        <extensions>
          <ns3:TrackPointExtension>
            <ns3:hr>147</ns3:hr>
            <ns3:cad>70</ns3:cad>
          </ns3:TrackPointExtension>
        </extensions>
      </trkpt>
      <trkpt lat="43.72543900273740291595458984375" lon="7.35090200789272785186767578125">
        <ele>228.1999969482421875</ele>
        <time>2026-07-07T06:44:57.000Z</time>
        <extensions>
          <ns3:TrackPointExtension>
            <ns3:hr>147</ns3:hr>
            <ns3:cad>70</ns3:cad>
          </ns3:TrackPointExtension>
        </extensions>
      </trkpt>
      <trkpt lat="43.72544671408832073211669921875" lon="7.35085272230207920074462890625">
        <ele>227.399993896484375</ele>
        <time>2026-07-07T06:45:00.000Z</time>
        <extensions>
          <ns3:TrackPointExtension>
            <ns3:hr>147</ns3:hr>
            <ns3:cad>70</ns3:cad>
          </ns3:TrackPointExtension>
        </extensions>
      </trkpt>
      <trkpt lat="43.7254449538886547088623046875" lon="7.35084098763763904571533203125">
        <ele>227.1999969482421875</ele>
        <time>2026-07-07T06:45:02.000Z</time>
        <extensions>
          <ns3:TrackPointExtension>
            <ns3:hr>146</ns3:hr>
            <ns3:cad>61</ns3:cad>
          </ns3:TrackPointExtension>
        </extensions>
      </trkpt>
      <trkpt lat="43.72542969882488250732421875" lon="7.35085196793079376220703125">
        <ele>226.399993896484375</ele>
        <time>2026-07-07T06:45:05.000Z</time>
        <extensions>
          <ns3:TrackPointExtension>
            <ns3:hr>146</ns3:hr>
            <ns3:cad>0</ns3:cad>
          </ns3:TrackPointExtension>
        </extensions>
      </trkpt>
      <trkpt lat="43.72542005963623523712158203125" lon="7.3508591763675212860107421875">
        <ele>226.1999969482421875</ele>
        <time>2026-07-07T06:45:06.000Z</time>
        <extensions>
          <ns3:TrackPointExtension>
            <ns3:hr>146</ns3:hr>
            <ns3:cad>0</ns3:cad>
          </ns3:TrackPointExtension>
        </extensions>
      </trkpt>
      <trkpt lat="43.72540631331503391265869140625" lon="7.3508823104202747344970703125">
        <ele>225.600006103515625</ele>
        <time>2026-07-07T06:45:08.000Z</time>
        <extensions>
          <ns3:TrackPointExtension>
            <ns3:hr>146</ns3:hr>
            <ns3:cad>0</ns3:cad>
          </ns3:TrackPointExtension>
        </extensions>
      </trkpt>
      <trkpt lat="43.72538544237613677978515625" lon="7.35089957714080810546875">
        <ele>225</ele>
        <time>2026-07-07T06:45:10.000Z</time>
        <extensions>
          <ns3:TrackPointExtension>
            <ns3:hr>149</ns3:hr>
            <ns3:cad>66</ns3:cad>
          </ns3:TrackPointExtension>
        </extensions>
      </trkpt>
      <trkpt lat="43.72537672519683837890625" lon="7.3509030975401401519775390625">
        <ele>224.399993896484375</ele>
        <time>2026-07-07T06:45:11.000Z</time>
        <extensions>
          <ns3:TrackPointExtension>
            <ns3:hr>152</ns3:hr>
            <ns3:cad>66</ns3:cad>
          </ns3:TrackPointExtension>
        </extensions>
      </trkpt>
      <trkpt lat="43.72536557726562023162841796875" lon="7.3509061150252819061279296875">
        <ele>224</ele>
        <time>2026-07-07T06:45:12.000Z</time>
        <extensions>
          <ns3:TrackPointExtension>
            <ns3:hr>155</ns3:hr>
            <ns3:cad>66</ns3:cad>
          </ns3:TrackPointExtension>
        </extensions>
      </trkpt>
      <trkpt lat="43.72535367496311664581298828125" lon="7.3509084619581699371337890625">
        <ele>223.8000030517578125</ele>
        <time>2026-07-07T06:45:13.000Z</time>
        <extensions>
          <ns3:TrackPointExtension>
            <ns3:hr>156</ns3:hr>
            <ns3:cad>66</ns3:cad>
          </ns3:TrackPointExtension>
        </extensions>
      </trkpt>
      <trkpt lat="43.7253470532596111297607421875" lon="7.35092178918421268463134765625">
        <ele>223.600006103515625</ele>
        <time>2026-07-07T06:45:14.000Z</time>
        <extensions>
          <ns3:TrackPointExtension>
            <ns3:hr>156</ns3:hr>
            <ns3:cad>66</ns3:cad>
          </ns3:TrackPointExtension>
        </extensions>
      </trkpt>
      <trkpt lat="43.72532735578715801239013671875" lon="7.35096654854714870452880859375">
        <ele>222.600006103515625</ele>
        <time>2026-07-07T06:45:17.000Z</time>
        <extensions>
          <ns3:TrackPointExtension>
            <ns3:hr>157</ns3:hr>
            <ns3:cad>66</ns3:cad>
          </ns3:TrackPointExtension>
        </extensions>
      </trkpt>
      <trkpt lat="43.7253101728856563568115234375" lon="7.3510100506246089935302734375">
        <ele>222.1999969482421875</ele>
        <time>2026-07-07T06:45:19.000Z</time>
        <extensions>
          <ns3:TrackPointExtension>
            <ns3:hr>157</ns3:hr>
            <ns3:cad>66</ns3:cad>
          </ns3:TrackPointExtension>
        </extensions>
      </trkpt>
      <trkpt lat="43.725293241441249847412109375" lon="7.35108196735382080078125">
        <ele>221.600006103515625</ele>
        <time>2026-07-07T06:45:23.000Z</time>
        <extensions>
          <ns3:TrackPointExtension>
            <ns3:hr>157</ns3:hr>
            <ns3:cad>56</ns3:cad>
          </ns3:TrackPointExtension>
        </extensions>
      </trkpt>
      <trkpt lat="43.72526315040886402130126953125" lon="7.3511367850005626678466796875">
        <ele>221</ele>
        <time>2026-07-07T06:45:27.000Z</time>
        <extensions>
          <ns3:TrackPointExtension>
            <ns3:hr>154</ns3:hr>
            <ns3:cad>56</ns3:cad>
          </ns3:TrackPointExtension>
        </extensions>
      </trkpt>
      <trkpt lat="43.72525325976312160491943359375" lon="7.351153381168842315673828125">
        <ele>220.399993896484375</ele>
        <time>2026-07-07T06:45:28.000Z</time>
        <extensions>
          <ns3:TrackPointExtension>
            <ns3:hr>153</ns3:hr>
            <ns3:cad>0</ns3:cad>
          </ns3:TrackPointExtension>
        </extensions>
      </trkpt>
      <trkpt lat="43.7252293713390827178955078125" lon="7.35119738616049289703369140625">
        <ele>219.399993896484375</ele>
        <time>2026-07-07T06:45:31.000Z</time>
        <extensions>
          <ns3:TrackPointExtension>
            <ns3:hr>153</ns3:hr>
            <ns3:cad>0</ns3:cad>
          </ns3:TrackPointExtension>
        </extensions>
      </trkpt>
      <trkpt lat="43.7252129428088665008544921875" lon="7.351255975663661956787109375">
        <ele>218.8000030517578125</ele>
        <time>2026-07-07T06:45:35.000Z</time>
        <extensions>
          <ns3:TrackPointExtension>
            <ns3:hr>153</ns3:hr>
            <ns3:cad>57</ns3:cad>
          </ns3:TrackPointExtension>
        </extensions>
      </trkpt>
      <trkpt lat="43.72520850040018558502197265625" lon="7.35129578970372676849365234375">
        <ele>218.1999969482421875</ele>
        <time>2026-07-07T06:45:37.000Z</time>
        <extensions>
          <ns3:TrackPointExtension>
            <ns3:hr>153</ns3:hr>
            <ns3:cad>60</ns3:cad>
          </ns3:TrackPointExtension>
        </extensions>
      </trkpt>
      <trkpt lat="43.72519223950803279876708984375" lon="7.35132529400289058685302734375">
        <ele>217.399993896484375</ele>
        <time>2026-07-07T06:45:40.000Z</time>
        <extensions>
          <ns3:TrackPointExtension>
            <ns3:hr>153</ns3:hr>
            <ns3:cad>0</ns3:cad>
          </ns3:TrackPointExtension>
        </extensions>
      </trkpt>
      <trkpt lat="43.725185282528400421142578125" lon="7.3513195104897022247314453125">
        <ele>217.1999969482421875</ele>
        <time>2026-07-07T06:45:41.000Z</time>
        <extensions>
          <ns3:TrackPointExtension>
            <ns3:hr>153</ns3:hr>
            <ns3:cad>0</ns3:cad>
          </ns3:TrackPointExtension>
        </extensions>
      </trkpt>
      <trkpt lat="43.725175894796848297119140625" lon="7.35125622712075710296630859375">
        <ele>216.1999969482421875</ele>
        <time>2026-07-07T06:45:45.000Z</time>
        <extensions>
          <ns3:TrackPointExtension>
            <ns3:hr>153</ns3:hr>
            <ns3:cad>0</ns3:cad>
          </ns3:TrackPointExtension>
        </extensions>
      </trkpt>
      <trkpt lat="43.72517514042556285858154296875" lon="7.35123476944863796234130859375">
        <ele>215.8000030517578125</ele>
        <time>2026-07-07T06:45:47.000Z</time>
        <extensions>
          <ns3:TrackPointExtension>
            <ns3:hr>153</ns3:hr>
            <ns3:cad>59</ns3:cad>
          </ns3:TrackPointExtension>
        </extensions>
      </trkpt>
      <trkpt lat="43.7251643277704715728759765625" lon="7.351203002035617828369140625">
        <ele>214.8000030517578125</ele>
        <time>2026-07-07T06:45:50.000Z</time>
        <extensions>
          <ns3:TrackPointExtension>
            <ns3:hr>153</ns3:hr>
            <ns3:cad>62</ns3:cad>
          </ns3:TrackPointExtension>
        </extensions>
      </trkpt>
      <trkpt lat="43.725152425467967987060546875" lon="7.35113854520022869110107421875">
        <ele>213.600006103515625</ele>
        <time>2026-07-07T06:45:54.000Z</time>
        <extensions>
          <ns3:TrackPointExtension>
            <ns3:hr>153</ns3:hr>
            <ns3:cad>62</ns3:cad>
          </ns3:TrackPointExtension>
        </extensions>
      </trkpt>
      <trkpt lat="43.72514278627932071685791015625" lon="7.3510683886706829071044921875">
        <ele>212.399993896484375</ele>
        <time>2026-07-07T06:45:59.000Z</time>
        <extensions>
          <ns3:TrackPointExtension>
            <ns3:hr>152</ns3:hr>
            <ns3:cad>62</ns3:cad>
          </ns3:TrackPointExtension>
        </extensions>
      </trkpt>
      <trkpt lat="43.72513574548065662384033203125" lon="7.35103159211575984954833984375">
        <ele>211.1999969482421875</ele>
        <time>2026-07-07T06:46:03.000Z</time>
        <extensions>
          <ns3:TrackPointExtension>
            <ns3:hr>151</ns3:hr>
            <ns3:cad>62</ns3:cad>
          </ns3:TrackPointExtension>
        </extensions>
      </trkpt>
      <trkpt lat="43.7251388467848300933837890625" lon="7.3510060273110866546630859375">
        <ele>210.600006103515625</ele>
        <time>2026-07-07T06:46:09.000Z</time>
        <extensions>
          <ns3:TrackPointExtension>
            <ns3:hr>151</ns3:hr>
            <ns3:cad>0</ns3:cad>
          </ns3:TrackPointExtension>
        </extensions>
      </trkpt>
      <trkpt lat="43.72513708658516407012939453125" lon="7.35095749609172344207763671875">
        <ele>210</ele>
        <time>2026-07-07T06:46:12.000Z</time>
        <extensions>
          <ns3:TrackPointExtension>
            <ns3:hr>150</ns3:hr>
            <ns3:cad>0</ns3:cad>
          </ns3:TrackPointExtension>
        </extensions>
      </trkpt>
      <trkpt lat="43.72512702830135822296142578125" lon="7.35091424547135829925537109375">
        <ele>209</ele>
        <time>2026-07-07T06:46:15.000Z</time>
        <extensions>
          <ns3:TrackPointExtension>
            <ns3:hr>150</ns3:hr>
            <ns3:cad>62</ns3:cad>
          </ns3:TrackPointExtension>
        </extensions>
      </trkpt>
      <trkpt lat="43.72512384317815303802490234375" lon="7.3508984036743640899658203125">
        <ele>208.8000030517578125</ele>
        <time>2026-07-07T06:46:16.000Z</time>
        <extensions>
          <ns3:TrackPointExtension>
            <ns3:hr>150</ns3:hr>
            <ns3:cad>68</ns3:cad>
          </ns3:TrackPointExtension>
        </extensions>
      </trkpt>
      <trkpt lat="43.7251173891127109527587890625" lon="7.35085657797753810882568359375">
        <ele>208</ele>
        <time>2026-07-07T06:46:19.000Z</time>
        <extensions>
          <ns3:TrackPointExtension>
            <ns3:hr>150</ns3:hr>
            <ns3:cad>68</ns3:cad>
          </ns3:TrackPointExtension>
        </extensions>
      </trkpt>
      <trkpt lat="43.7251096777617931365966796875" lon="7.35079790465533733367919921875">
        <ele>206.600006103515625</ele>
        <time>2026-07-07T06:46:23.000Z</time>
        <extensions>
          <ns3:TrackPointExtension>
            <ns3:hr>150</ns3:hr>
            <ns3:cad>66</ns3:cad>
          </ns3:TrackPointExtension>
        </extensions>
      </trkpt>
      <trkpt lat="43.72510137967765331268310546875" lon="7.3507549054920673370361328125">
        <ele>205.600006103515625</ele>
        <time>2026-07-07T06:46:26.000Z</time>
        <extensions>
          <ns3:TrackPointExtension>
            <ns3:hr>149</ns3:hr>
            <ns3:cad>66</ns3:cad>
          </ns3:TrackPointExtension>
        </extensions>
      </trkpt>
      <trkpt lat="43.72509333305060863494873046875" lon="7.3507290892302989959716796875">
        <ele>205</ele>
        <time>2026-07-07T06:46:28.000Z</time>
        <extensions>
          <ns3:TrackPointExtension>
            <ns3:hr>149</ns3:hr>
            <ns3:cad>66</ns3:cad>
          </ns3:TrackPointExtension>
        </extensions>
      </trkpt>
      <trkpt lat="43.72507967054843902587890625" lon="7.35070486553013324737548828125">
        <ele>204.399993896484375</ele>
        <time>2026-07-07T06:46:30.000Z</time>
        <extensions>
          <ns3:TrackPointExtension>
            <ns3:hr>149</ns3:hr>
            <ns3:cad>66</ns3:cad>
          </ns3:TrackPointExtension>
        </extensions>
      </trkpt>
      <trkpt lat="43.72505687177181243896484375" lon="7.35066412948071956634521484375">
        <ele>203.399993896484375</ele>
        <time>2026-07-07T06:46:33.000Z</time>
        <extensions>
          <ns3:TrackPointExtension>
            <ns3:hr>149</ns3:hr>
            <ns3:cad>66</ns3:cad>
          </ns3:TrackPointExtension>
        </extensions>
      </trkpt>
      <trkpt lat="43.72503382153809070587158203125" lon="7.3506395705044269561767578125">
        <ele>202.399993896484375</ele>
        <time>2026-07-07T06:46:36.000Z</time>
        <extensions>
          <ns3:TrackPointExtension>
            <ns3:hr>149</ns3:hr>
            <ns3:cad>0</ns3:cad>
          </ns3:TrackPointExtension>
        </extensions>
      </trkpt>
      <trkpt lat="43.72501957230269908905029296875" lon="7.35062339343130588531494140625">
        <ele>202</ele>
        <time>2026-07-07T06:46:38.000Z</time>
        <extensions>
          <ns3:TrackPointExtension>
            <ns3:hr>149</ns3:hr>
            <ns3:cad>0</ns3:cad>
          </ns3:TrackPointExtension>
        </extensions>
      </trkpt>
      <trkpt lat="43.725006245076656341552734375" lon="7.35060260631144046783447265625">
        <ele>201.1999969482421875</ele>
        <time>2026-07-07T06:46:40.000Z</time>
        <extensions>
          <ns3:TrackPointExtension>
            <ns3:hr>148</ns3:hr>
            <ns3:cad>0</ns3:cad>
          </ns3:TrackPointExtension>
        </extensions>
      </trkpt>
      <trkpt lat="43.72497833333909511566162109375" lon="7.35058567486703395843505859375">
        <ele>200.1999969482421875</ele>
        <time>2026-07-07T06:46:43.000Z</time>
        <extensions>
          <ns3:TrackPointExtension>
            <ns3:hr>148</ns3:hr>
            <ns3:cad>51</ns3:cad>
          </ns3:TrackPointExtension>
        </extensions>
      </trkpt>
      <trkpt lat="43.7249668501317501068115234375" lon="7.35058299265801906585693359375">
        <ele>199.8000030517578125</ele>
        <time>2026-07-07T06:46:44.000Z</time>
        <extensions>
          <ns3:TrackPointExtension>
            <ns3:hr>148</ns3:hr>
            <ns3:cad>51</ns3:cad>
          </ns3:TrackPointExtension>
        </extensions>
      </trkpt>
      <trkpt lat="43.72492770664393901824951171875" lon="7.3505728505551815032958984375">
        <ele>198.600006103515625</ele>
        <time>2026-07-07T06:46:48.000Z</time>
        <extensions>
          <ns3:TrackPointExtension>
            <ns3:hr>148</ns3:hr>
            <ns3:cad>53</ns3:cad>
          </ns3:TrackPointExtension>
        </extensions>
      </trkpt>
      <trkpt lat="43.724896609783172607421875" lon="7.3505748622119426727294921875">
        <ele>197.1999969482421875</ele>
        <time>2026-07-07T06:46:51.000Z</time>
        <extensions>
          <ns3:TrackPointExtension>
            <ns3:hr>149</ns3:hr>
            <ns3:cad>52</ns3:cad>
          </ns3:TrackPointExtension>
        </extensions>
      </trkpt>
      <trkpt lat="43.7248699553310871124267578125" lon="7.3505658097565174102783203125">
        <ele>196.1999969482421875</ele>
        <time>2026-07-07T06:46:54.000Z</time>
        <extensions>
          <ns3:TrackPointExtension>
            <ns3:hr>149</ns3:hr>
            <ns3:cad>52</ns3:cad>
          </ns3:TrackPointExtension>
        </extensions>
      </trkpt>
      <trkpt lat="43.72485863976180553436279296875" lon="7.3505564220249652862548828125">
        <ele>195.600006103515625</ele>
        <time>2026-07-07T06:46:56.000Z</time>
        <extensions>
          <ns3:TrackPointExtension>
            <ns3:hr>150</ns3:hr>
            <ns3:cad>52</ns3:cad>
          </ns3:TrackPointExtension>
        </extensions>
      </trkpt>
      <trkpt lat="43.72484405525028705596923828125" lon="7.35055885277688503265380859375">
        <ele>194.8000030517578125</ele>
        <time>2026-07-07T06:46:58.000Z</time>
        <extensions>
          <ns3:TrackPointExtension>
            <ns3:hr>151</ns3:hr>
            <ns3:cad>0</ns3:cad>
          </ns3:TrackPointExtension>
        </extensions>
      </trkpt>
      <trkpt lat="43.72482083737850189208984375" lon="7.3505534045398235321044921875">
        <ele>193.8000030517578125</ele>
        <time>2026-07-07T06:47:01.000Z</time>
        <extensions>
          <ns3:TrackPointExtension>
            <ns3:hr>154</ns3:hr>
            <ns3:cad>0</ns3:cad>
          </ns3:TrackPointExtension>
        </extensions>
      </trkpt>
      <trkpt lat="43.72481136582791805267333984375" lon="7.35055315308272838592529296875">
        <ele>193.600006103515625</ele>
        <time>2026-07-07T06:47:02.000Z</time>
        <extensions>
          <ns3:TrackPointExtension>
            <ns3:hr>154</ns3:hr>
            <ns3:cad>0</ns3:cad>
          </ns3:TrackPointExtension>
        </extensions>
      </trkpt>
      <trkpt lat="43.72481144964694976806640625" lon="7.35056522302329540252685546875">
        <ele>192.600006103515625</ele>
        <time>2026-07-07T06:47:04.000Z</time>
        <extensions>
          <ns3:TrackPointExtension>
            <ns3:hr>155</ns3:hr>
            <ns3:cad>0</ns3:cad>
          </ns3:TrackPointExtension>
        </extensions>
      </trkpt>
      <trkpt lat="43.7248166464269161224365234375" lon="7.35057947225868701934814453125">
        <ele>192.399993896484375</ele>
        <time>2026-07-07T06:47:05.000Z</time>
        <extensions>
          <ns3:TrackPointExtension>
            <ns3:hr>155</ns3:hr>
            <ns3:cad>0</ns3:cad>
          </ns3:TrackPointExtension>
        </extensions>
      </trkpt>
      <trkpt lat="43.7248196639120578765869140625" lon="7.35060730017721652984619140625">
        <ele>191.600006103515625</ele>
        <time>2026-07-07T06:47:07.000Z</time>
        <extensions>
          <ns3:TrackPointExtension>
            <ns3:hr>154</ns3:hr>
            <ns3:cad>0</ns3:cad>
          </ns3:TrackPointExtension>
        </extensions>
      </trkpt>
      <trkpt lat="43.72481924481689929962158203125" lon="7.35062205232679843902587890625">
        <ele>191.399993896484375</ele>
        <time>2026-07-07T06:47:08.000Z</time>
        <extensions>
          <ns3:TrackPointExtension>
            <ns3:hr>154</ns3:hr>
            <ns3:cad>53</ns3:cad>
          </ns3:TrackPointExtension>
        </extensions>
      </trkpt>
      <trkpt lat="43.7248240225017070770263671875" lon="7.3506461083889007568359375">
        <ele>191</ele>
        <time>2026-07-07T06:47:09.000Z</time>
        <extensions>
          <ns3:TrackPointExtension>
            <ns3:hr>154</ns3:hr>
            <ns3:cad>59</ns3:cad>
          </ns3:TrackPointExtension>
        </extensions>
      </trkpt>
      <trkpt lat="43.7248256988823413848876953125" lon="7.35068206675350666046142578125">
        <ele>190.1999969482421875</ele>
        <time>2026-07-07T06:47:11.000Z</time>
        <extensions>
          <ns3:TrackPointExtension>
            <ns3:hr>154</ns3:hr>
            <ns3:cad>59</ns3:cad>
          </ns3:TrackPointExtension>
        </extensions>
      </trkpt>
      <trkpt lat="43.72481706552207469940185546875" lon="7.350696735084056854248046875">
        <ele>189.8000030517578125</ele>
        <time>2026-07-07T06:47:12.000Z</time>
        <extensions>
          <ns3:TrackPointExtension>
            <ns3:hr>153</ns3:hr>
            <ns3:cad>59</ns3:cad>
          </ns3:TrackPointExtension>
        </extensions>
      </trkpt>
      <trkpt lat="43.72479393146932125091552734375" lon="7.3507009260356426239013671875">
        <ele>189.1999969482421875</ele>
        <time>2026-07-07T06:47:14.000Z</time>
        <extensions>
          <ns3:TrackPointExtension>
            <ns3:hr>152</ns3:hr>
            <ns3:cad>61</ns3:cad>
          </ns3:TrackPointExtension>
        </extensions>
      </trkpt>
      <trkpt lat="43.72478219680488109588623046875" lon="7.3506942205131053924560546875">
        <ele>188.8000030517578125</ele>
        <time>2026-07-07T06:47:15.000Z</time>
        <extensions>
          <ns3:TrackPointExtension>
            <ns3:hr>152</ns3:hr>
            <ns3:cad>61</ns3:cad>
          </ns3:TrackPointExtension>
        </extensions>
      </trkpt>
      <trkpt lat="43.72476945631206035614013671875" lon="7.35068826936185359954833984375">
        <ele>188</ele>
        <time>2026-07-07T06:47:16.000Z</time>
        <extensions>
          <ns3:TrackPointExtension>
            <ns3:hr>152</ns3:hr>
            <ns3:cad>61</ns3:cad>
          </ns3:TrackPointExtension>
        </extensions>
      </trkpt>
      <trkpt lat="43.72469401918351650238037109375" lon="7.3506610281765460968017578125">
        <ele>186.8000030517578125</ele>
        <time>2026-07-07T06:47:22.000Z</time>
        <extensions>
          <ns3:TrackPointExtension>
            <ns3:hr>150</ns3:hr>
            <ns3:cad>53</ns3:cad>
          </ns3:TrackPointExtension>
        </extensions>
      </trkpt>
      <trkpt lat="43.72467775829136371612548828125" lon="7.35066144727170467376708984375">
        <ele>186.600006103515625</ele>
        <time>2026-07-07T06:47:23.000Z</time>
        <extensions>
          <ns3:TrackPointExtension>
            <ns3:hr>149</ns3:hr>
            <ns3:cad>53</ns3:cad>
          </ns3:TrackPointExtension>
        </extensions>
      </trkpt>
      <trkpt lat="43.7246610783040523529052734375" lon="7.35067150555551052093505859375">
        <ele>186.1999969482421875</ele>
        <time>2026-07-07T06:47:24.000Z</time>
        <extensions>
          <ns3:TrackPointExtension>
            <ns3:hr>150</ns3:hr>
            <ns3:cad>53</ns3:cad>
          </ns3:TrackPointExtension>
        </extensions>
      </trkpt>
      <trkpt lat="43.72462361119687557220458984375" lon="7.35069614835083484649658203125">
        <ele>186</ele>
        <time>2026-07-07T06:47:27.000Z</time>
        <extensions>
          <ns3:TrackPointExtension>
            <ns3:hr>147</ns3:hr>
            <ns3:cad>56</ns3:cad>
          </ns3:TrackPointExtension>
        </extensions>
      </trkpt>
      <trkpt lat="43.724612295627593994140625" lon="7.350707463920116424560546875">
        <ele>185.8000030517578125</ele>
        <time>2026-07-07T06:47:28.000Z</time>
        <extensions>
          <ns3:TrackPointExtension>
            <ns3:hr>145</ns3:hr>
            <ns3:cad>55</ns3:cad>
          </ns3:TrackPointExtension>
        </extensions>
      </trkpt>
      <trkpt lat="43.72457566671073436737060546875" lon="7.35073302872478961944580078125">
        <ele>184.600006103515625</ele>
        <time>2026-07-07T06:47:32.000Z</time>
        <extensions>
          <ns3:TrackPointExtension>
            <ns3:hr>146</ns3:hr>
            <ns3:cad>0</ns3:cad>
          </ns3:TrackPointExtension>
        </extensions>
      </trkpt>
      <trkpt lat="43.7245519459247589111328125" lon="7.3507649637758731842041015625">
        <ele>183.399993896484375</ele>
        <time>2026-07-07T06:47:35.000Z</time>
        <extensions>
          <ns3:TrackPointExtension>
            <ns3:hr>147</ns3:hr>
            <ns3:cad>0</ns3:cad>
          </ns3:TrackPointExtension>
        </extensions>
      </trkpt>
      <trkpt lat="43.72453761287033557891845703125" lon="7.35078499652445316314697265625">
        <ele>182.600006103515625</ele>
        <time>2026-07-07T06:47:37.000Z</time>
        <extensions>
          <ns3:TrackPointExtension>
            <ns3:hr>147</ns3:hr>
            <ns3:cad>0</ns3:cad>
          </ns3:TrackPointExtension>
        </extensions>
      </trkpt>
      <trkpt lat="43.7245306558907032012939453125" lon="7.350811064243316650390625">
        <ele>182</ele>
        <time>2026-07-07T06:47:39.000Z</time>
        <extensions>
          <ns3:TrackPointExtension>
            <ns3:hr>147</ns3:hr>
            <ns3:cad>55</ns3:cad>
          </ns3:TrackPointExtension>
        </extensions>
      </trkpt>
      <trkpt lat="43.72451632283627986907958984375" lon="7.35083319246768951416015625">
        <ele>181</ele>
        <time>2026-07-07T06:47:41.000Z</time>
        <extensions>
          <ns3:TrackPointExtension>
            <ns3:hr>147</ns3:hr>
            <ns3:cad>55</ns3:cad>
          </ns3:TrackPointExtension>
        </extensions>
      </trkpt>
      <trkpt lat="43.72450794093310832977294921875" lon="7.3508387245237827301025390625">
        <ele>180.600006103515625</ele>
        <time>2026-07-07T06:47:42.000Z</time>
        <extensions>
          <ns3:TrackPointExtension>
            <ns3:hr>147</ns3:hr>
            <ns3:cad>55</ns3:cad>
          </ns3:TrackPointExtension>
        </extensions>
      </trkpt>
      <trkpt lat="43.7244927696883678436279296875" lon="7.3508400656282901763916015625">
        <ele>180</ele>
        <time>2026-07-07T06:47:44.000Z</time>
        <extensions>
          <ns3:TrackPointExtension>
            <ns3:hr>148</ns3:hr>
            <ns3:cad>74</ns3:cad>
          </ns3:TrackPointExtension>
        </extensions>
      </trkpt>
      <trkpt lat="43.724471144378185272216796875" lon="7.35084635205566883087158203125">
        <ele>179.399993896484375</ele>
        <time>2026-07-07T06:47:46.000Z</time>
        <extensions>
          <ns3:TrackPointExtension>
            <ns3:hr>149</ns3:hr>
            <ns3:cad>74</ns3:cad>
          </ns3:TrackPointExtension>
        </extensions>
      </trkpt>
      <trkpt lat="43.724464438855648040771484375" lon="7.350864373147487640380859375">
        <ele>178.399993896484375</ele>
        <time>2026-07-07T06:47:49.000Z</time>
        <extensions>
          <ns3:TrackPointExtension>
            <ns3:hr>150</ns3:hr>
            <ns3:cad>74</ns3:cad>
          </ns3:TrackPointExtension>
        </extensions>
      </trkpt>
      <trkpt lat="43.7244632653892040252685546875" lon="7.35087367706000804901123046875">
        <ele>178</ele>
        <time>2026-07-07T06:47:50.000Z</time>
        <extensions>
          <ns3:TrackPointExtension>
            <ns3:hr>151</ns3:hr>
            <ns3:cad>74</ns3:cad>
          </ns3:TrackPointExtension>
        </extensions>
      </trkpt>
      <trkpt lat="43.72445530258119106292724609375" lon="7.3508880101144313812255859375">
        <ele>177.600006103515625</ele>
        <time>2026-07-07T06:47:52.000Z</time>
        <extensions>
          <ns3:TrackPointExtension>
            <ns3:hr>155</ns3:hr>
            <ns3:cad>74</ns3:cad>
          </ns3:TrackPointExtension>
        </extensions>
      </trkpt>
      <trkpt lat="43.72444532811641693115234375" lon="7.35090536065399646759033203125">
        <ele>177.1999969482421875</ele>
        <time>2026-07-07T06:47:53.000Z</time>
        <extensions>
          <ns3:TrackPointExtension>
            <ns3:hr>157</ns3:hr>
            <ns3:cad>74</ns3:cad>
          </ns3:TrackPointExtension>
        </extensions>
      </trkpt>
      <trkpt lat="43.72441573999822139739990234375" lon="7.35092178918421268463134765625">
        <ele>176</ele>
        <time>2026-07-07T06:47:57.000Z</time>
        <extensions>
          <ns3:TrackPointExtension>
            <ns3:hr>159</ns3:hr>
            <ns3:cad>74</ns3:cad>
          </ns3:TrackPointExtension>
        </extensions>
      </trkpt>
      <trkpt lat="43.72439109720289707183837890625" lon="7.35092103481292724609375">
        <ele>174.8000030517578125</ele>
        <time>2026-07-07T06:48:00.000Z</time>
        <extensions>
          <ns3:TrackPointExtension>
            <ns3:hr>158</ns3:hr>
            <ns3:cad>0</ns3:cad>
          </ns3:TrackPointExtension>
        </extensions>
      </trkpt>
      <trkpt lat="43.7243636883795261383056640625" lon="7.35092581249773502349853515625">
        <ele>173.600006103515625</ele>
        <time>2026-07-07T06:48:03.000Z</time>
        <extensions>
          <ns3:TrackPointExtension>
            <ns3:hr>159</ns3:hr>
            <ns3:cad>60</ns3:cad>
          </ns3:TrackPointExtension>
        </extensions>
      </trkpt>
      <trkpt lat="43.724358491599559783935546875" lon="7.3509285785257816314697265625">
        <ele>173.399993896484375</ele>
        <time>2026-07-07T06:48:04.000Z</time>
        <extensions>
          <ns3:TrackPointExtension>
            <ns3:hr>159</ns3:hr>
            <ns3:cad>60</ns3:cad>
          </ns3:TrackPointExtension>
        </extensions>
      </trkpt>
      <trkpt lat="43.7243640236556529998779296875" lon="7.3509336076676845550537109375">
        <ele>173.1999969482421875</ele>
        <time>2026-07-07T06:48:06.000Z</time>
        <extensions>
          <ns3:TrackPointExtension>
            <ns3:hr>159</ns3:hr>
            <ns3:cad>0</ns3:cad>
          </ns3:TrackPointExtension>
        </extensions>
      </trkpt>
      <trkpt lat="43.72438204474747180938720703125" lon="7.350949533283710479736328125">
        <ele>172.8000030517578125</ele>
        <time>2026-07-07T06:48:08.000Z</time>
        <extensions>
          <ns3:TrackPointExtension>
            <ns3:hr>159</ns3:hr>
            <ns3:cad>0</ns3:cad>
          </ns3:TrackPointExtension>
        </extensions>
      </trkpt>
      <trkpt lat="43.724392354488372802734375" lon="7.35095783136785030364990234375">
        <ele>172.399993896484375</ele>
        <time>2026-07-07T06:48:09.000Z</time>
        <extensions>
          <ns3:TrackPointExtension>
            <ns3:hr>161</ns3:hr>
            <ns3:cad>0</ns3:cad>
          </ns3:TrackPointExtension>
        </extensions>
      </trkpt>
      <trkpt lat="43.72443568892776966094970703125" lon="7.35097358934581279754638671875">
        <ele>171.1999969482421875</ele>
        <time>2026-07-07T06:48:12.000Z</time>
        <extensions>
          <ns3:TrackPointExtension>
            <ns3:hr>161</ns3:hr>
            <ns3:cad>0</ns3:cad>
          </ns3:TrackPointExtension>
        </extensions>
      </trkpt>
      <trkpt lat="43.7244944460690021514892578125" lon="7.35100912861526012420654296875">
        <ele>170.600006103515625</ele>
        <time>2026-07-07T06:48:17.000Z</time>
        <extensions>
          <ns3:TrackPointExtension>
            <ns3:hr>162</ns3:hr>
            <ns3:cad>54</ns3:cad>
          </ns3:TrackPointExtension>
        </extensions>
      </trkpt>
      <trkpt lat="43.72449436224997043609619140625" lon="7.351023964583873748779296875">
        <ele>170.1999969482421875</ele>
        <time>2026-07-07T06:48:18.000Z</time>
        <extensions>
          <ns3:TrackPointExtension>
            <ns3:hr>162</ns3:hr>
            <ns3:cad>54</ns3:cad>
          </ns3:TrackPointExtension>
        </extensions>
      </trkpt>
      <trkpt lat="43.7244874052703380584716796875" lon="7.3510348610579967498779296875">
        <ele>169.8000030517578125</ele>
        <time>2026-07-07T06:48:19.000Z</time>
        <extensions>
          <ns3:TrackPointExtension>
            <ns3:hr>162</ns3:hr>
            <ns3:cad>54</ns3:cad>
          </ns3:TrackPointExtension>
        </extensions>
      </trkpt>
      <trkpt lat="43.7244659475982189178466796875" lon="7.35104299150407314300537109375">
        <ele>169</ele>
        <time>2026-07-07T06:48:21.000Z</time>
        <extensions>
          <ns3:TrackPointExtension>
            <ns3:hr>161</ns3:hr>
            <ns3:cad>54</ns3:cad>
          </ns3:TrackPointExtension>
        </extensions>
      </trkpt>
      <trkpt lat="43.72440484352409839630126953125" lon="7.35106118023395538330078125">
        <ele>168</ele>
        <time>2026-07-07T06:48:26.000Z</time>
        <extensions>
          <ns3:TrackPointExtension>
            <ns3:hr>160</ns3:hr>
            <ns3:cad>0</ns3:cad>
          </ns3:TrackPointExtension>
        </extensions>
      </trkpt>
      <trkpt lat="43.72438020072877407073974609375" lon="7.351079285144805908203125">
        <ele>166.8000030517578125</ele>
        <time>2026-07-07T06:48:29.000Z</time>
        <extensions>
          <ns3:TrackPointExtension>
            <ns3:hr>160</ns3:hr>
            <ns3:cad>0</ns3:cad>
          </ns3:TrackPointExtension>
        </extensions>
      </trkpt>
      <trkpt lat="43.72435941360890865325927734375" lon="7.35109261237084865570068359375">
        <ele>165.600006103515625</ele>
        <time>2026-07-07T06:48:31.000Z</time>
        <extensions>
          <ns3:TrackPointExtension>
            <ns3:hr>160</ns3:hr>
            <ns3:cad>0</ns3:cad>
          </ns3:TrackPointExtension>
        </extensions>
      </trkpt>
      <trkpt lat="43.72433996759355068206787109375" lon="7.35110585577785968780517578125">
        <ele>164.600006103515625</ele>
        <time>2026-07-07T06:48:33.000Z</time>
        <extensions>
          <ns3:TrackPointExtension>
            <ns3:hr>159</ns3:hr>
            <ns3:cad>0</ns3:cad>
          </ns3:TrackPointExtension>
        </extensions>
      </trkpt>
      <trkpt lat="43.72428464703261852264404296875" lon="7.35111641697585582733154296875">
        <ele>163.1999969482421875</ele>
        <time>2026-07-07T06:48:37.000Z</time>
        <extensions>
          <ns3:TrackPointExtension>
            <ns3:hr>159</ns3:hr>
            <ns3:cad>65</ns3:cad>
          </ns3:TrackPointExtension>
        </extensions>
      </trkpt>
      <trkpt lat="43.72426184825599193572998046875" lon="7.35111976973712444305419921875">
        <ele>162.399993896484375</ele>
        <time>2026-07-07T06:48:40.000Z</time>
        <extensions>
          <ns3:TrackPointExtension>
            <ns3:hr>160</ns3:hr>
            <ns3:cad>62</ns3:cad>
          </ns3:TrackPointExtension>
        </extensions>
      </trkpt>
      <trkpt lat="43.724251203238964080810546875" lon="7.35112228430807590484619140625">
        <ele>162.1999969482421875</ele>
        <time>2026-07-07T06:48:41.000Z</time>
        <extensions>
          <ns3:TrackPointExtension>
            <ns3:hr>161</ns3:hr>
            <ns3:cad>62</ns3:cad>
          </ns3:TrackPointExtension>
        </extensions>
      </trkpt>
      <trkpt lat="43.7241913564503192901611328125" lon="7.35115078277885913848876953125">
        <ele>160.8000030517578125</ele>
        <time>2026-07-07T06:48:46.000Z</time>
        <extensions>
          <ns3:TrackPointExtension>
            <ns3:hr>161</ns3:hr>
            <ns3:cad>64</ns3:cad>
          </ns3:TrackPointExtension>
        </extensions>
      </trkpt>
      <trkpt lat="43.72416277416050434112548828125" lon="7.35116402618587017059326171875">
        <ele>160.1999969482421875</ele>
        <time>2026-07-07T06:48:48.000Z</time>
        <extensions>
          <ns3:TrackPointExtension>
            <ns3:hr>160</ns3:hr>
            <ns3:cad>64</ns3:cad>
          </ns3:TrackPointExtension>
        </extensions>
      </trkpt>
      <trkpt lat="43.72414533980190753936767578125" lon="7.35117173753678798675537109375">
        <ele>159.8000030517578125</ele>
        <time>2026-07-07T06:48:49.000Z</time>
        <extensions>
          <ns3:TrackPointExtension>
            <ns3:hr>160</ns3:hr>
            <ns3:cad>64</ns3:cad>
          </ns3:TrackPointExtension>
        </extensions>
      </trkpt>
      <trkpt lat="43.724122457206249237060546875" lon="7.35117592848837375640869140625">
        <ele>159</ele>
        <time>2026-07-07T06:48:51.000Z</time>
        <extensions>
          <ns3:TrackPointExtension>
            <ns3:hr>160</ns3:hr>
            <ns3:cad>0</ns3:cad>
          </ns3:TrackPointExtension>
        </extensions>
      </trkpt>
      <trkpt lat="43.724113404750823974609375" lon="7.35117224045097827911376953125">
        <ele>158.8000030517578125</ele>
        <time>2026-07-07T06:48:52.000Z</time>
        <extensions>
          <ns3:TrackPointExtension>
            <ns3:hr>160</ns3:hr>
            <ns3:cad>0</ns3:cad>
          </ns3:TrackPointExtension>
        </extensions>
      </trkpt>
      <trkpt lat="43.7241001613438129425048828125" lon="7.3511740006506443023681640625">
        <ele>158.399993896484375</ele>
        <time>2026-07-07T06:48:53.000Z</time>
        <extensions>
          <ns3:TrackPointExtension>
            <ns3:hr>160</ns3:hr>
            <ns3:cad>0</ns3:cad>
          </ns3:TrackPointExtension>
        </extensions>
      </trkpt>
      <trkpt lat="43.72408457100391387939453125" lon="7.351173497736454010009765625">
        <ele>158.1999969482421875</ele>
        <time>2026-07-07T06:48:54.000Z</time>
        <extensions>
          <ns3:TrackPointExtension>
            <ns3:hr>160</ns3:hr>
            <ns3:cad>63</ns3:cad>
          </ns3:TrackPointExtension>
        </extensions>
      </trkpt>
      <trkpt lat="43.72406939975917339324951171875" lon="7.35117919743061065673828125">
        <ele>157.8000030517578125</ele>
        <time>2026-07-07T06:48:55.000Z</time>
        <extensions>
          <ns3:TrackPointExtension>
            <ns3:hr>160</ns3:hr>
            <ns3:cad>64</ns3:cad>
          </ns3:TrackPointExtension>
        </extensions>
      </trkpt>
      <trkpt lat="43.72400812804698944091796875" lon="7.35118347220122814178466796875">
        <ele>156.600006103515625</ele>
        <time>2026-07-07T06:48:59.000Z</time>
        <extensions>
          <ns3:TrackPointExtension>
            <ns3:hr>157</ns3:hr>
            <ns3:cad>60</ns3:cad>
          </ns3:TrackPointExtension>
        </extensions>
      </trkpt>
      <trkpt lat="43.72397284023463726043701171875" lon="7.35120694153010845184326171875">
        <ele>156</ele>
        <time>2026-07-07T06:49:02.000Z</time>
        <extensions>
          <ns3:TrackPointExtension>
            <ns3:hr>156</ns3:hr>
            <ns3:cad>60</ns3:cad>
          </ns3:TrackPointExtension>
        </extensions>
      </trkpt>
      <trkpt lat="43.723947443068027496337890625" lon="7.3512195982038974761962890625">
        <ele>155.600006103515625</ele>
        <time>2026-07-07T06:49:04.000Z</time>
        <extensions>
          <ns3:TrackPointExtension>
            <ns3:hr>157</ns3:hr>
            <ns3:cad>60</ns3:cad>
          </ns3:TrackPointExtension>
        </extensions>
      </trkpt>
      <trkpt lat="43.72391601093113422393798828125" lon="7.3512346856296062469482421875">
        <ele>154.600006103515625</ele>
        <time>2026-07-07T06:49:07.000Z</time>
        <extensions>
          <ns3:TrackPointExtension>
            <ns3:hr>157</ns3:hr>
            <ns3:cad>54</ns3:cad>
          </ns3:TrackPointExtension>
        </extensions>
      </trkpt>
      <trkpt lat="43.72386655770242214202880859375" lon="7.35123359598219394683837890625">
        <ele>153.399993896484375</ele>
        <time>2026-07-07T06:49:11.000Z</time>
        <extensions>
          <ns3:TrackPointExtension>
            <ns3:hr>156</ns3:hr>
            <ns3:cad>56</ns3:cad>
          </ns3:TrackPointExtension>
        </extensions>
      </trkpt>
      <trkpt lat="43.72385633178055286407470703125" lon="7.35124080441892147064208984375">
        <ele>152.399993896484375</ele>
        <time>2026-07-07T06:49:14.000Z</time>
        <extensions>
          <ns3:TrackPointExtension>
            <ns3:hr>156</ns3:hr>
            <ns3:cad>0</ns3:cad>
          </ns3:TrackPointExtension>
        </extensions>
      </trkpt>
      <trkpt lat="43.72384258545935153961181640625" lon="7.3512442409992218017578125">
        <ele>152</ele>
        <time>2026-07-07T06:49:15.000Z</time>
        <extensions>
          <ns3:TrackPointExtension>
            <ns3:hr>156</ns3:hr>
            <ns3:cad>0</ns3:cad>
          </ns3:TrackPointExtension>
        </extensions>
      </trkpt>
      <trkpt lat="43.7238141708076000213623046875" lon="7.35124583356082439422607421875">
        <ele>151</ele>
        <time>2026-07-07T06:49:17.000Z</time>
        <extensions>
          <ns3:TrackPointExtension>
            <ns3:hr>156</ns3:hr>
            <ns3:cad>0</ns3:cad>
          </ns3:TrackPointExtension>
        </extensions>
      </trkpt>
      <trkpt lat="43.7238037772476673126220703125" lon="7.35124583356082439422607421875">
        <ele>150.600006103515625</ele>
        <time>2026-07-07T06:49:18.000Z</time>
        <extensions>
          <ns3:TrackPointExtension>
            <ns3:hr>156</ns3:hr>
            <ns3:cad>0</ns3:cad>
          </ns3:TrackPointExtension>
        </extensions>
      </trkpt>
      <trkpt lat="43.7237772904336452484130859375" lon="7.3512630164623260498046875">
        <ele>149.8000030517578125</ele>
        <time>2026-07-07T06:49:20.000Z</time>
        <extensions>
          <ns3:TrackPointExtension>
            <ns3:hr>156</ns3:hr>
            <ns3:cad>0</ns3:cad>
          </ns3:TrackPointExtension>
        </extensions>
      </trkpt>
      <trkpt lat="43.72369808144867420196533203125" lon="7.35127718187868595123291015625">
        <ele>148.600006103515625</ele>
        <time>2026-07-07T06:49:25.000Z</time>
        <extensions>
          <ns3:TrackPointExtension>
            <ns3:hr>155</ns3:hr>
            <ns3:cad>58</ns3:cad>
          </ns3:TrackPointExtension>
        </extensions>
      </trkpt>
      <trkpt lat="43.72366723604500293731689453125" lon="7.351280786097049713134765625">
        <ele>147.600006103515625</ele>
        <time>2026-07-07T06:49:27.000Z</time>
        <extensions>
          <ns3:TrackPointExtension>
            <ns3:hr>154</ns3:hr>
            <ns3:cad>0</ns3:cad>
          </ns3:TrackPointExtension>
        </extensions>
      </trkpt>
      <trkpt lat="43.72364074923098087310791015625" lon="7.35128791071474552154541015625">
        <ele>147.399993896484375</ele>
        <time>2026-07-07T06:49:29.000Z</time>
        <extensions>
          <ns3:TrackPointExtension>
            <ns3:hr>154</ns3:hr>
            <ns3:cad>57</ns3:cad>
          </ns3:TrackPointExtension>
        </extensions>
      </trkpt>
      <trkpt lat="43.723588697612285614013671875" lon="7.35129947774112224578857421875">
        <ele>146.399993896484375</ele>
        <time>2026-07-07T06:49:32.000Z</time>
        <extensions>
          <ns3:TrackPointExtension>
            <ns3:hr>154</ns3:hr>
            <ns3:cad>0</ns3:cad>
          </ns3:TrackPointExtension>
        </extensions>
      </trkpt>
      <trkpt lat="43.7235734425485134124755859375" lon="7.35129587352275848388671875">
        <ele>146.1999969482421875</ele>
        <time>2026-07-07T06:49:33.000Z</time>
        <extensions>
          <ns3:TrackPointExtension>
            <ns3:hr>154</ns3:hr>
            <ns3:cad>0</ns3:cad>
          </ns3:TrackPointExtension>
        </extensions>
      </trkpt>
      <trkpt lat="43.72355910949409008026123046875" lon="7.3512896709144115447998046875">
        <ele>146.1999969482421875</ele>
        <time>2026-07-07T06:49:34.000Z</time>
        <extensions>
          <ns3:TrackPointExtension>
            <ns3:hr>154</ns3:hr>
            <ns3:cad>0</ns3:cad>
          </ns3:TrackPointExtension>
        </extensions>
      </trkpt>
      <trkpt lat="43.72351300902664661407470703125" lon="7.35126075334846973419189453125">
        <ele>145</ele>
        <time>2026-07-07T06:49:37.000Z</time>
        <extensions>
          <ns3:TrackPointExtension>
            <ns3:hr>153</ns3:hr>
            <ns3:cad>0</ns3:cad>
          </ns3:TrackPointExtension>
        </extensions>
      </trkpt>
      <trkpt lat="43.7234668247401714324951171875" lon="7.3512361943721771240234375">
        <ele>143.8000030517578125</ele>
        <time>2026-07-07T06:49:41.000Z</time>
        <extensions>
          <ns3:TrackPointExtension>
            <ns3:hr>153</ns3:hr>
            <ns3:cad>65</ns3:cad>
          </ns3:TrackPointExtension>
        </extensions>
      </trkpt>
      <trkpt lat="43.72345718555152416229248046875" lon="7.3512279801070690155029296875">
        <ele>143.399993896484375</ele>
        <time>2026-07-07T06:49:42.000Z</time>
        <extensions>
          <ns3:TrackPointExtension>
            <ns3:hr>153</ns3:hr>
            <ns3:cad>65</ns3:cad>
          </ns3:TrackPointExtension>
        </extensions>
      </trkpt>
      <trkpt lat="43.72342315502464771270751953125" lon="7.35122856684029102325439453125">
        <ele>142.600006103515625</ele>
        <time>2026-07-07T06:49:45.000Z</time>
        <extensions>
          <ns3:TrackPointExtension>
            <ns3:hr>154</ns3:hr>
            <ns3:cad>62</ns3:cad>
          </ns3:TrackPointExtension>
        </extensions>
      </trkpt>
      <trkpt lat="43.723406307399272918701171875" lon="7.35123544000089168548583984375">
        <ele>142</ele>
        <time>2026-07-07T06:49:48.000Z</time>
        <extensions>
          <ns3:TrackPointExtension>
            <ns3:hr>153</ns3:hr>
            <ns3:cad>60</ns3:cad>
          </ns3:TrackPointExtension>
        </extensions>
      </trkpt>
      <trkpt lat="43.7234125100076198577880859375" lon="7.3512430675327777862548828125">
        <ele>141.399993896484375</ele>
        <time>2026-07-07T06:49:51.000Z</time>
        <extensions>
          <ns3:TrackPointExtension>
            <ns3:hr>151</ns3:hr>
            <ns3:cad>59</ns3:cad>
          </ns3:TrackPointExtension>
        </extensions>
      </trkpt>
      <trkpt lat="43.72341795824468135833740234375" lon="7.351241894066333770751953125">
        <ele>141.1999969482421875</ele>
        <time>2026-07-07T06:49:52.000Z</time>
        <extensions>
          <ns3:TrackPointExtension>
            <ns3:hr>151</ns3:hr>
            <ns3:cad>59</ns3:cad>
          </ns3:TrackPointExtension>
        </extensions>
      </trkpt>
      <trkpt lat="43.7234500609338283538818359375" lon="7.35126276500523090362548828125">
        <ele>140.399993896484375</ele>
        <time>2026-07-07T06:49:55.000Z</time>
        <extensions>
          <ns3:TrackPointExtension>
            <ns3:hr>151</ns3:hr>
            <ns3:cad>59</ns3:cad>
          </ns3:TrackPointExtension>
        </extensions>
      </trkpt>
      <trkpt lat="43.7234685011208057403564453125" lon="7.3513104580342769622802734375">
        <ele>139.600006103515625</ele>
        <time>2026-07-07T06:49:58.000Z</time>
        <extensions>
          <ns3:TrackPointExtension>
            <ns3:hr>150</ns3:hr>
            <ns3:cad>98</ns3:cad>
          </ns3:TrackPointExtension>
        </extensions>
      </trkpt>
      <trkpt lat="43.72347461991012096405029296875" lon="7.351325042545795440673828125">
        <ele>139.1999969482421875</ele>
        <time>2026-07-07T06:49:59.000Z</time>
        <extensions>
          <ns3:TrackPointExtension>
            <ns3:hr>149</ns3:hr>
            <ns3:cad>98</ns3:cad>
          </ns3:TrackPointExtension>
        </extensions>
      </trkpt>
      <trkpt lat="43.72348300181329250335693359375" lon="7.3513500206172466278076171875">
        <ele>138.399993896484375</ele>
        <time>2026-07-07T06:50:01.000Z</time>
        <extensions>
          <ns3:TrackPointExtension>
            <ns3:hr>149</ns3:hr>
            <ns3:cad>52</ns3:cad>
          </ns3:TrackPointExtension>
        </extensions>
      </trkpt>
      <trkpt lat="43.72348082251846790313720703125" lon="7.35135680995881557464599609375">
        <ele>138.1999969482421875</ele>
        <time>2026-07-07T06:50:02.000Z</time>
        <extensions>
          <ns3:TrackPointExtension>
            <ns3:hr>149</ns3:hr>
            <ns3:cad>51</ns3:cad>
          </ns3:TrackPointExtension>
        </extensions>
      </trkpt>
      <trkpt lat="43.72349507175385951995849609375" lon="7.3513865657150745391845703125">
        <ele>137</ele>
        <time>2026-07-07T06:50:06.000Z</time>
        <extensions>
          <ns3:TrackPointExtension>
            <ns3:hr>150</ns3:hr>
            <ns3:cad>0</ns3:cad>
          </ns3:TrackPointExtension>
        </extensions>
      </trkpt>
      <trkpt lat="43.72346229851245880126953125" lon="7.35136167146265506744384765625">
        <ele>135.8000030517578125</ele>
        <time>2026-07-07T06:50:11.000Z</time>
        <extensions>
          <ns3:TrackPointExtension>
            <ns3:hr>150</ns3:hr>
            <ns3:cad>52</ns3:cad>
          </ns3:TrackPointExtension>
        </extensions>
      </trkpt>
      <trkpt lat="43.7234252505004405975341796875" lon="7.3513587377965450286865234375">
        <ele>135.1999969482421875</ele>
        <time>2026-07-07T06:50:14.000Z</time>
        <extensions>
          <ns3:TrackPointExtension>
            <ns3:hr>151</ns3:hr>
            <ns3:cad>55</ns3:cad>
          </ns3:TrackPointExtension>
        </extensions>
      </trkpt>
      <trkpt lat="43.72342466376721858978271484375" lon="7.35135898925364017486572265625">
        <ele>134.8000030517578125</ele>
        <time>2026-07-07T06:50:15.000Z</time>
        <extensions>
          <ns3:TrackPointExtension>
            <ns3:hr>151</ns3:hr>
            <ns3:cad>56</ns3:cad>
          </ns3:TrackPointExtension>
        </extensions>
      </trkpt>
      <trkpt lat="43.723415024578571319580078125" lon="7.3513936065137386322021484375">
        <ele>134</ele>
        <time>2026-07-07T06:50:18.000Z</time>
        <extensions>
          <ns3:TrackPointExtension>
            <ns3:hr>151</ns3:hr>
            <ns3:cad>56</ns3:cad>
          </ns3:TrackPointExtension>
        </extensions>
      </trkpt>
      <trkpt lat="43.72341670095920562744140625" lon="7.3513989709317684173583984375">
        <ele>133.399993896484375</ele>
        <time>2026-07-07T06:50:19.000Z</time>
        <extensions>
          <ns3:TrackPointExtension>
            <ns3:hr>151</ns3:hr>
            <ns3:cad>56</ns3:cad>
          </ns3:TrackPointExtension>
        </extensions>
      </trkpt>
      <trkpt lat="43.72339901514351367950439453125" lon="7.3514293134212493896484375">
        <ele>133</ele>
        <time>2026-07-07T06:50:21.000Z</time>
        <extensions>
          <ns3:TrackPointExtension>
            <ns3:hr>151</ns3:hr>
            <ns3:cad>56</ns3:cad>
          </ns3:TrackPointExtension>
        </extensions>
      </trkpt>
      <trkpt lat="43.7233736179769039154052734375" lon="7.35143409110605716705322265625">
        <ele>132.600006103515625</ele>
        <time>2026-07-07T06:50:23.000Z</time>
        <extensions>
          <ns3:TrackPointExtension>
            <ns3:hr>152</ns3:hr>
            <ns3:cad>53</ns3:cad>
          </ns3:TrackPointExtension>
        </extensions>
      </trkpt>
      <trkpt lat="43.72336531989276409149169921875" lon="7.3514373600482940673828125">
        <ele>132</ele>
        <time>2026-07-07T06:50:24.000Z</time>
        <extensions>
          <ns3:TrackPointExtension>
            <ns3:hr>152</ns3:hr>
            <ns3:cad>53</ns3:cad>
          </ns3:TrackPointExtension>
        </extensions>
      </trkpt>
      <trkpt lat="43.72335291467607021331787109375" lon="7.35147935338318347930908203125">
        <ele>131.399993896484375</ele>
        <time>2026-07-07T06:50:27.000Z</time>
        <extensions>
          <ns3:TrackPointExtension>
            <ns3:hr>152</ns3:hr>
            <ns3:cad>54</ns3:cad>
          </ns3:TrackPointExtension>
        </extensions>
      </trkpt>
      <trkpt lat="43.72335777617990970611572265625" lon="7.3515070974826812744140625">
        <ele>131</ele>
        <time>2026-07-07T06:50:29.000Z</time>
        <extensions>
          <ns3:TrackPointExtension>
            <ns3:hr>152</ns3:hr>
            <ns3:cad>0</ns3:cad>
          </ns3:TrackPointExtension>
        </extensions>
      </trkpt>
      <trkpt lat="43.72338526882231235504150390625" lon="7.35154506750404834747314453125">
        <ele>130</ele>
        <time>2026-07-07T06:50:33.000Z</time>
        <extensions>
          <ns3:TrackPointExtension>
            <ns3:hr>152</ns3:hr>
            <ns3:cad>92</ns3:cad>
          </ns3:TrackPointExtension>
        </extensions>
      </trkpt>
      <trkpt lat="43.72339390218257904052734375" lon="7.35154238529503345489501953125">
        <ele>129.600006103515625</ele>
        <time>2026-07-07T06:50:34.000Z</time>
        <extensions>
          <ns3:TrackPointExtension>
            <ns3:hr>152</ns3:hr>
            <ns3:cad>48</ns3:cad>
          </ns3:TrackPointExtension>
        </extensions>
      </trkpt>
      <trkpt lat="43.72341276146471500396728515625" lon="7.3515687882900238037109375">
        <ele>128.8000030517578125</ele>
        <time>2026-07-07T06:50:37.000Z</time>
        <extensions>
          <ns3:TrackPointExtension>
            <ns3:hr>151</ns3:hr>
            <ns3:cad>48</ns3:cad>
          </ns3:TrackPointExtension>
        </extensions>
      </trkpt>
      <trkpt lat="43.72342399321496486663818359375" lon="7.3516075126826763153076171875">
        <ele>128</ele>
        <time>2026-07-07T06:50:40.000Z</time>
        <extensions>
          <ns3:TrackPointExtension>
            <ns3:hr>152</ns3:hr>
            <ns3:cad>50</ns3:cad>
          </ns3:TrackPointExtension>
        </extensions>
      </trkpt>
      <trkpt lat="43.72344360686838626861572265625" lon="7.3516611568629741668701171875">
        <ele>127.59999847412109375</ele>
        <time>2026-07-07T06:50:45.000Z</time>
        <extensions>
          <ns3:TrackPointExtension>
            <ns3:hr>150</ns3:hr>
            <ns3:cad>51</ns3:cad>
          </ns3:TrackPointExtension>
        </extensions>
      </trkpt>
      <trkpt lat="43.72344444505870342254638671875" lon="7.35166601836681365966796875">
        <ele>127.40000152587890625</ele>
        <time>2026-07-07T06:50:48.000Z</time>
        <extensions>
          <ns3:TrackPointExtension>
            <ns3:hr>149</ns3:hr>
            <ns3:cad>0</ns3:cad>
          </ns3:TrackPointExtension>
        </extensions>
      </trkpt>
      <trkpt lat="43.723445199429988861083984375" lon="7.3516702093183994293212890625">
        <ele>127.1999969482421875</ele>
        <time>2026-07-07T06:50:54.000Z</time>
        <extensions>
          <ns3:TrackPointExtension>
            <ns3:hr>146</ns3:hr>
            <ns3:cad>0</ns3:cad>
          </ns3:TrackPointExtension>
        </extensions>
      </trkpt>
      <trkpt lat="43.72344327159225940704345703125" lon="7.351667024195194244384765625">
        <ele>127</ele>
        <time>2026-07-07T06:51:03.000Z</time>
        <extensions>
          <ns3:TrackPointExtension>
            <ns3:hr>146</ns3:hr>
            <ns3:cad>0</ns3:cad>
          </ns3:TrackPointExtension>
        </extensions>
      </trkpt>
      <trkpt lat="43.72344327159225940704345703125" lon="7.35166962258517742156982421875">
        <ele>126.59999847412109375</ele>
        <time>2026-07-07T06:51:13.000Z</time>
        <extensions>
          <ns3:TrackPointExtension>
            <ns3:hr>148</ns3:hr>
            <ns3:cad>0</ns3:cad>
          </ns3:TrackPointExtension>
        </extensions>
      </trkpt>
      <trkpt lat="43.72338392771780490875244140625" lon="7.3517034016549587249755859375">
        <ele>125.40000152587890625</ele>
        <time>2026-07-07T06:51:17.000Z</time>
        <extensions>
          <ns3:TrackPointExtension>
            <ns3:hr>148</ns3:hr>
            <ns3:cad>115</ns3:cad>
          </ns3:TrackPointExtension>
        </extensions>
      </trkpt>
      <trkpt lat="43.7233182974159717559814453125" lon="7.3517278768122196197509765625">
        <ele>124.1999969482421875</ele>
        <time>2026-07-07T06:51:22.000Z</time>
        <extensions>
          <ns3:TrackPointExtension>
            <ns3:hr>148</ns3:hr>
            <ns3:cad>56</ns3:cad>
          </ns3:TrackPointExtension>
        </extensions>
      </trkpt>
      <trkpt lat="43.723300360143184661865234375" lon="7.35174019820988178253173828125">
        <ele>123.59999847412109375</ele>
        <time>2026-07-07T06:51:24.000Z</time>
        <extensions>
          <ns3:TrackPointExtension>
            <ns3:hr>146</ns3:hr>
            <ns3:cad>60</ns3:cad>
          </ns3:TrackPointExtension>
        </extensions>
      </trkpt>
      <trkpt lat="43.72329290024936199188232421875" lon="7.3517469875514507293701171875">
        <ele>123</ele>
        <time>2026-07-07T06:51:27.000Z</time>
        <extensions>
          <ns3:TrackPointExtension>
            <ns3:hr>145</ns3:hr>
            <ns3:cad>0</ns3:cad>
          </ns3:TrackPointExtension>
        </extensions>
      </trkpt>
      <trkpt lat="43.7232757173478603363037109375" lon="7.3517785035073757171630859375">
        <ele>122.1999969482421875</ele>
        <time>2026-07-07T06:51:30.000Z</time>
        <extensions>
          <ns3:TrackPointExtension>
            <ns3:hr>143</ns3:hr>
            <ns3:cad>55</ns3:cad>
          </ns3:TrackPointExtension>
        </extensions>
      </trkpt>
      <trkpt lat="43.7232639826834201812744140625" lon="7.35179149545729160308837890625">
        <ele>121.8000030517578125</ele>
        <time>2026-07-07T06:51:31.000Z</time>
        <extensions>
          <ns3:TrackPointExtension>
            <ns3:hr>143</ns3:hr>
            <ns3:cad>55</ns3:cad>
          </ns3:TrackPointExtension>
        </extensions>
      </trkpt>
      <trkpt lat="43.72321796603500843048095703125" lon="7.35184228979051113128662109375">
        <ele>120.59999847412109375</ele>
        <time>2026-07-07T06:51:35.000Z</time>
        <extensions>
          <ns3:TrackPointExtension>
            <ns3:hr>143</ns3:hr>
            <ns3:cad>53</ns3:cad>
          </ns3:TrackPointExtension>
        </extensions>
      </trkpt>
      <trkpt lat="43.7232093326747417449951171875" lon="7.35185218043625354766845703125">
        <ele>120.40000152587890625</ele>
        <time>2026-07-07T06:51:36.000Z</time>
        <extensions>
          <ns3:TrackPointExtension>
            <ns3:hr>143</ns3:hr>
            <ns3:cad>53</ns3:cad>
          </ns3:TrackPointExtension>
        </extensions>
      </trkpt>
      <trkpt lat="43.72318326495587825775146484375" lon="7.351874895393848419189453125">
        <ele>120</ele>
        <time>2026-07-07T06:51:39.000Z</time>
        <extensions>
          <ns3:TrackPointExtension>
            <ns3:hr>145</ns3:hr>
            <ns3:cad>51</ns3:cad>
          </ns3:TrackPointExtension>
        </extensions>
      </trkpt>
      <trkpt lat="43.72319097630679607391357421875" lon="7.35188470222055912017822265625">
        <ele>119.40000152587890625</ele>
        <time>2026-07-07T06:51:41.000Z</time>
        <extensions>
          <ns3:TrackPointExtension>
            <ns3:hr>146</ns3:hr>
            <ns3:cad>51</ns3:cad>
          </ns3:TrackPointExtension>
        </extensions>
      </trkpt>
      <trkpt lat="43.723215870559215545654296875" lon="7.351924516260623931884765625">
        <ele>118.1999969482421875</ele>
        <time>2026-07-07T06:51:47.000Z</time>
        <extensions>
          <ns3:TrackPointExtension>
            <ns3:hr>144</ns3:hr>
            <ns3:cad>52</ns3:cad>
          </ns3:TrackPointExtension>
        </extensions>
      </trkpt>
      <trkpt lat="43.72321997769176959991455078125" lon="7.35192744992673397064208984375">
        <ele>118</ele>
        <time>2026-07-07T06:51:48.000Z</time>
        <extensions>
          <ns3:TrackPointExtension>
            <ns3:hr>145</ns3:hr>
            <ns3:cad>52</ns3:cad>
          </ns3:TrackPointExtension>
        </extensions>
      </trkpt>
      <trkpt lat="43.72322685085237026214599609375" lon="7.3519458062946796417236328125">
        <ele>117.59999847412109375</ele>
        <time>2026-07-07T06:51:50.000Z</time>
        <extensions>
          <ns3:TrackPointExtension>
            <ns3:hr>148</ns3:hr>
            <ns3:cad>52</ns3:cad>
          </ns3:TrackPointExtension>
        </extensions>
      </trkpt>
      <trkpt lat="43.723231963813304901123046875" lon="7.35195913352072238922119140625">
        <ele>117</ele>
        <time>2026-07-07T06:51:52.000Z</time>
        <extensions>
          <ns3:TrackPointExtension>
            <ns3:hr>149</ns3:hr>
            <ns3:cad>53</ns3:cad>
          </ns3:TrackPointExtension>
        </extensions>
      </trkpt>
      <trkpt lat="43.72323020361363887786865234375" lon="7.35197857953608036041259765625">
        <ele>116.1999969482421875</ele>
        <time>2026-07-07T06:51:55.000Z</time>
        <extensions>
          <ns3:TrackPointExtension>
            <ns3:hr>149</ns3:hr>
            <ns3:cad>53</ns3:cad>
          </ns3:TrackPointExtension>
        </extensions>
      </trkpt>
      <trkpt lat="43.72322852723300457000732421875" lon="7.3519900627434253692626953125">
        <ele>116</ele>
        <time>2026-07-07T06:51:56.000Z</time>
        <extensions>
          <ns3:TrackPointExtension>
            <ns3:hr>149</ns3:hr>
            <ns3:cad>53</ns3:cad>
          </ns3:TrackPointExtension>
        </extensions>
      </trkpt>
      <trkpt lat="43.7232059799134731292724609375" lon="7.3519967682659626007080078125">
        <ele>114.8000030517578125</ele>
        <time>2026-07-07T06:52:00.000Z</time>
        <extensions>
          <ns3:TrackPointExtension>
            <ns3:hr>149</ns3:hr>
            <ns3:cad>51</ns3:cad>
          </ns3:TrackPointExtension>
        </extensions>
      </trkpt>
      <trkpt lat="43.723190389573574066162109375" lon="7.35200137831270694732666015625">
        <ele>114.1999969482421875</ele>
        <time>2026-07-07T06:52:02.000Z</time>
        <extensions>
          <ns3:TrackPointExtension>
            <ns3:hr>149</ns3:hr>
            <ns3:cad>51</ns3:cad>
          </ns3:TrackPointExtension>
        </extensions>
      </trkpt>
      <trkpt lat="43.7231952510774135589599609375" lon="7.35200590454041957855224609375">
        <ele>114</ele>
        <time>2026-07-07T06:52:03.000Z</time>
        <extensions>
          <ns3:TrackPointExtension>
            <ns3:hr>149</ns3:hr>
            <ns3:cad>51</ns3:cad>
          </ns3:TrackPointExtension>
        </extensions>
      </trkpt>
      <trkpt lat="43.7231959216296672821044921875" lon="7.35201143659651279449462890625">
        <ele>113.59999847412109375</ele>
        <time>2026-07-07T06:52:04.000Z</time>
        <extensions>
          <ns3:TrackPointExtension>
            <ns3:hr>149</ns3:hr>
            <ns3:cad>56</ns3:cad>
          </ns3:TrackPointExtension>
        </extensions>
      </trkpt>
      <trkpt lat="43.72319650836288928985595703125" lon="7.352011688053607940673828125">
        <ele>113.40000152587890625</ele>
        <time>2026-07-07T06:52:05.000Z</time>
        <extensions>
          <ns3:TrackPointExtension>
            <ns3:hr>149</ns3:hr>
            <ns3:cad>56</ns3:cad>
          </ns3:TrackPointExtension>
        </extensions>
      </trkpt>
      <trkpt lat="43.72319533489644527435302734375" lon="7.35201428644359111785888671875">
        <ele>112.59999847412109375</ele>
        <time>2026-07-07T06:52:08.000Z</time>
        <extensions>
          <ns3:TrackPointExtension>
            <ns3:hr>150</ns3:hr>
            <ns3:cad>58</ns3:cad>
          </ns3:TrackPointExtension>
        </extensions>
      </trkpt>
      <trkpt lat="43.72318292967975139617919921875" lon="7.3520219139754772186279296875">
        <ele>111.59999847412109375</ele>
        <time>2026-07-07T06:52:13.000Z</time>
        <extensions>
          <ns3:TrackPointExtension>
            <ns3:hr>150</ns3:hr>
            <ns3:cad>56</ns3:cad>
          </ns3:TrackPointExtension>
        </extensions>
      </trkpt>
      <trkpt lat="43.72315811924636363983154296875" lon="7.3520825989544391632080078125">
        <ele>110.1999969482421875</ele>
        <time>2026-07-07T06:52:17.000Z</time>
        <extensions>
          <ns3:TrackPointExtension>
            <ns3:hr>149</ns3:hr>
            <ns3:cad>56</ns3:cad>
          </ns3:TrackPointExtension>
        </extensions>
      </trkpt>
      <trkpt lat="43.72314772568643093109130859375" lon="7.35210849903523921966552734375">
        <ele>109.8000030517578125</ele>
        <time>2026-07-07T06:52:19.000Z</time>
        <extensions>
          <ns3:TrackPointExtension>
            <ns3:hr>149</ns3:hr>
            <ns3:cad>55</ns3:cad>
          </ns3:TrackPointExtension>
        </extensions>
      </trkpt>
      <trkpt lat="43.72311084531247615814208984375" lon="7.3521711118519306182861328125">
        <ele>109.1999969482421875</ele>
        <time>2026-07-07T06:52:23.000Z</time>
        <extensions>
          <ns3:TrackPointExtension>
            <ns3:hr>149</ns3:hr>
            <ns3:cad>51</ns3:cad>
          </ns3:TrackPointExtension>
        </extensions>
      </trkpt>
      <trkpt lat="43.72310481034219264984130859375" lon="7.352184355258941650390625">
        <ele>108.8000030517578125</ele>
        <time>2026-07-07T06:52:24.000Z</time>
        <extensions>
          <ns3:TrackPointExtension>
            <ns3:hr>149</ns3:hr>
            <ns3:cad>0</ns3:cad>
          </ns3:TrackPointExtension>
        </extensions>
      </trkpt>
      <trkpt lat="43.723101206123828887939453125" lon="7.3521935753524303436279296875">
        <ele>108.40000152587890625</ele>
        <time>2026-07-07T06:52:25.000Z</time>
        <extensions>
          <ns3:TrackPointExtension>
            <ns3:hr>149</ns3:hr>
            <ns3:cad>0</ns3:cad>
          </ns3:TrackPointExtension>
        </extensions>
      </trkpt>
      <trkpt lat="43.7230909802019596099853515625" lon="7.352216877043247222900390625">
        <ele>108</ele>
        <time>2026-07-07T06:52:27.000Z</time>
        <extensions>
          <ns3:TrackPointExtension>
            <ns3:hr>149</ns3:hr>
            <ns3:cad>0</ns3:cad>
          </ns3:TrackPointExtension>
        </extensions>
      </trkpt>
      <trkpt lat="43.72309693135321140289306640625" lon="7.352265156805515289306640625">
        <ele>106.8000030517578125</ele>
        <time>2026-07-07T06:52:31.000Z</time>
        <extensions>
          <ns3:TrackPointExtension>
            <ns3:hr>149</ns3:hr>
            <ns3:cad>59</ns3:cad>
          </ns3:TrackPointExtension>
        </extensions>
      </trkpt>
      <trkpt lat="43.72313716448843479156494140625" lon="7.352353669703006744384765625">
        <ele>106.1999969482421875</ele>
        <time>2026-07-07T06:52:36.000Z</time>
        <extensions>
          <ns3:TrackPointExtension>
            <ns3:hr>149</ns3:hr>
            <ns3:cad>56</ns3:cad>
          </ns3:TrackPointExtension>
        </extensions>
      </trkpt>
      <trkpt lat="43.7231486476957798004150390625" lon="7.3523789830505847930908203125">
        <ele>106.1999969482421875</ele>
        <time>2026-07-07T06:52:37.000Z</time>
        <extensions>
          <ns3:TrackPointExtension>
            <ns3:hr>149</ns3:hr>
            <ns3:cad>56</ns3:cad>
          </ns3:TrackPointExtension>
        </extensions>
      </trkpt>
      <trkpt lat="43.723216541111469268798828125" lon="7.35239960253238677978515625">
        <ele>105.8000030517578125</ele>
        <time>2026-07-07T06:52:40.000Z</time>
        <extensions>
          <ns3:TrackPointExtension>
            <ns3:hr>149</ns3:hr>
            <ns3:cad>55</ns3:cad>
          </ns3:TrackPointExtension>
        </extensions>
      </trkpt>
      <trkpt lat="43.72324646450579166412353515625" lon="7.35241779126226902008056640625">
        <ele>105.40000152587890625</ele>
        <time>2026-07-07T06:52:42.000Z</time>
        <extensions>
          <ns3:TrackPointExtension>
            <ns3:hr>149</ns3:hr>
            <ns3:cad>56</ns3:cad>
          </ns3:TrackPointExtension>
        </extensions>
      </trkpt>
      <trkpt lat="43.723313771188259124755859375" lon="7.35244654119014739990234375">
        <ele>104.8000030517578125</ele>
        <time>2026-07-07T06:52:47.000Z</time>
        <extensions>
          <ns3:TrackPointExtension>
            <ns3:hr>147</ns3:hr>
            <ns3:cad>55</ns3:cad>
          </ns3:TrackPointExtension>
        </extensions>
      </trkpt>
      <trkpt lat="43.7233159504830837249755859375" lon="7.35245634801685810089111328125">
        <ele>104.8000030517578125</ele>
        <time>2026-07-07T06:52:48.000Z</time>
        <extensions>
          <ns3:TrackPointExtension>
            <ns3:hr>146</ns3:hr>
            <ns3:cad>55</ns3:cad>
          </ns3:TrackPointExtension>
        </extensions>
      </trkpt>
      <trkpt lat="43.72329876758158206939697265625" lon="7.352496497333049774169921875">
        <ele>103.8000030517578125</ele>
        <time>2026-07-07T06:52:52.000Z</time>
        <extensions>
          <ns3:TrackPointExtension>
            <ns3:hr>145</ns3:hr>
            <ns3:cad>56</ns3:cad>
          </ns3:TrackPointExtension>
        </extensions>
      </trkpt>
      <trkpt lat="43.723244369029998779296875" lon="7.35259314067661762237548828125">
        <ele>102.59999847412109375</ele>
        <time>2026-07-07T06:52:57.000Z</time>
        <extensions>
          <ns3:TrackPointExtension>
            <ns3:hr>143</ns3:hr>
            <ns3:cad>57</ns3:cad>
          </ns3:TrackPointExtension>
        </extensions>
      </trkpt>
      <trkpt lat="43.723219893872737884521484375" lon="7.35264125280082225799560546875">
        <ele>101.40000152587890625</ele>
        <time>2026-07-07T06:52:59.000Z</time>
        <extensions>
          <ns3:TrackPointExtension>
            <ns3:hr>143</ns3:hr>
            <ns3:cad>58</ns3:cad>
          </ns3:TrackPointExtension>
        </extensions>
      </trkpt>
      <trkpt lat="43.723218552768230438232421875" lon="7.35264443792402744293212890625">
        <ele>101.1999969482421875</ele>
        <time>2026-07-07T06:53:00.000Z</time>
        <extensions>
          <ns3:TrackPointExtension>
            <ns3:hr>144</ns3:hr>
            <ns3:cad>58</ns3:cad>
          </ns3:TrackPointExtension>
        </extensions>
      </trkpt>
      <trkpt lat="43.723207153379917144775390625" lon="7.35267628915607929229736328125">
        <ele>100.1999969482421875</ele>
        <time>2026-07-07T06:53:03.000Z</time>
        <extensions>
          <ns3:TrackPointExtension>
            <ns3:hr>144</ns3:hr>
            <ns3:cad>0</ns3:cad>
          </ns3:TrackPointExtension>
        </extensions>
      </trkpt>
      <trkpt lat="43.72319902293384075164794921875" lon="7.35268400050699710845947265625">
        <ele>99.59999847412109375</ele>
        <time>2026-07-07T06:53:05.000Z</time>
        <extensions>
          <ns3:TrackPointExtension>
            <ns3:hr>144</ns3:hr>
            <ns3:cad>0</ns3:cad>
          </ns3:TrackPointExtension>
        </extensions>
      </trkpt>
      <trkpt lat="43.7231922335922718048095703125" lon="7.3527102358639240264892578125">
        <ele>99.1999969482421875</ele>
        <time>2026-07-07T06:53:07.000Z</time>
        <extensions>
          <ns3:TrackPointExtension>
            <ns3:hr>144</ns3:hr>
            <ns3:cad>0</ns3:cad>
          </ns3:TrackPointExtension>
        </extensions>
      </trkpt>
      <trkpt lat="43.7231915630400180816650390625" lon="7.35272138379514217376708984375">
        <ele>98.8000030517578125</ele>
        <time>2026-07-07T06:53:08.000Z</time>
        <extensions>
          <ns3:TrackPointExtension>
            <ns3:hr>144</ns3:hr>
            <ns3:cad>0</ns3:cad>
          </ns3:TrackPointExtension>
        </extensions>
      </trkpt>
      <trkpt lat="43.72316859662532806396484375" lon="7.352743931114673614501953125">
        <ele>97.8000030517578125</ele>
        <time>2026-07-07T06:53:12.000Z</time>
        <extensions>
          <ns3:TrackPointExtension>
            <ns3:hr>145</ns3:hr>
            <ns3:cad>52</ns3:cad>
          </ns3:TrackPointExtension>
        </extensions>
      </trkpt>
      <trkpt lat="43.723142780363559722900390625" lon="7.35281266272068023681640625">
        <ele>97.1999969482421875</ele>
        <time>2026-07-07T06:53:17.000Z</time>
        <extensions>
          <ns3:TrackPointExtension>
            <ns3:hr>145</ns3:hr>
            <ns3:cad>51</ns3:cad>
          </ns3:TrackPointExtension>
        </extensions>
      </trkpt>
      <trkpt lat="43.72312727384269237518310546875" lon="7.352934367954730987548828125">
        <ele>96.59999847412109375</ele>
        <time>2026-07-07T06:53:27.000Z</time>
        <extensions>
          <ns3:TrackPointExtension>
            <ns3:hr>146</ns3:hr>
            <ns3:cad>0</ns3:cad>
          </ns3:TrackPointExtension>
        </extensions>
      </trkpt>
      <trkpt lat="43.72311201877892017364501953125" lon="7.352967225015163421630859375">
        <ele>95.59999847412109375</ele>
        <time>2026-07-07T06:53:31.000Z</time>
        <extensions>
          <ns3:TrackPointExtension>
            <ns3:hr>146</ns3:hr>
            <ns3:cad>62</ns3:cad>
          </ns3:TrackPointExtension>
        </extensions>
      </trkpt>
      <trkpt lat="43.72309206984937191009521484375" lon="7.35299597494304180145263671875">
        <ele>94.59999847412109375</ele>
        <time>2026-07-07T06:53:34.000Z</time>
        <extensions>
          <ns3:TrackPointExtension>
            <ns3:hr>146</ns3:hr>
            <ns3:cad>61</ns3:cad>
          </ns3:TrackPointExtension>
        </extensions>
      </trkpt>
      <trkpt lat="43.7230849452316761016845703125" lon="7.3530012555420398712158203125">
        <ele>94.1999969482421875</ele>
        <time>2026-07-07T06:53:35.000Z</time>
        <extensions>
          <ns3:TrackPointExtension>
            <ns3:hr>146</ns3:hr>
            <ns3:cad>61</ns3:cad>
          </ns3:TrackPointExtension>
        </extensions>
      </trkpt>
      <trkpt lat="43.7230678461492061614990234375" lon="7.35302363522350788116455078125">
        <ele>93.1999969482421875</ele>
        <time>2026-07-07T06:53:38.000Z</time>
        <extensions>
          <ns3:TrackPointExtension>
            <ns3:hr>146</ns3:hr>
            <ns3:cad>60</ns3:cad>
          </ns3:TrackPointExtension>
        </extensions>
      </trkpt>
      <trkpt lat="43.723052255809307098388671875" lon="7.35304894857108592987060546875">
        <ele>92</ele>
        <time>2026-07-07T06:53:42.000Z</time>
        <extensions>
          <ns3:TrackPointExtension>
            <ns3:hr>147</ns3:hr>
            <ns3:cad>58</ns3:cad>
          </ns3:TrackPointExtension>
        </extensions>
      </trkpt>
      <trkpt lat="43.7230487354099750518798828125" lon="7.353052385151386260986328125">
        <ele>91.59999847412109375</ele>
        <time>2026-07-07T06:53:44.000Z</time>
        <extensions>
          <ns3:TrackPointExtension>
            <ns3:hr>147</ns3:hr>
            <ns3:cad>58</ns3:cad>
          </ns3:TrackPointExtension>
        </extensions>
      </trkpt>
      <trkpt lat="43.723035156726837158203125" lon="7.35307216644287109375">
        <ele>91</ele>
        <time>2026-07-07T06:53:47.000Z</time>
        <extensions>
          <ns3:TrackPointExtension>
            <ns3:hr>147</ns3:hr>
            <ns3:cad>57</ns3:cad>
          </ns3:TrackPointExtension>
        </extensions>
      </trkpt>
      <trkpt lat="43.72303205542266368865966796875" lon="7.35309965908527374267578125">
        <ele>89.8000030517578125</ele>
        <time>2026-07-07T06:53:50.000Z</time>
        <extensions>
          <ns3:TrackPointExtension>
            <ns3:hr>146</ns3:hr>
            <ns3:cad>57</ns3:cad>
          </ns3:TrackPointExtension>
        </extensions>
      </trkpt>
      <trkpt lat="43.7230276130139827728271484375" lon="7.35311063937842845916748046875">
        <ele>89.1999969482421875</ele>
        <time>2026-07-07T06:53:52.000Z</time>
        <extensions>
          <ns3:TrackPointExtension>
            <ns3:hr>146</ns3:hr>
            <ns3:cad>55</ns3:cad>
          </ns3:TrackPointExtension>
        </extensions>
      </trkpt>
      <trkpt lat="43.72302375733852386474609375" lon="7.35311667434871196746826171875">
        <ele>88.8000030517578125</ele>
        <time>2026-07-07T06:53:53.000Z</time>
        <extensions>
          <ns3:TrackPointExtension>
            <ns3:hr>146</ns3:hr>
            <ns3:cad>55</ns3:cad>
          </ns3:TrackPointExtension>
        </extensions>
      </trkpt>
      <trkpt lat="43.72298511676490306854248046875" lon="7.3531517945230007171630859375">
        <ele>87.59999847412109375</ele>
        <time>2026-07-07T06:53:57.000Z</time>
        <extensions>
          <ns3:TrackPointExtension>
            <ns3:hr>146</ns3:hr>
            <ns3:cad>58</ns3:cad>
          </ns3:TrackPointExtension>
        </extensions>
      </trkpt>
      <trkpt lat="43.7229806743562221527099609375" lon="7.3531678877770900726318359375">
        <ele>87.1999969482421875</ele>
        <time>2026-07-07T06:53:58.000Z</time>
        <extensions>
          <ns3:TrackPointExtension>
            <ns3:hr>146</ns3:hr>
            <ns3:cad>59</ns3:cad>
          </ns3:TrackPointExtension>
        </extensions>
      </trkpt>
      <trkpt lat="43.7229672633111476898193359375" lon="7.3531973920762538909912109375">
        <ele>86.40000152587890625</ele>
        <time>2026-07-07T06:54:01.000Z</time>
        <extensions>
          <ns3:TrackPointExtension>
            <ns3:hr>146</ns3:hr>
            <ns3:cad>57</ns3:cad>
          </ns3:TrackPointExtension>
        </extensions>
      </trkpt>
      <trkpt lat="43.72292543761432170867919921875" lon="7.35320292413234710693359375">
        <ele>85.40000152587890625</ele>
        <time>2026-07-07T06:54:05.000Z</time>
        <extensions>
          <ns3:TrackPointExtension>
            <ns3:hr>145</ns3:hr>
            <ns3:cad>56</ns3:cad>
          </ns3:TrackPointExtension>
        </extensions>
      </trkpt>
      <trkpt lat="43.7228968553245067596435546875" lon="7.3532017506659030914306640625">
        <ele>84.8000030517578125</ele>
        <time>2026-07-07T06:54:07.000Z</time>
        <extensions>
          <ns3:TrackPointExtension>
            <ns3:hr>146</ns3:hr>
            <ns3:cad>57</ns3:cad>
          </ns3:TrackPointExtension>
        </extensions>
      </trkpt>
      <trkpt lat="43.72287179343402385711669921875" lon="7.35321859829127788543701171875">
        <ele>84.1999969482421875</ele>
        <time>2026-07-07T06:54:09.000Z</time>
        <extensions>
          <ns3:TrackPointExtension>
            <ns3:hr>146</ns3:hr>
            <ns3:cad>58</ns3:cad>
          </ns3:TrackPointExtension>
        </extensions>
      </trkpt>
      <trkpt lat="43.7228321470320224761962890625" lon="7.35324508510529994964599609375">
        <ele>83.1999969482421875</ele>
        <time>2026-07-07T06:54:13.000Z</time>
        <extensions>
          <ns3:TrackPointExtension>
            <ns3:hr>145</ns3:hr>
            <ns3:cad>58</ns3:cad>
          </ns3:TrackPointExtension>
        </extensions>
      </trkpt>
      <trkpt lat="43.7228150479495525360107421875" lon="7.3532781936228275299072265625">
        <ele>82.1999969482421875</ele>
        <time>2026-07-07T06:54:16.000Z</time>
        <extensions>
          <ns3:TrackPointExtension>
            <ns3:hr>145</ns3:hr>
            <ns3:cad>62</ns3:cad>
          </ns3:TrackPointExtension>
        </extensions>
      </trkpt>
      <trkpt lat="43.72280708514153957366943359375" lon="7.353293783962726593017578125">
        <ele>82.1999969482421875</ele>
        <time>2026-07-07T06:54:17.000Z</time>
        <extensions>
          <ns3:TrackPointExtension>
            <ns3:hr>145</ns3:hr>
            <ns3:cad>60</ns3:cad>
          </ns3:TrackPointExtension>
        </extensions>
      </trkpt>
      <trkpt lat="43.7227992899715900421142578125" lon="7.35332303680479526519775390625">
        <ele>81.8000030517578125</ele>
        <time>2026-07-07T06:54:19.000Z</time>
        <extensions>
          <ns3:TrackPointExtension>
            <ns3:hr>146</ns3:hr>
            <ns3:cad>57</ns3:cad>
          </ns3:TrackPointExtension>
        </extensions>
      </trkpt>
      <trkpt lat="43.72279652394354343414306640625" lon="7.35334550030529499053955078125">
        <ele>81.1999969482421875</ele>
        <time>2026-07-07T06:54:21.000Z</time>
        <extensions>
          <ns3:TrackPointExtension>
            <ns3:hr>146</ns3:hr>
            <ns3:cad>58</ns3:cad>
          </ns3:TrackPointExtension>
        </extensions>
      </trkpt>
      <trkpt lat="43.7227818556129932403564453125" lon="7.3533791117370128631591796875">
        <ele>80.1999969482421875</ele>
        <time>2026-07-07T06:54:24.000Z</time>
        <extensions>
          <ns3:TrackPointExtension>
            <ns3:hr>147</ns3:hr>
            <ns3:cad>62</ns3:cad>
          </ns3:TrackPointExtension>
        </extensions>
      </trkpt>
      <trkpt lat="43.72277590446174144744873046875" lon="7.353391349315643310546875">
        <ele>79.8000030517578125</ele>
        <time>2026-07-07T06:54:25.000Z</time>
        <extensions>
          <ns3:TrackPointExtension>
            <ns3:hr>148</ns3:hr>
            <ns3:cad>62</ns3:cad>
          </ns3:TrackPointExtension>
        </extensions>
      </trkpt>
      <trkpt lat="43.72275729663670063018798828125" lon="7.35348732210695743560791015625">
        <ele>78.40000152587890625</ele>
        <time>2026-07-07T06:54:32.000Z</time>
        <extensions>
          <ns3:TrackPointExtension>
            <ns3:hr>149</ns3:hr>
            <ns3:cad>55</ns3:cad>
          </ns3:TrackPointExtension>
        </extensions>
      </trkpt>
      <trkpt lat="43.72276869602501392364501953125" lon="7.35352219082415103912353515625">
        <ele>77.40000152587890625</ele>
        <time>2026-07-07T06:54:34.000Z</time>
        <extensions>
          <ns3:TrackPointExtension>
            <ns3:hr>149</ns3:hr>
            <ns3:cad>55</ns3:cad>
          </ns3:TrackPointExtension>
        </extensions>
      </trkpt>
      <trkpt lat="43.72276961803436279296875" lon="7.3535450734198093414306640625">
        <ele>77</ele>
        <time>2026-07-07T06:54:35.000Z</time>
        <extensions>
          <ns3:TrackPointExtension>
            <ns3:hr>149</ns3:hr>
            <ns3:cad>55</ns3:cad>
          </ns3:TrackPointExtension>
        </extensions>
      </trkpt>
      <trkpt lat="43.7227580510079860687255859375" lon="7.35358379781246185302734375">
        <ele>76.40000152587890625</ele>
        <time>2026-07-07T06:54:38.000Z</time>
        <extensions>
          <ns3:TrackPointExtension>
            <ns3:hr>149</ns3:hr>
            <ns3:cad>55</ns3:cad>
          </ns3:TrackPointExtension>
        </extensions>
      </trkpt>
      <trkpt lat="43.7226960249245166778564453125" lon="7.3536490090191364288330078125">
        <ele>75</ele>
        <time>2026-07-07T06:54:43.000Z</time>
        <extensions>
          <ns3:TrackPointExtension>
            <ns3:hr>150</ns3:hr>
            <ns3:cad>55</ns3:cad>
          </ns3:TrackPointExtension>
        </extensions>
      </trkpt>
      <trkpt lat="43.72266660444438457489013671875" lon="7.35371564514935016632080078125">
        <ele>74</ele>
        <time>2026-07-07T06:54:47.000Z</time>
        <extensions>
          <ns3:TrackPointExtension>
            <ns3:hr>150</ns3:hr>
            <ns3:cad>55</ns3:cad>
          </ns3:TrackPointExtension>
        </extensions>
      </trkpt>
      <trkpt lat="43.72262234799563884735107421875" lon="7.3537646792829036712646484375">
        <ele>73</ele>
        <time>2026-07-07T06:54:51.000Z</time>
        <extensions>
          <ns3:TrackPointExtension>
            <ns3:hr>150</ns3:hr>
            <ns3:cad>55</ns3:cad>
          </ns3:TrackPointExtension>
        </extensions>
      </trkpt>
      <trkpt lat="43.7226128764450550079345703125" lon="7.3537891544401645660400390625">
        <ele>72.40000152587890625</ele>
        <time>2026-07-07T06:54:53.000Z</time>
        <extensions>
          <ns3:TrackPointExtension>
            <ns3:hr>149</ns3:hr>
            <ns3:cad>0</ns3:cad>
          </ns3:TrackPointExtension>
        </extensions>
      </trkpt>
      <trkpt lat="43.72260374017059803009033203125" lon="7.35381589271128177642822265625">
        <ele>71.8000030517578125</ele>
        <time>2026-07-07T06:54:55.000Z</time>
        <extensions>
          <ns3:TrackPointExtension>
            <ns3:hr>149</ns3:hr>
            <ns3:cad>0</ns3:cad>
          </ns3:TrackPointExtension>
        </extensions>
      </trkpt>
      <trkpt lat="43.7225780077278614044189453125" lon="7.35386501066386699676513671875">
        <ele>70.59999847412109375</ele>
        <time>2026-07-07T06:54:59.000Z</time>
        <extensions>
          <ns3:TrackPointExtension>
            <ns3:hr>149</ns3:hr>
            <ns3:cad>62</ns3:cad>
          </ns3:TrackPointExtension>
        </extensions>
      </trkpt>
      <trkpt lat="43.7225805222988128662109375" lon="7.353911362588405609130859375">
        <ele>69.8000030517578125</ele>
        <time>2026-07-07T06:55:03.000Z</time>
        <extensions>
          <ns3:TrackPointExtension>
            <ns3:hr>149</ns3:hr>
            <ns3:cad>62</ns3:cad>
          </ns3:TrackPointExtension>
        </extensions>
      </trkpt>
      <trkpt lat="43.722586892545223236083984375" lon="7.35391966067254543304443359375">
        <ele>69.40000152587890625</ele>
        <time>2026-07-07T06:55:04.000Z</time>
        <extensions>
          <ns3:TrackPointExtension>
            <ns3:hr>149</ns3:hr>
            <ns3:cad>62</ns3:cad>
          </ns3:TrackPointExtension>
        </extensions>
      </trkpt>
      <trkpt lat="43.72260105796158313751220703125" lon="7.35395235009491443634033203125">
        <ele>68.8000030517578125</ele>
        <time>2026-07-07T06:55:06.000Z</time>
        <extensions>
          <ns3:TrackPointExtension>
            <ns3:hr>149</ns3:hr>
            <ns3:cad>62</ns3:cad>
          </ns3:TrackPointExtension>
        </extensions>
      </trkpt>
      <trkpt lat="43.72260591946542263031005859375" lon="7.35396794043481349945068359375">
        <ele>68.40000152587890625</ele>
        <time>2026-07-07T06:55:07.000Z</time>
        <extensions>
          <ns3:TrackPointExtension>
            <ns3:hr>149</ns3:hr>
            <ns3:cad>62</ns3:cad>
          </ns3:TrackPointExtension>
        </extensions>
      </trkpt>
      <trkpt lat="43.72261346317827701568603515625" lon="7.35399819910526275634765625">
        <ele>67.8000030517578125</ele>
        <time>2026-07-07T06:55:09.000Z</time>
        <extensions>
          <ns3:TrackPointExtension>
            <ns3:hr>150</ns3:hr>
            <ns3:cad>62</ns3:cad>
          </ns3:TrackPointExtension>
        </extensions>
      </trkpt>
      <trkpt lat="43.72260399162769317626953125" lon="7.3540272004902362823486328125">
        <ele>67.40000152587890625</ele>
        <time>2026-07-07T06:55:11.000Z</time>
        <extensions>
          <ns3:TrackPointExtension>
            <ns3:hr>152</ns3:hr>
            <ns3:cad>56</ns3:cad>
          </ns3:TrackPointExtension>
        </extensions>
      </trkpt>
      <trkpt lat="43.72259854339063167572021484375" lon="7.3540459759533405303955078125">
        <ele>67</ele>
        <time>2026-07-07T06:55:12.000Z</time>
        <extensions>
          <ns3:TrackPointExtension>
            <ns3:hr>153</ns3:hr>
            <ns3:cad>0</ns3:cad>
          </ns3:TrackPointExtension>
        </extensions>
      </trkpt>
      <trkpt lat="43.72259904630482196807861328125" lon="7.354073636233806610107421875">
        <ele>66.1999969482421875</ele>
        <time>2026-07-07T06:55:14.000Z</time>
        <extensions>
          <ns3:TrackPointExtension>
            <ns3:hr>153</ns3:hr>
            <ns3:cad>0</ns3:cad>
          </ns3:TrackPointExtension>
        </extensions>
      </trkpt>
      <trkpt lat="43.722578175365924835205078125" lon="7.35410607419908046722412109375">
        <ele>65.40000152587890625</ele>
        <time>2026-07-07T06:55:17.000Z</time>
        <extensions>
          <ns3:TrackPointExtension>
            <ns3:hr>154</ns3:hr>
            <ns3:cad>0</ns3:cad>
          </ns3:TrackPointExtension>
        </extensions>
      </trkpt>
      <trkpt lat="43.722572140395641326904296875" lon="7.35411613248288631439208984375">
        <ele>65.1999969482421875</ele>
        <time>2026-07-07T06:55:18.000Z</time>
        <extensions>
          <ns3:TrackPointExtension>
            <ns3:hr>153</ns3:hr>
            <ns3:cad>0</ns3:cad>
          </ns3:TrackPointExtension>
        </extensions>
      </trkpt>
      <trkpt lat="43.72255034744739532470703125" lon="7.35419425182044506072998046875">
        <ele>63.799999237060546875</ele>
        <time>2026-07-07T06:55:23.000Z</time>
        <extensions>
          <ns3:TrackPointExtension>
            <ns3:hr>153</ns3:hr>
            <ns3:cad>55</ns3:cad>
          </ns3:TrackPointExtension>
        </extensions>
      </trkpt>
      <trkpt lat="43.72253366746008396148681640625" lon="7.35421487130224704742431640625">
        <ele>63.200000762939453125</ele>
        <time>2026-07-07T06:55:25.000Z</time>
        <extensions>
          <ns3:TrackPointExtension>
            <ns3:hr>153</ns3:hr>
            <ns3:cad>55</ns3:cad>
          </ns3:TrackPointExtension>
        </extensions>
      </trkpt>
      <trkpt lat="43.72252293862402439117431640625" lon="7.3542347364127635955810546875">
        <ele>62.799999237060546875</ele>
        <time>2026-07-07T06:55:27.000Z</time>
        <extensions>
          <ns3:TrackPointExtension>
            <ns3:hr>153</ns3:hr>
            <ns3:cad>0</ns3:cad>
          </ns3:TrackPointExtension>
        </extensions>
      </trkpt>
      <trkpt lat="43.7225015647709369659423828125" lon="7.3542736284434795379638671875">
        <ele>61.59999847412109375</ele>
        <time>2026-07-07T06:55:30.000Z</time>
        <extensions>
          <ns3:TrackPointExtension>
            <ns3:hr>153</ns3:hr>
            <ns3:cad>0</ns3:cad>
          </ns3:TrackPointExtension>
        </extensions>
      </trkpt>
      <trkpt lat="43.7224821187555789947509765625" lon="7.3543547652661800384521484375">
        <ele>60.59999847412109375</ele>
        <time>2026-07-07T06:55:35.000Z</time>
        <extensions>
          <ns3:TrackPointExtension>
            <ns3:hr>153</ns3:hr>
            <ns3:cad>0</ns3:cad>
          </ns3:TrackPointExtension>
        </extensions>
      </trkpt>
      <trkpt lat="43.72248186729848384857177734375" lon="7.3543963395059108734130859375">
        <ele>59.59999847412109375</ele>
        <time>2026-07-07T06:55:37.000Z</time>
        <extensions>
          <ns3:TrackPointExtension>
            <ns3:hr>153</ns3:hr>
            <ns3:cad>0</ns3:cad>
          </ns3:TrackPointExtension>
        </extensions>
      </trkpt>
      <trkpt lat="43.7224801070988178253173828125" lon="7.3544164560735225677490234375">
        <ele>59.200000762939453125</ele>
        <time>2026-07-07T06:55:38.000Z</time>
        <extensions>
          <ns3:TrackPointExtension>
            <ns3:hr>153</ns3:hr>
            <ns3:cad>0</ns3:cad>
          </ns3:TrackPointExtension>
        </extensions>
      </trkpt>
      <trkpt lat="43.7224723957479000091552734375" lon="7.3544305376708507537841796875">
        <ele>59.200000762939453125</ele>
        <time>2026-07-07T06:55:39.000Z</time>
        <extensions>
          <ns3:TrackPointExtension>
            <ns3:hr>153</ns3:hr>
            <ns3:cad>0</ns3:cad>
          </ns3:TrackPointExtension>
        </extensions>
      </trkpt>
      <trkpt lat="43.72243098914623260498046875" lon="7.3545173741877079010009765625">
        <ele>58.200000762939453125</ele>
        <time>2026-07-07T06:55:44.000Z</time>
        <extensions>
          <ns3:TrackPointExtension>
            <ns3:hr>151</ns3:hr>
            <ns3:cad>55</ns3:cad>
          </ns3:TrackPointExtension>
        </extensions>
      </trkpt>
      <trkpt lat="43.722428977489471435546875" lon="7.35452793538570404052734375">
        <ele>57.799999237060546875</ele>
        <time>2026-07-07T06:55:45.000Z</time>
        <extensions>
          <ns3:TrackPointExtension>
            <ns3:hr>151</ns3:hr>
            <ns3:cad>55</ns3:cad>
          </ns3:TrackPointExtension>
        </extensions>
      </trkpt>
      <trkpt lat="43.7224164046347141265869140625" lon="7.35453992150723934173583984375">
        <ele>57</ele>
        <time>2026-07-07T06:55:47.000Z</time>
        <extensions>
          <ns3:TrackPointExtension>
            <ns3:hr>150</ns3:hr>
            <ns3:cad>55</ns3:cad>
          </ns3:TrackPointExtension>
        </extensions>
      </trkpt>
      <trkpt lat="43.72236653231084346771240234375" lon="7.354581914842128753662109375">
        <ele>55.799999237060546875</ele>
        <time>2026-07-07T06:55:51.000Z</time>
        <extensions>
          <ns3:TrackPointExtension>
            <ns3:hr>149</ns3:hr>
            <ns3:cad>50</ns3:cad>
          </ns3:TrackPointExtension>
        </extensions>
      </trkpt>
      <trkpt lat="43.72234121896326541900634765625" lon="7.35463145188987255096435546875">
        <ele>54.40000152587890625</ele>
        <time>2026-07-07T06:55:56.000Z</time>
        <extensions>
          <ns3:TrackPointExtension>
            <ns3:hr>149</ns3:hr>
            <ns3:cad>0</ns3:cad>
          </ns3:TrackPointExtension>
        </extensions>
      </trkpt>
      <trkpt lat="43.72233451344072818756103515625" lon="7.35465534031391143798828125">
        <ele>54.40000152587890625</ele>
        <time>2026-07-07T06:55:58.000Z</time>
        <extensions>
          <ns3:TrackPointExtension>
            <ns3:hr>149</ns3:hr>
            <ns3:cad>0</ns3:cad>
          </ns3:TrackPointExtension>
        </extensions>
      </trkpt>
      <trkpt lat="43.72230282984673976898193359375" lon="7.3547069728374481201171875">
        <ele>53.40000152587890625</ele>
        <time>2026-07-07T06:56:01.000Z</time>
        <extensions>
          <ns3:TrackPointExtension>
            <ns3:hr>149</ns3:hr>
            <ns3:cad>0</ns3:cad>
          </ns3:TrackPointExtension>
        </extensions>
      </trkpt>
      <trkpt lat="43.72227081097662448883056640625" lon="7.354777045547962188720703125">
        <ele>52.200000762939453125</ele>
        <time>2026-07-07T06:56:06.000Z</time>
        <extensions>
          <ns3:TrackPointExtension>
            <ns3:hr>148</ns3:hr>
            <ns3:cad>57</ns3:cad>
          </ns3:TrackPointExtension>
        </extensions>
      </trkpt>
      <trkpt lat="43.7222628481686115264892578125" lon="7.3547983355820178985595703125">
        <ele>51.799999237060546875</ele>
        <time>2026-07-07T06:56:08.000Z</time>
        <extensions>
          <ns3:TrackPointExtension>
            <ns3:hr>147</ns3:hr>
            <ns3:cad>57</ns3:cad>
          </ns3:TrackPointExtension>
        </extensions>
      </trkpt>
      <trkpt lat="43.7222693860530853271484375" lon="7.35484837554395198822021484375">
        <ele>51.200000762939453125</ele>
        <time>2026-07-07T06:56:12.000Z</time>
        <extensions>
          <ns3:TrackPointExtension>
            <ns3:hr>146</ns3:hr>
            <ns3:cad>57</ns3:cad>
          </ns3:TrackPointExtension>
        </extensions>
      </trkpt>
      <trkpt lat="43.72228271327912807464599609375" lon="7.3548737727105617523193359375">
        <ele>51</ele>
        <time>2026-07-07T06:56:14.000Z</time>
        <extensions>
          <ns3:TrackPointExtension>
            <ns3:hr>146</ns3:hr>
            <ns3:cad>56</ns3:cad>
          </ns3:TrackPointExtension>
        </extensions>
      </trkpt>
      <trkpt lat="43.72229126282036304473876953125" lon="7.354883663356304168701171875">
        <ele>50.799999237060546875</ele>
        <time>2026-07-07T06:56:15.000Z</time>
        <extensions>
          <ns3:TrackPointExtension>
            <ns3:hr>146</ns3:hr>
            <ns3:cad>57</ns3:cad>
          </ns3:TrackPointExtension>
        </extensions>
      </trkpt>
      <trkpt lat="43.7223449908196926116943359375" lon="7.3549656383693218231201171875">
        <ele>50</ele>
        <time>2026-07-07T06:56:21.000Z</time>
        <extensions>
          <ns3:TrackPointExtension>
            <ns3:hr>143</ns3:hr>
            <ns3:cad>0</ns3:cad>
          </ns3:TrackPointExtension>
        </extensions>
      </trkpt>
      <trkpt lat="43.72235815040767192840576171875" lon="7.3549790494143962860107421875">
        <ele>49.40000152587890625</ele>
        <time>2026-07-07T06:56:22.000Z</time>
        <extensions>
          <ns3:TrackPointExtension>
            <ns3:hr>143</ns3:hr>
            <ns3:cad>0</ns3:cad>
          </ns3:TrackPointExtension>
        </extensions>
      </trkpt>
      <trkpt lat="43.72240643016993999481201171875" lon="7.3550464399158954620361328125">
        <ele>48.40000152587890625</ele>
        <time>2026-07-07T06:56:26.000Z</time>
        <extensions>
          <ns3:TrackPointExtension>
            <ns3:hr>143</ns3:hr>
            <ns3:cad>57</ns3:cad>
          </ns3:TrackPointExtension>
        </extensions>
      </trkpt>
      <trkpt lat="43.722452111542224884033203125" lon="7.3551037721335887908935546875">
        <ele>47.799999237060546875</ele>
        <time>2026-07-07T06:56:30.000Z</time>
        <extensions>
          <ns3:TrackPointExtension>
            <ns3:hr>142</ns3:hr>
            <ns3:cad>57</ns3:cad>
          </ns3:TrackPointExtension>
        </extensions>
      </trkpt>
      <trkpt lat="43.72248790226876735687255859375" lon="7.35513386316597461700439453125">
        <ele>47.200000762939453125</ele>
        <time>2026-07-07T06:56:33.000Z</time>
        <extensions>
          <ns3:TrackPointExtension>
            <ns3:hr>142</ns3:hr>
            <ns3:cad>57</ns3:cad>
          </ns3:TrackPointExtension>
        </extensions>
      </trkpt>
      <trkpt lat="43.72253098525106906890869140625" lon="7.35520653426647186279296875">
        <ele>46.59999847412109375</ele>
        <time>2026-07-07T06:56:38.000Z</time>
        <extensions>
          <ns3:TrackPointExtension>
            <ns3:hr>142</ns3:hr>
            <ns3:cad>57</ns3:cad>
          </ns3:TrackPointExtension>
        </extensions>
      </trkpt>
      <trkpt lat="43.72258177958428859710693359375" lon="7.35524701885879039764404296875">
        <ele>46.200000762939453125</ele>
        <time>2026-07-07T06:56:41.000Z</time>
        <extensions>
          <ns3:TrackPointExtension>
            <ns3:hr>141</ns3:hr>
            <ns3:cad>56</ns3:cad>
          </ns3:TrackPointExtension>
        </extensions>
      </trkpt>
      <trkpt lat="43.722681105136871337890625" lon="7.3553243838250637054443359375">
        <ele>45.40000152587890625</ele>
        <time>2026-07-07T06:56:49.000Z</time>
        <extensions>
          <ns3:TrackPointExtension>
            <ns3:hr>140</ns3:hr>
            <ns3:cad>57</ns3:cad>
          </ns3:TrackPointExtension>
        </extensions>
      </trkpt>
      <trkpt lat="43.72269912622869014739990234375" lon="7.355326227843761444091796875">
        <ele>45.200000762939453125</ele>
        <time>2026-07-07T06:56:50.000Z</time>
        <extensions>
          <ns3:TrackPointExtension>
            <ns3:hr>140</ns3:hr>
            <ns3:cad>57</ns3:cad>
          </ns3:TrackPointExtension>
        </extensions>
      </trkpt>
      <trkpt lat="43.72274857945740222930908203125" lon="7.35538129694759845733642578125">
        <ele>44.59999847412109375</ele>
        <time>2026-07-07T06:56:55.000Z</time>
        <extensions>
          <ns3:TrackPointExtension>
            <ns3:hr>139</ns3:hr>
            <ns3:cad>56</ns3:cad>
          </ns3:TrackPointExtension>
        </extensions>
      </trkpt>
      <trkpt lat="43.722788728773593902587890625" lon="7.35541574656963348388671875">
        <ele>44</ele>
        <time>2026-07-07T06:56:59.000Z</time>
        <extensions>
          <ns3:TrackPointExtension>
            <ns3:hr>139</ns3:hr>
            <ns3:cad>57</ns3:cad>
          </ns3:TrackPointExtension>
        </extensions>
      </trkpt>
      <trkpt lat="43.72281244955956935882568359375" lon="7.35544717870652675628662109375">
        <ele>44</ele>
        <time>2026-07-07T06:57:01.000Z</time>
        <extensions>
          <ns3:TrackPointExtension>
            <ns3:hr>139</ns3:hr>
            <ns3:cad>57</ns3:cad>
          </ns3:TrackPointExtension>
        </extensions>
      </trkpt>
      <trkpt lat="43.72280574403703212738037109375" lon="7.3555813729763031005859375">
        <ele>43.200000762939453125</ele>
        <time>2026-07-07T06:57:07.000Z</time>
        <extensions>
          <ns3:TrackPointExtension>
            <ns3:hr>139</ns3:hr>
            <ns3:cad>57</ns3:cad>
          </ns3:TrackPointExtension>
        </extensions>
      </trkpt>
      <trkpt lat="43.72280105017125606536865234375" lon="7.35561967827379703521728515625">
        <ele>43</ele>
        <time>2026-07-07T06:57:10.000Z</time>
        <extensions>
          <ns3:TrackPointExtension>
            <ns3:hr>139</ns3:hr>
            <ns3:cad>55</ns3:cad>
          </ns3:TrackPointExtension>
        </extensions>
      </trkpt>
      <trkpt lat="43.7227580510079860687255859375" lon="7.35565672628581523895263671875">
        <ele>42.799999237060546875</ele>
        <time>2026-07-07T06:57:13.000Z</time>
        <extensions>
          <ns3:TrackPointExtension>
            <ns3:hr>138</ns3:hr>
            <ns3:cad>52</ns3:cad>
          </ns3:TrackPointExtension>
        </extensions>
      </trkpt>
      <trkpt lat="43.722716979682445526123046875" lon="7.355655133724212646484375">
        <ele>42.799999237060546875</ele>
        <time>2026-07-07T06:57:15.000Z</time>
        <extensions>
          <ns3:TrackPointExtension>
            <ns3:hr>135</ns3:hr>
            <ns3:cad>52</ns3:cad>
          </ns3:TrackPointExtension>
        </extensions>
      </trkpt>
      <trkpt lat="43.72265000827610492706298828125" lon="7.35562093555927276611328125">
        <ele>42.59999847412109375</ele>
        <time>2026-07-07T06:57:20.000Z</time>
        <extensions>
          <ns3:TrackPointExtension>
            <ns3:hr>134</ns3:hr>
            <ns3:cad>55</ns3:cad>
          </ns3:TrackPointExtension>
        </extensions>
      </trkpt>
      <trkpt lat="43.7226138822734355926513671875" lon="7.35555144958198070526123046875">
        <ele>42.59999847412109375</ele>
        <time>2026-07-07T06:57:24.000Z</time>
        <extensions>
          <ns3:TrackPointExtension>
            <ns3:hr>136</ns3:hr>
            <ns3:cad>56</ns3:cad>
          </ns3:TrackPointExtension>
        </extensions>
      </trkpt>
      <trkpt lat="43.72260105796158313751220703125" lon="7.3555439896881580352783203125">
        <ele>42.59999847412109375</ele>
        <time>2026-07-07T06:57:25.000Z</time>
        <extensions>
          <ns3:TrackPointExtension>
            <ns3:hr>136</ns3:hr>
            <ns3:cad>56</ns3:cad>
          </ns3:TrackPointExtension>
        </extensions>
      </trkpt>
      <trkpt lat="43.7225132994353771209716796875" lon="7.3554373718798160552978515625">
        <ele>42.40000152587890625</ele>
        <time>2026-07-07T06:57:33.000Z</time>
        <extensions>
          <ns3:TrackPointExtension>
            <ns3:hr>138</ns3:hr>
            <ns3:cad>57</ns3:cad>
          </ns3:TrackPointExtension>
        </extensions>
      </trkpt>
      <trkpt lat="43.72245051898062229156494140625" lon="7.3553589172661304473876953125">
        <ele>42</ele>
        <time>2026-07-07T06:57:38.000Z</time>
        <extensions>
          <ns3:TrackPointExtension>
            <ns3:hr>138</ns3:hr>
            <ns3:cad>57</ns3:cad>
          </ns3:TrackPointExtension>
        </extensions>
      </trkpt>
      <trkpt lat="43.72241514734923839569091796875" lon="7.35532882623374462127685546875">
        <ele>41.799999237060546875</ele>
        <time>2026-07-07T06:57:40.000Z</time>
        <extensions>
          <ns3:TrackPointExtension>
            <ns3:hr>139</ns3:hr>
            <ns3:cad>57</ns3:cad>
          </ns3:TrackPointExtension>
        </extensions>
      </trkpt>
      <trkpt lat="43.72239871881902217864990234375" lon="7.35533259809017181396484375">
        <ele>41.799999237060546875</ele>
        <time>2026-07-07T06:57:41.000Z</time>
        <extensions>
          <ns3:TrackPointExtension>
            <ns3:hr>139</ns3:hr>
            <ns3:cad>56</ns3:cad>
          </ns3:TrackPointExtension>
        </extensions>
      </trkpt>
      <trkpt lat="43.72236125171184539794921875" lon="7.3553877510130405426025390625">
        <ele>41.40000152587890625</ele>
        <time>2026-07-07T06:57:45.000Z</time>
        <extensions>
          <ns3:TrackPointExtension>
            <ns3:hr>140</ns3:hr>
            <ns3:cad>53</ns3:cad>
          </ns3:TrackPointExtension>
        </extensions>
      </trkpt>
      <trkpt lat="43.7223547138273715972900390625" lon="7.355394624173641204833984375">
        <ele>41</ele>
        <time>2026-07-07T06:57:46.000Z</time>
        <extensions>
          <ns3:TrackPointExtension>
            <ns3:hr>140</ns3:hr>
            <ns3:cad>0</ns3:cad>
          </ns3:TrackPointExtension>
        </extensions>
      </trkpt>
      <trkpt lat="43.72231003828346729278564453125" lon="7.3555061034858226776123046875">
        <ele>39.799999237060546875</ele>
        <time>2026-07-07T06:57:52.000Z</time>
        <extensions>
          <ns3:TrackPointExtension>
            <ns3:hr>142</ns3:hr>
            <ns3:cad>58</ns3:cad>
          </ns3:TrackPointExtension>
        </extensions>
      </trkpt>
      <trkpt lat="43.72226812876760959625244140625" lon="7.35558631829917430877685546875">
        <ele>38.799999237060546875</ele>
        <time>2026-07-07T06:57:57.000Z</time>
        <extensions>
          <ns3:TrackPointExtension>
            <ns3:hr>142</ns3:hr>
            <ns3:cad>60</ns3:cad>
          </ns3:TrackPointExtension>
        </extensions>
      </trkpt>
      <trkpt lat="43.7222551368176937103271484375" lon="7.35562470741569995880126953125">
        <ele>38.40000152587890625</ele>
        <time>2026-07-07T06:57:59.000Z</time>
        <extensions>
          <ns3:TrackPointExtension>
            <ns3:hr>142</ns3:hr>
            <ns3:cad>55</ns3:cad>
          </ns3:TrackPointExtension>
        </extensions>
      </trkpt>
      <trkpt lat="43.72221180237829685211181640625" lon="7.355711460113525390625">
        <ele>37.40000152587890625</ele>
        <time>2026-07-07T06:58:04.000Z</time>
        <extensions>
          <ns3:TrackPointExtension>
            <ns3:hr>139</ns3:hr>
            <ns3:cad>57</ns3:cad>
          </ns3:TrackPointExtension>
        </extensions>
      </trkpt>
      <trkpt lat="43.72220031917095184326171875" lon="7.3557304032146930694580078125">
        <ele>37.200000762939453125</ele>
        <time>2026-07-07T06:58:05.000Z</time>
        <extensions>
          <ns3:TrackPointExtension>
            <ns3:hr>139</ns3:hr>
            <ns3:cad>57</ns3:cad>
          </ns3:TrackPointExtension>
        </extensions>
      </trkpt>
      <trkpt lat="43.72218313626945018768310546875" lon="7.355778515338897705078125">
        <ele>36.40000152587890625</ele>
        <time>2026-07-07T06:58:08.000Z</time>
        <extensions>
          <ns3:TrackPointExtension>
            <ns3:hr>138</ns3:hr>
            <ns3:cad>57</ns3:cad>
          </ns3:TrackPointExtension>
        </extensions>
      </trkpt>
      <trkpt lat="43.7221569009125232696533203125" lon="7.35586811788380146026611328125">
        <ele>35.40000152587890625</ele>
        <time>2026-07-07T06:58:12.000Z</time>
        <extensions>
          <ns3:TrackPointExtension>
            <ns3:hr>139</ns3:hr>
            <ns3:cad>58</ns3:cad>
          </ns3:TrackPointExtension>
        </extensions>
      </trkpt>
      <trkpt lat="43.722159750759601593017578125" lon="7.355885803699493408203125">
        <ele>35.40000152587890625</ele>
        <time>2026-07-07T06:58:13.000Z</time>
        <extensions>
          <ns3:TrackPointExtension>
            <ns3:hr>139</ns3:hr>
            <ns3:cad>58</ns3:cad>
          </ns3:TrackPointExtension>
        </extensions>
      </trkpt>
      <trkpt lat="43.722166456282138824462890625" lon="7.3559349216520786285400390625">
        <ele>34.799999237060546875</ele>
        <time>2026-07-07T06:58:16.000Z</time>
        <extensions>
          <ns3:TrackPointExtension>
            <ns3:hr>139</ns3:hr>
            <ns3:cad>61</ns3:cad>
          </ns3:TrackPointExtension>
        </extensions>
      </trkpt>
      <trkpt lat="43.72218062169849872589111328125" lon="7.35597557388246059417724609375">
        <ele>34.200000762939453125</ele>
        <time>2026-07-07T06:58:19.000Z</time>
        <extensions>
          <ns3:TrackPointExtension>
            <ns3:hr>138</ns3:hr>
            <ns3:cad>58</ns3:cad>
          </ns3:TrackPointExtension>
        </extensions>
      </trkpt>
      <trkpt lat="43.72219495475292205810546875" lon="7.35600440762937068939208984375">
        <ele>34.200000762939453125</ele>
        <time>2026-07-07T06:58:21.000Z</time>
        <extensions>
          <ns3:TrackPointExtension>
            <ns3:hr>138</ns3:hr>
            <ns3:cad>59</ns3:cad>
          </ns3:TrackPointExtension>
        </extensions>
      </trkpt>
      <trkpt lat="43.722206018865108489990234375" lon="7.3560482449829578399658203125">
        <ele>34</ele>
        <time>2026-07-07T06:58:23.000Z</time>
        <extensions>
          <ns3:TrackPointExtension>
            <ns3:hr>138</ns3:hr>
            <ns3:cad>60</ns3:cad>
          </ns3:TrackPointExtension>
        </extensions>
      </trkpt>
      <trkpt lat="43.7222065217792987823486328125" lon="7.356084622442722320556640625">
        <ele>33.799999237060546875</ele>
        <time>2026-07-07T06:58:24.000Z</time>
        <extensions>
          <ns3:TrackPointExtension>
            <ns3:hr>142</ns3:hr>
            <ns3:cad>60</ns3:cad>
          </ns3:TrackPointExtension>
        </extensions>
      </trkpt>
      <trkpt lat="43.72222420759499073028564453125" lon="7.3561196587979793548583984375">
        <ele>33</ele>
        <time>2026-07-07T06:58:26.000Z</time>
        <extensions>
          <ns3:TrackPointExtension>
            <ns3:hr>143</ns3:hr>
            <ns3:cad>57</ns3:cad>
          </ns3:TrackPointExtension>
        </extensions>
      </trkpt>
      <trkpt lat="43.7222685478627681732177734375" lon="7.35614187084138393402099609375">
        <ele>32</ele>
        <time>2026-07-07T06:58:29.000Z</time>
        <extensions>
          <ns3:TrackPointExtension>
            <ns3:hr>141</ns3:hr>
            <ns3:cad>58</ns3:cad>
          </ns3:TrackPointExtension>
        </extensions>
      </trkpt>
      <trkpt lat="43.72227952815592288970947265625" lon="7.35615293495357036590576171875">
        <ele>32</ele>
        <time>2026-07-07T06:58:30.000Z</time>
        <extensions>
          <ns3:TrackPointExtension>
            <ns3:hr>141</ns3:hr>
            <ns3:cad>58</ns3:cad>
          </ns3:TrackPointExtension>
        </extensions>
      </trkpt>
      <trkpt lat="43.7223151512444019317626953125" lon="7.35622887499630451202392578125">
        <ele>31.200000762939453125</ele>
        <time>2026-07-07T06:58:34.000Z</time>
        <extensions>
          <ns3:TrackPointExtension>
            <ns3:hr>140</ns3:hr>
            <ns3:cad>55</ns3:cad>
          </ns3:TrackPointExtension>
        </extensions>
      </trkpt>
      <trkpt lat="43.722322024405002593994140625" lon="7.3562655039131641387939453125">
        <ele>30.799999237060546875</ele>
        <time>2026-07-07T06:58:36.000Z</time>
        <extensions>
          <ns3:TrackPointExtension>
            <ns3:hr>139</ns3:hr>
            <ns3:cad>55</ns3:cad>
          </ns3:TrackPointExtension>
        </extensions>
      </trkpt>
      <trkpt lat="43.7222935259342193603515625" lon="7.35628503374755382537841796875">
        <ele>30.6000003814697265625</ele>
        <time>2026-07-07T06:58:39.000Z</time>
        <extensions>
          <ns3:TrackPointExtension>
            <ns3:hr>138</ns3:hr>
            <ns3:cad>57</ns3:cad>
          </ns3:TrackPointExtension>
        </extensions>
      </trkpt>
      <trkpt lat="43.7222360260784626007080078125" lon="7.35632903873920440673828125">
        <ele>30.6000003814697265625</ele>
        <time>2026-07-07T06:58:47.000Z</time>
        <extensions>
          <ns3:TrackPointExtension>
            <ns3:hr>136</ns3:hr>
            <ns3:cad>0</ns3:cad>
          </ns3:TrackPointExtension>
        </extensions>
      </trkpt>
      <trkpt lat="43.72223661281168460845947265625" lon="7.356327362358570098876953125">
        <ele>29.799999237060546875</ele>
        <time>2026-07-07T06:59:06.000Z</time>
        <extensions>
          <ns3:TrackPointExtension>
            <ns3:hr>137</ns3:hr>
            <ns3:cad>0</ns3:cad>
          </ns3:TrackPointExtension>
        </extensions>
      </trkpt>
      <trkpt lat="43.7222370319068431854248046875" lon="7.356327362358570098876953125">
        <ele>29.799999237060546875</ele>
        <time>2026-07-07T06:59:10.000Z</time>
        <extensions>
          <ns3:TrackPointExtension>
            <ns3:hr>139</ns3:hr>
            <ns3:cad>0</ns3:cad>
          </ns3:TrackPointExtension>
        </extensions>
      </trkpt>
      <trkpt lat="43.722234852612018585205078125" lon="7.356323339045047760009765625">
        <ele>28.799999237060546875</ele>
        <time>2026-07-07T06:59:18.000Z</time>
        <extensions>
          <ns3:TrackPointExtension>
            <ns3:hr>139</ns3:hr>
            <ns3:cad>0</ns3:cad>
          </ns3:TrackPointExtension>
        </extensions>
      </trkpt>
      <trkpt lat="43.72218347154557704925537109375" lon="7.35626826994121074676513671875">
        <ele>28.3999996185302734375</ele>
        <time>2026-07-07T06:59:22.000Z</time>
        <extensions>
          <ns3:TrackPointExtension>
            <ns3:hr>139</ns3:hr>
            <ns3:cad>54</ns3:cad>
          </ns3:TrackPointExtension>
        </extensions>
      </trkpt>
      <trkpt lat="43.72210443019866943359375" lon="7.356230802834033966064453125">
        <ele>27.799999237060546875</ele>
        <time>2026-07-07T06:59:26.000Z</time>
        <extensions>
          <ns3:TrackPointExtension>
            <ns3:hr>139</ns3:hr>
            <ns3:cad>55</ns3:cad>
          </ns3:TrackPointExtension>
        </extensions>
      </trkpt>
      <trkpt lat="43.7220771051943302154541015625" lon="7.3562333174049854278564453125">
        <ele>27.3999996185302734375</ele>
        <time>2026-07-07T06:59:28.000Z</time>
        <extensions>
          <ns3:TrackPointExtension>
            <ns3:hr>139</ns3:hr>
            <ns3:cad>54</ns3:cad>
          </ns3:TrackPointExtension>
        </extensions>
      </trkpt>
      <trkpt lat="43.722069226205348968505859375" lon="7.356242872774600982666015625">
        <ele>27.3999996185302734375</ele>
        <time>2026-07-07T06:59:29.000Z</time>
        <extensions>
          <ns3:TrackPointExtension>
            <ns3:hr>139</ns3:hr>
            <ns3:cad>54</ns3:cad>
          </ns3:TrackPointExtension>
        </extensions>
      </trkpt>
      <trkpt lat="43.72205036692321300506591796875" lon="7.356267683207988739013671875">
        <ele>27.200000762939453125</ele>
        <time>2026-07-07T06:59:32.000Z</time>
        <extensions>
          <ns3:TrackPointExtension>
            <ns3:hr>139</ns3:hr>
            <ns3:cad>55</ns3:cad>
          </ns3:TrackPointExtension>
        </extensions>
      </trkpt>
      <trkpt lat="43.72201801277697086334228515625" lon="7.356310598552227020263671875">
        <ele>27.200000762939453125</ele>
        <time>2026-07-07T06:59:36.000Z</time>
        <extensions>
          <ns3:TrackPointExtension>
            <ns3:hr>139</ns3:hr>
            <ns3:cad>55</ns3:cad>
          </ns3:TrackPointExtension>
        </extensions>
      </trkpt>
      <trkpt lat="43.72199236415326595306396484375" lon="7.35643691383302211761474609375">
        <ele>27</ele>
        <time>2026-07-07T06:59:43.000Z</time>
        <extensions>
          <ns3:TrackPointExtension>
            <ns3:hr>136</ns3:hr>
            <ns3:cad>55</ns3:cad>
          </ns3:TrackPointExtension>
        </extensions>
      </trkpt>
      <trkpt lat="43.722002506256103515625" lon="7.356474883854389190673828125">
        <ele>27</ele>
        <time>2026-07-07T06:59:45.000Z</time>
        <extensions>
          <ns3:TrackPointExtension>
            <ns3:hr>133</ns3:hr>
            <ns3:cad>54</ns3:cad>
          </ns3:TrackPointExtension>
        </extensions>
      </trkpt>
      <trkpt lat="43.7220090441405773162841796875" lon="7.35649592243134975433349609375">
        <ele>27</ele>
        <time>2026-07-07T06:59:46.000Z</time>
        <extensions>
          <ns3:TrackPointExtension>
            <ns3:hr>134</ns3:hr>
            <ns3:cad>53</ns3:cad>
          </ns3:TrackPointExtension>
        </extensions>
      </trkpt>
    </trkseg>
  </trk>
</gpx>
