<?xml version="1.0" encoding="UTF-8"?>
<gpx creator="Garmin Connect" version="1.1"
  xsi:schemaLocation="http://www.topografix.com/GPX/1/1 http://www.topografix.com/GPX/11.xsd"
  xmlns:ns3="http://www.garmin.com/xmlschemas/TrackPointExtension/v1"
  xmlns="http://www.topografix.com/GPX/1/1"
  xmlns:xsi="http://www.w3.org/2001/XMLSchema-instance" xmlns:ns2="http://www.garmin.com/xmlschemas/GpxExtensions/v3">
  <metadata>
    <link href="connect.garmin.com">
      <text>Garmin Connect</text>
    </link>
    <time>2026-02-22T09:35:26.000Z</time>
  </metadata>
  <trk>
    <name>Nice Cycling</name>
    <type>cycling</type>
    <trkseg>
      <trkpt lat="43.68515322916209697723388671875" lon="7.235980667173862457275390625">
        <ele>2.7999999523162841796875</ele>
        <time>2026-02-22T09:35:26.000Z</time>
        <extensions>
          <ns3:TrackPointExtension>
            <ns3:hr>97</ns3:hr>
          </ns3:TrackPointExtension>
        </extensions>
      </trkpt>
      <trkpt lat="43.685161359608173370361328125" lon="7.235990054905414581298828125">
        <ele>2.7999999523162841796875</ele>
        <time>2026-02-22T09:35:27.000Z</time>
        <extensions>
          <ns3:TrackPointExtension>
            <ns3:hr>109</ns3:hr>
          </ns3:TrackPointExtension>
        </extensions>
      </trkpt>
      <trkpt lat="43.68515440262854099273681640625" lon="7.23599575459957122802734375">
        <ele>2.7999999523162841796875</ele>
        <time>2026-02-22T09:35:28.000Z</time>
        <extensions>
          <ns3:TrackPointExtension>
            <ns3:hr>113</ns3:hr>
          </ns3:TrackPointExtension>
        </extensions>
      </trkpt>
      <trkpt lat="43.68513378314673900604248046875" lon="7.23606624640524387359619140625">
        <ele>2.599999904632568359375</ele>
        <time>2026-02-22T09:35:32.000Z</time>
        <extensions>
          <ns3:TrackPointExtension>
            <ns3:hr>115</ns3:hr>
          </ns3:TrackPointExtension>
        </extensions>
      </trkpt>
      <trkpt lat="43.6850716732442378997802734375" lon="7.23614419810473918914794921875">
        <ele>2.599999904632568359375</ele>
        <time>2026-02-22T09:35:36.000Z</time>
        <extensions>
          <ns3:TrackPointExtension>
            <ns3:hr>118</ns3:hr>
          </ns3:TrackPointExtension>
        </extensions>
      </trkpt>
      <trkpt lat="43.6850619502365589141845703125" lon="7.23615827970206737518310546875">
        <ele>2.7999999523162841796875</ele>
        <time>2026-02-22T09:35:37.000Z</time>
        <extensions>
          <ns3:TrackPointExtension>
            <ns3:hr>119</ns3:hr>
          </ns3:TrackPointExtension>
        </extensions>
      </trkpt>
      <trkpt lat="43.68502045981585979461669921875" lon="7.23630898632109165191650390625">
        <ele>3</ele>
        <time>2026-02-22T09:35:44.000Z</time>
        <extensions>
          <ns3:TrackPointExtension>
            <ns3:hr>121</ns3:hr>
          </ns3:TrackPointExtension>
        </extensions>
      </trkpt>
      <trkpt lat="43.6851052008569240570068359375" lon="7.23640554584562778472900390625">
        <ele>3.400000095367431640625</ele>
        <time>2026-02-22T09:35:48.000Z</time>
        <extensions>
          <ns3:TrackPointExtension>
            <ns3:hr>122</ns3:hr>
          </ns3:TrackPointExtension>
        </extensions>
      </trkpt>
      <trkpt lat="43.68534333072602748870849609375" lon="7.23666488192975521087646484375">
        <ele>3.400000095367431640625</ele>
        <time>2026-02-22T09:35:55.000Z</time>
        <extensions>
          <ns3:TrackPointExtension>
            <ns3:hr>125</ns3:hr>
          </ns3:TrackPointExtension>
        </extensions>
      </trkpt>
      <trkpt lat="43.6854968033730983734130859375" lon="7.23683805204927921295166015625">
        <ele>3.2000000476837158203125</ele>
        <time>2026-02-22T09:35:59.000Z</time>
        <extensions>
          <ns3:TrackPointExtension>
            <ns3:hr>128</ns3:hr>
          </ns3:TrackPointExtension>
        </extensions>
      </trkpt>
      <trkpt lat="43.68553494103252887725830078125" lon="7.23688214085996150970458984375">
        <ele>4.19999980926513671875</ele>
        <time>2026-02-22T09:36:00.000Z</time>
        <extensions>
          <ns3:TrackPointExtension>
            <ns3:hr>131</ns3:hr>
          </ns3:TrackPointExtension>
        </extensions>
      </trkpt>
      <trkpt lat="43.68561096489429473876953125" lon="7.2369725815951824188232421875">
        <ele>4.599999904632568359375</ele>
        <time>2026-02-22T09:36:02.000Z</time>
        <extensions>
          <ns3:TrackPointExtension>
            <ns3:hr>134</ns3:hr>
          </ns3:TrackPointExtension>
        </extensions>
      </trkpt>
      <trkpt lat="43.68565329350531101226806640625" lon="7.23701926879584789276123046875">
        <ele>4.599999904632568359375</ele>
        <time>2026-02-22T09:36:03.000Z</time>
        <extensions>
          <ns3:TrackPointExtension>
            <ns3:hr>136</ns3:hr>
          </ns3:TrackPointExtension>
        </extensions>
      </trkpt>
      <trkpt lat="43.68596828542649745941162109375" lon="7.23739184439182281494140625">
        <ele>4.599999904632568359375</ele>
        <time>2026-02-22T09:36:11.000Z</time>
        <extensions>
          <ns3:TrackPointExtension>
            <ns3:hr>139</ns3:hr>
          </ns3:TrackPointExtension>
        </extensions>
      </trkpt>
      <trkpt lat="43.68638738058507442474365234375" lon="7.23790842108428478240966796875">
        <ele>5</ele>
        <time>2026-02-22T09:36:23.000Z</time>
        <extensions>
          <ns3:TrackPointExtension>
            <ns3:hr>140</ns3:hr>
          </ns3:TrackPointExtension>
        </extensions>
      </trkpt>
      <trkpt lat="43.68642811663448810577392578125" lon="7.2379566170275211334228515625">
        <ele>5</ele>
        <time>2026-02-22T09:36:24.000Z</time>
        <extensions>
          <ns3:TrackPointExtension>
            <ns3:hr>140</ns3:hr>
          </ns3:TrackPointExtension>
        </extensions>
      </trkpt>
      <trkpt lat="43.68654328398406505584716796875" lon="7.23810757510364055633544921875">
        <ele>5.19999980926513671875</ele>
        <time>2026-02-22T09:36:27.000Z</time>
        <extensions>
          <ns3:TrackPointExtension>
            <ns3:hr>139</ns3:hr>
          </ns3:TrackPointExtension>
        </extensions>
      </trkpt>
      <trkpt lat="43.68689817376434803009033203125" lon="7.23857847042381763458251953125">
        <ele>5.400000095367431640625</ele>
        <time>2026-02-22T09:36:36.000Z</time>
        <extensions>
          <ns3:TrackPointExtension>
            <ns3:hr>139</ns3:hr>
          </ns3:TrackPointExtension>
        </extensions>
      </trkpt>
      <trkpt lat="43.68716052733361721038818359375" lon="7.238968312740325927734375">
        <ele>5.400000095367431640625</ele>
        <time>2026-02-22T09:36:43.000Z</time>
        <extensions>
          <ns3:TrackPointExtension>
            <ns3:hr>140</ns3:hr>
          </ns3:TrackPointExtension>
        </extensions>
      </trkpt>
      <trkpt lat="43.68755129165947437286376953125" lon="7.23958396352827548980712890625">
        <ele>5.599999904632568359375</ele>
        <time>2026-02-22T09:36:54.000Z</time>
        <extensions>
          <ns3:TrackPointExtension>
            <ns3:hr>140</ns3:hr>
          </ns3:TrackPointExtension>
        </extensions>
      </trkpt>
      <trkpt lat="43.68762421421706676483154296875" lon="7.239696867763996124267578125">
        <ele>5.599999904632568359375</ele>
        <time>2026-02-22T09:36:56.000Z</time>
        <extensions>
          <ns3:TrackPointExtension>
            <ns3:hr>140</ns3:hr>
          </ns3:TrackPointExtension>
        </extensions>
      </trkpt>
      <trkpt lat="43.6879698000848293304443359375" lon="7.24028267897665500640869140625">
        <ele>6</ele>
        <time>2026-02-22T09:37:06.000Z</time>
        <extensions>
          <ns3:TrackPointExtension>
            <ns3:hr>139</ns3:hr>
          </ns3:TrackPointExtension>
        </extensions>
      </trkpt>
      <trkpt lat="43.688003830611705780029296875" lon="7.24034068174660205841064453125">
        <ele>6.19999980926513671875</ele>
        <time>2026-02-22T09:37:07.000Z</time>
        <extensions>
          <ns3:TrackPointExtension>
            <ns3:hr>139</ns3:hr>
          </ns3:TrackPointExtension>
        </extensions>
      </trkpt>
      <trkpt lat="43.688037358224391937255859375" lon="7.24039952270686626434326171875">
        <ele>6.19999980926513671875</ele>
        <time>2026-02-22T09:37:08.000Z</time>
        <extensions>
          <ns3:TrackPointExtension>
            <ns3:hr>138</ns3:hr>
          </ns3:TrackPointExtension>
        </extensions>
      </trkpt>
      <trkpt lat="43.688227795064449310302734375" lon="7.240754328668117523193359375">
        <ele>6</ele>
        <time>2026-02-22T09:37:14.000Z</time>
        <extensions>
          <ns3:TrackPointExtension>
            <ns3:hr>141</ns3:hr>
          </ns3:TrackPointExtension>
        </extensions>
      </trkpt>
      <trkpt lat="43.6882879771292209625244140625" lon="7.24087477661669254302978515625">
        <ele>5.80000019073486328125</ele>
        <time>2026-02-22T09:37:16.000Z</time>
        <extensions>
          <ns3:TrackPointExtension>
            <ns3:hr>142</ns3:hr>
          </ns3:TrackPointExtension>
        </extensions>
      </trkpt>
      <trkpt lat="43.6886296235024929046630859375" lon="7.2415081970393657684326171875">
        <ele>5.80000019073486328125</ele>
        <time>2026-02-22T09:37:27.000Z</time>
        <extensions>
          <ns3:TrackPointExtension>
            <ns3:hr>142</ns3:hr>
          </ns3:TrackPointExtension>
        </extensions>
      </trkpt>
      <trkpt lat="43.68866063654422760009765625" lon="7.24156678654253482818603515625">
        <ele>5.80000019073486328125</ele>
        <time>2026-02-22T09:37:28.000Z</time>
        <extensions>
          <ns3:TrackPointExtension>
            <ns3:hr>142</ns3:hr>
          </ns3:TrackPointExtension>
        </extensions>
      </trkpt>
      <trkpt lat="43.68884461931884288787841796875" lon="7.24191178567707538604736328125">
        <ele>5.80000019073486328125</ele>
        <time>2026-02-22T09:37:34.000Z</time>
        <extensions>
          <ns3:TrackPointExtension>
            <ns3:hr>139</ns3:hr>
          </ns3:TrackPointExtension>
        </extensions>
      </trkpt>
      <trkpt lat="43.68903589434921741485595703125" lon="7.2422484867274761199951171875">
        <ele>6</ele>
        <time>2026-02-22T09:37:40.000Z</time>
        <extensions>
          <ns3:TrackPointExtension>
            <ns3:hr>139</ns3:hr>
          </ns3:TrackPointExtension>
        </extensions>
      </trkpt>
      <trkpt lat="43.68927746079862117767333984375" lon="7.24269163794815540313720703125">
        <ele>6.400000095367431640625</ele>
        <time>2026-02-22T09:37:48.000Z</time>
        <extensions>
          <ns3:TrackPointExtension>
            <ns3:hr>141</ns3:hr>
          </ns3:TrackPointExtension>
        </extensions>
      </trkpt>
      <trkpt lat="43.6895338632166385650634765625" lon="7.24319874309003353118896484375">
        <ele>6.80000019073486328125</ele>
        <time>2026-02-22T09:37:57.000Z</time>
        <extensions>
          <ns3:TrackPointExtension>
            <ns3:hr>141</ns3:hr>
          </ns3:TrackPointExtension>
        </extensions>
      </trkpt>
      <trkpt lat="43.68979386985301971435546875" lon="7.243721522390842437744140625">
        <ele>6.599999904632568359375</ele>
        <time>2026-02-22T09:38:06.000Z</time>
        <extensions>
          <ns3:TrackPointExtension>
            <ns3:hr>141</ns3:hr>
          </ns3:TrackPointExtension>
        </extensions>
      </trkpt>
      <trkpt lat="43.69006284512579441070556640625" lon="7.24437807686626911163330078125">
        <ele>6.400000095367431640625</ele>
        <time>2026-02-22T09:38:17.000Z</time>
        <extensions>
          <ns3:TrackPointExtension>
            <ns3:hr>141</ns3:hr>
          </ns3:TrackPointExtension>
        </extensions>
      </trkpt>
      <trkpt lat="43.69008379988372325897216796875" lon="7.24443792365491390228271484375">
        <ele>6.599999904632568359375</ele>
        <time>2026-02-22T09:38:18.000Z</time>
        <extensions>
          <ns3:TrackPointExtension>
            <ns3:hr>141</ns3:hr>
          </ns3:TrackPointExtension>
        </extensions>
      </trkpt>
      <trkpt lat="43.690245151519775390625" lon="7.24485182203352451324462890625">
        <ele>6.80000019073486328125</ele>
        <time>2026-02-22T09:38:25.000Z</time>
        <extensions>
          <ns3:TrackPointExtension>
            <ns3:hr>144</ns3:hr>
          </ns3:TrackPointExtension>
        </extensions>
      </trkpt>
      <trkpt lat="43.690335340797901153564453125" lon="7.2450832463800907135009765625">
        <ele>7.599999904632568359375</ele>
        <time>2026-02-22T09:38:29.000Z</time>
        <extensions>
          <ns3:TrackPointExtension>
            <ns3:hr>144</ns3:hr>
          </ns3:TrackPointExtension>
        </extensions>
      </trkpt>
      <trkpt lat="43.69038756005465984344482421875" lon="7.24524241872131824493408203125">
        <ele>8.6000003814697265625</ele>
        <time>2026-02-22T09:38:32.000Z</time>
        <extensions>
          <ns3:TrackPointExtension>
            <ns3:hr>145</ns3:hr>
          </ns3:TrackPointExtension>
        </extensions>
      </trkpt>
      <trkpt lat="43.69042041711509227752685546875" lon="7.24533855915069580078125">
        <ele>8.6000003814697265625</ele>
        <time>2026-02-22T09:38:34.000Z</time>
        <extensions>
          <ns3:TrackPointExtension>
            <ns3:hr>145</ns3:hr>
          </ns3:TrackPointExtension>
        </extensions>
      </trkpt>
      <trkpt lat="43.69045293889939785003662109375" lon="7.2454302571713924407958984375">
        <ele>8.80000019073486328125</ele>
        <time>2026-02-22T09:38:36.000Z</time>
        <extensions>
          <ns3:TrackPointExtension>
            <ns3:hr>144</ns3:hr>
          </ns3:TrackPointExtension>
        </extensions>
      </trkpt>
      <trkpt lat="43.69058101437985897064208984375" lon="7.245778106153011322021484375">
        <ele>9.19999980926513671875</ele>
        <time>2026-02-22T09:38:42.000Z</time>
        <extensions>
          <ns3:TrackPointExtension>
            <ns3:hr>145</ns3:hr>
          </ns3:TrackPointExtension>
        </extensions>
      </trkpt>
      <trkpt lat="43.69065343402326107025146484375" lon="7.24597583524882793426513671875">
        <ele>9.19999980926513671875</ele>
        <time>2026-02-22T09:38:47.000Z</time>
        <extensions>
          <ns3:TrackPointExtension>
            <ns3:hr>143</ns3:hr>
          </ns3:TrackPointExtension>
        </extensions>
      </trkpt>
      <trkpt lat="43.6907435394823551177978515625" lon="7.2462543658912181854248046875">
        <ele>8.19999980926513671875</ele>
        <time>2026-02-22T09:38:53.000Z</time>
        <extensions>
          <ns3:TrackPointExtension>
            <ns3:hr>141</ns3:hr>
          </ns3:TrackPointExtension>
        </extensions>
      </trkpt>
      <trkpt lat="43.6907636560499668121337890625" lon="7.24631287157535552978515625">
        <ele>7.599999904632568359375</ele>
        <time>2026-02-22T09:38:54.000Z</time>
        <extensions>
          <ns3:TrackPointExtension>
            <ns3:hr>141</ns3:hr>
          </ns3:TrackPointExtension>
        </extensions>
      </trkpt>
      <trkpt lat="43.6909205652773380279541015625" lon="7.24675736390054225921630859375">
        <ele>7</ele>
        <time>2026-02-22T09:39:01.000Z</time>
        <extensions>
          <ns3:TrackPointExtension>
            <ns3:hr>140</ns3:hr>
          </ns3:TrackPointExtension>
        </extensions>
      </trkpt>
      <trkpt lat="43.69101226329803466796875" lon="7.2470258362591266632080078125">
        <ele>6.400000095367431640625</ele>
        <time>2026-02-22T09:39:05.000Z</time>
        <extensions>
          <ns3:TrackPointExtension>
            <ns3:hr>141</ns3:hr>
          </ns3:TrackPointExtension>
        </extensions>
      </trkpt>
      <trkpt lat="43.6911569349467754364013671875" lon="7.2474362142384052276611328125">
        <ele>6</ele>
        <time>2026-02-22T09:39:11.000Z</time>
        <extensions>
          <ns3:TrackPointExtension>
            <ns3:hr>141</ns3:hr>
          </ns3:TrackPointExtension>
        </extensions>
      </trkpt>
      <trkpt lat="43.691402859985828399658203125" lon="7.248165942728519439697265625">
        <ele>6</ele>
        <time>2026-02-22T09:39:22.000Z</time>
        <extensions>
          <ns3:TrackPointExtension>
            <ns3:hr>143</ns3:hr>
          </ns3:TrackPointExtension>
        </extensions>
      </trkpt>
      <trkpt lat="43.691422306001186370849609375" lon="7.2482179105281829833984375">
        <ele>6</ele>
        <time>2026-02-22T09:39:23.000Z</time>
        <extensions>
          <ns3:TrackPointExtension>
            <ns3:hr>143</ns3:hr>
          </ns3:TrackPointExtension>
        </extensions>
      </trkpt>
      <trkpt lat="43.691669069230556488037109375" lon="7.24893271923065185546875">
        <ele>6.19999980926513671875</ele>
        <time>2026-02-22T09:39:34.000Z</time>
        <extensions>
          <ns3:TrackPointExtension>
            <ns3:hr>143</ns3:hr>
          </ns3:TrackPointExtension>
        </extensions>
      </trkpt>
      <trkpt lat="43.6918895132839679718017578125" lon="7.2496466897428035736083984375">
        <ele>6.19999980926513671875</ele>
        <time>2026-02-22T09:39:45.000Z</time>
        <extensions>
          <ns3:TrackPointExtension>
            <ns3:hr>144</ns3:hr>
          </ns3:TrackPointExtension>
        </extensions>
      </trkpt>
      <trkpt lat="43.6920712329447269439697265625" lon="7.25014767609536647796630859375">
        <ele>6.599999904632568359375</ele>
        <time>2026-02-22T09:39:53.000Z</time>
        <extensions>
          <ns3:TrackPointExtension>
            <ns3:hr>145</ns3:hr>
          </ns3:TrackPointExtension>
        </extensions>
      </trkpt>
      <trkpt lat="43.69227080605924129486083984375" lon="7.25071781314909458160400390625">
        <ele>7.19999980926513671875</ele>
        <time>2026-02-22T09:40:02.000Z</time>
        <extensions>
          <ns3:TrackPointExtension>
            <ns3:hr>147</ns3:hr>
          </ns3:TrackPointExtension>
        </extensions>
      </trkpt>
      <trkpt lat="43.692451603710651397705078125" lon="7.2512432746589183807373046875">
        <ele>7.599999904632568359375</ele>
        <time>2026-02-22T09:40:10.000Z</time>
        <extensions>
          <ns3:TrackPointExtension>
            <ns3:hr>148</ns3:hr>
          </ns3:TrackPointExtension>
        </extensions>
      </trkpt>
      <trkpt lat="43.6924930103123188018798828125" lon="7.2513710148632526397705078125">
        <ele>7.599999904632568359375</ele>
        <time>2026-02-22T09:40:12.000Z</time>
        <extensions>
          <ns3:TrackPointExtension>
            <ns3:hr>148</ns3:hr>
          </ns3:TrackPointExtension>
        </extensions>
      </trkpt>
      <trkpt lat="43.69266651570796966552734375" lon="7.25188893266022205352783203125">
        <ele>8</ele>
        <time>2026-02-22T09:40:20.000Z</time>
        <extensions>
          <ns3:TrackPointExtension>
            <ns3:hr>149</ns3:hr>
          </ns3:TrackPointExtension>
        </extensions>
      </trkpt>
      <trkpt lat="43.69282736442983150482177734375" lon="7.252561412751674652099609375">
        <ele>8.3999996185302734375</ele>
        <time>2026-02-22T09:40:30.000Z</time>
        <extensions>
          <ns3:TrackPointExtension>
            <ns3:hr>149</ns3:hr>
          </ns3:TrackPointExtension>
        </extensions>
      </trkpt>
      <trkpt lat="43.692882768809795379638671875" lon="7.2528090141713619232177734375">
        <ele>8.6000003814697265625</ele>
        <time>2026-02-22T09:40:34.000Z</time>
        <extensions>
          <ns3:TrackPointExtension>
            <ns3:hr>149</ns3:hr>
          </ns3:TrackPointExtension>
        </extensions>
      </trkpt>
      <trkpt lat="43.69291059672832489013671875" lon="7.2529401071369647979736328125">
        <ele>8.80000019073486328125</ele>
        <time>2026-02-22T09:40:36.000Z</time>
        <extensions>
          <ns3:TrackPointExtension>
            <ns3:hr>148</ns3:hr>
          </ns3:TrackPointExtension>
        </extensions>
      </trkpt>
      <trkpt lat="43.69304914958775043487548828125" lon="7.25352541543543338775634765625">
        <ele>9.3999996185302734375</ele>
        <time>2026-02-22T09:40:45.000Z</time>
        <extensions>
          <ns3:TrackPointExtension>
            <ns3:hr>151</ns3:hr>
          </ns3:TrackPointExtension>
        </extensions>
      </trkpt>
      <trkpt lat="43.69309592060744762420654296875" lon="7.25373311899602413177490234375">
        <ele>9</ele>
        <time>2026-02-22T09:40:48.000Z</time>
        <extensions>
          <ns3:TrackPointExtension>
            <ns3:hr>152</ns3:hr>
          </ns3:TrackPointExtension>
        </extensions>
      </trkpt>
      <trkpt lat="43.69322416372597217559814453125" lon="7.2543110512197017669677734375">
        <ele>8.80000019073486328125</ele>
        <time>2026-02-22T09:40:56.000Z</time>
        <extensions>
          <ns3:TrackPointExtension>
            <ns3:hr>152</ns3:hr>
          </ns3:TrackPointExtension>
        </extensions>
      </trkpt>
      <trkpt lat="43.693371601402759552001953125" lon="7.25495763123035430908203125">
        <ele>9.6000003814697265625</ele>
        <time>2026-02-22T09:41:05.000Z</time>
        <extensions>
          <ns3:TrackPointExtension>
            <ns3:hr>153</ns3:hr>
          </ns3:TrackPointExtension>
        </extensions>
      </trkpt>
      <trkpt lat="43.69339113123714923858642578125" lon="7.2550308890640735626220703125">
        <ele>9.6000003814697265625</ele>
        <time>2026-02-22T09:41:06.000Z</time>
        <extensions>
          <ns3:TrackPointExtension>
            <ns3:hr>154</ns3:hr>
          </ns3:TrackPointExtension>
        </extensions>
      </trkpt>
      <trkpt lat="43.69348517619073390960693359375" lon="7.2554181329905986785888671875">
        <ele>9</ele>
        <time>2026-02-22T09:41:11.000Z</time>
        <extensions>
          <ns3:TrackPointExtension>
            <ns3:hr>151</ns3:hr>
          </ns3:TrackPointExtension>
        </extensions>
      </trkpt>
      <trkpt lat="43.69352440349757671356201171875" lon="7.2556591965258121490478515625">
        <ele>9</ele>
        <time>2026-02-22T09:41:14.000Z</time>
        <extensions>
          <ns3:TrackPointExtension>
            <ns3:hr>151</ns3:hr>
          </ns3:TrackPointExtension>
        </extensions>
      </trkpt>
      <trkpt lat="43.69361065328121185302734375" lon="7.2561155073344707489013671875">
        <ele>9.3999996185302734375</ele>
        <time>2026-02-22T09:41:20.000Z</time>
        <extensions>
          <ns3:TrackPointExtension>
            <ns3:hr>154</ns3:hr>
          </ns3:TrackPointExtension>
        </extensions>
      </trkpt>
      <trkpt lat="43.6936745233833789825439453125" lon="7.25639655254781246185302734375">
        <ele>9.3999996185302734375</ele>
        <time>2026-02-22T09:41:24.000Z</time>
        <extensions>
          <ns3:TrackPointExtension>
            <ns3:hr>157</ns3:hr>
          </ns3:TrackPointExtension>
        </extensions>
      </trkpt>
      <trkpt lat="43.6937114037573337554931640625" lon="7.25655446760356426239013671875">
        <ele>9.6000003814697265625</ele>
        <time>2026-02-22T09:41:28.000Z</time>
        <extensions>
          <ns3:TrackPointExtension>
            <ns3:hr>158</ns3:hr>
          </ns3:TrackPointExtension>
        </extensions>
      </trkpt>
      <trkpt lat="43.693713247776031494140625" lon="7.25657240487635135650634765625">
        <ele>9.80000019073486328125</ele>
        <time>2026-02-22T09:41:31.000Z</time>
        <extensions>
          <ns3:TrackPointExtension>
            <ns3:hr>157</ns3:hr>
          </ns3:TrackPointExtension>
        </extensions>
      </trkpt>
      <trkpt lat="43.693726994097232818603515625" lon="7.256629653275012969970703125">
        <ele>9.6000003814697265625</ele>
        <time>2026-02-22T09:41:35.000Z</time>
        <extensions>
          <ns3:TrackPointExtension>
            <ns3:hr>155</ns3:hr>
          </ns3:TrackPointExtension>
        </extensions>
      </trkpt>
      <trkpt lat="43.69376957416534423828125" lon="7.256793268024921417236328125">
        <ele>9.6000003814697265625</ele>
        <time>2026-02-22T09:41:39.000Z</time>
        <extensions>
          <ns3:TrackPointExtension>
            <ns3:hr>152</ns3:hr>
          </ns3:TrackPointExtension>
        </extensions>
      </trkpt>
      <trkpt lat="43.6937828175723552703857421875" lon="7.256846912205219268798828125">
        <ele>9.6000003814697265625</ele>
        <time>2026-02-22T09:41:40.000Z</time>
        <extensions>
          <ns3:TrackPointExtension>
            <ns3:hr>152</ns3:hr>
          </ns3:TrackPointExtension>
        </extensions>
      </trkpt>
      <trkpt lat="43.69383998215198516845703125" lon="7.2571042366325855255126953125">
        <ele>9.19999980926513671875</ele>
        <time>2026-02-22T09:41:44.000Z</time>
        <extensions>
          <ns3:TrackPointExtension>
            <ns3:hr>153</ns3:hr>
          </ns3:TrackPointExtension>
        </extensions>
      </trkpt>
      <trkpt lat="43.6938716657459735870361328125" lon="7.25724178366363048553466796875">
        <ele>8.3999996185302734375</ele>
        <time>2026-02-22T09:41:46.000Z</time>
        <extensions>
          <ns3:TrackPointExtension>
            <ns3:hr>154</ns3:hr>
          </ns3:TrackPointExtension>
        </extensions>
      </trkpt>
      <trkpt lat="43.6939179338514804840087890625" lon="7.257443033158779144287109375">
        <ele>8</ele>
        <time>2026-02-22T09:41:49.000Z</time>
        <extensions>
          <ns3:TrackPointExtension>
            <ns3:hr>157</ns3:hr>
          </ns3:TrackPointExtension>
        </extensions>
      </trkpt>
      <trkpt lat="43.693992532789707183837890625" lon="7.25779943168163299560546875">
        <ele>9.6000003814697265625</ele>
        <time>2026-02-22T09:41:54.000Z</time>
        <extensions>
          <ns3:TrackPointExtension>
            <ns3:hr>159</ns3:hr>
          </ns3:TrackPointExtension>
        </extensions>
      </trkpt>
      <trkpt lat="43.69400904513895511627197265625" lon="7.25786439143121242523193359375">
        <ele>9.6000003814697265625</ele>
        <time>2026-02-22T09:41:55.000Z</time>
        <extensions>
          <ns3:TrackPointExtension>
            <ns3:hr>158</ns3:hr>
          </ns3:TrackPointExtension>
        </extensions>
      </trkpt>
      <trkpt lat="43.69412220083177089691162109375" lon="7.25833587348461151123046875">
        <ele>9.19999980926513671875</ele>
        <time>2026-02-22T09:42:02.000Z</time>
        <extensions>
          <ns3:TrackPointExtension>
            <ns3:hr>158</ns3:hr>
          </ns3:TrackPointExtension>
        </extensions>
      </trkpt>
      <trkpt lat="43.6942042596638202667236328125" lon="7.258825041353702545166015625">
        <ele>9.19999980926513671875</ele>
        <time>2026-02-22T09:42:09.000Z</time>
        <extensions>
          <ns3:TrackPointExtension>
            <ns3:hr>157</ns3:hr>
          </ns3:TrackPointExtension>
        </extensions>
      </trkpt>
      <trkpt lat="43.6942387931048870086669921875" lon="7.25921320728957653045654296875">
        <ele>9.3999996185302734375</ele>
        <time>2026-02-22T09:42:15.000Z</time>
        <extensions>
          <ns3:TrackPointExtension>
            <ns3:hr>156</ns3:hr>
          </ns3:TrackPointExtension>
        </extensions>
      </trkpt>
      <trkpt lat="43.69425195269286632537841796875" lon="7.2592845372855663299560546875">
        <ele>9.3999996185302734375</ele>
        <time>2026-02-22T09:42:16.000Z</time>
        <extensions>
          <ns3:TrackPointExtension>
            <ns3:hr>156</ns3:hr>
          </ns3:TrackPointExtension>
        </extensions>
      </trkpt>
      <trkpt lat="43.69430157355964183807373046875" lon="7.2596587054431438446044921875">
        <ele>9.3999996185302734375</ele>
        <time>2026-02-22T09:42:21.000Z</time>
        <extensions>
          <ns3:TrackPointExtension>
            <ns3:hr>155</ns3:hr>
          </ns3:TrackPointExtension>
        </extensions>
      </trkpt>
      <trkpt lat="43.69439628906548023223876953125" lon="7.260238230228424072265625">
        <ele>8.80000019073486328125</ele>
        <time>2026-02-22T09:42:29.000Z</time>
        <extensions>
          <ns3:TrackPointExtension>
            <ns3:hr>152</ns3:hr>
          </ns3:TrackPointExtension>
        </extensions>
      </trkpt>
      <trkpt lat="43.69440986774861812591552734375" lon="7.26037326268851757049560546875">
        <ele>9</ele>
        <time>2026-02-22T09:42:31.000Z</time>
        <extensions>
          <ns3:TrackPointExtension>
            <ns3:hr>151</ns3:hr>
          </ns3:TrackPointExtension>
        </extensions>
      </trkpt>
      <trkpt lat="43.69447424076497554779052734375" lon="7.26079051382839679718017578125">
        <ele>9.3999996185302734375</ele>
        <time>2026-02-22T09:42:37.000Z</time>
        <extensions>
          <ns3:TrackPointExtension>
            <ns3:hr>148</ns3:hr>
          </ns3:TrackPointExtension>
        </extensions>
      </trkpt>
      <trkpt lat="43.69449737481772899627685546875" lon="7.2609344311058521270751953125">
        <ele>9.3999996185302734375</ele>
        <time>2026-02-22T09:42:39.000Z</time>
        <extensions>
          <ns3:TrackPointExtension>
            <ns3:hr>147</ns3:hr>
          </ns3:TrackPointExtension>
        </extensions>
      </trkpt>
      <trkpt lat="43.6945589818060398101806640625" lon="7.26145930588245391845703125">
        <ele>9.80000019073486328125</ele>
        <time>2026-02-22T09:42:46.000Z</time>
        <extensions>
          <ns3:TrackPointExtension>
            <ns3:hr>148</ns3:hr>
          </ns3:TrackPointExtension>
        </extensions>
      </trkpt>
      <trkpt lat="43.6946136318147182464599609375" lon="7.26206858642399311065673828125">
        <ele>9.6000003814697265625</ele>
        <time>2026-02-22T09:42:54.000Z</time>
        <extensions>
          <ns3:TrackPointExtension>
            <ns3:hr>149</ns3:hr>
          </ns3:TrackPointExtension>
        </extensions>
      </trkpt>
      <trkpt lat="43.69462729431688785552978515625" lon="7.2624911181628704071044921875">
        <ele>9.6000003814697265625</ele>
        <time>2026-02-22T09:43:00.000Z</time>
        <extensions>
          <ns3:TrackPointExtension>
            <ns3:hr>150</ns3:hr>
          </ns3:TrackPointExtension>
        </extensions>
      </trkpt>
      <trkpt lat="43.6946666054427623748779296875" lon="7.26300417445600032806396484375">
        <ele>9.6000003814697265625</ele>
        <time>2026-02-22T09:43:07.000Z</time>
        <extensions>
          <ns3:TrackPointExtension>
            <ns3:hr>151</ns3:hr>
          </ns3:TrackPointExtension>
        </extensions>
      </trkpt>
      <trkpt lat="43.6947199143469333648681640625" lon="7.26380649022758007049560546875">
        <ele>9.6000003814697265625</ele>
        <time>2026-02-22T09:43:18.000Z</time>
        <extensions>
          <ns3:TrackPointExtension>
            <ns3:hr>152</ns3:hr>
          </ns3:TrackPointExtension>
        </extensions>
      </trkpt>
      <trkpt lat="43.69474246166646480560302734375" lon="7.26432734169065952301025390625">
        <ele>9.3999996185302734375</ele>
        <time>2026-02-22T09:43:25.000Z</time>
        <extensions>
          <ns3:TrackPointExtension>
            <ns3:hr>153</ns3:hr>
          </ns3:TrackPointExtension>
        </extensions>
      </trkpt>
      <trkpt lat="43.69475327432155609130859375" lon="7.26470620371401309967041015625">
        <ele>9.80000019073486328125</ele>
        <time>2026-02-22T09:43:30.000Z</time>
        <extensions>
          <ns3:TrackPointExtension>
            <ns3:hr>153</ns3:hr>
          </ns3:TrackPointExtension>
        </extensions>
      </trkpt>
      <trkpt lat="43.694764673709869384765625" lon="7.26492606103420257568359375">
        <ele>10</ele>
        <time>2026-02-22T09:43:33.000Z</time>
        <extensions>
          <ns3:TrackPointExtension>
            <ns3:hr>152</ns3:hr>
          </ns3:TrackPointExtension>
        </extensions>
      </trkpt>
      <trkpt lat="43.694770038127899169921875" lon="7.265197299420833587646484375">
        <ele>10</ele>
        <time>2026-02-22T09:43:38.000Z</time>
        <extensions>
          <ns3:TrackPointExtension>
            <ns3:hr>152</ns3:hr>
          </ns3:TrackPointExtension>
        </extensions>
      </trkpt>
      <trkpt lat="43.69478085078299045562744140625" lon="7.26530425250530242919921875">
        <ele>10.19999980926513671875</ele>
        <time>2026-02-22T09:43:43.000Z</time>
        <extensions>
          <ns3:TrackPointExtension>
            <ns3:hr>149</ns3:hr>
          </ns3:TrackPointExtension>
        </extensions>
      </trkpt>
      <trkpt lat="43.6947805993258953094482421875" lon="7.2653104551136493682861328125">
        <ele>10.19999980926513671875</ele>
        <time>2026-02-22T09:43:44.000Z</time>
        <extensions>
          <ns3:TrackPointExtension>
            <ns3:hr>149</ns3:hr>
          </ns3:TrackPointExtension>
        </extensions>
      </trkpt>
      <trkpt lat="43.694786131381988525390625" lon="7.2653691284358501434326171875">
        <ele>10.19999980926513671875</ele>
        <time>2026-02-22T09:43:48.000Z</time>
        <extensions>
          <ns3:TrackPointExtension>
            <ns3:hr>146</ns3:hr>
          </ns3:TrackPointExtension>
        </extensions>
      </trkpt>
      <trkpt lat="43.694785125553607940673828125" lon="7.26549427025020122528076171875">
        <ele>10.19999980926513671875</ele>
        <time>2026-02-22T09:43:51.000Z</time>
        <extensions>
          <ns3:TrackPointExtension>
            <ns3:hr>142</ns3:hr>
          </ns3:TrackPointExtension>
        </extensions>
      </trkpt>
      <trkpt lat="43.694803901016712188720703125" lon="7.265724353492259979248046875">
        <ele>9.3999996185302734375</ele>
        <time>2026-02-22T09:43:55.000Z</time>
        <extensions>
          <ns3:TrackPointExtension>
            <ns3:hr>141</ns3:hr>
          </ns3:TrackPointExtension>
        </extensions>
      </trkpt>
      <trkpt lat="43.69480465538799762725830078125" lon="7.26578596048057079315185546875">
        <ele>9.3999996185302734375</ele>
        <time>2026-02-22T09:43:56.000Z</time>
        <extensions>
          <ns3:TrackPointExtension>
            <ns3:hr>141</ns3:hr>
          </ns3:TrackPointExtension>
        </extensions>
      </trkpt>
      <trkpt lat="43.6948263645172119140625" lon="7.266095168888568878173828125">
        <ele>9.3999996185302734375</ele>
        <time>2026-02-22T09:44:01.000Z</time>
        <extensions>
          <ns3:TrackPointExtension>
            <ns3:hr>143</ns3:hr>
          </ns3:TrackPointExtension>
        </extensions>
      </trkpt>
      <trkpt lat="43.69482091628015041351318359375" lon="7.26621662266552448272705078125">
        <ele>9.3999996185302734375</ele>
        <time>2026-02-22T09:44:03.000Z</time>
        <extensions>
          <ns3:TrackPointExtension>
            <ns3:hr>148</ns3:hr>
          </ns3:TrackPointExtension>
        </extensions>
      </trkpt>
      <trkpt lat="43.69482410140335559844970703125" lon="7.26627361960709095001220703125">
        <ele>9.3999996185302734375</ele>
        <time>2026-02-22T09:44:04.000Z</time>
        <extensions>
          <ns3:TrackPointExtension>
            <ns3:hr>151</ns3:hr>
          </ns3:TrackPointExtension>
        </extensions>
      </trkpt>
      <trkpt lat="43.6948285438120365142822265625" lon="7.26632642559707164764404296875">
        <ele>9.3999996185302734375</ele>
        <time>2026-02-22T09:44:05.000Z</time>
        <extensions>
          <ns3:TrackPointExtension>
            <ns3:hr>151</ns3:hr>
          </ns3:TrackPointExtension>
        </extensions>
      </trkpt>
      <trkpt lat="43.6948540247976779937744140625" lon="7.2664762102067470550537109375">
        <ele>9.80000019073486328125</ele>
        <time>2026-02-22T09:44:09.000Z</time>
        <extensions>
          <ns3:TrackPointExtension>
            <ns3:hr>149</ns3:hr>
          </ns3:TrackPointExtension>
        </extensions>
      </trkpt>
      <trkpt lat="43.69486014358699321746826171875" lon="7.266490124166011810302734375">
        <ele>9.80000019073486328125</ele>
        <time>2026-02-22T09:44:10.000Z</time>
        <extensions>
          <ns3:TrackPointExtension>
            <ns3:hr>149</ns3:hr>
          </ns3:TrackPointExtension>
        </extensions>
      </trkpt>
      <trkpt lat="43.69486324489116668701171875" lon="7.2664919681847095489501953125">
        <ele>9.80000019073486328125</ele>
        <time>2026-02-22T09:44:12.000Z</time>
        <extensions>
          <ns3:TrackPointExtension>
            <ns3:hr>146</ns3:hr>
          </ns3:TrackPointExtension>
        </extensions>
      </trkpt>
      <trkpt lat="43.69489266537129878997802734375" lon="7.2665335424244403839111328125">
        <ele>9</ele>
        <time>2026-02-22T09:44:47.000Z</time>
        <extensions>
          <ns3:TrackPointExtension>
            <ns3:hr>116</ns3:hr>
          </ns3:TrackPointExtension>
        </extensions>
      </trkpt>
      <trkpt lat="43.694893755018711090087890625" lon="7.26656757295131683349609375">
        <ele>9</ele>
        <time>2026-02-22T09:44:48.000Z</time>
        <extensions>
          <ns3:TrackPointExtension>
            <ns3:hr>116</ns3:hr>
          </ns3:TrackPointExtension>
        </extensions>
      </trkpt>
      <trkpt lat="43.6948907375335693359375" lon="7.266611158847808837890625">
        <ele>8.80000019073486328125</ele>
        <time>2026-02-22T09:44:49.000Z</time>
        <extensions>
          <ns3:TrackPointExtension>
            <ns3:hr>116</ns3:hr>
          </ns3:TrackPointExtension>
        </extensions>
      </trkpt>
      <trkpt lat="43.6948949284851551055908203125" lon="7.2668460197746753692626953125">
        <ele>8.3999996185302734375</ele>
        <time>2026-02-22T09:44:53.000Z</time>
        <extensions>
          <ns3:TrackPointExtension>
            <ns3:hr>114</ns3:hr>
          </ns3:TrackPointExtension>
        </extensions>
      </trkpt>
      <trkpt lat="43.69491043500602245330810546875" lon="7.26732521317899227142333984375">
        <ele>9</ele>
        <time>2026-02-22T09:45:00.000Z</time>
        <extensions>
          <ns3:TrackPointExtension>
            <ns3:hr>114</ns3:hr>
          </ns3:TrackPointExtension>
        </extensions>
      </trkpt>
      <trkpt lat="43.69493239559233188629150390625" lon="7.26767524145543575286865234375">
        <ele>9.6000003814697265625</ele>
        <time>2026-02-22T09:45:05.000Z</time>
        <extensions>
          <ns3:TrackPointExtension>
            <ns3:hr>113</ns3:hr>
          </ns3:TrackPointExtension>
        </extensions>
      </trkpt>
      <trkpt lat="43.69494505226612091064453125" lon="7.2678786702454090118408203125">
        <ele>10.19999980926513671875</ele>
        <time>2026-02-22T09:45:08.000Z</time>
        <extensions>
          <ns3:TrackPointExtension>
            <ns3:hr>113</ns3:hr>
          </ns3:TrackPointExtension>
        </extensions>
      </trkpt>
      <trkpt lat="43.69495309889316558837890625" lon="7.26801269687712192535400390625">
        <ele>10.80000019073486328125</ele>
        <time>2026-02-22T09:45:10.000Z</time>
        <extensions>
          <ns3:TrackPointExtension>
            <ns3:hr>113</ns3:hr>
          </ns3:TrackPointExtension>
        </extensions>
      </trkpt>
      <trkpt lat="43.69496508501470088958740234375" lon="7.26838535629212856292724609375">
        <ele>11</ele>
        <time>2026-02-22T09:45:16.000Z</time>
        <extensions>
          <ns3:TrackPointExtension>
            <ns3:hr>116</ns3:hr>
          </ns3:TrackPointExtension>
        </extensions>
      </trkpt>
      <trkpt lat="43.6949650011956691741943359375" lon="7.2684390842914581298828125">
        <ele>11</ele>
        <time>2026-02-22T09:45:17.000Z</time>
        <extensions>
          <ns3:TrackPointExtension>
            <ns3:hr>116</ns3:hr>
          </ns3:TrackPointExtension>
        </extensions>
      </trkpt>
      <trkpt lat="43.69497916661202907562255859375" lon="7.26868375204503536224365234375">
        <ele>11.19999980926513671875</ele>
        <time>2026-02-22T09:45:23.000Z</time>
        <extensions>
          <ns3:TrackPointExtension>
            <ns3:hr>116</ns3:hr>
          </ns3:TrackPointExtension>
        </extensions>
      </trkpt>
      <trkpt lat="43.6949834413826465606689453125" lon="7.26870596408843994140625">
        <ele>11.19999980926513671875</ele>
        <time>2026-02-22T09:45:24.000Z</time>
        <extensions>
          <ns3:TrackPointExtension>
            <ns3:hr>115</ns3:hr>
          </ns3:TrackPointExtension>
        </extensions>
      </trkpt>
      <trkpt lat="43.694987632334232330322265625" lon="7.26872951723635196685791015625">
        <ele>11.3999996185302734375</ele>
        <time>2026-02-22T09:45:26.000Z</time>
        <extensions>
          <ns3:TrackPointExtension>
            <ns3:hr>123</ns3:hr>
          </ns3:TrackPointExtension>
        </extensions>
      </trkpt>
      <trkpt lat="43.694987632334232330322265625" lon="7.26872951723635196685791015625">
        <ele>11.3999996185302734375</ele>
        <time>2026-02-22T09:45:27.000Z</time>
        <extensions>
          <ns3:TrackPointExtension>
            <ns3:hr>139</ns3:hr>
          </ns3:TrackPointExtension>
        </extensions>
      </trkpt>
      <trkpt lat="43.694987632334232330322265625" lon="7.26872951723635196685791015625">
        <ele>11.3999996185302734375</ele>
        <time>2026-02-22T09:45:28.000Z</time>
        <extensions>
          <ns3:TrackPointExtension>
            <ns3:hr>149</ns3:hr>
          </ns3:TrackPointExtension>
        </extensions>
      </trkpt>
      <trkpt lat="43.69498620741069316864013671875" lon="7.2688104026019573211669921875">
        <ele>11.3999996185302734375</ele>
        <time>2026-02-22T09:45:33.000Z</time>
        <extensions>
          <ns3:TrackPointExtension>
            <ns3:hr>151</ns3:hr>
          </ns3:TrackPointExtension>
        </extensions>
      </trkpt>
      <trkpt lat="43.69498838670551776885986328125" lon="7.2688486240804195404052734375">
        <ele>11.6000003814697265625</ele>
        <time>2026-02-22T09:45:34.000Z</time>
        <extensions>
          <ns3:TrackPointExtension>
            <ns3:hr>150</ns3:hr>
          </ns3:TrackPointExtension>
        </extensions>
      </trkpt>
      <trkpt lat="43.695022165775299072265625" lon="7.2690943814814090728759765625">
        <ele>11.3999996185302734375</ele>
        <time>2026-02-22T09:45:39.000Z</time>
        <extensions>
          <ns3:TrackPointExtension>
            <ns3:hr>150</ns3:hr>
          </ns3:TrackPointExtension>
        </extensions>
      </trkpt>
      <trkpt lat="43.69506751187145709991455078125" lon="7.26925020106136798858642578125">
        <ele>11.19999980926513671875</ele>
        <time>2026-02-22T09:45:44.000Z</time>
        <extensions>
          <ns3:TrackPointExtension>
            <ns3:hr>149</ns3:hr>
          </ns3:TrackPointExtension>
        </extensions>
      </trkpt>
      <trkpt lat="43.6950706131756305694580078125" lon="7.26926914416253566741943359375">
        <ele>11.19999980926513671875</ele>
        <time>2026-02-22T09:45:46.000Z</time>
        <extensions>
          <ns3:TrackPointExtension>
            <ns3:hr>149</ns3:hr>
          </ns3:TrackPointExtension>
        </extensions>
      </trkpt>
      <trkpt lat="43.695060051977634429931640625" lon="7.26930635981261730194091796875">
        <ele>11.19999980926513671875</ele>
        <time>2026-02-22T09:45:48.000Z</time>
        <extensions>
          <ns3:TrackPointExtension>
            <ns3:hr>149</ns3:hr>
          </ns3:TrackPointExtension>
        </extensions>
      </trkpt>
      <trkpt lat="43.695051670074462890625" lon="7.26931574754416942596435546875">
        <ele>11.19999980926513671875</ele>
        <time>2026-02-22T09:45:49.000Z</time>
        <extensions>
          <ns3:TrackPointExtension>
            <ns3:hr>149</ns3:hr>
          </ns3:TrackPointExtension>
        </extensions>
      </trkpt>
      <trkpt lat="43.695042617619037628173828125" lon="7.269324548542499542236328125">
        <ele>11</ele>
        <time>2026-02-22T09:45:50.000Z</time>
        <extensions>
          <ns3:TrackPointExtension>
            <ns3:hr>148</ns3:hr>
          </ns3:TrackPointExtension>
        </extensions>
      </trkpt>
      <trkpt lat="43.69502593763172626495361328125" lon="7.2694460861384868621826171875">
        <ele>10.80000019073486328125</ele>
        <time>2026-02-22T09:45:54.000Z</time>
        <extensions>
          <ns3:TrackPointExtension>
            <ns3:hr>147</ns3:hr>
          </ns3:TrackPointExtension>
        </extensions>
      </trkpt>
      <trkpt lat="43.6950303800404071807861328125" lon="7.26976166479289531707763671875">
        <ele>10.19999980926513671875</ele>
        <time>2026-02-22T09:45:59.000Z</time>
        <extensions>
          <ns3:TrackPointExtension>
            <ns3:hr>147</ns3:hr>
          </ns3:TrackPointExtension>
        </extensions>
      </trkpt>
      <trkpt lat="43.6950377561151981353759765625" lon="7.2702876292169094085693359375">
        <ele>10.19999980926513671875</ele>
        <time>2026-02-22T09:46:06.000Z</time>
        <extensions>
          <ns3:TrackPointExtension>
            <ns3:hr>148</ns3:hr>
          </ns3:TrackPointExtension>
        </extensions>
      </trkpt>
      <trkpt lat="43.69504488073289394378662109375" lon="7.270503379404544830322265625">
        <ele>10</ele>
        <time>2026-02-22T09:46:09.000Z</time>
        <extensions>
          <ns3:TrackPointExtension>
            <ns3:hr>152</ns3:hr>
          </ns3:TrackPointExtension>
        </extensions>
      </trkpt>
      <trkpt lat="43.695047311484813690185546875" lon="7.27057537995278835296630859375">
        <ele>10.19999980926513671875</ele>
        <time>2026-02-22T09:46:10.000Z</time>
        <extensions>
          <ns3:TrackPointExtension>
            <ns3:hr>155</ns3:hr>
          </ns3:TrackPointExtension>
        </extensions>
      </trkpt>
      <trkpt lat="43.69504957459867000579833984375" lon="7.2707261703908443450927734375">
        <ele>10.80000019073486328125</ele>
        <time>2026-02-22T09:46:12.000Z</time>
        <extensions>
          <ns3:TrackPointExtension>
            <ns3:hr>157</ns3:hr>
          </ns3:TrackPointExtension>
        </extensions>
      </trkpt>
      <trkpt lat="43.69504454545676708221435546875" lon="7.271006293594837188720703125">
        <ele>11.19999980926513671875</ele>
        <time>2026-02-22T09:46:17.000Z</time>
        <extensions>
          <ns3:TrackPointExtension>
            <ns3:hr>157</ns3:hr>
          </ns3:TrackPointExtension>
        </extensions>
      </trkpt>
      <trkpt lat="43.69503649882972240447998046875" lon="7.2711147554218769073486328125">
        <ele>11</ele>
        <time>2026-02-22T09:46:19.000Z</time>
        <extensions>
          <ns3:TrackPointExtension>
            <ns3:hr>158</ns3:hr>
          </ns3:TrackPointExtension>
        </extensions>
      </trkpt>
      <trkpt lat="43.69504303671419620513916015625" lon="7.2712421603500843048095703125">
        <ele>10.80000019073486328125</ele>
        <time>2026-02-22T09:46:21.000Z</time>
        <extensions>
          <ns3:TrackPointExtension>
            <ns3:hr>157</ns3:hr>
          </ns3:TrackPointExtension>
        </extensions>
      </trkpt>
      <trkpt lat="43.695050664246082305908203125" lon="7.27130779065191745758056640625">
        <ele>11</ele>
        <time>2026-02-22T09:46:22.000Z</time>
        <extensions>
          <ns3:TrackPointExtension>
            <ns3:hr>157</ns3:hr>
          </ns3:TrackPointExtension>
        </extensions>
      </trkpt>
      <trkpt lat="43.69505443610250949859619140625" lon="7.2713732533156871795654296875">
        <ele>10.80000019073486328125</ele>
        <time>2026-02-22T09:46:23.000Z</time>
        <extensions>
          <ns3:TrackPointExtension>
            <ns3:hr>157</ns3:hr>
          </ns3:TrackPointExtension>
        </extensions>
      </trkpt>
      <trkpt lat="43.69506038725376129150390625" lon="7.271716408431529998779296875">
        <ele>11</ele>
        <time>2026-02-22T09:46:28.000Z</time>
        <extensions>
          <ns3:TrackPointExtension>
            <ns3:hr>157</ns3:hr>
          </ns3:TrackPointExtension>
        </extensions>
      </trkpt>
      <trkpt lat="43.6950732953846454620361328125" lon="7.27228243835270404815673828125">
        <ele>10.80000019073486328125</ele>
        <time>2026-02-22T09:46:36.000Z</time>
        <extensions>
          <ns3:TrackPointExtension>
            <ns3:hr>159</ns3:hr>
          </ns3:TrackPointExtension>
        </extensions>
      </trkpt>
      <trkpt lat="43.6950836889445781707763671875" lon="7.2727998532354831695556640625">
        <ele>9.80000019073486328125</ele>
        <time>2026-02-22T09:46:43.000Z</time>
        <extensions>
          <ns3:TrackPointExtension>
            <ns3:hr>158</ns3:hr>
          </ns3:TrackPointExtension>
        </extensions>
      </trkpt>
      <trkpt lat="43.69508813135325908660888671875" lon="7.27302054874598979949951171875">
        <ele>9.80000019073486328125</ele>
        <time>2026-02-22T09:46:46.000Z</time>
        <extensions>
          <ns3:TrackPointExtension>
            <ns3:hr>158</ns3:hr>
          </ns3:TrackPointExtension>
        </extensions>
      </trkpt>
      <trkpt lat="43.6950917355716228485107421875" lon="7.27354056201875209808349609375">
        <ele>10</ele>
        <time>2026-02-22T09:46:53.000Z</time>
        <extensions>
          <ns3:TrackPointExtension>
            <ns3:hr>156</ns3:hr>
          </ns3:TrackPointExtension>
        </extensions>
      </trkpt>
      <trkpt lat="43.69508947245776653289794921875" lon="7.27361314930021762847900390625">
        <ele>10.80000019073486328125</ele>
        <time>2026-02-22T09:46:54.000Z</time>
        <extensions>
          <ns3:TrackPointExtension>
            <ns3:hr>155</ns3:hr>
          </ns3:TrackPointExtension>
        </extensions>
      </trkpt>
      <trkpt lat="43.69508578442037105560302734375" lon="7.273985557258129119873046875">
        <ele>12</ele>
        <time>2026-02-22T09:46:59.000Z</time>
        <extensions>
          <ns3:TrackPointExtension>
            <ns3:hr>155</ns3:hr>
          </ns3:TrackPointExtension>
        </extensions>
      </trkpt>
      <trkpt lat="43.69508184492588043212890625" lon="7.27406376041471958160400390625">
        <ele>12</ele>
        <time>2026-02-22T09:47:00.000Z</time>
        <extensions>
          <ns3:TrackPointExtension>
            <ns3:hr>155</ns3:hr>
          </ns3:TrackPointExtension>
        </extensions>
      </trkpt>
      <trkpt lat="43.69504286907613277435302734375" lon="7.2748225741088390350341796875">
        <ele>11.19999980926513671875</ele>
        <time>2026-02-22T09:47:10.000Z</time>
        <extensions>
          <ns3:TrackPointExtension>
            <ns3:hr>156</ns3:hr>
          </ns3:TrackPointExtension>
        </extensions>
      </trkpt>
      <trkpt lat="43.69504052214324474334716796875" lon="7.2748949937522411346435546875">
        <ele>11.19999980926513671875</ele>
        <time>2026-02-22T09:47:11.000Z</time>
        <extensions>
          <ns3:TrackPointExtension>
            <ns3:hr>156</ns3:hr>
          </ns3:TrackPointExtension>
        </extensions>
      </trkpt>
      <trkpt lat="43.69499358348548412322998046875" lon="7.2755603492259979248046875">
        <ele>11.19999980926513671875</ele>
        <time>2026-02-22T09:47:20.000Z</time>
        <extensions>
          <ns3:TrackPointExtension>
            <ns3:hr>157</ns3:hr>
          </ns3:TrackPointExtension>
        </extensions>
      </trkpt>
      <trkpt lat="43.69498302228748798370361328125" lon="7.275714240968227386474609375">
        <ele>10.80000019073486328125</ele>
        <time>2026-02-22T09:47:22.000Z</time>
        <extensions>
          <ns3:TrackPointExtension>
            <ns3:hr>156</ns3:hr>
          </ns3:TrackPointExtension>
        </extensions>
      </trkpt>
      <trkpt lat="43.6949422024190425872802734375" lon="7.27619259618222713470458984375">
        <ele>10.3999996185302734375</ele>
        <time>2026-02-22T09:47:28.000Z</time>
        <extensions>
          <ns3:TrackPointExtension>
            <ns3:hr>157</ns3:hr>
          </ns3:TrackPointExtension>
        </extensions>
      </trkpt>
      <trkpt lat="43.6948935873806476593017578125" lon="7.276596017181873321533203125">
        <ele>10.3999996185302734375</ele>
        <time>2026-02-22T09:47:33.000Z</time>
        <extensions>
          <ns3:TrackPointExtension>
            <ns3:hr>159</ns3:hr>
          </ns3:TrackPointExtension>
        </extensions>
      </trkpt>
      <trkpt lat="43.69488746859133243560791015625" lon="7.2766763158142566680908203125">
        <ele>10.80000019073486328125</ele>
        <time>2026-02-22T09:47:34.000Z</time>
        <extensions>
          <ns3:TrackPointExtension>
            <ns3:hr>159</ns3:hr>
          </ns3:TrackPointExtension>
        </extensions>
      </trkpt>
      <trkpt lat="43.69485863484442234039306640625" lon="7.2770384140312671661376953125">
        <ele>11.6000003814697265625</ele>
        <time>2026-02-22T09:47:39.000Z</time>
        <extensions>
          <ns3:TrackPointExtension>
            <ns3:hr>160</ns3:hr>
          </ns3:TrackPointExtension>
        </extensions>
      </trkpt>
      <trkpt lat="43.69482225738465785980224609375" lon="7.27726514451205730438232421875">
        <ele>11.80000019073486328125</ele>
        <time>2026-02-22T09:47:42.000Z</time>
        <extensions>
          <ns3:TrackPointExtension>
            <ns3:hr>160</ns3:hr>
          </ns3:TrackPointExtension>
        </extensions>
      </trkpt>
      <trkpt lat="43.69478688575327396392822265625" lon="7.27745331823825836181640625">
        <ele>12.19999980926513671875</ele>
        <time>2026-02-22T09:47:45.000Z</time>
        <extensions>
          <ns3:TrackPointExtension>
            <ns3:hr>160</ns3:hr>
          </ns3:TrackPointExtension>
        </extensions>
      </trkpt>
      <trkpt lat="43.6947645060718059539794921875" lon="7.277843914926052093505859375">
        <ele>13</ele>
        <time>2026-02-22T09:47:51.000Z</time>
        <extensions>
          <ns3:TrackPointExtension>
            <ns3:hr>161</ns3:hr>
          </ns3:TrackPointExtension>
        </extensions>
      </trkpt>
      <trkpt lat="43.6947370134294033050537109375" lon="7.27808489464223384857177734375">
        <ele>13.3999996185302734375</ele>
        <time>2026-02-22T09:47:54.000Z</time>
        <extensions>
          <ns3:TrackPointExtension>
            <ns3:hr>162</ns3:hr>
          </ns3:TrackPointExtension>
        </extensions>
      </trkpt>
      <trkpt lat="43.6946937628090381622314453125" lon="7.2782293148338794708251953125">
        <ele>14</ele>
        <time>2026-02-22T09:47:56.000Z</time>
        <extensions>
          <ns3:TrackPointExtension>
            <ns3:hr>162</ns3:hr>
          </ns3:TrackPointExtension>
        </extensions>
      </trkpt>
      <trkpt lat="43.69466585107147693634033203125" lon="7.27829695679247379302978515625">
        <ele>14</ele>
        <time>2026-02-22T09:47:57.000Z</time>
        <extensions>
          <ns3:TrackPointExtension>
            <ns3:hr>163</ns3:hr>
          </ns3:TrackPointExtension>
        </extensions>
      </trkpt>
      <trkpt lat="43.694515563547611236572265625" lon="7.27858780883252620697021484375">
        <ele>15</ele>
        <time>2026-02-22T09:48:02.000Z</time>
        <extensions>
          <ns3:TrackPointExtension>
            <ns3:hr>163</ns3:hr>
          </ns3:TrackPointExtension>
        </extensions>
      </trkpt>
      <trkpt lat="43.6943263001739978790283203125" lon="7.27885116823017597198486328125">
        <ele>15.80000019073486328125</ele>
        <time>2026-02-22T09:48:09.000Z</time>
        <extensions>
          <ns3:TrackPointExtension>
            <ns3:hr>162</ns3:hr>
          </ns3:TrackPointExtension>
        </extensions>
      </trkpt>
      <trkpt lat="43.69415120221674442291259765625" lon="7.2790249250829219818115234375">
        <ele>16</ele>
        <time>2026-02-22T09:48:15.000Z</time>
        <extensions>
          <ns3:TrackPointExtension>
            <ns3:hr>162</ns3:hr>
          </ns3:TrackPointExtension>
        </extensions>
      </trkpt>
      <trkpt lat="43.69395037181675434112548828125" lon="7.2790698520839214324951171875">
        <ele>17.200000762939453125</ele>
        <time>2026-02-22T09:48:20.000Z</time>
        <extensions>
          <ns3:TrackPointExtension>
            <ns3:hr>164</ns3:hr>
          </ns3:TrackPointExtension>
        </extensions>
      </trkpt>
      <trkpt lat="43.6937870085239410400390625" lon="7.2790953330695629119873046875">
        <ele>17.799999237060546875</ele>
        <time>2026-02-22T09:48:25.000Z</time>
        <extensions>
          <ns3:TrackPointExtension>
            <ns3:hr>167</ns3:hr>
          </ns3:TrackPointExtension>
        </extensions>
      </trkpt>
      <trkpt lat="43.6936582624912261962890625" lon="7.279140762984752655029296875">
        <ele>18.3999996185302734375</ele>
        <time>2026-02-22T09:48:29.000Z</time>
        <extensions>
          <ns3:TrackPointExtension>
            <ns3:hr>167</ns3:hr>
          </ns3:TrackPointExtension>
        </extensions>
      </trkpt>
      <trkpt lat="43.6935896985232830047607421875" lon="7.2792961634695529937744140625">
        <ele>18.799999237060546875</ele>
        <time>2026-02-22T09:48:33.000Z</time>
        <extensions>
          <ns3:TrackPointExtension>
            <ns3:hr>169</ns3:hr>
          </ns3:TrackPointExtension>
        </extensions>
      </trkpt>
      <trkpt lat="43.6935348808765411376953125" lon="7.2795063816010951995849609375">
        <ele>18.799999237060546875</ele>
        <time>2026-02-22T09:48:37.000Z</time>
        <extensions>
          <ns3:TrackPointExtension>
            <ns3:hr>166</ns3:hr>
          </ns3:TrackPointExtension>
        </extensions>
      </trkpt>
      <trkpt lat="43.69349188171327114105224609375" lon="7.27967645041644573211669921875">
        <ele>18.200000762939453125</ele>
        <time>2026-02-22T09:48:40.000Z</time>
        <extensions>
          <ns3:TrackPointExtension>
            <ns3:hr>166</ns3:hr>
          </ns3:TrackPointExtension>
        </extensions>
      </trkpt>
      <trkpt lat="43.6933516524732112884521484375" lon="7.28004089556634426116943359375">
        <ele>17.3999996185302734375</ele>
        <time>2026-02-22T09:48:47.000Z</time>
        <extensions>
          <ns3:TrackPointExtension>
            <ns3:hr>166</ns3:hr>
          </ns3:TrackPointExtension>
        </extensions>
      </trkpt>
      <trkpt lat="43.6932792328298091888427734375" lon="7.28022873401641845703125">
        <ele>18</ele>
        <time>2026-02-22T09:48:51.000Z</time>
        <extensions>
          <ns3:TrackPointExtension>
            <ns3:hr>163</ns3:hr>
          </ns3:TrackPointExtension>
        </extensions>
      </trkpt>
      <trkpt lat="43.6932148598134517669677734375" lon="7.28043551556766033172607421875">
        <ele>17.200000762939453125</ele>
        <time>2026-02-22T09:48:55.000Z</time>
        <extensions>
          <ns3:TrackPointExtension>
            <ns3:hr>161</ns3:hr>
          </ns3:TrackPointExtension>
        </extensions>
      </trkpt>
      <trkpt lat="43.693146295845508575439453125" lon="7.28064640425145626068115234375">
        <ele>17.200000762939453125</ele>
        <time>2026-02-22T09:48:59.000Z</time>
        <extensions>
          <ns3:TrackPointExtension>
            <ns3:hr>158</ns3:hr>
          </ns3:TrackPointExtension>
        </extensions>
      </trkpt>
      <trkpt lat="43.69308116845786571502685546875" lon="7.2808469831943511962890625">
        <ele>16.799999237060546875</ele>
        <time>2026-02-22T09:49:03.000Z</time>
        <extensions>
          <ns3:TrackPointExtension>
            <ns3:hr>154</ns3:hr>
          </ns3:TrackPointExtension>
        </extensions>
      </trkpt>
      <trkpt lat="43.69306339882314205169677734375" lon="7.2808910720050334930419921875">
        <ele>16.799999237060546875</ele>
        <time>2026-02-22T09:49:04.000Z</time>
        <extensions>
          <ns3:TrackPointExtension>
            <ns3:hr>153</ns3:hr>
          </ns3:TrackPointExtension>
        </extensions>
      </trkpt>
      <trkpt lat="43.693010173738002777099609375" lon="7.2809618152678012847900390625">
        <ele>17</ele>
        <time>2026-02-22T09:49:06.000Z</time>
        <extensions>
          <ns3:TrackPointExtension>
            <ns3:hr>150</ns3:hr>
          </ns3:TrackPointExtension>
        </extensions>
      </trkpt>
      <trkpt lat="43.69298343546688556671142578125" lon="7.28099039755761623382568359375">
        <ele>18.3999996185302734375</ele>
        <time>2026-02-22T09:49:07.000Z</time>
        <extensions>
          <ns3:TrackPointExtension>
            <ns3:hr>149</ns3:hr>
          </ns3:TrackPointExtension>
        </extensions>
      </trkpt>
      <trkpt lat="43.692941106855869293212890625" lon="7.28103565983474254608154296875">
        <ele>19</ele>
        <time>2026-02-22T09:49:09.000Z</time>
        <extensions>
          <ns3:TrackPointExtension>
            <ns3:hr>149</ns3:hr>
          </ns3:TrackPointExtension>
        </extensions>
      </trkpt>
      <trkpt lat="43.69292576797306537628173828125" lon="7.281054519116878509521484375">
        <ele>19</ele>
        <time>2026-02-22T09:49:12.000Z</time>
        <extensions>
          <ns3:TrackPointExtension>
            <ns3:hr>148</ns3:hr>
          </ns3:TrackPointExtension>
        </extensions>
      </trkpt>
      <trkpt lat="43.69292576797306537628173828125" lon="7.281054519116878509521484375">
        <ele>18.799999237060546875</ele>
        <time>2026-02-22T09:49:13.000Z</time>
        <extensions>
          <ns3:TrackPointExtension>
            <ns3:hr>147</ns3:hr>
          </ns3:TrackPointExtension>
        </extensions>
      </trkpt>
      <trkpt lat="43.6929751373827457427978515625" lon="7.281086035072803497314453125">
        <ele>16</ele>
        <time>2026-02-22T09:51:09.000Z</time>
        <extensions>
          <ns3:TrackPointExtension>
            <ns3:hr>119</ns3:hr>
          </ns3:TrackPointExtension>
        </extensions>
      </trkpt>
      <trkpt lat="43.6929949186742305755615234375" lon="7.2811126895248889923095703125">
        <ele>15.80000019073486328125</ele>
        <time>2026-02-22T09:51:10.000Z</time>
        <extensions>
          <ns3:TrackPointExtension>
            <ns3:hr>119</ns3:hr>
          </ns3:TrackPointExtension>
        </extensions>
      </trkpt>
      <trkpt lat="43.69301377795636653900146484375" lon="7.2811465524137020111083984375">
        <ele>15.80000019073486328125</ele>
        <time>2026-02-22T09:51:11.000Z</time>
        <extensions>
          <ns3:TrackPointExtension>
            <ns3:hr>119</ns3:hr>
          </ns3:TrackPointExtension>
        </extensions>
      </trkpt>
      <trkpt lat="43.693135567009449005126953125" lon="7.28135031647980213165283203125">
        <ele>15.19999980926513671875</ele>
        <time>2026-02-22T09:51:16.000Z</time>
        <extensions>
          <ns3:TrackPointExtension>
            <ns3:hr>120</ns3:hr>
          </ns3:TrackPointExtension>
        </extensions>
      </trkpt>
      <trkpt lat="43.6931669153273105621337890625" lon="7.281468249857425689697265625">
        <ele>15</ele>
        <time>2026-02-22T09:51:18.000Z</time>
        <extensions>
          <ns3:TrackPointExtension>
            <ns3:hr>127</ns3:hr>
          </ns3:TrackPointExtension>
        </extensions>
      </trkpt>
      <trkpt lat="43.6932185478508472442626953125" lon="7.2816382348537445068359375">
        <ele>14.80000019073486328125</ele>
        <time>2026-02-22T09:51:21.000Z</time>
        <extensions>
          <ns3:TrackPointExtension>
            <ns3:hr>128</ns3:hr>
          </ns3:TrackPointExtension>
        </extensions>
      </trkpt>
      <trkpt lat="43.69335190393030643463134765625" lon="7.28199672885239124298095703125">
        <ele>13.80000019073486328125</ele>
        <time>2026-02-22T09:51:28.000Z</time>
        <extensions>
          <ns3:TrackPointExtension>
            <ns3:hr>128</ns3:hr>
          </ns3:TrackPointExtension>
        </extensions>
      </trkpt>
      <trkpt lat="43.69339968077838420867919921875" lon="7.28211156092584133148193359375">
        <ele>13.19999980926513671875</ele>
        <time>2026-02-22T09:51:30.000Z</time>
        <extensions>
          <ns3:TrackPointExtension>
            <ns3:hr>126</ns3:hr>
          </ns3:TrackPointExtension>
        </extensions>
      </trkpt>
      <trkpt lat="43.693423904478549957275390625" lon="7.28217191062867641448974609375">
        <ele>13</ele>
        <time>2026-02-22T09:51:31.000Z</time>
        <extensions>
          <ns3:TrackPointExtension>
            <ns3:hr>122</ns3:hr>
          </ns3:TrackPointExtension>
        </extensions>
      </trkpt>
      <trkpt lat="43.693451397120952606201171875" lon="7.2822315059602260589599609375">
        <ele>13</ele>
        <time>2026-02-22T09:51:32.000Z</time>
        <extensions>
          <ns3:TrackPointExtension>
            <ns3:hr>118</ns3:hr>
          </ns3:TrackPointExtension>
        </extensions>
      </trkpt>
      <trkpt lat="43.6934840865433216094970703125" lon="7.28228741325438022613525390625">
        <ele>13</ele>
        <time>2026-02-22T09:51:33.000Z</time>
        <extensions>
          <ns3:TrackPointExtension>
            <ns3:hr>118</ns3:hr>
          </ns3:TrackPointExtension>
        </extensions>
      </trkpt>
      <trkpt lat="43.69351987726986408233642578125" lon="7.28234273381531238555908203125">
        <ele>13</ele>
        <time>2026-02-22T09:51:34.000Z</time>
        <extensions>
          <ns3:TrackPointExtension>
            <ns3:hr>117</ns3:hr>
          </ns3:TrackPointExtension>
        </extensions>
      </trkpt>
      <trkpt lat="43.6935568414628505706787109375" lon="7.2823981381952762603759765625">
        <ele>12.6000003814697265625</ele>
        <time>2026-02-22T09:51:35.000Z</time>
        <extensions>
          <ns3:TrackPointExtension>
            <ns3:hr>117</ns3:hr>
          </ns3:TrackPointExtension>
        </extensions>
      </trkpt>
      <trkpt lat="43.693632446229457855224609375" lon="7.28251355700194835662841796875">
        <ele>11.80000019073486328125</ele>
        <time>2026-02-22T09:51:37.000Z</time>
        <extensions>
          <ns3:TrackPointExtension>
            <ns3:hr>121</ns3:hr>
          </ns3:TrackPointExtension>
        </extensions>
      </trkpt>
      <trkpt lat="43.6936751939356327056884765625" lon="7.28256401605904102325439453125">
        <ele>11.6000003814697265625</ele>
        <time>2026-02-22T09:51:38.000Z</time>
        <extensions>
          <ns3:TrackPointExtension>
            <ns3:hr>124</ns3:hr>
          </ns3:TrackPointExtension>
        </extensions>
      </trkpt>
      <trkpt lat="43.69372288696467876434326171875" lon="7.28260844014585018157958984375">
        <ele>11.3999996185302734375</ele>
        <time>2026-02-22T09:51:39.000Z</time>
        <extensions>
          <ns3:TrackPointExtension>
            <ns3:hr>126</ns3:hr>
          </ns3:TrackPointExtension>
        </extensions>
      </trkpt>
      <trkpt lat="43.6937761120498180389404296875" lon="7.28264716453850269317626953125">
        <ele>11.3999996185302734375</ele>
        <time>2026-02-22T09:51:40.000Z</time>
        <extensions>
          <ns3:TrackPointExtension>
            <ns3:hr>126</ns3:hr>
          </ns3:TrackPointExtension>
        </extensions>
      </trkpt>
      <trkpt lat="43.69404776953160762786865234375" lon="7.28286291472613811492919921875">
        <ele>10.80000019073486328125</ele>
        <time>2026-02-22T09:51:45.000Z</time>
        <extensions>
          <ns3:TrackPointExtension>
            <ns3:hr>128</ns3:hr>
          </ns3:TrackPointExtension>
        </extensions>
      </trkpt>
      <trkpt lat="43.69416243396699428558349609375" lon="7.28293432854115962982177734375">
        <ele>10.3999996185302734375</ele>
        <time>2026-02-22T09:51:47.000Z</time>
        <extensions>
          <ns3:TrackPointExtension>
            <ns3:hr>128</ns3:hr>
          </ns3:TrackPointExtension>
        </extensions>
      </trkpt>
      <trkpt lat="43.694349266588687896728515625" lon="7.283026613295078277587890625">
        <ele>9.19999980926513671875</ele>
        <time>2026-02-22T09:51:50.000Z</time>
        <extensions>
          <ns3:TrackPointExtension>
            <ns3:hr>127</ns3:hr>
          </ns3:TrackPointExtension>
        </extensions>
      </trkpt>
      <trkpt lat="43.6944852210581302642822265625" lon="7.28306986391544342041015625">
        <ele>8.6000003814697265625</ele>
        <time>2026-02-22T09:51:52.000Z</time>
        <extensions>
          <ns3:TrackPointExtension>
            <ns3:hr>127</ns3:hr>
          </ns3:TrackPointExtension>
        </extensions>
      </trkpt>
      <trkpt lat="43.69455470703542232513427734375" lon="7.283090986311435699462890625">
        <ele>8.19999980926513671875</ele>
        <time>2026-02-22T09:51:53.000Z</time>
        <extensions>
          <ns3:TrackPointExtension>
            <ns3:hr>126</ns3:hr>
          </ns3:TrackPointExtension>
        </extensions>
      </trkpt>
      <trkpt lat="43.69475335814058780670166015625" lon="7.28317388333380222320556640625">
        <ele>7.400000095367431640625</ele>
        <time>2026-02-22T09:51:56.000Z</time>
        <extensions>
          <ns3:TrackPointExtension>
            <ns3:hr>123</ns3:hr>
          </ns3:TrackPointExtension>
        </extensions>
      </trkpt>
      <trkpt lat="43.694948740303516387939453125" lon="7.2832453809678554534912109375">
        <ele>7.19999980926513671875</ele>
        <time>2026-02-22T09:51:59.000Z</time>
        <extensions>
          <ns3:TrackPointExtension>
            <ns3:hr>121</ns3:hr>
          </ns3:TrackPointExtension>
        </extensions>
      </trkpt>
      <trkpt lat="43.695015795528888702392578125" lon="7.2832654975354671478271484375">
        <ele>6.80000019073486328125</ele>
        <time>2026-02-22T09:52:00.000Z</time>
        <extensions>
          <ns3:TrackPointExtension>
            <ns3:hr>121</ns3:hr>
          </ns3:TrackPointExtension>
        </extensions>
      </trkpt>
      <trkpt lat="43.6953988485038280487060546875" lon="7.2833923995494842529296875">
        <ele>7</ele>
        <time>2026-02-22T09:52:06.000Z</time>
        <extensions>
          <ns3:TrackPointExtension>
            <ns3:hr>118</ns3:hr>
          </ns3:TrackPointExtension>
        </extensions>
      </trkpt>
      <trkpt lat="43.6955232359468936920166015625" lon="7.28341930545866489410400390625">
        <ele>7.19999980926513671875</ele>
        <time>2026-02-22T09:52:08.000Z</time>
        <extensions>
          <ns3:TrackPointExtension>
            <ns3:hr>115</ns3:hr>
          </ns3:TrackPointExtension>
        </extensions>
      </trkpt>
      <trkpt lat="43.6956442706286907196044921875" lon="7.28344512172043323516845703125">
        <ele>7.400000095367431640625</ele>
        <time>2026-02-22T09:52:10.000Z</time>
        <extensions>
          <ns3:TrackPointExtension>
            <ns3:hr>112</ns3:hr>
          </ns3:TrackPointExtension>
        </extensions>
      </trkpt>
      <trkpt lat="43.6958615295588970184326171875" lon="7.28348468430340290069580078125">
        <ele>7.400000095367431640625</ele>
        <time>2026-02-22T09:52:14.000Z</time>
        <extensions>
          <ns3:TrackPointExtension>
            <ns3:hr>111</ns3:hr>
          </ns3:TrackPointExtension>
        </extensions>
      </trkpt>
      <trkpt lat="43.69616948068141937255859375" lon="7.2835367359220981597900390625">
        <ele>7.400000095367431640625</ele>
        <time>2026-02-22T09:52:20.000Z</time>
        <extensions>
          <ns3:TrackPointExtension>
            <ns3:hr>112</ns3:hr>
          </ns3:TrackPointExtension>
        </extensions>
      </trkpt>
      <trkpt lat="43.6962229572236537933349609375" lon="7.28353832848370075225830078125">
        <ele>7.400000095367431640625</ele>
        <time>2026-02-22T09:52:21.000Z</time>
        <extensions>
          <ns3:TrackPointExtension>
            <ns3:hr>112</ns3:hr>
          </ns3:TrackPointExtension>
        </extensions>
      </trkpt>
      <trkpt lat="43.69649327360093593597412109375" lon="7.28355936706066131591796875">
        <ele>7.400000095367431640625</ele>
        <time>2026-02-22T09:52:26.000Z</time>
        <extensions>
          <ns3:TrackPointExtension>
            <ns3:hr>113</ns3:hr>
          </ns3:TrackPointExtension>
        </extensions>
      </trkpt>
      <trkpt lat="43.69677322916686534881591796875" lon="7.28358811698853969573974609375">
        <ele>7.80000019073486328125</ele>
        <time>2026-02-22T09:52:31.000Z</time>
        <extensions>
          <ns3:TrackPointExtension>
            <ns3:hr>117</ns3:hr>
          </ns3:TrackPointExtension>
        </extensions>
      </trkpt>
      <trkpt lat="43.696887306869029998779296875" lon="7.28359348140656948089599609375">
        <ele>7.80000019073486328125</ele>
        <time>2026-02-22T09:52:33.000Z</time>
        <extensions>
          <ns3:TrackPointExtension>
            <ns3:hr>120</ns3:hr>
          </ns3:TrackPointExtension>
        </extensions>
      </trkpt>
      <trkpt lat="43.6969441361725330352783203125" lon="7.28360203094780445098876953125">
        <ele>7.80000019073486328125</ele>
        <time>2026-02-22T09:52:34.000Z</time>
        <extensions>
          <ns3:TrackPointExtension>
            <ns3:hr>121</ns3:hr>
          </ns3:TrackPointExtension>
        </extensions>
      </trkpt>
      <trkpt lat="43.69712124578654766082763671875" lon="7.28363052941858768463134765625">
        <ele>6.599999904632568359375</ele>
        <time>2026-02-22T09:52:37.000Z</time>
        <extensions>
          <ns3:TrackPointExtension>
            <ns3:hr>123</ns3:hr>
          </ns3:TrackPointExtension>
        </extensions>
      </trkpt>
      <trkpt lat="43.69741410948336124420166015625" lon="7.2836809046566486358642578125">
        <ele>7.19999980926513671875</ele>
        <time>2026-02-22T09:52:42.000Z</time>
        <extensions>
          <ns3:TrackPointExtension>
            <ns3:hr>124</ns3:hr>
          </ns3:TrackPointExtension>
        </extensions>
      </trkpt>
      <trkpt lat="43.69773798622190952301025390625" lon="7.28372155688703060150146484375">
        <ele>6.400000095367431640625</ele>
        <time>2026-02-22T09:52:48.000Z</time>
        <extensions>
          <ns3:TrackPointExtension>
            <ns3:hr>124</ns3:hr>
          </ns3:TrackPointExtension>
        </extensions>
      </trkpt>
      <trkpt lat="43.69807041250169277191162109375" lon="7.28376598097383975982666015625">
        <ele>6.400000095367431640625</ele>
        <time>2026-02-22T09:52:55.000Z</time>
        <extensions>
          <ns3:TrackPointExtension>
            <ns3:hr>125</ns3:hr>
          </ns3:TrackPointExtension>
        </extensions>
      </trkpt>
      <trkpt lat="43.6982716619968414306640625" lon="7.28382599540054798126220703125">
        <ele>8.3999996185302734375</ele>
        <time>2026-02-22T09:53:00.000Z</time>
        <extensions>
          <ns3:TrackPointExtension>
            <ns3:hr>126</ns3:hr>
          </ns3:TrackPointExtension>
        </extensions>
      </trkpt>
      <trkpt lat="43.6983080394566059112548828125" lon="7.283840663731098175048828125">
        <ele>9.3999996185302734375</ele>
        <time>2026-02-22T09:53:01.000Z</time>
        <extensions>
          <ns3:TrackPointExtension>
            <ns3:hr>126</ns3:hr>
          </ns3:TrackPointExtension>
        </extensions>
      </trkpt>
      <trkpt lat="43.6983388848602771759033203125" lon="7.28386153466999530792236328125">
        <ele>9.80000019073486328125</ele>
        <time>2026-02-22T09:53:02.000Z</time>
        <extensions>
          <ns3:TrackPointExtension>
            <ns3:hr>126</ns3:hr>
          </ns3:TrackPointExtension>
        </extensions>
      </trkpt>
      <trkpt lat="43.698460757732391357421875" lon="7.28396228514611721038818359375">
        <ele>10.19999980926513671875</ele>
        <time>2026-02-22T09:53:07.000Z</time>
        <extensions>
          <ns3:TrackPointExtension>
            <ns3:hr>124</ns3:hr>
          </ns3:TrackPointExtension>
        </extensions>
      </trkpt>
      <trkpt lat="43.6985023319721221923828125" lon="7.28403772227466106414794921875">
        <ele>10.80000019073486328125</ele>
        <time>2026-02-22T09:53:09.000Z</time>
        <extensions>
          <ns3:TrackPointExtension>
            <ns3:hr>123</ns3:hr>
          </ns3:TrackPointExtension>
        </extensions>
      </trkpt>
      <trkpt lat="43.69853309355676174163818359375" lon="7.28419647552073001861572265625">
        <ele>10.80000019073486328125</ele>
        <time>2026-02-22T09:53:12.000Z</time>
        <extensions>
          <ns3:TrackPointExtension>
            <ns3:hr>123</ns3:hr>
          </ns3:TrackPointExtension>
        </extensions>
      </trkpt>
      <trkpt lat="43.69853007607161998748779296875" lon="7.28431717492640018463134765625">
        <ele>10.3999996185302734375</ele>
        <time>2026-02-22T09:53:14.000Z</time>
        <extensions>
          <ns3:TrackPointExtension>
            <ns3:hr>122</ns3:hr>
          </ns3:TrackPointExtension>
        </extensions>
      </trkpt>
      <trkpt lat="43.69851213879883289337158203125" lon="7.284507863223552703857421875">
        <ele>10</ele>
        <time>2026-02-22T09:53:17.000Z</time>
        <extensions>
          <ns3:TrackPointExtension>
            <ns3:hr>122</ns3:hr>
          </ns3:TrackPointExtension>
        </extensions>
      </trkpt>
      <trkpt lat="43.6984917707741260528564453125" lon="7.284772731363773345947265625">
        <ele>9.80000019073486328125</ele>
        <time>2026-02-22T09:53:21.000Z</time>
        <extensions>
          <ns3:TrackPointExtension>
            <ns3:hr>122</ns3:hr>
          </ns3:TrackPointExtension>
        </extensions>
      </trkpt>
      <trkpt lat="43.698476515710353851318359375" lon="7.28498873300850391387939453125">
        <ele>9.80000019073486328125</ele>
        <time>2026-02-22T09:53:24.000Z</time>
        <extensions>
          <ns3:TrackPointExtension>
            <ns3:hr>124</ns3:hr>
          </ns3:TrackPointExtension>
        </extensions>
      </trkpt>
      <trkpt lat="43.69843217544257640838623046875" lon="7.28541486896574497222900390625">
        <ele>10.19999980926513671875</ele>
        <time>2026-02-22T09:53:30.000Z</time>
        <extensions>
          <ns3:TrackPointExtension>
            <ns3:hr>127</ns3:hr>
          </ns3:TrackPointExtension>
        </extensions>
      </trkpt>
      <trkpt lat="43.69842681102454662322998046875" lon="7.285488210618495941162109375">
        <ele>10.3999996185302734375</ele>
        <time>2026-02-22T09:53:31.000Z</time>
        <extensions>
          <ns3:TrackPointExtension>
            <ns3:hr>127</ns3:hr>
          </ns3:TrackPointExtension>
        </extensions>
      </trkpt>
      <trkpt lat="43.69836444966495037078857421875" lon="7.28598081506788730621337890625">
        <ele>10.19999980926513671875</ele>
        <time>2026-02-22T09:53:38.000Z</time>
        <extensions>
          <ns3:TrackPointExtension>
            <ns3:hr>131</ns3:hr>
          </ns3:TrackPointExtension>
        </extensions>
      </trkpt>
      <trkpt lat="43.6983533017337322235107421875" lon="7.28605222888290882110595703125">
        <ele>10.19999980926513671875</ele>
        <time>2026-02-22T09:53:39.000Z</time>
        <extensions>
          <ns3:TrackPointExtension>
            <ns3:hr>138</ns3:hr>
          </ns3:TrackPointExtension>
        </extensions>
      </trkpt>
      <trkpt lat="43.69834651239216327667236328125" lon="7.2861069627106189727783203125">
        <ele>10.3999996185302734375</ele>
        <time>2026-02-22T09:53:40.000Z</time>
        <extensions>
          <ns3:TrackPointExtension>
            <ns3:hr>147</ns3:hr>
          </ns3:TrackPointExtension>
        </extensions>
      </trkpt>
      <trkpt lat="43.69833444245159626007080078125" lon="7.28619120083749294281005859375">
        <ele>10.3999996185302734375</ele>
        <time>2026-02-22T09:53:41.000Z</time>
        <extensions>
          <ns3:TrackPointExtension>
            <ns3:hr>150</ns3:hr>
          </ns3:TrackPointExtension>
        </extensions>
      </trkpt>
      <trkpt lat="43.6983107216656208038330078125" lon="7.2863066196441650390625">
        <ele>10.3999996185302734375</ele>
        <time>2026-02-22T09:53:43.000Z</time>
        <extensions>
          <ns3:TrackPointExtension>
            <ns3:hr>152</ns3:hr>
          </ns3:TrackPointExtension>
        </extensions>
      </trkpt>
      <trkpt lat="43.69826294481754302978515625" lon="7.28640996851027011871337890625">
        <ele>10.3999996185302734375</ele>
        <time>2026-02-22T09:53:45.000Z</time>
        <extensions>
          <ns3:TrackPointExtension>
            <ns3:hr>151</ns3:hr>
          </ns3:TrackPointExtension>
        </extensions>
      </trkpt>
      <trkpt lat="43.69817334227263927459716796875" lon="7.2864807955920696258544921875">
        <ele>10.80000019073486328125</ele>
        <time>2026-02-22T09:53:47.000Z</time>
        <extensions>
          <ns3:TrackPointExtension>
            <ns3:hr>150</ns3:hr>
          </ns3:TrackPointExtension>
        </extensions>
      </trkpt>
      <trkpt lat="43.69812455959618091583251953125" lon="7.28648892603814601898193359375">
        <ele>11</ele>
        <time>2026-02-22T09:53:48.000Z</time>
        <extensions>
          <ns3:TrackPointExtension>
            <ns3:hr>150</ns3:hr>
          </ns3:TrackPointExtension>
        </extensions>
      </trkpt>
      <trkpt lat="43.69808080606162548065185546875" lon="7.28648741729557514190673828125">
        <ele>11.19999980926513671875</ele>
        <time>2026-02-22T09:53:49.000Z</time>
        <extensions>
          <ns3:TrackPointExtension>
            <ns3:hr>150</ns3:hr>
          </ns3:TrackPointExtension>
        </extensions>
      </trkpt>
      <trkpt lat="43.6977823264896869659423828125" lon="7.28643159382045269012451171875">
        <ele>10.6000003814697265625</ele>
        <time>2026-02-22T09:53:54.000Z</time>
        <extensions>
          <ns3:TrackPointExtension>
            <ns3:hr>151</ns3:hr>
          </ns3:TrackPointExtension>
        </extensions>
      </trkpt>
      <trkpt lat="43.69753983803093433380126953125" lon="7.286385409533977508544921875">
        <ele>9.6000003814697265625</ele>
        <time>2026-02-22T09:53:58.000Z</time>
        <extensions>
          <ns3:TrackPointExtension>
            <ns3:hr>150</ns3:hr>
          </ns3:TrackPointExtension>
        </extensions>
      </trkpt>
      <trkpt lat="43.69748032651841640472412109375" lon="7.28636898100376129150390625">
        <ele>9.3999996185302734375</ele>
        <time>2026-02-22T09:53:59.000Z</time>
        <extensions>
          <ns3:TrackPointExtension>
            <ns3:hr>147</ns3:hr>
          </ns3:TrackPointExtension>
        </extensions>
      </trkpt>
      <trkpt lat="43.69741863571107387542724609375" lon="7.28635431267321109771728515625">
        <ele>8.80000019073486328125</ele>
        <time>2026-02-22T09:54:00.000Z</time>
        <extensions>
          <ns3:TrackPointExtension>
            <ns3:hr>142</ns3:hr>
          </ns3:TrackPointExtension>
        </extensions>
      </trkpt>
      <trkpt lat="43.69735862128436565399169921875" lon="7.2863481938838958740234375">
        <ele>8.19999980926513671875</ele>
        <time>2026-02-22T09:54:01.000Z</time>
        <extensions>
          <ns3:TrackPointExtension>
            <ns3:hr>140</ns3:hr>
          </ns3:TrackPointExtension>
        </extensions>
      </trkpt>
      <trkpt lat="43.69712744839489459991455078125" lon="7.28631022386252880096435546875">
        <ele>7.599999904632568359375</ele>
        <time>2026-02-22T09:54:05.000Z</time>
        <extensions>
          <ns3:TrackPointExtension>
            <ns3:hr>137</ns3:hr>
          </ns3:TrackPointExtension>
        </extensions>
      </trkpt>
      <trkpt lat="43.69705134071409702301025390625" lon="7.28629547171294689178466796875">
        <ele>7.599999904632568359375</ele>
        <time>2026-02-22T09:54:06.000Z</time>
        <extensions>
          <ns3:TrackPointExtension>
            <ns3:hr>137</ns3:hr>
          </ns3:TrackPointExtension>
        </extensions>
      </trkpt>
      <trkpt lat="43.69679636321961879730224609375" lon="7.286250293254852294921875">
        <ele>7.400000095367431640625</ele>
        <time>2026-02-22T09:54:10.000Z</time>
        <extensions>
          <ns3:TrackPointExtension>
            <ns3:hr>135</ns3:hr>
          </ns3:TrackPointExtension>
        </extensions>
      </trkpt>
      <trkpt lat="43.6967362649738788604736328125" lon="7.28622288443148136138916015625">
        <ele>7.400000095367431640625</ele>
        <time>2026-02-22T09:54:11.000Z</time>
        <extensions>
          <ns3:TrackPointExtension>
            <ns3:hr>130</ns3:hr>
          </ns3:TrackPointExtension>
        </extensions>
      </trkpt>
      <trkpt lat="43.696685135364532470703125" lon="7.28618902154266834259033203125">
        <ele>7.400000095367431640625</ele>
        <time>2026-02-22T09:54:12.000Z</time>
        <extensions>
          <ns3:TrackPointExtension>
            <ns3:hr>129</ns3:hr>
          </ns3:TrackPointExtension>
        </extensions>
      </trkpt>
      <trkpt lat="43.69658614508807659149169921875" lon="7.28612221777439117431640625">
        <ele>7.19999980926513671875</ele>
        <time>2026-02-22T09:54:14.000Z</time>
        <extensions>
          <ns3:TrackPointExtension>
            <ns3:hr>129</ns3:hr>
          </ns3:TrackPointExtension>
        </extensions>
      </trkpt>
      <trkpt lat="43.696487657725811004638671875" lon="7.2860638797283172607421875">
        <ele>7.19999980926513671875</ele>
        <time>2026-02-22T09:54:16.000Z</time>
        <extensions>
          <ns3:TrackPointExtension>
            <ns3:hr>131</ns3:hr>
          </ns3:TrackPointExtension>
        </extensions>
      </trkpt>
      <trkpt lat="43.6964019946753978729248046875" lon="7.28601752780377864837646484375">
        <ele>6.80000019073486328125</ele>
        <time>2026-02-22T09:54:18.000Z</time>
        <extensions>
          <ns3:TrackPointExtension>
            <ns3:hr>131</ns3:hr>
          </ns3:TrackPointExtension>
        </extensions>
      </trkpt>
      <trkpt lat="43.696353547275066375732421875" lon="7.28600160218775272369384765625">
        <ele>6.599999904632568359375</ele>
        <time>2026-02-22T09:54:19.000Z</time>
        <extensions>
          <ns3:TrackPointExtension>
            <ns3:hr>131</ns3:hr>
          </ns3:TrackPointExtension>
        </extensions>
      </trkpt>
      <trkpt lat="43.6961974762380123138427734375" lon="7.2859711758792400360107421875">
        <ele>6.400000095367431640625</ele>
        <time>2026-02-22T09:54:22.000Z</time>
        <extensions>
          <ns3:TrackPointExtension>
            <ns3:hr>131</ns3:hr>
          </ns3:TrackPointExtension>
        </extensions>
      </trkpt>
      <trkpt lat="43.69603562168776988983154296875" lon="7.28596438653767108917236328125">
        <ele>6.400000095367431640625</ele>
        <time>2026-02-22T09:54:25.000Z</time>
        <extensions>
          <ns3:TrackPointExtension>
            <ns3:hr>131</ns3:hr>
          </ns3:TrackPointExtension>
        </extensions>
      </trkpt>
      <trkpt lat="43.69597577489912509918212890625" lon="7.2860070504248142242431640625">
        <ele>6.400000095367431640625</ele>
        <time>2026-02-22T09:54:27.000Z</time>
        <extensions>
          <ns3:TrackPointExtension>
            <ns3:hr>130</ns3:hr>
          </ns3:TrackPointExtension>
        </extensions>
      </trkpt>
      <trkpt lat="43.69595750235021114349365234375" lon="7.286219112575054168701171875">
        <ele>7.400000095367431640625</ele>
        <time>2026-02-22T09:54:31.000Z</time>
        <extensions>
          <ns3:TrackPointExtension>
            <ns3:hr>129</ns3:hr>
          </ns3:TrackPointExtension>
        </extensions>
      </trkpt>
      <trkpt lat="43.6959554068744182586669921875" lon="7.286259345710277557373046875">
        <ele>8</ele>
        <time>2026-02-22T09:54:32.000Z</time>
        <extensions>
          <ns3:TrackPointExtension>
            <ns3:hr>129</ns3:hr>
          </ns3:TrackPointExtension>
        </extensions>
      </trkpt>
      <trkpt lat="43.69594509713351726531982421875" lon="7.2863299213349819183349609375">
        <ele>9.19999980926513671875</ele>
        <time>2026-02-22T09:54:34.000Z</time>
        <extensions>
          <ns3:TrackPointExtension>
            <ns3:hr>130</ns3:hr>
          </ns3:TrackPointExtension>
        </extensions>
      </trkpt>
      <trkpt lat="43.6959329433739185333251953125" lon="7.28638901375234127044677734375">
        <ele>9.80000019073486328125</ele>
        <time>2026-02-22T09:54:36.000Z</time>
        <extensions>
          <ns3:TrackPointExtension>
            <ns3:hr>131</ns3:hr>
          </ns3:TrackPointExtension>
        </extensions>
      </trkpt>
      <trkpt lat="43.6959113180637359619140625" lon="7.286461181938648223876953125">
        <ele>10</ele>
        <time>2026-02-22T09:54:39.000Z</time>
        <extensions>
          <ns3:TrackPointExtension>
            <ns3:hr>132</ns3:hr>
          </ns3:TrackPointExtension>
        </extensions>
      </trkpt>
      <trkpt lat="43.69590385816991329193115234375" lon="7.28653402067720890045166015625">
        <ele>10</ele>
        <time>2026-02-22T09:54:41.000Z</time>
        <extensions>
          <ns3:TrackPointExtension>
            <ns3:hr>131</ns3:hr>
          </ns3:TrackPointExtension>
        </extensions>
      </trkpt>
      <trkpt lat="43.69589413516223430633544921875" lon="7.28660576976835727691650390625">
        <ele>10.19999980926513671875</ele>
        <time>2026-02-22T09:54:43.000Z</time>
        <extensions>
          <ns3:TrackPointExtension>
            <ns3:hr>131</ns3:hr>
          </ns3:TrackPointExtension>
        </extensions>
      </trkpt>
      <trkpt lat="43.69584233500063419342041015625" lon="7.28669076226651668548583984375">
        <ele>10.19999980926513671875</ele>
        <time>2026-02-22T09:54:46.000Z</time>
        <extensions>
          <ns3:TrackPointExtension>
            <ns3:hr>132</ns3:hr>
          </ns3:TrackPointExtension>
        </extensions>
      </trkpt>
      <trkpt lat="43.69564644992351531982421875" lon="7.2866928577423095703125">
        <ele>10.3999996185302734375</ele>
        <time>2026-02-22T09:54:51.000Z</time>
        <extensions>
          <ns3:TrackPointExtension>
            <ns3:hr>134</ns3:hr>
          </ns3:TrackPointExtension>
        </extensions>
      </trkpt>
      <trkpt lat="43.69546137750148773193359375" lon="7.28666008450090885162353515625">
        <ele>10.3999996185302734375</ele>
        <time>2026-02-22T09:54:55.000Z</time>
        <extensions>
          <ns3:TrackPointExtension>
            <ns3:hr>137</ns3:hr>
          </ns3:TrackPointExtension>
        </extensions>
      </trkpt>
      <trkpt lat="43.6954152770340442657470703125" lon="7.2866512835025787353515625">
        <ele>10.19999980926513671875</ele>
        <time>2026-02-22T09:54:56.000Z</time>
        <extensions>
          <ns3:TrackPointExtension>
            <ns3:hr>140</ns3:hr>
          </ns3:TrackPointExtension>
        </extensions>
      </trkpt>
      <trkpt lat="43.69536758400499820709228515625" lon="7.28664348833262920379638671875">
        <ele>10.19999980926513671875</ele>
        <time>2026-02-22T09:54:57.000Z</time>
        <extensions>
          <ns3:TrackPointExtension>
            <ns3:hr>143</ns3:hr>
          </ns3:TrackPointExtension>
        </extensions>
      </trkpt>
      <trkpt lat="43.6953198909759521484375" lon="7.28663661517202854156494140625">
        <ele>10</ele>
        <time>2026-02-22T09:54:58.000Z</time>
        <extensions>
          <ns3:TrackPointExtension>
            <ns3:hr>150</ns3:hr>
          </ns3:TrackPointExtension>
        </extensions>
      </trkpt>
      <trkpt lat="43.69523045606911182403564453125" lon="7.28662756271660327911376953125">
        <ele>10</ele>
        <time>2026-02-22T09:55:00.000Z</time>
        <extensions>
          <ns3:TrackPointExtension>
            <ns3:hr>153</ns3:hr>
          </ns3:TrackPointExtension>
        </extensions>
      </trkpt>
      <trkpt lat="43.69491563178598880767822265625" lon="7.286590598523616790771484375">
        <ele>10.3999996185302734375</ele>
        <time>2026-02-22T09:55:06.000Z</time>
        <extensions>
          <ns3:TrackPointExtension>
            <ns3:hr>156</ns3:hr>
          </ns3:TrackPointExtension>
        </extensions>
      </trkpt>
      <trkpt lat="43.694603741168975830078125" lon="7.2865481860935688018798828125">
        <ele>11.19999980926513671875</ele>
        <time>2026-02-22T09:55:12.000Z</time>
        <extensions>
          <ns3:TrackPointExtension>
            <ns3:hr>156</ns3:hr>
          </ns3:TrackPointExtension>
        </extensions>
      </trkpt>
      <trkpt lat="43.6945536173880100250244140625" lon="7.28656201623380184173583984375">
        <ele>11.3999996185302734375</ele>
        <time>2026-02-22T09:55:13.000Z</time>
        <extensions>
          <ns3:TrackPointExtension>
            <ns3:hr>157</ns3:hr>
          </ns3:TrackPointExtension>
        </extensions>
      </trkpt>
      <trkpt lat="43.6945103667676448822021484375" lon="7.28658783249557018280029296875">
        <ele>11.3999996185302734375</ele>
        <time>2026-02-22T09:55:14.000Z</time>
        <extensions>
          <ns3:TrackPointExtension>
            <ns3:hr>157</ns3:hr>
          </ns3:TrackPointExtension>
        </extensions>
      </trkpt>
      <trkpt lat="43.69444347918033599853515625" lon="7.28666444309055805206298828125">
        <ele>11.6000003814697265625</ele>
        <time>2026-02-22T09:55:16.000Z</time>
        <extensions>
          <ns3:TrackPointExtension>
            <ns3:hr>156</ns3:hr>
          </ns3:TrackPointExtension>
        </extensions>
      </trkpt>
      <trkpt lat="43.69437684305012226104736328125" lon="7.28676603175699710845947265625">
        <ele>11.6000003814697265625</ele>
        <time>2026-02-22T09:55:18.000Z</time>
        <extensions>
          <ns3:TrackPointExtension>
            <ns3:hr>156</ns3:hr>
          </ns3:TrackPointExtension>
        </extensions>
      </trkpt>
      <trkpt lat="43.69433660991489887237548828125" lon="7.28689930401742458343505859375">
        <ele>11.6000003814697265625</ele>
        <time>2026-02-22T09:55:20.000Z</time>
        <extensions>
          <ns3:TrackPointExtension>
            <ns3:hr>156</ns3:hr>
          </ns3:TrackPointExtension>
        </extensions>
      </trkpt>
      <trkpt lat="43.69432143867015838623046875" lon="7.28696401230990886688232421875">
        <ele>12</ele>
        <time>2026-02-22T09:55:21.000Z</time>
        <extensions>
          <ns3:TrackPointExtension>
            <ns3:hr>156</ns3:hr>
          </ns3:TrackPointExtension>
        </extensions>
      </trkpt>
      <trkpt lat="43.69424575008451938629150390625" lon="7.2873689420521259307861328125">
        <ele>12.19999980926513671875</ele>
        <time>2026-02-22T09:55:27.000Z</time>
        <extensions>
          <ns3:TrackPointExtension>
            <ns3:hr>157</ns3:hr>
          </ns3:TrackPointExtension>
        </extensions>
      </trkpt>
      <trkpt lat="43.69414818473160266876220703125" lon="7.28789172135293483734130859375">
        <ele>11.6000003814697265625</ele>
        <time>2026-02-22T09:55:35.000Z</time>
        <extensions>
          <ns3:TrackPointExtension>
            <ns3:hr>157</ns3:hr>
          </ns3:TrackPointExtension>
        </extensions>
      </trkpt>
      <trkpt lat="43.6940379627048969268798828125" lon="7.28841014206409454345703125">
        <ele>12.6000003814697265625</ele>
        <time>2026-02-22T09:55:43.000Z</time>
        <extensions>
          <ns3:TrackPointExtension>
            <ns3:hr>156</ns3:hr>
          </ns3:TrackPointExtension>
        </extensions>
      </trkpt>
      <trkpt lat="43.69402547366917133331298828125" lon="7.28847275488078594207763671875">
        <ele>13</ele>
        <time>2026-02-22T09:55:44.000Z</time>
        <extensions>
          <ns3:TrackPointExtension>
            <ns3:hr>155</ns3:hr>
          </ns3:TrackPointExtension>
        </extensions>
      </trkpt>
      <trkpt lat="43.69396269321441650390625" lon="7.2887811250984668731689453125">
        <ele>13.6000003814697265625</ele>
        <time>2026-02-22T09:55:49.000Z</time>
        <extensions>
          <ns3:TrackPointExtension>
            <ns3:hr>155</ns3:hr>
          </ns3:TrackPointExtension>
        </extensions>
      </trkpt>
      <trkpt lat="43.69388985447585582733154296875" lon="7.2891385294497013092041015625">
        <ele>13.3999996185302734375</ele>
        <time>2026-02-22T09:55:55.000Z</time>
        <extensions>
          <ns3:TrackPointExtension>
            <ns3:hr>154</ns3:hr>
          </ns3:TrackPointExtension>
        </extensions>
      </trkpt>
      <trkpt lat="43.69373814202845096588134765625" lon="7.28955938480794429779052734375">
        <ele>13.3999996185302734375</ele>
        <time>2026-02-22T09:56:02.000Z</time>
        <extensions>
          <ns3:TrackPointExtension>
            <ns3:hr>154</ns3:hr>
          </ns3:TrackPointExtension>
        </extensions>
      </trkpt>
      <trkpt lat="43.69348190724849700927734375" lon="7.2900199703872203826904296875">
        <ele>13.6000003814697265625</ele>
        <time>2026-02-22T09:56:10.000Z</time>
        <extensions>
          <ns3:TrackPointExtension>
            <ns3:hr>153</ns3:hr>
          </ns3:TrackPointExtension>
        </extensions>
      </trkpt>
      <trkpt lat="43.69317605160176753997802734375" lon="7.29034057818353176116943359375">
        <ele>13.80000019073486328125</ele>
        <time>2026-02-22T09:56:17.000Z</time>
        <extensions>
          <ns3:TrackPointExtension>
            <ns3:hr>154</ns3:hr>
          </ns3:TrackPointExtension>
        </extensions>
      </trkpt>
      <trkpt lat="43.69297354482114315032958984375" lon="7.29048742912709712982177734375">
        <ele>13.6000003814697265625</ele>
        <time>2026-02-22T09:56:21.000Z</time>
        <extensions>
          <ns3:TrackPointExtension>
            <ns3:hr>154</ns3:hr>
          </ns3:TrackPointExtension>
        </extensions>
      </trkpt>
      <trkpt lat="43.69280523620545864105224609375" lon="7.29056722484529018402099609375">
        <ele>13.6000003814697265625</ele>
        <time>2026-02-22T09:56:24.000Z</time>
        <extensions>
          <ns3:TrackPointExtension>
            <ns3:hr>156</ns3:hr>
          </ns3:TrackPointExtension>
        </extensions>
      </trkpt>
      <trkpt lat="43.6923226900398731231689453125" lon="7.29082521982491016387939453125">
        <ele>13.6000003814697265625</ele>
        <time>2026-02-22T09:56:33.000Z</time>
        <extensions>
          <ns3:TrackPointExtension>
            <ns3:hr>155</ns3:hr>
          </ns3:TrackPointExtension>
        </extensions>
      </trkpt>
      <trkpt lat="43.692182712256908416748046875" lon="7.29093217290937900543212890625">
        <ele>13.6000003814697265625</ele>
        <time>2026-02-22T09:56:36.000Z</time>
        <extensions>
          <ns3:TrackPointExtension>
            <ns3:hr>155</ns3:hr>
          </ns3:TrackPointExtension>
        </extensions>
      </trkpt>
      <trkpt lat="43.69192664511501789093017578125" lon="7.2912356816232204437255859375">
        <ele>14.19999980926513671875</ele>
        <time>2026-02-22T09:56:42.000Z</time>
        <extensions>
          <ns3:TrackPointExtension>
            <ns3:hr>157</ns3:hr>
          </ns3:TrackPointExtension>
        </extensions>
      </trkpt>
      <trkpt lat="43.69188590906560420989990234375" lon="7.29128890670835971832275390625">
        <ele>14.19999980926513671875</ele>
        <time>2026-02-22T09:56:43.000Z</time>
        <extensions>
          <ns3:TrackPointExtension>
            <ns3:hr>157</ns3:hr>
          </ns3:TrackPointExtension>
        </extensions>
      </trkpt>
      <trkpt lat="43.69172732345759868621826171875" lon="7.29154220782220363616943359375">
        <ele>13.80000019073486328125</ele>
        <time>2026-02-22T09:56:47.000Z</time>
        <extensions>
          <ns3:TrackPointExtension>
            <ns3:hr>159</ns3:hr>
          </ns3:TrackPointExtension>
        </extensions>
      </trkpt>
      <trkpt lat="43.69168809615075588226318359375" lon="7.2916058264672756195068359375">
        <ele>13.6000003814697265625</ele>
        <time>2026-02-22T09:56:48.000Z</time>
        <extensions>
          <ns3:TrackPointExtension>
            <ns3:hr>159</ns3:hr>
          </ns3:TrackPointExtension>
        </extensions>
      </trkpt>
      <trkpt lat="43.6916333623230457305908203125" lon="7.29173499159514904022216796875">
        <ele>13</ele>
        <time>2026-02-22T09:56:50.000Z</time>
        <extensions>
          <ns3:TrackPointExtension>
            <ns3:hr>158</ns3:hr>
          </ns3:TrackPointExtension>
        </extensions>
      </trkpt>
      <trkpt lat="43.69160628877580165863037109375" lon="7.291824929416179656982421875">
        <ele>13</ele>
        <time>2026-02-22T09:56:51.000Z</time>
        <extensions>
          <ns3:TrackPointExtension>
            <ns3:hr>157</ns3:hr>
          </ns3:TrackPointExtension>
        </extensions>
      </trkpt>
      <trkpt lat="43.69154023937880992889404296875" lon="7.2921204753220081329345703125">
        <ele>12.80000019073486328125</ele>
        <time>2026-02-22T09:56:55.000Z</time>
        <extensions>
          <ns3:TrackPointExtension>
            <ns3:hr>154</ns3:hr>
          </ns3:TrackPointExtension>
        </extensions>
      </trkpt>
      <trkpt lat="43.6914841644465923309326171875" lon="7.2923601977527141571044921875">
        <ele>13.19999980926513671875</ele>
        <time>2026-02-22T09:56:58.000Z</time>
        <extensions>
          <ns3:TrackPointExtension>
            <ns3:hr>154</ns3:hr>
          </ns3:TrackPointExtension>
        </extensions>
      </trkpt>
      <trkpt lat="43.69145155884325504302978515625" lon="7.29244695045053958892822265625">
        <ele>13.19999980926513671875</ele>
        <time>2026-02-22T09:56:59.000Z</time>
        <extensions>
          <ns3:TrackPointExtension>
            <ns3:hr>154</ns3:hr>
          </ns3:TrackPointExtension>
        </extensions>
      </trkpt>
      <trkpt lat="43.69127755053341388702392578125" lon="7.29286571033298969268798828125">
        <ele>13.80000019073486328125</ele>
        <time>2026-02-22T09:57:06.000Z</time>
        <extensions>
          <ns3:TrackPointExtension>
            <ns3:hr>154</ns3:hr>
          </ns3:TrackPointExtension>
        </extensions>
      </trkpt>
      <trkpt lat="43.69120077230036258697509765625" lon="7.293051369488239288330078125">
        <ele>15</ele>
        <time>2026-02-22T09:57:09.000Z</time>
        <extensions>
          <ns3:TrackPointExtension>
            <ns3:hr>155</ns3:hr>
          </ns3:TrackPointExtension>
        </extensions>
      </trkpt>
      <trkpt lat="43.69105056859552860260009765625" lon="7.2933673672378063201904296875">
        <ele>16.200000762939453125</ele>
        <time>2026-02-22T09:57:15.000Z</time>
        <extensions>
          <ns3:TrackPointExtension>
            <ns3:hr>156</ns3:hr>
          </ns3:TrackPointExtension>
        </extensions>
      </trkpt>
      <trkpt lat="43.69088008068501949310302734375" lon="7.29367925785481929779052734375">
        <ele>17.200000762939453125</ele>
        <time>2026-02-22T09:57:21.000Z</time>
        <extensions>
          <ns3:TrackPointExtension>
            <ns3:hr>158</ns3:hr>
          </ns3:TrackPointExtension>
        </extensions>
      </trkpt>
      <trkpt lat="43.69077363051474094390869140625" lon="7.29381747543811798095703125">
        <ele>17.6000003814697265625</ele>
        <time>2026-02-22T09:57:24.000Z</time>
        <extensions>
          <ns3:TrackPointExtension>
            <ns3:hr>159</ns3:hr>
          </ns3:TrackPointExtension>
        </extensions>
      </trkpt>
      <trkpt lat="43.69073675014078617095947265625" lon="7.2938484884798526763916015625">
        <ele>17.799999237060546875</ele>
        <time>2026-02-22T09:57:25.000Z</time>
        <extensions>
          <ns3:TrackPointExtension>
            <ns3:hr>159</ns3:hr>
          </ns3:TrackPointExtension>
        </extensions>
      </trkpt>
      <trkpt lat="43.69064689613878726959228515625" lon="7.293879501521587371826171875">
        <ele>18</ele>
        <time>2026-02-22T09:57:27.000Z</time>
        <extensions>
          <ns3:TrackPointExtension>
            <ns3:hr>160</ns3:hr>
          </ns3:TrackPointExtension>
        </extensions>
      </trkpt>
      <trkpt lat="43.6905980296432971954345703125" lon="7.29388578794896602630615234375">
        <ele>18</ele>
        <time>2026-02-22T09:57:28.000Z</time>
        <extensions>
          <ns3:TrackPointExtension>
            <ns3:hr>160</ns3:hr>
          </ns3:TrackPointExtension>
        </extensions>
      </trkpt>
      <trkpt lat="43.6903653480112552642822265625" lon="7.29391277767717838287353515625">
        <ele>17.200000762939453125</ele>
        <time>2026-02-22T09:57:32.000Z</time>
        <extensions>
          <ns3:TrackPointExtension>
            <ns3:hr>159</ns3:hr>
          </ns3:TrackPointExtension>
        </extensions>
      </trkpt>
      <trkpt lat="43.690307177603244781494140625" lon="7.293933816254138946533203125">
        <ele>16.799999237060546875</ele>
        <time>2026-02-22T09:57:33.000Z</time>
        <extensions>
          <ns3:TrackPointExtension>
            <ns3:hr>159</ns3:hr>
          </ns3:TrackPointExtension>
        </extensions>
      </trkpt>
      <trkpt lat="43.6902491748332977294921875" lon="7.29396508075296878814697265625">
        <ele>16.799999237060546875</ele>
        <time>2026-02-22T09:57:34.000Z</time>
        <extensions>
          <ns3:TrackPointExtension>
            <ns3:hr>159</ns3:hr>
          </ns3:TrackPointExtension>
        </extensions>
      </trkpt>
      <trkpt lat="43.690142221748828887939453125" lon="7.294068597257137298583984375">
        <ele>16.799999237060546875</ele>
        <time>2026-02-22T09:57:36.000Z</time>
        <extensions>
          <ns3:TrackPointExtension>
            <ns3:hr>160</ns3:hr>
          </ns3:TrackPointExtension>
        </extensions>
      </trkpt>
      <trkpt lat="43.69010022841393947601318359375" lon="7.29412919841706752777099609375">
        <ele>16.799999237060546875</ele>
        <time>2026-02-22T09:57:37.000Z</time>
        <extensions>
          <ns3:TrackPointExtension>
            <ns3:hr>161</ns3:hr>
          </ns3:TrackPointExtension>
        </extensions>
      </trkpt>
      <trkpt lat="43.68993627838790416717529296875" lon="7.294426001608371734619140625">
        <ele>18</ele>
        <time>2026-02-22T09:57:42.000Z</time>
        <extensions>
          <ns3:TrackPointExtension>
            <ns3:hr>164</ns3:hr>
          </ns3:TrackPointExtension>
        </extensions>
      </trkpt>
      <trkpt lat="43.68991096504032611846923828125" lon="7.2944788075983524322509765625">
        <ele>18.200000762939453125</ele>
        <time>2026-02-22T09:57:43.000Z</time>
        <extensions>
          <ns3:TrackPointExtension>
            <ns3:hr>164</ns3:hr>
          </ns3:TrackPointExtension>
        </extensions>
      </trkpt>
      <trkpt lat="43.68985078297555446624755859375" lon="7.294568829238414764404296875">
        <ele>18.799999237060546875</ele>
        <time>2026-02-22T09:57:45.000Z</time>
        <extensions>
          <ns3:TrackPointExtension>
            <ns3:hr>164</ns3:hr>
          </ns3:TrackPointExtension>
        </extensions>
      </trkpt>
      <trkpt lat="43.68977777659893035888671875" lon="7.2946129180490970611572265625">
        <ele>19.200000762939453125</ele>
        <time>2026-02-22T09:57:47.000Z</time>
        <extensions>
          <ns3:TrackPointExtension>
            <ns3:hr>163</ns3:hr>
          </ns3:TrackPointExtension>
        </extensions>
      </trkpt>
      <trkpt lat="43.68972153402864933013916015625" lon="7.2946330346167087554931640625">
        <ele>19.200000762939453125</ele>
        <time>2026-02-22T09:57:48.000Z</time>
        <extensions>
          <ns3:TrackPointExtension>
            <ns3:hr>163</ns3:hr>
          </ns3:TrackPointExtension>
        </extensions>
      </trkpt>
      <trkpt lat="43.689684569835662841796875" lon="7.29464225471019744873046875">
        <ele>19.3999996185302734375</ele>
        <time>2026-02-22T09:57:49.000Z</time>
        <extensions>
          <ns3:TrackPointExtension>
            <ns3:hr>163</ns3:hr>
          </ns3:TrackPointExtension>
        </extensions>
      </trkpt>
      <trkpt lat="43.6896376311779022216796875" lon="7.2946467809379100799560546875">
        <ele>19.3999996185302734375</ele>
        <time>2026-02-22T09:57:50.000Z</time>
        <extensions>
          <ns3:TrackPointExtension>
            <ns3:hr>164</ns3:hr>
          </ns3:TrackPointExtension>
        </extensions>
      </trkpt>
      <trkpt lat="43.68954165838658809661865234375" lon="7.29464870877563953399658203125">
        <ele>20</ele>
        <time>2026-02-22T09:57:52.000Z</time>
        <extensions>
          <ns3:TrackPointExtension>
            <ns3:hr>164</ns3:hr>
          </ns3:TrackPointExtension>
        </extensions>
      </trkpt>
      <trkpt lat="43.6894460208714008331298828125" lon="7.29465692304074764251708984375">
        <ele>20.3999996185302734375</ele>
        <time>2026-02-22T09:57:54.000Z</time>
        <extensions>
          <ns3:TrackPointExtension>
            <ns3:hr>165</ns3:hr>
          </ns3:TrackPointExtension>
        </extensions>
      </trkpt>
      <trkpt lat="43.68929841555655002593994140625" lon="7.29465709067881107330322265625">
        <ele>21.200000762939453125</ele>
        <time>2026-02-22T09:57:57.000Z</time>
        <extensions>
          <ns3:TrackPointExtension>
            <ns3:hr>168</ns3:hr>
          </ns3:TrackPointExtension>
        </extensions>
      </trkpt>
      <trkpt lat="43.6892031133174896240234375" lon="7.29466295801103115081787109375">
        <ele>21.6000003814697265625</ele>
        <time>2026-02-22T09:57:59.000Z</time>
        <extensions>
          <ns3:TrackPointExtension>
            <ns3:hr>169</ns3:hr>
          </ns3:TrackPointExtension>
        </extensions>
      </trkpt>
      <trkpt lat="43.689155168831348419189453125" lon="7.2946699149906635284423828125">
        <ele>21.799999237060546875</ele>
        <time>2026-02-22T09:58:00.000Z</time>
        <extensions>
          <ns3:TrackPointExtension>
            <ns3:hr>169</ns3:hr>
          </ns3:TrackPointExtension>
        </extensions>
      </trkpt>
      <trkpt lat="43.68896749801933765411376953125" lon="7.2946806438267230987548828125">
        <ele>23</ele>
        <time>2026-02-22T09:58:04.000Z</time>
        <extensions>
          <ns3:TrackPointExtension>
            <ns3:hr>170</ns3:hr>
          </ns3:TrackPointExtension>
        </extensions>
      </trkpt>
      <trkpt lat="43.68885668925940990447998046875" lon="7.29468693025410175323486328125">
        <ele>23.799999237060546875</ele>
        <time>2026-02-22T09:58:07.000Z</time>
        <extensions>
          <ns3:TrackPointExtension>
            <ns3:hr>171</ns3:hr>
          </ns3:TrackPointExtension>
        </extensions>
      </trkpt>
      <trkpt lat="43.68878745473921298980712890625" lon="7.29467754252254962921142578125">
        <ele>24.200000762939453125</ele>
        <time>2026-02-22T09:58:09.000Z</time>
        <extensions>
          <ns3:TrackPointExtension>
            <ns3:hr>171</ns3:hr>
          </ns3:TrackPointExtension>
        </extensions>
      </trkpt>
      <trkpt lat="43.68867044337093830108642578125" lon="7.29463831521570682525634765625">
        <ele>25.200000762939453125</ele>
        <time>2026-02-22T09:58:13.000Z</time>
        <extensions>
          <ns3:TrackPointExtension>
            <ns3:hr>170</ns3:hr>
          </ns3:TrackPointExtension>
        </extensions>
      </trkpt>
      <trkpt lat="43.6885578744113445281982421875" lon="7.29457779787480831146240234375">
        <ele>26.200000762939453125</ele>
        <time>2026-02-22T09:58:18.000Z</time>
        <extensions>
          <ns3:TrackPointExtension>
            <ns3:hr>172</ns3:hr>
          </ns3:TrackPointExtension>
        </extensions>
      </trkpt>
      <trkpt lat="43.688548989593982696533203125" lon="7.29457519948482513427734375">
        <ele>26.200000762939453125</ele>
        <time>2026-02-22T09:58:19.000Z</time>
        <extensions>
          <ns3:TrackPointExtension>
            <ns3:hr>172</ns3:hr>
          </ns3:TrackPointExtension>
        </extensions>
      </trkpt>
      <trkpt lat="43.6885447986423969268798828125" lon="7.29457318782806396484375">
        <ele>26.799999237060546875</ele>
        <time>2026-02-22T09:58:21.000Z</time>
        <extensions>
          <ns3:TrackPointExtension>
            <ns3:hr>173</ns3:hr>
          </ns3:TrackPointExtension>
        </extensions>
      </trkpt>
      <trkpt lat="43.68847497738897800445556640625" lon="7.29459674097597599029541015625">
        <ele>24.6000003814697265625</ele>
        <time>2026-02-22T10:00:44.000Z</time>
        <extensions>
          <ns3:TrackPointExtension>
            <ns3:hr>133</ns3:hr>
          </ns3:TrackPointExtension>
        </extensions>
      </trkpt>
      <trkpt lat="43.68845544755458831787109375" lon="7.29458685033023357391357421875">
        <ele>24.6000003814697265625</ele>
        <time>2026-02-22T10:00:45.000Z</time>
        <extensions>
          <ns3:TrackPointExtension>
            <ns3:hr>133</ns3:hr>
          </ns3:TrackPointExtension>
        </extensions>
      </trkpt>
      <trkpt lat="43.6884234286844730377197265625" lon="7.29457209818065166473388671875">
        <ele>24.799999237060546875</ele>
        <time>2026-02-22T10:00:47.000Z</time>
        <extensions>
          <ns3:TrackPointExtension>
            <ns3:hr>133</ns3:hr>
          </ns3:TrackPointExtension>
        </extensions>
      </trkpt>
      <trkpt lat="43.68837657384574413299560546875" lon="7.2945549152791500091552734375">
        <ele>25.200000762939453125</ele>
        <time>2026-02-22T10:00:49.000Z</time>
        <extensions>
          <ns3:TrackPointExtension>
            <ns3:hr>133</ns3:hr>
          </ns3:TrackPointExtension>
        </extensions>
      </trkpt>
      <trkpt lat="43.6883265338838100433349609375" lon="7.2945421747863292694091796875">
        <ele>25.799999237060546875</ele>
        <time>2026-02-22T10:00:51.000Z</time>
        <extensions>
          <ns3:TrackPointExtension>
            <ns3:hr>133</ns3:hr>
          </ns3:TrackPointExtension>
        </extensions>
      </trkpt>
      <trkpt lat="43.68821497075259685516357421875" lon="7.2945317812263965606689453125">
        <ele>26.3999996185302734375</ele>
        <time>2026-02-22T10:00:55.000Z</time>
        <extensions>
          <ns3:TrackPointExtension>
            <ns3:hr>140</ns3:hr>
          </ns3:TrackPointExtension>
        </extensions>
      </trkpt>
      <trkpt lat="43.68819032795727252960205078125" lon="7.29453085921704769134521484375">
        <ele>26.799999237060546875</ele>
        <time>2026-02-22T10:00:56.000Z</time>
        <extensions>
          <ns3:TrackPointExtension>
            <ns3:hr>145</ns3:hr>
          </ns3:TrackPointExtension>
        </extensions>
      </trkpt>
      <trkpt lat="43.688164763152599334716796875" lon="7.29452482424676418304443359375">
        <ele>27</ele>
        <time>2026-02-22T10:00:57.000Z</time>
        <extensions>
          <ns3:TrackPointExtension>
            <ns3:hr>148</ns3:hr>
          </ns3:TrackPointExtension>
        </extensions>
      </trkpt>
      <trkpt lat="43.68808329105377197265625" lon="7.29450269602239131927490234375">
        <ele>28</ele>
        <time>2026-02-22T10:01:00.000Z</time>
        <extensions>
          <ns3:TrackPointExtension>
            <ns3:hr>150</ns3:hr>
          </ns3:TrackPointExtension>
        </extensions>
      </trkpt>
      <trkpt lat="43.6879493482410907745361328125" lon="7.29449414648115634918212890625">
        <ele>29.200000762939453125</ele>
        <time>2026-02-22T10:01:05.000Z</time>
        <extensions>
          <ns3:TrackPointExtension>
            <ns3:hr>152</ns3:hr>
          </ns3:TrackPointExtension>
        </extensions>
      </trkpt>
      <trkpt lat="43.68784918449819087982177734375" lon="7.29449314065277576446533203125">
        <ele>30.200000762939453125</ele>
        <time>2026-02-22T10:01:09.000Z</time>
        <extensions>
          <ns3:TrackPointExtension>
            <ns3:hr>153</ns3:hr>
          </ns3:TrackPointExtension>
        </extensions>
      </trkpt>
      <trkpt lat="43.68777425028383731842041015625" lon="7.29449029080569744110107421875">
        <ele>31.200000762939453125</ele>
        <time>2026-02-22T10:01:12.000Z</time>
        <extensions>
          <ns3:TrackPointExtension>
            <ns3:hr>154</ns3:hr>
          </ns3:TrackPointExtension>
        </extensions>
      </trkpt>
      <trkpt lat="43.6877233721315860748291015625" lon="7.29449112899601459503173828125">
        <ele>31.799999237060546875</ele>
        <time>2026-02-22T10:01:14.000Z</time>
        <extensions>
          <ns3:TrackPointExtension>
            <ns3:hr>155</ns3:hr>
          </ns3:TrackPointExtension>
        </extensions>
      </trkpt>
      <trkpt lat="43.68767467327415943145751953125" lon="7.29449481703341007232666015625">
        <ele>32.40000152587890625</ele>
        <time>2026-02-22T10:01:16.000Z</time>
        <extensions>
          <ns3:TrackPointExtension>
            <ns3:hr>156</ns3:hr>
          </ns3:TrackPointExtension>
        </extensions>
      </trkpt>
      <trkpt lat="43.6875859089195728302001953125" lon="7.29449875652790069580078125">
        <ele>33.59999847412109375</ele>
        <time>2026-02-22T10:01:20.000Z</time>
        <extensions>
          <ns3:TrackPointExtension>
            <ns3:hr>157</ns3:hr>
          </ns3:TrackPointExtension>
        </extensions>
      </trkpt>
      <trkpt lat="43.68752899579703807830810546875" lon="7.29450068436563014984130859375">
        <ele>34.200000762939453125</ele>
        <time>2026-02-22T10:01:23.000Z</time>
        <extensions>
          <ns3:TrackPointExtension>
            <ns3:hr>158</ns3:hr>
          </ns3:TrackPointExtension>
        </extensions>
      </trkpt>
      <trkpt lat="43.68748742155730724334716796875" lon="7.29450219310820102691650390625">
        <ele>34.799999237060546875</ele>
        <time>2026-02-22T10:01:25.000Z</time>
        <extensions>
          <ns3:TrackPointExtension>
            <ns3:hr>159</ns3:hr>
          </ns3:TrackPointExtension>
        </extensions>
      </trkpt>
      <trkpt lat="43.6874286644160747528076171875" lon="7.29450521059334278106689453125">
        <ele>35.40000152587890625</ele>
        <time>2026-02-22T10:01:28.000Z</time>
        <extensions>
          <ns3:TrackPointExtension>
            <ns3:hr>162</ns3:hr>
          </ns3:TrackPointExtension>
        </extensions>
      </trkpt>
      <trkpt lat="43.68740594945847988128662109375" lon="7.29450202547013759613037109375">
        <ele>35.799999237060546875</ele>
        <time>2026-02-22T10:01:29.000Z</time>
        <extensions>
          <ns3:TrackPointExtension>
            <ns3:hr>166</ns3:hr>
          </ns3:TrackPointExtension>
        </extensions>
      </trkpt>
      <trkpt lat="43.6873810552060604095458984375" lon="7.2945026122033596038818359375">
        <ele>36</ele>
        <time>2026-02-22T10:01:30.000Z</time>
        <extensions>
          <ns3:TrackPointExtension>
            <ns3:hr>170</ns3:hr>
          </ns3:TrackPointExtension>
        </extensions>
      </trkpt>
      <trkpt lat="43.68731190450489521026611328125" lon="7.29451627470552921295166015625">
        <ele>36.799999237060546875</ele>
        <time>2026-02-22T10:01:33.000Z</time>
        <extensions>
          <ns3:TrackPointExtension>
            <ns3:hr>172</ns3:hr>
          </ns3:TrackPointExtension>
        </extensions>
      </trkpt>
      <trkpt lat="43.687287010252475738525390625" lon="7.29452155530452728271484375">
        <ele>37.200000762939453125</ele>
        <time>2026-02-22T10:01:34.000Z</time>
        <extensions>
          <ns3:TrackPointExtension>
            <ns3:hr>172</ns3:hr>
          </ns3:TrackPointExtension>
        </extensions>
      </trkpt>
      <trkpt lat="43.6871637962758541107177734375" lon="7.29455432854592800140380859375">
        <ele>38.59999847412109375</ele>
        <time>2026-02-22T10:01:39.000Z</time>
        <extensions>
          <ns3:TrackPointExtension>
            <ns3:hr>172</ns3:hr>
          </ns3:TrackPointExtension>
        </extensions>
      </trkpt>
      <trkpt lat="43.6870850063860416412353515625" lon="7.2945777140557765960693359375">
        <ele>39.59999847412109375</ele>
        <time>2026-02-22T10:01:43.000Z</time>
        <extensions>
          <ns3:TrackPointExtension>
            <ns3:hr>171</ns3:hr>
          </ns3:TrackPointExtension>
        </extensions>
      </trkpt>
      <trkpt lat="43.68700646795332431793212890625" lon="7.29460612870752811431884765625">
        <ele>40.40000152587890625</ele>
        <time>2026-02-22T10:01:47.000Z</time>
        <extensions>
          <ns3:TrackPointExtension>
            <ns3:hr>174</ns3:hr>
          </ns3:TrackPointExtension>
        </extensions>
      </trkpt>
      <trkpt lat="43.686970174312591552734375" lon="7.29463328607380390167236328125">
        <ele>40.799999237060546875</ele>
        <time>2026-02-22T10:01:49.000Z</time>
        <extensions>
          <ns3:TrackPointExtension>
            <ns3:hr>175</ns3:hr>
          </ns3:TrackPointExtension>
        </extensions>
      </trkpt>
      <trkpt lat="43.68695785291492938995361328125" lon="7.2946491278707981109619140625">
        <ele>41</ele>
        <time>2026-02-22T10:01:50.000Z</time>
        <extensions>
          <ns3:TrackPointExtension>
            <ns3:hr>175</ns3:hr>
          </ns3:TrackPointExtension>
        </extensions>
      </trkpt>
      <trkpt lat="43.6868928931653499603271484375" lon="7.2947594337165355682373046875">
        <ele>41.799999237060546875</ele>
        <time>2026-02-22T10:01:55.000Z</time>
        <extensions>
          <ns3:TrackPointExtension>
            <ns3:hr>175</ns3:hr>
          </ns3:TrackPointExtension>
        </extensions>
      </trkpt>
      <trkpt lat="43.6868630535900592803955078125" lon="7.29482087306678295135498046875">
        <ele>42.59999847412109375</ele>
        <time>2026-02-22T10:01:58.000Z</time>
        <extensions>
          <ns3:TrackPointExtension>
            <ns3:hr>174</ns3:hr>
          </ns3:TrackPointExtension>
        </extensions>
      </trkpt>
      <trkpt lat="43.68684872053563594818115234375" lon="7.29484551586210727691650390625">
        <ele>43</ele>
        <time>2026-02-22T10:01:59.000Z</time>
        <extensions>
          <ns3:TrackPointExtension>
            <ns3:hr>174</ns3:hr>
          </ns3:TrackPointExtension>
        </extensions>
      </trkpt>
      <trkpt lat="43.68677328340709209442138671875" lon="7.29493671096861362457275390625">
        <ele>44</ele>
        <time>2026-02-22T10:02:04.000Z</time>
        <extensions>
          <ns3:TrackPointExtension>
            <ns3:hr>175</ns3:hr>
          </ns3:TrackPointExtension>
        </extensions>
      </trkpt>
      <trkpt lat="43.686757944524288177490234375" lon="7.29495548643171787261962890625">
        <ele>44</ele>
        <time>2026-02-22T10:02:05.000Z</time>
        <extensions>
          <ns3:TrackPointExtension>
            <ns3:hr>175</ns3:hr>
          </ns3:TrackPointExtension>
        </extensions>
      </trkpt>
      <trkpt lat="43.6866925656795501708984375" lon="7.2950769402086734771728515625">
        <ele>45</ele>
        <time>2026-02-22T10:02:11.000Z</time>
        <extensions>
          <ns3:TrackPointExtension>
            <ns3:hr>174</ns3:hr>
          </ns3:TrackPointExtension>
        </extensions>
      </trkpt>
      <trkpt lat="43.686686195433139801025390625" lon="7.29510552249848842620849609375">
        <ele>45.200000762939453125</ele>
        <time>2026-02-22T10:02:12.000Z</time>
        <extensions>
          <ns3:TrackPointExtension>
            <ns3:hr>174</ns3:hr>
          </ns3:TrackPointExtension>
        </extensions>
      </trkpt>
      <trkpt lat="43.68667085655033588409423828125" lon="7.29516101069748401641845703125">
        <ele>46.200000762939453125</ele>
        <time>2026-02-22T10:02:14.000Z</time>
        <extensions>
          <ns3:TrackPointExtension>
            <ns3:hr>175</ns3:hr>
          </ns3:TrackPointExtension>
        </extensions>
      </trkpt>
      <trkpt lat="43.686629869043827056884765625" lon="7.29533024132251739501953125">
        <ele>47.200000762939453125</ele>
        <time>2026-02-22T10:02:20.000Z</time>
        <extensions>
          <ns3:TrackPointExtension>
            <ns3:hr>175</ns3:hr>
          </ns3:TrackPointExtension>
        </extensions>
      </trkpt>
      <trkpt lat="43.68662349879741668701171875" lon="7.29535915888845920562744140625">
        <ele>47.59999847412109375</ele>
        <time>2026-02-22T10:02:21.000Z</time>
        <extensions>
          <ns3:TrackPointExtension>
            <ns3:hr>176</ns3:hr>
          </ns3:TrackPointExtension>
        </extensions>
      </trkpt>
      <trkpt lat="43.68660765700042247772216796875" lon="7.295497544109821319580078125">
        <ele>48.59999847412109375</ele>
        <time>2026-02-22T10:02:26.000Z</time>
        <extensions>
          <ns3:TrackPointExtension>
            <ns3:hr>175</ns3:hr>
          </ns3:TrackPointExtension>
        </extensions>
      </trkpt>
      <trkpt lat="43.6866206489503383636474609375" lon="7.29555764235556125640869140625">
        <ele>48.59999847412109375</ele>
        <time>2026-02-22T10:02:28.000Z</time>
        <extensions>
          <ns3:TrackPointExtension>
            <ns3:hr>175</ns3:hr>
          </ns3:TrackPointExtension>
        </extensions>
      </trkpt>
      <trkpt lat="43.68668141774833202362060546875" lon="7.2956579737365245819091796875">
        <ele>49.59999847412109375</ele>
        <time>2026-02-22T10:02:33.000Z</time>
        <extensions>
          <ns3:TrackPointExtension>
            <ns3:hr>175</ns3:hr>
          </ns3:TrackPointExtension>
        </extensions>
      </trkpt>
      <trkpt lat="43.68670321069657802581787109375" lon="7.29567247442901134490966796875">
        <ele>49.799999237060546875</ele>
        <time>2026-02-22T10:02:34.000Z</time>
        <extensions>
          <ns3:TrackPointExtension>
            <ns3:hr>175</ns3:hr>
          </ns3:TrackPointExtension>
        </extensions>
      </trkpt>
      <trkpt lat="43.68680320680141448974609375" lon="7.2956787608563899993896484375">
        <ele>50.59999847412109375</ele>
        <time>2026-02-22T10:02:39.000Z</time>
        <extensions>
          <ns3:TrackPointExtension>
            <ns3:hr>174</ns3:hr>
          </ns3:TrackPointExtension>
        </extensions>
      </trkpt>
      <trkpt lat="43.686824999749660491943359375" lon="7.2956670261919498443603515625">
        <ele>50.799999237060546875</ele>
        <time>2026-02-22T10:02:40.000Z</time>
        <extensions>
          <ns3:TrackPointExtension>
            <ns3:hr>174</ns3:hr>
          </ns3:TrackPointExtension>
        </extensions>
      </trkpt>
      <trkpt lat="43.6869012750685214996337890625" lon="7.2955241985619068145751953125">
        <ele>51.59999847412109375</ele>
        <time>2026-02-22T10:02:46.000Z</time>
        <extensions>
          <ns3:TrackPointExtension>
            <ns3:hr>174</ns3:hr>
          </ns3:TrackPointExtension>
        </extensions>
      </trkpt>
      <trkpt lat="43.6869026161730289459228515625" lon="7.29546091519296169281005859375">
        <ele>51.799999237060546875</ele>
        <time>2026-02-22T10:02:48.000Z</time>
        <extensions>
          <ns3:TrackPointExtension>
            <ns3:hr>174</ns3:hr>
          </ns3:TrackPointExtension>
        </extensions>
      </trkpt>
      <trkpt lat="43.6868754588067531585693359375" lon="7.2953505255281925201416015625">
        <ele>52.200000762939453125</ele>
        <time>2026-02-22T10:02:52.000Z</time>
        <extensions>
          <ns3:TrackPointExtension>
            <ns3:hr>175</ns3:hr>
          </ns3:TrackPointExtension>
        </extensions>
      </trkpt>
      <trkpt lat="43.68684888817369937896728515625" lon="7.29524365626275539398193359375">
        <ele>52.799999237060546875</ele>
        <time>2026-02-22T10:02:56.000Z</time>
        <extensions>
          <ns3:TrackPointExtension>
            <ns3:hr>174</ns3:hr>
          </ns3:TrackPointExtension>
        </extensions>
      </trkpt>
      <trkpt lat="43.68685944937169551849365234375" lon="7.2951047681272029876708984375">
        <ele>53.799999237060546875</ele>
        <time>2026-02-22T10:03:01.000Z</time>
        <extensions>
          <ns3:TrackPointExtension>
            <ns3:hr>173</ns3:hr>
          </ns3:TrackPointExtension>
        </extensions>
      </trkpt>
      <trkpt lat="43.68693924508988857269287109375" lon="7.294999994337558746337890625">
        <ele>54.799999237060546875</ele>
        <time>2026-02-22T10:03:06.000Z</time>
        <extensions>
          <ns3:TrackPointExtension>
            <ns3:hr>172</ns3:hr>
          </ns3:TrackPointExtension>
        </extensions>
      </trkpt>
      <trkpt lat="43.6869599483907222747802734375" lon="7.2949904389679431915283203125">
        <ele>55</ele>
        <time>2026-02-22T10:03:07.000Z</time>
        <extensions>
          <ns3:TrackPointExtension>
            <ns3:hr>172</ns3:hr>
          </ns3:TrackPointExtension>
        </extensions>
      </trkpt>
      <trkpt lat="43.68707888759672641754150390625" lon="7.294971831142902374267578125">
        <ele>56</ele>
        <time>2026-02-22T10:03:12.000Z</time>
        <extensions>
          <ns3:TrackPointExtension>
            <ns3:hr>173</ns3:hr>
          </ns3:TrackPointExtension>
        </extensions>
      </trkpt>
      <trkpt lat="43.6871230602264404296875" lon="7.29497887194156646728515625">
        <ele>56.40000152587890625</ele>
        <time>2026-02-22T10:03:14.000Z</time>
        <extensions>
          <ns3:TrackPointExtension>
            <ns3:hr>173</ns3:hr>
          </ns3:TrackPointExtension>
        </extensions>
      </trkpt>
      <trkpt lat="43.6871688254177570343017578125" lon="7.2950144112110137939453125">
        <ele>57</ele>
        <time>2026-02-22T10:03:16.000Z</time>
        <extensions>
          <ns3:TrackPointExtension>
            <ns3:hr>173</ns3:hr>
          </ns3:TrackPointExtension>
        </extensions>
      </trkpt>
      <trkpt lat="43.687208555638790130615234375" lon="7.29508741758763790130615234375">
        <ele>57.40000152587890625</ele>
        <time>2026-02-22T10:03:19.000Z</time>
        <extensions>
          <ns3:TrackPointExtension>
            <ns3:hr>173</ns3:hr>
          </ns3:TrackPointExtension>
        </extensions>
      </trkpt>
      <trkpt lat="43.68722909130156040191650390625" lon="7.29517492465674877166748046875">
        <ele>58.200000762939453125</ele>
        <time>2026-02-22T10:03:22.000Z</time>
        <extensions>
          <ns3:TrackPointExtension>
            <ns3:hr>174</ns3:hr>
          </ns3:TrackPointExtension>
        </extensions>
      </trkpt>
      <trkpt lat="43.68723931722342967987060546875" lon="7.295239381492137908935546875">
        <ele>59.200000762939453125</ele>
        <time>2026-02-22T10:03:24.000Z</time>
        <extensions>
          <ns3:TrackPointExtension>
            <ns3:hr>174</ns3:hr>
          </ns3:TrackPointExtension>
        </extensions>
      </trkpt>
      <trkpt lat="43.6872492916882038116455078125" lon="7.2953005693852901458740234375">
        <ele>59.59999847412109375</ele>
        <time>2026-02-22T10:03:26.000Z</time>
        <extensions>
          <ns3:TrackPointExtension>
            <ns3:hr>175</ns3:hr>
          </ns3:TrackPointExtension>
        </extensions>
      </trkpt>
      <trkpt lat="43.687279634177684783935546875" lon="7.2954527847468852996826171875">
        <ele>60.200000762939453125</ele>
        <time>2026-02-22T10:03:31.000Z</time>
        <extensions>
          <ns3:TrackPointExtension>
            <ns3:hr>175</ns3:hr>
          </ns3:TrackPointExtension>
        </extensions>
      </trkpt>
      <trkpt lat="43.687300421297550201416015625" lon="7.29553501121699810028076171875">
        <ele>61</ele>
        <time>2026-02-22T10:03:34.000Z</time>
        <extensions>
          <ns3:TrackPointExtension>
            <ns3:hr>175</ns3:hr>
          </ns3:TrackPointExtension>
        </extensions>
      </trkpt>
      <trkpt lat="43.68730503134429454803466796875" lon="7.2955647669732570648193359375">
        <ele>61.200000762939453125</ele>
        <time>2026-02-22T10:03:35.000Z</time>
        <extensions>
          <ns3:TrackPointExtension>
            <ns3:hr>175</ns3:hr>
          </ns3:TrackPointExtension>
        </extensions>
      </trkpt>
      <trkpt lat="43.68734962306916713714599609375" lon="7.29569845832884311676025390625">
        <ele>61.799999237060546875</ele>
        <time>2026-02-22T10:03:40.000Z</time>
        <extensions>
          <ns3:TrackPointExtension>
            <ns3:hr>175</ns3:hr>
          </ns3:TrackPointExtension>
        </extensions>
      </trkpt>
      <trkpt lat="43.68740192614495754241943359375" lon="7.2957508452236652374267578125">
        <ele>62.40000152587890625</ele>
        <time>2026-02-22T10:03:43.000Z</time>
        <extensions>
          <ns3:TrackPointExtension>
            <ns3:hr>176</ns3:hr>
          </ns3:TrackPointExtension>
        </extensions>
      </trkpt>
      <trkpt lat="43.68747786618769168853759765625" lon="7.29579602368175983428955078125">
        <ele>63</ele>
        <time>2026-02-22T10:03:47.000Z</time>
        <extensions>
          <ns3:TrackPointExtension>
            <ns3:hr>176</ns3:hr>
          </ns3:TrackPointExtension>
        </extensions>
      </trkpt>
      <trkpt lat="43.68752731941640377044677734375" lon="7.29580826126039028167724609375">
        <ele>63.59999847412109375</ele>
        <time>2026-02-22T10:03:49.000Z</time>
        <extensions>
          <ns3:TrackPointExtension>
            <ns3:hr>176</ns3:hr>
          </ns3:TrackPointExtension>
        </extensions>
      </trkpt>
      <trkpt lat="43.6876180954277515411376953125" lon="7.2957712970674037933349609375">
        <ele>63.59999847412109375</ele>
        <time>2026-02-22T10:03:53.000Z</time>
        <extensions>
          <ns3:TrackPointExtension>
            <ns3:hr>176</ns3:hr>
          </ns3:TrackPointExtension>
        </extensions>
      </trkpt>
      <trkpt lat="43.687688671052455902099609375" lon="7.29568353854119777679443359375">
        <ele>64.59999847412109375</ele>
        <time>2026-02-22T10:03:57.000Z</time>
        <extensions>
          <ns3:TrackPointExtension>
            <ns3:hr>176</ns3:hr>
          </ns3:TrackPointExtension>
        </extensions>
      </trkpt>
      <trkpt lat="43.687698058784008026123046875" lon="7.295652441680431365966796875">
        <ele>64.8000030517578125</ele>
        <time>2026-02-22T10:03:58.000Z</time>
        <extensions>
          <ns3:TrackPointExtension>
            <ns3:hr>176</ns3:hr>
          </ns3:TrackPointExtension>
        </extensions>
      </trkpt>
      <trkpt lat="43.68778623640537261962890625" lon="7.29554624296724796295166015625">
        <ele>66</ele>
        <time>2026-02-22T10:04:03.000Z</time>
        <extensions>
          <ns3:TrackPointExtension>
            <ns3:hr>176</ns3:hr>
          </ns3:TrackPointExtension>
        </extensions>
      </trkpt>
      <trkpt lat="43.6879510246217250823974609375" lon="7.29558496735990047454833984375">
        <ele>67.40000152587890625</ele>
        <time>2026-02-22T10:04:10.000Z</time>
        <extensions>
          <ns3:TrackPointExtension>
            <ns3:hr>176</ns3:hr>
          </ns3:TrackPointExtension>
        </extensions>
      </trkpt>
      <trkpt lat="43.68809946812689304351806640625" lon="7.29566811583936214447021484375">
        <ele>68.40000152587890625</ele>
        <time>2026-02-22T10:04:18.000Z</time>
        <extensions>
          <ns3:TrackPointExtension>
            <ns3:hr>176</ns3:hr>
          </ns3:TrackPointExtension>
        </extensions>
      </trkpt>
      <trkpt lat="43.6881052516400814056396484375" lon="7.29568638838827610015869140625">
        <ele>68.40000152587890625</ele>
        <time>2026-02-22T10:04:19.000Z</time>
        <extensions>
          <ns3:TrackPointExtension>
            <ns3:hr>175</ns3:hr>
          </ns3:TrackPointExtension>
        </extensions>
      </trkpt>
      <trkpt lat="43.6881159804761409759521484375" lon="7.29571404866874217987060546875">
        <ele>68.59999847412109375</ele>
        <time>2026-02-22T10:04:23.000Z</time>
        <extensions>
          <ns3:TrackPointExtension>
            <ns3:hr>174</ns3:hr>
          </ns3:TrackPointExtension>
        </extensions>
      </trkpt>
      <trkpt lat="43.68812620639801025390625" lon="7.29576744139194488525390625">
        <ele>68.1999969482421875</ele>
        <time>2026-02-22T10:04:40.000Z</time>
        <extensions>
          <ns3:TrackPointExtension>
            <ns3:hr>168</ns3:hr>
          </ns3:TrackPointExtension>
        </extensions>
      </trkpt>
      <trkpt lat="43.68812746368348598480224609375" lon="7.29579828679561614990234375">
        <ele>68.1999969482421875</ele>
        <time>2026-02-22T10:04:41.000Z</time>
        <extensions>
          <ns3:TrackPointExtension>
            <ns3:hr>168</ns3:hr>
          </ns3:TrackPointExtension>
        </extensions>
      </trkpt>
      <trkpt lat="43.6881253682076930999755859375" lon="7.2958309762179851531982421875">
        <ele>68.1999969482421875</ele>
        <time>2026-02-22T10:04:42.000Z</time>
        <extensions>
          <ns3:TrackPointExtension>
            <ns3:hr>168</ns3:hr>
          </ns3:TrackPointExtension>
        </extensions>
      </trkpt>
      <trkpt lat="43.68806409649550914764404296875" lon="7.2960658371448516845703125">
        <ele>68.40000152587890625</ele>
        <time>2026-02-22T10:04:48.000Z</time>
        <extensions>
          <ns3:TrackPointExtension>
            <ns3:hr>166</ns3:hr>
          </ns3:TrackPointExtension>
        </extensions>
      </trkpt>
      <trkpt lat="43.68798027746379375457763671875" lon="7.29635777883231639862060546875">
        <ele>68.40000152587890625</ele>
        <time>2026-02-22T10:04:54.000Z</time>
        <extensions>
          <ns3:TrackPointExtension>
            <ns3:hr>163</ns3:hr>
          </ns3:TrackPointExtension>
        </extensions>
      </trkpt>
      <trkpt lat="43.6879731528460979461669921875" lon="7.29640580713748931884765625">
        <ele>68.40000152587890625</ele>
        <time>2026-02-22T10:04:55.000Z</time>
        <extensions>
          <ns3:TrackPointExtension>
            <ns3:hr>163</ns3:hr>
          </ns3:TrackPointExtension>
        </extensions>
      </trkpt>
      <trkpt lat="43.68795965798199176788330078125" lon="7.2966021113097667694091796875">
        <ele>68.8000030517578125</ele>
        <time>2026-02-22T10:05:00.000Z</time>
        <extensions>
          <ns3:TrackPointExtension>
            <ns3:hr>161</ns3:hr>
          </ns3:TrackPointExtension>
        </extensions>
      </trkpt>
      <trkpt lat="43.687977679073810577392578125" lon="7.296640165150165557861328125">
        <ele>69</ele>
        <time>2026-02-22T10:05:01.000Z</time>
        <extensions>
          <ns3:TrackPointExtension>
            <ns3:hr>161</ns3:hr>
          </ns3:TrackPointExtension>
        </extensions>
      </trkpt>
      <trkpt lat="43.68802822194993495941162109375" lon="7.29666003026068210601806640625">
        <ele>69.40000152587890625</ele>
        <time>2026-02-22T10:05:03.000Z</time>
        <extensions>
          <ns3:TrackPointExtension>
            <ns3:hr>160</ns3:hr>
          </ns3:TrackPointExtension>
        </extensions>
      </trkpt>
      <trkpt lat="43.6880546249449253082275390625" lon="7.29665600694715976715087890625">
        <ele>69.59999847412109375</ele>
        <time>2026-02-22T10:05:04.000Z</time>
        <extensions>
          <ns3:TrackPointExtension>
            <ns3:hr>160</ns3:hr>
          </ns3:TrackPointExtension>
        </extensions>
      </trkpt>
      <trkpt lat="43.68819384835660457611083984375" lon="7.296604625880718231201171875">
        <ele>70.8000030517578125</ele>
        <time>2026-02-22T10:05:10.000Z</time>
        <extensions>
          <ns3:TrackPointExtension>
            <ns3:hr>160</ns3:hr>
          </ns3:TrackPointExtension>
        </extensions>
      </trkpt>
      <trkpt lat="43.688212372362613677978515625" lon="7.2965954057872295379638671875">
        <ele>71</ele>
        <time>2026-02-22T10:05:11.000Z</time>
        <extensions>
          <ns3:TrackPointExtension>
            <ns3:hr>160</ns3:hr>
          </ns3:TrackPointExtension>
        </extensions>
      </trkpt>
      <trkpt lat="43.68830390274524688720703125" lon="7.2965303622186183929443359375">
        <ele>72</ele>
        <time>2026-02-22T10:05:16.000Z</time>
        <extensions>
          <ns3:TrackPointExtension>
            <ns3:hr>159</ns3:hr>
          </ns3:TrackPointExtension>
        </extensions>
      </trkpt>
      <trkpt lat="43.68834019638597965240478515625" lon="7.296506054699420928955078125">
        <ele>72.40000152587890625</ele>
        <time>2026-02-22T10:05:18.000Z</time>
        <extensions>
          <ns3:TrackPointExtension>
            <ns3:hr>159</ns3:hr>
          </ns3:TrackPointExtension>
        </extensions>
      </trkpt>
      <trkpt lat="43.68841865099966526031494140625" lon="7.29645073413848876953125">
        <ele>73</ele>
        <time>2026-02-22T10:05:22.000Z</time>
        <extensions>
          <ns3:TrackPointExtension>
            <ns3:hr>159</ns3:hr>
          </ns3:TrackPointExtension>
        </extensions>
      </trkpt>
      <trkpt lat="43.6884918250143527984619140625" lon="7.2963999398052692413330078125">
        <ele>74</ele>
        <time>2026-02-22T10:05:26.000Z</time>
        <extensions>
          <ns3:TrackPointExtension>
            <ns3:hr>159</ns3:hr>
          </ns3:TrackPointExtension>
        </extensions>
      </trkpt>
      <trkpt lat="43.6885092593729496002197265625" lon="7.29638694785535335540771484375">
        <ele>74.1999969482421875</ele>
        <time>2026-02-22T10:05:27.000Z</time>
        <extensions>
          <ns3:TrackPointExtension>
            <ns3:hr>160</ns3:hr>
          </ns3:TrackPointExtension>
        </extensions>
      </trkpt>
      <trkpt lat="43.68858528323471546173095703125" lon="7.29632257483899593353271484375">
        <ele>75.40000152587890625</ele>
        <time>2026-02-22T10:05:31.000Z</time>
        <extensions>
          <ns3:TrackPointExtension>
            <ns3:hr>159</ns3:hr>
          </ns3:TrackPointExtension>
        </extensions>
      </trkpt>
      <trkpt lat="43.68862568400800228118896484375" lon="7.29629089124500751495361328125">
        <ele>75.8000030517578125</ele>
        <time>2026-02-22T10:05:33.000Z</time>
        <extensions>
          <ns3:TrackPointExtension>
            <ns3:hr>160</ns3:hr>
          </ns3:TrackPointExtension>
        </extensions>
      </trkpt>
      <trkpt lat="43.68866558186709880828857421875" lon="7.29625719599425792694091796875">
        <ele>76.1999969482421875</ele>
        <time>2026-02-22T10:05:35.000Z</time>
        <extensions>
          <ns3:TrackPointExtension>
            <ns3:hr>163</ns3:hr>
          </ns3:TrackPointExtension>
        </extensions>
      </trkpt>
      <trkpt lat="43.6886886321008205413818359375" lon="7.29623640887439250946044921875">
        <ele>76.40000152587890625</ele>
        <time>2026-02-22T10:05:36.000Z</time>
        <extensions>
          <ns3:TrackPointExtension>
            <ns3:hr>164</ns3:hr>
          </ns3:TrackPointExtension>
        </extensions>
      </trkpt>
      <trkpt lat="43.68881712667644023895263671875" lon="7.29615527205169200897216796875">
        <ele>77.40000152587890625</ele>
        <time>2026-02-22T10:05:41.000Z</time>
        <extensions>
          <ns3:TrackPointExtension>
            <ns3:hr>166</ns3:hr>
          </ns3:TrackPointExtension>
        </extensions>
      </trkpt>
      <trkpt lat="43.688843362033367156982421875" lon="7.2961543500423431396484375">
        <ele>77.59999847412109375</ele>
        <time>2026-02-22T10:05:42.000Z</time>
        <extensions>
          <ns3:TrackPointExtension>
            <ns3:hr>166</ns3:hr>
          </ns3:TrackPointExtension>
        </extensions>
      </trkpt>
      <trkpt lat="43.68909775279462337493896484375" lon="7.29608436115086078643798828125">
        <ele>78.59999847412109375</ele>
        <time>2026-02-22T10:05:51.000Z</time>
        <extensions>
          <ns3:TrackPointExtension>
            <ns3:hr>168</ns3:hr>
          </ns3:TrackPointExtension>
        </extensions>
      </trkpt>
      <trkpt lat="43.6892379820346832275390625" lon="7.29605846107006072998046875">
        <ele>79.59999847412109375</ele>
        <time>2026-02-22T10:05:56.000Z</time>
        <extensions>
          <ns3:TrackPointExtension>
            <ns3:hr>168</ns3:hr>
          </ns3:TrackPointExtension>
        </extensions>
      </trkpt>
      <trkpt lat="43.68926689960062503814697265625" lon="7.29605175554752349853515625">
        <ele>79.8000030517578125</ele>
        <time>2026-02-22T10:05:57.000Z</time>
        <extensions>
          <ns3:TrackPointExtension>
            <ns3:hr>168</ns3:hr>
          </ns3:TrackPointExtension>
        </extensions>
      </trkpt>
      <trkpt lat="43.68944509886205196380615234375" lon="7.29600992985069751739501953125">
        <ele>80.8000030517578125</ele>
        <time>2026-02-22T10:06:03.000Z</time>
        <extensions>
          <ns3:TrackPointExtension>
            <ns3:hr>169</ns3:hr>
          </ns3:TrackPointExtension>
        </extensions>
      </trkpt>
      <trkpt lat="43.689577281475067138671875" lon="7.295981682837009429931640625">
        <ele>81.1999969482421875</ele>
        <time>2026-02-22T10:06:07.000Z</time>
        <extensions>
          <ns3:TrackPointExtension>
            <ns3:hr>169</ns3:hr>
          </ns3:TrackPointExtension>
        </extensions>
      </trkpt>
      <trkpt lat="43.6896857433021068572998046875" lon="7.29601914994418621063232421875">
        <ele>81.8000030517578125</ele>
        <time>2026-02-22T10:06:12.000Z</time>
        <extensions>
          <ns3:TrackPointExtension>
            <ns3:hr>168</ns3:hr>
          </ns3:TrackPointExtension>
        </extensions>
      </trkpt>
      <trkpt lat="43.6896988190710544586181640625" lon="7.29603272862732410430908203125">
        <ele>82.1999969482421875</ele>
        <time>2026-02-22T10:06:15.000Z</time>
        <extensions>
          <ns3:TrackPointExtension>
            <ns3:hr>167</ns3:hr>
          </ns3:TrackPointExtension>
        </extensions>
      </trkpt>
      <trkpt lat="43.68973360396921634674072265625" lon="7.29606726206839084625244140625">
        <ele>82.1999969482421875</ele>
        <time>2026-02-22T10:06:49.000Z</time>
        <extensions>
          <ns3:TrackPointExtension>
            <ns3:hr>146</ns3:hr>
          </ns3:TrackPointExtension>
        </extensions>
      </trkpt>
      <trkpt lat="43.68974718265235424041748046875" lon="7.29609508998692035675048828125">
        <ele>82.1999969482421875</ele>
        <time>2026-02-22T10:06:50.000Z</time>
        <extensions>
          <ns3:TrackPointExtension>
            <ns3:hr>146</ns3:hr>
          </ns3:TrackPointExtension>
        </extensions>
      </trkpt>
      <trkpt lat="43.68976277299225330352783203125" lon="7.2962108440697193145751953125">
        <ele>83.1999969482421875</ele>
        <time>2026-02-22T10:06:54.000Z</time>
        <extensions>
          <ns3:TrackPointExtension>
            <ns3:hr>144</ns3:hr>
          </ns3:TrackPointExtension>
        </extensions>
      </trkpt>
      <trkpt lat="43.689762689173221588134765625" lon="7.29626524262130260467529296875">
        <ele>83.59999847412109375</ele>
        <time>2026-02-22T10:06:56.000Z</time>
        <extensions>
          <ns3:TrackPointExtension>
            <ns3:hr>145</ns3:hr>
          </ns3:TrackPointExtension>
        </extensions>
      </trkpt>
      <trkpt lat="43.68977417238056659698486328125" lon="7.296343110501766204833984375">
        <ele>84.1999969482421875</ele>
        <time>2026-02-22T10:06:59.000Z</time>
        <extensions>
          <ns3:TrackPointExtension>
            <ns3:hr>147</ns3:hr>
          </ns3:TrackPointExtension>
        </extensions>
      </trkpt>
      <trkpt lat="43.6897878348827362060546875" lon="7.29648401029407978057861328125">
        <ele>85.40000152587890625</ele>
        <time>2026-02-22T10:07:04.000Z</time>
        <extensions>
          <ns3:TrackPointExtension>
            <ns3:hr>149</ns3:hr>
          </ns3:TrackPointExtension>
        </extensions>
      </trkpt>
      <trkpt lat="43.68978942744433879852294921875" lon="7.29651032947003841400146484375">
        <ele>85.40000152587890625</ele>
        <time>2026-02-22T10:07:05.000Z</time>
        <extensions>
          <ns3:TrackPointExtension>
            <ns3:hr>149</ns3:hr>
          </ns3:TrackPointExtension>
        </extensions>
      </trkpt>
      <trkpt lat="43.68980417959392070770263671875" lon="7.29659649543464183807373046875">
        <ele>86</ele>
        <time>2026-02-22T10:07:08.000Z</time>
        <extensions>
          <ns3:TrackPointExtension>
            <ns3:hr>152</ns3:hr>
          </ns3:TrackPointExtension>
        </extensions>
      </trkpt>
      <trkpt lat="43.6898071132600307464599609375" lon="7.29665852151811122894287109375">
        <ele>86.40000152587890625</ele>
        <time>2026-02-22T10:07:10.000Z</time>
        <extensions>
          <ns3:TrackPointExtension>
            <ns3:hr>154</ns3:hr>
          </ns3:TrackPointExtension>
        </extensions>
      </trkpt>
      <trkpt lat="43.6897973902523517608642578125" lon="7.2967808134853839874267578125">
        <ele>87.1999969482421875</ele>
        <time>2026-02-22T10:07:14.000Z</time>
        <extensions>
          <ns3:TrackPointExtension>
            <ns3:hr>156</ns3:hr>
          </ns3:TrackPointExtension>
        </extensions>
      </trkpt>
      <trkpt lat="43.689790181815624237060546875" lon="7.29681123979389667510986328125">
        <ele>87.40000152587890625</ele>
        <time>2026-02-22T10:07:15.000Z</time>
        <extensions>
          <ns3:TrackPointExtension>
            <ns3:hr>157</ns3:hr>
          </ns3:TrackPointExtension>
        </extensions>
      </trkpt>
      <trkpt lat="43.689765371382236480712890625" lon="7.29697552509605884552001953125">
        <ele>88.59999847412109375</ele>
        <time>2026-02-22T10:07:20.000Z</time>
        <extensions>
          <ns3:TrackPointExtension>
            <ns3:hr>160</ns3:hr>
          </ns3:TrackPointExtension>
        </extensions>
      </trkpt>
      <trkpt lat="43.689738549292087554931640625" lon="7.29707091115415096282958984375">
        <ele>89.1999969482421875</ele>
        <time>2026-02-22T10:07:23.000Z</time>
        <extensions>
          <ns3:TrackPointExtension>
            <ns3:hr>163</ns3:hr>
          </ns3:TrackPointExtension>
        </extensions>
      </trkpt>
      <trkpt lat="43.68972287513315677642822265625" lon="7.29713075794279575347900390625">
        <ele>89.59999847412109375</ele>
        <time>2026-02-22T10:07:25.000Z</time>
        <extensions>
          <ns3:TrackPointExtension>
            <ns3:hr>165</ns3:hr>
          </ns3:TrackPointExtension>
        </extensions>
      </trkpt>
      <trkpt lat="43.68965783156454563140869140625" lon="7.29722379706799983978271484375">
        <ele>90.59999847412109375</ele>
        <time>2026-02-22T10:07:29.000Z</time>
        <extensions>
          <ns3:TrackPointExtension>
            <ns3:hr>167</ns3:hr>
          </ns3:TrackPointExtension>
        </extensions>
      </trkpt>
      <trkpt lat="43.68964039720594882965087890625" lon="7.29724592529237270355224609375">
        <ele>90.59999847412109375</ele>
        <time>2026-02-22T10:07:30.000Z</time>
        <extensions>
          <ns3:TrackPointExtension>
            <ns3:hr>167</ns3:hr>
          </ns3:TrackPointExtension>
        </extensions>
      </trkpt>
      <trkpt lat="43.6895355395972728729248046875" lon="7.2973494417965412139892578125">
        <ele>91.8000030517578125</ele>
        <time>2026-02-22T10:07:35.000Z</time>
        <extensions>
          <ns3:TrackPointExtension>
            <ns3:hr>167</ns3:hr>
          </ns3:TrackPointExtension>
        </extensions>
      </trkpt>
      <trkpt lat="43.6894936300814151763916015625" lon="7.29739177040755748748779296875">
        <ele>92</ele>
        <time>2026-02-22T10:07:37.000Z</time>
        <extensions>
          <ns3:TrackPointExtension>
            <ns3:hr>167</ns3:hr>
          </ns3:TrackPointExtension>
        </extensions>
      </trkpt>
      <trkpt lat="43.68938726373016834259033203125" lon="7.297514565289020538330078125">
        <ele>92.8000030517578125</ele>
        <time>2026-02-22T10:07:42.000Z</time>
        <extensions>
          <ns3:TrackPointExtension>
            <ns3:hr>168</ns3:hr>
          </ns3:TrackPointExtension>
        </extensions>
      </trkpt>
      <trkpt lat="43.6892916262149810791015625" lon="7.2975928522646427154541015625">
        <ele>93.40000152587890625</ele>
        <time>2026-02-22T10:07:46.000Z</time>
        <extensions>
          <ns3:TrackPointExtension>
            <ns3:hr>168</ns3:hr>
          </ns3:TrackPointExtension>
        </extensions>
      </trkpt>
      <trkpt lat="43.68920168839395046234130859375" lon="7.297684215009212493896484375">
        <ele>94</ele>
        <time>2026-02-22T10:07:50.000Z</time>
        <extensions>
          <ns3:TrackPointExtension>
            <ns3:hr>169</ns3:hr>
          </ns3:TrackPointExtension>
        </extensions>
      </trkpt>
      <trkpt lat="43.689114265143871307373046875" lon="7.2977688722312450408935546875">
        <ele>95</ele>
        <time>2026-02-22T10:07:54.000Z</time>
        <extensions>
          <ns3:TrackPointExtension>
            <ns3:hr>169</ns3:hr>
          </ns3:TrackPointExtension>
        </extensions>
      </trkpt>
      <trkpt lat="43.68909372948110103607177734375" lon="7.29779250919818878173828125">
        <ele>95.1999969482421875</ele>
        <time>2026-02-22T10:07:55.000Z</time>
        <extensions>
          <ns3:TrackPointExtension>
            <ns3:hr>169</ns3:hr>
          </ns3:TrackPointExtension>
        </extensions>
      </trkpt>
      <trkpt lat="43.6890094913542270660400390625" lon="7.29790558107197284698486328125">
        <ele>96.1999969482421875</ele>
        <time>2026-02-22T10:08:01.000Z</time>
        <extensions>
          <ns3:TrackPointExtension>
            <ns3:hr>169</ns3:hr>
          </ns3:TrackPointExtension>
        </extensions>
      </trkpt>
      <trkpt lat="43.6890044622123241424560546875" lon="7.29792402125895023345947265625">
        <ele>96.40000152587890625</ele>
        <time>2026-02-22T10:08:02.000Z</time>
        <extensions>
          <ns3:TrackPointExtension>
            <ns3:hr>168</ns3:hr>
          </ns3:TrackPointExtension>
        </extensions>
      </trkpt>
      <trkpt lat="43.6889947392046451568603515625" lon="7.29794229380786418914794921875">
        <ele>96.40000152587890625</ele>
        <time>2026-02-22T10:08:03.000Z</time>
        <extensions>
          <ns3:TrackPointExtension>
            <ns3:hr>168</ns3:hr>
          </ns3:TrackPointExtension>
        </extensions>
      </trkpt>
      <trkpt lat="43.6889830045402050018310546875" lon="7.297964505851268768310546875">
        <ele>96.40000152587890625</ele>
        <time>2026-02-22T10:08:06.000Z</time>
        <extensions>
          <ns3:TrackPointExtension>
            <ns3:hr>168</ns3:hr>
          </ns3:TrackPointExtension>
        </extensions>
      </trkpt>
      <trkpt lat="43.6889830045402050018310546875" lon="7.297964505851268768310546875">
        <ele>96.40000152587890625</ele>
        <time>2026-02-22T10:08:07.000Z</time>
        <extensions>
          <ns3:TrackPointExtension>
            <ns3:hr>168</ns3:hr>
          </ns3:TrackPointExtension>
        </extensions>
      </trkpt>
      <trkpt lat="43.68896062485873699188232421875" lon="7.29799099266529083251953125">
        <ele>95.8000030517578125</ele>
        <time>2026-02-22T10:08:47.000Z</time>
        <extensions>
          <ns3:TrackPointExtension>
            <ns3:hr>145</ns3:hr>
          </ns3:TrackPointExtension>
        </extensions>
      </trkpt>
      <trkpt lat="43.68890781886875629425048828125" lon="7.29806609451770782470703125">
        <ele>96</ele>
        <time>2026-02-22T10:08:50.000Z</time>
        <extensions>
          <ns3:TrackPointExtension>
            <ns3:hr>144</ns3:hr>
          </ns3:TrackPointExtension>
        </extensions>
      </trkpt>
      <trkpt lat="43.68876700289547443389892578125" lon="7.2982476465404033660888671875">
        <ele>97.1999969482421875</ele>
        <time>2026-02-22T10:08:57.000Z</time>
        <extensions>
          <ns3:TrackPointExtension>
            <ns3:hr>146</ns3:hr>
          </ns3:TrackPointExtension>
        </extensions>
      </trkpt>
      <trkpt lat="43.68871285580098628997802734375" lon="7.2982959263026714324951171875">
        <ele>97.59999847412109375</ele>
        <time>2026-02-22T10:08:59.000Z</time>
        <extensions>
          <ns3:TrackPointExtension>
            <ns3:hr>149</ns3:hr>
          </ns3:TrackPointExtension>
        </extensions>
      </trkpt>
      <trkpt lat="43.688675053417682647705078125" lon="7.29836189188063144683837890625">
        <ele>98</ele>
        <time>2026-02-22T10:09:01.000Z</time>
        <extensions>
          <ns3:TrackPointExtension>
            <ns3:hr>150</ns3:hr>
          </ns3:TrackPointExtension>
        </extensions>
      </trkpt>
      <trkpt lat="43.68866340257227420806884765625" lon="7.29838770814239978790283203125">
        <ele>98.40000152587890625</ele>
        <time>2026-02-22T10:09:02.000Z</time>
        <extensions>
          <ns3:TrackPointExtension>
            <ns3:hr>150</ns3:hr>
          </ns3:TrackPointExtension>
        </extensions>
      </trkpt>
      <trkpt lat="43.68854085914790630340576171875" lon="7.29857764206826686859130859375">
        <ele>99.1999969482421875</ele>
        <time>2026-02-22T10:09:09.000Z</time>
        <extensions>
          <ns3:TrackPointExtension>
            <ns3:hr>153</ns3:hr>
          </ns3:TrackPointExtension>
        </extensions>
      </trkpt>
      <trkpt lat="43.6885233409702777862548828125" lon="7.2986058890819549560546875">
        <ele>99.59999847412109375</ele>
        <time>2026-02-22T10:09:10.000Z</time>
        <extensions>
          <ns3:TrackPointExtension>
            <ns3:hr>153</ns3:hr>
          </ns3:TrackPointExtension>
        </extensions>
      </trkpt>
      <trkpt lat="43.6885032244026660919189453125" lon="7.2986446134746074676513671875">
        <ele>99.8000030517578125</ele>
        <time>2026-02-22T10:09:11.000Z</time>
        <extensions>
          <ns3:TrackPointExtension>
            <ns3:hr>154</ns3:hr>
          </ns3:TrackPointExtension>
        </extensions>
      </trkpt>
      <trkpt lat="43.688447065651416778564453125" lon="7.29875349439680576324462890625">
        <ele>100.59999847412109375</ele>
        <time>2026-02-22T10:09:15.000Z</time>
        <extensions>
          <ns3:TrackPointExtension>
            <ns3:hr>156</ns3:hr>
          </ns3:TrackPointExtension>
        </extensions>
      </trkpt>
      <trkpt lat="43.68836919777095317840576171875" lon="7.29895365424454212188720703125">
        <ele>101.8000030517578125</ele>
        <time>2026-02-22T10:09:21.000Z</time>
        <extensions>
          <ns3:TrackPointExtension>
            <ns3:hr>159</ns3:hr>
          </ns3:TrackPointExtension>
        </extensions>
      </trkpt>
      <trkpt lat="43.6883580498397350311279296875" lon="7.29899154044687747955322265625">
        <ele>102</ele>
        <time>2026-02-22T10:09:22.000Z</time>
        <extensions>
          <ns3:TrackPointExtension>
            <ns3:hr>160</ns3:hr>
          </ns3:TrackPointExtension>
        </extensions>
      </trkpt>
      <trkpt lat="43.68830616585910320281982421875" lon="7.29911827482283115386962890625">
        <ele>103</ele>
        <time>2026-02-22T10:09:26.000Z</time>
        <extensions>
          <ns3:TrackPointExtension>
            <ns3:hr>161</ns3:hr>
          </ns3:TrackPointExtension>
        </extensions>
      </trkpt>
      <trkpt lat="43.68828437291085720062255859375" lon="7.29923310689628124237060546875">
        <ele>104.1999969482421875</ele>
        <time>2026-02-22T10:09:29.000Z</time>
        <extensions>
          <ns3:TrackPointExtension>
            <ns3:hr>163</ns3:hr>
          </ns3:TrackPointExtension>
        </extensions>
      </trkpt>
      <trkpt lat="43.6882313154637813568115234375" lon="7.2994589991867542266845703125">
        <ele>104.59999847412109375</ele>
        <time>2026-02-22T10:09:35.000Z</time>
        <extensions>
          <ns3:TrackPointExtension>
            <ns3:hr>166</ns3:hr>
          </ns3:TrackPointExtension>
        </extensions>
      </trkpt>
      <trkpt lat="43.68821497075259685516357421875" lon="7.29953317902982234954833984375">
        <ele>104.8000030517578125</ele>
        <time>2026-02-22T10:09:37.000Z</time>
        <extensions>
          <ns3:TrackPointExtension>
            <ns3:hr>168</ns3:hr>
          </ns3:TrackPointExtension>
        </extensions>
      </trkpt>
      <trkpt lat="43.68819904513657093048095703125" lon="7.2996122203767299652099609375">
        <ele>105.1999969482421875</ele>
        <time>2026-02-22T10:09:39.000Z</time>
        <extensions>
          <ns3:TrackPointExtension>
            <ns3:hr>168</ns3:hr>
          </ns3:TrackPointExtension>
        </extensions>
      </trkpt>
      <trkpt lat="43.68813919834792613983154296875" lon="7.29986585676670074462890625">
        <ele>106.40000152587890625</ele>
        <time>2026-02-22T10:09:46.000Z</time>
        <extensions>
          <ns3:TrackPointExtension>
            <ns3:hr>167</ns3:hr>
          </ns3:TrackPointExtension>
        </extensions>
      </trkpt>
      <trkpt lat="43.6880884878337383270263671875" lon="7.3001315630972385406494140625">
        <ele>107.40000152587890625</ele>
        <time>2026-02-22T10:09:53.000Z</time>
        <extensions>
          <ns3:TrackPointExtension>
            <ns3:hr>168</ns3:hr>
          </ns3:TrackPointExtension>
        </extensions>
      </trkpt>
      <trkpt lat="43.68805118836462497711181640625" lon="7.3003665916621685028076171875">
        <ele>108.59999847412109375</ele>
        <time>2026-02-22T10:09:59.000Z</time>
        <extensions>
          <ns3:TrackPointExtension>
            <ns3:hr>167</ns3:hr>
          </ns3:TrackPointExtension>
        </extensions>
      </trkpt>
      <trkpt lat="43.6880217678844928741455078125" lon="7.30057035572826862335205078125">
        <ele>109.8000030517578125</ele>
        <time>2026-02-22T10:10:04.000Z</time>
        <extensions>
          <ns3:TrackPointExtension>
            <ns3:hr>167</ns3:hr>
          </ns3:TrackPointExtension>
        </extensions>
      </trkpt>
      <trkpt lat="43.68799821473658084869384765625" lon="7.300767414271831512451171875">
        <ele>110.59999847412109375</ele>
        <time>2026-02-22T10:10:09.000Z</time>
        <extensions>
          <ns3:TrackPointExtension>
            <ns3:hr>167</ns3:hr>
          </ns3:TrackPointExtension>
        </extensions>
      </trkpt>
      <trkpt lat="43.6879969574511051177978515625" lon="7.3008044622838497161865234375">
        <ele>110.8000030517578125</ele>
        <time>2026-02-22T10:10:10.000Z</time>
        <extensions>
          <ns3:TrackPointExtension>
            <ns3:hr>167</ns3:hr>
          </ns3:TrackPointExtension>
        </extensions>
      </trkpt>
      <trkpt lat="43.687999807298183441162109375" lon="7.3010009340941905975341796875">
        <ele>112</ele>
        <time>2026-02-22T10:10:15.000Z</time>
        <extensions>
          <ns3:TrackPointExtension>
            <ns3:hr>167</ns3:hr>
          </ns3:TrackPointExtension>
        </extensions>
      </trkpt>
      <trkpt lat="43.68799301795661449432373046875" lon="7.30107176117599010467529296875">
        <ele>112.40000152587890625</ele>
        <time>2026-02-22T10:10:17.000Z</time>
        <extensions>
          <ns3:TrackPointExtension>
            <ns3:hr>167</ns3:hr>
          </ns3:TrackPointExtension>
        </extensions>
      </trkpt>
      <trkpt lat="43.68798983283340930938720703125" lon="7.30125817470252513885498046875">
        <ele>113</ele>
        <time>2026-02-22T10:10:22.000Z</time>
        <extensions>
          <ns3:TrackPointExtension>
            <ns3:hr>169</ns3:hr>
          </ns3:TrackPointExtension>
        </extensions>
      </trkpt>
      <trkpt lat="43.687984049320220947265625" lon="7.30132497847080230712890625">
        <ele>113.40000152587890625</ele>
        <time>2026-02-22T10:10:24.000Z</time>
        <extensions>
          <ns3:TrackPointExtension>
            <ns3:hr>169</ns3:hr>
          </ns3:TrackPointExtension>
        </extensions>
      </trkpt>
      <trkpt lat="43.68798329494893550872802734375" lon="7.3014505393803119659423828125">
        <ele>114.1999969482421875</ele>
        <time>2026-02-22T10:10:27.000Z</time>
        <extensions>
          <ns3:TrackPointExtension>
            <ns3:hr>169</ns3:hr>
          </ns3:TrackPointExtension>
        </extensions>
      </trkpt>
      <trkpt lat="43.68797491304576396942138671875" lon="7.30167810805141925811767578125">
        <ele>115.40000152587890625</ele>
        <time>2026-02-22T10:10:33.000Z</time>
        <extensions>
          <ns3:TrackPointExtension>
            <ns3:hr>169</ns3:hr>
          </ns3:TrackPointExtension>
        </extensions>
      </trkpt>
      <trkpt lat="43.6879842169582843780517578125" lon="7.3019846342504024505615234375">
        <ele>116.59999847412109375</ele>
        <time>2026-02-22T10:10:41.000Z</time>
        <extensions>
          <ns3:TrackPointExtension>
            <ns3:hr>170</ns3:hr>
          </ns3:TrackPointExtension>
        </extensions>
      </trkpt>
      <trkpt lat="43.68798312731087207794189453125" lon="7.30206049047410488128662109375">
        <ele>116.59999847412109375</ele>
        <time>2026-02-22T10:10:43.000Z</time>
        <extensions>
          <ns3:TrackPointExtension>
            <ns3:hr>169</ns3:hr>
          </ns3:TrackPointExtension>
        </extensions>
      </trkpt>
      <trkpt lat="43.6879828758537769317626953125" lon="7.302206419408321380615234375">
        <ele>117.59999847412109375</ele>
        <time>2026-02-22T10:10:47.000Z</time>
        <extensions>
          <ns3:TrackPointExtension>
            <ns3:hr>169</ns3:hr>
          </ns3:TrackPointExtension>
        </extensions>
      </trkpt>
      <trkpt lat="43.687959574162960052490234375" lon="7.30240188539028167724609375">
        <ele>118.8000030517578125</ele>
        <time>2026-02-22T10:10:52.000Z</time>
        <extensions>
          <ns3:TrackPointExtension>
            <ns3:hr>170</ns3:hr>
          </ns3:TrackPointExtension>
        </extensions>
      </trkpt>
      <trkpt lat="43.68795379064977169036865234375" lon="7.302438430488109588623046875">
        <ele>119</ele>
        <time>2026-02-22T10:10:53.000Z</time>
        <extensions>
          <ns3:TrackPointExtension>
            <ns3:hr>170</ns3:hr>
          </ns3:TrackPointExtension>
        </extensions>
      </trkpt>
      <trkpt lat="43.6879151500761508941650390625" lon="7.30258318595588207244873046875">
        <ele>120</ele>
        <time>2026-02-22T10:10:57.000Z</time>
        <extensions>
          <ns3:TrackPointExtension>
            <ns3:hr>171</ns3:hr>
          </ns3:TrackPointExtension>
        </extensions>
      </trkpt>
      <trkpt lat="43.68786745704710483551025390625" lon="7.3027209006249904632568359375">
        <ele>120.8000030517578125</ele>
        <time>2026-02-22T10:11:01.000Z</time>
        <extensions>
          <ns3:TrackPointExtension>
            <ns3:hr>171</ns3:hr>
          </ns3:TrackPointExtension>
        </extensions>
      </trkpt>
      <trkpt lat="43.68775631301105022430419921875" lon="7.30292198248207569122314453125">
        <ele>121</ele>
        <time>2026-02-22T10:11:07.000Z</time>
        <extensions>
          <ns3:TrackPointExtension>
            <ns3:hr>172</ns3:hr>
          </ns3:TrackPointExtension>
        </extensions>
      </trkpt>
      <trkpt lat="43.6876769363880157470703125" lon="7.3030317015945911407470703125">
        <ele>122</ele>
        <time>2026-02-22T10:11:11.000Z</time>
        <extensions>
          <ns3:TrackPointExtension>
            <ns3:hr>172</ns3:hr>
          </ns3:TrackPointExtension>
        </extensions>
      </trkpt>
      <trkpt lat="43.68756386451423168182373046875" lon="7.30315558612346649169921875">
        <ele>123</ele>
        <time>2026-02-22T10:11:16.000Z</time>
        <extensions>
          <ns3:TrackPointExtension>
            <ns3:hr>172</ns3:hr>
          </ns3:TrackPointExtension>
        </extensions>
      </trkpt>
      <trkpt lat="43.6874994076788425445556640625" lon="7.30323211289942264556884765625">
        <ele>123.59999847412109375</ele>
        <time>2026-02-22T10:11:19.000Z</time>
        <extensions>
          <ns3:TrackPointExtension>
            <ns3:hr>172</ns3:hr>
          </ns3:TrackPointExtension>
        </extensions>
      </trkpt>
      <trkpt lat="43.6874343641102313995361328125" lon="7.3033059574663639068603515625">
        <ele>124.1999969482421875</ele>
        <time>2026-02-22T10:11:22.000Z</time>
        <extensions>
          <ns3:TrackPointExtension>
            <ns3:hr>171</ns3:hr>
          </ns3:TrackPointExtension>
        </extensions>
      </trkpt>
      <trkpt lat="43.68735062889754772186279296875" lon="7.3034595139324665069580078125">
        <ele>124.8000030517578125</ele>
        <time>2026-02-22T10:11:27.000Z</time>
        <extensions>
          <ns3:TrackPointExtension>
            <ns3:hr>171</ns3:hr>
          </ns3:TrackPointExtension>
        </extensions>
      </trkpt>
      <trkpt lat="43.68732531554996967315673828125" lon="7.30363846756517887115478515625">
        <ele>125.1999969482421875</ele>
        <time>2026-02-22T10:11:32.000Z</time>
        <extensions>
          <ns3:TrackPointExtension>
            <ns3:hr>170</ns3:hr>
          </ns3:TrackPointExtension>
        </extensions>
      </trkpt>
      <trkpt lat="43.68733671493828296661376953125" lon="7.3036710731685161590576171875">
        <ele>125.40000152587890625</ele>
        <time>2026-02-22T10:11:33.000Z</time>
        <extensions>
          <ns3:TrackPointExtension>
            <ns3:hr>171</ns3:hr>
          </ns3:TrackPointExtension>
        </extensions>
      </trkpt>
      <trkpt lat="43.68740402162075042724609375" lon="7.30374458245933055877685546875">
        <ele>125.8000030517578125</ele>
        <time>2026-02-22T10:11:36.000Z</time>
        <extensions>
          <ns3:TrackPointExtension>
            <ns3:hr>170</ns3:hr>
          </ns3:TrackPointExtension>
        </extensions>
      </trkpt>
      <trkpt lat="43.68750921450555324554443359375" lon="7.30379135347902774810791015625">
        <ele>126.40000152587890625</ele>
        <time>2026-02-22T10:11:40.000Z</time>
        <extensions>
          <ns3:TrackPointExtension>
            <ns3:hr>170</ns3:hr>
          </ns3:TrackPointExtension>
        </extensions>
      </trkpt>
      <trkpt lat="43.68759303353726863861083984375" lon="7.303809039294719696044921875">
        <ele>127.40000152587890625</ele>
        <time>2026-02-22T10:11:43.000Z</time>
        <extensions>
          <ns3:TrackPointExtension>
            <ns3:hr>170</ns3:hr>
          </ns3:TrackPointExtension>
        </extensions>
      </trkpt>
      <trkpt lat="43.68762035854160785675048828125" lon="7.30381138622760772705078125">
        <ele>127.40000152587890625</ele>
        <time>2026-02-22T10:11:44.000Z</time>
        <extensions>
          <ns3:TrackPointExtension>
            <ns3:hr>170</ns3:hr>
          </ns3:TrackPointExtension>
        </extensions>
      </trkpt>
      <trkpt lat="43.68783024139702320098876953125" lon="7.3038105480372905731201171875">
        <ele>128.8000030517578125</ele>
        <time>2026-02-22T10:11:52.000Z</time>
        <extensions>
          <ns3:TrackPointExtension>
            <ns3:hr>170</ns3:hr>
          </ns3:TrackPointExtension>
        </extensions>
      </trkpt>
      <trkpt lat="43.6878512799739837646484375" lon="7.30380191467702388763427734375">
        <ele>129.1999969482421875</ele>
        <time>2026-02-22T10:11:53.000Z</time>
        <extensions>
          <ns3:TrackPointExtension>
            <ns3:hr>170</ns3:hr>
          </ns3:TrackPointExtension>
        </extensions>
      </trkpt>
      <trkpt lat="43.687943480908870697021484375" lon="7.3037387989461421966552734375">
        <ele>129.600006103515625</ele>
        <time>2026-02-22T10:11:59.000Z</time>
        <extensions>
          <ns3:TrackPointExtension>
            <ns3:hr>169</ns3:hr>
          </ns3:TrackPointExtension>
        </extensions>
      </trkpt>
      <trkpt lat="43.6879560537636280059814453125" lon="7.30372195132076740264892578125">
        <ele>129.600006103515625</ele>
        <time>2026-02-22T10:12:00.000Z</time>
        <extensions>
          <ns3:TrackPointExtension>
            <ns3:hr>169</ns3:hr>
          </ns3:TrackPointExtension>
        </extensions>
      </trkpt>
      <trkpt lat="43.6879905872046947479248046875" lon="7.30363846756517887115478515625">
        <ele>129.8000030517578125</ele>
        <time>2026-02-22T10:12:03.000Z</time>
        <extensions>
          <ns3:TrackPointExtension>
            <ns3:hr>167</ns3:hr>
          </ns3:TrackPointExtension>
        </extensions>
      </trkpt>
      <trkpt lat="43.68799787946045398712158203125" lon="7.30360326357185840606689453125">
        <ele>129.8000030517578125</ele>
        <time>2026-02-22T10:12:04.000Z</time>
        <extensions>
          <ns3:TrackPointExtension>
            <ns3:hr>167</ns3:hr>
          </ns3:TrackPointExtension>
        </extensions>
      </trkpt>
      <trkpt lat="43.6879899166524410247802734375" lon="7.30345272459089756011962890625">
        <ele>130.1999969482421875</ele>
        <time>2026-02-22T10:12:08.000Z</time>
        <extensions>
          <ns3:TrackPointExtension>
            <ns3:hr>165</ns3:hr>
          </ns3:TrackPointExtension>
        </extensions>
      </trkpt>
      <trkpt lat="43.68794473819434642791748046875" lon="7.30335415340960025787353515625">
        <ele>130.399993896484375</ele>
        <time>2026-02-22T10:12:11.000Z</time>
        <extensions>
          <ns3:TrackPointExtension>
            <ns3:hr>164</ns3:hr>
          </ns3:TrackPointExtension>
        </extensions>
      </trkpt>
      <trkpt lat="43.687918670475482940673828125" lon="7.30334308929741382598876953125">
        <ele>130.399993896484375</ele>
        <time>2026-02-22T10:12:12.000Z</time>
        <extensions>
          <ns3:TrackPointExtension>
            <ns3:hr>164</ns3:hr>
          </ns3:TrackPointExtension>
        </extensions>
      </trkpt>
      <trkpt lat="43.68786980397999286651611328125" lon="7.30334937572479248046875">
        <ele>130.8000030517578125</ele>
        <time>2026-02-22T10:12:16.000Z</time>
        <extensions>
          <ns3:TrackPointExtension>
            <ns3:hr>162</ns3:hr>
          </ns3:TrackPointExtension>
        </extensions>
      </trkpt>
      <trkpt lat="43.68786980397999286651611328125" lon="7.30334937572479248046875">
        <ele>131</ele>
        <time>2026-02-22T10:12:17.000Z</time>
        <extensions>
          <ns3:TrackPointExtension>
            <ns3:hr>162</ns3:hr>
          </ns3:TrackPointExtension>
        </extensions>
      </trkpt>
      <trkpt lat="43.68790450505912303924560546875" lon="7.30333504267036914825439453125">
        <ele>131</ele>
        <time>2026-02-22T10:12:38.000Z</time>
        <extensions>
          <ns3:TrackPointExtension>
            <ns3:hr>162</ns3:hr>
          </ns3:TrackPointExtension>
        </extensions>
      </trkpt>
      <trkpt lat="43.68795580230653285980224609375" lon="7.303339652717113494873046875">
        <ele>130.8000030517578125</ele>
        <time>2026-02-22T10:12:40.000Z</time>
        <extensions>
          <ns3:TrackPointExtension>
            <ns3:hr>161</ns3:hr>
          </ns3:TrackPointExtension>
        </extensions>
      </trkpt>
      <trkpt lat="43.6880578100681304931640625" lon="7.30333923362195491790771484375">
        <ele>130.1999969482421875</ele>
        <time>2026-02-22T10:12:43.000Z</time>
        <extensions>
          <ns3:TrackPointExtension>
            <ns3:hr>155</ns3:hr>
          </ns3:TrackPointExtension>
        </extensions>
      </trkpt>
      <trkpt lat="43.68813098408281803131103515625" lon="7.30333236046135425567626953125">
        <ele>130.1999969482421875</ele>
        <time>2026-02-22T10:12:45.000Z</time>
        <extensions>
          <ns3:TrackPointExtension>
            <ns3:hr>152</ns3:hr>
          </ns3:TrackPointExtension>
        </extensions>
      </trkpt>
      <trkpt lat="43.68837456218898296356201171875" lon="7.30329380370676517486572265625">
        <ele>131.8000030517578125</ele>
        <time>2026-02-22T10:12:52.000Z</time>
        <extensions>
          <ns3:TrackPointExtension>
            <ns3:hr>152</ns3:hr>
          </ns3:TrackPointExtension>
        </extensions>
      </trkpt>
      <trkpt lat="43.68855846114456653594970703125" lon="7.30327251367270946502685546875">
        <ele>133</ele>
        <time>2026-02-22T10:12:57.000Z</time>
        <extensions>
          <ns3:TrackPointExtension>
            <ns3:hr>155</ns3:hr>
          </ns3:TrackPointExtension>
        </extensions>
      </trkpt>
      <trkpt lat="43.68869273923337459564208984375" lon="7.30327318422496318817138671875">
        <ele>134.1999969482421875</ele>
        <time>2026-02-22T10:13:01.000Z</time>
        <extensions>
          <ns3:TrackPointExtension>
            <ns3:hr>157</ns3:hr>
          </ns3:TrackPointExtension>
        </extensions>
      </trkpt>
      <trkpt lat="43.68884914554655551910400390625" lon="7.303265221416950225830078125">
        <ele>135.399993896484375</ele>
        <time>2026-02-22T10:13:06.000Z</time>
        <extensions>
          <ns3:TrackPointExtension>
            <ns3:hr>160</ns3:hr>
          </ns3:TrackPointExtension>
        </extensions>
      </trkpt>
      <trkpt lat="43.68891117163002490997314453125" lon="7.303267233073711395263671875">
        <ele>136</ele>
        <time>2026-02-22T10:13:08.000Z</time>
        <extensions>
          <ns3:TrackPointExtension>
            <ns3:hr>161</ns3:hr>
          </ns3:TrackPointExtension>
        </extensions>
      </trkpt>
      <trkpt lat="43.68897336535155773162841796875" lon="7.30326421558856964111328125">
        <ele>136.600006103515625</ele>
        <time>2026-02-22T10:13:10.000Z</time>
        <extensions>
          <ns3:TrackPointExtension>
            <ns3:hr>161</ns3:hr>
          </ns3:TrackPointExtension>
        </extensions>
      </trkpt>
      <trkpt lat="43.68909909389913082122802734375" lon="7.303267903625965118408203125">
        <ele>137.600006103515625</ele>
        <time>2026-02-22T10:13:14.000Z</time>
        <extensions>
          <ns3:TrackPointExtension>
            <ns3:hr>163</ns3:hr>
          </ns3:TrackPointExtension>
        </extensions>
      </trkpt>
      <trkpt lat="43.68916246108710765838623046875" lon="7.30328030884265899658203125">
        <ele>138</ele>
        <time>2026-02-22T10:13:16.000Z</time>
        <extensions>
          <ns3:TrackPointExtension>
            <ns3:hr>164</ns3:hr>
          </ns3:TrackPointExtension>
        </extensions>
      </trkpt>
      <trkpt lat="43.68922448717057704925537109375" lon="7.303287684917449951171875">
        <ele>139</ele>
        <time>2026-02-22T10:13:18.000Z</time>
        <extensions>
          <ns3:TrackPointExtension>
            <ns3:hr>164</ns3:hr>
          </ns3:TrackPointExtension>
        </extensions>
      </trkpt>
      <trkpt lat="43.689376451075077056884765625" lon="7.30330637656152248382568359375">
        <ele>139.8000030517578125</ele>
        <time>2026-02-22T10:13:23.000Z</time>
        <extensions>
          <ns3:TrackPointExtension>
            <ns3:hr>166</ns3:hr>
          </ns3:TrackPointExtension>
        </extensions>
      </trkpt>
      <trkpt lat="43.68940486572682857513427734375" lon="7.303306795656681060791015625">
        <ele>140</ele>
        <time>2026-02-22T10:13:24.000Z</time>
        <extensions>
          <ns3:TrackPointExtension>
            <ns3:hr>166</ns3:hr>
          </ns3:TrackPointExtension>
        </extensions>
      </trkpt>
      <trkpt lat="43.68952455930411815643310546875" lon="7.30330201797187328338623046875">
        <ele>141</ele>
        <time>2026-02-22T10:13:28.000Z</time>
        <extensions>
          <ns3:TrackPointExtension>
            <ns3:hr>167</ns3:hr>
          </ns3:TrackPointExtension>
        </extensions>
      </trkpt>
      <trkpt lat="43.6895518004894256591796875" lon="7.30330252088606357574462890625">
        <ele>141.1999969482421875</ele>
        <time>2026-02-22T10:13:29.000Z</time>
        <extensions>
          <ns3:TrackPointExtension>
            <ns3:hr>167</ns3:hr>
          </ns3:TrackPointExtension>
        </extensions>
      </trkpt>
      <trkpt lat="43.68964978493750095367431640625" lon="7.30331056751310825347900390625">
        <ele>142</ele>
        <time>2026-02-22T10:13:32.000Z</time>
        <extensions>
          <ns3:TrackPointExtension>
            <ns3:hr>168</ns3:hr>
          </ns3:TrackPointExtension>
        </extensions>
      </trkpt>
      <trkpt lat="43.6898000724613666534423828125" lon="7.30330042541027069091796875">
        <ele>142.8000030517578125</ele>
        <time>2026-02-22T10:13:37.000Z</time>
        <extensions>
          <ns3:TrackPointExtension>
            <ns3:hr>169</ns3:hr>
          </ns3:TrackPointExtension>
        </extensions>
      </trkpt>
      <trkpt lat="43.6898929439485073089599609375" lon="7.3033078014850616455078125">
        <ele>143.1999969482421875</ele>
        <time>2026-02-22T10:13:40.000Z</time>
        <extensions>
          <ns3:TrackPointExtension>
            <ns3:hr>170</ns3:hr>
          </ns3:TrackPointExtension>
        </extensions>
      </trkpt>
      <trkpt lat="43.68997802026569843292236328125" lon="7.303311824798583984375">
        <ele>144.399993896484375</ele>
        <time>2026-02-22T10:13:43.000Z</time>
        <extensions>
          <ns3:TrackPointExtension>
            <ns3:hr>169</ns3:hr>
          </ns3:TrackPointExtension>
        </extensions>
      </trkpt>
      <trkpt lat="43.6900257132947444915771484375" lon="7.30332054197788238525390625">
        <ele>144.8000030517578125</ele>
        <time>2026-02-22T10:13:45.000Z</time>
        <extensions>
          <ns3:TrackPointExtension>
            <ns3:hr>170</ns3:hr>
          </ns3:TrackPointExtension>
        </extensions>
      </trkpt>
      <trkpt lat="43.69012185372412204742431640625" lon="7.3033212125301361083984375">
        <ele>145.399993896484375</ele>
        <time>2026-02-22T10:13:49.000Z</time>
        <extensions>
          <ns3:TrackPointExtension>
            <ns3:hr>171</ns3:hr>
          </ns3:TrackPointExtension>
        </extensions>
      </trkpt>
      <trkpt lat="43.6901812814176082611083984375" lon="7.30331257916986942291259765625">
        <ele>145.600006103515625</ele>
        <time>2026-02-22T10:13:51.000Z</time>
        <extensions>
          <ns3:TrackPointExtension>
            <ns3:hr>170</ns3:hr>
          </ns3:TrackPointExtension>
        </extensions>
      </trkpt>
      <trkpt lat="43.6903137154877185821533203125" lon="7.30329313315451145172119140625">
        <ele>146.399993896484375</ele>
        <time>2026-02-22T10:13:56.000Z</time>
        <extensions>
          <ns3:TrackPointExtension>
            <ns3:hr>172</ns3:hr>
          </ns3:TrackPointExtension>
        </extensions>
      </trkpt>
      <trkpt lat="43.690360486507415771484375" lon="7.30328835546970367431640625">
        <ele>146.600006103515625</ele>
        <time>2026-02-22T10:13:58.000Z</time>
        <extensions>
          <ns3:TrackPointExtension>
            <ns3:hr>171</ns3:hr>
          </ns3:TrackPointExtension>
        </extensions>
      </trkpt>
      <trkpt lat="43.690452016890048980712890625" lon="7.3032828234136104583740234375">
        <ele>147.600006103515625</ele>
        <time>2026-02-22T10:14:02.000Z</time>
        <extensions>
          <ns3:TrackPointExtension>
            <ns3:hr>170</ns3:hr>
          </ns3:TrackPointExtension>
        </extensions>
      </trkpt>
      <trkpt lat="43.69060515426099300384521484375" lon="7.30327787809073925018310546875">
        <ele>148.600006103515625</ele>
        <time>2026-02-22T10:14:08.000Z</time>
        <extensions>
          <ns3:TrackPointExtension>
            <ns3:hr>171</ns3:hr>
          </ns3:TrackPointExtension>
        </extensions>
      </trkpt>
      <trkpt lat="43.69063097052276134490966796875" lon="7.3032809793949127197265625">
        <ele>148.8000030517578125</ele>
        <time>2026-02-22T10:14:09.000Z</time>
        <extensions>
          <ns3:TrackPointExtension>
            <ns3:hr>171</ns3:hr>
          </ns3:TrackPointExtension>
        </extensions>
      </trkpt>
      <trkpt lat="43.69076139293611049652099609375" lon="7.3032720945775508880615234375">
        <ele>149.8000030517578125</ele>
        <time>2026-02-22T10:14:14.000Z</time>
        <extensions>
          <ns3:TrackPointExtension>
            <ns3:hr>171</ns3:hr>
          </ns3:TrackPointExtension>
        </extensions>
      </trkpt>
      <trkpt lat="43.69082191027700901031494140625" lon="7.303279973566532135009765625">
        <ele>150.1999969482421875</ele>
        <time>2026-02-22T10:14:16.000Z</time>
        <extensions>
          <ns3:TrackPointExtension>
            <ns3:hr>172</ns3:hr>
          </ns3:TrackPointExtension>
        </extensions>
      </trkpt>
      <trkpt lat="43.690948896110057830810546875" lon="7.3032824881374835968017578125">
        <ele>151.1999969482421875</ele>
        <time>2026-02-22T10:14:21.000Z</time>
        <extensions>
          <ns3:TrackPointExtension>
            <ns3:hr>172</ns3:hr>
          </ns3:TrackPointExtension>
        </extensions>
      </trkpt>
      <trkpt lat="43.69105878286063671112060546875" lon="7.3032918758690357208251953125">
        <ele>151.8000030517578125</ele>
        <time>2026-02-22T10:14:25.000Z</time>
        <extensions>
          <ns3:TrackPointExtension>
            <ns3:hr>172</ns3:hr>
          </ns3:TrackPointExtension>
        </extensions>
      </trkpt>
      <trkpt lat="43.69113254360854625701904296875" lon="7.303294055163860321044921875">
        <ele>152.1999969482421875</ele>
        <time>2026-02-22T10:14:28.000Z</time>
        <extensions>
          <ns3:TrackPointExtension>
            <ns3:hr>172</ns3:hr>
          </ns3:TrackPointExtension>
        </extensions>
      </trkpt>
      <trkpt lat="43.69123714976012706756591796875" lon="7.30328039266169071197509765625">
        <ele>153.399993896484375</ele>
        <time>2026-02-22T10:14:32.000Z</time>
        <extensions>
          <ns3:TrackPointExtension>
            <ns3:hr>173</ns3:hr>
          </ns3:TrackPointExtension>
        </extensions>
      </trkpt>
      <trkpt lat="43.69125944562256336212158203125" lon="7.3032727651298046112060546875">
        <ele>153.600006103515625</ele>
        <time>2026-02-22T10:14:33.000Z</time>
        <extensions>
          <ns3:TrackPointExtension>
            <ns3:hr>173</ns3:hr>
          </ns3:TrackPointExtension>
        </extensions>
      </trkpt>
      <trkpt lat="43.69137729518115520477294921875" lon="7.30320897884666919708251953125">
        <ele>154.600006103515625</ele>
        <time>2026-02-22T10:14:38.000Z</time>
        <extensions>
          <ns3:TrackPointExtension>
            <ns3:hr>174</ns3:hr>
          </ns3:TrackPointExtension>
        </extensions>
      </trkpt>
      <trkpt lat="43.691421635448932647705078125" lon="7.30316505767405033111572265625">
        <ele>154.8000030517578125</ele>
        <time>2026-02-22T10:14:40.000Z</time>
        <extensions>
          <ns3:TrackPointExtension>
            <ns3:hr>174</ns3:hr>
          </ns3:TrackPointExtension>
        </extensions>
      </trkpt>
      <trkpt lat="43.69150109589099884033203125" lon="7.3030632175505161285400390625">
        <ele>155.600006103515625</ele>
        <time>2026-02-22T10:14:44.000Z</time>
        <extensions>
          <ns3:TrackPointExtension>
            <ns3:hr>175</ns3:hr>
          </ns3:TrackPointExtension>
        </extensions>
      </trkpt>
      <trkpt lat="43.69156337343156337738037109375" lon="7.30293572880327701568603515625">
        <ele>156.399993896484375</ele>
        <time>2026-02-22T10:14:48.000Z</time>
        <extensions>
          <ns3:TrackPointExtension>
            <ns3:hr>177</ns3:hr>
          </ns3:TrackPointExtension>
        </extensions>
      </trkpt>
      <trkpt lat="43.69157829321920871734619140625" lon="7.30286951176822185516357421875">
        <ele>156.600006103515625</ele>
        <time>2026-02-22T10:14:50.000Z</time>
        <extensions>
          <ns3:TrackPointExtension>
            <ns3:hr>177</ns3:hr>
          </ns3:TrackPointExtension>
        </extensions>
      </trkpt>
      <trkpt lat="43.691583238542079925537109375" lon="7.30280966497957706451416015625">
        <ele>157.1999969482421875</ele>
        <time>2026-02-22T10:14:52.000Z</time>
        <extensions>
          <ns3:TrackPointExtension>
            <ns3:hr>177</ns3:hr>
          </ns3:TrackPointExtension>
        </extensions>
      </trkpt>
      <trkpt lat="43.69157619774341583251953125" lon="7.3027430288493633270263671875">
        <ele>157.600006103515625</ele>
        <time>2026-02-22T10:14:54.000Z</time>
        <extensions>
          <ns3:TrackPointExtension>
            <ns3:hr>177</ns3:hr>
          </ns3:TrackPointExtension>
        </extensions>
      </trkpt>
      <trkpt lat="43.69155608117580413818359375" lon="7.30267010629177093505859375">
        <ele>157.8000030517578125</ele>
        <time>2026-02-22T10:14:56.000Z</time>
        <extensions>
          <ns3:TrackPointExtension>
            <ns3:hr>177</ns3:hr>
          </ns3:TrackPointExtension>
        </extensions>
      </trkpt>
      <trkpt lat="43.691518865525722503662109375" lon="7.30238939635455608367919921875">
        <ele>158.8000030517578125</ele>
        <time>2026-02-22T10:15:03.000Z</time>
        <extensions>
          <ns3:TrackPointExtension>
            <ns3:hr>176</ns3:hr>
          </ns3:TrackPointExtension>
        </extensions>
      </trkpt>
      <trkpt lat="43.6914831586182117462158203125" lon="7.30219879187643527984619140625">
        <ele>160</ele>
        <time>2026-02-22T10:15:08.000Z</time>
        <extensions>
          <ns3:TrackPointExtension>
            <ns3:hr>176</ns3:hr>
          </ns3:TrackPointExtension>
        </extensions>
      </trkpt>
      <trkpt lat="43.69146530516445636749267578125" lon="7.3021234385669231414794921875">
        <ele>160.1999969482421875</ele>
        <time>2026-02-22T10:15:10.000Z</time>
        <extensions>
          <ns3:TrackPointExtension>
            <ns3:hr>176</ns3:hr>
          </ns3:TrackPointExtension>
        </extensions>
      </trkpt>
      <trkpt lat="43.6914338730275630950927734375" lon="7.301955632865428924560546875">
        <ele>161</ele>
        <time>2026-02-22T10:15:14.000Z</time>
        <extensions>
          <ns3:TrackPointExtension>
            <ns3:hr>175</ns3:hr>
          </ns3:TrackPointExtension>
        </extensions>
      </trkpt>
      <trkpt lat="43.69139992631971836090087890625" lon="7.301812134683132171630859375">
        <ele>162</ele>
        <time>2026-02-22T10:15:18.000Z</time>
        <extensions>
          <ns3:TrackPointExtension>
            <ns3:hr>175</ns3:hr>
          </ns3:TrackPointExtension>
        </extensions>
      </trkpt>
      <trkpt lat="43.69139590300619602203369140625" lon="7.30177315883338451385498046875">
        <ele>162.1999969482421875</ele>
        <time>2026-02-22T10:15:19.000Z</time>
        <extensions>
          <ns3:TrackPointExtension>
            <ns3:hr>175</ns3:hr>
          </ns3:TrackPointExtension>
        </extensions>
      </trkpt>
      <trkpt lat="43.69135566987097263336181640625" lon="7.30156042613089084625244140625">
        <ele>163.1999969482421875</ele>
        <time>2026-02-22T10:15:24.000Z</time>
        <extensions>
          <ns3:TrackPointExtension>
            <ns3:hr>173</ns3:hr>
          </ns3:TrackPointExtension>
        </extensions>
      </trkpt>
      <trkpt lat="43.69132465682923793792724609375" lon="7.3014502041041851043701171875">
        <ele>163.600006103515625</ele>
        <time>2026-02-22T10:15:27.000Z</time>
        <extensions>
          <ns3:TrackPointExtension>
            <ns3:hr>173</ns3:hr>
          </ns3:TrackPointExtension>
        </extensions>
      </trkpt>
      <trkpt lat="43.6913086473941802978515625" lon="7.3013355396687984466552734375">
        <ele>164.399993896484375</ele>
        <time>2026-02-22T10:15:30.000Z</time>
        <extensions>
          <ns3:TrackPointExtension>
            <ns3:hr>173</ns3:hr>
          </ns3:TrackPointExtension>
        </extensions>
      </trkpt>
      <trkpt lat="43.691278137266635894775390625" lon="7.30116245336830615997314453125">
        <ele>165</ele>
        <time>2026-02-22T10:15:34.000Z</time>
        <extensions>
          <ns3:TrackPointExtension>
            <ns3:hr>173</ns3:hr>
          </ns3:TrackPointExtension>
        </extensions>
      </trkpt>
      <trkpt lat="43.6912736110389232635498046875" lon="7.30112674646079540252685546875">
        <ele>165.399993896484375</ele>
        <time>2026-02-22T10:15:35.000Z</time>
        <extensions>
          <ns3:TrackPointExtension>
            <ns3:hr>173</ns3:hr>
          </ns3:TrackPointExtension>
        </extensions>
      </trkpt>
      <trkpt lat="43.6912429332733154296875" lon="7.300903536379337310791015625">
        <ele>166.600006103515625</ele>
        <time>2026-02-22T10:15:41.000Z</time>
        <extensions>
          <ns3:TrackPointExtension>
            <ns3:hr>175</ns3:hr>
          </ns3:TrackPointExtension>
        </extensions>
      </trkpt>
      <trkpt lat="43.69123798795044422149658203125" lon="7.3008701764047145843505859375">
        <ele>166.8000030517578125</ele>
        <time>2026-02-22T10:15:42.000Z</time>
        <extensions>
          <ns3:TrackPointExtension>
            <ns3:hr>175</ns3:hr>
          </ns3:TrackPointExtension>
        </extensions>
      </trkpt>
      <trkpt lat="43.6912256665527820587158203125" lon="7.3005771450698375701904296875">
        <ele>167.1999969482421875</ele>
        <time>2026-02-22T10:15:50.000Z</time>
        <extensions>
          <ns3:TrackPointExtension>
            <ns3:hr>175</ns3:hr>
          </ns3:TrackPointExtension>
        </extensions>
      </trkpt>
      <trkpt lat="43.691225834190845489501953125" lon="7.300274558365345001220703125">
        <ele>167</ele>
        <time>2026-02-22T10:15:56.000Z</time>
        <extensions>
          <ns3:TrackPointExtension>
            <ns3:hr>172</ns3:hr>
          </ns3:TrackPointExtension>
        </extensions>
      </trkpt>
      <trkpt lat="43.69126833043992519378662109375" lon="7.30017640627920627593994140625">
        <ele>166.600006103515625</ele>
        <time>2026-02-22T10:15:58.000Z</time>
        <extensions>
          <ns3:TrackPointExtension>
            <ns3:hr>170</ns3:hr>
          </ns3:TrackPointExtension>
        </extensions>
      </trkpt>
      <trkpt lat="43.6913098208606243133544921875" lon="7.30014748871326446533203125">
        <ele>166.399993896484375</ele>
        <time>2026-02-22T10:15:59.000Z</time>
        <extensions>
          <ns3:TrackPointExtension>
            <ns3:hr>170</ns3:hr>
          </ns3:TrackPointExtension>
        </extensions>
      </trkpt>
      <trkpt lat="43.6913527362048625946044921875" lon="7.3001427948474884033203125">
        <ele>166</ele>
        <time>2026-02-22T10:16:00.000Z</time>
        <extensions>
          <ns3:TrackPointExtension>
            <ns3:hr>169</ns3:hr>
          </ns3:TrackPointExtension>
        </extensions>
      </trkpt>
      <trkpt lat="43.691406883299350738525390625" lon="7.30015109293162822723388671875">
        <ele>165.600006103515625</ele>
        <time>2026-02-22T10:16:01.000Z</time>
        <extensions>
          <ns3:TrackPointExtension>
            <ns3:hr>169</ns3:hr>
          </ns3:TrackPointExtension>
        </extensions>
      </trkpt>
      <trkpt lat="43.69146547280251979827880859375" lon="7.3001583851873874664306640625">
        <ele>165</ele>
        <time>2026-02-22T10:16:02.000Z</time>
        <extensions>
          <ns3:TrackPointExtension>
            <ns3:hr>169</ns3:hr>
          </ns3:TrackPointExtension>
        </extensions>
      </trkpt>
      <trkpt lat="43.6915884353220462799072265625" lon="7.30015679262578487396240234375">
        <ele>164.1999969482421875</ele>
        <time>2026-02-22T10:16:04.000Z</time>
        <extensions>
          <ns3:TrackPointExtension>
            <ns3:hr>168</ns3:hr>
          </ns3:TrackPointExtension>
        </extensions>
      </trkpt>
      <trkpt lat="43.69175456464290618896484375" lon="7.30014522559940814971923828125">
        <ele>164.1999969482421875</ele>
        <time>2026-02-22T10:16:07.000Z</time>
        <extensions>
          <ns3:TrackPointExtension>
            <ns3:hr>166</ns3:hr>
          </ns3:TrackPointExtension>
        </extensions>
      </trkpt>
      <trkpt lat="43.69179974310100078582763671875" lon="7.3001339100301265716552734375">
        <ele>164</ele>
        <time>2026-02-22T10:16:08.000Z</time>
        <extensions>
          <ns3:TrackPointExtension>
            <ns3:hr>166</ns3:hr>
          </ns3:TrackPointExtension>
        </extensions>
      </trkpt>
      <trkpt lat="43.69190384633839130401611328125" lon="7.3001013882458209991455078125">
        <ele>163.600006103515625</ele>
        <time>2026-02-22T10:16:11.000Z</time>
        <extensions>
          <ns3:TrackPointExtension>
            <ns3:hr>163</ns3:hr>
          </ns3:TrackPointExtension>
        </extensions>
      </trkpt>
      <trkpt lat="43.69194692932069301605224609375" lon="7.30007314123213291168212890625">
        <ele>163.600006103515625</ele>
        <time>2026-02-22T10:16:13.000Z</time>
        <extensions>
          <ns3:TrackPointExtension>
            <ns3:hr>160</ns3:hr>
          </ns3:TrackPointExtension>
        </extensions>
      </trkpt>
      <trkpt lat="43.691968806087970733642578125" lon="7.30006165802478790283203125">
        <ele>163.1999969482421875</ele>
        <time>2026-02-22T10:16:15.000Z</time>
        <extensions>
          <ns3:TrackPointExtension>
            <ns3:hr>156</ns3:hr>
          </ns3:TrackPointExtension>
        </extensions>
      </trkpt>
      <trkpt lat="43.691968806087970733642578125" lon="7.30006165802478790283203125">
        <ele>163.1999969482421875</ele>
        <time>2026-02-22T10:16:16.000Z</time>
        <extensions>
          <ns3:TrackPointExtension>
            <ns3:hr>155</ns3:hr>
          </ns3:TrackPointExtension>
        </extensions>
      </trkpt>
      <trkpt lat="43.691968806087970733642578125" lon="7.30006165802478790283203125">
        <ele>163</ele>
        <time>2026-02-22T10:16:17.000Z</time>
        <extensions>
          <ns3:TrackPointExtension>
            <ns3:hr>154</ns3:hr>
          </ns3:TrackPointExtension>
        </extensions>
      </trkpt>
      <trkpt lat="43.69198380969464778900146484375" lon="7.30001279152929782867431640625">
        <ele>161.600006103515625</ele>
        <time>2026-02-22T10:17:04.000Z</time>
        <extensions>
          <ns3:TrackPointExtension>
            <ns3:hr>145</ns3:hr>
          </ns3:TrackPointExtension>
        </extensions>
      </trkpt>
      <trkpt lat="43.69199906475841999053955078125" lon="7.29998680762946605682373046875">
        <ele>161.600006103515625</ele>
        <time>2026-02-22T10:17:05.000Z</time>
        <extensions>
          <ns3:TrackPointExtension>
            <ns3:hr>145</ns3:hr>
          </ns3:TrackPointExtension>
        </extensions>
      </trkpt>
      <trkpt lat="43.692112304270267486572265625" lon="7.29987096972763538360595703125">
        <ele>161.1999969482421875</ele>
        <time>2026-02-22T10:17:09.000Z</time>
        <extensions>
          <ns3:TrackPointExtension>
            <ns3:hr>144</ns3:hr>
          </ns3:TrackPointExtension>
        </extensions>
      </trkpt>
      <trkpt lat="43.69214616715908050537109375" lon="7.29983123950660228729248046875">
        <ele>161</ele>
        <time>2026-02-22T10:17:10.000Z</time>
        <extensions>
          <ns3:TrackPointExtension>
            <ns3:hr>145</ns3:hr>
          </ns3:TrackPointExtension>
        </extensions>
      </trkpt>
      <trkpt lat="43.692204840481281280517578125" lon="7.2997416369616985321044921875">
        <ele>160.600006103515625</ele>
        <time>2026-02-22T10:17:12.000Z</time>
        <extensions>
          <ns3:TrackPointExtension>
            <ns3:hr>145</ns3:hr>
          </ns3:TrackPointExtension>
        </extensions>
      </trkpt>
      <trkpt lat="43.692268542945384979248046875" lon="7.29965270496904850006103515625">
        <ele>160.600006103515625</ele>
        <time>2026-02-22T10:17:14.000Z</time>
        <extensions>
          <ns3:TrackPointExtension>
            <ns3:hr>145</ns3:hr>
          </ns3:TrackPointExtension>
        </extensions>
      </trkpt>
      <trkpt lat="43.69233660399913787841796875" lon="7.29956410825252532958984375">
        <ele>160.600006103515625</ele>
        <time>2026-02-22T10:17:16.000Z</time>
        <extensions>
          <ns3:TrackPointExtension>
            <ns3:hr>140</ns3:hr>
          </ns3:TrackPointExtension>
        </extensions>
      </trkpt>
      <trkpt lat="43.69240055792033672332763671875" lon="7.29947785846889019012451171875">
        <ele>161.1999969482421875</ele>
        <time>2026-02-22T10:17:18.000Z</time>
        <extensions>
          <ns3:TrackPointExtension>
            <ns3:hr>137</ns3:hr>
          </ns3:TrackPointExtension>
        </extensions>
      </trkpt>
      <trkpt lat="43.69242855347692966461181640625" lon="7.29943460784852504730224609375">
        <ele>161.600006103515625</ele>
        <time>2026-02-22T10:17:19.000Z</time>
        <extensions>
          <ns3:TrackPointExtension>
            <ns3:hr>137</ns3:hr>
          </ns3:TrackPointExtension>
        </extensions>
      </trkpt>
      <trkpt lat="43.692478425800800323486328125" lon="7.29935162700712680816650390625">
        <ele>162</ele>
        <time>2026-02-22T10:17:21.000Z</time>
        <extensions>
          <ns3:TrackPointExtension>
            <ns3:hr>137</ns3:hr>
          </ns3:TrackPointExtension>
        </extensions>
      </trkpt>
      <trkpt lat="43.69253852404654026031494140625" lon="7.29929463006556034088134765625">
        <ele>162.600006103515625</ele>
        <time>2026-02-22T10:17:23.000Z</time>
        <extensions>
          <ns3:TrackPointExtension>
            <ns3:hr>135</ns3:hr>
          </ns3:TrackPointExtension>
        </extensions>
      </trkpt>
      <trkpt lat="43.6926068365573883056640625" lon="7.299264706671237945556640625">
        <ele>162.8000030517578125</ele>
        <time>2026-02-22T10:17:25.000Z</time>
        <extensions>
          <ns3:TrackPointExtension>
            <ns3:hr>136</ns3:hr>
          </ns3:TrackPointExtension>
        </extensions>
      </trkpt>
      <trkpt lat="43.69267213158309459686279296875" lon="7.29928649961948394775390625">
        <ele>163.8000030517578125</ele>
        <time>2026-02-22T10:17:27.000Z</time>
        <extensions>
          <ns3:TrackPointExtension>
            <ns3:hr>139</ns3:hr>
          </ns3:TrackPointExtension>
        </extensions>
      </trkpt>
      <trkpt lat="43.6926908232271671295166015625" lon="7.2993222065269947052001953125">
        <ele>164.600006103515625</ele>
        <time>2026-02-22T10:17:28.000Z</time>
        <extensions>
          <ns3:TrackPointExtension>
            <ns3:hr>140</ns3:hr>
          </ns3:TrackPointExtension>
        </extensions>
      </trkpt>
      <trkpt lat="43.69271286763250827789306640625" lon="7.29938381351530551910400390625">
        <ele>165</ele>
        <time>2026-02-22T10:17:30.000Z</time>
        <extensions>
          <ns3:TrackPointExtension>
            <ns3:hr>143</ns3:hr>
          </ns3:TrackPointExtension>
        </extensions>
      </trkpt>
      <trkpt lat="43.69272979907691478729248046875" lon="7.2994395531713962554931640625">
        <ele>165</ele>
        <time>2026-02-22T10:17:32.000Z</time>
        <extensions>
          <ns3:TrackPointExtension>
            <ns3:hr>144</ns3:hr>
          </ns3:TrackPointExtension>
        </extensions>
      </trkpt>
      <trkpt lat="43.692798949778079986572265625" lon="7.29953871108591556549072265625">
        <ele>165.8000030517578125</ele>
        <time>2026-02-22T10:17:37.000Z</time>
        <extensions>
          <ns3:TrackPointExtension>
            <ns3:hr>148</ns3:hr>
          </ns3:TrackPointExtension>
        </extensions>
      </trkpt>
      <trkpt lat="43.69282342493534088134765625" lon="7.29954776354134082794189453125">
        <ele>166.1999969482421875</ele>
        <time>2026-02-22T10:17:38.000Z</time>
        <extensions>
          <ns3:TrackPointExtension>
            <ns3:hr>151</ns3:hr>
          </ns3:TrackPointExtension>
        </extensions>
      </trkpt>
      <trkpt lat="43.69285100139677524566650390625" lon="7.29955413378775119781494140625">
        <ele>166.1999969482421875</ele>
        <time>2026-02-22T10:17:39.000Z</time>
        <extensions>
          <ns3:TrackPointExtension>
            <ns3:hr>154</ns3:hr>
          </ns3:TrackPointExtension>
        </extensions>
      </trkpt>
      <trkpt lat="43.69290045462548732757568359375" lon="7.299566455185413360595703125">
        <ele>166.600006103515625</ele>
        <time>2026-02-22T10:17:41.000Z</time>
        <extensions>
          <ns3:TrackPointExtension>
            <ns3:hr>159</ns3:hr>
          </ns3:TrackPointExtension>
        </extensions>
      </trkpt>
      <trkpt lat="43.69292534887790679931640625" lon="7.29957349598407745361328125">
        <ele>166.600006103515625</ele>
        <time>2026-02-22T10:17:42.000Z</time>
        <extensions>
          <ns3:TrackPointExtension>
            <ns3:hr>160</ns3:hr>
          </ns3:TrackPointExtension>
        </extensions>
      </trkpt>
      <trkpt lat="43.69298511184751987457275390625" lon="7.2995917685329914093017578125">
        <ele>167</ele>
        <time>2026-02-22T10:17:45.000Z</time>
        <extensions>
          <ns3:TrackPointExtension>
            <ns3:hr>163</ns3:hr>
          </ns3:TrackPointExtension>
        </extensions>
      </trkpt>
      <trkpt lat="43.6930056475102901458740234375" lon="7.2995994798839092254638671875">
        <ele>167.1999969482421875</ele>
        <time>2026-02-22T10:17:46.000Z</time>
        <extensions>
          <ns3:TrackPointExtension>
            <ns3:hr>163</ns3:hr>
          </ns3:TrackPointExtension>
        </extensions>
      </trkpt>
      <trkpt lat="43.693045713007450103759765625" lon="7.29960258118808269500732421875">
        <ele>167.600006103515625</ele>
        <time>2026-02-22T10:17:48.000Z</time>
        <extensions>
          <ns3:TrackPointExtension>
            <ns3:hr>163</ns3:hr>
          </ns3:TrackPointExtension>
        </extensions>
      </trkpt>
      <trkpt lat="43.69316666387021541595458984375" lon="7.29963359422981739044189453125">
        <ele>168.399993896484375</ele>
        <time>2026-02-22T10:17:53.000Z</time>
        <extensions>
          <ns3:TrackPointExtension>
            <ns3:hr>164</ns3:hr>
          </ns3:TrackPointExtension>
        </extensions>
      </trkpt>
      <trkpt lat="43.69324319064617156982421875" lon="7.2996492683887481689453125">
        <ele>169.1999969482421875</ele>
        <time>2026-02-22T10:17:56.000Z</time>
        <extensions>
          <ns3:TrackPointExtension>
            <ns3:hr>164</ns3:hr>
          </ns3:TrackPointExtension>
        </extensions>
      </trkpt>
      <trkpt lat="43.6932658217847347259521484375" lon="7.29965404607355594635009765625">
        <ele>169.399993896484375</ele>
        <time>2026-02-22T10:17:57.000Z</time>
        <extensions>
          <ns3:TrackPointExtension>
            <ns3:hr>164</ns3:hr>
          </ns3:TrackPointExtension>
        </extensions>
      </trkpt>
      <trkpt lat="43.69348014704883098602294921875" lon="7.29971297085285186767578125">
        <ele>170.600006103515625</ele>
        <time>2026-02-22T10:18:06.000Z</time>
        <extensions>
          <ns3:TrackPointExtension>
            <ns3:hr>164</ns3:hr>
          </ns3:TrackPointExtension>
        </extensions>
      </trkpt>
      <trkpt lat="43.6936031095683574676513671875" lon="7.2997449897229671478271484375">
        <ele>171.8000030517578125</ele>
        <time>2026-02-22T10:18:11.000Z</time>
        <extensions>
          <ns3:TrackPointExtension>
            <ns3:hr>165</ns3:hr>
          </ns3:TrackPointExtension>
        </extensions>
      </trkpt>
      <trkpt lat="43.6936275847256183624267578125" lon="7.29975077323615550994873046875">
        <ele>172</ele>
        <time>2026-02-22T10:18:12.000Z</time>
        <extensions>
          <ns3:TrackPointExtension>
            <ns3:hr>165</ns3:hr>
          </ns3:TrackPointExtension>
        </extensions>
      </trkpt>
      <trkpt lat="43.6937521398067474365234375" lon="7.29978136718273162841796875">
        <ele>172.8000030517578125</ele>
        <time>2026-02-22T10:18:17.000Z</time>
        <extensions>
          <ns3:TrackPointExtension>
            <ns3:hr>164</ns3:hr>
          </ns3:TrackPointExtension>
        </extensions>
      </trkpt>
      <trkpt lat="43.69384543038904666900634765625" lon="7.2998066805303096771240234375">
        <ele>173.1999969482421875</ele>
        <time>2026-02-22T10:18:21.000Z</time>
        <extensions>
          <ns3:TrackPointExtension>
            <ns3:hr>164</ns3:hr>
          </ns3:TrackPointExtension>
        </extensions>
      </trkpt>
      <trkpt lat="43.693983145058155059814453125" lon="7.29984305799007415771484375">
        <ele>174</ele>
        <time>2026-02-22T10:18:27.000Z</time>
        <extensions>
          <ns3:TrackPointExtension>
            <ns3:hr>164</ns3:hr>
          </ns3:TrackPointExtension>
        </extensions>
      </trkpt>
      <trkpt lat="43.6940657906234264373779296875" lon="7.299867533147335052490234375">
        <ele>174.600006103515625</ele>
        <time>2026-02-22T10:18:31.000Z</time>
        <extensions>
          <ns3:TrackPointExtension>
            <ns3:hr>164</ns3:hr>
          </ns3:TrackPointExtension>
        </extensions>
      </trkpt>
      <trkpt lat="43.69411650113761425018310546875" lon="7.2998772561550140380859375">
        <ele>175</ele>
        <time>2026-02-22T10:18:34.000Z</time>
        <extensions>
          <ns3:TrackPointExtension>
            <ns3:hr>164</ns3:hr>
          </ns3:TrackPointExtension>
        </extensions>
      </trkpt>
      <trkpt lat="43.69413913227617740631103515625" lon="7.29986828751862049102783203125">
        <ele>175</ele>
        <time>2026-02-22T10:18:35.000Z</time>
        <extensions>
          <ns3:TrackPointExtension>
            <ns3:hr>164</ns3:hr>
          </ns3:TrackPointExtension>
        </extensions>
      </trkpt>
      <trkpt lat="43.69417584501206874847412109375" lon="7.29984850622713565826416015625">
        <ele>175.8000030517578125</ele>
        <time>2026-02-22T10:18:37.000Z</time>
        <extensions>
          <ns3:TrackPointExtension>
            <ns3:hr>164</ns3:hr>
          </ns3:TrackPointExtension>
        </extensions>
      </trkpt>
      <trkpt lat="43.6942079477012157440185546875" lon="7.299824617803096771240234375">
        <ele>176.1999969482421875</ele>
        <time>2026-02-22T10:18:39.000Z</time>
        <extensions>
          <ns3:TrackPointExtension>
            <ns3:hr>164</ns3:hr>
          </ns3:TrackPointExtension>
        </extensions>
      </trkpt>
      <trkpt lat="43.694266788661479949951171875" lon="7.29978631250560283660888671875">
        <ele>176.600006103515625</ele>
        <time>2026-02-22T10:18:42.000Z</time>
        <extensions>
          <ns3:TrackPointExtension>
            <ns3:hr>164</ns3:hr>
          </ns3:TrackPointExtension>
        </extensions>
      </trkpt>
      <trkpt lat="43.69431112892925739288330078125" lon="7.299753539264202117919921875">
        <ele>177.1999969482421875</ele>
        <time>2026-02-22T10:18:44.000Z</time>
        <extensions>
          <ns3:TrackPointExtension>
            <ns3:hr>164</ns3:hr>
          </ns3:TrackPointExtension>
        </extensions>
      </trkpt>
      <trkpt lat="43.69443786330521106719970703125" lon="7.29966871440410614013671875">
        <ele>178</ele>
        <time>2026-02-22T10:18:50.000Z</time>
        <extensions>
          <ns3:TrackPointExtension>
            <ns3:hr>165</ns3:hr>
          </ns3:TrackPointExtension>
        </extensions>
      </trkpt>
      <trkpt lat="43.69445513002574443817138671875" lon="7.29965488426387310028076171875">
        <ele>178.1999969482421875</ele>
        <time>2026-02-22T10:18:51.000Z</time>
        <extensions>
          <ns3:TrackPointExtension>
            <ns3:hr>166</ns3:hr>
          </ns3:TrackPointExtension>
        </extensions>
      </trkpt>
      <trkpt lat="43.694566190242767333984375" lon="7.29957089759409427642822265625">
        <ele>179.1999969482421875</ele>
        <time>2026-02-22T10:18:57.000Z</time>
        <extensions>
          <ns3:TrackPointExtension>
            <ns3:hr>165</ns3:hr>
          </ns3:TrackPointExtension>
        </extensions>
      </trkpt>
      <trkpt lat="43.69464732706546783447265625" lon="7.29942991398274898529052734375">
        <ele>180</ele>
        <time>2026-02-22T10:19:03.000Z</time>
        <extensions>
          <ns3:TrackPointExtension>
            <ns3:hr>166</ns3:hr>
          </ns3:TrackPointExtension>
        </extensions>
      </trkpt>
      <trkpt lat="43.69465244002640247344970703125" lon="7.29940024204552173614501953125">
        <ele>180.1999969482421875</ele>
        <time>2026-02-22T10:19:04.000Z</time>
        <extensions>
          <ns3:TrackPointExtension>
            <ns3:hr>166</ns3:hr>
          </ns3:TrackPointExtension>
        </extensions>
      </trkpt>
      <trkpt lat="43.69465059600770473480224609375" lon="7.29920226149260997772216796875">
        <ele>181</ele>
        <time>2026-02-22T10:19:10.000Z</time>
        <extensions>
          <ns3:TrackPointExtension>
            <ns3:hr>166</ns3:hr>
          </ns3:TrackPointExtension>
        </extensions>
      </trkpt>
      <trkpt lat="43.6946345865726470947265625" lon="7.29907016269862651824951171875">
        <ele>181.399993896484375</ele>
        <time>2026-02-22T10:19:14.000Z</time>
        <extensions>
          <ns3:TrackPointExtension>
            <ns3:hr>166</ns3:hr>
          </ns3:TrackPointExtension>
        </extensions>
      </trkpt>
      <trkpt lat="43.6946344189345836639404296875" lon="7.298946194350719451904296875">
        <ele>182.600006103515625</ele>
        <time>2026-02-22T10:19:18.000Z</time>
        <extensions>
          <ns3:TrackPointExtension>
            <ns3:hr>166</ns3:hr>
          </ns3:TrackPointExtension>
        </extensions>
      </trkpt>
      <trkpt lat="43.69468512944877147674560546875" lon="7.29872415773570537567138671875">
        <ele>183.399993896484375</ele>
        <time>2026-02-22T10:19:25.000Z</time>
        <extensions>
          <ns3:TrackPointExtension>
            <ns3:hr>165</ns3:hr>
          </ns3:TrackPointExtension>
        </extensions>
      </trkpt>
      <trkpt lat="43.69469828903675079345703125" lon="7.29869146831333637237548828125">
        <ele>183.600006103515625</ele>
        <time>2026-02-22T10:19:26.000Z</time>
        <extensions>
          <ns3:TrackPointExtension>
            <ns3:hr>164</ns3:hr>
          </ns3:TrackPointExtension>
        </extensions>
      </trkpt>
      <trkpt lat="43.6947953514754772186279296875" lon="7.29859423823654651641845703125">
        <ele>183.8000030517578125</ele>
        <time>2026-02-22T10:19:30.000Z</time>
        <extensions>
          <ns3:TrackPointExtension>
            <ns3:hr>164</ns3:hr>
          </ns3:TrackPointExtension>
        </extensions>
      </trkpt>
      <trkpt lat="43.694921247661113739013671875" lon="7.29858736507594585418701171875">
        <ele>184.1999969482421875</ele>
        <time>2026-02-22T10:19:34.000Z</time>
        <extensions>
          <ns3:TrackPointExtension>
            <ns3:hr>162</ns3:hr>
          </ns3:TrackPointExtension>
        </extensions>
      </trkpt>
      <trkpt lat="43.6950074136257171630859375" lon="7.29863212443888187408447265625">
        <ele>184.600006103515625</ele>
        <time>2026-02-22T10:19:37.000Z</time>
        <extensions>
          <ns3:TrackPointExtension>
            <ns3:hr>162</ns3:hr>
          </ns3:TrackPointExtension>
        </extensions>
      </trkpt>
      <trkpt lat="43.69508444331586360931396484375" lon="7.29870236478745937347412109375">
        <ele>184.8000030517578125</ele>
        <time>2026-02-22T10:19:40.000Z</time>
        <extensions>
          <ns3:TrackPointExtension>
            <ns3:hr>163</ns3:hr>
          </ns3:TrackPointExtension>
        </extensions>
      </trkpt>
      <trkpt lat="43.69530379772186279296875" lon="7.29887218214571475982666015625">
        <ele>185</ele>
        <time>2026-02-22T10:19:47.000Z</time>
        <extensions>
          <ns3:TrackPointExtension>
            <ns3:hr>162</ns3:hr>
          </ns3:TrackPointExtension>
        </extensions>
      </trkpt>
      <trkpt lat="43.6954035423696041107177734375" lon="7.29890587739646434783935546875">
        <ele>184.600006103515625</ele>
        <time>2026-02-22T10:19:49.000Z</time>
        <extensions>
          <ns3:TrackPointExtension>
            <ns3:hr>162</ns3:hr>
          </ns3:TrackPointExtension>
        </extensions>
      </trkpt>
      <trkpt lat="43.69551192037761211395263671875" lon="7.2989051230251789093017578125">
        <ele>184.600006103515625</ele>
        <time>2026-02-22T10:19:51.000Z</time>
        <extensions>
          <ns3:TrackPointExtension>
            <ns3:hr>162</ns3:hr>
          </ns3:TrackPointExtension>
        </extensions>
      </trkpt>
      <trkpt lat="43.6955631338059902191162109375" lon="7.29890285991132259368896484375">
        <ele>184.600006103515625</ele>
        <time>2026-02-22T10:19:52.000Z</time>
        <extensions>
          <ns3:TrackPointExtension>
            <ns3:hr>163</ns3:hr>
          </ns3:TrackPointExtension>
        </extensions>
      </trkpt>
      <trkpt lat="43.69565927423536777496337890625" lon="7.29885625652968883514404296875">
        <ele>184.8000030517578125</ele>
        <time>2026-02-22T10:19:54.000Z</time>
        <extensions>
          <ns3:TrackPointExtension>
            <ns3:hr>163</ns3:hr>
          </ns3:TrackPointExtension>
        </extensions>
      </trkpt>
      <trkpt lat="43.695703111588954925537109375" lon="7.29882323183119297027587890625">
        <ele>184.8000030517578125</ele>
        <time>2026-02-22T10:19:55.000Z</time>
        <extensions>
          <ns3:TrackPointExtension>
            <ns3:hr>162</ns3:hr>
          </ns3:TrackPointExtension>
        </extensions>
      </trkpt>
      <trkpt lat="43.69574476964771747589111328125" lon="7.29878501035273075103759765625">
        <ele>185</ele>
        <time>2026-02-22T10:19:56.000Z</time>
        <extensions>
          <ns3:TrackPointExtension>
            <ns3:hr>160</ns3:hr>
          </ns3:TrackPointExtension>
        </extensions>
      </trkpt>
      <trkpt lat="43.6958906985819339752197265625" lon="7.2986305318772792816162109375">
        <ele>185.8000030517578125</ele>
        <time>2026-02-22T10:20:00.000Z</time>
        <extensions>
          <ns3:TrackPointExtension>
            <ns3:hr>158</ns3:hr>
          </ns3:TrackPointExtension>
        </extensions>
      </trkpt>
      <trkpt lat="43.6959852464497089385986328125" lon="7.29851779527962207794189453125">
        <ele>186.8000030517578125</ele>
        <time>2026-02-22T10:20:03.000Z</time>
        <extensions>
          <ns3:TrackPointExtension>
            <ns3:hr>157</ns3:hr>
          </ns3:TrackPointExtension>
        </extensions>
      </trkpt>
      <trkpt lat="43.6960157565772533416748046875" lon="7.29848896153271198272705078125">
        <ele>187</ele>
        <time>2026-02-22T10:20:04.000Z</time>
        <extensions>
          <ns3:TrackPointExtension>
            <ns3:hr>157</ns3:hr>
          </ns3:TrackPointExtension>
        </extensions>
      </trkpt>
      <trkpt lat="43.6961629427969455718994140625" lon="7.29834370315074920654296875">
        <ele>187.600006103515625</ele>
        <time>2026-02-22T10:20:09.000Z</time>
        <extensions>
          <ns3:TrackPointExtension>
            <ns3:hr>156</ns3:hr>
          </ns3:TrackPointExtension>
        </extensions>
      </trkpt>
      <trkpt lat="43.69628322310745716094970703125" lon="7.29822099208831787109375">
        <ele>188</ele>
        <time>2026-02-22T10:20:13.000Z</time>
        <extensions>
          <ns3:TrackPointExtension>
            <ns3:hr>157</ns3:hr>
          </ns3:TrackPointExtension>
        </extensions>
      </trkpt>
      <trkpt lat="43.69638598524034023284912109375" lon="7.29808227159082889556884765625">
        <ele>188.399993896484375</ele>
        <time>2026-02-22T10:20:17.000Z</time>
        <extensions>
          <ns3:TrackPointExtension>
            <ns3:hr>156</ns3:hr>
          </ns3:TrackPointExtension>
        </extensions>
      </trkpt>
      <trkpt lat="43.696517832577228546142578125" lon="7.29781941510736942291259765625">
        <ele>188.600006103515625</ele>
        <time>2026-02-22T10:20:23.000Z</time>
        <extensions>
          <ns3:TrackPointExtension>
            <ns3:hr>158</ns3:hr>
          </ns3:TrackPointExtension>
        </extensions>
      </trkpt>
      <trkpt lat="43.6966464109718799591064453125" lon="7.2976025752723217010498046875">
        <ele>189</ele>
        <time>2026-02-22T10:20:28.000Z</time>
        <extensions>
          <ns3:TrackPointExtension>
            <ns3:hr>156</ns3:hr>
          </ns3:TrackPointExtension>
        </extensions>
      </trkpt>
      <trkpt lat="43.69668488390743732452392578125" lon="7.29758287779986858367919921875">
        <ele>189.1999969482421875</ele>
        <time>2026-02-22T10:20:29.000Z</time>
        <extensions>
          <ns3:TrackPointExtension>
            <ns3:hr>156</ns3:hr>
          </ns3:TrackPointExtension>
        </extensions>
      </trkpt>
      <trkpt lat="43.69679401628673076629638671875" lon="7.29758522473275661468505859375">
        <ele>189.8000030517578125</ele>
        <time>2026-02-22T10:20:32.000Z</time>
        <extensions>
          <ns3:TrackPointExtension>
            <ns3:hr>155</ns3:hr>
          </ns3:TrackPointExtension>
        </extensions>
      </trkpt>
      <trkpt lat="43.6969904042780399322509765625" lon="7.29769821278750896453857421875">
        <ele>189.8000030517578125</ele>
        <time>2026-02-22T10:20:37.000Z</time>
        <extensions>
          <ns3:TrackPointExtension>
            <ns3:hr>155</ns3:hr>
          </ns3:TrackPointExtension>
        </extensions>
      </trkpt>
      <trkpt lat="43.697154521942138671875" lon="7.297784127295017242431640625">
        <ele>188.8000030517578125</ele>
        <time>2026-02-22T10:20:40.000Z</time>
        <extensions>
          <ns3:TrackPointExtension>
            <ns3:hr>155</ns3:hr>
          </ns3:TrackPointExtension>
        </extensions>
      </trkpt>
      <trkpt lat="43.69721864350140094757080078125" lon="7.29779007844626903533935546875">
        <ele>188.600006103515625</ele>
        <time>2026-02-22T10:20:41.000Z</time>
        <extensions>
          <ns3:TrackPointExtension>
            <ns3:hr>155</ns3:hr>
          </ns3:TrackPointExtension>
        </extensions>
      </trkpt>
      <trkpt lat="43.69728703983128070831298828125" lon="7.29777700267732143402099609375">
        <ele>188.1999969482421875</ele>
        <time>2026-02-22T10:20:42.000Z</time>
        <extensions>
          <ns3:TrackPointExtension>
            <ns3:hr>155</ns3:hr>
          </ns3:TrackPointExtension>
        </extensions>
      </trkpt>
      <trkpt lat="43.69750245474278926849365234375" lon="7.29775386862456798553466796875">
        <ele>187.600006103515625</ele>
        <time>2026-02-22T10:20:45.000Z</time>
        <extensions>
          <ns3:TrackPointExtension>
            <ns3:hr>153</ns3:hr>
          </ns3:TrackPointExtension>
        </extensions>
      </trkpt>
      <trkpt lat="43.69758426211774349212646484375" lon="7.297759987413883209228515625">
        <ele>187</ele>
        <time>2026-02-22T10:20:46.000Z</time>
        <extensions>
          <ns3:TrackPointExtension>
            <ns3:hr>153</ns3:hr>
          </ns3:TrackPointExtension>
        </extensions>
      </trkpt>
      <trkpt lat="43.697832114994525909423828125" lon="7.297796867787837982177734375">
        <ele>185.8000030517578125</ele>
        <time>2026-02-22T10:20:49.000Z</time>
        <extensions>
          <ns3:TrackPointExtension>
            <ns3:hr>154</ns3:hr>
          </ns3:TrackPointExtension>
        </extensions>
      </trkpt>
      <trkpt lat="43.69791635312139987945556640625" lon="7.297819666564464569091796875">
        <ele>185.399993896484375</ele>
        <time>2026-02-22T10:20:50.000Z</time>
        <extensions>
          <ns3:TrackPointExtension>
            <ns3:hr>153</ns3:hr>
          </ns3:TrackPointExtension>
        </extensions>
      </trkpt>
      <trkpt lat="43.6980914510786533355712890625" lon="7.2978508472442626953125">
        <ele>184.1999969482421875</ele>
        <time>2026-02-22T10:20:52.000Z</time>
        <extensions>
          <ns3:TrackPointExtension>
            <ns3:hr>153</ns3:hr>
          </ns3:TrackPointExtension>
        </extensions>
      </trkpt>
      <trkpt lat="43.69836897589266300201416015625" lon="7.297859229147434234619140625">
        <ele>183</ele>
        <time>2026-02-22T10:20:55.000Z</time>
        <extensions>
          <ns3:TrackPointExtension>
            <ns3:hr>149</ns3:hr>
          </ns3:TrackPointExtension>
        </extensions>
      </trkpt>
      <trkpt lat="43.6987542919814586639404296875" lon="7.29783919639885425567626953125">
        <ele>181.8000030517578125</ele>
        <time>2026-02-22T10:20:59.000Z</time>
        <extensions>
          <ns3:TrackPointExtension>
            <ns3:hr>148</ns3:hr>
          </ns3:TrackPointExtension>
        </extensions>
      </trkpt>
      <trkpt lat="43.69885479100048542022705078125" lon="7.297830395400524139404296875">
        <ele>181</ele>
        <time>2026-02-22T10:21:00.000Z</time>
        <extensions>
          <ns3:TrackPointExtension>
            <ns3:hr>148</ns3:hr>
          </ns3:TrackPointExtension>
        </extensions>
      </trkpt>
      <trkpt lat="43.69895503856241703033447265625" lon="7.29782578535377979278564453125">
        <ele>180.399993896484375</ele>
        <time>2026-02-22T10:21:01.000Z</time>
        <extensions>
          <ns3:TrackPointExtension>
            <ns3:hr>148</ns3:hr>
          </ns3:TrackPointExtension>
        </extensions>
      </trkpt>
      <trkpt lat="43.69924253784120082855224609375" lon="7.2978178225457668304443359375">
        <ele>179.1999969482421875</ele>
        <time>2026-02-22T10:21:04.000Z</time>
        <extensions>
          <ns3:TrackPointExtension>
            <ns3:hr>147</ns3:hr>
          </ns3:TrackPointExtension>
        </extensions>
      </trkpt>
      <trkpt lat="43.699420653283596038818359375" lon="7.29780868627130985260009765625">
        <ele>178</ele>
        <time>2026-02-22T10:21:06.000Z</time>
        <extensions>
          <ns3:TrackPointExtension>
            <ns3:hr>147</ns3:hr>
          </ns3:TrackPointExtension>
        </extensions>
      </trkpt>
      <trkpt lat="43.69969096966087818145751953125" lon="7.2977762483060359954833984375">
        <ele>176.8000030517578125</ele>
        <time>2026-02-22T10:21:09.000Z</time>
        <extensions>
          <ns3:TrackPointExtension>
            <ns3:hr>147</ns3:hr>
          </ns3:TrackPointExtension>
        </extensions>
      </trkpt>
      <trkpt lat="43.69995064102113246917724609375" lon="7.29775755666196346282958984375">
        <ele>175.600006103515625</ele>
        <time>2026-02-22T10:21:12.000Z</time>
        <extensions>
          <ns3:TrackPointExtension>
            <ns3:hr>147</ns3:hr>
          </ns3:TrackPointExtension>
        </extensions>
      </trkpt>
      <trkpt lat="43.7000420875847339630126953125" lon="7.29774959385395050048828125">
        <ele>175.399993896484375</ele>
        <time>2026-02-22T10:21:13.000Z</time>
        <extensions>
          <ns3:TrackPointExtension>
            <ns3:hr>146</ns3:hr>
          </ns3:TrackPointExtension>
        </extensions>
      </trkpt>
      <trkpt lat="43.7002214603126049041748046875" lon="7.297738529741764068603515625">
        <ele>174.399993896484375</ele>
        <time>2026-02-22T10:21:15.000Z</time>
        <extensions>
          <ns3:TrackPointExtension>
            <ns3:hr>144</ns3:hr>
          </ns3:TrackPointExtension>
        </extensions>
      </trkpt>
      <trkpt lat="43.70030653662979602813720703125" lon="7.29773391969501972198486328125">
        <ele>173.600006103515625</ele>
        <time>2026-02-22T10:21:16.000Z</time>
        <extensions>
          <ns3:TrackPointExtension>
            <ns3:hr>141</ns3:hr>
          </ns3:TrackPointExtension>
        </extensions>
      </trkpt>
      <trkpt lat="43.70039756409823894500732421875" lon="7.2977373562753200531005859375">
        <ele>173.600006103515625</ele>
        <time>2026-02-22T10:21:17.000Z</time>
        <extensions>
          <ns3:TrackPointExtension>
            <ns3:hr>141</ns3:hr>
          </ns3:TrackPointExtension>
        </extensions>
      </trkpt>
      <trkpt lat="43.70048691518604755401611328125" lon="7.29774749837815761566162109375">
        <ele>173</ele>
        <time>2026-02-22T10:21:18.000Z</time>
        <extensions>
          <ns3:TrackPointExtension>
            <ns3:hr>140</ns3:hr>
          </ns3:TrackPointExtension>
        </extensions>
      </trkpt>
      <trkpt lat="43.70066821575164794921875" lon="7.297788150608539581298828125">
        <ele>172.399993896484375</ele>
        <time>2026-02-22T10:21:20.000Z</time>
        <extensions>
          <ns3:TrackPointExtension>
            <ns3:hr>139</ns3:hr>
          </ns3:TrackPointExtension>
        </extensions>
      </trkpt>
      <trkpt lat="43.70075513608753681182861328125" lon="7.29781991802155971527099609375">
        <ele>171.8000030517578125</ele>
        <time>2026-02-22T10:21:21.000Z</time>
        <extensions>
          <ns3:TrackPointExtension>
            <ns3:hr>139</ns3:hr>
          </ns3:TrackPointExtension>
        </extensions>
      </trkpt>
      <trkpt lat="43.70102168060839176177978515625" lon="7.2979261167347431182861328125">
        <ele>170</ele>
        <time>2026-02-22T10:21:24.000Z</time>
        <extensions>
          <ns3:TrackPointExtension>
            <ns3:hr>138</ns3:hr>
          </ns3:TrackPointExtension>
        </extensions>
      </trkpt>
      <trkpt lat="43.7011136300861835479736328125" lon="7.29796090163290500640869140625">
        <ele>169.600006103515625</ele>
        <time>2026-02-22T10:21:25.000Z</time>
        <extensions>
          <ns3:TrackPointExtension>
            <ns3:hr>137</ns3:hr>
          </ns3:TrackPointExtension>
        </extensions>
      </trkpt>
      <trkpt lat="43.70129610411822795867919921875" lon="7.298039607703685760498046875">
        <ele>168.600006103515625</ele>
        <time>2026-02-22T10:21:27.000Z</time>
        <extensions>
          <ns3:TrackPointExtension>
            <ns3:hr>136</ns3:hr>
          </ns3:TrackPointExtension>
        </extensions>
      </trkpt>
      <trkpt lat="43.7015783227980136871337890625" lon="7.2981427051126956939697265625">
        <ele>167.1999969482421875</ele>
        <time>2026-02-22T10:21:30.000Z</time>
        <extensions>
          <ns3:TrackPointExtension>
            <ns3:hr>136</ns3:hr>
          </ns3:TrackPointExtension>
        </extensions>
      </trkpt>
      <trkpt lat="43.70186892338097095489501953125" lon="7.29822929017245769500732421875">
        <ele>165.8000030517578125</ele>
        <time>2026-02-22T10:21:33.000Z</time>
        <extensions>
          <ns3:TrackPointExtension>
            <ns3:hr>136</ns3:hr>
          </ns3:TrackPointExtension>
        </extensions>
      </trkpt>
      <trkpt lat="43.70206204243004322052001953125" lon="7.29828595183789730072021484375">
        <ele>164.600006103515625</ele>
        <time>2026-02-22T10:21:35.000Z</time>
        <extensions>
          <ns3:TrackPointExtension>
            <ns3:hr>137</ns3:hr>
          </ns3:TrackPointExtension>
        </extensions>
      </trkpt>
      <trkpt lat="43.7023444287478923797607421875" lon="7.29841520078480243682861328125">
        <ele>163.1999969482421875</ele>
        <time>2026-02-22T10:21:38.000Z</time>
        <extensions>
          <ns3:TrackPointExtension>
            <ns3:hr>137</ns3:hr>
          </ns3:TrackPointExtension>
        </extensions>
      </trkpt>
      <trkpt lat="43.70261340402066707611083984375" lon="7.29854755103588104248046875">
        <ele>161.600006103515625</ele>
        <time>2026-02-22T10:21:41.000Z</time>
        <extensions>
          <ns3:TrackPointExtension>
            <ns3:hr>136</ns3:hr>
          </ns3:TrackPointExtension>
        </extensions>
      </trkpt>
      <trkpt lat="43.70283569209277629852294921875" lon="7.29867587797343730926513671875">
        <ele>160.600006103515625</ele>
        <time>2026-02-22T10:21:44.000Z</time>
        <extensions>
          <ns3:TrackPointExtension>
            <ns3:hr>136</ns3:hr>
          </ns3:TrackPointExtension>
        </extensions>
      </trkpt>
      <trkpt lat="43.7029308266937732696533203125" lon="7.29873673059046268463134765625">
        <ele>160.399993896484375</ele>
        <time>2026-02-22T10:21:45.000Z</time>
        <extensions>
          <ns3:TrackPointExtension>
            <ns3:hr>136</ns3:hr>
          </ns3:TrackPointExtension>
        </extensions>
      </trkpt>
      <trkpt lat="43.7031655199825763702392578125" lon="7.2988897003233432769775390625">
        <ele>159.1999969482421875</ele>
        <time>2026-02-22T10:21:48.000Z</time>
        <extensions>
          <ns3:TrackPointExtension>
            <ns3:hr>137</ns3:hr>
          </ns3:TrackPointExtension>
        </extensions>
      </trkpt>
      <trkpt lat="43.70339945890009403228759765625" lon="7.29903093539178371429443359375">
        <ele>157.600006103515625</ele>
        <time>2026-02-22T10:21:51.000Z</time>
        <extensions>
          <ns3:TrackPointExtension>
            <ns3:hr>137</ns3:hr>
          </ns3:TrackPointExtension>
        </extensions>
      </trkpt>
      <trkpt lat="43.7035475671291351318359375" lon="7.29912799783051013946533203125">
        <ele>156.1999969482421875</ele>
        <time>2026-02-22T10:21:53.000Z</time>
        <extensions>
          <ns3:TrackPointExtension>
            <ns3:hr>136</ns3:hr>
          </ns3:TrackPointExtension>
        </extensions>
      </trkpt>
      <trkpt lat="43.70376558043062686920166015625" lon="7.29925967752933502197265625">
        <ele>154.8000030517578125</ele>
        <time>2026-02-22T10:21:56.000Z</time>
        <extensions>
          <ns3:TrackPointExtension>
            <ns3:hr>136</ns3:hr>
          </ns3:TrackPointExtension>
        </extensions>
      </trkpt>
      <trkpt lat="43.7038997747004032135009765625" lon="7.29933553375303745269775390625">
        <ele>153.8000030517578125</ele>
        <time>2026-02-22T10:21:58.000Z</time>
        <extensions>
          <ns3:TrackPointExtension>
            <ns3:hr>131</ns3:hr>
          </ns3:TrackPointExtension>
        </extensions>
      </trkpt>
      <trkpt lat="43.7039587832987308502197265625" lon="7.29937157593667507171630859375">
        <ele>153.1999969482421875</ele>
        <time>2026-02-22T10:21:59.000Z</time>
        <extensions>
          <ns3:TrackPointExtension>
            <ns3:hr>130</ns3:hr>
          </ns3:TrackPointExtension>
        </extensions>
      </trkpt>
      <trkpt lat="43.704011254012584686279296875" lon="7.29940074495971202850341796875">
        <ele>152.8000030517578125</ele>
        <time>2026-02-22T10:22:00.000Z</time>
        <extensions>
          <ns3:TrackPointExtension>
            <ns3:hr>129</ns3:hr>
          </ns3:TrackPointExtension>
        </extensions>
      </trkpt>
      <trkpt lat="43.70419641025364398956298828125" lon="7.29949302971363067626953125">
        <ele>151.600006103515625</ele>
        <time>2026-02-22T10:22:04.000Z</time>
        <extensions>
          <ns3:TrackPointExtension>
            <ns3:hr>127</ns3:hr>
          </ns3:TrackPointExtension>
        </extensions>
      </trkpt>
      <trkpt lat="43.7042907066643238067626953125" lon="7.2995320893824100494384765625">
        <ele>151</ele>
        <time>2026-02-22T10:22:08.000Z</time>
        <extensions>
          <ns3:TrackPointExtension>
            <ns3:hr>126</ns3:hr>
          </ns3:TrackPointExtension>
        </extensions>
      </trkpt>
      <trkpt lat="43.70438986457884311676025390625" lon="7.29959872551262378692626953125">
        <ele>150.8000030517578125</ele>
        <time>2026-02-22T10:22:13.000Z</time>
        <extensions>
          <ns3:TrackPointExtension>
            <ns3:hr>126</ns3:hr>
          </ns3:TrackPointExtension>
        </extensions>
      </trkpt>
      <trkpt lat="43.704436384141445159912109375" lon="7.29964281432330608367919921875">
        <ele>150.600006103515625</ele>
        <time>2026-02-22T10:22:15.000Z</time>
        <extensions>
          <ns3:TrackPointExtension>
            <ns3:hr>127</ns3:hr>
          </ns3:TrackPointExtension>
        </extensions>
      </trkpt>
      <trkpt lat="43.70453135110437870025634765625" lon="7.29973065666854381561279296875">
        <ele>150.399993896484375</ele>
        <time>2026-02-22T10:22:18.000Z</time>
        <extensions>
          <ns3:TrackPointExtension>
            <ns3:hr>129</ns3:hr>
          </ns3:TrackPointExtension>
        </extensions>
      </trkpt>
      <trkpt lat="43.70456135831773281097412109375" lon="7.29975798167288303375244140625">
        <ele>150.399993896484375</ele>
        <time>2026-02-22T10:22:19.000Z</time>
        <extensions>
          <ns3:TrackPointExtension>
            <ns3:hr>133</ns3:hr>
          </ns3:TrackPointExtension>
        </extensions>
      </trkpt>
      <trkpt lat="43.7046427465975284576416015625" lon="7.29984439909458160400390625">
        <ele>150.399993896484375</ele>
        <time>2026-02-22T10:22:22.000Z</time>
        <extensions>
          <ns3:TrackPointExtension>
            <ns3:hr>136</ns3:hr>
          </ns3:TrackPointExtension>
        </extensions>
      </trkpt>
      <trkpt lat="43.70474257506430149078369140625" lon="7.2999347560107707977294921875">
        <ele>150.399993896484375</ele>
        <time>2026-02-22T10:22:26.000Z</time>
        <extensions>
          <ns3:TrackPointExtension>
            <ns3:hr>137</ns3:hr>
          </ns3:TrackPointExtension>
        </extensions>
      </trkpt>
      <trkpt lat="43.70479403994977474212646484375" lon="7.29997725225985050201416015625">
        <ele>150.399993896484375</ele>
        <time>2026-02-22T10:22:31.000Z</time>
        <extensions>
          <ns3:TrackPointExtension>
            <ns3:hr>134</ns3:hr>
          </ns3:TrackPointExtension>
        </extensions>
      </trkpt>
      <trkpt lat="43.70479403994977474212646484375" lon="7.29997725225985050201416015625">
        <ele>150.399993896484375</ele>
        <time>2026-02-22T10:22:32.000Z</time>
        <extensions>
          <ns3:TrackPointExtension>
            <ns3:hr>133</ns3:hr>
          </ns3:TrackPointExtension>
        </extensions>
      </trkpt>
      <trkpt lat="43.70482555590569972991943359375" lon="7.29999636299908161163330078125">
        <ele>150.1999969482421875</ele>
        <time>2026-02-22T10:22:38.000Z</time>
        <extensions>
          <ns3:TrackPointExtension>
            <ns3:hr>131</ns3:hr>
          </ns3:TrackPointExtension>
        </extensions>
      </trkpt>
      <trkpt lat="43.70487081818282604217529296875" lon="7.3000413738191127777099609375">
        <ele>150.1999969482421875</ele>
        <time>2026-02-22T10:22:40.000Z</time>
        <extensions>
          <ns3:TrackPointExtension>
            <ns3:hr>131</ns3:hr>
          </ns3:TrackPointExtension>
        </extensions>
      </trkpt>
      <trkpt lat="43.70506125502288341522216796875" lon="7.3002103529870510101318359375">
        <ele>150.1999969482421875</ele>
        <time>2026-02-22T10:22:46.000Z</time>
        <extensions>
          <ns3:TrackPointExtension>
            <ns3:hr>133</ns3:hr>
          </ns3:TrackPointExtension>
        </extensions>
      </trkpt>
      <trkpt lat="43.7051768414676189422607421875" lon="7.30034773238003253936767578125">
        <ele>150.600006103515625</ele>
        <time>2026-02-22T10:22:50.000Z</time>
        <extensions>
          <ns3:TrackPointExtension>
            <ns3:hr>137</ns3:hr>
          </ns3:TrackPointExtension>
        </extensions>
      </trkpt>
      <trkpt lat="43.70523191057145595550537109375" lon="7.300413362681865692138671875">
        <ele>150.8000030517578125</ele>
        <time>2026-02-22T10:22:52.000Z</time>
        <extensions>
          <ns3:TrackPointExtension>
            <ns3:hr>139</ns3:hr>
          </ns3:TrackPointExtension>
        </extensions>
      </trkpt>
      <trkpt lat="43.70528387837111949920654296875" lon="7.30045904405415058135986328125">
        <ele>151.399993896484375</ele>
        <time>2026-02-22T10:22:56.000Z</time>
        <extensions>
          <ns3:TrackPointExtension>
            <ns3:hr>141</ns3:hr>
          </ns3:TrackPointExtension>
        </extensions>
      </trkpt>
      <trkpt lat="43.70528094470500946044921875" lon="7.30046088807284832000732421875">
        <ele>151.8000030517578125</ele>
        <time>2026-02-22T10:22:57.000Z</time>
        <extensions>
          <ns3:TrackPointExtension>
            <ns3:hr>141</ns3:hr>
          </ns3:TrackPointExtension>
        </extensions>
      </trkpt>
      <trkpt lat="43.7053092755377292633056640625" lon="7.30048435740172863006591796875">
        <ele>151</ele>
        <time>2026-02-22T10:23:21.000Z</time>
        <extensions>
          <ns3:TrackPointExtension>
            <ns3:hr>144</ns3:hr>
          </ns3:TrackPointExtension>
        </extensions>
      </trkpt>
      <trkpt lat="43.70532746426761150360107421875" lon="7.3005017079412937164306640625">
        <ele>151</ele>
        <time>2026-02-22T10:23:22.000Z</time>
        <extensions>
          <ns3:TrackPointExtension>
            <ns3:hr>144</ns3:hr>
          </ns3:TrackPointExtension>
        </extensions>
      </trkpt>
      <trkpt lat="43.70547230355441570281982421875" lon="7.30059851892292499542236328125">
        <ele>151</ele>
        <time>2026-02-22T10:23:27.000Z</time>
        <extensions>
          <ns3:TrackPointExtension>
            <ns3:hr>142</ns3:hr>
          </ns3:TrackPointExtension>
        </extensions>
      </trkpt>
      <trkpt lat="43.70568218640983104705810546875" lon="7.30077051557600498199462890625">
        <ele>151.8000030517578125</ele>
        <time>2026-02-22T10:23:33.000Z</time>
        <extensions>
          <ns3:TrackPointExtension>
            <ns3:hr>143</ns3:hr>
          </ns3:TrackPointExtension>
        </extensions>
      </trkpt>
      <trkpt lat="43.70581009425222873687744140625" lon="7.30088450945913791656494140625">
        <ele>152.8000030517578125</ele>
        <time>2026-02-22T10:23:37.000Z</time>
        <extensions>
          <ns3:TrackPointExtension>
            <ns3:hr>145</ns3:hr>
          </ns3:TrackPointExtension>
        </extensions>
      </trkpt>
      <trkpt lat="43.70585887692868709564208984375" lon="7.3009271733462810516357421875">
        <ele>153</ele>
        <time>2026-02-22T10:23:39.000Z</time>
        <extensions>
          <ns3:TrackPointExtension>
            <ns3:hr>145</ns3:hr>
          </ns3:TrackPointExtension>
        </extensions>
      </trkpt>
      <trkpt lat="43.70593364350497722625732421875" lon="7.3010042868554592132568359375">
        <ele>153.399993896484375</ele>
        <time>2026-02-22T10:23:43.000Z</time>
        <extensions>
          <ns3:TrackPointExtension>
            <ns3:hr>149</ns3:hr>
          </ns3:TrackPointExtension>
        </extensions>
      </trkpt>
      <trkpt lat="43.70599566958844661712646484375" lon="7.30106119997799396514892578125">
        <ele>153.600006103515625</ele>
        <time>2026-02-22T10:23:46.000Z</time>
        <extensions>
          <ns3:TrackPointExtension>
            <ns3:hr>152</ns3:hr>
          </ns3:TrackPointExtension>
        </extensions>
      </trkpt>
      <trkpt lat="43.70614369399845600128173828125" lon="7.30123671703040599822998046875">
        <ele>153.1999969482421875</ele>
        <time>2026-02-22T10:23:54.000Z</time>
        <extensions>
          <ns3:TrackPointExtension>
            <ns3:hr>152</ns3:hr>
          </ns3:TrackPointExtension>
        </extensions>
      </trkpt>
      <trkpt lat="43.70616213418543338775634765625" lon="7.30125264264643192291259765625">
        <ele>153.600006103515625</ele>
        <time>2026-02-22T10:23:58.000Z</time>
        <extensions>
          <ns3:TrackPointExtension>
            <ns3:hr>152</ns3:hr>
          </ns3:TrackPointExtension>
        </extensions>
      </trkpt>
      <trkpt lat="43.70619063265621662139892578125" lon="7.30127711780369281768798828125">
        <ele>153.1999969482421875</ele>
        <time>2026-02-22T10:24:14.000Z</time>
        <extensions>
          <ns3:TrackPointExtension>
            <ns3:hr>146</ns3:hr>
          </ns3:TrackPointExtension>
        </extensions>
      </trkpt>
      <trkpt lat="43.7062058039009571075439453125" lon="7.3012934625148773193359375">
        <ele>153.1999969482421875</ele>
        <time>2026-02-22T10:24:15.000Z</time>
        <extensions>
          <ns3:TrackPointExtension>
            <ns3:hr>146</ns3:hr>
          </ns3:TrackPointExtension>
        </extensions>
      </trkpt>
      <trkpt lat="43.70624595321714878082275390625" lon="7.30133294127881526947021484375">
        <ele>153.1999969482421875</ele>
        <time>2026-02-22T10:24:17.000Z</time>
        <extensions>
          <ns3:TrackPointExtension>
            <ns3:hr>144</ns3:hr>
          </ns3:TrackPointExtension>
        </extensions>
      </trkpt>
      <trkpt lat="43.7063536606729030609130859375" lon="7.30147384107112884521484375">
        <ele>153</ele>
        <time>2026-02-22T10:24:23.000Z</time>
        <extensions>
          <ns3:TrackPointExtension>
            <ns3:hr>145</ns3:hr>
          </ns3:TrackPointExtension>
        </extensions>
      </trkpt>
      <trkpt lat="43.70637570507824420928955078125" lon="7.3015026748180389404296875">
        <ele>153</ele>
        <time>2026-02-22T10:24:25.000Z</time>
        <extensions>
          <ns3:TrackPointExtension>
            <ns3:hr>142</ns3:hr>
          </ns3:TrackPointExtension>
        </extensions>
      </trkpt>
      <trkpt lat="43.706384003162384033203125" lon="7.30150426737964153289794921875">
        <ele>153</ele>
        <time>2026-02-22T10:24:26.000Z</time>
        <extensions>
          <ns3:TrackPointExtension>
            <ns3:hr>139</ns3:hr>
          </ns3:TrackPointExtension>
        </extensions>
      </trkpt>
      <trkpt lat="43.7063871882855892181396484375" lon="7.30150326155126094818115234375">
        <ele>152.8000030517578125</ele>
        <time>2026-02-22T10:24:27.000Z</time>
        <extensions>
          <ns3:TrackPointExtension>
            <ns3:hr>138</ns3:hr>
          </ns3:TrackPointExtension>
        </extensions>
      </trkpt>
      <trkpt lat="43.7063895352184772491455078125" lon="7.30150242336094379425048828125">
        <ele>152.8000030517578125</ele>
        <time>2026-02-22T10:24:28.000Z</time>
        <extensions>
          <ns3:TrackPointExtension>
            <ns3:hr>137</ns3:hr>
          </ns3:TrackPointExtension>
        </extensions>
      </trkpt>
      <trkpt lat="43.70641124434769153594970703125" lon="7.30144123546779155731201171875">
        <ele>152</ele>
        <time>2026-02-22T10:25:13.000Z</time>
        <extensions>
          <ns3:TrackPointExtension>
            <ns3:hr>133</ns3:hr>
          </ns3:TrackPointExtension>
        </extensions>
      </trkpt>
      <trkpt lat="43.7064099870622158050537109375" lon="7.3014186881482601165771484375">
        <ele>152</ele>
        <time>2026-02-22T10:25:14.000Z</time>
        <extensions>
          <ns3:TrackPointExtension>
            <ns3:hr>133</ns3:hr>
          </ns3:TrackPointExtension>
        </extensions>
      </trkpt>
      <trkpt lat="43.70631502009928226470947265625" lon="7.30127359740436077117919921875">
        <ele>151.8000030517578125</ele>
        <time>2026-02-22T10:25:19.000Z</time>
        <extensions>
          <ns3:TrackPointExtension>
            <ns3:hr>133</ns3:hr>
          </ns3:TrackPointExtension>
        </extensions>
      </trkpt>
      <trkpt lat="43.7061037123203277587890625" lon="7.30102549307048320770263671875">
        <ele>151.8000030517578125</ele>
        <time>2026-02-22T10:25:27.000Z</time>
        <extensions>
          <ns3:TrackPointExtension>
            <ns3:hr>132</ns3:hr>
          </ns3:TrackPointExtension>
        </extensions>
      </trkpt>
      <trkpt lat="43.706057108938694000244140625" lon="7.30092356912791728973388671875">
        <ele>152</ele>
        <time>2026-02-22T10:25:30.000Z</time>
        <extensions>
          <ns3:TrackPointExtension>
            <ns3:hr>133</ns3:hr>
          </ns3:TrackPointExtension>
        </extensions>
      </trkpt>
      <trkpt lat="43.7060669995844364166259765625" lon="7.30088509619235992431640625">
        <ele>152.1999969482421875</ele>
        <time>2026-02-22T10:25:31.000Z</time>
        <extensions>
          <ns3:TrackPointExtension>
            <ns3:hr>133</ns3:hr>
          </ns3:TrackPointExtension>
        </extensions>
      </trkpt>
      <trkpt lat="43.70611536316573619842529296875" lon="7.30082734487950801849365234375">
        <ele>153.1999969482421875</ele>
        <time>2026-02-22T10:25:34.000Z</time>
        <extensions>
          <ns3:TrackPointExtension>
            <ns3:hr>134</ns3:hr>
          </ns3:TrackPointExtension>
        </extensions>
      </trkpt>
      <trkpt lat="43.7061350606381893157958984375" lon="7.30081276036798954010009765625">
        <ele>153.1999969482421875</ele>
        <time>2026-02-22T10:25:35.000Z</time>
        <extensions>
          <ns3:TrackPointExtension>
            <ns3:hr>135</ns3:hr>
          </ns3:TrackPointExtension>
        </extensions>
      </trkpt>
      <trkpt lat="43.7061876989901065826416015625" lon="7.3008051328361034393310546875">
        <ele>153.600006103515625</ele>
        <time>2026-02-22T10:25:38.000Z</time>
        <extensions>
          <ns3:TrackPointExtension>
            <ns3:hr>138</ns3:hr>
          </ns3:TrackPointExtension>
        </extensions>
      </trkpt>
      <trkpt lat="43.7062131799757480621337890625" lon="7.30081259272992610931396484375">
        <ele>154</ele>
        <time>2026-02-22T10:25:39.000Z</time>
        <extensions>
          <ns3:TrackPointExtension>
            <ns3:hr>139</ns3:hr>
          </ns3:TrackPointExtension>
        </extensions>
      </trkpt>
      <trkpt lat="43.70623203925788402557373046875" lon="7.30082876980304718017578125">
        <ele>154.399993896484375</ele>
        <time>2026-02-22T10:25:40.000Z</time>
        <extensions>
          <ns3:TrackPointExtension>
            <ns3:hr>139</ns3:hr>
          </ns3:TrackPointExtension>
        </extensions>
      </trkpt>
      <trkpt lat="43.70628333650529384613037109375" lon="7.30089289136230945587158203125">
        <ele>154.8000030517578125</ele>
        <time>2026-02-22T10:25:43.000Z</time>
        <extensions>
          <ns3:TrackPointExtension>
            <ns3:hr>142</ns3:hr>
          </ns3:TrackPointExtension>
        </extensions>
      </trkpt>
      <trkpt lat="43.70630085468292236328125" lon="7.30091552250087261199951171875">
        <ele>155.1999969482421875</ele>
        <time>2026-02-22T10:25:44.000Z</time>
        <extensions>
          <ns3:TrackPointExtension>
            <ns3:hr>149</ns3:hr>
          </ns3:TrackPointExtension>
        </extensions>
      </trkpt>
      <trkpt lat="43.7063174508512020111083984375" lon="7.3009425960481166839599609375">
        <ele>155.399993896484375</ele>
        <time>2026-02-22T10:25:45.000Z</time>
        <extensions>
          <ns3:TrackPointExtension>
            <ns3:hr>152</ns3:hr>
          </ns3:TrackPointExtension>
        </extensions>
      </trkpt>
      <trkpt lat="43.7063362263143062591552734375" lon="7.30097117833793163299560546875">
        <ele>155.8000030517578125</ele>
        <time>2026-02-22T10:25:46.000Z</time>
        <extensions>
          <ns3:TrackPointExtension>
            <ns3:hr>152</ns3:hr>
          </ns3:TrackPointExtension>
        </extensions>
      </trkpt>
      <trkpt lat="43.70642716996371746063232421875" lon="7.30106522329151630401611328125">
        <ele>156.399993896484375</ele>
        <time>2026-02-22T10:25:50.000Z</time>
        <extensions>
          <ns3:TrackPointExtension>
            <ns3:hr>153</ns3:hr>
          </ns3:TrackPointExtension>
        </extensions>
      </trkpt>
      <trkpt lat="43.70644980110228061676025390625" lon="7.30108818970620632171630859375">
        <ele>156.600006103515625</ele>
        <time>2026-02-22T10:25:51.000Z</time>
        <extensions>
          <ns3:TrackPointExtension>
            <ns3:hr>153</ns3:hr>
          </ns3:TrackPointExtension>
        </extensions>
      </trkpt>
      <trkpt lat="43.706599585711956024169921875" lon="7.30122917331755161285400390625">
        <ele>157.600006103515625</ele>
        <time>2026-02-22T10:25:57.000Z</time>
        <extensions>
          <ns3:TrackPointExtension>
            <ns3:hr>154</ns3:hr>
          </ns3:TrackPointExtension>
        </extensions>
      </trkpt>
      <trkpt lat="43.70665012858808040618896484375" lon="7.30127074755728244781494140625">
        <ele>157.8000030517578125</ele>
        <time>2026-02-22T10:25:59.000Z</time>
        <extensions>
          <ns3:TrackPointExtension>
            <ns3:hr>155</ns3:hr>
          </ns3:TrackPointExtension>
        </extensions>
      </trkpt>
      <trkpt lat="43.706786669790744781494140625" lon="7.30139337480068206787109375">
        <ele>158.8000030517578125</ele>
        <time>2026-02-22T10:26:05.000Z</time>
        <extensions>
          <ns3:TrackPointExtension>
            <ns3:hr>157</ns3:hr>
          </ns3:TrackPointExtension>
        </extensions>
      </trkpt>
      <trkpt lat="43.70680687017738819122314453125" lon="7.30140737257897853851318359375">
        <ele>159</ele>
        <time>2026-02-22T10:26:06.000Z</time>
        <extensions>
          <ns3:TrackPointExtension>
            <ns3:hr>157</ns3:hr>
          </ns3:TrackPointExtension>
        </extensions>
      </trkpt>
      <trkpt lat="43.70687861926853656768798828125" lon="7.3014746792614459991455078125">
        <ele>159.600006103515625</ele>
        <time>2026-02-22T10:26:09.000Z</time>
        <extensions>
          <ns3:TrackPointExtension>
            <ns3:hr>160</ns3:hr>
          </ns3:TrackPointExtension>
        </extensions>
      </trkpt>
      <trkpt lat="43.7069226242601871490478515625" lon="7.30151399038732051849365234375">
        <ele>159.8000030517578125</ele>
        <time>2026-02-22T10:26:11.000Z</time>
        <extensions>
          <ns3:TrackPointExtension>
            <ns3:hr>159</ns3:hr>
          </ns3:TrackPointExtension>
        </extensions>
      </trkpt>
      <trkpt lat="43.7070124782621860504150390625" lon="7.301587164402008056640625">
        <ele>161</ele>
        <time>2026-02-22T10:26:15.000Z</time>
        <extensions>
          <ns3:TrackPointExtension>
            <ns3:hr>160</ns3:hr>
          </ns3:TrackPointExtension>
        </extensions>
      </trkpt>
      <trkpt lat="43.7070339359343051910400390625" lon="7.3016045987606048583984375">
        <ele>161.1999969482421875</ele>
        <time>2026-02-22T10:26:16.000Z</time>
        <extensions>
          <ns3:TrackPointExtension>
            <ns3:hr>160</ns3:hr>
          </ns3:TrackPointExtension>
        </extensions>
      </trkpt>
      <trkpt lat="43.7071318365633487701416015625" lon="7.30168531648814678192138671875">
        <ele>162.600006103515625</ele>
        <time>2026-02-22T10:26:21.000Z</time>
        <extensions>
          <ns3:TrackPointExtension>
            <ns3:hr>161</ns3:hr>
          </ns3:TrackPointExtension>
        </extensions>
      </trkpt>
      <trkpt lat="43.7072092853486537933349609375" lon="7.3017355240881443023681640625">
        <ele>163.399993896484375</ele>
        <time>2026-02-22T10:26:24.000Z</time>
        <extensions>
          <ns3:TrackPointExtension>
            <ns3:hr>162</ns3:hr>
          </ns3:TrackPointExtension>
        </extensions>
      </trkpt>
      <trkpt lat="43.7072354368865489959716796875" lon="7.30174952186644077301025390625">
        <ele>163.8000030517578125</ele>
        <time>2026-02-22T10:26:25.000Z</time>
        <extensions>
          <ns3:TrackPointExtension>
            <ns3:hr>162</ns3:hr>
          </ns3:TrackPointExtension>
        </extensions>
      </trkpt>
      <trkpt lat="43.7073769234120845794677734375" lon="7.30179126374423503875732421875">
        <ele>164.8000030517578125</ele>
        <time>2026-02-22T10:26:30.000Z</time>
        <extensions>
          <ns3:TrackPointExtension>
            <ns3:hr>164</ns3:hr>
          </ns3:TrackPointExtension>
        </extensions>
      </trkpt>
      <trkpt lat="43.7073980458080768585205078125" lon="7.30180165730416774749755859375">
        <ele>165</ele>
        <time>2026-02-22T10:26:31.000Z</time>
        <extensions>
          <ns3:TrackPointExtension>
            <ns3:hr>164</ns3:hr>
          </ns3:TrackPointExtension>
        </extensions>
      </trkpt>
      <trkpt lat="43.70745797641575336456298828125" lon="7.3018253780901432037353515625">
        <ele>165.399993896484375</ele>
        <time>2026-02-22T10:26:33.000Z</time>
        <extensions>
          <ns3:TrackPointExtension>
            <ns3:hr>167</ns3:hr>
          </ns3:TrackPointExtension>
        </extensions>
      </trkpt>
      <trkpt lat="43.707483708858489990234375" lon="7.30183434672653675079345703125">
        <ele>165.8000030517578125</ele>
        <time>2026-02-22T10:26:34.000Z</time>
        <extensions>
          <ns3:TrackPointExtension>
            <ns3:hr>168</ns3:hr>
          </ns3:TrackPointExtension>
        </extensions>
      </trkpt>
      <trkpt lat="43.70765076018869876861572265625" lon="7.301888577640056610107421875">
        <ele>166.8000030517578125</ele>
        <time>2026-02-22T10:26:40.000Z</time>
        <extensions>
          <ns3:TrackPointExtension>
            <ns3:hr>167</ns3:hr>
          </ns3:TrackPointExtension>
        </extensions>
      </trkpt>
      <trkpt lat="43.70767615735530853271484375" lon="7.30190475471317768096923828125">
        <ele>167</ele>
        <time>2026-02-22T10:26:41.000Z</time>
        <extensions>
          <ns3:TrackPointExtension>
            <ns3:hr>167</ns3:hr>
          </ns3:TrackPointExtension>
        </extensions>
      </trkpt>
      <trkpt lat="43.707828707993030548095703125" lon="7.3020498454570770263671875">
        <ele>167.600006103515625</ele>
        <time>2026-02-22T10:26:48.000Z</time>
        <extensions>
          <ns3:TrackPointExtension>
            <ns3:hr>168</ns3:hr>
          </ns3:TrackPointExtension>
        </extensions>
      </trkpt>
      <trkpt lat="43.70789769105613231658935546875" lon="7.30213944800198078155517578125">
        <ele>168</ele>
        <time>2026-02-22T10:26:52.000Z</time>
        <extensions>
          <ns3:TrackPointExtension>
            <ns3:hr>168</ns3:hr>
          </ns3:TrackPointExtension>
        </extensions>
      </trkpt>
      <trkpt lat="43.70796449482440948486328125" lon="7.30222754180431365966796875">
        <ele>169</ele>
        <time>2026-02-22T10:26:56.000Z</time>
        <extensions>
          <ns3:TrackPointExtension>
            <ns3:hr>167</ns3:hr>
          </ns3:TrackPointExtension>
        </extensions>
      </trkpt>
      <trkpt lat="43.70797530747950077056884765625" lon="7.30225277133285999298095703125">
        <ele>169.399993896484375</ele>
        <time>2026-02-22T10:26:57.000Z</time>
        <extensions>
          <ns3:TrackPointExtension>
            <ns3:hr>167</ns3:hr>
          </ns3:TrackPointExtension>
        </extensions>
      </trkpt>
      <trkpt lat="43.7080032192170619964599609375" lon="7.30235226452350616455078125">
        <ele>170.1999969482421875</ele>
        <time>2026-02-22T10:27:01.000Z</time>
        <extensions>
          <ns3:TrackPointExtension>
            <ns3:hr>167</ns3:hr>
          </ns3:TrackPointExtension>
        </extensions>
      </trkpt>
      <trkpt lat="43.70802040211856365203857421875" lon="7.30243566446006298065185546875">
        <ele>170.600006103515625</ele>
        <time>2026-02-22T10:27:04.000Z</time>
        <extensions>
          <ns3:TrackPointExtension>
            <ns3:hr>167</ns3:hr>
          </ns3:TrackPointExtension>
        </extensions>
      </trkpt>
      <trkpt lat="43.70804018341004848480224609375" lon="7.30252568610012531280517578125">
        <ele>171.1999969482421875</ele>
        <time>2026-02-22T10:27:07.000Z</time>
        <extensions>
          <ns3:TrackPointExtension>
            <ns3:hr>170</ns3:hr>
          </ns3:TrackPointExtension>
        </extensions>
      </trkpt>
      <trkpt lat="43.70806868188083171844482421875" lon="7.30263079516589641571044921875">
        <ele>172.600006103515625</ele>
        <time>2026-02-22T10:27:11.000Z</time>
        <extensions>
          <ns3:TrackPointExtension>
            <ns3:hr>168</ns3:hr>
          </ns3:TrackPointExtension>
        </extensions>
      </trkpt>
      <trkpt lat="43.7080751359462738037109375" lon="7.3026587069034576416015625">
        <ele>172.8000030517578125</ele>
        <time>2026-02-22T10:27:12.000Z</time>
        <extensions>
          <ns3:TrackPointExtension>
            <ns3:hr>168</ns3:hr>
          </ns3:TrackPointExtension>
        </extensions>
      </trkpt>
      <trkpt lat="43.708089888095855712890625" lon="7.30276842601597309112548828125">
        <ele>173.600006103515625</ele>
        <time>2026-02-22T10:27:16.000Z</time>
        <extensions>
          <ns3:TrackPointExtension>
            <ns3:hr>169</ns3:hr>
          </ns3:TrackPointExtension>
        </extensions>
      </trkpt>
      <trkpt lat="43.708122074604034423828125" lon="7.3028955794870853424072265625">
        <ele>174.600006103515625</ele>
        <time>2026-02-22T10:27:21.000Z</time>
        <extensions>
          <ns3:TrackPointExtension>
            <ns3:hr>169</ns3:hr>
          </ns3:TrackPointExtension>
        </extensions>
      </trkpt>
      <trkpt lat="43.70812903158366680145263671875" lon="7.3029203899204730987548828125">
        <ele>174.8000030517578125</ele>
        <time>2026-02-22T10:27:22.000Z</time>
        <extensions>
          <ns3:TrackPointExtension>
            <ns3:hr>169</ns3:hr>
          </ns3:TrackPointExtension>
        </extensions>
      </trkpt>
      <trkpt lat="43.708148561418056488037109375" lon="7.30299155227839946746826171875">
        <ele>175.8000030517578125</ele>
        <time>2026-02-22T10:27:25.000Z</time>
        <extensions>
          <ns3:TrackPointExtension>
            <ns3:hr>169</ns3:hr>
          </ns3:TrackPointExtension>
        </extensions>
      </trkpt>
      <trkpt lat="43.70818904601037502288818359375" lon="7.30310219340026378631591796875">
        <ele>176.1999969482421875</ele>
        <time>2026-02-22T10:27:30.000Z</time>
        <extensions>
          <ns3:TrackPointExtension>
            <ns3:hr>171</ns3:hr>
          </ns3:TrackPointExtension>
        </extensions>
      </trkpt>
      <trkpt lat="43.70820321142673492431640625" lon="7.30315164662897586822509765625">
        <ele>176.8000030517578125</ele>
        <time>2026-02-22T10:27:32.000Z</time>
        <extensions>
          <ns3:TrackPointExtension>
            <ns3:hr>171</ns3:hr>
          </ns3:TrackPointExtension>
        </extensions>
      </trkpt>
      <trkpt lat="43.7082345597445964813232421875" lon="7.30324200354516506195068359375">
        <ele>177.8000030517578125</ele>
        <time>2026-02-22T10:27:36.000Z</time>
        <extensions>
          <ns3:TrackPointExtension>
            <ns3:hr>174</ns3:hr>
          </ns3:TrackPointExtension>
        </extensions>
      </trkpt>
      <trkpt lat="43.70824419893324375152587890625" lon="7.30326044373214244842529296875">
        <ele>178</ele>
        <time>2026-02-22T10:27:37.000Z</time>
        <extensions>
          <ns3:TrackPointExtension>
            <ns3:hr>174</ns3:hr>
          </ns3:TrackPointExtension>
        </extensions>
      </trkpt>
      <trkpt lat="43.70825392194092273712158203125" lon="7.30328257195651531219482421875">
        <ele>178.1999969482421875</ele>
        <time>2026-02-22T10:27:38.000Z</time>
        <extensions>
          <ns3:TrackPointExtension>
            <ns3:hr>174</ns3:hr>
          </ns3:TrackPointExtension>
        </extensions>
      </trkpt>
      <trkpt lat="43.70827018283307552337646484375" lon="7.303371168673038482666015625">
        <ele>179.1999969482421875</ele>
        <time>2026-02-22T10:27:43.000Z</time>
        <extensions>
          <ns3:TrackPointExtension>
            <ns3:hr>174</ns3:hr>
          </ns3:TrackPointExtension>
        </extensions>
      </trkpt>
      <trkpt lat="43.70827018283307552337646484375" lon="7.303371168673038482666015625">
        <ele>179.1999969482421875</ele>
        <time>2026-02-22T10:27:44.000Z</time>
        <extensions>
          <ns3:TrackPointExtension>
            <ns3:hr>174</ns3:hr>
          </ns3:TrackPointExtension>
        </extensions>
      </trkpt>
      <trkpt lat="43.70826884172856807708740234375" lon="7.30332548730075359344482421875">
        <ele>179</ele>
        <time>2026-02-22T10:28:18.000Z</time>
        <extensions>
          <ns3:TrackPointExtension>
            <ns3:hr>161</ns3:hr>
          </ns3:TrackPointExtension>
        </extensions>
      </trkpt>
      <trkpt lat="43.70825953781604766845703125" lon="7.3032935522496700286865234375">
        <ele>179</ele>
        <time>2026-02-22T10:28:19.000Z</time>
        <extensions>
          <ns3:TrackPointExtension>
            <ns3:hr>161</ns3:hr>
          </ns3:TrackPointExtension>
        </extensions>
      </trkpt>
      <trkpt lat="43.708245120942592620849609375" lon="7.30325021781027317047119140625">
        <ele>179</ele>
        <time>2026-02-22T10:28:20.000Z</time>
        <extensions>
          <ns3:TrackPointExtension>
            <ns3:hr>160</ns3:hr>
          </ns3:TrackPointExtension>
        </extensions>
      </trkpt>
      <trkpt lat="43.70821218006312847137451171875" lon="7.3031255789101123809814453125">
        <ele>177.8000030517578125</ele>
        <time>2026-02-22T10:28:23.000Z</time>
        <extensions>
          <ns3:TrackPointExtension>
            <ns3:hr>157</ns3:hr>
          </ns3:TrackPointExtension>
        </extensions>
      </trkpt>
      <trkpt lat="43.7081872858107089996337890625" lon="7.30302977375686168670654296875">
        <ele>176.8000030517578125</ele>
        <time>2026-02-22T10:28:25.000Z</time>
        <extensions>
          <ns3:TrackPointExtension>
            <ns3:hr>152</ns3:hr>
          </ns3:TrackPointExtension>
        </extensions>
      </trkpt>
      <trkpt lat="43.70817060582339763641357421875" lon="7.302971519529819488525390625">
        <ele>176.399993896484375</ele>
        <time>2026-02-22T10:28:26.000Z</time>
        <extensions>
          <ns3:TrackPointExtension>
            <ns3:hr>149</ns3:hr>
          </ns3:TrackPointExtension>
        </extensions>
      </trkpt>
      <trkpt lat="43.708159960806369781494140625" lon="7.302933633327484130859375">
        <ele>176</ele>
        <time>2026-02-22T10:28:27.000Z</time>
        <extensions>
          <ns3:TrackPointExtension>
            <ns3:hr>148</ns3:hr>
          </ns3:TrackPointExtension>
        </extensions>
      </trkpt>
      <trkpt lat="43.70814621448516845703125" lon="7.30288979597389698028564453125">
        <ele>175.399993896484375</ele>
        <time>2026-02-22T10:28:28.000Z</time>
        <extensions>
          <ns3:TrackPointExtension>
            <ns3:hr>146</ns3:hr>
          </ns3:TrackPointExtension>
        </extensions>
      </trkpt>
      <trkpt lat="43.70811109431087970733642578125" lon="7.3027581162750720977783203125">
        <ele>174.600006103515625</ele>
        <time>2026-02-22T10:28:31.000Z</time>
        <extensions>
          <ns3:TrackPointExtension>
            <ns3:hr>143</ns3:hr>
          </ns3:TrackPointExtension>
        </extensions>
      </trkpt>
      <trkpt lat="43.7080984376370906829833984375" lon="7.3027198947966098785400390625">
        <ele>174.1999969482421875</ele>
        <time>2026-02-22T10:28:32.000Z</time>
        <extensions>
          <ns3:TrackPointExtension>
            <ns3:hr>142</ns3:hr>
          </ns3:TrackPointExtension>
        </extensions>
      </trkpt>
      <trkpt lat="43.7080890499055385589599609375" lon="7.30260715819895267486572265625">
        <ele>173.1999969482421875</ele>
        <time>2026-02-22T10:28:35.000Z</time>
        <extensions>
          <ns3:TrackPointExtension>
            <ns3:hr>141</ns3:hr>
          </ns3:TrackPointExtension>
        </extensions>
      </trkpt>
      <trkpt lat="43.70815937407314777374267578125" lon="7.30243273079395294189453125">
        <ele>172.8000030517578125</ele>
        <time>2026-02-22T10:28:40.000Z</time>
        <extensions>
          <ns3:TrackPointExtension>
            <ns3:hr>139</ns3:hr>
          </ns3:TrackPointExtension>
        </extensions>
      </trkpt>
      <trkpt lat="43.7081970088183879852294921875" lon="7.302322089672088623046875">
        <ele>174.1999969482421875</ele>
        <time>2026-02-22T10:28:45.000Z</time>
        <extensions>
          <ns3:TrackPointExtension>
            <ns3:hr>137</ns3:hr>
          </ns3:TrackPointExtension>
        </extensions>
      </trkpt>
      <trkpt lat="43.708229027688503265380859375" lon="7.3022671043872833251953125">
        <ele>175.1999969482421875</ele>
        <time>2026-02-22T10:28:48.000Z</time>
        <extensions>
          <ns3:TrackPointExtension>
            <ns3:hr>138</ns3:hr>
          </ns3:TrackPointExtension>
        </extensions>
      </trkpt>
      <trkpt lat="43.70824336074292659759521484375" lon="7.30224824510514736175537109375">
        <ele>175.399993896484375</ele>
        <time>2026-02-22T10:28:49.000Z</time>
        <extensions>
          <ns3:TrackPointExtension>
            <ns3:hr>139</ns3:hr>
          </ns3:TrackPointExtension>
        </extensions>
      </trkpt>
      <trkpt lat="43.7082588672637939453125" lon="7.302231229841709136962890625">
        <ele>175.600006103515625</ele>
        <time>2026-02-22T10:28:50.000Z</time>
        <extensions>
          <ns3:TrackPointExtension>
            <ns3:hr>143</ns3:hr>
          </ns3:TrackPointExtension>
        </extensions>
      </trkpt>
      <trkpt lat="43.70827294886112213134765625" lon="7.30221253819763660430908203125">
        <ele>176</ele>
        <time>2026-02-22T10:28:51.000Z</time>
        <extensions>
          <ns3:TrackPointExtension>
            <ns3:hr>146</ns3:hr>
          </ns3:TrackPointExtension>
        </extensions>
      </trkpt>
      <trkpt lat="43.70830488391220569610595703125" lon="7.302170209586620330810546875">
        <ele>176.399993896484375</ele>
        <time>2026-02-22T10:28:53.000Z</time>
        <extensions>
          <ns3:TrackPointExtension>
            <ns3:hr>148</ns3:hr>
          </ns3:TrackPointExtension>
        </extensions>
      </trkpt>
      <trkpt lat="43.708355762064456939697265625" lon="7.30210508219897747039794921875">
        <ele>176.8000030517578125</ele>
        <time>2026-02-22T10:28:56.000Z</time>
        <extensions>
          <ns3:TrackPointExtension>
            <ns3:hr>151</ns3:hr>
          </ns3:TrackPointExtension>
        </extensions>
      </trkpt>
      <trkpt lat="43.70842449367046356201171875" lon="7.3020230233669281005859375">
        <ele>176.8000030517578125</ele>
        <time>2026-02-22T10:28:59.000Z</time>
        <extensions>
          <ns3:TrackPointExtension>
            <ns3:hr>154</ns3:hr>
          </ns3:TrackPointExtension>
        </extensions>
      </trkpt>
      <trkpt lat="43.70847277343273162841796875" lon="7.3019494302570819854736328125">
        <ele>176.600006103515625</ele>
        <time>2026-02-22T10:29:01.000Z</time>
        <extensions>
          <ns3:TrackPointExtension>
            <ns3:hr>155</ns3:hr>
          </ns3:TrackPointExtension>
        </extensions>
      </trkpt>
      <trkpt lat="43.70861149393022060394287109375" lon="7.30174700729548931121826171875">
        <ele>176.399993896484375</ele>
        <time>2026-02-22T10:29:06.000Z</time>
        <extensions>
          <ns3:TrackPointExtension>
            <ns3:hr>156</ns3:hr>
          </ns3:TrackPointExtension>
        </extensions>
      </trkpt>
      <trkpt lat="43.708655498921871185302734375" lon="7.3017090372741222381591796875">
        <ele>176.399993896484375</ele>
        <time>2026-02-22T10:29:07.000Z</time>
        <extensions>
          <ns3:TrackPointExtension>
            <ns3:hr>156</ns3:hr>
          </ns3:TrackPointExtension>
        </extensions>
      </trkpt>
      <trkpt lat="43.7087269127368927001953125" lon="7.30165514163672924041748046875">
        <ele>176.399993896484375</ele>
        <time>2026-02-22T10:29:09.000Z</time>
        <extensions>
          <ns3:TrackPointExtension>
            <ns3:hr>157</ns3:hr>
          </ns3:TrackPointExtension>
        </extensions>
      </trkpt>
      <trkpt lat="43.70879187248647212982177734375" lon="7.3015796206891536712646484375">
        <ele>176.399993896484375</ele>
        <time>2026-02-22T10:29:11.000Z</time>
        <extensions>
          <ns3:TrackPointExtension>
            <ns3:hr>158</ns3:hr>
          </ns3:TrackPointExtension>
        </extensions>
      </trkpt>
      <trkpt lat="43.708819448947906494140625" lon="7.30153712444007396697998046875">
        <ele>176.399993896484375</ele>
        <time>2026-02-22T10:29:12.000Z</time>
        <extensions>
          <ns3:TrackPointExtension>
            <ns3:hr>158</ns3:hr>
          </ns3:TrackPointExtension>
        </extensions>
      </trkpt>
      <trkpt lat="43.70885088108479976654052734375" lon="7.301495969295501708984375">
        <ele>176.600006103515625</ele>
        <time>2026-02-22T10:29:13.000Z</time>
        <extensions>
          <ns3:TrackPointExtension>
            <ns3:hr>158</ns3:hr>
          </ns3:TrackPointExtension>
        </extensions>
      </trkpt>
      <trkpt lat="43.70891257189214229583740234375" lon="7.30144500732421875">
        <ele>176.600006103515625</ele>
        <time>2026-02-22T10:29:15.000Z</time>
        <extensions>
          <ns3:TrackPointExtension>
            <ns3:hr>158</ns3:hr>
          </ns3:TrackPointExtension>
        </extensions>
      </trkpt>
      <trkpt lat="43.70899136178195476531982421875" lon="7.30140351690351963043212890625">
        <ele>177</ele>
        <time>2026-02-22T10:29:17.000Z</time>
        <extensions>
          <ns3:TrackPointExtension>
            <ns3:hr>156</ns3:hr>
          </ns3:TrackPointExtension>
        </extensions>
      </trkpt>
      <trkpt lat="43.709055818617343902587890625" lon="7.3013704083859920501708984375">
        <ele>177.600006103515625</ele>
        <time>2026-02-22T10:29:19.000Z</time>
        <extensions>
          <ns3:TrackPointExtension>
            <ns3:hr>155</ns3:hr>
          </ns3:TrackPointExtension>
        </extensions>
      </trkpt>
      <trkpt lat="43.709196634590625762939453125" lon="7.3012621141970157623291015625">
        <ele>178.600006103515625</ele>
        <time>2026-02-22T10:29:23.000Z</time>
        <extensions>
          <ns3:TrackPointExtension>
            <ns3:hr>155</ns3:hr>
          </ns3:TrackPointExtension>
        </extensions>
      </trkpt>
      <trkpt lat="43.70925757102668285369873046875" lon="7.30120293796062469482421875">
        <ele>179.600006103515625</ele>
        <time>2026-02-22T10:29:25.000Z</time>
        <extensions>
          <ns3:TrackPointExtension>
            <ns3:hr>156</ns3:hr>
          </ns3:TrackPointExtension>
        </extensions>
      </trkpt>
      <trkpt lat="43.7093483470380306243896484375" lon="7.3010964877903461456298828125">
        <ele>179.600006103515625</ele>
        <time>2026-02-22T10:29:28.000Z</time>
        <extensions>
          <ns3:TrackPointExtension>
            <ns3:hr>159</ns3:hr>
          </ns3:TrackPointExtension>
        </extensions>
      </trkpt>
      <trkpt lat="43.7094070203602313995361328125" lon="7.30101124383509159088134765625">
        <ele>179.399993896484375</ele>
        <time>2026-02-22T10:29:30.000Z</time>
        <extensions>
          <ns3:TrackPointExtension>
            <ns3:hr>159</ns3:hr>
          </ns3:TrackPointExtension>
        </extensions>
      </trkpt>
      <trkpt lat="43.7095595709979534149169921875" lon="7.30086221359670162200927734375">
        <ele>179.1999969482421875</ele>
        <time>2026-02-22T10:29:34.000Z</time>
        <extensions>
          <ns3:TrackPointExtension>
            <ns3:hr>159</ns3:hr>
          </ns3:TrackPointExtension>
        </extensions>
      </trkpt>
      <trkpt lat="43.709606342017650604248046875" lon="7.30083773843944072723388671875">
        <ele>179.1999969482421875</ele>
        <time>2026-02-22T10:29:35.000Z</time>
        <extensions>
          <ns3:TrackPointExtension>
            <ns3:hr>159</ns3:hr>
          </ns3:TrackPointExtension>
        </extensions>
      </trkpt>
      <trkpt lat="43.7096427194774150848388671875" lon="7.30082617141306400299072265625">
        <ele>179.399993896484375</ele>
        <time>2026-02-22T10:29:36.000Z</time>
        <extensions>
          <ns3:TrackPointExtension>
            <ns3:hr>159</ns3:hr>
          </ns3:TrackPointExtension>
        </extensions>
      </trkpt>
      <trkpt lat="43.70974455960094928741455078125" lon="7.30082248337566852569580078125">
        <ele>179.600006103515625</ele>
        <time>2026-02-22T10:29:39.000Z</time>
        <extensions>
          <ns3:TrackPointExtension>
            <ns3:hr>159</ns3:hr>
          </ns3:TrackPointExtension>
        </extensions>
      </trkpt>
      <trkpt lat="43.70976098813116550445556640625" lon="7.30082801543176174163818359375">
        <ele>179.8000030517578125</ele>
        <time>2026-02-22T10:29:42.000Z</time>
        <extensions>
          <ns3:TrackPointExtension>
            <ns3:hr>157</ns3:hr>
          </ns3:TrackPointExtension>
        </extensions>
      </trkpt>
      <trkpt lat="43.70979015715420246124267578125" lon="7.30084109120070934295654296875">
        <ele>179.600006103515625</ele>
        <time>2026-02-22T10:30:07.000Z</time>
        <extensions>
          <ns3:TrackPointExtension>
            <ns3:hr>145</ns3:hr>
          </ns3:TrackPointExtension>
        </extensions>
      </trkpt>
      <trkpt lat="43.70980449020862579345703125" lon="7.3008426837623119354248046875">
        <ele>178.8000030517578125</ele>
        <time>2026-02-22T10:30:08.000Z</time>
        <extensions>
          <ns3:TrackPointExtension>
            <ns3:hr>145</ns3:hr>
          </ns3:TrackPointExtension>
        </extensions>
      </trkpt>
      <trkpt lat="43.70983927510678768157958984375" lon="7.3008557595312595367431640625">
        <ele>179.8000030517578125</ele>
        <time>2026-02-22T10:30:11.000Z</time>
        <extensions>
          <ns3:TrackPointExtension>
            <ns3:hr>146</ns3:hr>
          </ns3:TrackPointExtension>
        </extensions>
      </trkpt>
      <trkpt lat="43.70992091484367847442626953125" lon="7.300861962139606475830078125">
        <ele>180.600006103515625</ele>
        <time>2026-02-22T10:30:19.000Z</time>
        <extensions>
          <ns3:TrackPointExtension>
            <ns3:hr>148</ns3:hr>
          </ns3:TrackPointExtension>
        </extensions>
      </trkpt>
      <trkpt lat="43.70992091484367847442626953125" lon="7.300861962139606475830078125">
        <ele>180.8000030517578125</ele>
        <time>2026-02-22T10:30:20.000Z</time>
        <extensions>
          <ns3:TrackPointExtension>
            <ns3:hr>148</ns3:hr>
          </ns3:TrackPointExtension>
        </extensions>
      </trkpt>
      <trkpt lat="43.71019341051578521728515625" lon="7.3011484555900096893310546875">
        <ele>192.1999969482421875</ele>
        <time>2026-02-22T10:32:07.000Z</time>
        <extensions>
          <ns3:TrackPointExtension>
            <ns3:hr>169</ns3:hr>
          </ns3:TrackPointExtension>
        </extensions>
      </trkpt>
      <trkpt lat="43.71018804609775543212890625" lon="7.30113697238266468048095703125">
        <ele>192.600006103515625</ele>
        <time>2026-02-22T10:32:08.000Z</time>
        <extensions>
          <ns3:TrackPointExtension>
            <ns3:hr>169</ns3:hr>
          </ns3:TrackPointExtension>
        </extensions>
      </trkpt>
      <trkpt lat="43.71019282378256320953369140625" lon="7.3011310212314128875732421875">
        <ele>193</ele>
        <time>2026-02-22T10:32:10.000Z</time>
        <extensions>
          <ns3:TrackPointExtension>
            <ns3:hr>168</ns3:hr>
          </ns3:TrackPointExtension>
        </extensions>
      </trkpt>
      <trkpt lat="43.7102033011615276336669921875" lon="7.3010307736694812774658203125">
        <ele>195.8000030517578125</ele>
        <time>2026-02-22T10:32:35.000Z</time>
        <extensions>
          <ns3:TrackPointExtension>
            <ns3:hr>177</ns3:hr>
          </ns3:TrackPointExtension>
        </extensions>
      </trkpt>
      <trkpt lat="43.71020925231277942657470703125" lon="7.3010099865496158599853515625">
        <ele>195.8000030517578125</ele>
        <time>2026-02-22T10:32:36.000Z</time>
        <extensions>
          <ns3:TrackPointExtension>
            <ns3:hr>176</ns3:hr>
          </ns3:TrackPointExtension>
        </extensions>
      </trkpt>
      <trkpt lat="43.71023942716419696807861328125" lon="7.30094452388584613800048828125">
        <ele>196</ele>
        <time>2026-02-22T10:32:39.000Z</time>
        <extensions>
          <ns3:TrackPointExtension>
            <ns3:hr>176</ns3:hr>
          </ns3:TrackPointExtension>
        </extensions>
      </trkpt>
      <trkpt lat="43.7103246711194515228271484375" lon="7.300859279930591583251953125">
        <ele>196.600006103515625</ele>
        <time>2026-02-22T10:32:45.000Z</time>
        <extensions>
          <ns3:TrackPointExtension>
            <ns3:hr>174</ns3:hr>
          </ns3:TrackPointExtension>
        </extensions>
      </trkpt>
      <trkpt lat="43.710335902869701385498046875" lon="7.30085031129419803619384765625">
        <ele>196.8000030517578125</ele>
        <time>2026-02-22T10:32:46.000Z</time>
        <extensions>
          <ns3:TrackPointExtension>
            <ns3:hr>174</ns3:hr>
          </ns3:TrackPointExtension>
        </extensions>
      </trkpt>
      <trkpt lat="43.71034084819257259368896484375" lon="7.30084762908518314361572265625">
        <ele>197.1999969482421875</ele>
        <time>2026-02-22T10:32:48.000Z</time>
        <extensions>
          <ns3:TrackPointExtension>
            <ns3:hr>173</ns3:hr>
          </ns3:TrackPointExtension>
        </extensions>
      </trkpt>
      <trkpt lat="43.7103840149939060211181640625" lon="7.3008188791573047637939453125">
        <ele>197.1999969482421875</ele>
        <time>2026-02-22T10:33:01.000Z</time>
        <extensions>
          <ns3:TrackPointExtension>
            <ns3:hr>170</ns3:hr>
          </ns3:TrackPointExtension>
        </extensions>
      </trkpt>
      <trkpt lat="43.71044260449707508087158203125" lon="7.30080069042742252349853515625">
        <ele>197.600006103515625</ele>
        <time>2026-02-22T10:33:04.000Z</time>
        <extensions>
          <ns3:TrackPointExtension>
            <ns3:hr>166</ns3:hr>
          </ns3:TrackPointExtension>
        </extensions>
      </trkpt>
      <trkpt lat="43.71053748764097690582275390625" lon="7.30076573789119720458984375">
        <ele>197.600006103515625</ele>
        <time>2026-02-22T10:33:08.000Z</time>
        <extensions>
          <ns3:TrackPointExtension>
            <ns3:hr>164</ns3:hr>
          </ns3:TrackPointExtension>
        </extensions>
      </trkpt>
      <trkpt lat="43.7106700055301189422607421875" lon="7.30074168182909488677978515625">
        <ele>197.600006103515625</ele>
        <time>2026-02-22T10:33:14.000Z</time>
        <extensions>
          <ns3:TrackPointExtension>
            <ns3:hr>164</ns3:hr>
          </ns3:TrackPointExtension>
        </extensions>
      </trkpt>
      <trkpt lat="43.71074418537318706512451171875" lon="7.30073153972625732421875">
        <ele>197.8000030517578125</ele>
        <time>2026-02-22T10:33:17.000Z</time>
        <extensions>
          <ns3:TrackPointExtension>
            <ns3:hr>163</ns3:hr>
          </ns3:TrackPointExtension>
        </extensions>
      </trkpt>
      <trkpt lat="43.7108272500336170196533203125" lon="7.30070681311190128326416015625">
        <ele>198</ele>
        <time>2026-02-22T10:33:21.000Z</time>
        <extensions>
          <ns3:TrackPointExtension>
            <ns3:hr>162</ns3:hr>
          </ns3:TrackPointExtension>
        </extensions>
      </trkpt>
      <trkpt lat="43.7109935469925403594970703125" lon="7.30059851892292499542236328125">
        <ele>198.600006103515625</ele>
        <time>2026-02-22T10:33:28.000Z</time>
        <extensions>
          <ns3:TrackPointExtension>
            <ns3:hr>164</ns3:hr>
          </ns3:TrackPointExtension>
        </extensions>
      </trkpt>
      <trkpt lat="43.7110418267548084259033203125" lon="7.30056499131023883819580078125">
        <ele>198.8000030517578125</ele>
        <time>2026-02-22T10:33:30.000Z</time>
        <extensions>
          <ns3:TrackPointExtension>
            <ns3:hr>165</ns3:hr>
          </ns3:TrackPointExtension>
        </extensions>
      </trkpt>
      <trkpt lat="43.711212314665317535400390625" lon="7.300432138144969940185546875">
        <ele>199.600006103515625</ele>
        <time>2026-02-22T10:33:37.000Z</time>
        <extensions>
          <ns3:TrackPointExtension>
            <ns3:hr>166</ns3:hr>
          </ns3:TrackPointExtension>
        </extensions>
      </trkpt>
      <trkpt lat="43.7112852372229099273681640625" lon="7.30038427747786045074462890625">
        <ele>199.600006103515625</ele>
        <time>2026-02-22T10:33:40.000Z</time>
        <extensions>
          <ns3:TrackPointExtension>
            <ns3:hr>163</ns3:hr>
          </ns3:TrackPointExtension>
        </extensions>
      </trkpt>
      <trkpt lat="43.7113760970532894134521484375" lon="7.3003260232508182525634765625">
        <ele>199.600006103515625</ele>
        <time>2026-02-22T10:33:44.000Z</time>
        <extensions>
          <ns3:TrackPointExtension>
            <ns3:hr>162</ns3:hr>
          </ns3:TrackPointExtension>
        </extensions>
      </trkpt>
      <trkpt lat="43.711587823927402496337890625" lon="7.30025419034063816070556640625">
        <ele>199.399993896484375</ele>
        <time>2026-02-22T10:33:51.000Z</time>
        <extensions>
          <ns3:TrackPointExtension>
            <ns3:hr>158</ns3:hr>
          </ns3:TrackPointExtension>
        </extensions>
      </trkpt>
      <trkpt lat="43.7117261253297328948974609375" lon="7.30016400106251239776611328125">
        <ele>199.8000030517578125</ele>
        <time>2026-02-22T10:33:56.000Z</time>
        <extensions>
          <ns3:TrackPointExtension>
            <ns3:hr>155</ns3:hr>
          </ns3:TrackPointExtension>
        </extensions>
      </trkpt>
      <trkpt lat="43.71177650056779384613037109375" lon="7.300131060183048248291015625">
        <ele>199.600006103515625</ele>
        <time>2026-02-22T10:33:58.000Z</time>
        <extensions>
          <ns3:TrackPointExtension>
            <ns3:hr>155</ns3:hr>
          </ns3:TrackPointExtension>
        </extensions>
      </trkpt>
      <trkpt lat="43.7119396962225437164306640625" lon="7.2999635897576808929443359375">
        <ele>199.600006103515625</ele>
        <time>2026-02-22T10:34:05.000Z</time>
        <extensions>
          <ns3:TrackPointExtension>
            <ns3:hr>155</ns3:hr>
          </ns3:TrackPointExtension>
        </extensions>
      </trkpt>
      <trkpt lat="43.71206014417111873626708984375" lon="7.2998086921870708465576171875">
        <ele>199.8000030517578125</ele>
        <time>2026-02-22T10:34:11.000Z</time>
        <extensions>
          <ns3:TrackPointExtension>
            <ns3:hr>157</ns3:hr>
          </ns3:TrackPointExtension>
        </extensions>
      </trkpt>
      <trkpt lat="43.71209903620183467864990234375" lon="7.2997691296041011810302734375">
        <ele>200</ele>
        <time>2026-02-22T10:34:13.000Z</time>
        <extensions>
          <ns3:TrackPointExtension>
            <ns3:hr>157</ns3:hr>
          </ns3:TrackPointExtension>
        </extensions>
      </trkpt>
      <trkpt lat="43.7122057378292083740234375" lon="7.2997449897229671478271484375">
        <ele>200</ele>
        <time>2026-02-22T10:34:18.000Z</time>
        <extensions>
          <ns3:TrackPointExtension>
            <ns3:hr>152</ns3:hr>
          </ns3:TrackPointExtension>
        </extensions>
      </trkpt>
      <trkpt lat="43.7122293747961521148681640625" lon="7.29975328780710697174072265625">
        <ele>200</ele>
        <time>2026-02-22T10:34:19.000Z</time>
        <extensions>
          <ns3:TrackPointExtension>
            <ns3:hr>148</ns3:hr>
          </ns3:TrackPointExtension>
        </extensions>
      </trkpt>
      <trkpt lat="43.712375052273273468017578125" lon="7.2998170740902423858642578125">
        <ele>199.8000030517578125</ele>
        <time>2026-02-22T10:34:24.000Z</time>
        <extensions>
          <ns3:TrackPointExtension>
            <ns3:hr>146</ns3:hr>
          </ns3:TrackPointExtension>
        </extensions>
      </trkpt>
      <trkpt lat="43.71252533979713916778564453125" lon="7.29991304688155651092529296875">
        <ele>199.8000030517578125</ele>
        <time>2026-02-22T10:34:29.000Z</time>
        <extensions>
          <ns3:TrackPointExtension>
            <ns3:hr>145</ns3:hr>
          </ns3:TrackPointExtension>
        </extensions>
      </trkpt>
      <trkpt lat="43.712733797729015350341796875" lon="7.2999679483473300933837890625">
        <ele>200</ele>
        <time>2026-02-22T10:34:36.000Z</time>
        <extensions>
          <ns3:TrackPointExtension>
            <ns3:hr>145</ns3:hr>
          </ns3:TrackPointExtension>
        </extensions>
      </trkpt>
      <trkpt lat="43.7128838337957859039306640625" lon="7.29999586008489131927490234375">
        <ele>200</ele>
        <time>2026-02-22T10:34:41.000Z</time>
        <extensions>
          <ns3:TrackPointExtension>
            <ns3:hr>148</ns3:hr>
          </ns3:TrackPointExtension>
        </extensions>
      </trkpt>
      <trkpt lat="43.713012076914310455322265625" lon="7.30000860057771205902099609375">
        <ele>200.399993896484375</ele>
        <time>2026-02-22T10:34:45.000Z</time>
        <extensions>
          <ns3:TrackPointExtension>
            <ns3:hr>149</ns3:hr>
          </ns3:TrackPointExtension>
        </extensions>
      </trkpt>
      <trkpt lat="43.71316789649426937103271484375" lon="7.3000246100127696990966796875">
        <ele>200.1999969482421875</ele>
        <time>2026-02-22T10:34:51.000Z</time>
        <extensions>
          <ns3:TrackPointExtension>
            <ns3:hr>151</ns3:hr>
          </ns3:TrackPointExtension>
        </extensions>
      </trkpt>
      <trkpt lat="43.7132757715880870819091796875" lon="7.3000366799533367156982421875">
        <ele>200.1999969482421875</ele>
        <time>2026-02-22T10:34:55.000Z</time>
        <extensions>
          <ns3:TrackPointExtension>
            <ns3:hr>154</ns3:hr>
          </ns3:TrackPointExtension>
        </extensions>
      </trkpt>
      <trkpt lat="43.71331307105720043182373046875" lon="7.3000215925276279449462890625">
        <ele>200.1999969482421875</ele>
        <time>2026-02-22T10:34:57.000Z</time>
        <extensions>
          <ns3:TrackPointExtension>
            <ns3:hr>155</ns3:hr>
          </ns3:TrackPointExtension>
        </extensions>
      </trkpt>
      <trkpt lat="43.71338800527155399322509765625" lon="7.2999934293329715728759765625">
        <ele>200.399993896484375</ele>
        <time>2026-02-22T10:35:01.000Z</time>
        <extensions>
          <ns3:TrackPointExtension>
            <ns3:hr>152</ns3:hr>
          </ns3:TrackPointExtension>
        </extensions>
      </trkpt>
      <trkpt lat="43.71341482736170291900634765625" lon="7.299991585314273834228515625">
        <ele>200.399993896484375</ele>
        <time>2026-02-22T10:35:02.000Z</time>
        <extensions>
          <ns3:TrackPointExtension>
            <ns3:hr>148</ns3:hr>
          </ns3:TrackPointExtension>
        </extensions>
      </trkpt>
      <trkpt lat="43.71344097889959812164306640625" lon="7.2999971173703670501708984375">
        <ele>200.600006103515625</ele>
        <time>2026-02-22T10:35:03.000Z</time>
        <extensions>
          <ns3:TrackPointExtension>
            <ns3:hr>143</ns3:hr>
          </ns3:TrackPointExtension>
        </extensions>
      </trkpt>
      <trkpt lat="43.71358011849224567413330078125" lon="7.30008579790592193603515625">
        <ele>200.399993896484375</ele>
        <time>2026-02-22T10:35:09.000Z</time>
        <extensions>
          <ns3:TrackPointExtension>
            <ns3:hr>142</ns3:hr>
          </ns3:TrackPointExtension>
        </extensions>
      </trkpt>
      <trkpt lat="43.71372562833130359649658203125" lon="7.3001674376428127288818359375">
        <ele>200.399993896484375</ele>
        <time>2026-02-22T10:35:16.000Z</time>
        <extensions>
          <ns3:TrackPointExtension>
            <ns3:hr>142</ns3:hr>
          </ns3:TrackPointExtension>
        </extensions>
      </trkpt>
      <trkpt lat="43.713767789304256439208984375" lon="7.30017405934631824493408203125">
        <ele>200.399993896484375</ele>
        <time>2026-02-22T10:35:20.000Z</time>
        <extensions>
          <ns3:TrackPointExtension>
            <ns3:hr>141</ns3:hr>
          </ns3:TrackPointExtension>
        </extensions>
      </trkpt>
      <trkpt lat="43.713769130408763885498046875" lon="7.3001681081950664520263671875">
        <ele>200.399993896484375</ele>
        <time>2026-02-22T10:35:21.000Z</time>
        <extensions>
          <ns3:TrackPointExtension>
            <ns3:hr>141</ns3:hr>
          </ns3:TrackPointExtension>
        </extensions>
      </trkpt>
      <trkpt lat="43.7137949466705322265625" lon="7.3001590557396411895751953125">
        <ele>200.399993896484375</ele>
        <time>2026-02-22T10:35:23.000Z</time>
        <extensions>
          <ns3:TrackPointExtension>
            <ns3:hr>140</ns3:hr>
          </ns3:TrackPointExtension>
        </extensions>
      </trkpt>
      <trkpt lat="43.71381573379039764404296875" lon="7.3001617379486560821533203125">
        <ele>200.399993896484375</ele>
        <time>2026-02-22T10:35:24.000Z</time>
        <extensions>
          <ns3:TrackPointExtension>
            <ns3:hr>140</ns3:hr>
          </ns3:TrackPointExtension>
        </extensions>
      </trkpt>
      <trkpt lat="43.7139372713863849639892578125" lon="7.300111949443817138671875">
        <ele>200.399993896484375</ele>
        <time>2026-02-22T10:35:29.000Z</time>
        <extensions>
          <ns3:TrackPointExtension>
            <ns3:hr>140</ns3:hr>
          </ns3:TrackPointExtension>
        </extensions>
      </trkpt>
      <trkpt lat="43.71411035768687725067138671875" lon="7.30002905242145061492919921875">
        <ele>200.1999969482421875</ele>
        <time>2026-02-22T10:35:35.000Z</time>
        <extensions>
          <ns3:TrackPointExtension>
            <ns3:hr>140</ns3:hr>
          </ns3:TrackPointExtension>
        </extensions>
      </trkpt>
      <trkpt lat="43.71428688056766986846923828125" lon="7.29991505853831768035888671875">
        <ele>200.600006103515625</ele>
        <time>2026-02-22T10:35:42.000Z</time>
        <extensions>
          <ns3:TrackPointExtension>
            <ns3:hr>141</ns3:hr>
          </ns3:TrackPointExtension>
        </extensions>
      </trkpt>
      <trkpt lat="43.71435846202075481414794921875" lon="7.299846075475215911865234375">
        <ele>200.399993896484375</ele>
        <time>2026-02-22T10:35:46.000Z</time>
        <extensions>
          <ns3:TrackPointExtension>
            <ns3:hr>144</ns3:hr>
          </ns3:TrackPointExtension>
        </extensions>
      </trkpt>
      <trkpt lat="43.7143838591873645782470703125" lon="7.299825288355350494384765625">
        <ele>200.1999969482421875</ele>
        <time>2026-02-22T10:35:47.000Z</time>
        <extensions>
          <ns3:TrackPointExtension>
            <ns3:hr>144</ns3:hr>
          </ns3:TrackPointExtension>
        </extensions>
      </trkpt>
      <trkpt lat="43.71458678506314754486083984375" lon="7.29966938495635986328125">
        <ele>200</ele>
        <time>2026-02-22T10:35:54.000Z</time>
        <extensions>
          <ns3:TrackPointExtension>
            <ns3:hr>144</ns3:hr>
          </ns3:TrackPointExtension>
        </extensions>
      </trkpt>
      <trkpt lat="43.71473581530153751373291015625" lon="7.29956989176571369171142578125">
        <ele>200.399993896484375</ele>
        <time>2026-02-22T10:36:00.000Z</time>
        <extensions>
          <ns3:TrackPointExtension>
            <ns3:hr>141</ns3:hr>
          </ns3:TrackPointExtension>
        </extensions>
      </trkpt>
      <trkpt lat="43.71476255357265472412109375" lon="7.299550361931324005126953125">
        <ele>200.600006103515625</ele>
        <time>2026-02-22T10:36:01.000Z</time>
        <extensions>
          <ns3:TrackPointExtension>
            <ns3:hr>141</ns3:hr>
          </ns3:TrackPointExtension>
        </extensions>
      </trkpt>
      <trkpt lat="43.7149055488407611846923828125" lon="7.2995102964341640472412109375">
        <ele>200.600006103515625</ele>
        <time>2026-02-22T10:36:06.000Z</time>
        <extensions>
          <ns3:TrackPointExtension>
            <ns3:hr>139</ns3:hr>
          </ns3:TrackPointExtension>
        </extensions>
      </trkpt>
      <trkpt lat="43.71506723575294017791748046875" lon="7.29958917014300823211669921875">
        <ele>200.600006103515625</ele>
        <time>2026-02-22T10:36:12.000Z</time>
        <extensions>
          <ns3:TrackPointExtension>
            <ns3:hr>138</ns3:hr>
          </ns3:TrackPointExtension>
        </extensions>
      </trkpt>
      <trkpt lat="43.71524803340435028076171875" lon="7.29971774853765964508056640625">
        <ele>200.600006103515625</ele>
        <time>2026-02-22T10:36:20.000Z</time>
        <extensions>
          <ns3:TrackPointExtension>
            <ns3:hr>139</ns3:hr>
          </ns3:TrackPointExtension>
        </extensions>
      </trkpt>
      <trkpt lat="43.71525113470852375030517578125" lon="7.29972261004149913787841796875">
        <ele>200.8000030517578125</ele>
        <time>2026-02-22T10:36:21.000Z</time>
        <extensions>
          <ns3:TrackPointExtension>
            <ns3:hr>139</ns3:hr>
          </ns3:TrackPointExtension>
        </extensions>
      </trkpt>
      <trkpt lat="43.715273849666118621826171875" lon="7.299748845398426055908203125">
        <ele>200.8000030517578125</ele>
        <time>2026-02-22T10:36:23.000Z</time>
        <extensions>
          <ns3:TrackPointExtension>
            <ns3:hr>140</ns3:hr>
          </ns3:TrackPointExtension>
        </extensions>
      </trkpt>
      <trkpt lat="43.71533478610217571258544921875" lon="7.29981883428990840911865234375">
        <ele>200.8000030517578125</ele>
        <time>2026-02-22T10:36:27.000Z</time>
        <extensions>
          <ns3:TrackPointExtension>
            <ns3:hr>139</ns3:hr>
          </ns3:TrackPointExtension>
        </extensions>
      </trkpt>
      <trkpt lat="43.71537686325609683990478515625" lon="7.2998609952628612518310546875">
        <ele>201</ele>
        <time>2026-02-22T10:36:29.000Z</time>
        <extensions>
          <ns3:TrackPointExtension>
            <ns3:hr>139</ns3:hr>
          </ns3:TrackPointExtension>
        </extensions>
      </trkpt>
      <trkpt lat="43.71547493152320384979248046875" lon="7.299920506775379180908203125">
        <ele>201</ele>
        <time>2026-02-22T10:36:33.000Z</time>
        <extensions>
          <ns3:TrackPointExtension>
            <ns3:hr>139</ns3:hr>
          </ns3:TrackPointExtension>
        </extensions>
      </trkpt>
      <trkpt lat="43.71563619934022426605224609375" lon="7.300014384090900421142578125">
        <ele>201.1999969482421875</ele>
        <time>2026-02-22T10:36:41.000Z</time>
        <extensions>
          <ns3:TrackPointExtension>
            <ns3:hr>139</ns3:hr>
          </ns3:TrackPointExtension>
        </extensions>
      </trkpt>
      <trkpt lat="43.71581473387777805328369140625" lon="7.30007247067987918853759765625">
        <ele>201.1999969482421875</ele>
        <time>2026-02-22T10:36:48.000Z</time>
        <extensions>
          <ns3:TrackPointExtension>
            <ns3:hr>139</ns3:hr>
          </ns3:TrackPointExtension>
        </extensions>
      </trkpt>
      <trkpt lat="43.715889751911163330078125" lon="7.3000837862491607666015625">
        <ele>201.1999969482421875</ele>
        <time>2026-02-22T10:36:51.000Z</time>
        <extensions>
          <ns3:TrackPointExtension>
            <ns3:hr>143</ns3:hr>
          </ns3:TrackPointExtension>
        </extensions>
      </trkpt>
      <trkpt lat="43.71600843966007232666015625" lon="7.3000708781182765960693359375">
        <ele>201.1999969482421875</ele>
        <time>2026-02-22T10:36:55.000Z</time>
        <extensions>
          <ns3:TrackPointExtension>
            <ns3:hr>145</ns3:hr>
          </ns3:TrackPointExtension>
        </extensions>
      </trkpt>
      <trkpt lat="43.71627607382833957672119140625" lon="7.2999977879226207733154296875">
        <ele>201</ele>
        <time>2026-02-22T10:37:04.000Z</time>
        <extensions>
          <ns3:TrackPointExtension>
            <ns3:hr>146</ns3:hr>
          </ns3:TrackPointExtension>
        </extensions>
      </trkpt>
      <trkpt lat="43.71642644517123699188232421875" lon="7.29992126114666461944580078125">
        <ele>201.399993896484375</ele>
        <time>2026-02-22T10:37:10.000Z</time>
        <extensions>
          <ns3:TrackPointExtension>
            <ns3:hr>145</ns3:hr>
          </ns3:TrackPointExtension>
        </extensions>
      </trkpt>
      <trkpt lat="43.71657748706638813018798828125" lon="7.29991757310926914215087890625">
        <ele>201.399993896484375</ele>
        <time>2026-02-22T10:37:16.000Z</time>
        <extensions>
          <ns3:TrackPointExtension>
            <ns3:hr>145</ns3:hr>
          </ns3:TrackPointExtension>
        </extensions>
      </trkpt>
      <trkpt lat="43.71670371852815151214599609375" lon="7.299982868134975433349609375">
        <ele>201.1999969482421875</ele>
        <time>2026-02-22T10:37:21.000Z</time>
        <extensions>
          <ns3:TrackPointExtension>
            <ns3:hr>143</ns3:hr>
          </ns3:TrackPointExtension>
        </extensions>
      </trkpt>
      <trkpt lat="43.716881163418292999267578125" lon="7.30008571408689022064208984375">
        <ele>201.600006103515625</ele>
        <time>2026-02-22T10:37:29.000Z</time>
        <extensions>
          <ns3:TrackPointExtension>
            <ns3:hr>141</ns3:hr>
          </ns3:TrackPointExtension>
        </extensions>
      </trkpt>
      <trkpt lat="43.71690521948039531707763671875" lon="7.3001030646264553070068359375">
        <ele>201.600006103515625</ele>
        <time>2026-02-22T10:37:32.000Z</time>
        <extensions>
          <ns3:TrackPointExtension>
            <ns3:hr>140</ns3:hr>
          </ns3:TrackPointExtension>
        </extensions>
      </trkpt>
      <trkpt lat="43.71693053282797336578369140625" lon="7.30012427084147930145263671875">
        <ele>200.8000030517578125</ele>
        <time>2026-02-22T10:38:02.000Z</time>
        <extensions>
          <ns3:TrackPointExtension>
            <ns3:hr>130</ns3:hr>
          </ns3:TrackPointExtension>
        </extensions>
      </trkpt>
      <trkpt lat="43.7169425189495086669921875" lon="7.3001369275152683258056640625">
        <ele>200.600006103515625</ele>
        <time>2026-02-22T10:38:03.000Z</time>
        <extensions>
          <ns3:TrackPointExtension>
            <ns3:hr>132</ns3:hr>
          </ns3:TrackPointExtension>
        </extensions>
      </trkpt>
      <trkpt lat="43.7169695086777210235595703125" lon="7.300159893929958343505859375">
        <ele>200.8000030517578125</ele>
        <time>2026-02-22T10:38:05.000Z</time>
        <extensions>
          <ns3:TrackPointExtension>
            <ns3:hr>132</ns3:hr>
          </ns3:TrackPointExtension>
        </extensions>
      </trkpt>
      <trkpt lat="43.7170030362904071807861328125" lon="7.30016986839473247528076171875">
        <ele>200.8000030517578125</ele>
        <time>2026-02-22T10:38:07.000Z</time>
        <extensions>
          <ns3:TrackPointExtension>
            <ns3:hr>132</ns3:hr>
          </ns3:TrackPointExtension>
        </extensions>
      </trkpt>
      <trkpt lat="43.7171187065541744232177734375" lon="7.30027162469923496246337890625">
        <ele>200.399993896484375</ele>
        <time>2026-02-22T10:38:14.000Z</time>
        <extensions>
          <ns3:TrackPointExtension>
            <ns3:hr>132</ns3:hr>
          </ns3:TrackPointExtension>
        </extensions>
      </trkpt>
      <trkpt lat="43.71714108623564243316650390625" lon="7.3002861253917217254638671875">
        <ele>200.1999969482421875</ele>
        <time>2026-02-22T10:38:17.000Z</time>
        <extensions>
          <ns3:TrackPointExtension>
            <ns3:hr>132</ns3:hr>
          </ns3:TrackPointExtension>
        </extensions>
      </trkpt>
      <trkpt lat="43.7171892821788787841796875" lon="7.3003303818404674530029296875">
        <ele>199.8000030517578125</ele>
        <time>2026-02-22T10:38:38.000Z</time>
        <extensions>
          <ns3:TrackPointExtension>
            <ns3:hr>136</ns3:hr>
          </ns3:TrackPointExtension>
        </extensions>
      </trkpt>
      <trkpt lat="43.71722280979156494140625" lon="7.30035913176834583282470703125">
        <ele>199.8000030517578125</ele>
        <time>2026-02-22T10:38:40.000Z</time>
        <extensions>
          <ns3:TrackPointExtension>
            <ns3:hr>136</ns3:hr>
          </ns3:TrackPointExtension>
        </extensions>
      </trkpt>
      <trkpt lat="43.717241249978542327880859375" lon="7.3003672622144222259521484375">
        <ele>199.8000030517578125</ele>
        <time>2026-02-22T10:38:41.000Z</time>
        <extensions>
          <ns3:TrackPointExtension>
            <ns3:hr>134</ns3:hr>
          </ns3:TrackPointExtension>
        </extensions>
      </trkpt>
      <trkpt lat="43.71730738319456577301025390625" lon="7.30036164633929729461669921875">
        <ele>200</ele>
        <time>2026-02-22T10:38:44.000Z</time>
        <extensions>
          <ns3:TrackPointExtension>
            <ns3:hr>133</ns3:hr>
          </ns3:TrackPointExtension>
        </extensions>
      </trkpt>
      <trkpt lat="43.71740142814815044403076171875" lon="7.300393916666507720947265625">
        <ele>200.399993896484375</ele>
        <time>2026-02-22T10:38:49.000Z</time>
        <extensions>
          <ns3:TrackPointExtension>
            <ns3:hr>136</ns3:hr>
          </ns3:TrackPointExtension>
        </extensions>
      </trkpt>
      <trkpt lat="43.71745674870908260345458984375" lon="7.3004369996488094329833984375">
        <ele>200.399993896484375</ele>
        <time>2026-02-22T10:38:52.000Z</time>
        <extensions>
          <ns3:TrackPointExtension>
            <ns3:hr>136</ns3:hr>
          </ns3:TrackPointExtension>
        </extensions>
      </trkpt>
      <trkpt lat="43.7175854109227657318115234375" lon="7.300536744296550750732421875">
        <ele>200.8000030517578125</ele>
        <time>2026-02-22T10:38:59.000Z</time>
        <extensions>
          <ns3:TrackPointExtension>
            <ns3:hr>134</ns3:hr>
          </ns3:TrackPointExtension>
        </extensions>
      </trkpt>
      <trkpt lat="43.7175994925200939178466796875" lon="7.30055141262710094451904296875">
        <ele>200.8000030517578125</ele>
        <time>2026-02-22T10:39:00.000Z</time>
        <extensions>
          <ns3:TrackPointExtension>
            <ns3:hr>134</ns3:hr>
          </ns3:TrackPointExtension>
        </extensions>
      </trkpt>
      <trkpt lat="43.71761650778353214263916015625" lon="7.30056314729154109954833984375">
        <ele>200.8000030517578125</ele>
        <time>2026-02-22T10:39:01.000Z</time>
        <extensions>
          <ns3:TrackPointExtension>
            <ns3:hr>134</ns3:hr>
          </ns3:TrackPointExtension>
        </extensions>
      </trkpt>
      <trkpt lat="43.717693872749805450439453125" lon="7.3006324656307697296142578125">
        <ele>201</ele>
        <time>2026-02-22T10:39:05.000Z</time>
        <extensions>
          <ns3:TrackPointExtension>
            <ns3:hr>134</ns3:hr>
          </ns3:TrackPointExtension>
        </extensions>
      </trkpt>
      <trkpt lat="43.71776553802192211151123046875" lon="7.3007022030651569366455078125">
        <ele>201.1999969482421875</ele>
        <time>2026-02-22T10:39:09.000Z</time>
        <extensions>
          <ns3:TrackPointExtension>
            <ns3:hr>137</ns3:hr>
          </ns3:TrackPointExtension>
        </extensions>
      </trkpt>
      <trkpt lat="43.7178539671003818511962890625" lon="7.30076012201607227325439453125">
        <ele>201.1999969482421875</ele>
        <time>2026-02-22T10:39:14.000Z</time>
        <extensions>
          <ns3:TrackPointExtension>
            <ns3:hr>137</ns3:hr>
          </ns3:TrackPointExtension>
        </extensions>
      </trkpt>
      <trkpt lat="43.717954717576503753662109375" lon="7.3008879460394382476806640625">
        <ele>201.1999969482421875</ele>
        <time>2026-02-22T10:39:21.000Z</time>
        <extensions>
          <ns3:TrackPointExtension>
            <ns3:hr>137</ns3:hr>
          </ns3:TrackPointExtension>
        </extensions>
      </trkpt>
      <trkpt lat="43.718035854399204254150390625" lon="7.30098710395395755767822265625">
        <ele>201.399993896484375</ele>
        <time>2026-02-22T10:39:27.000Z</time>
        <extensions>
          <ns3:TrackPointExtension>
            <ns3:hr>136</ns3:hr>
          </ns3:TrackPointExtension>
        </extensions>
      </trkpt>
      <trkpt lat="43.71807868592441082000732421875" lon="7.3010493814945220947265625">
        <ele>201.399993896484375</ele>
        <time>2026-02-22T10:39:30.000Z</time>
        <extensions>
          <ns3:TrackPointExtension>
            <ns3:hr>136</ns3:hr>
          </ns3:TrackPointExtension>
        </extensions>
      </trkpt>
      <trkpt lat="43.7181164883077144622802734375" lon="7.301066480576992034912109375">
        <ele>201.600006103515625</ele>
        <time>2026-02-22T10:39:32.000Z</time>
        <extensions>
          <ns3:TrackPointExtension>
            <ns3:hr>136</ns3:hr>
          </ns3:TrackPointExtension>
        </extensions>
      </trkpt>
      <trkpt lat="43.718191087245941162109375" lon="7.3010941408574581146240234375">
        <ele>201.8000030517578125</ele>
        <time>2026-02-22T10:39:35.000Z</time>
        <extensions>
          <ns3:TrackPointExtension>
            <ns3:hr>136</ns3:hr>
          </ns3:TrackPointExtension>
        </extensions>
      </trkpt>
      <trkpt lat="43.7182221002876758575439453125" lon="7.30111484415829181671142578125">
        <ele>202</ele>
        <time>2026-02-22T10:39:37.000Z</time>
        <extensions>
          <ns3:TrackPointExtension>
            <ns3:hr>136</ns3:hr>
          </ns3:TrackPointExtension>
        </extensions>
      </trkpt>
      <trkpt lat="43.718224950134754180908203125" lon="7.3011189512908458709716796875">
        <ele>202.1999969482421875</ele>
        <time>2026-02-22T10:39:39.000Z</time>
        <extensions>
          <ns3:TrackPointExtension>
            <ns3:hr>136</ns3:hr>
          </ns3:TrackPointExtension>
        </extensions>
      </trkpt>
      <trkpt lat="43.71818396262824535369873046875" lon="7.30110880918800830841064453125">
        <ele>201.8000030517578125</ele>
        <time>2026-02-22T10:40:24.000Z</time>
        <extensions>
          <ns3:TrackPointExtension>
            <ns3:hr>129</ns3:hr>
          </ns3:TrackPointExtension>
        </extensions>
      </trkpt>
      <trkpt lat="43.71816937811672687530517578125" lon="7.3011003434658050537109375">
        <ele>201.600006103515625</ele>
        <time>2026-02-22T10:40:25.000Z</time>
        <extensions>
          <ns3:TrackPointExtension>
            <ns3:hr>129</ns3:hr>
          </ns3:TrackPointExtension>
        </extensions>
      </trkpt>
      <trkpt lat="43.7180960364639759063720703125" lon="7.30107209645211696624755859375">
        <ele>201.600006103515625</ele>
        <time>2026-02-22T10:40:29.000Z</time>
        <extensions>
          <ns3:TrackPointExtension>
            <ns3:hr>127</ns3:hr>
          </ns3:TrackPointExtension>
        </extensions>
      </trkpt>
      <trkpt lat="43.7180849723517894744873046875" lon="7.30104929767549037933349609375">
        <ele>201.600006103515625</ele>
        <time>2026-02-22T10:40:30.000Z</time>
        <extensions>
          <ns3:TrackPointExtension>
            <ns3:hr>127</ns3:hr>
          </ns3:TrackPointExtension>
        </extensions>
      </trkpt>
      <trkpt lat="43.71801330707967281341552734375" lon="7.3009439371526241302490234375">
        <ele>201.8000030517578125</ele>
        <time>2026-02-22T10:40:35.000Z</time>
        <extensions>
          <ns3:TrackPointExtension>
            <ns3:hr>126</ns3:hr>
          </ns3:TrackPointExtension>
        </extensions>
      </trkpt>
      <trkpt lat="43.71788087300956249237060546875" lon="7.3008064739406108856201171875">
        <ele>201.8000030517578125</ele>
        <time>2026-02-22T10:40:43.000Z</time>
        <extensions>
          <ns3:TrackPointExtension>
            <ns3:hr>126</ns3:hr>
          </ns3:TrackPointExtension>
        </extensions>
      </trkpt>
      <trkpt lat="43.7177735008299350738525390625" lon="7.30074000544846057891845703125">
        <ele>202</ele>
        <time>2026-02-22T10:40:48.000Z</time>
        <extensions>
          <ns3:TrackPointExtension>
            <ns3:hr>127</ns3:hr>
          </ns3:TrackPointExtension>
        </extensions>
      </trkpt>
      <trkpt lat="43.71775145642459392547607421875" lon="7.3007239960134029388427734375">
        <ele>202</ele>
        <time>2026-02-22T10:40:49.000Z</time>
        <extensions>
          <ns3:TrackPointExtension>
            <ns3:hr>127</ns3:hr>
          </ns3:TrackPointExtension>
        </extensions>
      </trkpt>
      <trkpt lat="43.71760024689137935638427734375" lon="7.300610505044460296630859375">
        <ele>202.1999969482421875</ele>
        <time>2026-02-22T10:40:56.000Z</time>
        <extensions>
          <ns3:TrackPointExtension>
            <ns3:hr>129</ns3:hr>
          </ns3:TrackPointExtension>
        </extensions>
      </trkpt>
      <trkpt lat="43.71745155192911624908447265625" lon="7.30050212703645229339599609375">
        <ele>202.1999969482421875</ele>
        <time>2026-02-22T10:41:02.000Z</time>
        <extensions>
          <ns3:TrackPointExtension>
            <ns3:hr>130</ns3:hr>
          </ns3:TrackPointExtension>
        </extensions>
      </trkpt>
      <trkpt lat="43.7173681519925594329833984375" lon="7.3004695214331150054931640625">
        <ele>202.1999969482421875</ele>
        <time>2026-02-22T10:41:07.000Z</time>
        <extensions>
          <ns3:TrackPointExtension>
            <ns3:hr>130</ns3:hr>
          </ns3:TrackPointExtension>
        </extensions>
      </trkpt>
      <trkpt lat="43.7172109074890613555908203125" lon="7.3003810085356235504150390625">
        <ele>202</ele>
        <time>2026-02-22T10:41:13.000Z</time>
        <extensions>
          <ns3:TrackPointExtension>
            <ns3:hr>131</ns3:hr>
          </ns3:TrackPointExtension>
        </extensions>
      </trkpt>
      <trkpt lat="43.717182911932468414306640625" lon="7.3003595508635044097900390625">
        <ele>201.8000030517578125</ele>
        <time>2026-02-22T10:41:17.000Z</time>
        <extensions>
          <ns3:TrackPointExtension>
            <ns3:hr>130</ns3:hr>
          </ns3:TrackPointExtension>
        </extensions>
      </trkpt>
      <trkpt lat="43.71713940985500812530517578125" lon="7.3003263585269451141357421875">
        <ele>201.8000030517578125</ele>
        <time>2026-02-22T10:41:20.000Z</time>
        <extensions>
          <ns3:TrackPointExtension>
            <ns3:hr>130</ns3:hr>
          </ns3:TrackPointExtension>
        </extensions>
      </trkpt>
      <trkpt lat="43.7170687504112720489501953125" lon="7.30027045123279094696044921875">
        <ele>202</ele>
        <time>2026-02-22T10:41:24.000Z</time>
        <extensions>
          <ns3:TrackPointExtension>
            <ns3:hr>129</ns3:hr>
          </ns3:TrackPointExtension>
        </extensions>
      </trkpt>
      <trkpt lat="43.716998510062694549560546875" lon="7.30022284202277660369873046875">
        <ele>202.600006103515625</ele>
        <time>2026-02-22T10:41:29.000Z</time>
        <extensions>
          <ns3:TrackPointExtension>
            <ns3:hr>129</ns3:hr>
          </ns3:TrackPointExtension>
        </extensions>
      </trkpt>
      <trkpt lat="43.71698099188506603240966796875" lon="7.3002140410244464874267578125">
        <ele>202.600006103515625</ele>
        <time>2026-02-22T10:41:30.000Z</time>
        <extensions>
          <ns3:TrackPointExtension>
            <ns3:hr>129</ns3:hr>
          </ns3:TrackPointExtension>
        </extensions>
      </trkpt>
      <trkpt lat="43.71679566800594329833984375" lon="7.30007012374699115753173828125">
        <ele>202.600006103515625</ele>
        <time>2026-02-22T10:41:38.000Z</time>
        <extensions>
          <ns3:TrackPointExtension>
            <ns3:hr>129</ns3:hr>
          </ns3:TrackPointExtension>
        </extensions>
      </trkpt>
      <trkpt lat="43.716745711863040924072265625" lon="7.3000339977443218231201171875">
        <ele>202.600006103515625</ele>
        <time>2026-02-22T10:41:40.000Z</time>
        <extensions>
          <ns3:TrackPointExtension>
            <ns3:hr>126</ns3:hr>
          </ns3:TrackPointExtension>
        </extensions>
      </trkpt>
      <trkpt lat="43.7166260182857513427734375" lon="7.299970798194408416748046875">
        <ele>202.600006103515625</ele>
        <time>2026-02-22T10:41:44.000Z</time>
        <extensions>
          <ns3:TrackPointExtension>
            <ns3:hr>124</ns3:hr>
          </ns3:TrackPointExtension>
        </extensions>
      </trkpt>
      <trkpt lat="43.71643750928342342376708984375" lon="7.299924194812774658203125">
        <ele>202.600006103515625</ele>
        <time>2026-02-22T10:41:51.000Z</time>
        <extensions>
          <ns3:TrackPointExtension>
            <ns3:hr>124</ns3:hr>
          </ns3:TrackPointExtension>
        </extensions>
      </trkpt>
      <trkpt lat="43.7162821926176548004150390625" lon="7.300003655254840850830078125">
        <ele>202.8000030517578125</ele>
        <time>2026-02-22T10:41:57.000Z</time>
        <extensions>
          <ns3:TrackPointExtension>
            <ns3:hr>126</ns3:hr>
          </ns3:TrackPointExtension>
        </extensions>
      </trkpt>
      <trkpt lat="43.71613039635121822357177734375" lon="7.300064675509929656982421875">
        <ele>202.8000030517578125</ele>
        <time>2026-02-22T10:42:04.000Z</time>
        <extensions>
          <ns3:TrackPointExtension>
            <ns3:hr>127</ns3:hr>
          </ns3:TrackPointExtension>
        </extensions>
      </trkpt>
      <trkpt lat="43.7161256186664104461669921875" lon="7.30006509460508823394775390625">
        <ele>203</ele>
        <time>2026-02-22T10:42:06.000Z</time>
        <extensions>
          <ns3:TrackPointExtension>
            <ns3:hr>128</ns3:hr>
          </ns3:TrackPointExtension>
        </extensions>
      </trkpt>
      <trkpt lat="43.71610072441399097442626953125" lon="7.30007884092628955841064453125">
        <ele>202</ele>
        <time>2026-02-22T10:42:31.000Z</time>
        <extensions>
          <ns3:TrackPointExtension>
            <ns3:hr>125</ns3:hr>
          </ns3:TrackPointExtension>
        </extensions>
      </trkpt>
      <trkpt lat="43.716085217893123626708984375" lon="7.30008202604949474334716796875">
        <ele>202</ele>
        <time>2026-02-22T10:42:32.000Z</time>
        <extensions>
          <ns3:TrackPointExtension>
            <ns3:hr>125</ns3:hr>
          </ns3:TrackPointExtension>
        </extensions>
      </trkpt>
      <trkpt lat="43.71598153375089168548583984375" lon="7.30009694583714008331298828125">
        <ele>201.8000030517578125</ele>
        <time>2026-02-22T10:42:36.000Z</time>
        <extensions>
          <ns3:TrackPointExtension>
            <ns3:hr>124</ns3:hr>
          </ns3:TrackPointExtension>
        </extensions>
      </trkpt>
      <trkpt lat="43.71594951488077640533447265625" lon="7.30010055005550384521484375">
        <ele>201.8000030517578125</ele>
        <time>2026-02-22T10:42:37.000Z</time>
        <extensions>
          <ns3:TrackPointExtension>
            <ns3:hr>124</ns3:hr>
          </ns3:TrackPointExtension>
        </extensions>
      </trkpt>
      <trkpt lat="43.715747259557247161865234375" lon="7.3000806011259555816650390625">
        <ele>202</ele>
        <time>2026-02-22T10:42:44.000Z</time>
        <extensions>
          <ns3:TrackPointExtension>
            <ns3:hr>125</ns3:hr>
          </ns3:TrackPointExtension>
        </extensions>
      </trkpt>
      <trkpt lat="43.71555514633655548095703125" lon="7.2999870590865612030029296875">
        <ele>201.8000030517578125</ele>
        <time>2026-02-22T10:42:53.000Z</time>
        <extensions>
          <ns3:TrackPointExtension>
            <ns3:hr>123</ns3:hr>
          </ns3:TrackPointExtension>
        </extensions>
      </trkpt>
      <trkpt lat="43.71540628373622894287109375" lon="7.2998817823827266693115234375">
        <ele>202</ele>
        <time>2026-02-22T10:43:01.000Z</time>
        <extensions>
          <ns3:TrackPointExtension>
            <ns3:hr>121</ns3:hr>
          </ns3:TrackPointExtension>
        </extensions>
      </trkpt>
      <trkpt lat="43.71533344499766826629638671875" lon="7.2998301498591899871826171875">
        <ele>202.1999969482421875</ele>
        <time>2026-02-22T10:43:08.000Z</time>
        <extensions>
          <ns3:TrackPointExtension>
            <ns3:hr>123</ns3:hr>
          </ns3:TrackPointExtension>
        </extensions>
      </trkpt>
      <trkpt lat="43.71526010334491729736328125" lon="7.29979385621845722198486328125">
        <ele>201</ele>
        <time>2026-02-22T10:43:47.000Z</time>
        <extensions>
          <ns3:TrackPointExtension>
            <ns3:hr>138</ns3:hr>
          </ns3:TrackPointExtension>
        </extensions>
      </trkpt>
      <trkpt lat="43.71524962596595287322998046875" lon="7.2997833788394927978515625">
        <ele>201</ele>
        <time>2026-02-22T10:43:48.000Z</time>
        <extensions>
          <ns3:TrackPointExtension>
            <ns3:hr>138</ns3:hr>
          </ns3:TrackPointExtension>
        </extensions>
      </trkpt>
      <trkpt lat="43.7152341194450855255126953125" lon="7.29977642185986042022705078125">
        <ele>201.399993896484375</ele>
        <time>2026-02-22T10:43:50.000Z</time>
        <extensions>
          <ns3:TrackPointExtension>
            <ns3:hr>139</ns3:hr>
          </ns3:TrackPointExtension>
        </extensions>
      </trkpt>
      <trkpt lat="43.71516781859099864959716796875" lon="7.29988588951528072357177734375">
        <ele>204.600006103515625</ele>
        <time>2026-02-22T10:44:39.000Z</time>
        <extensions>
          <ns3:TrackPointExtension>
            <ns3:hr>151</ns3:hr>
          </ns3:TrackPointExtension>
        </extensions>
      </trkpt>
      <trkpt lat="43.71517620049417018890380859375" lon="7.29990701191127300262451171875">
        <ele>204.600006103515625</ele>
        <time>2026-02-22T10:44:40.000Z</time>
        <extensions>
          <ns3:TrackPointExtension>
            <ns3:hr>151</ns3:hr>
          </ns3:TrackPointExtension>
        </extensions>
      </trkpt>
      <trkpt lat="43.7152321077883243560791015625" lon="7.30006140656769275665283203125">
        <ele>204.1999969482421875</ele>
        <time>2026-02-22T10:44:46.000Z</time>
        <extensions>
          <ns3:TrackPointExtension>
            <ns3:hr>150</ns3:hr>
          </ns3:TrackPointExtension>
        </extensions>
      </trkpt>
      <trkpt lat="43.7153360433876514434814453125" lon="7.30017171241343021392822265625">
        <ele>204.600006103515625</ele>
        <time>2026-02-22T10:44:52.000Z</time>
        <extensions>
          <ns3:TrackPointExtension>
            <ns3:hr>149</ns3:hr>
          </ns3:TrackPointExtension>
        </extensions>
      </trkpt>
      <trkpt lat="43.71540452353656291961669921875" lon="7.300232313573360443115234375">
        <ele>205.600006103515625</ele>
        <time>2026-02-22T10:44:56.000Z</time>
        <extensions>
          <ns3:TrackPointExtension>
            <ns3:hr>150</ns3:hr>
          </ns3:TrackPointExtension>
        </extensions>
      </trkpt>
      <trkpt lat="43.715455234050750732421875" lon="7.30027313344180583953857421875">
        <ele>206.8000030517578125</ele>
        <time>2026-02-22T10:45:00.000Z</time>
        <extensions>
          <ns3:TrackPointExtension>
            <ns3:hr>150</ns3:hr>
          </ns3:TrackPointExtension>
        </extensions>
      </trkpt>
      <trkpt lat="43.71546755544841289520263671875" lon="7.30027891695499420166015625">
        <ele>207</ele>
        <time>2026-02-22T10:45:01.000Z</time>
        <extensions>
          <ns3:TrackPointExtension>
            <ns3:hr>150</ns3:hr>
          </ns3:TrackPointExtension>
        </extensions>
      </trkpt>
      <trkpt lat="43.71550284326076507568359375" lon="7.30032778345048427581787109375">
        <ele>208</ele>
        <time>2026-02-22T10:45:05.000Z</time>
        <extensions>
          <ns3:TrackPointExtension>
            <ns3:hr>151</ns3:hr>
          </ns3:TrackPointExtension>
        </extensions>
      </trkpt>
      <trkpt lat="43.71551985852420330047607421875" lon="7.30035267770290374755859375">
        <ele>208.399993896484375</ele>
        <time>2026-02-22T10:45:07.000Z</time>
        <extensions>
          <ns3:TrackPointExtension>
            <ns3:hr>151</ns3:hr>
          </ns3:TrackPointExtension>
        </extensions>
      </trkpt>
      <trkpt lat="43.71553310193121433258056640625" lon="7.30037036351859569549560546875">
        <ele>209.1999969482421875</ele>
        <time>2026-02-22T10:45:11.000Z</time>
        <extensions>
          <ns3:TrackPointExtension>
            <ns3:hr>153</ns3:hr>
          </ns3:TrackPointExtension>
        </extensions>
      </trkpt>
      <trkpt lat="43.715574257075786590576171875" lon="7.300397269427776336669921875">
        <ele>209.399993896484375</ele>
        <time>2026-02-22T10:45:21.000Z</time>
        <extensions>
          <ns3:TrackPointExtension>
            <ns3:hr>151</ns3:hr>
          </ns3:TrackPointExtension>
        </extensions>
      </trkpt>
      <trkpt lat="43.715583980083465576171875" lon="7.30040456168353557586669921875">
        <ele>209.399993896484375</ele>
        <time>2026-02-22T10:45:22.000Z</time>
        <extensions>
          <ns3:TrackPointExtension>
            <ns3:hr>151</ns3:hr>
          </ns3:TrackPointExtension>
        </extensions>
      </trkpt>
      <trkpt lat="43.7156347744166851043701171875" lon="7.300460636615753173828125">
        <ele>210.1999969482421875</ele>
        <time>2026-02-22T10:45:28.000Z</time>
        <extensions>
          <ns3:TrackPointExtension>
            <ns3:hr>149</ns3:hr>
          </ns3:TrackPointExtension>
        </extensions>
      </trkpt>
      <trkpt lat="43.71564231812953948974609375" lon="7.30046910233795642852783203125">
        <ele>210.1999969482421875</ele>
        <time>2026-02-22T10:45:29.000Z</time>
        <extensions>
          <ns3:TrackPointExtension>
            <ns3:hr>149</ns3:hr>
          </ns3:TrackPointExtension>
        </extensions>
      </trkpt>
      <trkpt lat="43.71565313078463077545166015625" lon="7.3004762269556522369384765625">
        <ele>210.399993896484375</ele>
        <time>2026-02-22T10:45:30.000Z</time>
        <extensions>
          <ns3:TrackPointExtension>
            <ns3:hr>149</ns3:hr>
          </ns3:TrackPointExtension>
        </extensions>
      </trkpt>
      <trkpt lat="43.71566939167678356170654296875" lon="7.30048972181975841522216796875">
        <ele>210.8000030517578125</ele>
        <time>2026-02-22T10:45:32.000Z</time>
        <extensions>
          <ns3:TrackPointExtension>
            <ns3:hr>149</ns3:hr>
          </ns3:TrackPointExtension>
        </extensions>
      </trkpt>
      <trkpt lat="43.71568598784506320953369140625" lon="7.30051587335765361785888671875">
        <ele>211</ele>
        <time>2026-02-22T10:45:34.000Z</time>
        <extensions>
          <ns3:TrackPointExtension>
            <ns3:hr>150</ns3:hr>
          </ns3:TrackPointExtension>
        </extensions>
      </trkpt>
      <trkpt lat="43.715707696974277496337890625" lon="7.30054453946650028228759765625">
        <ele>211.1999969482421875</ele>
        <time>2026-02-22T10:45:37.000Z</time>
        <extensions>
          <ns3:TrackPointExtension>
            <ns3:hr>151</ns3:hr>
          </ns3:TrackPointExtension>
        </extensions>
      </trkpt>
      <trkpt lat="43.7157494388520717620849609375" lon="7.30056918226182460784912109375">
        <ele>211.8000030517578125</ele>
        <time>2026-02-22T10:45:41.000Z</time>
        <extensions>
          <ns3:TrackPointExtension>
            <ns3:hr>155</ns3:hr>
          </ns3:TrackPointExtension>
        </extensions>
      </trkpt>
      <trkpt lat="43.7157578207552433013916015625" lon="7.30057337321341037750244140625">
        <ele>211.8000030517578125</ele>
        <time>2026-02-22T10:45:42.000Z</time>
        <extensions>
          <ns3:TrackPointExtension>
            <ns3:hr>157</ns3:hr>
          </ns3:TrackPointExtension>
        </extensions>
      </trkpt>
      <trkpt lat="43.71576561592519283294677734375" lon="7.30057639069855213165283203125">
        <ele>212</ele>
        <time>2026-02-22T10:45:43.000Z</time>
        <extensions>
          <ns3:TrackPointExtension>
            <ns3:hr>158</ns3:hr>
          </ns3:TrackPointExtension>
        </extensions>
      </trkpt>
      <trkpt lat="43.715779446065425872802734375" lon="7.3005771450698375701904296875">
        <ele>212.399993896484375</ele>
        <time>2026-02-22T10:45:45.000Z</time>
        <extensions>
          <ns3:TrackPointExtension>
            <ns3:hr>161</ns3:hr>
          </ns3:TrackPointExtension>
        </extensions>
      </trkpt>
      <trkpt lat="43.71578992344439029693603515625" lon="7.30057840235531330108642578125">
        <ele>212.8000030517578125</ele>
        <time>2026-02-22T10:45:47.000Z</time>
        <extensions>
          <ns3:TrackPointExtension>
            <ns3:hr>161</ns3:hr>
          </ns3:TrackPointExtension>
        </extensions>
      </trkpt>
      <trkpt lat="43.7157940305769443511962890625" lon="7.30057957582175731658935546875">
        <ele>212.8000030517578125</ele>
        <time>2026-02-22T10:45:48.000Z</time>
        <extensions>
          <ns3:TrackPointExtension>
            <ns3:hr>161</ns3:hr>
          </ns3:TrackPointExtension>
        </extensions>
      </trkpt>
      <trkpt lat="43.71584323234856128692626953125" lon="7.30060086585581302642822265625">
        <ele>213.399993896484375</ele>
        <time>2026-02-22T10:46:01.000Z</time>
        <extensions>
          <ns3:TrackPointExtension>
            <ns3:hr>162</ns3:hr>
          </ns3:TrackPointExtension>
        </extensions>
      </trkpt>
      <trkpt lat="43.715857230126857757568359375" lon="7.300603128969669342041015625">
        <ele>213.600006103515625</ele>
        <time>2026-02-22T10:46:02.000Z</time>
        <extensions>
          <ns3:TrackPointExtension>
            <ns3:hr>162</ns3:hr>
          </ns3:TrackPointExtension>
        </extensions>
      </trkpt>
      <trkpt lat="43.71588916517794132232666015625" lon="7.30061075650155544281005859375">
        <ele>214</ele>
        <time>2026-02-22T10:46:05.000Z</time>
        <extensions>
          <ns3:TrackPointExtension>
            <ns3:hr>162</ns3:hr>
          </ns3:TrackPointExtension>
        </extensions>
      </trkpt>
      <trkpt lat="43.7159447371959686279296875" lon="7.300621569156646728515625">
        <ele>214.600006103515625</ele>
        <time>2026-02-22T10:46:09.000Z</time>
        <extensions>
          <ns3:TrackPointExtension>
            <ns3:hr>163</ns3:hr>
          </ns3:TrackPointExtension>
        </extensions>
      </trkpt>
      <trkpt lat="43.71602897532284259796142578125" lon="7.30061109177768230438232421875">
        <ele>215.1999969482421875</ele>
        <time>2026-02-22T10:46:14.000Z</time>
        <extensions>
          <ns3:TrackPointExtension>
            <ns3:hr>165</ns3:hr>
          </ns3:TrackPointExtension>
        </extensions>
      </trkpt>
      <trkpt lat="43.71615101583302021026611328125" lon="7.30056197382509708404541015625">
        <ele>215.8000030517578125</ele>
        <time>2026-02-22T10:46:21.000Z</time>
        <extensions>
          <ns3:TrackPointExtension>
            <ns3:hr>167</ns3:hr>
          </ns3:TrackPointExtension>
        </extensions>
      </trkpt>
      <trkpt lat="43.71616861782968044281005859375" lon="7.30055795051157474517822265625">
        <ele>215.8000030517578125</ele>
        <time>2026-02-22T10:46:22.000Z</time>
        <extensions>
          <ns3:TrackPointExtension>
            <ns3:hr>167</ns3:hr>
          </ns3:TrackPointExtension>
        </extensions>
      </trkpt>
      <trkpt lat="43.71623852290213108062744140625" lon="7.3005639016628265380859375">
        <ele>216.399993896484375</ele>
        <time>2026-02-22T10:46:26.000Z</time>
        <extensions>
          <ns3:TrackPointExtension>
            <ns3:hr>167</ns3:hr>
          </ns3:TrackPointExtension>
        </extensions>
      </trkpt>
      <trkpt lat="43.71625646017491817474365234375" lon="7.30058628134429454803466796875">
        <ele>216.600006103515625</ele>
        <time>2026-02-22T10:46:28.000Z</time>
        <extensions>
          <ns3:TrackPointExtension>
            <ns3:hr>167</ns3:hr>
          </ns3:TrackPointExtension>
        </extensions>
      </trkpt>
      <trkpt lat="43.7162637524306774139404296875" lon="7.30060455389320850372314453125">
        <ele>217</ele>
        <time>2026-02-22T10:46:30.000Z</time>
        <extensions>
          <ns3:TrackPointExtension>
            <ns3:hr>167</ns3:hr>
          </ns3:TrackPointExtension>
        </extensions>
      </trkpt>
      <trkpt lat="43.716265596449375152587890625" lon="7.30060371570289134979248046875">
        <ele>217.1999969482421875</ele>
        <time>2026-02-22T10:46:31.000Z</time>
        <extensions>
          <ns3:TrackPointExtension>
            <ns3:hr>167</ns3:hr>
          </ns3:TrackPointExtension>
        </extensions>
      </trkpt>
      <trkpt lat="43.716199882328510284423828125" lon="7.30064009316265583038330078125">
        <ele>217.1999969482421875</ele>
        <time>2026-02-22T10:46:42.000Z</time>
        <extensions>
          <ns3:TrackPointExtension>
            <ns3:hr>157</ns3:hr>
          </ns3:TrackPointExtension>
        </extensions>
      </trkpt>
      <trkpt lat="43.716187812387943267822265625" lon="7.3006438650190830230712890625">
        <ele>217.399993896484375</ele>
        <time>2026-02-22T10:46:43.000Z</time>
        <extensions>
          <ns3:TrackPointExtension>
            <ns3:hr>157</ns3:hr>
          </ns3:TrackPointExtension>
        </extensions>
      </trkpt>
      <trkpt lat="43.716116063296794891357421875" lon="7.30068250559270381927490234375">
        <ele>218.1999969482421875</ele>
        <time>2026-02-22T10:46:48.000Z</time>
        <extensions>
          <ns3:TrackPointExtension>
            <ns3:hr>158</ns3:hr>
          </ns3:TrackPointExtension>
        </extensions>
      </trkpt>
      <trkpt lat="43.7161034904420375823974609375" lon="7.300690300762653350830078125">
        <ele>218.399993896484375</ele>
        <time>2026-02-22T10:46:49.000Z</time>
        <extensions>
          <ns3:TrackPointExtension>
            <ns3:hr>158</ns3:hr>
          </ns3:TrackPointExtension>
        </extensions>
      </trkpt>
      <trkpt lat="43.71602897532284259796142578125" lon="7.3007355630397796630859375">
        <ele>219.1999969482421875</ele>
        <time>2026-02-22T10:46:56.000Z</time>
        <extensions>
          <ns3:TrackPointExtension>
            <ns3:hr>158</ns3:hr>
          </ns3:TrackPointExtension>
        </extensions>
      </trkpt>
      <trkpt lat="43.7160129658877849578857421875" lon="7.3007538355886936187744140625">
        <ele>219.600006103515625</ele>
        <time>2026-02-22T10:46:58.000Z</time>
        <extensions>
          <ns3:TrackPointExtension>
            <ns3:hr>158</ns3:hr>
          </ns3:TrackPointExtension>
        </extensions>
      </trkpt>
      <trkpt lat="43.71601221151649951934814453125" lon="7.30077554471790790557861328125">
        <ele>219.8000030517578125</ele>
        <time>2026-02-22T10:47:00.000Z</time>
        <extensions>
          <ns3:TrackPointExtension>
            <ns3:hr>158</ns3:hr>
          </ns3:TrackPointExtension>
        </extensions>
      </trkpt>
      <trkpt lat="43.71603031642735004425048828125" lon="7.3007870279252529144287109375">
        <ele>219.8000030517578125</ele>
        <time>2026-02-22T10:47:02.000Z</time>
        <extensions>
          <ns3:TrackPointExtension>
            <ns3:hr>159</ns3:hr>
          </ns3:TrackPointExtension>
        </extensions>
      </trkpt>
      <trkpt lat="43.71604473330080509185791015625" lon="7.3007887043058872222900390625">
        <ele>220</ele>
        <time>2026-02-22T10:47:03.000Z</time>
        <extensions>
          <ns3:TrackPointExtension>
            <ns3:hr>159</ns3:hr>
          </ns3:TrackPointExtension>
        </extensions>
      </trkpt>
      <trkpt lat="43.7160987965762615203857421875" lon="7.3007759638130664825439453125">
        <ele>220.399993896484375</ele>
        <time>2026-02-22T10:47:06.000Z</time>
        <extensions>
          <ns3:TrackPointExtension>
            <ns3:hr>160</ns3:hr>
          </ns3:TrackPointExtension>
        </extensions>
      </trkpt>
      <trkpt lat="43.71611572802066802978515625" lon="7.300778813660144805908203125">
        <ele>220.399993896484375</ele>
        <time>2026-02-22T10:47:07.000Z</time>
        <extensions>
          <ns3:TrackPointExtension>
            <ns3:hr>160</ns3:hr>
          </ns3:TrackPointExtension>
        </extensions>
      </trkpt>
      <trkpt lat="43.716133497655391693115234375" lon="7.30078962631523609161376953125">
        <ele>220.399993896484375</ele>
        <time>2026-02-22T10:47:08.000Z</time>
        <extensions>
          <ns3:TrackPointExtension>
            <ns3:hr>161</ns3:hr>
          </ns3:TrackPointExtension>
        </extensions>
      </trkpt>
      <trkpt lat="43.71617901138961315155029296875" lon="7.30082768015563488006591796875">
        <ele>221.1999969482421875</ele>
        <time>2026-02-22T10:47:11.000Z</time>
        <extensions>
          <ns3:TrackPointExtension>
            <ns3:hr>164</ns3:hr>
          </ns3:TrackPointExtension>
        </extensions>
      </trkpt>
      <trkpt lat="43.71619141660630702972412109375" lon="7.300832457840442657470703125">
        <ele>221.399993896484375</ele>
        <time>2026-02-22T10:47:12.000Z</time>
        <extensions>
          <ns3:TrackPointExtension>
            <ns3:hr>164</ns3:hr>
          </ns3:TrackPointExtension>
        </extensions>
      </trkpt>
      <trkpt lat="43.71621790342032909393310546875" lon="7.3008410073816776275634765625">
        <ele>221.8000030517578125</ele>
        <time>2026-02-22T10:47:14.000Z</time>
        <extensions>
          <ns3:TrackPointExtension>
            <ns3:hr>165</ns3:hr>
          </ns3:TrackPointExtension>
        </extensions>
      </trkpt>
      <trkpt lat="43.7163083441555500030517578125" lon="7.30087612755596637725830078125">
        <ele>222.399993896484375</ele>
        <time>2026-02-22T10:47:20.000Z</time>
        <extensions>
          <ns3:TrackPointExtension>
            <ns3:hr>165</ns3:hr>
          </ns3:TrackPointExtension>
        </extensions>
      </trkpt>
      <trkpt lat="43.71639023534953594207763671875" lon="7.300900854170322418212890625">
        <ele>223.600006103515625</ele>
        <time>2026-02-22T10:47:25.000Z</time>
        <extensions>
          <ns3:TrackPointExtension>
            <ns3:hr>165</ns3:hr>
          </ns3:TrackPointExtension>
        </extensions>
      </trkpt>
      <trkpt lat="43.7164364196360111236572265625" lon="7.300933040678501129150390625">
        <ele>224.1999969482421875</ele>
        <time>2026-02-22T10:47:29.000Z</time>
        <extensions>
          <ns3:TrackPointExtension>
            <ns3:hr>165</ns3:hr>
          </ns3:TrackPointExtension>
        </extensions>
      </trkpt>
      <trkpt lat="43.7164364196360111236572265625" lon="7.300933040678501129150390625">
        <ele>224.1999969482421875</ele>
        <time>2026-02-22T10:47:30.000Z</time>
        <extensions>
          <ns3:TrackPointExtension>
            <ns3:hr>165</ns3:hr>
          </ns3:TrackPointExtension>
        </extensions>
      </trkpt>
      <trkpt lat="43.7164746411144733428955078125" lon="7.30092708952724933624267578125">
        <ele>224.399993896484375</ele>
        <time>2026-02-22T10:47:50.000Z</time>
        <extensions>
          <ns3:TrackPointExtension>
            <ns3:hr>165</ns3:hr>
          </ns3:TrackPointExtension>
        </extensions>
      </trkpt>
      <trkpt lat="43.71650741435587406158447265625" lon="7.3009305261075496673583984375">
        <ele>224.8000030517578125</ele>
        <time>2026-02-22T10:47:52.000Z</time>
        <extensions>
          <ns3:TrackPointExtension>
            <ns3:hr>164</ns3:hr>
          </ns3:TrackPointExtension>
        </extensions>
      </trkpt>
      <trkpt lat="43.7165202386677265167236328125" lon="7.300929017364978790283203125">
        <ele>224.8000030517578125</ele>
        <time>2026-02-22T10:47:53.000Z</time>
        <extensions>
          <ns3:TrackPointExtension>
            <ns3:hr>164</ns3:hr>
          </ns3:TrackPointExtension>
        </extensions>
      </trkpt>
      <trkpt lat="43.716529794037342071533203125" lon="7.3009285144507884979248046875">
        <ele>224.8000030517578125</ele>
        <time>2026-02-22T10:47:54.000Z</time>
        <extensions>
          <ns3:TrackPointExtension>
            <ns3:hr>164</ns3:hr>
          </ns3:TrackPointExtension>
        </extensions>
      </trkpt>
      <trkpt lat="43.71658184565603733062744140625" lon="7.30092759244143962860107421875">
        <ele>225.600006103515625</ele>
        <time>2026-02-22T10:47:58.000Z</time>
        <extensions>
          <ns3:TrackPointExtension>
            <ns3:hr>163</ns3:hr>
          </ns3:TrackPointExtension>
        </extensions>
      </trkpt>
      <trkpt lat="43.716597855091094970703125" lon="7.30092675425112247467041015625">
        <ele>226</ele>
        <time>2026-02-22T10:47:59.000Z</time>
        <extensions>
          <ns3:TrackPointExtension>
            <ns3:hr>162</ns3:hr>
          </ns3:TrackPointExtension>
        </extensions>
      </trkpt>
      <trkpt lat="43.716635406017303466796875" lon="7.30093538761138916015625">
        <ele>226.600006103515625</ele>
        <time>2026-02-22T10:48:02.000Z</time>
        <extensions>
          <ns3:TrackPointExtension>
            <ns3:hr>159</ns3:hr>
          </ns3:TrackPointExtension>
        </extensions>
      </trkpt>
      <trkpt lat="43.71667806990444660186767578125" lon="7.30094083584845066070556640625">
        <ele>227</ele>
        <time>2026-02-22T10:48:05.000Z</time>
        <extensions>
          <ns3:TrackPointExtension>
            <ns3:hr>157</ns3:hr>
          </ns3:TrackPointExtension>
        </extensions>
      </trkpt>
      <trkpt lat="43.71673154644668102264404296875" lon="7.3009550012648105621337890625">
        <ele>228.399993896484375</ele>
        <time>2026-02-22T10:48:09.000Z</time>
        <extensions>
          <ns3:TrackPointExtension>
            <ns3:hr>159</ns3:hr>
          </ns3:TrackPointExtension>
        </extensions>
      </trkpt>
      <trkpt lat="43.71678552590310573577880859375" lon="7.30098375119268894195556640625">
        <ele>229</ele>
        <time>2026-02-22T10:48:13.000Z</time>
        <extensions>
          <ns3:TrackPointExtension>
            <ns3:hr>160</ns3:hr>
          </ns3:TrackPointExtension>
        </extensions>
      </trkpt>
      <trkpt lat="43.71679835021495819091796875" lon="7.3009922169148921966552734375">
        <ele>229.399993896484375</ele>
        <time>2026-02-22T10:48:14.000Z</time>
        <extensions>
          <ns3:TrackPointExtension>
            <ns3:hr>160</ns3:hr>
          </ns3:TrackPointExtension>
        </extensions>
      </trkpt>
      <trkpt lat="43.71686900965869426727294921875" lon="7.30101895518600940704345703125">
        <ele>230.399993896484375</ele>
        <time>2026-02-22T10:48:19.000Z</time>
        <extensions>
          <ns3:TrackPointExtension>
            <ns3:hr>162</ns3:hr>
          </ns3:TrackPointExtension>
        </extensions>
      </trkpt>
      <trkpt lat="43.716890551149845123291015625" lon="7.30103127658367156982421875">
        <ele>230.8000030517578125</ele>
        <time>2026-02-22T10:48:21.000Z</time>
        <extensions>
          <ns3:TrackPointExtension>
            <ns3:hr>162</ns3:hr>
          </ns3:TrackPointExtension>
        </extensions>
      </trkpt>
      <trkpt lat="43.7169202230870723724365234375" lon="7.30104334652423858642578125">
        <ele>231.8000030517578125</ele>
        <time>2026-02-22T10:48:24.000Z</time>
        <extensions>
          <ns3:TrackPointExtension>
            <ns3:hr>163</ns3:hr>
          </ns3:TrackPointExtension>
        </extensions>
      </trkpt>
      <trkpt lat="43.71696724556386470794677734375" lon="7.30107645504176616668701171875">
        <ele>232.399993896484375</ele>
        <time>2026-02-22T10:48:28.000Z</time>
        <extensions>
          <ns3:TrackPointExtension>
            <ns3:hr>165</ns3:hr>
          </ns3:TrackPointExtension>
        </extensions>
      </trkpt>
      <trkpt lat="43.71699356473982334136962890625" lon="7.30109221301972866058349609375">
        <ele>232.8000030517578125</ele>
        <time>2026-02-22T10:48:30.000Z</time>
        <extensions>
          <ns3:TrackPointExtension>
            <ns3:hr>166</ns3:hr>
          </ns3:TrackPointExtension>
        </extensions>
      </trkpt>
      <trkpt lat="43.7170471251010894775390625" lon="7.30113026686012744903564453125">
        <ele>233.399993896484375</ele>
        <time>2026-02-22T10:48:35.000Z</time>
        <extensions>
          <ns3:TrackPointExtension>
            <ns3:hr>168</ns3:hr>
          </ns3:TrackPointExtension>
        </extensions>
      </trkpt>
      <trkpt lat="43.7170560099184513092041015625" lon="7.30113278143107891082763671875">
        <ele>233.600006103515625</ele>
        <time>2026-02-22T10:48:36.000Z</time>
        <extensions>
          <ns3:TrackPointExtension>
            <ns3:hr>168</ns3:hr>
          </ns3:TrackPointExtension>
        </extensions>
      </trkpt>
      <trkpt lat="43.717068247497081756591796875" lon="7.301138229668140411376953125">
        <ele>234</ele>
        <time>2026-02-22T10:48:37.000Z</time>
        <extensions>
          <ns3:TrackPointExtension>
            <ns3:hr>167</ns3:hr>
          </ns3:TrackPointExtension>
        </extensions>
      </trkpt>
      <trkpt lat="43.71715583838522434234619140625" lon="7.30119313113391399383544921875">
        <ele>234.8000030517578125</ele>
        <time>2026-02-22T10:48:44.000Z</time>
        <extensions>
          <ns3:TrackPointExtension>
            <ns3:hr>169</ns3:hr>
          </ns3:TrackPointExtension>
        </extensions>
      </trkpt>
      <trkpt lat="43.717184923589229583740234375" lon="7.3012081347405910491943359375">
        <ele>235.1999969482421875</ele>
        <time>2026-02-22T10:48:46.000Z</time>
        <extensions>
          <ns3:TrackPointExtension>
            <ns3:hr>170</ns3:hr>
          </ns3:TrackPointExtension>
        </extensions>
      </trkpt>
      <trkpt lat="43.71729045175015926361083984375" lon="7.3012966476380825042724609375">
        <ele>236.1999969482421875</ele>
        <time>2026-02-22T10:48:53.000Z</time>
        <extensions>
          <ns3:TrackPointExtension>
            <ns3:hr>170</ns3:hr>
          </ns3:TrackPointExtension>
        </extensions>
      </trkpt>
      <trkpt lat="43.71743277646601200103759765625" lon="7.30139069259166717529296875">
        <ele>236.8000030517578125</ele>
        <time>2026-02-22T10:49:01.000Z</time>
        <extensions>
          <ns3:TrackPointExtension>
            <ns3:hr>169</ns3:hr>
          </ns3:TrackPointExtension>
        </extensions>
      </trkpt>
      <trkpt lat="43.71749597601592540740966796875" lon="7.30145649053156375885009765625">
        <ele>237.1999969482421875</ele>
        <time>2026-02-22T10:49:05.000Z</time>
        <extensions>
          <ns3:TrackPointExtension>
            <ns3:hr>168</ns3:hr>
          </ns3:TrackPointExtension>
        </extensions>
      </trkpt>
      <trkpt lat="43.7175639532506465911865234375" lon="7.30152455158531665802001953125">
        <ele>237.600006103515625</ele>
        <time>2026-02-22T10:49:09.000Z</time>
        <extensions>
          <ns3:TrackPointExtension>
            <ns3:hr>167</ns3:hr>
          </ns3:TrackPointExtension>
        </extensions>
      </trkpt>
      <trkpt lat="43.717617429792881011962890625" lon="7.301597893238067626953125">
        <ele>238.1999969482421875</ele>
        <time>2026-02-22T10:49:13.000Z</time>
        <extensions>
          <ns3:TrackPointExtension>
            <ns3:hr>167</ns3:hr>
          </ns3:TrackPointExtension>
        </extensions>
      </trkpt>
      <trkpt lat="43.71763763017952442169189453125" lon="7.3016654513776302337646484375">
        <ele>238.8000030517578125</ele>
        <time>2026-02-22T10:49:16.000Z</time>
        <extensions>
          <ns3:TrackPointExtension>
            <ns3:hr>166</ns3:hr>
          </ns3:TrackPointExtension>
        </extensions>
      </trkpt>
      <trkpt lat="43.717638216912746429443359375" lon="7.3017107136547565460205078125">
        <ele>239.399993896484375</ele>
        <time>2026-02-22T10:49:19.000Z</time>
        <extensions>
          <ns3:TrackPointExtension>
            <ns3:hr>165</ns3:hr>
          </ns3:TrackPointExtension>
        </extensions>
      </trkpt>
      <trkpt lat="43.717638216912746429443359375" lon="7.3017107136547565460205078125">
        <ele>239.399993896484375</ele>
        <time>2026-02-22T10:49:20.000Z</time>
        <extensions>
          <ns3:TrackPointExtension>
            <ns3:hr>165</ns3:hr>
          </ns3:TrackPointExtension>
        </extensions>
      </trkpt>
      <trkpt lat="43.7176387198269367218017578125" lon="7.30176863260567188262939453125">
        <ele>239.1999969482421875</ele>
        <time>2026-02-22T10:49:44.000Z</time>
        <extensions>
          <ns3:TrackPointExtension>
            <ns3:hr>157</ns3:hr>
          </ns3:TrackPointExtension>
        </extensions>
      </trkpt>
      <trkpt lat="43.71765053831040859222412109375" lon="7.3018418066203594207763671875">
        <ele>239.600006103515625</ele>
        <time>2026-02-22T10:49:48.000Z</time>
        <extensions>
          <ns3:TrackPointExtension>
            <ns3:hr>155</ns3:hr>
          </ns3:TrackPointExtension>
        </extensions>
      </trkpt>
      <trkpt lat="43.71765799820423126220703125" lon="7.30186250992119312286376953125">
        <ele>239.8000030517578125</ele>
        <time>2026-02-22T10:49:49.000Z</time>
        <extensions>
          <ns3:TrackPointExtension>
            <ns3:hr>155</ns3:hr>
          </ns3:TrackPointExtension>
        </extensions>
      </trkpt>
      <trkpt lat="43.71771859936416149139404296875" lon="7.30194515548646450042724609375">
        <ele>240.399993896484375</ele>
        <time>2026-02-22T10:49:54.000Z</time>
        <extensions>
          <ns3:TrackPointExtension>
            <ns3:hr>154</ns3:hr>
          </ns3:TrackPointExtension>
        </extensions>
      </trkpt>
      <trkpt lat="43.71782295405864715576171875" lon="7.30209234170615673065185546875">
        <ele>241.399993896484375</ele>
        <time>2026-02-22T10:50:02.000Z</time>
        <extensions>
          <ns3:TrackPointExtension>
            <ns3:hr>154</ns3:hr>
          </ns3:TrackPointExtension>
        </extensions>
      </trkpt>
      <trkpt lat="43.71784399263560771942138671875" lon="7.3021361790597438812255859375">
        <ele>241.600006103515625</ele>
        <time>2026-02-22T10:50:04.000Z</time>
        <extensions>
          <ns3:TrackPointExtension>
            <ns3:hr>155</ns3:hr>
          </ns3:TrackPointExtension>
        </extensions>
      </trkpt>
      <trkpt lat="43.7178529612720012664794921875" lon="7.30224740691483020782470703125">
        <ele>242.600006103515625</ele>
        <time>2026-02-22T10:50:09.000Z</time>
        <extensions>
          <ns3:TrackPointExtension>
            <ns3:hr>155</ns3:hr>
          </ns3:TrackPointExtension>
        </extensions>
      </trkpt>
      <trkpt lat="43.717815242707729339599609375" lon="7.30234798975288867950439453125">
        <ele>243.600006103515625</ele>
        <time>2026-02-22T10:50:14.000Z</time>
        <extensions>
          <ns3:TrackPointExtension>
            <ns3:hr>158</ns3:hr>
          </ns3:TrackPointExtension>
        </extensions>
      </trkpt>
      <trkpt lat="43.7177882529795169830322265625" lon="7.3024040646851062774658203125">
        <ele>244.1999969482421875</ele>
        <time>2026-02-22T10:50:17.000Z</time>
        <extensions>
          <ns3:TrackPointExtension>
            <ns3:hr>159</ns3:hr>
          </ns3:TrackPointExtension>
        </extensions>
      </trkpt>
      <trkpt lat="43.7177315913140773773193359375" lon="7.3024989478290081024169921875">
        <ele>244.600006103515625</ele>
        <time>2026-02-22T10:50:22.000Z</time>
        <extensions>
          <ns3:TrackPointExtension>
            <ns3:hr>162</ns3:hr>
          </ns3:TrackPointExtension>
        </extensions>
      </trkpt>
      <trkpt lat="43.717688508331775665283203125" lon="7.3025375045835971832275390625">
        <ele>245</ele>
        <time>2026-02-22T10:50:25.000Z</time>
        <extensions>
          <ns3:TrackPointExtension>
            <ns3:hr>164</ns3:hr>
          </ns3:TrackPointExtension>
        </extensions>
      </trkpt>
      <trkpt lat="43.71760125271975994110107421875" lon="7.3025683499872684478759765625">
        <ele>245.600006103515625</ele>
        <time>2026-02-22T10:50:30.000Z</time>
        <extensions>
          <ns3:TrackPointExtension>
            <ns3:hr>164</ns3:hr>
          </ns3:TrackPointExtension>
        </extensions>
      </trkpt>
      <trkpt lat="43.71756856329739093780517578125" lon="7.3025616444647312164306640625">
        <ele>245.8000030517578125</ele>
        <time>2026-02-22T10:50:32.000Z</time>
        <extensions>
          <ns3:TrackPointExtension>
            <ns3:hr>164</ns3:hr>
          </ns3:TrackPointExtension>
        </extensions>
      </trkpt>
      <trkpt lat="43.71747401542961597442626953125" lon="7.30253524146974086761474609375">
        <ele>246.8000030517578125</ele>
        <time>2026-02-22T10:50:37.000Z</time>
        <extensions>
          <ns3:TrackPointExtension>
            <ns3:hr>164</ns3:hr>
          </ns3:TrackPointExtension>
        </extensions>
      </trkpt>
      <trkpt lat="43.717429004609584808349609375" lon="7.30251193977892398834228515625">
        <ele>247.399993896484375</ele>
        <time>2026-02-22T10:50:40.000Z</time>
        <extensions>
          <ns3:TrackPointExtension>
            <ns3:hr>164</ns3:hr>
          </ns3:TrackPointExtension>
        </extensions>
      </trkpt>
      <trkpt lat="43.717369996011257171630859375" lon="7.30247757397592067718505859375">
        <ele>247.8000030517578125</ele>
        <time>2026-02-22T10:50:44.000Z</time>
        <extensions>
          <ns3:TrackPointExtension>
            <ns3:hr>165</ns3:hr>
          </ns3:TrackPointExtension>
        </extensions>
      </trkpt>
      <trkpt lat="43.71731392107903957366943359375" lon="7.3024375922977924346923828125">
        <ele>248.600006103515625</ele>
        <time>2026-02-22T10:50:48.000Z</time>
        <extensions>
          <ns3:TrackPointExtension>
            <ns3:hr>166</ns3:hr>
          </ns3:TrackPointExtension>
        </extensions>
      </trkpt>
      <trkpt lat="43.71729246340692043304443359375" lon="7.30241127312183380126953125">
        <ele>249</ele>
        <time>2026-02-22T10:50:50.000Z</time>
        <extensions>
          <ns3:TrackPointExtension>
            <ns3:hr>166</ns3:hr>
          </ns3:TrackPointExtension>
        </extensions>
      </trkpt>
      <trkpt lat="43.7172477878630161285400390625" lon="7.302351929247379302978515625">
        <ele>250</ele>
        <time>2026-02-22T10:50:54.000Z</time>
        <extensions>
          <ns3:TrackPointExtension>
            <ns3:hr>166</ns3:hr>
          </ns3:TrackPointExtension>
        </extensions>
      </trkpt>
      <trkpt lat="43.717237897217273712158203125" lon="7.3023370094597339630126953125">
        <ele>250.1999969482421875</ele>
        <time>2026-02-22T10:50:55.000Z</time>
        <extensions>
          <ns3:TrackPointExtension>
            <ns3:hr>166</ns3:hr>
          </ns3:TrackPointExtension>
        </extensions>
      </trkpt>
      <trkpt lat="43.7172026932239532470703125" lon="7.30228931643068790435791015625">
        <ele>251.1999969482421875</ele>
        <time>2026-02-22T10:50:58.000Z</time>
        <extensions>
          <ns3:TrackPointExtension>
            <ns3:hr>166</ns3:hr>
          </ns3:TrackPointExtension>
        </extensions>
      </trkpt>
      <trkpt lat="43.7171425111591815948486328125" lon="7.3022256977856159210205078125">
        <ele>252.399993896484375</ele>
        <time>2026-02-22T10:51:03.000Z</time>
        <extensions>
          <ns3:TrackPointExtension>
            <ns3:hr>168</ns3:hr>
          </ns3:TrackPointExtension>
        </extensions>
      </trkpt>
      <trkpt lat="43.71707461774349212646484375" lon="7.3021526075899600982666015625">
        <ele>253.1999969482421875</ele>
        <time>2026-02-22T10:51:09.000Z</time>
        <extensions>
          <ns3:TrackPointExtension>
            <ns3:hr>171</ns3:hr>
          </ns3:TrackPointExtension>
        </extensions>
      </trkpt>
      <trkpt lat="43.71705056168138980865478515625" lon="7.30212285183370113372802734375">
        <ele>253.399993896484375</ele>
        <time>2026-02-22T10:51:11.000Z</time>
        <extensions>
          <ns3:TrackPointExtension>
            <ns3:hr>171</ns3:hr>
          </ns3:TrackPointExtension>
        </extensions>
      </trkpt>
      <trkpt lat="43.71696808375418186187744140625" lon="7.30201003141701221466064453125">
        <ele>253.600006103515625</ele>
        <time>2026-02-22T10:51:19.000Z</time>
        <extensions>
          <ns3:TrackPointExtension>
            <ns3:hr>170</ns3:hr>
          </ns3:TrackPointExtension>
        </extensions>
      </trkpt>
      <trkpt lat="43.71691343374550342559814453125" lon="7.30195286683738231658935546875">
        <ele>254</ele>
        <time>2026-02-22T10:51:27.000Z</time>
        <extensions>
          <ns3:TrackPointExtension>
            <ns3:hr>168</ns3:hr>
          </ns3:TrackPointExtension>
        </extensions>
      </trkpt>
      <trkpt lat="43.716941177845001220703125" lon="7.30200835503637790679931640625">
        <ele>252.8000030517578125</ele>
        <time>2026-02-22T10:52:06.000Z</time>
        <extensions>
          <ns3:TrackPointExtension>
            <ns3:hr>155</ns3:hr>
          </ns3:TrackPointExtension>
        </extensions>
      </trkpt>
      <trkpt lat="43.7169532477855682373046875" lon="7.3020275495946407318115234375">
        <ele>252.8000030517578125</ele>
        <time>2026-02-22T10:52:07.000Z</time>
        <extensions>
          <ns3:TrackPointExtension>
            <ns3:hr>155</ns3:hr>
          </ns3:TrackPointExtension>
        </extensions>
      </trkpt>
      <trkpt lat="43.71697026304900646209716796875" lon="7.302070297300815582275390625">
        <ele>253</ele>
        <time>2026-02-22T10:52:09.000Z</time>
        <extensions>
          <ns3:TrackPointExtension>
            <ns3:hr>154</ns3:hr>
          </ns3:TrackPointExtension>
        </extensions>
      </trkpt>
      <trkpt lat="43.716992475092411041259765625" lon="7.30214045383036136627197265625">
        <ele>253</ele>
        <time>2026-02-22T10:52:12.000Z</time>
        <extensions>
          <ns3:TrackPointExtension>
            <ns3:hr>148</ns3:hr>
          </ns3:TrackPointExtension>
        </extensions>
      </trkpt>
      <trkpt lat="43.7170311994850635528564453125" lon="7.3022374324500560760498046875">
        <ele>253.1999969482421875</ele>
        <time>2026-02-22T10:52:16.000Z</time>
        <extensions>
          <ns3:TrackPointExtension>
            <ns3:hr>147</ns3:hr>
          </ns3:TrackPointExtension>
        </extensions>
      </trkpt>
      <trkpt lat="43.71708459220826625823974609375" lon="7.30242669582366943359375">
        <ele>254.600006103515625</ele>
        <time>2026-02-22T10:52:23.000Z</time>
        <extensions>
          <ns3:TrackPointExtension>
            <ns3:hr>148</ns3:hr>
          </ns3:TrackPointExtension>
        </extensions>
      </trkpt>
      <trkpt lat="43.7171146832406520843505859375" lon="7.30253440327942371368408203125">
        <ele>255.600006103515625</ele>
        <time>2026-02-22T10:52:27.000Z</time>
        <extensions>
          <ns3:TrackPointExtension>
            <ns3:hr>148</ns3:hr>
          </ns3:TrackPointExtension>
        </extensions>
      </trkpt>
      <trkpt lat="43.71714091859757900238037109375" lon="7.30263079516589641571044921875">
        <ele>256.20001220703125</ele>
        <time>2026-02-22T10:52:31.000Z</time>
        <extensions>
          <ns3:TrackPointExtension>
            <ns3:hr>152</ns3:hr>
          </ns3:TrackPointExtension>
        </extensions>
      </trkpt>
      <trkpt lat="43.71715986169874668121337890625" lon="7.30267387814819812774658203125">
        <ele>256.79998779296875</ele>
        <time>2026-02-22T10:52:33.000Z</time>
        <extensions>
          <ns3:TrackPointExtension>
            <ns3:hr>155</ns3:hr>
          </ns3:TrackPointExtension>
        </extensions>
      </trkpt>
      <trkpt lat="43.71723328717052936553955078125" lon="7.302791811525821685791015625">
        <ele>257.79998779296875</ele>
        <time>2026-02-22T10:52:39.000Z</time>
        <extensions>
          <ns3:TrackPointExtension>
            <ns3:hr>158</ns3:hr>
          </ns3:TrackPointExtension>
        </extensions>
      </trkpt>
      <trkpt lat="43.71728056110441684722900390625" lon="7.3028583638370037078857421875">
        <ele>259</ele>
        <time>2026-02-22T10:52:43.000Z</time>
        <extensions>
          <ns3:TrackPointExtension>
            <ns3:hr>160</ns3:hr>
          </ns3:TrackPointExtension>
        </extensions>
      </trkpt>
      <trkpt lat="43.71730939485132694244384765625" lon="7.30288543738424777984619140625">
        <ele>259.20001220703125</ele>
        <time>2026-02-22T10:52:45.000Z</time>
        <extensions>
          <ns3:TrackPointExtension>
            <ns3:hr>161</ns3:hr>
          </ns3:TrackPointExtension>
        </extensions>
      </trkpt>
      <trkpt lat="43.71732163242995738983154296875" lon="7.3029039613902568817138671875">
        <ele>259.399993896484375</ele>
        <time>2026-02-22T10:52:46.000Z</time>
        <extensions>
          <ns3:TrackPointExtension>
            <ns3:hr>161</ns3:hr>
          </ns3:TrackPointExtension>
        </extensions>
      </trkpt>
      <trkpt lat="43.7173363007605075836181640625" lon="7.3029418475925922393798828125">
        <ele>260</ele>
        <time>2026-02-22T10:52:48.000Z</time>
        <extensions>
          <ns3:TrackPointExtension>
            <ns3:hr>164</ns3:hr>
          </ns3:TrackPointExtension>
        </extensions>
      </trkpt>
      <trkpt lat="43.7173493765294551849365234375" lon="7.3029606230556964874267578125">
        <ele>260.399993896484375</ele>
        <time>2026-02-22T10:52:49.000Z</time>
        <extensions>
          <ns3:TrackPointExtension>
            <ns3:hr>165</ns3:hr>
          </ns3:TrackPointExtension>
        </extensions>
      </trkpt>
      <trkpt lat="43.71736521832644939422607421875" lon="7.30297395028173923492431640625">
        <ele>260.399993896484375</ele>
        <time>2026-02-22T10:52:50.000Z</time>
        <extensions>
          <ns3:TrackPointExtension>
            <ns3:hr>166</ns3:hr>
          </ns3:TrackPointExtension>
        </extensions>
      </trkpt>
      <trkpt lat="43.71749974787235260009765625" lon="7.303091548383235931396484375">
        <ele>261.399993896484375</ele>
        <time>2026-02-22T10:52:58.000Z</time>
        <extensions>
          <ns3:TrackPointExtension>
            <ns3:hr>167</ns3:hr>
          </ns3:TrackPointExtension>
        </extensions>
      </trkpt>
      <trkpt lat="43.7175191938877105712890625" lon="7.30310169048607349395751953125">
        <ele>261.399993896484375</ele>
        <time>2026-02-22T10:52:59.000Z</time>
        <extensions>
          <ns3:TrackPointExtension>
            <ns3:hr>167</ns3:hr>
          </ns3:TrackPointExtension>
        </extensions>
      </trkpt>
      <trkpt lat="43.71761499904096126556396484375" lon="7.30316002853214740753173828125">
        <ele>262</ele>
        <time>2026-02-22T10:53:04.000Z</time>
        <extensions>
          <ns3:TrackPointExtension>
            <ns3:hr>167</ns3:hr>
          </ns3:TrackPointExtension>
        </extensions>
      </trkpt>
      <trkpt lat="43.71766042895615100860595703125" lon="7.3031829111278057098388671875">
        <ele>262.600006103515625</ele>
        <time>2026-02-22T10:53:07.000Z</time>
        <extensions>
          <ns3:TrackPointExtension>
            <ns3:hr>168</ns3:hr>
          </ns3:TrackPointExtension>
        </extensions>
      </trkpt>
      <trkpt lat="43.7176953814923763275146484375" lon="7.3031959868967533111572265625">
        <ele>263</ele>
        <time>2026-02-22T10:53:10.000Z</time>
        <extensions>
          <ns3:TrackPointExtension>
            <ns3:hr>168</ns3:hr>
          </ns3:TrackPointExtension>
        </extensions>
      </trkpt>
      <trkpt lat="43.7176953814923763275146484375" lon="7.3031959868967533111572265625">
        <ele>263</ele>
        <time>2026-02-22T10:53:11.000Z</time>
        <extensions>
          <ns3:TrackPointExtension>
            <ns3:hr>168</ns3:hr>
          </ns3:TrackPointExtension>
        </extensions>
      </trkpt>
      <trkpt lat="43.71764064766466617584228515625" lon="7.3032150976359844207763671875">
        <ele>263.20001220703125</ele>
        <time>2026-02-22T10:53:50.000Z</time>
        <extensions>
          <ns3:TrackPointExtension>
            <ns3:hr>149</ns3:hr>
          </ns3:TrackPointExtension>
        </extensions>
      </trkpt>
      <trkpt lat="43.71761432848870754241943359375" lon="7.30319422669708728790283203125">
        <ele>263.20001220703125</ele>
        <time>2026-02-22T10:53:52.000Z</time>
        <extensions>
          <ns3:TrackPointExtension>
            <ns3:hr>147</ns3:hr>
          </ns3:TrackPointExtension>
        </extensions>
      </trkpt>
      <trkpt lat="43.71759806759655475616455078125" lon="7.30319472961127758026123046875">
        <ele>263.399993896484375</ele>
        <time>2026-02-22T10:53:53.000Z</time>
        <extensions>
          <ns3:TrackPointExtension>
            <ns3:hr>147</ns3:hr>
          </ns3:TrackPointExtension>
        </extensions>
      </trkpt>
      <trkpt lat="43.71756688691675662994384765625" lon="7.303196154534816741943359375">
        <ele>263.79998779296875</ele>
        <time>2026-02-22T10:53:55.000Z</time>
        <extensions>
          <ns3:TrackPointExtension>
            <ns3:hr>146</ns3:hr>
          </ns3:TrackPointExtension>
        </extensions>
      </trkpt>
      <trkpt lat="43.7175522185862064361572265625" lon="7.30319724418222904205322265625">
        <ele>264</ele>
        <time>2026-02-22T10:53:56.000Z</time>
        <extensions>
          <ns3:TrackPointExtension>
            <ns3:hr>146</ns3:hr>
          </ns3:TrackPointExtension>
        </extensions>
      </trkpt>
      <trkpt lat="43.7174928747117519378662109375" lon="7.303159944713115692138671875">
        <ele>264.600006103515625</ele>
        <time>2026-02-22T10:54:00.000Z</time>
        <extensions>
          <ns3:TrackPointExtension>
            <ns3:hr>145</ns3:hr>
          </ns3:TrackPointExtension>
        </extensions>
      </trkpt>
      <trkpt lat="43.71747720055282115936279296875" lon="7.3031554184854030609130859375">
        <ele>265</ele>
        <time>2026-02-22T10:54:01.000Z</time>
        <extensions>
          <ns3:TrackPointExtension>
            <ns3:hr>145</ns3:hr>
          </ns3:TrackPointExtension>
        </extensions>
      </trkpt>
      <trkpt lat="43.717459179461002349853515625" lon="7.3031544126570224761962890625">
        <ele>265.20001220703125</ele>
        <time>2026-02-22T10:54:02.000Z</time>
        <extensions>
          <ns3:TrackPointExtension>
            <ns3:hr>145</ns3:hr>
          </ns3:TrackPointExtension>
        </extensions>
      </trkpt>
      <trkpt lat="43.71739086695015430450439453125" lon="7.30314611457288265228271484375">
        <ele>266</ele>
        <time>2026-02-22T10:54:06.000Z</time>
        <extensions>
          <ns3:TrackPointExtension>
            <ns3:hr>146</ns3:hr>
          </ns3:TrackPointExtension>
        </extensions>
      </trkpt>
      <trkpt lat="43.71735314838588237762451171875" lon="7.30313806794583797454833984375">
        <ele>266.399993896484375</ele>
        <time>2026-02-22T10:54:08.000Z</time>
        <extensions>
          <ns3:TrackPointExtension>
            <ns3:hr>146</ns3:hr>
          </ns3:TrackPointExtension>
        </extensions>
      </trkpt>
      <trkpt lat="43.717284165322780609130859375" lon="7.30310571379959583282470703125">
        <ele>266.600006103515625</ele>
        <time>2026-02-22T10:54:11.000Z</time>
        <extensions>
          <ns3:TrackPointExtension>
            <ns3:hr>150</ns3:hr>
          </ns3:TrackPointExtension>
        </extensions>
      </trkpt>
      <trkpt lat="43.71725834906101226806640625" lon="7.30308442376554012298583984375">
        <ele>267</ele>
        <time>2026-02-22T10:54:13.000Z</time>
        <extensions>
          <ns3:TrackPointExtension>
            <ns3:hr>152</ns3:hr>
          </ns3:TrackPointExtension>
        </extensions>
      </trkpt>
      <trkpt lat="43.71724736876785755157470703125" lon="7.30307470075786113739013671875">
        <ele>267.20001220703125</ele>
        <time>2026-02-22T10:54:14.000Z</time>
        <extensions>
          <ns3:TrackPointExtension>
            <ns3:hr>154</ns3:hr>
          </ns3:TrackPointExtension>
        </extensions>
      </trkpt>
      <trkpt lat="43.7172214686870574951171875" lon="7.303040586411952972412109375">
        <ele>267.600006103515625</ele>
        <time>2026-02-22T10:54:16.000Z</time>
        <extensions>
          <ns3:TrackPointExtension>
            <ns3:hr>156</ns3:hr>
          </ns3:TrackPointExtension>
        </extensions>
      </trkpt>
      <trkpt lat="43.717207722365856170654296875" lon="7.303011417388916015625">
        <ele>268</ele>
        <time>2026-02-22T10:54:18.000Z</time>
        <extensions>
          <ns3:TrackPointExtension>
            <ns3:hr>157</ns3:hr>
          </ns3:TrackPointExtension>
        </extensions>
      </trkpt>
      <trkpt lat="43.7171871028840541839599609375" lon="7.30299473740160465240478515625">
        <ele>268.20001220703125</ele>
        <time>2026-02-22T10:54:20.000Z</time>
        <extensions>
          <ns3:TrackPointExtension>
            <ns3:hr>157</ns3:hr>
          </ns3:TrackPointExtension>
        </extensions>
      </trkpt>
      <trkpt lat="43.717108480632305145263671875" lon="7.30292952619493007659912109375">
        <ele>269.20001220703125</ele>
        <time>2026-02-22T10:54:25.000Z</time>
        <extensions>
          <ns3:TrackPointExtension>
            <ns3:hr>158</ns3:hr>
          </ns3:TrackPointExtension>
        </extensions>
      </trkpt>
      <trkpt lat="43.71705575846135616302490234375" lon="7.302899099886417388916015625">
        <ele>269.79998779296875</ele>
        <time>2026-02-22T10:54:28.000Z</time>
        <extensions>
          <ns3:TrackPointExtension>
            <ns3:hr>161</ns3:hr>
          </ns3:TrackPointExtension>
        </extensions>
      </trkpt>
      <trkpt lat="43.7170281819999217987060546875" lon="7.30287621729075908660888671875">
        <ele>270.600006103515625</ele>
        <time>2026-02-22T10:54:31.000Z</time>
        <extensions>
          <ns3:TrackPointExtension>
            <ns3:hr>162</ns3:hr>
          </ns3:TrackPointExtension>
        </extensions>
      </trkpt>
      <trkpt lat="43.7170281819999217987060546875" lon="7.30287621729075908660888671875">
        <ele>270.600006103515625</ele>
        <time>2026-02-22T10:54:32.000Z</time>
        <extensions>
          <ns3:TrackPointExtension>
            <ns3:hr>162</ns3:hr>
          </ns3:TrackPointExtension>
        </extensions>
      </trkpt>
      <trkpt lat="43.7169902957975864410400390625" lon="7.30284235440194606781005859375">
        <ele>270.399993896484375</ele>
        <time>2026-02-22T10:54:53.000Z</time>
        <extensions>
          <ns3:TrackPointExtension>
            <ns3:hr>164</ns3:hr>
          </ns3:TrackPointExtension>
        </extensions>
      </trkpt>
      <trkpt lat="43.7169480510056018829345703125" lon="7.30279558338224887847900390625">
        <ele>270.600006103515625</ele>
        <time>2026-02-22T10:54:56.000Z</time>
        <extensions>
          <ns3:TrackPointExtension>
            <ns3:hr>163</ns3:hr>
          </ns3:TrackPointExtension>
        </extensions>
      </trkpt>
      <trkpt lat="43.71690790168941020965576171875" lon="7.3027188889682292938232421875">
        <ele>271.399993896484375</ele>
        <time>2026-02-22T10:54:59.000Z</time>
        <extensions>
          <ns3:TrackPointExtension>
            <ns3:hr>160</ns3:hr>
          </ns3:TrackPointExtension>
        </extensions>
      </trkpt>
      <trkpt lat="43.7168940715491771697998046875" lon="7.3026940785348415374755859375">
        <ele>271.600006103515625</ele>
        <time>2026-02-22T10:55:00.000Z</time>
        <extensions>
          <ns3:TrackPointExtension>
            <ns3:hr>159</ns3:hr>
          </ns3:TrackPointExtension>
        </extensions>
      </trkpt>
      <trkpt lat="43.71686699800193309783935546875" lon="7.30264018289744853973388671875">
        <ele>272</ele>
        <time>2026-02-22T10:55:02.000Z</time>
        <extensions>
          <ns3:TrackPointExtension>
            <ns3:hr>156</ns3:hr>
          </ns3:TrackPointExtension>
        </extensions>
      </trkpt>
      <trkpt lat="43.71685258112847805023193359375" lon="7.30261336080729961395263671875">
        <ele>272.20001220703125</ele>
        <time>2026-02-22T10:55:03.000Z</time>
        <extensions>
          <ns3:TrackPointExtension>
            <ns3:hr>156</ns3:hr>
          </ns3:TrackPointExtension>
        </extensions>
      </trkpt>
      <trkpt lat="43.71683984063565731048583984375" lon="7.30258964002132415771484375">
        <ele>272.600006103515625</ele>
        <time>2026-02-22T10:55:04.000Z</time>
        <extensions>
          <ns3:TrackPointExtension>
            <ns3:hr>156</ns3:hr>
          </ns3:TrackPointExtension>
        </extensions>
      </trkpt>
      <trkpt lat="43.71678493916988372802734375" lon="7.3024821840226650238037109375">
        <ele>273.79998779296875</ele>
        <time>2026-02-22T10:55:08.000Z</time>
        <extensions>
          <ns3:TrackPointExtension>
            <ns3:hr>156</ns3:hr>
          </ns3:TrackPointExtension>
        </extensions>
      </trkpt>
      <trkpt lat="43.716739676892757415771484375" lon="7.3023755662143230438232421875">
        <ele>274.399993896484375</ele>
        <time>2026-02-22T10:55:12.000Z</time>
        <extensions>
          <ns3:TrackPointExtension>
            <ns3:hr>157</ns3:hr>
          </ns3:TrackPointExtension>
        </extensions>
      </trkpt>
      <trkpt lat="43.71660145930945873260498046875" lon="7.30222863145172595977783203125">
        <ele>274.399993896484375</ele>
        <time>2026-02-22T10:55:18.000Z</time>
        <extensions>
          <ns3:TrackPointExtension>
            <ns3:hr>157</ns3:hr>
          </ns3:TrackPointExtension>
        </extensions>
      </trkpt>
      <trkpt lat="43.71647422201931476593017578125" lon="7.3022161424160003662109375">
        <ele>274.20001220703125</ele>
        <time>2026-02-22T10:55:22.000Z</time>
        <extensions>
          <ns3:TrackPointExtension>
            <ns3:hr>156</ns3:hr>
          </ns3:TrackPointExtension>
        </extensions>
      </trkpt>
      <trkpt lat="43.71634782291948795318603515625" lon="7.30219845660030841827392578125">
        <ele>273.79998779296875</ele>
        <time>2026-02-22T10:55:26.000Z</time>
        <extensions>
          <ns3:TrackPointExtension>
            <ns3:hr>153</ns3:hr>
          </ns3:TrackPointExtension>
        </extensions>
      </trkpt>
      <trkpt lat="43.7162429653108119964599609375" lon="7.30215755291283130645751953125">
        <ele>273.600006103515625</ele>
        <time>2026-02-22T10:55:30.000Z</time>
        <extensions>
          <ns3:TrackPointExtension>
            <ns3:hr>152</ns3:hr>
          </ns3:TrackPointExtension>
        </extensions>
      </trkpt>
      <trkpt lat="43.71616124175488948822021484375" lon="7.3020909167826175689697265625">
        <ele>273.600006103515625</ele>
        <time>2026-02-22T10:55:33.000Z</time>
        <extensions>
          <ns3:TrackPointExtension>
            <ns3:hr>149</ns3:hr>
          </ns3:TrackPointExtension>
        </extensions>
      </trkpt>
      <trkpt lat="43.71610458008944988250732421875" lon="7.30206417851150035858154296875">
        <ele>273.600006103515625</ele>
        <time>2026-02-22T10:55:35.000Z</time>
        <extensions>
          <ns3:TrackPointExtension>
            <ns3:hr>148</ns3:hr>
          </ns3:TrackPointExtension>
        </extensions>
      </trkpt>
      <trkpt lat="43.71607775799930095672607421875" lon="7.30205914936959743499755859375">
        <ele>273.79998779296875</ele>
        <time>2026-02-22T10:55:39.000Z</time>
        <extensions>
          <ns3:TrackPointExtension>
            <ns3:hr>147</ns3:hr>
          </ns3:TrackPointExtension>
        </extensions>
      </trkpt>
      <trkpt lat="43.7160974554717540740966796875" lon="7.30206585489213466644287109375">
        <ele>272.79998779296875</ele>
        <time>2026-02-22T10:56:01.000Z</time>
        <extensions>
          <ns3:TrackPointExtension>
            <ns3:hr>141</ns3:hr>
          </ns3:TrackPointExtension>
        </extensions>
      </trkpt>
      <trkpt lat="43.7160974554717540740966796875" lon="7.30206585489213466644287109375">
        <ele>272.79998779296875</ele>
        <time>2026-02-22T10:56:03.000Z</time>
        <extensions>
          <ns3:TrackPointExtension>
            <ns3:hr>140</ns3:hr>
          </ns3:TrackPointExtension>
        </extensions>
      </trkpt>
      <trkpt lat="43.71613374911248683929443359375" lon="7.30206803418695926666259765625">
        <ele>272.600006103515625</ele>
        <time>2026-02-22T10:56:08.000Z</time>
        <extensions>
          <ns3:TrackPointExtension>
            <ns3:hr>140</ns3:hr>
          </ns3:TrackPointExtension>
        </extensions>
      </trkpt>
      <trkpt lat="43.7162382714450359344482421875" lon="7.30211882852017879486083984375">
        <ele>272.79998779296875</ele>
        <time>2026-02-22T10:56:13.000Z</time>
        <extensions>
          <ns3:TrackPointExtension>
            <ns3:hr>140</ns3:hr>
          </ns3:TrackPointExtension>
        </extensions>
      </trkpt>
      <trkpt lat="43.716449998319149017333984375" lon="7.3021787591278553009033203125">
        <ele>273.79998779296875</ele>
        <time>2026-02-22T10:56:21.000Z</time>
        <extensions>
          <ns3:TrackPointExtension>
            <ns3:hr>139</ns3:hr>
          </ns3:TrackPointExtension>
        </extensions>
      </trkpt>
      <trkpt lat="43.71663381345570087432861328125" lon="7.30223424732685089111328125">
        <ele>275</ele>
        <time>2026-02-22T10:56:28.000Z</time>
        <extensions>
          <ns3:TrackPointExtension>
            <ns3:hr>139</ns3:hr>
          </ns3:TrackPointExtension>
        </extensions>
      </trkpt>
      <trkpt lat="43.716706819832324981689453125" lon="7.30233340524137020111083984375">
        <ele>275.600006103515625</ele>
        <time>2026-02-22T10:56:32.000Z</time>
        <extensions>
          <ns3:TrackPointExtension>
            <ns3:hr>138</ns3:hr>
          </ns3:TrackPointExtension>
        </extensions>
      </trkpt>
      <trkpt lat="43.716746382415294647216796875" lon="7.30242845602333545684814453125">
        <ele>275.79998779296875</ele>
        <time>2026-02-22T10:56:36.000Z</time>
        <extensions>
          <ns3:TrackPointExtension>
            <ns3:hr>145</ns3:hr>
          </ns3:TrackPointExtension>
        </extensions>
      </trkpt>
      <trkpt lat="43.71675937436521053314208984375" lon="7.30245728977024555206298828125">
        <ele>275.79998779296875</ele>
        <time>2026-02-22T10:56:37.000Z</time>
        <extensions>
          <ns3:TrackPointExtension>
            <ns3:hr>145</ns3:hr>
          </ns3:TrackPointExtension>
        </extensions>
      </trkpt>
      <trkpt lat="43.71686213649809360504150390625" lon="7.30268645100295543670654296875">
        <ele>275.20001220703125</ele>
        <time>2026-02-22T10:56:43.000Z</time>
        <extensions>
          <ns3:TrackPointExtension>
            <ns3:hr>145</ns3:hr>
          </ns3:TrackPointExtension>
        </extensions>
      </trkpt>
      <trkpt lat="43.7169624678790569305419921875" lon="7.30284470133483409881591796875">
        <ele>273.79998779296875</ele>
        <time>2026-02-22T10:56:47.000Z</time>
        <extensions>
          <ns3:TrackPointExtension>
            <ns3:hr>145</ns3:hr>
          </ns3:TrackPointExtension>
        </extensions>
      </trkpt>
      <trkpt lat="43.71703161858022212982177734375" lon="7.3029569350183010101318359375">
        <ele>273.399993896484375</ele>
        <time>2026-02-22T10:56:50.000Z</time>
        <extensions>
          <ns3:TrackPointExtension>
            <ns3:hr>145</ns3:hr>
          </ns3:TrackPointExtension>
        </extensions>
      </trkpt>
      <trkpt lat="43.71715650893747806549072265625" lon="7.30311376042664051055908203125">
        <ele>273.79998779296875</ele>
        <time>2026-02-22T10:56:55.000Z</time>
        <extensions>
          <ns3:TrackPointExtension>
            <ns3:hr>144</ns3:hr>
          </ns3:TrackPointExtension>
        </extensions>
      </trkpt>
      <trkpt lat="43.7173440121114253997802734375" lon="7.3032536543905735015869140625">
        <ele>274.20001220703125</ele>
        <time>2026-02-22T10:57:02.000Z</time>
        <extensions>
          <ns3:TrackPointExtension>
            <ns3:hr>142</ns3:hr>
          </ns3:TrackPointExtension>
        </extensions>
      </trkpt>
      <trkpt lat="43.71747854165732860565185546875" lon="7.3033569194376468658447265625">
        <ele>275</ele>
        <time>2026-02-22T10:57:07.000Z</time>
        <extensions>
          <ns3:TrackPointExtension>
            <ns3:hr>142</ns3:hr>
          </ns3:TrackPointExtension>
        </extensions>
      </trkpt>
      <trkpt lat="43.71755213476717472076416015625" lon="7.30339874513447284698486328125">
        <ele>275.79998779296875</ele>
        <time>2026-02-22T10:57:10.000Z</time>
        <extensions>
          <ns3:TrackPointExtension>
            <ns3:hr>142</ns3:hr>
          </ns3:TrackPointExtension>
        </extensions>
      </trkpt>
      <trkpt lat="43.7175937928259372711181640625" lon="7.30341483838856220245361328125">
        <ele>276</ele>
        <time>2026-02-22T10:57:12.000Z</time>
        <extensions>
          <ns3:TrackPointExtension>
            <ns3:hr>142</ns3:hr>
          </ns3:TrackPointExtension>
        </extensions>
      </trkpt>
      <trkpt lat="43.71766780503094196319580078125" lon="7.303421460092067718505859375">
        <ele>276.600006103515625</ele>
        <time>2026-02-22T10:57:15.000Z</time>
        <extensions>
          <ns3:TrackPointExtension>
            <ns3:hr>143</ns3:hr>
          </ns3:TrackPointExtension>
        </extensions>
      </trkpt>
      <trkpt lat="43.717725388705730438232421875" lon="7.3034316860139369964599609375">
        <ele>277.20001220703125</ele>
        <time>2026-02-22T10:57:17.000Z</time>
        <extensions>
          <ns3:TrackPointExtension>
            <ns3:hr>143</ns3:hr>
          </ns3:TrackPointExtension>
        </extensions>
      </trkpt>
      <trkpt lat="43.71787399984896183013916015625" lon="7.30347150005400180816650390625">
        <ele>278.20001220703125</ele>
        <time>2026-02-22T10:57:22.000Z</time>
        <extensions>
          <ns3:TrackPointExtension>
            <ns3:hr>144</ns3:hr>
          </ns3:TrackPointExtension>
        </extensions>
      </trkpt>
      <trkpt lat="43.71792395599186420440673828125" lon="7.303473763167858123779296875">
        <ele>278.79998779296875</ele>
        <time>2026-02-22T10:57:24.000Z</time>
        <extensions>
          <ns3:TrackPointExtension>
            <ns3:hr>145</ns3:hr>
          </ns3:TrackPointExtension>
        </extensions>
      </trkpt>
      <trkpt lat="43.71800224296748638153076171875" lon="7.30349144898355007171630859375">
        <ele>279.600006103515625</ele>
        <time>2026-02-22T10:57:27.000Z</time>
        <extensions>
          <ns3:TrackPointExtension>
            <ns3:hr>145</ns3:hr>
          </ns3:TrackPointExtension>
        </extensions>
      </trkpt>
      <trkpt lat="43.71813115663826465606689453125" lon="7.30351408012211322784423828125">
        <ele>280.20001220703125</ele>
        <time>2026-02-22T10:57:32.000Z</time>
        <extensions>
          <ns3:TrackPointExtension>
            <ns3:hr>147</ns3:hr>
          </ns3:TrackPointExtension>
        </extensions>
      </trkpt>
      <trkpt lat="43.718165270984172821044921875" lon="7.3035265691578388214111328125">
        <ele>280.79998779296875</ele>
        <time>2026-02-22T10:57:34.000Z</time>
        <extensions>
          <ns3:TrackPointExtension>
            <ns3:hr>150</ns3:hr>
          </ns3:TrackPointExtension>
        </extensions>
      </trkpt>
      <trkpt lat="43.7182294763624668121337890625" lon="7.30351910926401615142822265625">
        <ele>281.20001220703125</ele>
        <time>2026-02-22T10:57:37.000Z</time>
        <extensions>
          <ns3:TrackPointExtension>
            <ns3:hr>156</ns3:hr>
          </ns3:TrackPointExtension>
        </extensions>
      </trkpt>
      <trkpt lat="43.7182516045868396759033203125" lon="7.3035181872546672821044921875">
        <ele>281.20001220703125</ele>
        <time>2026-02-22T10:57:38.000Z</time>
        <extensions>
          <ns3:TrackPointExtension>
            <ns3:hr>156</ns3:hr>
          </ns3:TrackPointExtension>
        </extensions>
      </trkpt>
      <trkpt lat="43.71827230788767337799072265625" lon="7.303508631885051727294921875">
        <ele>281.399993896484375</ele>
        <time>2026-02-22T10:57:39.000Z</time>
        <extensions>
          <ns3:TrackPointExtension>
            <ns3:hr>161</ns3:hr>
          </ns3:TrackPointExtension>
        </extensions>
      </trkpt>
      <trkpt lat="43.7182928435504436492919921875" lon="7.30350024998188018798828125">
        <ele>281.600006103515625</ele>
        <time>2026-02-22T10:57:40.000Z</time>
        <extensions>
          <ns3:TrackPointExtension>
            <ns3:hr>161</ns3:hr>
          </ns3:TrackPointExtension>
        </extensions>
      </trkpt>
      <trkpt lat="43.71833969838917255401611328125" lon="7.30349362827837467193603515625">
        <ele>281.79998779296875</ele>
        <time>2026-02-22T10:57:42.000Z</time>
        <extensions>
          <ns3:TrackPointExtension>
            <ns3:hr>162</ns3:hr>
          </ns3:TrackPointExtension>
        </extensions>
      </trkpt>
      <trkpt lat="43.718423433601856231689453125" lon="7.30346898548305034637451171875">
        <ele>282.399993896484375</ele>
        <time>2026-02-22T10:57:46.000Z</time>
        <extensions>
          <ns3:TrackPointExtension>
            <ns3:hr>162</ns3:hr>
          </ns3:TrackPointExtension>
        </extensions>
      </trkpt>
      <trkpt lat="43.7184634990990161895751953125" lon="7.30346714146435260772705078125">
        <ele>283</ele>
        <time>2026-02-22T10:57:48.000Z</time>
        <extensions>
          <ns3:TrackPointExtension>
            <ns3:hr>162</ns3:hr>
          </ns3:TrackPointExtension>
        </extensions>
      </trkpt>
      <trkpt lat="43.7185382656753063201904296875" lon="7.30346496216952800750732421875">
        <ele>283.399993896484375</ele>
        <time>2026-02-22T10:57:52.000Z</time>
        <extensions>
          <ns3:TrackPointExtension>
            <ns3:hr>162</ns3:hr>
          </ns3:TrackPointExtension>
        </extensions>
      </trkpt>
      <trkpt lat="43.71859970502555370330810546875" lon="7.3034821450710296630859375">
        <ele>284.20001220703125</ele>
        <time>2026-02-22T10:57:55.000Z</time>
        <extensions>
          <ns3:TrackPointExtension>
            <ns3:hr>163</ns3:hr>
          </ns3:TrackPointExtension>
        </extensions>
      </trkpt>
      <trkpt lat="43.71866240166127681732177734375" lon="7.3035111464560031890869140625">
        <ele>284.600006103515625</ele>
        <time>2026-02-22T10:57:59.000Z</time>
        <extensions>
          <ns3:TrackPointExtension>
            <ns3:hr>163</ns3:hr>
          </ns3:TrackPointExtension>
        </extensions>
      </trkpt>
      <trkpt lat="43.71875208802521228790283203125" lon="7.30354878120124340057373046875">
        <ele>285.20001220703125</ele>
        <time>2026-02-22T10:58:04.000Z</time>
        <extensions>
          <ns3:TrackPointExtension>
            <ns3:hr>163</ns3:hr>
          </ns3:TrackPointExtension>
        </extensions>
      </trkpt>
      <trkpt lat="43.71878813020884990692138671875" lon="7.30354710482060909271240234375">
        <ele>285.399993896484375</ele>
        <time>2026-02-22T10:58:06.000Z</time>
        <extensions>
          <ns3:TrackPointExtension>
            <ns3:hr>163</ns3:hr>
          </ns3:TrackPointExtension>
        </extensions>
      </trkpt>
      <trkpt lat="43.71887437999248504638671875" lon="7.3035751841962337493896484375">
        <ele>286.20001220703125</ele>
        <time>2026-02-22T10:58:11.000Z</time>
        <extensions>
          <ns3:TrackPointExtension>
            <ns3:hr>164</ns3:hr>
          </ns3:TrackPointExtension>
        </extensions>
      </trkpt>
      <trkpt lat="43.7189563550055027008056640625" lon="7.30356152169406414031982421875">
        <ele>286.600006103515625</ele>
        <time>2026-02-22T10:58:15.000Z</time>
        <extensions>
          <ns3:TrackPointExtension>
            <ns3:hr>164</ns3:hr>
          </ns3:TrackPointExtension>
        </extensions>
      </trkpt>
      <trkpt lat="43.71905132196843624114990234375" lon="7.30350024998188018798828125">
        <ele>287.20001220703125</ele>
        <time>2026-02-22T10:58:20.000Z</time>
        <extensions>
          <ns3:TrackPointExtension>
            <ns3:hr>164</ns3:hr>
          </ns3:TrackPointExtension>
        </extensions>
      </trkpt>
      <trkpt lat="43.71914335526525974273681640625" lon="7.30345758609473705291748046875">
        <ele>288</ele>
        <time>2026-02-22T10:58:25.000Z</time>
        <extensions>
          <ns3:TrackPointExtension>
            <ns3:hr>162</ns3:hr>
          </ns3:TrackPointExtension>
        </extensions>
      </trkpt>
      <trkpt lat="43.71916808187961578369140625" lon="7.3034353740513324737548828125">
        <ele>288.399993896484375</ele>
        <time>2026-02-22T10:58:27.000Z</time>
        <extensions>
          <ns3:TrackPointExtension>
            <ns3:hr>163</ns3:hr>
          </ns3:TrackPointExtension>
        </extensions>
      </trkpt>
      <trkpt lat="43.71918660588562488555908203125" lon="7.30341165326535701751708984375">
        <ele>288.79998779296875</ele>
        <time>2026-02-22T10:58:29.000Z</time>
        <extensions>
          <ns3:TrackPointExtension>
            <ns3:hr>163</ns3:hr>
          </ns3:TrackPointExtension>
        </extensions>
      </trkpt>
      <trkpt lat="43.7192953191697597503662109375" lon="7.30339120142161846160888671875">
        <ele>289.399993896484375</ele>
        <time>2026-02-22T10:58:35.000Z</time>
        <extensions>
          <ns3:TrackPointExtension>
            <ns3:hr>163</ns3:hr>
          </ns3:TrackPointExtension>
        </extensions>
      </trkpt>
      <trkpt lat="43.7193415872752666473388671875" lon="7.3033716715872287750244140625">
        <ele>289.79998779296875</ele>
        <time>2026-02-22T10:58:37.000Z</time>
        <extensions>
          <ns3:TrackPointExtension>
            <ns3:hr>163</ns3:hr>
          </ns3:TrackPointExtension>
        </extensions>
      </trkpt>
      <trkpt lat="43.7194344587624073028564453125" lon="7.303326912224292755126953125">
        <ele>290.79998779296875</ele>
        <time>2026-02-22T10:58:41.000Z</time>
        <extensions>
          <ns3:TrackPointExtension>
            <ns3:hr>164</ns3:hr>
          </ns3:TrackPointExtension>
        </extensions>
      </trkpt>
      <trkpt lat="43.71950461529195308685302734375" lon="7.3032975755631923675537109375">
        <ele>291.20001220703125</ele>
        <time>2026-02-22T10:58:44.000Z</time>
        <extensions>
          <ns3:TrackPointExtension>
            <ns3:hr>164</ns3:hr>
          </ns3:TrackPointExtension>
        </extensions>
      </trkpt>
      <trkpt lat="43.71959765441715717315673828125" lon="7.30323378928005695343017578125">
        <ele>292</ele>
        <time>2026-02-22T10:58:48.000Z</time>
        <extensions>
          <ns3:TrackPointExtension>
            <ns3:hr>165</ns3:hr>
          </ns3:TrackPointExtension>
        </extensions>
      </trkpt>
      <trkpt lat="43.71963906101882457733154296875" lon="7.3031949810683727264404296875">
        <ele>292.20001220703125</ele>
        <time>2026-02-22T10:58:50.000Z</time>
        <extensions>
          <ns3:TrackPointExtension>
            <ns3:hr>165</ns3:hr>
          </ns3:TrackPointExtension>
        </extensions>
      </trkpt>
      <trkpt lat="43.71977292001247406005859375" lon="7.303116023540496826171875">
        <ele>293.20001220703125</ele>
        <time>2026-02-22T10:58:56.000Z</time>
        <extensions>
          <ns3:TrackPointExtension>
            <ns3:hr>164</ns3:hr>
          </ns3:TrackPointExtension>
        </extensions>
      </trkpt>
      <trkpt lat="43.719839639961719512939453125" lon="7.3030719347298145294189453125">
        <ele>293.399993896484375</ele>
        <time>2026-02-22T10:58:59.000Z</time>
        <extensions>
          <ns3:TrackPointExtension>
            <ns3:hr>164</ns3:hr>
          </ns3:TrackPointExtension>
        </extensions>
      </trkpt>
      <trkpt lat="43.71992354281246662139892578125" lon="7.303032539784908294677734375">
        <ele>294.399993896484375</ele>
        <time>2026-02-22T10:59:03.000Z</time>
        <extensions>
          <ns3:TrackPointExtension>
            <ns3:hr>164</ns3:hr>
          </ns3:TrackPointExtension>
        </extensions>
      </trkpt>
      <trkpt lat="43.7199698947370052337646484375" lon="7.30301116593182086944580078125">
        <ele>294.600006103515625</ele>
        <time>2026-02-22T10:59:05.000Z</time>
        <extensions>
          <ns3:TrackPointExtension>
            <ns3:hr>164</ns3:hr>
          </ns3:TrackPointExtension>
        </extensions>
      </trkpt>
      <trkpt lat="43.7201382033526897430419921875" lon="7.30289675295352935791015625">
        <ele>295.399993896484375</ele>
        <time>2026-02-22T10:59:13.000Z</time>
        <extensions>
          <ns3:TrackPointExtension>
            <ns3:hr>164</ns3:hr>
          </ns3:TrackPointExtension>
        </extensions>
      </trkpt>
      <trkpt lat="43.72015790082514286041259765625" lon="7.30288468301296234130859375">
        <ele>295.600006103515625</ele>
        <time>2026-02-22T10:59:14.000Z</time>
        <extensions>
          <ns3:TrackPointExtension>
            <ns3:hr>164</ns3:hr>
          </ns3:TrackPointExtension>
        </extensions>
      </trkpt>
      <trkpt lat="43.7202478386461734771728515625" lon="7.3028459586203098297119140625">
        <ele>296.600006103515625</ele>
        <time>2026-02-22T10:59:18.000Z</time>
        <extensions>
          <ns3:TrackPointExtension>
            <ns3:hr>164</ns3:hr>
          </ns3:TrackPointExtension>
        </extensions>
      </trkpt>
      <trkpt lat="43.72033827938139438629150390625" lon="7.30286657810211181640625">
        <ele>297</ele>
        <time>2026-02-22T10:59:22.000Z</time>
        <extensions>
          <ns3:TrackPointExtension>
            <ns3:hr>163</ns3:hr>
          </ns3:TrackPointExtension>
        </extensions>
      </trkpt>
      <trkpt lat="43.72036979533731937408447265625" lon="7.302912175655364990234375">
        <ele>297.600006103515625</ele>
        <time>2026-02-22T10:59:24.000Z</time>
        <extensions>
          <ns3:TrackPointExtension>
            <ns3:hr>163</ns3:hr>
          </ns3:TrackPointExtension>
        </extensions>
      </trkpt>
      <trkpt lat="43.72040231712162494659423828125" lon="7.3029978387057781219482421875">
        <ele>298.20001220703125</ele>
        <time>2026-02-22T10:59:27.000Z</time>
        <extensions>
          <ns3:TrackPointExtension>
            <ns3:hr>164</ns3:hr>
          </ns3:TrackPointExtension>
        </extensions>
      </trkpt>
      <trkpt lat="43.7204728089272975921630859375" lon="7.30318835936486721038818359375">
        <ele>298.600006103515625</ele>
        <time>2026-02-22T10:59:33.000Z</time>
        <extensions>
          <ns3:TrackPointExtension>
            <ns3:hr>165</ns3:hr>
          </ns3:TrackPointExtension>
        </extensions>
      </trkpt>
      <trkpt lat="43.7204959429800510406494140625" lon="7.30324812233448028564453125">
        <ele>299.20001220703125</ele>
        <time>2026-02-22T10:59:35.000Z</time>
        <extensions>
          <ns3:TrackPointExtension>
            <ns3:hr>165</ns3:hr>
          </ns3:TrackPointExtension>
        </extensions>
      </trkpt>
      <trkpt lat="43.72052737511694431304931640625" lon="7.303308807313442230224609375">
        <ele>299.79998779296875</ele>
        <time>2026-02-22T10:59:37.000Z</time>
        <extensions>
          <ns3:TrackPointExtension>
            <ns3:hr>166</ns3:hr>
          </ns3:TrackPointExtension>
        </extensions>
      </trkpt>
      <trkpt lat="43.72057062573730945587158203125" lon="7.303446941077709197998046875">
        <ele>300</ele>
        <time>2026-02-22T10:59:41.000Z</time>
        <extensions>
          <ns3:TrackPointExtension>
            <ns3:hr>165</ns3:hr>
          </ns3:TrackPointExtension>
        </extensions>
      </trkpt>
      <trkpt lat="43.72065058909356594085693359375" lon="7.30362019501626491546630859375">
        <ele>300</ele>
        <time>2026-02-22T10:59:46.000Z</time>
        <extensions>
          <ns3:TrackPointExtension>
            <ns3:hr>165</ns3:hr>
          </ns3:TrackPointExtension>
        </extensions>
      </trkpt>
      <trkpt lat="43.720739185810089111328125" lon="7.303882129490375518798828125">
        <ele>299.399993896484375</ele>
        <time>2026-02-22T10:59:51.000Z</time>
        <extensions>
          <ns3:TrackPointExtension>
            <ns3:hr>164</ns3:hr>
          </ns3:TrackPointExtension>
        </extensions>
      </trkpt>
      <trkpt lat="43.72074790298938751220703125" lon="7.30393032543361186981201171875">
        <ele>299.399993896484375</ele>
        <time>2026-02-22T10:59:52.000Z</time>
        <extensions>
          <ns3:TrackPointExtension>
            <ns3:hr>163</ns3:hr>
          </ns3:TrackPointExtension>
        </extensions>
      </trkpt>
      <trkpt lat="43.7207929976284503936767578125" lon="7.30426878668367862701416015625">
        <ele>299</ele>
        <time>2026-02-22T10:59:58.000Z</time>
        <extensions>
          <ns3:TrackPointExtension>
            <ns3:hr>161</ns3:hr>
          </ns3:TrackPointExtension>
        </extensions>
      </trkpt>
      <trkpt lat="43.72081839479506015777587890625" lon="7.304425947368144989013671875">
        <ele>298.79998779296875</ele>
        <time>2026-02-22T11:00:01.000Z</time>
        <extensions>
          <ns3:TrackPointExtension>
            <ns3:hr>158</ns3:hr>
          </ns3:TrackPointExtension>
        </extensions>
      </trkpt>
      <trkpt lat="43.72082795016467571258544921875" lon="7.3044981993734836578369140625">
        <ele>298.20001220703125</ele>
        <time>2026-02-22T11:00:03.000Z</time>
        <extensions>
          <ns3:TrackPointExtension>
            <ns3:hr>155</ns3:hr>
          </ns3:TrackPointExtension>
        </extensions>
      </trkpt>
      <trkpt lat="43.7208292074501514434814453125" lon="7.30453097261488437652587890625">
        <ele>298</ele>
        <time>2026-02-22T11:00:04.000Z</time>
        <extensions>
          <ns3:TrackPointExtension>
            <ns3:hr>154</ns3:hr>
          </ns3:TrackPointExtension>
        </extensions>
      </trkpt>
      <trkpt lat="43.72082677669823169708251953125" lon="7.30456232093274593353271484375">
        <ele>297.79998779296875</ele>
        <time>2026-02-22T11:00:08.000Z</time>
        <extensions>
          <ns3:TrackPointExtension>
            <ns3:hr>151</ns3:hr>
          </ns3:TrackPointExtension>
        </extensions>
      </trkpt>
      <trkpt lat="43.72082761488854885101318359375" lon="7.3046494089066982269287109375">
        <ele>296.600006103515625</ele>
        <time>2026-02-22T11:00:49.000Z</time>
        <extensions>
          <ns3:TrackPointExtension>
            <ns3:hr>141</ns3:hr>
          </ns3:TrackPointExtension>
        </extensions>
      </trkpt>
      <trkpt lat="43.7208194844424724578857421875" lon="7.3046909831464290618896484375">
        <ele>296.399993896484375</ele>
        <time>2026-02-22T11:00:50.000Z</time>
        <extensions>
          <ns3:TrackPointExtension>
            <ns3:hr>141</ns3:hr>
          </ns3:TrackPointExtension>
        </extensions>
      </trkpt>
      <trkpt lat="43.72073139064013957977294921875" lon="7.3048046417534351348876953125">
        <ele>296.399993896484375</ele>
        <time>2026-02-22T11:00:54.000Z</time>
        <extensions>
          <ns3:TrackPointExtension>
            <ns3:hr>139</ns3:hr>
          </ns3:TrackPointExtension>
        </extensions>
      </trkpt>
      <trkpt lat="43.7205795943737030029296875" lon="7.30493967421352863311767578125">
        <ele>297.600006103515625</ele>
        <time>2026-02-22T11:01:00.000Z</time>
        <extensions>
          <ns3:TrackPointExtension>
            <ns3:hr>139</ns3:hr>
          </ns3:TrackPointExtension>
        </extensions>
      </trkpt>
      <trkpt lat="43.72052385471761226654052734375" lon="7.30497856624424457550048828125">
        <ele>297.79998779296875</ele>
        <time>2026-02-22T11:01:02.000Z</time>
        <extensions>
          <ns3:TrackPointExtension>
            <ns3:hr>140</ns3:hr>
          </ns3:TrackPointExtension>
        </extensions>
      </trkpt>
      <trkpt lat="43.7203910015523433685302734375" lon="7.30507864616811275482177734375">
        <ele>299</ele>
        <time>2026-02-22T11:01:07.000Z</time>
        <extensions>
          <ns3:TrackPointExtension>
            <ns3:hr>138</ns3:hr>
          </ns3:TrackPointExtension>
        </extensions>
      </trkpt>
      <trkpt lat="43.72033727355301380157470703125" lon="7.30511904694139957427978515625">
        <ele>299.20001220703125</ele>
        <time>2026-02-22T11:01:09.000Z</time>
        <extensions>
          <ns3:TrackPointExtension>
            <ns3:hr>142</ns3:hr>
          </ns3:TrackPointExtension>
        </extensions>
      </trkpt>
      <trkpt lat="43.72023585252463817596435546875" lon="7.30520856566727161407470703125">
        <ele>299.399993896484375</ele>
        <time>2026-02-22T11:01:13.000Z</time>
        <extensions>
          <ns3:TrackPointExtension>
            <ns3:hr>144</ns3:hr>
          </ns3:TrackPointExtension>
        </extensions>
      </trkpt>
      <trkpt lat="43.72016460634768009185791015625" lon="7.305278889834880828857421875">
        <ele>300</ele>
        <time>2026-02-22T11:01:16.000Z</time>
        <extensions>
          <ns3:TrackPointExtension>
            <ns3:hr>147</ns3:hr>
          </ns3:TrackPointExtension>
        </extensions>
      </trkpt>
      <trkpt lat="43.72006285004317760467529296875" lon="7.30537704192101955413818359375">
        <ele>300.600006103515625</ele>
        <time>2026-02-22T11:01:20.000Z</time>
        <extensions>
          <ns3:TrackPointExtension>
            <ns3:hr>150</ns3:hr>
          </ns3:TrackPointExtension>
        </extensions>
      </trkpt>
      <trkpt lat="43.72000736184418201446533203125" lon="7.30543789453804492950439453125">
        <ele>301</ele>
        <time>2026-02-22T11:01:22.000Z</time>
        <extensions>
          <ns3:TrackPointExtension>
            <ns3:hr>151</ns3:hr>
          </ns3:TrackPointExtension>
        </extensions>
      </trkpt>
      <trkpt lat="43.7198428250849246978759765625" lon="7.30566068552434444427490234375">
        <ele>301.79998779296875</ele>
        <time>2026-02-22T11:01:29.000Z</time>
        <extensions>
          <ns3:TrackPointExtension>
            <ns3:hr>153</ns3:hr>
          </ns3:TrackPointExtension>
        </extensions>
      </trkpt>
      <trkpt lat="43.719824217259883880615234375" lon="7.3056941293179988861083984375">
        <ele>302</ele>
        <time>2026-02-22T11:01:30.000Z</time>
        <extensions>
          <ns3:TrackPointExtension>
            <ns3:hr>156</ns3:hr>
          </ns3:TrackPointExtension>
        </extensions>
      </trkpt>
      <trkpt lat="43.71973914094269275665283203125" lon="7.3058165051043033599853515625">
        <ele>302.600006103515625</ele>
        <time>2026-02-22T11:01:34.000Z</time>
        <extensions>
          <ns3:TrackPointExtension>
            <ns3:hr>157</ns3:hr>
          </ns3:TrackPointExtension>
        </extensions>
      </trkpt>
      <trkpt lat="43.7196865864098072052001953125" lon="7.3058828897774219512939453125">
        <ele>303</ele>
        <time>2026-02-22T11:01:36.000Z</time>
        <extensions>
          <ns3:TrackPointExtension>
            <ns3:hr>157</ns3:hr>
          </ns3:TrackPointExtension>
        </extensions>
      </trkpt>
      <trkpt lat="43.7196215428411960601806640625" lon="7.3059673793613910675048828125">
        <ele>303.399993896484375</ele>
        <time>2026-02-22T11:01:39.000Z</time>
        <extensions>
          <ns3:TrackPointExtension>
            <ns3:hr>155</ns3:hr>
          </ns3:TrackPointExtension>
        </extensions>
      </trkpt>
      <trkpt lat="43.7195424176752567291259765625" lon="7.30609419755637645721435546875">
        <ele>304.20001220703125</ele>
        <time>2026-02-22T11:01:43.000Z</time>
        <extensions>
          <ns3:TrackPointExtension>
            <ns3:hr>156</ns3:hr>
          </ns3:TrackPointExtension>
        </extensions>
      </trkpt>
      <trkpt lat="43.71947611682116985321044921875" lon="7.30619318783283233642578125">
        <ele>304.399993896484375</ele>
        <time>2026-02-22T11:01:46.000Z</time>
        <extensions>
          <ns3:TrackPointExtension>
            <ns3:hr>155</ns3:hr>
          </ns3:TrackPointExtension>
        </extensions>
      </trkpt>
      <trkpt lat="43.71936731971800327301025390625" lon="7.30638773180544376373291015625">
        <ele>305.600006103515625</ele>
        <time>2026-02-22T11:01:52.000Z</time>
        <extensions>
          <ns3:TrackPointExtension>
            <ns3:hr>155</ns3:hr>
          </ns3:TrackPointExtension>
        </extensions>
      </trkpt>
      <trkpt lat="43.7192795611917972564697265625" lon="7.30654950253665447235107421875">
        <ele>306.600006103515625</ele>
        <time>2026-02-22T11:01:57.000Z</time>
        <extensions>
          <ns3:TrackPointExtension>
            <ns3:hr>158</ns3:hr>
          </ns3:TrackPointExtension>
        </extensions>
      </trkpt>
      <trkpt lat="43.7192426808178424835205078125" lon="7.306615300476551055908203125">
        <ele>306.79998779296875</ele>
        <time>2026-02-22T11:01:59.000Z</time>
        <extensions>
          <ns3:TrackPointExtension>
            <ns3:hr>158</ns3:hr>
          </ns3:TrackPointExtension>
        </extensions>
      </trkpt>
      <trkpt lat="43.71911217458546161651611328125" lon="7.3068635724484920501708984375">
        <ele>307.600006103515625</ele>
        <time>2026-02-22T11:02:06.000Z</time>
        <extensions>
          <ns3:TrackPointExtension>
            <ns3:hr>161</ns3:hr>
          </ns3:TrackPointExtension>
        </extensions>
      </trkpt>
      <trkpt lat="43.7190975062549114227294921875" lon="7.3069017939269542694091796875">
        <ele>307.79998779296875</ele>
        <time>2026-02-22T11:02:07.000Z</time>
        <extensions>
          <ns3:TrackPointExtension>
            <ns3:hr>161</ns3:hr>
          </ns3:TrackPointExtension>
        </extensions>
      </trkpt>
      <trkpt lat="43.71900706551969051361083984375" lon="7.30723832733929157257080078125">
        <ele>309.20001220703125</ele>
        <time>2026-02-22T11:02:15.000Z</time>
        <extensions>
          <ns3:TrackPointExtension>
            <ns3:hr>161</ns3:hr>
          </ns3:TrackPointExtension>
        </extensions>
      </trkpt>
      <trkpt lat="43.7190106697380542755126953125" lon="7.3075850866734981536865234375">
        <ele>310.399993896484375</ele>
        <time>2026-02-22T11:02:23.000Z</time>
        <extensions>
          <ns3:TrackPointExtension>
            <ns3:hr>160</ns3:hr>
          </ns3:TrackPointExtension>
        </extensions>
      </trkpt>
      <trkpt lat="43.71901997365057468414306640625" lon="7.3076261579990386962890625">
        <ele>310.600006103515625</ele>
        <time>2026-02-22T11:02:24.000Z</time>
        <extensions>
          <ns3:TrackPointExtension>
            <ns3:hr>160</ns3:hr>
          </ns3:TrackPointExtension>
        </extensions>
      </trkpt>
      <trkpt lat="43.71913949958980083465576171875" lon="7.307934276759624481201171875">
        <ele>311.20001220703125</ele>
        <time>2026-02-22T11:02:32.000Z</time>
        <extensions>
          <ns3:TrackPointExtension>
            <ns3:hr>160</ns3:hr>
          </ns3:TrackPointExtension>
        </extensions>
      </trkpt>
      <trkpt lat="43.71915760450065135955810546875" lon="7.30797308497130870819091796875">
        <ele>311.399993896484375</ele>
        <time>2026-02-22T11:02:33.000Z</time>
        <extensions>
          <ns3:TrackPointExtension>
            <ns3:hr>160</ns3:hr>
          </ns3:TrackPointExtension>
        </extensions>
      </trkpt>
      <trkpt lat="43.719282411038875579833984375" lon="7.30823024176061153411865234375">
        <ele>312.399993896484375</ele>
        <time>2026-02-22T11:02:40.000Z</time>
        <extensions>
          <ns3:TrackPointExtension>
            <ns3:hr>160</ns3:hr>
          </ns3:TrackPointExtension>
        </extensions>
      </trkpt>
      <trkpt lat="43.71929657645523548126220703125" lon="7.30827198363840579986572265625">
        <ele>312.399993896484375</ele>
        <time>2026-02-22T11:02:41.000Z</time>
        <extensions>
          <ns3:TrackPointExtension>
            <ns3:hr>160</ns3:hr>
          </ns3:TrackPointExtension>
        </extensions>
      </trkpt>
      <trkpt lat="43.7193563394248485565185546875" lon="7.3085476644337177276611328125">
        <ele>313</ele>
        <time>2026-02-22T11:02:48.000Z</time>
        <extensions>
          <ns3:TrackPointExtension>
            <ns3:hr>160</ns3:hr>
          </ns3:TrackPointExtension>
        </extensions>
      </trkpt>
      <trkpt lat="43.719358183443546295166015625" lon="7.3086321540176868438720703125">
        <ele>313.600006103515625</ele>
        <time>2026-02-22T11:02:50.000Z</time>
        <extensions>
          <ns3:TrackPointExtension>
            <ns3:hr>160</ns3:hr>
          </ns3:TrackPointExtension>
        </extensions>
      </trkpt>
      <trkpt lat="43.71932624839246273040771484375" lon="7.30878344736993312835693359375">
        <ele>314</ele>
        <time>2026-02-22T11:02:54.000Z</time>
        <extensions>
          <ns3:TrackPointExtension>
            <ns3:hr>159</ns3:hr>
          </ns3:TrackPointExtension>
        </extensions>
      </trkpt>
      <trkpt lat="43.7192678265273571014404296875" lon="7.308899872004985809326171875">
        <ele>315</ele>
        <time>2026-02-22T11:02:57.000Z</time>
        <extensions>
          <ns3:TrackPointExtension>
            <ns3:hr>159</ns3:hr>
          </ns3:TrackPointExtension>
        </extensions>
      </trkpt>
      <trkpt lat="43.71921946294605731964111328125" lon="7.30900372378528118133544921875">
        <ele>315.399993896484375</ele>
        <time>2026-02-22T11:03:00.000Z</time>
        <extensions>
          <ns3:TrackPointExtension>
            <ns3:hr>158</ns3:hr>
          </ns3:TrackPointExtension>
        </extensions>
      </trkpt>
      <trkpt lat="43.71913363225758075714111328125" lon="7.30922299437224864959716796875">
        <ele>316</ele>
        <time>2026-02-22T11:03:06.000Z</time>
        <extensions>
          <ns3:TrackPointExtension>
            <ns3:hr>157</ns3:hr>
          </ns3:TrackPointExtension>
        </extensions>
      </trkpt>
      <trkpt lat="43.71911888010799884796142578125" lon="7.3092621378600597381591796875">
        <ele>316.20001220703125</ele>
        <time>2026-02-22T11:03:07.000Z</time>
        <extensions>
          <ns3:TrackPointExtension>
            <ns3:hr>157</ns3:hr>
          </ns3:TrackPointExtension>
        </extensions>
      </trkpt>
      <trkpt lat="43.7190200574696063995361328125" lon="7.3094985075294971466064453125">
        <ele>316.600006103515625</ele>
        <time>2026-02-22T11:03:13.000Z</time>
        <extensions>
          <ns3:TrackPointExtension>
            <ns3:hr>158</ns3:hr>
          </ns3:TrackPointExtension>
        </extensions>
      </trkpt>
      <trkpt lat="43.71896314434707164764404296875" lon="7.30964611284434795379638671875">
        <ele>317.20001220703125</ele>
        <time>2026-02-22T11:03:17.000Z</time>
        <extensions>
          <ns3:TrackPointExtension>
            <ns3:hr>158</ns3:hr>
          </ns3:TrackPointExtension>
        </extensions>
      </trkpt>
      <trkpt lat="43.71885024011135101318359375" lon="7.3098974861204624176025390625">
        <ele>318.20001220703125</ele>
        <time>2026-02-22T11:03:24.000Z</time>
        <extensions>
          <ns3:TrackPointExtension>
            <ns3:hr>160</ns3:hr>
          </ns3:TrackPointExtension>
        </extensions>
      </trkpt>
      <trkpt lat="43.7186740525066852569580078125" lon="7.31007157824933528900146484375">
        <ele>319</ele>
        <time>2026-02-22T11:03:31.000Z</time>
        <extensions>
          <ns3:TrackPointExtension>
            <ns3:hr>159</ns3:hr>
          </ns3:TrackPointExtension>
        </extensions>
      </trkpt>
      <trkpt lat="43.718644715845584869384765625" lon="7.31008565984666347503662109375">
        <ele>319.399993896484375</ele>
        <time>2026-02-22T11:03:32.000Z</time>
        <extensions>
          <ns3:TrackPointExtension>
            <ns3:hr>160</ns3:hr>
          </ns3:TrackPointExtension>
        </extensions>
      </trkpt>
      <trkpt lat="43.7184973619878292083740234375" lon="7.31014030985534191131591796875">
        <ele>320.20001220703125</ele>
        <time>2026-02-22T11:03:37.000Z</time>
        <extensions>
          <ns3:TrackPointExtension>
            <ns3:hr>160</ns3:hr>
          </ns3:TrackPointExtension>
        </extensions>
      </trkpt>
      <trkpt lat="43.71846534311771392822265625" lon="7.31015321798622608184814453125">
        <ele>320.399993896484375</ele>
        <time>2026-02-22T11:03:38.000Z</time>
        <extensions>
          <ns3:TrackPointExtension>
            <ns3:hr>160</ns3:hr>
          </ns3:TrackPointExtension>
        </extensions>
      </trkpt>
      <trkpt lat="43.71826660819351673126220703125" lon="7.31024064123630523681640625">
        <ele>321.399993896484375</ele>
        <time>2026-02-22T11:03:45.000Z</time>
        <extensions>
          <ns3:TrackPointExtension>
            <ns3:hr>160</ns3:hr>
          </ns3:TrackPointExtension>
        </extensions>
      </trkpt>
      <trkpt lat="43.71823810972273349761962890625" lon="7.31025162152945995330810546875">
        <ele>321.399993896484375</ele>
        <time>2026-02-22T11:03:46.000Z</time>
        <extensions>
          <ns3:TrackPointExtension>
            <ns3:hr>160</ns3:hr>
          </ns3:TrackPointExtension>
        </extensions>
      </trkpt>
      <trkpt lat="43.71802520938217639923095703125" lon="7.31032739393413066864013671875">
        <ele>322.600006103515625</ele>
        <time>2026-02-22T11:03:53.000Z</time>
        <extensions>
          <ns3:TrackPointExtension>
            <ns3:hr>160</ns3:hr>
          </ns3:TrackPointExtension>
        </extensions>
      </trkpt>
      <trkpt lat="43.7177594192326068878173828125" lon="7.31041305698454380035400390625">
        <ele>323.20001220703125</ele>
        <time>2026-02-22T11:04:02.000Z</time>
        <extensions>
          <ns3:TrackPointExtension>
            <ns3:hr>160</ns3:hr>
          </ns3:TrackPointExtension>
        </extensions>
      </trkpt>
      <trkpt lat="43.71764249168336391448974609375" lon="7.31045898981392383575439453125">
        <ele>324.20001220703125</ele>
        <time>2026-02-22T11:04:06.000Z</time>
        <extensions>
          <ns3:TrackPointExtension>
            <ns3:hr>161</ns3:hr>
          </ns3:TrackPointExtension>
        </extensions>
      </trkpt>
      <trkpt lat="43.71751927770674228668212890625" lon="7.310489751398563385009765625">
        <ele>324.600006103515625</ele>
        <time>2026-02-22T11:04:10.000Z</time>
        <extensions>
          <ns3:TrackPointExtension>
            <ns3:hr>161</ns3:hr>
          </ns3:TrackPointExtension>
        </extensions>
      </trkpt>
      <trkpt lat="43.71742221526801586151123046875" lon="7.3105338402092456817626953125">
        <ele>325.20001220703125</ele>
        <time>2026-02-22T11:04:14.000Z</time>
        <extensions>
          <ns3:TrackPointExtension>
            <ns3:hr>160</ns3:hr>
          </ns3:TrackPointExtension>
        </extensions>
      </trkpt>
      <trkpt lat="43.71736722998321056365966796875" lon="7.31055848300457000732421875">
        <ele>325.399993896484375</ele>
        <time>2026-02-22T11:04:16.000Z</time>
        <extensions>
          <ns3:TrackPointExtension>
            <ns3:hr>160</ns3:hr>
          </ns3:TrackPointExtension>
        </extensions>
      </trkpt>
      <trkpt lat="43.7172075547277927398681640625" lon="7.3106463253498077392578125">
        <ele>326.399993896484375</ele>
        <time>2026-02-22T11:04:22.000Z</time>
        <extensions>
          <ns3:TrackPointExtension>
            <ns3:hr>160</ns3:hr>
          </ns3:TrackPointExtension>
        </extensions>
      </trkpt>
      <trkpt lat="43.71706799603998661041259765625" lon="7.3108057491481304168701171875">
        <ele>327.600006103515625</ele>
        <time>2026-02-22T11:04:28.000Z</time>
        <extensions>
          <ns3:TrackPointExtension>
            <ns3:hr>160</ns3:hr>
          </ns3:TrackPointExtension>
        </extensions>
      </trkpt>
      <trkpt lat="43.7170536629855632781982421875" lon="7.31084120459854602813720703125">
        <ele>327.79998779296875</ele>
        <time>2026-02-22T11:04:29.000Z</time>
        <extensions>
          <ns3:TrackPointExtension>
            <ns3:hr>160</ns3:hr>
          </ns3:TrackPointExtension>
        </extensions>
      </trkpt>
      <trkpt lat="43.7170151062309741973876953125" lon="7.3111371695995330810546875">
        <ele>328.79998779296875</ele>
        <time>2026-02-22T11:04:36.000Z</time>
        <extensions>
          <ns3:TrackPointExtension>
            <ns3:hr>160</ns3:hr>
          </ns3:TrackPointExtension>
        </extensions>
      </trkpt>
      <trkpt lat="43.717053830623626708984375" lon="7.31138988398015499114990234375">
        <ele>329.399993896484375</ele>
        <time>2026-02-22T11:04:42.000Z</time>
        <extensions>
          <ns3:TrackPointExtension>
            <ns3:hr>160</ns3:hr>
          </ns3:TrackPointExtension>
        </extensions>
      </trkpt>
      <trkpt lat="43.71704083867371082305908203125" lon="7.311555929481983184814453125">
        <ele>329.79998779296875</ele>
        <time>2026-02-22T11:04:46.000Z</time>
        <extensions>
          <ns3:TrackPointExtension>
            <ns3:hr>160</ns3:hr>
          </ns3:TrackPointExtension>
        </extensions>
      </trkpt>
      <trkpt lat="43.71703765355050563812255859375" lon="7.311599515378475189208984375">
        <ele>330</ele>
        <time>2026-02-22T11:04:47.000Z</time>
        <extensions>
          <ns3:TrackPointExtension>
            <ns3:hr>159</ns3:hr>
          </ns3:TrackPointExtension>
        </extensions>
      </trkpt>
      <trkpt lat="43.71698451228439807891845703125" lon="7.3118223063647747039794921875">
        <ele>331</ele>
        <time>2026-02-22T11:04:53.000Z</time>
        <extensions>
          <ns3:TrackPointExtension>
            <ns3:hr>158</ns3:hr>
          </ns3:TrackPointExtension>
        </extensions>
      </trkpt>
      <trkpt lat="43.716974370181560516357421875" lon="7.31185734272003173828125">
        <ele>331.20001220703125</ele>
        <time>2026-02-22T11:04:54.000Z</time>
        <extensions>
          <ns3:TrackPointExtension>
            <ns3:hr>158</ns3:hr>
          </ns3:TrackPointExtension>
        </extensions>
      </trkpt>
      <trkpt lat="43.71692064218223094940185546875" lon="7.3120808042585849761962890625">
        <ele>332</ele>
        <time>2026-02-22T11:05:01.000Z</time>
        <extensions>
          <ns3:TrackPointExtension>
            <ns3:hr>158</ns3:hr>
          </ns3:TrackPointExtension>
        </extensions>
      </trkpt>
      <trkpt lat="43.716903626918792724609375" lon="7.31219320558011531829833984375">
        <ele>332</ele>
        <time>2026-02-22T11:05:05.000Z</time>
        <extensions>
          <ns3:TrackPointExtension>
            <ns3:hr>157</ns3:hr>
          </ns3:TrackPointExtension>
        </extensions>
      </trkpt>
      <trkpt lat="43.716901279985904693603515625" lon="7.31222136877477169036865234375">
        <ele>332.20001220703125</ele>
        <time>2026-02-22T11:05:06.000Z</time>
        <extensions>
          <ns3:TrackPointExtension>
            <ns3:hr>157</ns3:hr>
          </ns3:TrackPointExtension>
        </extensions>
      </trkpt>
      <trkpt lat="43.716908656060695648193359375" lon="7.31225137598812580108642578125">
        <ele>332.399993896484375</ele>
        <time>2026-02-22T11:05:07.000Z</time>
        <extensions>
          <ns3:TrackPointExtension>
            <ns3:hr>156</ns3:hr>
          </ns3:TrackPointExtension>
        </extensions>
      </trkpt>
      <trkpt lat="43.71699138544499874114990234375" lon="7.312335781753063201904296875">
        <ele>332.79998779296875</ele>
        <time>2026-02-22T11:05:12.000Z</time>
        <extensions>
          <ns3:TrackPointExtension>
            <ns3:hr>155</ns3:hr>
          </ns3:TrackPointExtension>
        </extensions>
      </trkpt>
      <trkpt lat="43.716994822025299072265625" lon="7.31233687140047550201416015625">
        <ele>332.79998779296875</ele>
        <time>2026-02-22T11:05:14.000Z</time>
        <extensions>
          <ns3:TrackPointExtension>
            <ns3:hr>155</ns3:hr>
          </ns3:TrackPointExtension>
        </extensions>
      </trkpt>
      <trkpt lat="43.7170439399778842926025390625" lon="7.3123329319059848785400390625">
        <ele>332.20001220703125</ele>
        <time>2026-02-22T11:05:45.000Z</time>
        <extensions>
          <ns3:TrackPointExtension>
            <ns3:hr>144</ns3:hr>
          </ns3:TrackPointExtension>
        </extensions>
      </trkpt>
      <trkpt lat="43.717066906392574310302734375" lon="7.31232731603085994720458984375">
        <ele>332.399993896484375</ele>
        <time>2026-02-22T11:05:46.000Z</time>
        <extensions>
          <ns3:TrackPointExtension>
            <ns3:hr>144</ns3:hr>
          </ns3:TrackPointExtension>
        </extensions>
      </trkpt>
      <trkpt lat="43.71721685864031314849853515625" lon="7.31232547201216220855712890625">
        <ele>332.399993896484375</ele>
        <time>2026-02-22T11:05:51.000Z</time>
        <extensions>
          <ns3:TrackPointExtension>
            <ns3:hr>141</ns3:hr>
          </ns3:TrackPointExtension>
        </extensions>
      </trkpt>
      <trkpt lat="43.71735901571810245513916015625" lon="7.31232941150665283203125">
        <ele>332.600006103515625</ele>
        <time>2026-02-22T11:05:55.000Z</time>
        <extensions>
          <ns3:TrackPointExtension>
            <ns3:hr>137</ns3:hr>
          </ns3:TrackPointExtension>
        </extensions>
      </trkpt>
      <trkpt lat="43.71747921220958232879638671875" lon="7.3123268969357013702392578125">
        <ele>332.600006103515625</ele>
        <time>2026-02-22T11:05:58.000Z</time>
        <extensions>
          <ns3:TrackPointExtension>
            <ns3:hr>137</ns3:hr>
          </ns3:TrackPointExtension>
        </extensions>
      </trkpt>
      <trkpt lat="43.71769596822559833526611328125" lon="7.312329746782779693603515625">
        <ele>333</ele>
        <time>2026-02-22T11:06:03.000Z</time>
        <extensions>
          <ns3:TrackPointExtension>
            <ns3:hr>141</ns3:hr>
          </ns3:TrackPointExtension>
        </extensions>
      </trkpt>
      <trkpt lat="43.717782385647296905517578125" lon="7.31232949532568454742431640625">
        <ele>333</ele>
        <time>2026-02-22T11:06:05.000Z</time>
        <extensions>
          <ns3:TrackPointExtension>
            <ns3:hr>142</ns3:hr>
          </ns3:TrackPointExtension>
        </extensions>
      </trkpt>
      <trkpt lat="43.717874921858310699462890625" lon="7.31233687140047550201416015625">
        <ele>333.20001220703125</ele>
        <time>2026-02-22T11:06:07.000Z</time>
        <extensions>
          <ns3:TrackPointExtension>
            <ns3:hr>142</ns3:hr>
          </ns3:TrackPointExtension>
        </extensions>
      </trkpt>
      <trkpt lat="43.7179619260132312774658203125" lon="7.3123439960181713104248046875">
        <ele>333.399993896484375</ele>
        <time>2026-02-22T11:06:09.000Z</time>
        <extensions>
          <ns3:TrackPointExtension>
            <ns3:hr>142</ns3:hr>
          </ns3:TrackPointExtension>
        </extensions>
      </trkpt>
      <trkpt lat="43.71803375892341136932373046875" lon="7.31236092746257781982421875">
        <ele>333.600006103515625</ele>
        <time>2026-02-22T11:06:11.000Z</time>
        <extensions>
          <ns3:TrackPointExtension>
            <ns3:hr>143</ns3:hr>
          </ns3:TrackPointExtension>
        </extensions>
      </trkpt>
      <trkpt lat="43.71811925433576107025146484375" lon="7.31237978674471378326416015625">
        <ele>333.600006103515625</ele>
        <time>2026-02-22T11:06:13.000Z</time>
        <extensions>
          <ns3:TrackPointExtension>
            <ns3:hr>143</ns3:hr>
          </ns3:TrackPointExtension>
        </extensions>
      </trkpt>
      <trkpt lat="43.71820508502423763275146484375" lon="7.31240996159613132476806640625">
        <ele>333.399993896484375</ele>
        <time>2026-02-22T11:06:15.000Z</time>
        <extensions>
          <ns3:TrackPointExtension>
            <ns3:hr>144</ns3:hr>
          </ns3:TrackPointExtension>
        </extensions>
      </trkpt>
      <trkpt lat="43.71825219132006168365478515625" lon="7.31243192218244075775146484375">
        <ele>333.600006103515625</ele>
        <time>2026-02-22T11:06:16.000Z</time>
        <extensions>
          <ns3:TrackPointExtension>
            <ns3:hr>144</ns3:hr>
          </ns3:TrackPointExtension>
        </extensions>
      </trkpt>
      <trkpt lat="43.71833651326596736907958984375" lon="7.31246528215706348419189453125">
        <ele>333.79998779296875</ele>
        <time>2026-02-22T11:06:18.000Z</time>
        <extensions>
          <ns3:TrackPointExtension>
            <ns3:hr>145</ns3:hr>
          </ns3:TrackPointExtension>
        </extensions>
      </trkpt>
      <trkpt lat="43.71850364841520786285400390625" lon="7.3125853948295116424560546875">
        <ele>334.20001220703125</ele>
        <time>2026-02-22T11:06:22.000Z</time>
        <extensions>
          <ns3:TrackPointExtension>
            <ns3:hr>147</ns3:hr>
          </ns3:TrackPointExtension>
        </extensions>
      </trkpt>
      <trkpt lat="43.7187991105020046234130859375" lon="7.3128296434879302978515625">
        <ele>334.600006103515625</ele>
        <time>2026-02-22T11:06:30.000Z</time>
        <extensions>
          <ns3:TrackPointExtension>
            <ns3:hr>149</ns3:hr>
          </ns3:TrackPointExtension>
        </extensions>
      </trkpt>
      <trkpt lat="43.71887144632637500762939453125" lon="7.3128844611346721649169921875">
        <ele>334.79998779296875</ele>
        <time>2026-02-22T11:06:32.000Z</time>
        <extensions>
          <ns3:TrackPointExtension>
            <ns3:hr>149</ns3:hr>
          </ns3:TrackPointExtension>
        </extensions>
      </trkpt>
      <trkpt lat="43.71895241551101207733154296875" lon="7.3129156418144702911376953125">
        <ele>335.20001220703125</ele>
        <time>2026-02-22T11:06:34.000Z</time>
        <extensions>
          <ns3:TrackPointExtension>
            <ns3:hr>150</ns3:hr>
          </ns3:TrackPointExtension>
        </extensions>
      </trkpt>
      <trkpt lat="43.71899113990366458892822265625" lon="7.31291354633867740631103515625">
        <ele>335.20001220703125</ele>
        <time>2026-02-22T11:06:35.000Z</time>
        <extensions>
          <ns3:TrackPointExtension>
            <ns3:hr>150</ns3:hr>
          </ns3:TrackPointExtension>
        </extensions>
      </trkpt>
      <trkpt lat="43.71902885846793651580810546875" lon="7.31290298514068126678466796875">
        <ele>335.20001220703125</ele>
        <time>2026-02-22T11:06:36.000Z</time>
        <extensions>
          <ns3:TrackPointExtension>
            <ns3:hr>150</ns3:hr>
          </ns3:TrackPointExtension>
        </extensions>
      </trkpt>
      <trkpt lat="43.71912172995507717132568359375" lon="7.31281966902315616607666015625">
        <ele>335.79998779296875</ele>
        <time>2026-02-22T11:06:39.000Z</time>
        <extensions>
          <ns3:TrackPointExtension>
            <ns3:hr>150</ns3:hr>
          </ns3:TrackPointExtension>
        </extensions>
      </trkpt>
      <trkpt lat="43.71922046877443790435791015625" lon="7.31253853999078273773193359375">
        <ele>336.20001220703125</ele>
        <time>2026-02-22T11:06:45.000Z</time>
        <extensions>
          <ns3:TrackPointExtension>
            <ns3:hr>149</ns3:hr>
          </ns3:TrackPointExtension>
        </extensions>
      </trkpt>
      <trkpt lat="43.7192383222281932830810546875" lon="7.31249109841883182525634765625">
        <ele>336.20001220703125</ele>
        <time>2026-02-22T11:06:46.000Z</time>
        <extensions>
          <ns3:TrackPointExtension>
            <ns3:hr>149</ns3:hr>
          </ns3:TrackPointExtension>
        </extensions>
      </trkpt>
      <trkpt lat="43.7193570099771022796630859375" lon="7.312305606901645660400390625">
        <ele>337</ele>
        <time>2026-02-22T11:06:51.000Z</time>
        <extensions>
          <ns3:TrackPointExtension>
            <ns3:hr>149</ns3:hr>
          </ns3:TrackPointExtension>
        </extensions>
      </trkpt>
      <trkpt lat="43.7195420823991298675537109375" lon="7.31227316893637180328369140625">
        <ele>337</ele>
        <time>2026-02-22T11:06:56.000Z</time>
        <extensions>
          <ns3:TrackPointExtension>
            <ns3:hr>147</ns3:hr>
          </ns3:TrackPointExtension>
        </extensions>
      </trkpt>
      <trkpt lat="43.719694800674915313720703125" lon="7.3123201914131641387939453125">
        <ele>337.20001220703125</ele>
        <time>2026-02-22T11:07:00.000Z</time>
        <extensions>
          <ns3:TrackPointExtension>
            <ns3:hr>148</ns3:hr>
          </ns3:TrackPointExtension>
        </extensions>
      </trkpt>
      <trkpt lat="43.71981474570930004119873046875" lon="7.31234340928494930267333984375">
        <ele>337.600006103515625</ele>
        <time>2026-02-22T11:07:03.000Z</time>
        <extensions>
          <ns3:TrackPointExtension>
            <ns3:hr>148</ns3:hr>
          </ns3:TrackPointExtension>
        </extensions>
      </trkpt>
      <trkpt lat="43.72006100602447986602783203125" lon="7.3123543895781040191650390625">
        <ele>338</ele>
        <time>2026-02-22T11:07:09.000Z</time>
        <extensions>
          <ns3:TrackPointExtension>
            <ns3:hr>151</ns3:hr>
          </ns3:TrackPointExtension>
        </extensions>
      </trkpt>
      <trkpt lat="43.72014516033232212066650390625" lon="7.312358580529689788818359375">
        <ele>338.399993896484375</ele>
        <time>2026-02-22T11:07:11.000Z</time>
        <extensions>
          <ns3:TrackPointExtension>
            <ns3:hr>151</ns3:hr>
          </ns3:TrackPointExtension>
        </extensions>
      </trkpt>
      <trkpt lat="43.7202692963182926177978515625" lon="7.31236629188060760498046875">
        <ele>338.79998779296875</ele>
        <time>2026-02-22T11:07:14.000Z</time>
        <extensions>
          <ns3:TrackPointExtension>
            <ns3:hr>154</ns3:hr>
          </ns3:TrackPointExtension>
        </extensions>
      </trkpt>
      <trkpt lat="43.72043383307754993438720703125" lon="7.3123285733163356781005859375">
        <ele>339.20001220703125</ele>
        <time>2026-02-22T11:07:18.000Z</time>
        <extensions>
          <ns3:TrackPointExtension>
            <ns3:hr>156</ns3:hr>
          </ns3:TrackPointExtension>
        </extensions>
      </trkpt>
      <trkpt lat="43.7205086834728717803955078125" lon="7.3122940398752689361572265625">
        <ele>339.399993896484375</ele>
        <time>2026-02-22T11:07:20.000Z</time>
        <extensions>
          <ns3:TrackPointExtension>
            <ns3:hr>155</ns3:hr>
          </ns3:TrackPointExtension>
        </extensions>
      </trkpt>
      <trkpt lat="43.7206682749092578887939453125" lon="7.31224668212234973907470703125">
        <ele>340</ele>
        <time>2026-02-22T11:07:24.000Z</time>
        <extensions>
          <ns3:TrackPointExtension>
            <ns3:hr>155</ns3:hr>
          </ns3:TrackPointExtension>
        </extensions>
      </trkpt>
      <trkpt lat="43.72070775367319583892822265625" lon="7.31222815811634063720703125">
        <ele>340.20001220703125</ele>
        <time>2026-02-22T11:07:25.000Z</time>
        <extensions>
          <ns3:TrackPointExtension>
            <ns3:hr>155</ns3:hr>
          </ns3:TrackPointExtension>
        </extensions>
      </trkpt>
      <trkpt lat="43.7207883037626743316650390625" lon="7.3121934570372104644775390625">
        <ele>340.600006103515625</ele>
        <time>2026-02-22T11:07:27.000Z</time>
        <extensions>
          <ns3:TrackPointExtension>
            <ns3:hr>155</ns3:hr>
          </ns3:TrackPointExtension>
        </extensions>
      </trkpt>
      <trkpt lat="43.72093297541141510009765625" lon="7.312139309942722320556640625">
        <ele>341</ele>
        <time>2026-02-22T11:07:31.000Z</time>
        <extensions>
          <ns3:TrackPointExtension>
            <ns3:hr>156</ns3:hr>
          </ns3:TrackPointExtension>
        </extensions>
      </trkpt>
      <trkpt lat="43.72107605449855327606201171875" lon="7.3121441714465618133544921875">
        <ele>341.600006103515625</ele>
        <time>2026-02-22T11:07:35.000Z</time>
        <extensions>
          <ns3:TrackPointExtension>
            <ns3:hr>156</ns3:hr>
          </ns3:TrackPointExtension>
        </extensions>
      </trkpt>
      <trkpt lat="43.72139037586748600006103515625" lon="7.31221063993871212005615234375">
        <ele>342.79998779296875</ele>
        <time>2026-02-22T11:07:43.000Z</time>
        <extensions>
          <ns3:TrackPointExtension>
            <ns3:hr>156</ns3:hr>
          </ns3:TrackPointExtension>
        </extensions>
      </trkpt>
      <trkpt lat="43.72142926789820194244384765625" lon="7.312219440937042236328125">
        <ele>343</ele>
        <time>2026-02-22T11:07:44.000Z</time>
        <extensions>
          <ns3:TrackPointExtension>
            <ns3:hr>156</ns3:hr>
          </ns3:TrackPointExtension>
        </extensions>
      </trkpt>
      <trkpt lat="43.72162138111889362335205078125" lon="7.312240563333034515380859375">
        <ele>343.20001220703125</ele>
        <time>2026-02-22T11:07:49.000Z</time>
        <extensions>
          <ns3:TrackPointExtension>
            <ns3:hr>155</ns3:hr>
          </ns3:TrackPointExtension>
        </extensions>
      </trkpt>
      <trkpt lat="43.72182053513824939727783203125" lon="7.3121656291186809539794921875">
        <ele>343.600006103515625</ele>
        <time>2026-02-22T11:07:54.000Z</time>
        <extensions>
          <ns3:TrackPointExtension>
            <ns3:hr>155</ns3:hr>
          </ns3:TrackPointExtension>
        </extensions>
      </trkpt>
      <trkpt lat="43.72193746268749237060546875" lon="7.31209178455173969268798828125">
        <ele>343.79998779296875</ele>
        <time>2026-02-22T11:07:57.000Z</time>
        <extensions>
          <ns3:TrackPointExtension>
            <ns3:hr>155</ns3:hr>
          </ns3:TrackPointExtension>
        </extensions>
      </trkpt>
      <trkpt lat="43.7219724990427494049072265625" lon="7.31206831522285938262939453125">
        <ele>344.20001220703125</ele>
        <time>2026-02-22T11:07:58.000Z</time>
        <extensions>
          <ns3:TrackPointExtension>
            <ns3:hr>155</ns3:hr>
          </ns3:TrackPointExtension>
        </extensions>
      </trkpt>
      <trkpt lat="43.72205145657062530517578125" lon="7.312015593051910400390625">
        <ele>344.20001220703125</ele>
        <time>2026-02-22T11:08:00.000Z</time>
        <extensions>
          <ns3:TrackPointExtension>
            <ns3:hr>155</ns3:hr>
          </ns3:TrackPointExtension>
        </extensions>
      </trkpt>
      <trkpt lat="43.72211658395826816558837890625" lon="7.31195348314940929412841796875">
        <ele>344.600006103515625</ele>
        <time>2026-02-22T11:08:02.000Z</time>
        <extensions>
          <ns3:TrackPointExtension>
            <ns3:hr>155</ns3:hr>
          </ns3:TrackPointExtension>
        </extensions>
      </trkpt>
      <trkpt lat="43.72222085483372211456298828125" lon="7.31186094693839550018310546875">
        <ele>344.600006103515625</ele>
        <time>2026-02-22T11:08:05.000Z</time>
        <extensions>
          <ns3:TrackPointExtension>
            <ns3:hr>155</ns3:hr>
          </ns3:TrackPointExtension>
        </extensions>
      </trkpt>
      <trkpt lat="43.7222913466393947601318359375" lon="7.3118238151073455810546875">
        <ele>344.79998779296875</ele>
        <time>2026-02-22T11:08:07.000Z</time>
        <extensions>
          <ns3:TrackPointExtension>
            <ns3:hr>155</ns3:hr>
          </ns3:TrackPointExtension>
        </extensions>
      </trkpt>
      <trkpt lat="43.72232629917562007904052734375" lon="7.311827503144741058349609375">
        <ele>345</ele>
        <time>2026-02-22T11:08:08.000Z</time>
        <extensions>
          <ns3:TrackPointExtension>
            <ns3:hr>155</ns3:hr>
          </ns3:TrackPointExtension>
        </extensions>
      </trkpt>
      <trkpt lat="43.7223500199615955352783203125" lon="7.3118554987013339996337890625">
        <ele>345</ele>
        <time>2026-02-22T11:08:09.000Z</time>
        <extensions>
          <ns3:TrackPointExtension>
            <ns3:hr>155</ns3:hr>
          </ns3:TrackPointExtension>
        </extensions>
      </trkpt>
      <trkpt lat="43.72237575240433216094970703125" lon="7.3119956441223621368408203125">
        <ele>345.399993896484375</ele>
        <time>2026-02-22T11:08:12.000Z</time>
        <extensions>
          <ns3:TrackPointExtension>
            <ns3:hr>155</ns3:hr>
          </ns3:TrackPointExtension>
        </extensions>
      </trkpt>
      <trkpt lat="43.722412884235382080078125" lon="7.312346510589122772216796875">
        <ele>345.79998779296875</ele>
        <time>2026-02-22T11:08:18.000Z</time>
        <extensions>
          <ns3:TrackPointExtension>
            <ns3:hr>157</ns3:hr>
          </ns3:TrackPointExtension>
        </extensions>
      </trkpt>
      <trkpt lat="43.72244247235357761383056640625" lon="7.31243644841015338897705078125">
        <ele>346</ele>
        <time>2026-02-22T11:08:20.000Z</time>
        <extensions>
          <ns3:TrackPointExtension>
            <ns3:hr>157</ns3:hr>
          </ns3:TrackPointExtension>
        </extensions>
      </trkpt>
      <trkpt lat="43.7224982120096683502197265625" lon="7.3125922679901123046875">
        <ele>346</ele>
        <time>2026-02-22T11:08:23.000Z</time>
        <extensions>
          <ns3:TrackPointExtension>
            <ns3:hr>157</ns3:hr>
          </ns3:TrackPointExtension>
        </extensions>
      </trkpt>
      <trkpt lat="43.722600638866424560546875" lon="7.31288303621113300323486328125">
        <ele>346.600006103515625</ele>
        <time>2026-02-22T11:08:29.000Z</time>
        <extensions>
          <ns3:TrackPointExtension>
            <ns3:hr>155</ns3:hr>
          </ns3:TrackPointExtension>
        </extensions>
      </trkpt>
      <trkpt lat="43.72270951978862285614013671875" lon="7.3132096789777278900146484375">
        <ele>346.79998779296875</ele>
        <time>2026-02-22T11:08:36.000Z</time>
        <extensions>
          <ns3:TrackPointExtension>
            <ns3:hr>154</ns3:hr>
          </ns3:TrackPointExtension>
        </extensions>
      </trkpt>
      <trkpt lat="43.7227218411862850189208984375" lon="7.31325519271194934844970703125">
        <ele>347</ele>
        <time>2026-02-22T11:08:37.000Z</time>
        <extensions>
          <ns3:TrackPointExtension>
            <ns3:hr>154</ns3:hr>
          </ns3:TrackPointExtension>
        </extensions>
      </trkpt>
      <trkpt lat="43.72277959249913692474365234375" lon="7.31356767006218433380126953125">
        <ele>347.399993896484375</ele>
        <time>2026-02-22T11:08:43.000Z</time>
        <extensions>
          <ns3:TrackPointExtension>
            <ns3:hr>153</ns3:hr>
          </ns3:TrackPointExtension>
        </extensions>
      </trkpt>
      <trkpt lat="43.72281630523502826690673828125" lon="7.31379951350390911102294921875">
        <ele>347.79998779296875</ele>
        <time>2026-02-22T11:08:47.000Z</time>
        <extensions>
          <ns3:TrackPointExtension>
            <ns3:hr>153</ns3:hr>
          </ns3:TrackPointExtension>
        </extensions>
      </trkpt>
      <trkpt lat="43.72282099910080432891845703125" lon="7.3138463683426380157470703125">
        <ele>347.79998779296875</ele>
        <time>2026-02-22T11:08:48.000Z</time>
        <extensions>
          <ns3:TrackPointExtension>
            <ns3:hr>153</ns3:hr>
          </ns3:TrackPointExtension>
        </extensions>
      </trkpt>
      <trkpt lat="43.722824268043041229248046875" lon="7.31396212242543697357177734375">
        <ele>348</ele>
        <time>2026-02-22T11:08:50.000Z</time>
        <extensions>
          <ns3:TrackPointExtension>
            <ns3:hr>153</ns3:hr>
          </ns3:TrackPointExtension>
        </extensions>
      </trkpt>
      <trkpt lat="43.7228224240243434906005859375" lon="7.31408315710723400115966796875">
        <ele>348.20001220703125</ele>
        <time>2026-02-22T11:08:52.000Z</time>
        <extensions>
          <ns3:TrackPointExtension>
            <ns3:hr>153</ns3:hr>
          </ns3:TrackPointExtension>
        </extensions>
      </trkpt>
      <trkpt lat="43.72282502241432666778564453125" lon="7.31418675743043422698974609375">
        <ele>348.399993896484375</ele>
        <time>2026-02-22T11:08:54.000Z</time>
        <extensions>
          <ns3:TrackPointExtension>
            <ns3:hr>151</ns3:hr>
          </ns3:TrackPointExtension>
        </extensions>
      </trkpt>
      <trkpt lat="43.72285687364637851715087890625" lon="7.31439446099102497100830078125">
        <ele>348.79998779296875</ele>
        <time>2026-02-22T11:08:58.000Z</time>
        <extensions>
          <ns3:TrackPointExtension>
            <ns3:hr>151</ns3:hr>
          </ns3:TrackPointExtension>
        </extensions>
      </trkpt>
      <trkpt lat="43.72296416200697422027587890625" lon="7.3144535534083843231201171875">
        <ele>349</ele>
        <time>2026-02-22T11:09:01.000Z</time>
        <extensions>
          <ns3:TrackPointExtension>
            <ns3:hr>151</ns3:hr>
          </ns3:TrackPointExtension>
        </extensions>
      </trkpt>
      <trkpt lat="43.7230051495134830474853515625" lon="7.3144528828561305999755859375">
        <ele>349</ele>
        <time>2026-02-22T11:09:02.000Z</time>
        <extensions>
          <ns3:TrackPointExtension>
            <ns3:hr>150</ns3:hr>
          </ns3:TrackPointExtension>
        </extensions>
      </trkpt>
      <trkpt lat="43.72321578674018383026123046875" lon="7.314428575336933135986328125">
        <ele>350</ele>
        <time>2026-02-22T11:09:08.000Z</time>
        <extensions>
          <ns3:TrackPointExtension>
            <ns3:hr>151</ns3:hr>
          </ns3:TrackPointExtension>
        </extensions>
      </trkpt>
      <trkpt lat="43.723240010440349578857421875" lon="7.31442891061305999755859375">
        <ele>350.20001220703125</ele>
        <time>2026-02-22T11:09:09.000Z</time>
        <extensions>
          <ns3:TrackPointExtension>
            <ns3:hr>151</ns3:hr>
          </ns3:TrackPointExtension>
        </extensions>
      </trkpt>
      <trkpt lat="43.72334017418324947357177734375" lon="7.314395718276500701904296875">
        <ele>350.79998779296875</ele>
        <time>2026-02-22T11:09:13.000Z</time>
        <extensions>
          <ns3:TrackPointExtension>
            <ns3:hr>151</ns3:hr>
          </ns3:TrackPointExtension>
        </extensions>
      </trkpt>
      <trkpt lat="43.72343757189810276031494140625" lon="7.3143378831446170806884765625">
        <ele>351.20001220703125</ele>
        <time>2026-02-22T11:09:17.000Z</time>
        <extensions>
          <ns3:TrackPointExtension>
            <ns3:hr>152</ns3:hr>
          </ns3:TrackPointExtension>
        </extensions>
      </trkpt>
      <trkpt lat="43.72353496961295604705810546875" lon="7.31427644379436969757080078125">
        <ele>351.79998779296875</ele>
        <time>2026-02-22T11:09:21.000Z</time>
        <extensions>
          <ns3:TrackPointExtension>
            <ns3:hr>153</ns3:hr>
          </ns3:TrackPointExtension>
        </extensions>
      </trkpt>
      <trkpt lat="43.7236321158707141876220703125" lon="7.31426437385380268096923828125">
        <ele>352.399993896484375</ele>
        <time>2026-02-22T11:09:25.000Z</time>
        <extensions>
          <ns3:TrackPointExtension>
            <ns3:hr>154</ns3:hr>
          </ns3:TrackPointExtension>
        </extensions>
      </trkpt>
      <trkpt lat="43.723681904375553131103515625" lon="7.31429614126682281494140625">
        <ele>352.79998779296875</ele>
        <time>2026-02-22T11:09:27.000Z</time>
        <extensions>
          <ns3:TrackPointExtension>
            <ns3:hr>155</ns3:hr>
          </ns3:TrackPointExtension>
        </extensions>
      </trkpt>
      <trkpt lat="43.723765052855014801025390625" lon="7.31443268246948719024658203125">
        <ele>353.399993896484375</ele>
        <time>2026-02-22T11:09:32.000Z</time>
        <extensions>
          <ns3:TrackPointExtension>
            <ns3:hr>157</ns3:hr>
          </ns3:TrackPointExtension>
        </extensions>
      </trkpt>
      <trkpt lat="43.7237782962620258331298828125" lon="7.31446503661572933197021484375">
        <ele>353.399993896484375</ele>
        <time>2026-02-22T11:09:33.000Z</time>
        <extensions>
          <ns3:TrackPointExtension>
            <ns3:hr>156</ns3:hr>
          </ns3:TrackPointExtension>
        </extensions>
      </trkpt>
      <trkpt lat="43.72385247610509395599365234375" lon="7.314631082117557525634765625">
        <ele>354.20001220703125</ele>
        <time>2026-02-22T11:09:39.000Z</time>
        <extensions>
          <ns3:TrackPointExtension>
            <ns3:hr>156</ns3:hr>
          </ns3:TrackPointExtension>
        </extensions>
      </trkpt>
      <trkpt lat="43.72396060265600681304931640625" lon="7.3147418908774852752685546875">
        <ele>354.399993896484375</ele>
        <time>2026-02-22T11:09:44.000Z</time>
        <extensions>
          <ns3:TrackPointExtension>
            <ns3:hr>157</ns3:hr>
          </ns3:TrackPointExtension>
        </extensions>
      </trkpt>
      <trkpt lat="43.723987005650997161865234375" lon="7.31475370936095714569091796875">
        <ele>354.600006103515625</ele>
        <time>2026-02-22T11:09:45.000Z</time>
        <extensions>
          <ns3:TrackPointExtension>
            <ns3:hr>157</ns3:hr>
          </ns3:TrackPointExtension>
        </extensions>
      </trkpt>
      <trkpt lat="43.72416730038821697235107421875" lon="7.3148159869015216827392578125">
        <ele>355.20001220703125</ele>
        <time>2026-02-22T11:09:53.000Z</time>
        <extensions>
          <ns3:TrackPointExtension>
            <ns3:hr>157</ns3:hr>
          </ns3:TrackPointExtension>
        </extensions>
      </trkpt>
      <trkpt lat="43.7242000736296176910400390625" lon="7.31482428498566150665283203125">
        <ele>355.399993896484375</ele>
        <time>2026-02-22T11:09:55.000Z</time>
        <extensions>
          <ns3:TrackPointExtension>
            <ns3:hr>157</ns3:hr>
          </ns3:TrackPointExtension>
        </extensions>
      </trkpt>
      <trkpt lat="43.7242560647428035736083984375" lon="7.3148478381335735321044921875">
        <ele>355.600006103515625</ele>
        <time>2026-02-22T11:09:58.000Z</time>
        <extensions>
          <ns3:TrackPointExtension>
            <ns3:hr>157</ns3:hr>
          </ns3:TrackPointExtension>
        </extensions>
      </trkpt>
      <trkpt lat="43.724419176578521728515625" lon="7.31490634381771087646484375">
        <ele>356.399993896484375</ele>
        <time>2026-02-22T11:10:06.000Z</time>
        <extensions>
          <ns3:TrackPointExtension>
            <ns3:hr>154</ns3:hr>
          </ns3:TrackPointExtension>
        </extensions>
      </trkpt>
      <trkpt lat="43.72448598034679889678955078125" lon="7.31492972932755947113037109375">
        <ele>356.399993896484375</ele>
        <time>2026-02-22T11:10:09.000Z</time>
        <extensions>
          <ns3:TrackPointExtension>
            <ns3:hr>150</ns3:hr>
          </ns3:TrackPointExtension>
        </extensions>
      </trkpt>
      <trkpt lat="43.72455102391541004180908203125" lon="7.31496141292154788970947265625">
        <ele>356.600006103515625</ele>
        <time>2026-02-22T11:10:12.000Z</time>
        <extensions>
          <ns3:TrackPointExtension>
            <ns3:hr>147</ns3:hr>
          </ns3:TrackPointExtension>
        </extensions>
      </trkpt>
      <trkpt lat="43.72458538971841335296630859375" lon="7.3149718903005123138427734375">
        <ele>357</ele>
        <time>2026-02-22T11:10:14.000Z</time>
        <extensions>
          <ns3:TrackPointExtension>
            <ns3:hr>147</ns3:hr>
          </ns3:TrackPointExtension>
        </extensions>
      </trkpt>
      <trkpt lat="43.72460802085697650909423828125" lon="7.314975745975971221923828125">
        <ele>357</ele>
        <time>2026-02-22T11:10:15.000Z</time>
        <extensions>
          <ns3:TrackPointExtension>
            <ns3:hr>150</ns3:hr>
          </ns3:TrackPointExtension>
        </extensions>
      </trkpt>
      <trkpt lat="43.72469007968902587890625" lon="7.31500533409416675567626953125">
        <ele>357.600006103515625</ele>
        <time>2026-02-22T11:10:19.000Z</time>
        <extensions>
          <ns3:TrackPointExtension>
            <ns3:hr>151</ns3:hr>
          </ns3:TrackPointExtension>
        </extensions>
      </trkpt>
      <trkpt lat="43.72480734251439571380615234375" lon="7.31505847536027431488037109375">
        <ele>358.20001220703125</ele>
        <time>2026-02-22T11:10:25.000Z</time>
        <extensions>
          <ns3:TrackPointExtension>
            <ns3:hr>153</ns3:hr>
          </ns3:TrackPointExtension>
        </extensions>
      </trkpt>
      <trkpt lat="43.7248226813971996307373046875" lon="7.31506736017763614654541015625">
        <ele>358.399993896484375</ele>
        <time>2026-02-22T11:10:26.000Z</time>
        <extensions>
          <ns3:TrackPointExtension>
            <ns3:hr>154</ns3:hr>
          </ns3:TrackPointExtension>
        </extensions>
      </trkpt>
      <trkpt lat="43.7248602323234081268310546875" lon="7.3150878958404064178466796875">
        <ele>358.600006103515625</ele>
        <time>2026-02-22T11:10:28.000Z</time>
        <extensions>
          <ns3:TrackPointExtension>
            <ns3:hr>155</ns3:hr>
          </ns3:TrackPointExtension>
        </extensions>
      </trkpt>
      <trkpt lat="43.72487272135913372039794921875" lon="7.315097115933895111083984375">
        <ele>358.600006103515625</ele>
        <time>2026-02-22T11:10:29.000Z</time>
        <extensions>
          <ns3:TrackPointExtension>
            <ns3:hr>155</ns3:hr>
          </ns3:TrackPointExtension>
        </extensions>
      </trkpt>
      <trkpt lat="43.7248800136148929595947265625" lon="7.315105833113193511962890625">
        <ele>358.79998779296875</ele>
        <time>2026-02-22T11:10:30.000Z</time>
        <extensions>
          <ns3:TrackPointExtension>
            <ns3:hr>156</ns3:hr>
          </ns3:TrackPointExtension>
        </extensions>
      </trkpt>
      <trkpt lat="43.72487976215779781341552734375" lon="7.3151123709976673126220703125">
        <ele>359</ele>
        <time>2026-02-22T11:10:31.000Z</time>
        <extensions>
          <ns3:TrackPointExtension>
            <ns3:hr>156</ns3:hr>
          </ns3:TrackPointExtension>
        </extensions>
      </trkpt>
      <trkpt lat="43.724885880947113037109375" lon="7.3151130415499210357666015625">
        <ele>359</ele>
        <time>2026-02-22T11:10:33.000Z</time>
        <extensions>
          <ns3:TrackPointExtension>
            <ns3:hr>157</ns3:hr>
          </ns3:TrackPointExtension>
        </extensions>
      </trkpt>
      <trkpt lat="43.72491999529302120208740234375" lon="7.31509116478264331817626953125">
        <ele>359</ele>
        <time>2026-02-22T11:10:44.000Z</time>
        <extensions>
          <ns3:TrackPointExtension>
            <ns3:hr>156</ns3:hr>
          </ns3:TrackPointExtension>
        </extensions>
      </trkpt>
      <trkpt lat="43.72492368333041667938232421875" lon="7.31509300880134105682373046875">
        <ele>359</ele>
        <time>2026-02-22T11:10:45.000Z</time>
        <extensions>
          <ns3:TrackPointExtension>
            <ns3:hr>156</ns3:hr>
          </ns3:TrackPointExtension>
        </extensions>
      </trkpt>
      <trkpt lat="43.72492368333041667938232421875" lon="7.31509300880134105682373046875">
        <ele>359</ele>
        <time>2026-02-22T11:10:47.000Z</time>
        <extensions>
          <ns3:TrackPointExtension>
            <ns3:hr>156</ns3:hr>
          </ns3:TrackPointExtension>
        </extensions>
      </trkpt>
      <trkpt lat="43.7249393574893474578857421875" lon="7.3151003010571002960205078125">
        <ele>358.600006103515625</ele>
        <time>2026-02-22T11:11:02.000Z</time>
        <extensions>
          <ns3:TrackPointExtension>
            <ns3:hr>147</ns3:hr>
          </ns3:TrackPointExtension>
        </extensions>
      </trkpt>
      <trkpt lat="43.72495201416313648223876953125" lon="7.315105162560939788818359375">
        <ele>358.600006103515625</ele>
        <time>2026-02-22T11:11:03.000Z</time>
        <extensions>
          <ns3:TrackPointExtension>
            <ns3:hr>143</ns3:hr>
          </ns3:TrackPointExtension>
        </extensions>
      </trkpt>
      <trkpt lat="43.72496793977916240692138671875" lon="7.31510725803673267364501953125">
        <ele>358.600006103515625</ele>
        <time>2026-02-22T11:11:04.000Z</time>
        <extensions>
          <ns3:TrackPointExtension>
            <ns3:hr>143</ns3:hr>
          </ns3:TrackPointExtension>
        </extensions>
      </trkpt>
      <trkpt lat="43.7250134535133838653564453125" lon="7.3151388578116893768310546875">
        <ele>358.79998779296875</ele>
        <time>2026-02-22T11:11:09.000Z</time>
        <extensions>
          <ns3:TrackPointExtension>
            <ns3:hr>140</ns3:hr>
          </ns3:TrackPointExtension>
        </extensions>
      </trkpt>
      <trkpt lat="43.72505729086697101593017578125" lon="7.31516123749315738677978515625">
        <ele>359</ele>
        <time>2026-02-22T11:11:14.000Z</time>
        <extensions>
          <ns3:TrackPointExtension>
            <ns3:hr>140</ns3:hr>
          </ns3:TrackPointExtension>
        </extensions>
      </trkpt>
      <trkpt lat="43.72511277906596660614013671875" lon="7.3151851259171962738037109375">
        <ele>359</ele>
        <time>2026-02-22T11:11:17.000Z</time>
        <extensions>
          <ns3:TrackPointExtension>
            <ns3:hr>140</ns3:hr>
          </ns3:TrackPointExtension>
        </extensions>
      </trkpt>
      <trkpt lat="43.725216127932071685791015625" lon="7.31526617892086505889892578125">
        <ele>359.79998779296875</ele>
        <time>2026-02-22T11:11:22.000Z</time>
        <extensions>
          <ns3:TrackPointExtension>
            <ns3:hr>138</ns3:hr>
          </ns3:TrackPointExtension>
        </extensions>
      </trkpt>
      <trkpt lat="43.7252595461905002593994140625" lon="7.3152997903525829315185546875">
        <ele>360</ele>
        <time>2026-02-22T11:11:24.000Z</time>
        <extensions>
          <ns3:TrackPointExtension>
            <ns3:hr>139</ns3:hr>
          </ns3:TrackPointExtension>
        </extensions>
      </trkpt>
      <trkpt lat="43.72534981928765773773193359375" lon="7.31533943675458431243896484375">
        <ele>360.600006103515625</ele>
        <time>2026-02-22T11:11:28.000Z</time>
        <extensions>
          <ns3:TrackPointExtension>
            <ns3:hr>143</ns3:hr>
          </ns3:TrackPointExtension>
        </extensions>
      </trkpt>
      <trkpt lat="43.7253727018833160400390625" lon="7.3153544403612613677978515625">
        <ele>360.79998779296875</ele>
        <time>2026-02-22T11:11:29.000Z</time>
        <extensions>
          <ns3:TrackPointExtension>
            <ns3:hr>145</ns3:hr>
          </ns3:TrackPointExtension>
        </extensions>
      </trkpt>
      <trkpt lat="43.7253929860889911651611328125" lon="7.31536768376827239990234375">
        <ele>361</ele>
        <time>2026-02-22T11:11:30.000Z</time>
        <extensions>
          <ns3:TrackPointExtension>
            <ns3:hr>145</ns3:hr>
          </ns3:TrackPointExtension>
        </extensions>
      </trkpt>
      <trkpt lat="43.7255294434726238250732421875" lon="7.3154436238110065460205078125">
        <ele>362</ele>
        <time>2026-02-22T11:11:36.000Z</time>
        <extensions>
          <ns3:TrackPointExtension>
            <ns3:hr>146</ns3:hr>
          </ns3:TrackPointExtension>
        </extensions>
      </trkpt>
      <trkpt lat="43.725599348545074462890625" lon="7.315491400659084320068359375">
        <ele>362.600006103515625</ele>
        <time>2026-02-22T11:11:39.000Z</time>
        <extensions>
          <ns3:TrackPointExtension>
            <ns3:hr>147</ns3:hr>
          </ns3:TrackPointExtension>
        </extensions>
      </trkpt>
      <trkpt lat="43.72566573321819305419921875" lon="7.31552953831851482391357421875">
        <ele>363.20001220703125</ele>
        <time>2026-02-22T11:11:42.000Z</time>
        <extensions>
          <ns3:TrackPointExtension>
            <ns3:hr>146</ns3:hr>
          </ns3:TrackPointExtension>
        </extensions>
      </trkpt>
      <trkpt lat="43.72575600631535053253173828125" lon="7.31559575535356998443603515625">
        <ele>363.399993896484375</ele>
        <time>2026-02-22T11:11:46.000Z</time>
        <extensions>
          <ns3:TrackPointExtension>
            <ns3:hr>145</ns3:hr>
          </ns3:TrackPointExtension>
        </extensions>
      </trkpt>
      <trkpt lat="43.72580411843955516815185546875" lon="7.31565912254154682159423828125">
        <ele>364.20001220703125</ele>
        <time>2026-02-22T11:11:49.000Z</time>
        <extensions>
          <ns3:TrackPointExtension>
            <ns3:hr>145</ns3:hr>
          </ns3:TrackPointExtension>
        </extensions>
      </trkpt>
      <trkpt lat="43.72583446092903614044189453125" lon="7.31570907868444919586181640625">
        <ele>364.399993896484375</ele>
        <time>2026-02-22T11:11:51.000Z</time>
        <extensions>
          <ns3:TrackPointExtension>
            <ns3:hr>146</ns3:hr>
          </ns3:TrackPointExtension>
        </extensions>
      </trkpt>
      <trkpt lat="43.72588257305324077606201171875" lon="7.31578434817492961883544921875">
        <ele>364.79998779296875</ele>
        <time>2026-02-22T11:11:54.000Z</time>
        <extensions>
          <ns3:TrackPointExtension>
            <ns3:hr>149</ns3:hr>
          </ns3:TrackPointExtension>
        </extensions>
      </trkpt>
      <trkpt lat="43.72591056860983371734619140625" lon="7.31583380140364170074462890625">
        <ele>365</ele>
        <time>2026-02-22T11:11:56.000Z</time>
        <extensions>
          <ns3:TrackPointExtension>
            <ns3:hr>153</ns3:hr>
          </ns3:TrackPointExtension>
        </extensions>
      </trkpt>
      <trkpt lat="43.7259254045784473419189453125" lon="7.31586213223636150360107421875">
        <ele>365.20001220703125</ele>
        <time>2026-02-22T11:11:57.000Z</time>
        <extensions>
          <ns3:TrackPointExtension>
            <ns3:hr>154</ns3:hr>
          </ns3:TrackPointExtension>
        </extensions>
      </trkpt>
      <trkpt lat="43.72603562660515308380126953125" lon="7.31596648693084716796875">
        <ele>366</ele>
        <time>2026-02-22T11:12:02.000Z</time>
        <extensions>
          <ns3:TrackPointExtension>
            <ns3:hr>157</ns3:hr>
          </ns3:TrackPointExtension>
        </extensions>
      </trkpt>
      <trkpt lat="43.7260813079774379730224609375" lon="7.31599758379161357879638671875">
        <ele>366.20001220703125</ele>
        <time>2026-02-22T11:12:04.000Z</time>
        <extensions>
          <ns3:TrackPointExtension>
            <ns3:hr>157</ns3:hr>
          </ns3:TrackPointExtension>
        </extensions>
      </trkpt>
      <trkpt lat="43.726146854460239410400390625" lon="7.31600831262767314910888671875">
        <ele>366.20001220703125</ele>
        <time>2026-02-22T11:12:07.000Z</time>
        <extensions>
          <ns3:TrackPointExtension>
            <ns3:hr>155</ns3:hr>
          </ns3:TrackPointExtension>
        </extensions>
      </trkpt>
      <trkpt lat="43.72620225884020328521728515625" lon="7.31601015664637088775634765625">
        <ele>366.399993896484375</ele>
        <time>2026-02-22T11:12:09.000Z</time>
        <extensions>
          <ns3:TrackPointExtension>
            <ns3:hr>154</ns3:hr>
          </ns3:TrackPointExtension>
        </extensions>
      </trkpt>
      <trkpt lat="43.72633519582450389862060546875" lon="7.3159539140760898590087890625">
        <ele>367.399993896484375</ele>
        <time>2026-02-22T11:12:15.000Z</time>
        <extensions>
          <ns3:TrackPointExtension>
            <ns3:hr>156</ns3:hr>
          </ns3:TrackPointExtension>
        </extensions>
      </trkpt>
      <trkpt lat="43.7264665402472019195556640625" lon="7.3158925585448741912841796875">
        <ele>368.20001220703125</ele>
        <time>2026-02-22T11:12:21.000Z</time>
        <extensions>
          <ns3:TrackPointExtension>
            <ns3:hr>157</ns3:hr>
          </ns3:TrackPointExtension>
        </extensions>
      </trkpt>
      <trkpt lat="43.7264933623373508453369140625" lon="7.3158892057836055755615234375">
        <ele>368.399993896484375</ele>
        <time>2026-02-22T11:12:22.000Z</time>
        <extensions>
          <ns3:TrackPointExtension>
            <ns3:hr>157</ns3:hr>
          </ns3:TrackPointExtension>
        </extensions>
      </trkpt>
      <trkpt lat="43.7266422249376773834228515625" lon="7.31592583470046520233154296875">
        <ele>369.20001220703125</ele>
        <time>2026-02-22T11:12:28.000Z</time>
        <extensions>
          <ns3:TrackPointExtension>
            <ns3:hr>157</ns3:hr>
          </ns3:TrackPointExtension>
        </extensions>
      </trkpt>
      <trkpt lat="43.7266677059233188629150390625" lon="7.3159314505755901336669921875">
        <ele>369.600006103515625</ele>
        <time>2026-02-22T11:12:29.000Z</time>
        <extensions>
          <ns3:TrackPointExtension>
            <ns3:hr>157</ns3:hr>
          </ns3:TrackPointExtension>
        </extensions>
      </trkpt>
      <trkpt lat="43.7267540395259857177734375" lon="7.315989620983600616455078125">
        <ele>370.20001220703125</ele>
        <time>2026-02-22T11:12:34.000Z</time>
        <extensions>
          <ns3:TrackPointExtension>
            <ns3:hr>158</ns3:hr>
          </ns3:TrackPointExtension>
        </extensions>
      </trkpt>
      <trkpt lat="43.72675068676471710205078125" lon="7.3159820772707462310791015625">
        <ele>370.20001220703125</ele>
        <time>2026-02-22T11:12:35.000Z</time>
        <extensions>
          <ns3:TrackPointExtension>
            <ns3:hr>158</ns3:hr>
          </ns3:TrackPointExtension>
        </extensions>
      </trkpt>
      <trkpt lat="43.72674691490828990936279296875" lon="7.31597579084336757659912109375">
        <ele>370.399993896484375</ele>
        <time>2026-02-22T11:12:37.000Z</time>
        <extensions>
          <ns3:TrackPointExtension>
            <ns3:hr>158</ns3:hr>
          </ns3:TrackPointExtension>
        </extensions>
      </trkpt>
      <trkpt lat="43.7267830409109592437744140625" lon="7.3159678280353546142578125">
        <ele>368.399993896484375</ele>
        <time>2026-02-22T11:13:13.000Z</time>
        <extensions>
          <ns3:TrackPointExtension>
            <ns3:hr>160</ns3:hr>
          </ns3:TrackPointExtension>
        </extensions>
      </trkpt>
      <trkpt lat="43.726830147206783294677734375" lon="7.31599758379161357879638671875">
        <ele>368.399993896484375</ele>
        <time>2026-02-22T11:13:16.000Z</time>
        <extensions>
          <ns3:TrackPointExtension>
            <ns3:hr>158</ns3:hr>
          </ns3:TrackPointExtension>
        </extensions>
      </trkpt>
      <trkpt lat="43.72686744667589664459228515625" lon="7.31601149775087833404541015625">
        <ele>368.600006103515625</ele>
        <time>2026-02-22T11:13:18.000Z</time>
        <extensions>
          <ns3:TrackPointExtension>
            <ns3:hr>154</ns3:hr>
          </ns3:TrackPointExtension>
        </extensions>
      </trkpt>
      <trkpt lat="43.72690198011696338653564453125" lon="7.3160239867866039276123046875">
        <ele>368.79998779296875</ele>
        <time>2026-02-22T11:13:20.000Z</time>
        <extensions>
          <ns3:TrackPointExtension>
            <ns3:hr>151</ns3:hr>
          </ns3:TrackPointExtension>
        </extensions>
      </trkpt>
      <trkpt lat="43.72694003395736217498779296875" lon="7.31603513471782207489013671875">
        <ele>369.399993896484375</ele>
        <time>2026-02-22T11:13:22.000Z</time>
        <extensions>
          <ns3:TrackPointExtension>
            <ns3:hr>148</ns3:hr>
          </ns3:TrackPointExtension>
        </extensions>
      </trkpt>
      <trkpt lat="43.7269580550491809844970703125" lon="7.31603597290813922882080078125">
        <ele>369.399993896484375</ele>
        <time>2026-02-22T11:13:23.000Z</time>
        <extensions>
          <ns3:TrackPointExtension>
            <ns3:hr>147</ns3:hr>
          </ns3:TrackPointExtension>
        </extensions>
      </trkpt>
      <trkpt lat="43.72699602507054805755615234375" lon="7.31603085994720458984375">
        <ele>369.600006103515625</ele>
        <time>2026-02-22T11:13:25.000Z</time>
        <extensions>
          <ns3:TrackPointExtension>
            <ns3:hr>147</ns3:hr>
          </ns3:TrackPointExtension>
        </extensions>
      </trkpt>
      <trkpt lat="43.7271132878959178924560546875" lon="7.31603018939495086669921875">
        <ele>370.600006103515625</ele>
        <time>2026-02-22T11:13:31.000Z</time>
        <extensions>
          <ns3:TrackPointExtension>
            <ns3:hr>146</ns3:hr>
          </ns3:TrackPointExtension>
        </extensions>
      </trkpt>
      <trkpt lat="43.72712275944650173187255859375" lon="7.3160270042717456817626953125">
        <ele>370.600006103515625</ele>
        <time>2026-02-22T11:13:32.000Z</time>
        <extensions>
          <ns3:TrackPointExtension>
            <ns3:hr>145</ns3:hr>
          </ns3:TrackPointExtension>
        </extensions>
      </trkpt>
      <trkpt lat="43.72713902033865451812744140625" lon="7.31603085994720458984375">
        <ele>370.79998779296875</ele>
        <time>2026-02-22T11:13:33.000Z</time>
        <extensions>
          <ns3:TrackPointExtension>
            <ns3:hr>141</ns3:hr>
          </ns3:TrackPointExtension>
        </extensions>
      </trkpt>
      <trkpt lat="43.72716098092496395111083984375" lon="7.31603379361331462860107421875">
        <ele>371.20001220703125</ele>
        <time>2026-02-22T11:13:34.000Z</time>
        <extensions>
          <ns3:TrackPointExtension>
            <ns3:hr>141</ns3:hr>
          </ns3:TrackPointExtension>
        </extensions>
      </trkpt>
      <trkpt lat="43.7272356636822223663330078125" lon="7.31606346555054187774658203125">
        <ele>371.600006103515625</ele>
        <time>2026-02-22T11:13:38.000Z</time>
        <extensions>
          <ns3:TrackPointExtension>
            <ns3:hr>138</ns3:hr>
          </ns3:TrackPointExtension>
        </extensions>
      </trkpt>
      <trkpt lat="43.72726676054298877716064453125" lon="7.31606933288276195526123046875">
        <ele>371.79998779296875</ele>
        <time>2026-02-22T11:13:40.000Z</time>
        <extensions>
          <ns3:TrackPointExtension>
            <ns3:hr>138</ns3:hr>
          </ns3:TrackPointExtension>
        </extensions>
      </trkpt>
      <trkpt lat="43.72727095149457454681396484375" lon="7.31606296263635158538818359375">
        <ele>371.79998779296875</ele>
        <time>2026-02-22T11:13:42.000Z</time>
        <extensions>
          <ns3:TrackPointExtension>
            <ns3:hr>138</ns3:hr>
          </ns3:TrackPointExtension>
        </extensions>
      </trkpt>
      <trkpt lat="43.72732912190258502960205078125" lon="7.316084839403629302978515625">
        <ele>371</ele>
        <time>2026-02-22T11:14:30.000Z</time>
        <extensions>
          <ns3:TrackPointExtension>
            <ns3:hr>143</ns3:hr>
          </ns3:TrackPointExtension>
        </extensions>
      </trkpt>
      <trkpt lat="43.7273509986698627471923828125" lon="7.31608877889811992645263671875">
        <ele>371</ele>
        <time>2026-02-22T11:14:31.000Z</time>
        <extensions>
          <ns3:TrackPointExtension>
            <ns3:hr>143</ns3:hr>
          </ns3:TrackPointExtension>
        </extensions>
      </trkpt>
      <trkpt lat="43.7274898029863834381103515625" lon="7.31611895374953746795654296875">
        <ele>371.600006103515625</ele>
        <time>2026-02-22T11:14:37.000Z</time>
        <extensions>
          <ns3:TrackPointExtension>
            <ns3:hr>143</ns3:hr>
          </ns3:TrackPointExtension>
        </extensions>
      </trkpt>
      <trkpt lat="43.72758745215833187103271484375" lon="7.31614057905972003936767578125">
        <ele>372.20001220703125</ele>
        <time>2026-02-22T11:14:41.000Z</time>
        <extensions>
          <ns3:TrackPointExtension>
            <ns3:hr>140</ns3:hr>
          </ns3:TrackPointExtension>
        </extensions>
      </trkpt>
      <trkpt lat="43.72766624204814434051513671875" lon="7.31616186909377574920654296875">
        <ele>372.79998779296875</ele>
        <time>2026-02-22T11:14:44.000Z</time>
        <extensions>
          <ns3:TrackPointExtension>
            <ns3:hr>138</ns3:hr>
          </ns3:TrackPointExtension>
        </extensions>
      </trkpt>
      <trkpt lat="43.72769138775765895843505859375" lon="7.3161725141108036041259765625">
        <ele>372.79998779296875</ele>
        <time>2026-02-22T11:14:45.000Z</time>
        <extensions>
          <ns3:TrackPointExtension>
            <ns3:hr>137</ns3:hr>
          </ns3:TrackPointExtension>
        </extensions>
      </trkpt>
      <trkpt lat="43.72781409882009029388427734375" lon="7.31623630039393901824951171875">
        <ele>373.79998779296875</ele>
        <time>2026-02-22T11:14:50.000Z</time>
        <extensions>
          <ns3:TrackPointExtension>
            <ns3:hr>138</ns3:hr>
          </ns3:TrackPointExtension>
        </extensions>
      </trkpt>
      <trkpt lat="43.727860786020755767822265625" lon="7.31626748107373714447021484375">
        <ele>374</ele>
        <time>2026-02-22T11:14:52.000Z</time>
        <extensions>
          <ns3:TrackPointExtension>
            <ns3:hr>139</ns3:hr>
          </ns3:TrackPointExtension>
        </extensions>
      </trkpt>
      <trkpt lat="43.72797318734228610992431640625" lon="7.31631810776889324188232421875">
        <ele>374.79998779296875</ele>
        <time>2026-02-22T11:14:57.000Z</time>
        <extensions>
          <ns3:TrackPointExtension>
            <ns3:hr>140</ns3:hr>
          </ns3:TrackPointExtension>
        </extensions>
      </trkpt>
      <trkpt lat="43.7280376441776752471923828125" lon="7.3163401521742343902587890625">
        <ele>375.399993896484375</ele>
        <time>2026-02-22T11:15:00.000Z</time>
        <extensions>
          <ns3:TrackPointExtension>
            <ns3:hr>141</ns3:hr>
          </ns3:TrackPointExtension>
        </extensions>
      </trkpt>
      <trkpt lat="43.72812372632324695587158203125" lon="7.31639019213616847991943359375">
        <ele>376</ele>
        <time>2026-02-22T11:15:04.000Z</time>
        <extensions>
          <ns3:TrackPointExtension>
            <ns3:hr>145</ns3:hr>
          </ns3:TrackPointExtension>
        </extensions>
      </trkpt>
      <trkpt lat="43.7281905300915241241455078125" lon="7.3164192773401737213134765625">
        <ele>376.399993896484375</ele>
        <time>2026-02-22T11:15:07.000Z</time>
        <extensions>
          <ns3:TrackPointExtension>
            <ns3:hr>147</ns3:hr>
          </ns3:TrackPointExtension>
        </extensions>
      </trkpt>
      <trkpt lat="43.72828499414026737213134765625" lon="7.31648105196654796600341796875">
        <ele>377</ele>
        <time>2026-02-22T11:15:11.000Z</time>
        <extensions>
          <ns3:TrackPointExtension>
            <ns3:hr>148</ns3:hr>
          </ns3:TrackPointExtension>
        </extensions>
      </trkpt>
      <trkpt lat="43.72834886424243450164794921875" lon="7.3165161721408367156982421875">
        <ele>377.399993896484375</ele>
        <time>2026-02-22T11:15:14.000Z</time>
        <extensions>
          <ns3:TrackPointExtension>
            <ns3:hr>149</ns3:hr>
          </ns3:TrackPointExtension>
        </extensions>
      </trkpt>
      <trkpt lat="43.728435449302196502685546875" lon="7.316566295921802520751953125">
        <ele>378.20001220703125</ele>
        <time>2026-02-22T11:15:19.000Z</time>
        <extensions>
          <ns3:TrackPointExtension>
            <ns3:hr>151</ns3:hr>
          </ns3:TrackPointExtension>
        </extensions>
      </trkpt>
      <trkpt lat="43.72845548205077648162841796875" lon="7.31658314354717731475830078125">
        <ele>378.399993896484375</ele>
        <time>2026-02-22T11:15:21.000Z</time>
        <extensions>
          <ns3:TrackPointExtension>
            <ns3:hr>152</ns3:hr>
          </ns3:TrackPointExtension>
        </extensions>
      </trkpt>
      <trkpt lat="43.7284778617322444915771484375" lon="7.316586412489414215087890625">
        <ele>378.399993896484375</ele>
        <time>2026-02-22T11:15:23.000Z</time>
        <extensions>
          <ns3:TrackPointExtension>
            <ns3:hr>152</ns3:hr>
          </ns3:TrackPointExtension>
        </extensions>
      </trkpt>
      <trkpt lat="43.72848448343575000762939453125" lon="7.3166033439338207244873046875">
        <ele>378</ele>
        <time>2026-02-22T11:15:57.000Z</time>
        <extensions>
          <ns3:TrackPointExtension>
            <ns3:hr>137</ns3:hr>
          </ns3:TrackPointExtension>
        </extensions>
      </trkpt>
      <trkpt lat="43.72848448343575000762939453125" lon="7.3166033439338207244873046875">
        <ele>378</ele>
        <time>2026-02-22T11:15:58.000Z</time>
        <extensions>
          <ns3:TrackPointExtension>
            <ns3:hr>137</ns3:hr>
          </ns3:TrackPointExtension>
        </extensions>
      </trkpt>
      <trkpt lat="43.72848448343575000762939453125" lon="7.3166033439338207244873046875">
        <ele>378</ele>
        <time>2026-02-22T11:15:59.000Z</time>
        <extensions>
          <ns3:TrackPointExtension>
            <ns3:hr>137</ns3:hr>
          </ns3:TrackPointExtension>
        </extensions>
      </trkpt>
      <trkpt lat="43.7284786999225616455078125" lon="7.31662698090076446533203125">
        <ele>378.20001220703125</ele>
        <time>2026-02-22T11:16:56.000Z</time>
        <extensions>
          <ns3:TrackPointExtension>
            <ns3:hr>128</ns3:hr>
          </ns3:TrackPointExtension>
        </extensions>
      </trkpt>
      <trkpt lat="43.72848263941705226898193359375" lon="7.3166258074343204498291015625">
        <ele>378.399993896484375</ele>
        <time>2026-02-22T11:16:57.000Z</time>
        <extensions>
          <ns3:TrackPointExtension>
            <ns3:hr>128</ns3:hr>
          </ns3:TrackPointExtension>
        </extensions>
      </trkpt>
      <trkpt lat="43.7284849025309085845947265625" lon="7.31662421487271785736083984375">
        <ele>378.20001220703125</ele>
        <time>2026-02-22T11:16:58.000Z</time>
        <extensions>
          <ns3:TrackPointExtension>
            <ns3:hr>128</ns3:hr>
          </ns3:TrackPointExtension>
        </extensions>
      </trkpt>
      <trkpt lat="43.72852899134159088134765625" lon="7.31662890873849391937255859375">
        <ele>378</ele>
        <time>2026-02-22T11:17:04.000Z</time>
        <extensions>
          <ns3:TrackPointExtension>
            <ns3:hr>129</ns3:hr>
          </ns3:TrackPointExtension>
        </extensions>
      </trkpt>
      <trkpt lat="43.728568553924560546875" lon="7.31663812883198261260986328125">
        <ele>378</ele>
        <time>2026-02-22T11:17:06.000Z</time>
        <extensions>
          <ns3:TrackPointExtension>
            <ns3:hr>129</ns3:hr>
          </ns3:TrackPointExtension>
        </extensions>
      </trkpt>
      <trkpt lat="43.72869604267179965972900390625" lon="7.31669269502162933349609375">
        <ele>378.79998779296875</ele>
        <time>2026-02-22T11:17:14.000Z</time>
        <extensions>
          <ns3:TrackPointExtension>
            <ns3:hr>129</ns3:hr>
          </ns3:TrackPointExtension>
        </extensions>
      </trkpt>
      <trkpt lat="43.7287514470517635345458984375" lon="7.31678984127938747406005859375">
        <ele>379.20001220703125</ele>
        <time>2026-02-22T11:17:18.000Z</time>
        <extensions>
          <ns3:TrackPointExtension>
            <ns3:hr>129</ns3:hr>
          </ns3:TrackPointExtension>
        </extensions>
      </trkpt>
      <trkpt lat="43.72879729606211185455322265625" lon="7.31687106192111968994140625">
        <ele>379.600006103515625</ele>
        <time>2026-02-22T11:17:21.000Z</time>
        <extensions>
          <ns3:TrackPointExtension>
            <ns3:hr>128</ns3:hr>
          </ns3:TrackPointExtension>
        </extensions>
      </trkpt>
      <trkpt lat="43.7288359366357326507568359375" lon="7.31691791675984859466552734375">
        <ele>379.79998779296875</ele>
        <time>2026-02-22T11:17:23.000Z</time>
        <extensions>
          <ns3:TrackPointExtension>
            <ns3:hr>122</ns3:hr>
          </ns3:TrackPointExtension>
        </extensions>
      </trkpt>
      <trkpt lat="43.72885798104107379913330078125" lon="7.31692881323397159576416015625">
        <ele>380</ele>
        <time>2026-02-22T11:17:24.000Z</time>
        <extensions>
          <ns3:TrackPointExtension>
            <ns3:hr>117</ns3:hr>
          </ns3:TrackPointExtension>
        </extensions>
      </trkpt>
      <trkpt lat="43.72888128273189067840576171875" lon="7.31693283654749393463134765625">
        <ele>380.20001220703125</ele>
        <time>2026-02-22T11:17:25.000Z</time>
        <extensions>
          <ns3:TrackPointExtension>
            <ns3:hr>114</ns3:hr>
          </ns3:TrackPointExtension>
        </extensions>
      </trkpt>
      <trkpt lat="43.72890709899365901947021484375" lon="7.3169359378516674041748046875">
        <ele>380.20001220703125</ele>
        <time>2026-02-22T11:17:26.000Z</time>
        <extensions>
          <ns3:TrackPointExtension>
            <ns3:hr>113</ns3:hr>
          </ns3:TrackPointExtension>
        </extensions>
      </trkpt>
      <trkpt lat="43.729004077613353729248046875" lon="7.31694222427904605865478515625">
        <ele>380.20001220703125</ele>
        <time>2026-02-22T11:17:30.000Z</time>
        <extensions>
          <ns3:TrackPointExtension>
            <ns3:hr>111</ns3:hr>
          </ns3:TrackPointExtension>
        </extensions>
      </trkpt>
      <trkpt lat="43.7290231883525848388671875" lon="7.31695630587637424468994140625">
        <ele>380.399993896484375</ele>
        <time>2026-02-22T11:17:31.000Z</time>
        <extensions>
          <ns3:TrackPointExtension>
            <ns3:hr>111</ns3:hr>
          </ns3:TrackPointExtension>
        </extensions>
      </trkpt>
      <trkpt lat="43.72916693799197673797607421875" lon="7.3170700483024120330810546875">
        <ele>381</ele>
        <time>2026-02-22T11:17:37.000Z</time>
        <extensions>
          <ns3:TrackPointExtension>
            <ns3:hr>111</ns3:hr>
          </ns3:TrackPointExtension>
        </extensions>
      </trkpt>
      <trkpt lat="43.7292151339352130889892578125" lon="7.3171230219304561614990234375">
        <ele>381.399993896484375</ele>
        <time>2026-02-22T11:17:39.000Z</time>
        <extensions>
          <ns3:TrackPointExtension>
            <ns3:hr>111</ns3:hr>
          </ns3:TrackPointExtension>
        </extensions>
      </trkpt>
      <trkpt lat="43.72933994047343730926513671875" lon="7.31729426421225070953369140625">
        <ele>382</ele>
        <time>2026-02-22T11:17:45.000Z</time>
        <extensions>
          <ns3:TrackPointExtension>
            <ns3:hr>112</ns3:hr>
          </ns3:TrackPointExtension>
        </extensions>
      </trkpt>
      <trkpt lat="43.72936978004872798919677734375" lon="7.31733617372810840606689453125">
        <ele>382</ele>
        <time>2026-02-22T11:17:47.000Z</time>
        <extensions>
          <ns3:TrackPointExtension>
            <ns3:hr>117</ns3:hr>
          </ns3:TrackPointExtension>
        </extensions>
      </trkpt>
      <trkpt lat="43.72938218526542186737060546875" lon="7.317351512610912322998046875">
        <ele>382.20001220703125</ele>
        <time>2026-02-22T11:17:48.000Z</time>
        <extensions>
          <ns3:TrackPointExtension>
            <ns3:hr>134</ns3:hr>
          </ns3:TrackPointExtension>
        </extensions>
      </trkpt>
      <trkpt lat="43.72939241118729114532470703125" lon="7.317363917827606201171875">
        <ele>382.20001220703125</ele>
        <time>2026-02-22T11:17:49.000Z</time>
        <extensions>
          <ns3:TrackPointExtension>
            <ns3:hr>140</ns3:hr>
          </ns3:TrackPointExtension>
        </extensions>
      </trkpt>
      <trkpt lat="43.72940246947109699249267578125" lon="7.31738177128136157989501953125">
        <ele>382.399993896484375</ele>
        <time>2026-02-22T11:17:50.000Z</time>
        <extensions>
          <ns3:TrackPointExtension>
            <ns3:hr>141</ns3:hr>
          </ns3:TrackPointExtension>
        </extensions>
      </trkpt>
      <trkpt lat="43.72942845337092876434326171875" lon="7.31742619536817073822021484375">
        <ele>382.399993896484375</ele>
        <time>2026-02-22T11:17:52.000Z</time>
        <extensions>
          <ns3:TrackPointExtension>
            <ns3:hr>141</ns3:hr>
          </ns3:TrackPointExtension>
        </extensions>
      </trkpt>
      <trkpt lat="43.72950422577559947967529296875" lon="7.317537926137447357177734375">
        <ele>382.600006103515625</ele>
        <time>2026-02-22T11:17:56.000Z</time>
        <extensions>
          <ns3:TrackPointExtension>
            <ns3:hr>141</ns3:hr>
          </ns3:TrackPointExtension>
        </extensions>
      </trkpt>
      <trkpt lat="43.72959558852016925811767578125" lon="7.3177533410489559173583984375">
        <ele>383.20001220703125</ele>
        <time>2026-02-22T11:18:02.000Z</time>
        <extensions>
          <ns3:TrackPointExtension>
            <ns3:hr>141</ns3:hr>
          </ns3:TrackPointExtension>
        </extensions>
      </trkpt>
      <trkpt lat="43.72964018024504184722900390625" lon="7.3179607093334197998046875">
        <ele>383.399993896484375</ele>
        <time>2026-02-22T11:18:07.000Z</time>
        <extensions>
          <ns3:TrackPointExtension>
            <ns3:hr>139</ns3:hr>
          </ns3:TrackPointExtension>
        </extensions>
      </trkpt>
      <trkpt lat="43.72965074144303798675537109375" lon="7.31800370849668979644775390625">
        <ele>383.399993896484375</ele>
        <time>2026-02-22T11:18:08.000Z</time>
        <extensions>
          <ns3:TrackPointExtension>
            <ns3:hr>138</ns3:hr>
          </ns3:TrackPointExtension>
        </extensions>
      </trkpt>
      <trkpt lat="43.729763142764568328857421875" lon="7.318281233310699462890625">
        <ele>383.79998779296875</ele>
        <time>2026-02-22T11:18:15.000Z</time>
        <extensions>
          <ns3:TrackPointExtension>
            <ns3:hr>139</ns3:hr>
          </ns3:TrackPointExtension>
        </extensions>
      </trkpt>
      <trkpt lat="43.729956932365894317626953125" lon="7.3184718377888202667236328125">
        <ele>384.20001220703125</ele>
        <time>2026-02-22T11:18:22.000Z</time>
        <extensions>
          <ns3:TrackPointExtension>
            <ns3:hr>140</ns3:hr>
          </ns3:TrackPointExtension>
        </extensions>
      </trkpt>
      <trkpt lat="43.7300343811511993408203125" lon="7.31857585720717906951904296875">
        <ele>384.600006103515625</ele>
        <time>2026-02-22T11:18:25.000Z</time>
        <extensions>
          <ns3:TrackPointExtension>
            <ns3:hr>141</ns3:hr>
          </ns3:TrackPointExtension>
        </extensions>
      </trkpt>
      <trkpt lat="43.7301331199705600738525390625" lon="7.31871415860950946807861328125">
        <ele>384.79998779296875</ele>
        <time>2026-02-22T11:18:29.000Z</time>
        <extensions>
          <ns3:TrackPointExtension>
            <ns3:hr>141</ns3:hr>
          </ns3:TrackPointExtension>
        </extensions>
      </trkpt>
      <trkpt lat="43.73023697175085544586181640625" lon="7.31884424574673175811767578125">
        <ele>385.399993896484375</ele>
        <time>2026-02-22T11:18:34.000Z</time>
        <extensions>
          <ns3:TrackPointExtension>
            <ns3:hr>138</ns3:hr>
          </ns3:TrackPointExtension>
        </extensions>
      </trkpt>
      <trkpt lat="43.730247281491756439208984375" lon="7.3188538849353790283203125">
        <ele>385.399993896484375</ele>
        <time>2026-02-22T11:18:35.000Z</time>
        <extensions>
          <ns3:TrackPointExtension>
            <ns3:hr>136</ns3:hr>
          </ns3:TrackPointExtension>
        </extensions>
      </trkpt>
      <trkpt lat="43.7302514724433422088623046875" lon="7.31885665096342563629150390625">
        <ele>385.399993896484375</ele>
        <time>2026-02-22T11:18:37.000Z</time>
        <extensions>
          <ns3:TrackPointExtension>
            <ns3:hr>135</ns3:hr>
          </ns3:TrackPointExtension>
        </extensions>
      </trkpt>
      <trkpt lat="43.730284161865711212158203125" lon="7.31890895403921604156494140625">
        <ele>383.399993896484375</ele>
        <time>2026-02-22T11:19:41.000Z</time>
        <extensions>
          <ns3:TrackPointExtension>
            <ns3:hr>126</ns3:hr>
          </ns3:TrackPointExtension>
        </extensions>
      </trkpt>
      <trkpt lat="43.73029698617756366729736328125" lon="7.31892873533070087432861328125">
        <ele>383.399993896484375</ele>
        <time>2026-02-22T11:19:42.000Z</time>
        <extensions>
          <ns3:TrackPointExtension>
            <ns3:hr>126</ns3:hr>
          </ns3:TrackPointExtension>
        </extensions>
      </trkpt>
      <trkpt lat="43.7304031848907470703125" lon="7.3190877400338649749755859375">
        <ele>383.399993896484375</ele>
        <time>2026-02-22T11:19:48.000Z</time>
        <extensions>
          <ns3:TrackPointExtension>
            <ns3:hr>128</ns3:hr>
          </ns3:TrackPointExtension>
        </extensions>
      </trkpt>
      <trkpt lat="43.73050167225301265716552734375" lon="7.31934682466089725494384765625">
        <ele>384.20001220703125</ele>
        <time>2026-02-22T11:19:56.000Z</time>
        <extensions>
          <ns3:TrackPointExtension>
            <ns3:hr>129</ns3:hr>
          </ns3:TrackPointExtension>
        </extensions>
      </trkpt>
      <trkpt lat="43.73051105998456478118896484375" lon="7.3193769156932830810546875">
        <ele>384.399993896484375</ele>
        <time>2026-02-22T11:19:57.000Z</time>
        <extensions>
          <ns3:TrackPointExtension>
            <ns3:hr>129</ns3:hr>
          </ns3:TrackPointExtension>
        </extensions>
      </trkpt>
      <trkpt lat="43.7305709905922412872314453125" lon="7.319587804377079010009765625">
        <ele>385</ele>
        <time>2026-02-22T11:20:03.000Z</time>
        <extensions>
          <ns3:TrackPointExtension>
            <ns3:hr>131</ns3:hr>
          </ns3:TrackPointExtension>
        </extensions>
      </trkpt>
      <trkpt lat="43.73061063699424266815185546875" lon="7.31971881352365016937255859375">
        <ele>385.399993896484375</ele>
        <time>2026-02-22T11:20:07.000Z</time>
        <extensions>
          <ns3:TrackPointExtension>
            <ns3:hr>130</ns3:hr>
          </ns3:TrackPointExtension>
        </extensions>
      </trkpt>
      <trkpt lat="43.7306172586977481842041015625" lon="7.3198280297219753265380859375">
        <ele>385.600006103515625</ele>
        <time>2026-02-22T11:20:11.000Z</time>
        <extensions>
          <ns3:TrackPointExtension>
            <ns3:hr>131</ns3:hr>
          </ns3:TrackPointExtension>
        </extensions>
      </trkpt>
      <trkpt lat="43.73062186874449253082275390625" lon="7.31995350681245326995849609375">
        <ele>386.20001220703125</ele>
        <time>2026-02-22T11:20:16.000Z</time>
        <extensions>
          <ns3:TrackPointExtension>
            <ns3:hr>128</ns3:hr>
          </ns3:TrackPointExtension>
        </extensions>
      </trkpt>
      <trkpt lat="43.73062522150576114654541015625" lon="7.31998133473098278045654296875">
        <ele>386.399993896484375</ele>
        <time>2026-02-22T11:20:17.000Z</time>
        <extensions>
          <ns3:TrackPointExtension>
            <ns3:hr>128</ns3:hr>
          </ns3:TrackPointExtension>
        </extensions>
      </trkpt>
      <trkpt lat="43.7306326813995838165283203125" lon="7.32005308382213115692138671875">
        <ele>386.600006103515625</ele>
        <time>2026-02-22T11:20:20.000Z</time>
        <extensions>
          <ns3:TrackPointExtension>
            <ns3:hr>134</ns3:hr>
          </ns3:TrackPointExtension>
        </extensions>
      </trkpt>
      <trkpt lat="43.7306373752653598785400390625" lon="7.320072948932647705078125">
        <ele>386.600006103515625</ele>
        <time>2026-02-22T11:20:21.000Z</time>
        <extensions>
          <ns3:TrackPointExtension>
            <ns3:hr>137</ns3:hr>
          </ns3:TrackPointExtension>
        </extensions>
      </trkpt>
      <trkpt lat="43.730639554560184478759765625" lon="7.32009700499475002288818359375">
        <ele>386.79998779296875</ele>
        <time>2026-02-22T11:20:22.000Z</time>
        <extensions>
          <ns3:TrackPointExtension>
            <ns3:hr>140</ns3:hr>
          </ns3:TrackPointExtension>
        </extensions>
      </trkpt>
      <trkpt lat="43.73063494451344013214111328125" lon="7.3201693408191204071044921875">
        <ele>387.20001220703125</ele>
        <time>2026-02-22T11:20:25.000Z</time>
        <extensions>
          <ns3:TrackPointExtension>
            <ns3:hr>141</ns3:hr>
          </ns3:TrackPointExtension>
        </extensions>
      </trkpt>
      <trkpt lat="43.73062220402061939239501953125" lon="7.320274449884891510009765625">
        <ele>387.600006103515625</ele>
        <time>2026-02-22T11:20:31.000Z</time>
        <extensions>
          <ns3:TrackPointExtension>
            <ns3:hr>143</ns3:hr>
          </ns3:TrackPointExtension>
        </extensions>
      </trkpt>
      <trkpt lat="43.730619437992572784423828125" lon="7.3202712647616863250732421875">
        <ele>387.79998779296875</ele>
        <time>2026-02-22T11:20:32.000Z</time>
        <extensions>
          <ns3:TrackPointExtension>
            <ns3:hr>143</ns3:hr>
          </ns3:TrackPointExtension>
        </extensions>
      </trkpt>
      <trkpt lat="43.7305823899805545806884765625" lon="7.3203446902334690093994140625">
        <ele>386.600006103515625</ele>
        <time>2026-02-22T11:21:56.000Z</time>
        <extensions>
          <ns3:TrackPointExtension>
            <ns3:hr>116</ns3:hr>
          </ns3:TrackPointExtension>
        </extensions>
      </trkpt>
      <trkpt lat="43.73057224787771701812744140625" lon="7.32035885564982891082763671875">
        <ele>386.600006103515625</ele>
        <time>2026-02-22T11:21:57.000Z</time>
        <extensions>
          <ns3:TrackPointExtension>
            <ns3:hr>116</ns3:hr>
          </ns3:TrackPointExtension>
        </extensions>
      </trkpt>
      <trkpt lat="43.73055648989975452423095703125" lon="7.32039816677570343017578125">
        <ele>386.79998779296875</ele>
        <time>2026-02-22T11:21:59.000Z</time>
        <extensions>
          <ns3:TrackPointExtension>
            <ns3:hr>116</ns3:hr>
          </ns3:TrackPointExtension>
        </extensions>
      </trkpt>
      <trkpt lat="43.730521537363529205322265625" lon="7.32054032385349273681640625">
        <ele>387.399993896484375</ele>
        <time>2026-02-22T11:22:04.000Z</time>
        <extensions>
          <ns3:TrackPointExtension>
            <ns3:hr>118</ns3:hr>
          </ns3:TrackPointExtension>
        </extensions>
      </trkpt>
      <trkpt lat="43.73051743023097515106201171875" lon="7.32057745568454265594482421875">
        <ele>387.399993896484375</ele>
        <time>2026-02-22T11:22:05.000Z</time>
        <extensions>
          <ns3:TrackPointExtension>
            <ns3:hr>122</ns3:hr>
          </ns3:TrackPointExtension>
        </extensions>
      </trkpt>
      <trkpt lat="43.730513490736484527587890625" lon="7.320653311908245086669921875">
        <ele>387.600006103515625</ele>
        <time>2026-02-22T11:22:07.000Z</time>
        <extensions>
          <ns3:TrackPointExtension>
            <ns3:hr>123</ns3:hr>
          </ns3:TrackPointExtension>
        </extensions>
      </trkpt>
      <trkpt lat="43.73050418682396411895751953125" lon="7.32075045816600322723388671875">
        <ele>388.20001220703125</ele>
        <time>2026-02-22T11:22:10.000Z</time>
        <extensions>
          <ns3:TrackPointExtension>
            <ns3:hr>124</ns3:hr>
          </ns3:TrackPointExtension>
        </extensions>
      </trkpt>
      <trkpt lat="43.73046864755451679229736328125" lon="7.3208655416965484619140625">
        <ele>388.79998779296875</ele>
        <time>2026-02-22T11:22:14.000Z</time>
        <extensions>
          <ns3:TrackPointExtension>
            <ns3:hr>125</ns3:hr>
          </ns3:TrackPointExtension>
        </extensions>
      </trkpt>
      <trkpt lat="43.7304367125034332275390625" lon="7.32094391249120235443115234375">
        <ele>389.20001220703125</ele>
        <time>2026-02-22T11:22:17.000Z</time>
        <extensions>
          <ns3:TrackPointExtension>
            <ns3:hr>127</ns3:hr>
          </ns3:TrackPointExtension>
        </extensions>
      </trkpt>
      <trkpt lat="43.73042724095284938812255859375" lon="7.32106997631490230560302734375">
        <ele>390</ele>
        <time>2026-02-22T11:22:21.000Z</time>
        <extensions>
          <ns3:TrackPointExtension>
            <ns3:hr>128</ns3:hr>
          </ns3:TrackPointExtension>
        </extensions>
      </trkpt>
      <trkpt lat="43.7304405681788921356201171875" lon="7.32112781144678592681884765625">
        <ele>390.600006103515625</ele>
        <time>2026-02-22T11:22:23.000Z</time>
        <extensions>
          <ns3:TrackPointExtension>
            <ns3:hr>129</ns3:hr>
          </ns3:TrackPointExtension>
        </extensions>
      </trkpt>
      <trkpt lat="43.73045439831912517547607421875" lon="7.32121733017265796661376953125">
        <ele>391</ele>
        <time>2026-02-22T11:22:26.000Z</time>
        <extensions>
          <ns3:TrackPointExtension>
            <ns3:hr>130</ns3:hr>
          </ns3:TrackPointExtension>
        </extensions>
      </trkpt>
      <trkpt lat="43.7304469384253025054931640625" lon="7.321308441460132598876953125">
        <ele>391.399993896484375</ele>
        <time>2026-02-22T11:22:29.000Z</time>
        <extensions>
          <ns3:TrackPointExtension>
            <ns3:hr>132</ns3:hr>
          </ns3:TrackPointExtension>
        </extensions>
      </trkpt>
      <trkpt lat="43.7304291687905788421630859375" lon="7.32137273065745830535888671875">
        <ele>391.399993896484375</ele>
        <time>2026-02-22T11:22:31.000Z</time>
        <extensions>
          <ns3:TrackPointExtension>
            <ns3:hr>136</ns3:hr>
          </ns3:TrackPointExtension>
        </extensions>
      </trkpt>
      <trkpt lat="43.7304197810590267181396484375" lon="7.32143911533057689666748046875">
        <ele>391.600006103515625</ele>
        <time>2026-02-22T11:22:33.000Z</time>
        <extensions>
          <ns3:TrackPointExtension>
            <ns3:hr>143</ns3:hr>
          </ns3:TrackPointExtension>
        </extensions>
      </trkpt>
      <trkpt lat="43.7304110638797283172607421875" lon="7.3214663565158843994140625">
        <ele>391.600006103515625</ele>
        <time>2026-02-22T11:22:34.000Z</time>
        <extensions>
          <ns3:TrackPointExtension>
            <ns3:hr>146</ns3:hr>
          </ns3:TrackPointExtension>
        </extensions>
      </trkpt>
      <trkpt lat="43.73040243051946163177490234375" lon="7.32149493880569934844970703125">
        <ele>391.79998779296875</ele>
        <time>2026-02-22T11:22:35.000Z</time>
        <extensions>
          <ns3:TrackPointExtension>
            <ns3:hr>147</ns3:hr>
          </ns3:TrackPointExtension>
        </extensions>
      </trkpt>
      <trkpt lat="43.7303946353495121002197265625" lon="7.32152469456195831298828125">
        <ele>392</ele>
        <time>2026-02-22T11:22:36.000Z</time>
        <extensions>
          <ns3:TrackPointExtension>
            <ns3:hr>148</ns3:hr>
          </ns3:TrackPointExtension>
        </extensions>
      </trkpt>
      <trkpt lat="43.73036094009876251220703125" lon="7.32167892158031463623046875">
        <ele>392.600006103515625</ele>
        <time>2026-02-22T11:22:41.000Z</time>
        <extensions>
          <ns3:TrackPointExtension>
            <ns3:hr>151</ns3:hr>
          </ns3:TrackPointExtension>
        </extensions>
      </trkpt>
      <trkpt lat="43.73035331256687641143798828125" lon="7.32174404896795749664306640625">
        <ele>392.79998779296875</ele>
        <time>2026-02-22T11:22:43.000Z</time>
        <extensions>
          <ns3:TrackPointExtension>
            <ns3:hr>152</ns3:hr>
          </ns3:TrackPointExtension>
        </extensions>
      </trkpt>
      <trkpt lat="43.7303383089601993560791015625" lon="7.32180096209049224853515625">
        <ele>393</ele>
        <time>2026-02-22T11:22:45.000Z</time>
        <extensions>
          <ns3:TrackPointExtension>
            <ns3:hr>153</ns3:hr>
          </ns3:TrackPointExtension>
        </extensions>
      </trkpt>
      <trkpt lat="43.730317689478397369384765625" lon="7.32195518910884857177734375">
        <ele>393.79998779296875</ele>
        <time>2026-02-22T11:22:50.000Z</time>
        <extensions>
          <ns3:TrackPointExtension>
            <ns3:hr>154</ns3:hr>
          </ns3:TrackPointExtension>
        </extensions>
      </trkpt>
      <trkpt lat="43.73030402697622776031494140625" lon="7.32204965315759181976318359375">
        <ele>394.20001220703125</ele>
        <time>2026-02-22T11:22:53.000Z</time>
        <extensions>
          <ns3:TrackPointExtension>
            <ns3:hr>154</ns3:hr>
          </ns3:TrackPointExtension>
        </extensions>
      </trkpt>
      <trkpt lat="43.7302709184587001800537109375" lon="7.322198264300823211669921875">
        <ele>394.79998779296875</ele>
        <time>2026-02-22T11:22:58.000Z</time>
        <extensions>
          <ns3:TrackPointExtension>
            <ns3:hr>150</ns3:hr>
          </ns3:TrackPointExtension>
        </extensions>
      </trkpt>
      <trkpt lat="43.73025524429976940155029296875" lon="7.3222581110894680023193359375">
        <ele>395.20001220703125</ele>
        <time>2026-02-22T11:23:00.000Z</time>
        <extensions>
          <ns3:TrackPointExtension>
            <ns3:hr>148</ns3:hr>
          </ns3:TrackPointExtension>
        </extensions>
      </trkpt>
      <trkpt lat="43.73024962842464447021484375" lon="7.32228853739798069000244140625">
        <ele>395.20001220703125</ele>
        <time>2026-02-22T11:23:01.000Z</time>
        <extensions>
          <ns3:TrackPointExtension>
            <ns3:hr>148</ns3:hr>
          </ns3:TrackPointExtension>
        </extensions>
      </trkpt>
      <trkpt lat="43.73022004030644893646240234375" lon="7.3224720172584056854248046875">
        <ele>395.79998779296875</ele>
        <time>2026-02-22T11:23:07.000Z</time>
        <extensions>
          <ns3:TrackPointExtension>
            <ns3:hr>147</ns3:hr>
          </ns3:TrackPointExtension>
        </extensions>
      </trkpt>
      <trkpt lat="43.73018768616020679473876953125" lon="7.322584502398967742919921875">
        <ele>396.399993896484375</ele>
        <time>2026-02-22T11:23:11.000Z</time>
        <extensions>
          <ns3:TrackPointExtension>
            <ns3:hr>148</ns3:hr>
          </ns3:TrackPointExtension>
        </extensions>
      </trkpt>
      <trkpt lat="43.7301472015678882598876953125" lon="7.3227580077946186065673828125">
        <ele>397.20001220703125</ele>
        <time>2026-02-22T11:23:17.000Z</time>
        <extensions>
          <ns3:TrackPointExtension>
            <ns3:hr>149</ns3:hr>
          </ns3:TrackPointExtension>
        </extensions>
      </trkpt>
      <trkpt lat="43.7301421724259853363037109375" lon="7.3227861709892749786376953125">
        <ele>397.399993896484375</ele>
        <time>2026-02-22T11:23:18.000Z</time>
        <extensions>
          <ns3:TrackPointExtension>
            <ns3:hr>149</ns3:hr>
          </ns3:TrackPointExtension>
        </extensions>
      </trkpt>
      <trkpt lat="43.7300952337682247161865234375" lon="7.3229952156543731689453125">
        <ele>398</ele>
        <time>2026-02-22T11:23:25.000Z</time>
        <extensions>
          <ns3:TrackPointExtension>
            <ns3:hr>150</ns3:hr>
          </ns3:TrackPointExtension>
        </extensions>
      </trkpt>
      <trkpt lat="43.73009414412081241607666015625" lon="7.32306017540395259857177734375">
        <ele>398.399993896484375</ele>
        <time>2026-02-22T11:23:27.000Z</time>
        <extensions>
          <ns3:TrackPointExtension>
            <ns3:hr>151</ns3:hr>
          </ns3:TrackPointExtension>
        </extensions>
      </trkpt>
      <trkpt lat="43.730126582086086273193359375" lon="7.323345579206943511962890625">
        <ele>399.20001220703125</ele>
        <time>2026-02-22T11:23:35.000Z</time>
        <extensions>
          <ns3:TrackPointExtension>
            <ns3:hr>152</ns3:hr>
          </ns3:TrackPointExtension>
        </extensions>
      </trkpt>
      <trkpt lat="43.73012767173349857330322265625" lon="7.32345546595752239227294921875">
        <ele>399.600006103515625</ele>
        <time>2026-02-22T11:23:38.000Z</time>
        <extensions>
          <ns3:TrackPointExtension>
            <ns3:hr>152</ns3:hr>
          </ns3:TrackPointExtension>
        </extensions>
      </trkpt>
      <trkpt lat="43.7301223911345005035400390625" lon="7.3236250318586826324462890625">
        <ele>399.79998779296875</ele>
        <time>2026-02-22T11:23:43.000Z</time>
        <extensions>
          <ns3:TrackPointExtension>
            <ns3:hr>154</ns3:hr>
          </ns3:TrackPointExtension>
        </extensions>
      </trkpt>
      <trkpt lat="43.73012012802064418792724609375" lon="7.32369049452245235443115234375">
        <ele>400.20001220703125</ele>
        <time>2026-02-22T11:23:45.000Z</time>
        <extensions>
          <ns3:TrackPointExtension>
            <ns3:hr>154</ns3:hr>
          </ns3:TrackPointExtension>
        </extensions>
      </trkpt>
      <trkpt lat="43.73012415133416652679443359375" lon="7.32375285588204860687255859375">
        <ele>400.600006103515625</ele>
        <time>2026-02-22T11:23:47.000Z</time>
        <extensions>
          <ns3:TrackPointExtension>
            <ns3:hr>155</ns3:hr>
          </ns3:TrackPointExtension>
        </extensions>
      </trkpt>
      <trkpt lat="43.73012146912515163421630859375" lon="7.3237839527428150177001953125">
        <ele>400.79998779296875</ele>
        <time>2026-02-22T11:23:48.000Z</time>
        <extensions>
          <ns3:TrackPointExtension>
            <ns3:hr>155</ns3:hr>
          </ns3:TrackPointExtension>
        </extensions>
      </trkpt>
      <trkpt lat="43.7300907075405120849609375" lon="7.32401386834681034088134765625">
        <ele>401.600006103515625</ele>
        <time>2026-02-22T11:23:56.000Z</time>
        <extensions>
          <ns3:TrackPointExtension>
            <ns3:hr>156</ns3:hr>
          </ns3:TrackPointExtension>
        </extensions>
      </trkpt>
      <trkpt lat="43.730085678398609161376953125" lon="7.324042618274688720703125">
        <ele>401.79998779296875</ele>
        <time>2026-02-22T11:23:57.000Z</time>
        <extensions>
          <ns3:TrackPointExtension>
            <ns3:hr>156</ns3:hr>
          </ns3:TrackPointExtension>
        </extensions>
      </trkpt>
      <trkpt lat="43.7300570122897624969482421875" lon="7.3242570273578166961669921875">
        <ele>402.600006103515625</ele>
        <time>2026-02-22T11:24:04.000Z</time>
        <extensions>
          <ns3:TrackPointExtension>
            <ns3:hr>157</ns3:hr>
          </ns3:TrackPointExtension>
        </extensions>
      </trkpt>
      <trkpt lat="43.7300469540059566497802734375" lon="7.32431896962225437164306640625">
        <ele>402.79998779296875</ele>
        <time>2026-02-22T11:24:06.000Z</time>
        <extensions>
          <ns3:TrackPointExtension>
            <ns3:hr>156</ns3:hr>
          </ns3:TrackPointExtension>
        </extensions>
      </trkpt>
      <trkpt lat="43.7300157733261585235595703125" lon="7.32449197210371494293212890625">
        <ele>403.600006103515625</ele>
        <time>2026-02-22T11:24:12.000Z</time>
        <extensions>
          <ns3:TrackPointExtension>
            <ns3:hr>157</ns3:hr>
          </ns3:TrackPointExtension>
        </extensions>
      </trkpt>
      <trkpt lat="43.73001133091747760772705078125" lon="7.3245168663561344146728515625">
        <ele>403.79998779296875</ele>
        <time>2026-02-22T11:24:13.000Z</time>
        <extensions>
          <ns3:TrackPointExtension>
            <ns3:hr>157</ns3:hr>
          </ns3:TrackPointExtension>
        </extensions>
      </trkpt>
      <trkpt lat="43.72997428290545940399169921875" lon="7.32465961016714572906494140625">
        <ele>404.20001220703125</ele>
        <time>2026-02-22T11:24:18.000Z</time>
        <extensions>
          <ns3:TrackPointExtension>
            <ns3:hr>157</ns3:hr>
          </ns3:TrackPointExtension>
        </extensions>
      </trkpt>
      <trkpt lat="43.72990454547107219696044921875" lon="7.32485909946262836456298828125">
        <ele>405</ele>
        <time>2026-02-22T11:24:26.000Z</time>
        <extensions>
          <ns3:TrackPointExtension>
            <ns3:hr>158</ns3:hr>
          </ns3:TrackPointExtension>
        </extensions>
      </trkpt>
      <trkpt lat="43.7298548407852649688720703125" lon="7.3250918649137020111083984375">
        <ele>405.600006103515625</ele>
        <time>2026-02-22T11:24:34.000Z</time>
        <extensions>
          <ns3:TrackPointExtension>
            <ns3:hr>156</ns3:hr>
          </ns3:TrackPointExtension>
        </extensions>
      </trkpt>
      <trkpt lat="43.72986179776489734649658203125" lon="7.32515280134975910186767578125">
        <ele>406</ele>
        <time>2026-02-22T11:24:36.000Z</time>
        <extensions>
          <ns3:TrackPointExtension>
            <ns3:hr>156</ns3:hr>
          </ns3:TrackPointExtension>
        </extensions>
      </trkpt>
      <trkpt lat="43.72989867813885211944580078125" lon="7.32526746578514575958251953125">
        <ele>406.79998779296875</ele>
        <time>2026-02-22T11:24:41.000Z</time>
        <extensions>
          <ns3:TrackPointExtension>
            <ns3:hr>156</ns3:hr>
          </ns3:TrackPointExtension>
        </extensions>
      </trkpt>
      <trkpt lat="43.72992265038192272186279296875" lon="7.3253111355006694793701171875">
        <ele>407.20001220703125</ele>
        <time>2026-02-22T11:24:43.000Z</time>
        <extensions>
          <ns3:TrackPointExtension>
            <ns3:hr>156</ns3:hr>
          </ns3:TrackPointExtension>
        </extensions>
      </trkpt>
      <trkpt lat="43.72996506281197071075439453125" lon="7.325432002544403076171875">
        <ele>407.79998779296875</ele>
        <time>2026-02-22T11:24:49.000Z</time>
        <extensions>
          <ns3:TrackPointExtension>
            <ns3:hr>156</ns3:hr>
          </ns3:TrackPointExtension>
        </extensions>
      </trkpt>
      <trkpt lat="43.72999758459627628326416015625" lon="7.32555010356009006500244140625">
        <ele>408.20001220703125</ele>
        <time>2026-02-22T11:24:54.000Z</time>
        <extensions>
          <ns3:TrackPointExtension>
            <ns3:hr>158</ns3:hr>
          </ns3:TrackPointExtension>
        </extensions>
      </trkpt>
      <trkpt lat="43.73002432286739349365234375" lon="7.3256108723580837249755859375">
        <ele>408.600006103515625</ele>
        <time>2026-02-22T11:24:57.000Z</time>
        <extensions>
          <ns3:TrackPointExtension>
            <ns3:hr>158</ns3:hr>
          </ns3:TrackPointExtension>
        </extensions>
      </trkpt>
      <trkpt lat="43.73007285408675670623779296875" lon="7.3257087729871273040771484375">
        <ele>409.399993896484375</ele>
        <time>2026-02-22T11:25:02.000Z</time>
        <extensions>
          <ns3:TrackPointExtension>
            <ns3:hr>159</ns3:hr>
          </ns3:TrackPointExtension>
        </extensions>
      </trkpt>
      <trkpt lat="43.73011543415486812591552734375" lon="7.32579150237143039703369140625">
        <ele>410</ele>
        <time>2026-02-22T11:25:07.000Z</time>
        <extensions>
          <ns3:TrackPointExtension>
            <ns3:hr>159</ns3:hr>
          </ns3:TrackPointExtension>
        </extensions>
      </trkpt>
      <trkpt lat="43.730140663683414459228515625" lon="7.325866855680942535400390625">
        <ele>410.399993896484375</ele>
        <time>2026-02-22T11:25:11.000Z</time>
        <extensions>
          <ns3:TrackPointExtension>
            <ns3:hr>162</ns3:hr>
          </ns3:TrackPointExtension>
        </extensions>
      </trkpt>
      <trkpt lat="43.730152733623981475830078125" lon="7.32590884901583194732666015625">
        <ele>410.399993896484375</ele>
        <time>2026-02-22T11:25:13.000Z</time>
        <extensions>
          <ns3:TrackPointExtension>
            <ns3:hr>162</ns3:hr>
          </ns3:TrackPointExtension>
        </extensions>
      </trkpt>
      <trkpt lat="43.73016404919326305389404296875" lon="7.3259525187313556671142578125">
        <ele>410.600006103515625</ele>
        <time>2026-02-22T11:25:15.000Z</time>
        <extensions>
          <ns3:TrackPointExtension>
            <ns3:hr>162</ns3:hr>
          </ns3:TrackPointExtension>
        </extensions>
      </trkpt>
      <trkpt lat="43.730190955102443695068359375" lon="7.32605201192200183868408203125">
        <ele>411.20001220703125</ele>
        <time>2026-02-22T11:25:21.000Z</time>
        <extensions>
          <ns3:TrackPointExtension>
            <ns3:hr>161</ns3:hr>
          </ns3:TrackPointExtension>
        </extensions>
      </trkpt>
      <trkpt lat="43.7302315235137939453125" lon="7.32613448984920978546142578125">
        <ele>411.600006103515625</ele>
        <time>2026-02-22T11:25:26.000Z</time>
        <extensions>
          <ns3:TrackPointExtension>
            <ns3:hr>160</ns3:hr>
          </ns3:TrackPointExtension>
        </extensions>
      </trkpt>
      <trkpt lat="43.73025096952915191650390625" lon="7.32616893947124481201171875">
        <ele>411.79998779296875</ele>
        <time>2026-02-22T11:25:28.000Z</time>
        <extensions>
          <ns3:TrackPointExtension>
            <ns3:hr>160</ns3:hr>
          </ns3:TrackPointExtension>
        </extensions>
      </trkpt>
      <trkpt lat="43.73033638112246990203857421875" lon="7.32627480290830135345458984375">
        <ele>412.20001220703125</ele>
        <time>2026-02-22T11:25:34.000Z</time>
        <extensions>
          <ns3:TrackPointExtension>
            <ns3:hr>159</ns3:hr>
          </ns3:TrackPointExtension>
        </extensions>
      </trkpt>
      <trkpt lat="43.73035498894751071929931640625" lon="7.32630179263651371002197265625">
        <ele>412.600006103515625</ele>
        <time>2026-02-22T11:25:36.000Z</time>
        <extensions>
          <ns3:TrackPointExtension>
            <ns3:hr>159</ns3:hr>
          </ns3:TrackPointExtension>
        </extensions>
      </trkpt>
      <trkpt lat="43.73040343634784221649169921875" lon="7.32637412846088409423828125">
        <ele>413.399993896484375</ele>
        <time>2026-02-22T11:25:41.000Z</time>
        <extensions>
          <ns3:TrackPointExtension>
            <ns3:hr>159</ns3:hr>
          </ns3:TrackPointExtension>
        </extensions>
      </trkpt>
      <trkpt lat="43.73042305000126361846923828125" lon="7.326440848410129547119140625">
        <ele>413.79998779296875</ele>
        <time>2026-02-22T11:25:44.000Z</time>
        <extensions>
          <ns3:TrackPointExtension>
            <ns3:hr>160</ns3:hr>
          </ns3:TrackPointExtension>
        </extensions>
      </trkpt>
      <trkpt lat="43.73042975552380084991455078125" lon="7.32650958001613616943359375">
        <ele>414.20001220703125</ele>
        <time>2026-02-22T11:25:48.000Z</time>
        <extensions>
          <ns3:TrackPointExtension>
            <ns3:hr>160</ns3:hr>
          </ns3:TrackPointExtension>
        </extensions>
      </trkpt>
      <trkpt lat="43.73043562285602092742919921875" lon="7.32653581537306308746337890625">
        <ele>414.600006103515625</ele>
        <time>2026-02-22T11:25:51.000Z</time>
        <extensions>
          <ns3:TrackPointExtension>
            <ns3:hr>161</ns3:hr>
          </ns3:TrackPointExtension>
        </extensions>
      </trkpt>
      <trkpt lat="43.7304217927157878875732421875" lon="7.32658241875469684600830078125">
        <ele>414.79998779296875</ele>
        <time>2026-02-22T11:25:58.000Z</time>
        <extensions>
          <ns3:TrackPointExtension>
            <ns3:hr>162</ns3:hr>
          </ns3:TrackPointExtension>
        </extensions>
      </trkpt>
      <trkpt lat="43.73040729202330112457275390625" lon="7.3266465403139591217041015625">
        <ele>415</ele>
        <time>2026-02-22T11:26:01.000Z</time>
        <extensions>
          <ns3:TrackPointExtension>
            <ns3:hr>163</ns3:hr>
          </ns3:TrackPointExtension>
        </extensions>
      </trkpt>
      <trkpt lat="43.7304043583571910858154296875" lon="7.326667495071887969970703125">
        <ele>415</ele>
        <time>2026-02-22T11:26:02.000Z</time>
        <extensions>
          <ns3:TrackPointExtension>
            <ns3:hr>162</ns3:hr>
          </ns3:TrackPointExtension>
        </extensions>
      </trkpt>
      <trkpt lat="43.7303889356553554534912109375" lon="7.326818369328975677490234375">
        <ele>415.600006103515625</ele>
        <time>2026-02-22T11:26:08.000Z</time>
        <extensions>
          <ns3:TrackPointExtension>
            <ns3:hr>161</ns3:hr>
          </ns3:TrackPointExtension>
        </extensions>
      </trkpt>
      <trkpt lat="43.73037569224834442138671875" lon="7.32692264020442962646484375">
        <ele>416</ele>
        <time>2026-02-22T11:26:13.000Z</time>
        <extensions>
          <ns3:TrackPointExtension>
            <ns3:hr>160</ns3:hr>
          </ns3:TrackPointExtension>
        </extensions>
      </trkpt>
      <trkpt lat="43.730376698076725006103515625" lon="7.32694049365818500518798828125">
        <ele>416</ele>
        <time>2026-02-22T11:26:14.000Z</time>
        <extensions>
          <ns3:TrackPointExtension>
            <ns3:hr>160</ns3:hr>
          </ns3:TrackPointExtension>
        </extensions>
      </trkpt>
      <trkpt lat="43.73037166893482208251953125" lon="7.327030934393405914306640625">
        <ele>416.600006103515625</ele>
        <time>2026-02-22T11:26:19.000Z</time>
        <extensions>
          <ns3:TrackPointExtension>
            <ns3:hr>161</ns3:hr>
          </ns3:TrackPointExtension>
        </extensions>
      </trkpt>
      <trkpt lat="43.73035398311913013458251953125" lon="7.32710662297904491424560546875">
        <ele>417</ele>
        <time>2026-02-22T11:26:24.000Z</time>
        <extensions>
          <ns3:TrackPointExtension>
            <ns3:hr>161</ns3:hr>
          </ns3:TrackPointExtension>
        </extensions>
      </trkpt>
      <trkpt lat="43.730351217091083526611328125" lon="7.32717485167086124420166015625">
        <ele>417.600006103515625</ele>
        <time>2026-02-22T11:26:27.000Z</time>
        <extensions>
          <ns3:TrackPointExtension>
            <ns3:hr>162</ns3:hr>
          </ns3:TrackPointExtension>
        </extensions>
      </trkpt>
      <trkpt lat="43.73035230673849582672119140625" lon="7.32730359770357608795166015625">
        <ele>418.20001220703125</ele>
        <time>2026-02-22T11:26:32.000Z</time>
        <extensions>
          <ns3:TrackPointExtension>
            <ns3:hr>162</ns3:hr>
          </ns3:TrackPointExtension>
        </extensions>
      </trkpt>
      <trkpt lat="43.73036152683198451995849609375" lon="7.32739680446684360504150390625">
        <ele>418.600006103515625</ele>
        <time>2026-02-22T11:26:36.000Z</time>
        <extensions>
          <ns3:TrackPointExtension>
            <ns3:hr>161</ns3:hr>
          </ns3:TrackPointExtension>
        </extensions>
      </trkpt>
      <trkpt lat="43.73035280965268611907958984375" lon="7.32754298485815525054931640625">
        <ele>419.20001220703125</ele>
        <time>2026-02-22T11:26:42.000Z</time>
        <extensions>
          <ns3:TrackPointExtension>
            <ns3:hr>160</ns3:hr>
          </ns3:TrackPointExtension>
        </extensions>
      </trkpt>
      <trkpt lat="43.7303624488413333892822265625" lon="7.327644489705562591552734375">
        <ele>420</ele>
        <time>2026-02-22T11:26:46.000Z</time>
        <extensions>
          <ns3:TrackPointExtension>
            <ns3:hr>159</ns3:hr>
          </ns3:TrackPointExtension>
        </extensions>
      </trkpt>
      <trkpt lat="43.730367980897426605224609375" lon="7.32771732844412326812744140625">
        <ele>420.20001220703125</ele>
        <time>2026-02-22T11:26:49.000Z</time>
        <extensions>
          <ns3:TrackPointExtension>
            <ns3:hr>158</ns3:hr>
          </ns3:TrackPointExtension>
        </extensions>
      </trkpt>
      <trkpt lat="43.73037225566804409027099609375" lon="7.32794280163943767547607421875">
        <ele>421.399993896484375</ele>
        <time>2026-02-22T11:26:58.000Z</time>
        <extensions>
          <ns3:TrackPointExtension>
            <ns3:hr>158</ns3:hr>
          </ns3:TrackPointExtension>
        </extensions>
      </trkpt>
      <trkpt lat="43.73037032783031463623046875" lon="7.32816911302506923675537109375">
        <ele>422.399993896484375</ele>
        <time>2026-02-22T11:27:07.000Z</time>
        <extensions>
          <ns3:TrackPointExtension>
            <ns3:hr>160</ns3:hr>
          </ns3:TrackPointExtension>
        </extensions>
      </trkpt>
      <trkpt lat="43.73036202974617481231689453125" lon="7.32821722514927387237548828125">
        <ele>423</ele>
        <time>2026-02-22T11:27:09.000Z</time>
        <extensions>
          <ns3:TrackPointExtension>
            <ns3:hr>160</ns3:hr>
          </ns3:TrackPointExtension>
        </extensions>
      </trkpt>
      <trkpt lat="43.73035012744367122650146484375" lon="7.3283202387392520904541015625">
        <ele>423.399993896484375</ele>
        <time>2026-02-22T11:27:13.000Z</time>
        <extensions>
          <ns3:TrackPointExtension>
            <ns3:hr>160</ns3:hr>
          </ns3:TrackPointExtension>
        </extensions>
      </trkpt>
      <trkpt lat="43.730324395000934600830078125" lon="7.32846558094024658203125">
        <ele>424</ele>
        <time>2026-02-22T11:27:19.000Z</time>
        <extensions>
          <ns3:TrackPointExtension>
            <ns3:hr>160</ns3:hr>
          </ns3:TrackPointExtension>
        </extensions>
      </trkpt>
      <trkpt lat="43.73032464645802974700927734375" lon="7.32858921401202678680419921875">
        <ele>424.399993896484375</ele>
        <time>2026-02-22T11:27:24.000Z</time>
        <extensions>
          <ns3:TrackPointExtension>
            <ns3:hr>160</ns3:hr>
          </ns3:TrackPointExtension>
        </extensions>
      </trkpt>
      <trkpt lat="43.7303321063518524169921875" lon="7.32864051125943660736083984375">
        <ele>424.600006103515625</ele>
        <time>2026-02-22T11:27:26.000Z</time>
        <extensions>
          <ns3:TrackPointExtension>
            <ns3:hr>160</ns3:hr>
          </ns3:TrackPointExtension>
        </extensions>
      </trkpt>
      <trkpt lat="43.73035314492881298065185546875" lon="7.3287996836006641387939453125">
        <ele>425.399993896484375</ele>
        <time>2026-02-22T11:27:34.000Z</time>
        <extensions>
          <ns3:TrackPointExtension>
            <ns3:hr>160</ns3:hr>
          </ns3:TrackPointExtension>
        </extensions>
      </trkpt>
      <trkpt lat="43.7303557433187961578369140625" lon="7.32881720177829265594482421875">
        <ele>425.600006103515625</ele>
        <time>2026-02-22T11:27:35.000Z</time>
        <extensions>
          <ns3:TrackPointExtension>
            <ns3:hr>160</ns3:hr>
          </ns3:TrackPointExtension>
        </extensions>
      </trkpt>
      <trkpt lat="43.73035767115652561187744140625" lon="7.32894293032586574554443359375">
        <ele>426.20001220703125</ele>
        <time>2026-02-22T11:27:41.000Z</time>
        <extensions>
          <ns3:TrackPointExtension>
            <ns3:hr>160</ns3:hr>
          </ns3:TrackPointExtension>
        </extensions>
      </trkpt>
      <trkpt lat="43.73035398311913013458251953125" lon="7.32903563417494297027587890625">
        <ele>426.79998779296875</ele>
        <time>2026-02-22T11:27:45.000Z</time>
        <extensions>
          <ns3:TrackPointExtension>
            <ns3:hr>159</ns3:hr>
          </ns3:TrackPointExtension>
        </extensions>
      </trkpt>
      <trkpt lat="43.730343170464038848876953125" lon="7.32912699691951274871826171875">
        <ele>427.600006103515625</ele>
        <time>2026-02-22T11:27:49.000Z</time>
        <extensions>
          <ns3:TrackPointExtension>
            <ns3:hr>158</ns3:hr>
          </ns3:TrackPointExtension>
        </extensions>
      </trkpt>
      <trkpt lat="43.730333112180233001708984375" lon="7.32919556088745594024658203125">
        <ele>427.79998779296875</ele>
        <time>2026-02-22T11:27:52.000Z</time>
        <extensions>
          <ns3:TrackPointExtension>
            <ns3:hr>158</ns3:hr>
          </ns3:TrackPointExtension>
        </extensions>
      </trkpt>
      <trkpt lat="43.73029748909175395965576171875" lon="7.32928424142301082611083984375">
        <ele>428.399993896484375</ele>
        <time>2026-02-22T11:27:57.000Z</time>
        <extensions>
          <ns3:TrackPointExtension>
            <ns3:hr>159</ns3:hr>
          </ns3:TrackPointExtension>
        </extensions>
      </trkpt>
      <trkpt lat="43.73029245994985103607177734375" lon="7.32934995554387569427490234375">
        <ele>428.79998779296875</ele>
        <time>2026-02-22T11:28:00.000Z</time>
        <extensions>
          <ns3:TrackPointExtension>
            <ns3:hr>158</ns3:hr>
          </ns3:TrackPointExtension>
        </extensions>
      </trkpt>
      <trkpt lat="43.73028726316988468170166015625" lon="7.3293894343078136444091796875">
        <ele>429</ele>
        <time>2026-02-22T11:28:02.000Z</time>
        <extensions>
          <ns3:TrackPointExtension>
            <ns3:hr>158</ns3:hr>
          </ns3:TrackPointExtension>
        </extensions>
      </trkpt>
      <trkpt lat="43.730276115238666534423828125" lon="7.3294303379952907562255859375">
        <ele>429.399993896484375</ele>
        <time>2026-02-22T11:28:04.000Z</time>
        <extensions>
          <ns3:TrackPointExtension>
            <ns3:hr>159</ns3:hr>
          </ns3:TrackPointExtension>
        </extensions>
      </trkpt>
      <trkpt lat="43.730243258178234100341796875" lon="7.32953905127942562103271484375">
        <ele>430</ele>
        <time>2026-02-22T11:28:09.000Z</time>
        <extensions>
          <ns3:TrackPointExtension>
            <ns3:hr>158</ns3:hr>
          </ns3:TrackPointExtension>
        </extensions>
      </trkpt>
      <trkpt lat="43.73022490181028842926025390625" lon="7.3295989818871021270751953125">
        <ele>430.20001220703125</ele>
        <time>2026-02-22T11:28:12.000Z</time>
        <extensions>
          <ns3:TrackPointExtension>
            <ns3:hr>158</ns3:hr>
          </ns3:TrackPointExtension>
        </extensions>
      </trkpt>
      <trkpt lat="43.730211071670055389404296875" lon="7.32978413812816143035888671875">
        <ele>430.79998779296875</ele>
        <time>2026-02-22T11:28:20.000Z</time>
        <extensions>
          <ns3:TrackPointExtension>
            <ns3:hr>160</ns3:hr>
          </ns3:TrackPointExtension>
        </extensions>
      </trkpt>
      <trkpt lat="43.7302135862410068511962890625" lon="7.32982453890144824981689453125">
        <ele>431</ele>
        <time>2026-02-22T11:28:22.000Z</time>
        <extensions>
          <ns3:TrackPointExtension>
            <ns3:hr>159</ns3:hr>
          </ns3:TrackPointExtension>
        </extensions>
      </trkpt>
      <trkpt lat="43.73021073639392852783203125" lon="7.32991422526538372039794921875">
        <ele>431.79998779296875</ele>
        <time>2026-02-22T11:28:26.000Z</time>
        <extensions>
          <ns3:TrackPointExtension>
            <ns3:hr>159</ns3:hr>
          </ns3:TrackPointExtension>
        </extensions>
      </trkpt>
      <trkpt lat="43.73020268976688385009765625" lon="7.33002419583499431610107421875">
        <ele>432.20001220703125</ele>
        <time>2026-02-22T11:28:31.000Z</time>
        <extensions>
          <ns3:TrackPointExtension>
            <ns3:hr>159</ns3:hr>
          </ns3:TrackPointExtension>
        </extensions>
      </trkpt>
      <trkpt lat="43.73018885962665081024169921875" lon="7.330195270478725433349609375">
        <ele>433.20001220703125</ele>
        <time>2026-02-22T11:28:38.000Z</time>
        <extensions>
          <ns3:TrackPointExtension>
            <ns3:hr>159</ns3:hr>
          </ns3:TrackPointExtension>
        </extensions>
      </trkpt>
      <trkpt lat="43.730185590684413909912109375" lon="7.3302184045314788818359375">
        <ele>433.399993896484375</ele>
        <time>2026-02-22T11:28:39.000Z</time>
        <extensions>
          <ns3:TrackPointExtension>
            <ns3:hr>159</ns3:hr>
          </ns3:TrackPointExtension>
        </extensions>
      </trkpt>
      <trkpt lat="43.730175532400608062744140625" lon="7.33034471981227397918701171875">
        <ele>434.20001220703125</ele>
        <time>2026-02-22T11:28:44.000Z</time>
        <extensions>
          <ns3:TrackPointExtension>
            <ns3:hr>158</ns3:hr>
          </ns3:TrackPointExtension>
        </extensions>
      </trkpt>
      <trkpt lat="43.73016840778291225433349609375" lon="7.33041982166469097137451171875">
        <ele>434.399993896484375</ele>
        <time>2026-02-22T11:28:47.000Z</time>
        <extensions>
          <ns3:TrackPointExtension>
            <ns3:hr>159</ns3:hr>
          </ns3:TrackPointExtension>
        </extensions>
      </trkpt>
      <trkpt lat="43.7301616184413433074951171875" lon="7.3305349051952362060546875">
        <ele>435.20001220703125</ele>
        <time>2026-02-22T11:28:52.000Z</time>
        <extensions>
          <ns3:TrackPointExtension>
            <ns3:hr>159</ns3:hr>
          </ns3:TrackPointExtension>
        </extensions>
      </trkpt>
      <trkpt lat="43.73016782104969024658203125" lon="7.33058092184364795684814453125">
        <ele>435.399993896484375</ele>
        <time>2026-02-22T11:28:54.000Z</time>
        <extensions>
          <ns3:TrackPointExtension>
            <ns3:hr>159</ns3:hr>
          </ns3:TrackPointExtension>
        </extensions>
      </trkpt>
      <trkpt lat="43.73016807250678539276123046875" lon="7.3306048102676868438720703125">
        <ele>435.399993896484375</ele>
        <time>2026-02-22T11:28:55.000Z</time>
        <extensions>
          <ns3:TrackPointExtension>
            <ns3:hr>160</ns3:hr>
          </ns3:TrackPointExtension>
        </extensions>
      </trkpt>
      <trkpt lat="43.73015399090945720672607421875" lon="7.330710925161838531494140625">
        <ele>435.79998779296875</ele>
        <time>2026-02-22T11:29:00.000Z</time>
        <extensions>
          <ns3:TrackPointExtension>
            <ns3:hr>160</ns3:hr>
          </ns3:TrackPointExtension>
        </extensions>
      </trkpt>
      <trkpt lat="43.7301676534116268157958984375" lon="7.33082525432109832763671875">
        <ele>436.399993896484375</ele>
        <time>2026-02-22T11:29:05.000Z</time>
        <extensions>
          <ns3:TrackPointExtension>
            <ns3:hr>160</ns3:hr>
          </ns3:TrackPointExtension>
        </extensions>
      </trkpt>
      <trkpt lat="43.73018533922731876373291015625" lon="7.33086640946567058563232421875">
        <ele>436.600006103515625</ele>
        <time>2026-02-22T11:29:07.000Z</time>
        <extensions>
          <ns3:TrackPointExtension>
            <ns3:hr>160</ns3:hr>
          </ns3:TrackPointExtension>
        </extensions>
      </trkpt>
      <trkpt lat="43.73024920932948589324951171875" lon="7.3309833370149135589599609375">
        <ele>437.399993896484375</ele>
        <time>2026-02-22T11:29:13.000Z</time>
        <extensions>
          <ns3:TrackPointExtension>
            <ns3:hr>161</ns3:hr>
          </ns3:TrackPointExtension>
        </extensions>
      </trkpt>
      <trkpt lat="43.73027686960995197296142578125" lon="7.33101032674312591552734375">
        <ele>438</ele>
        <time>2026-02-22T11:29:15.000Z</time>
        <extensions>
          <ns3:TrackPointExtension>
            <ns3:hr>161</ns3:hr>
          </ns3:TrackPointExtension>
        </extensions>
      </trkpt>
      <trkpt lat="43.730382733047008514404296875" lon="7.33106355182826519012451171875">
        <ele>438.600006103515625</ele>
        <time>2026-02-22T11:29:21.000Z</time>
        <extensions>
          <ns3:TrackPointExtension>
            <ns3:hr>161</ns3:hr>
          </ns3:TrackPointExtension>
        </extensions>
      </trkpt>
      <trkpt lat="43.73043763451278209686279296875" lon="7.3310758732259273529052734375">
        <ele>438.79998779296875</ele>
        <time>2026-02-22T11:29:24.000Z</time>
        <extensions>
          <ns3:TrackPointExtension>
            <ns3:hr>161</ns3:hr>
          </ns3:TrackPointExtension>
        </extensions>
      </trkpt>
      <trkpt lat="43.7305133230984210968017578125" lon="7.33109473250806331634521484375">
        <ele>439.20001220703125</ele>
        <time>2026-02-22T11:29:30.000Z</time>
        <extensions>
          <ns3:TrackPointExtension>
            <ns3:hr>161</ns3:hr>
          </ns3:TrackPointExtension>
        </extensions>
      </trkpt>
      <trkpt lat="43.73063645325601100921630859375" lon="7.33111568726599216461181640625">
        <ele>439.600006103515625</ele>
        <time>2026-02-22T11:29:39.000Z</time>
        <extensions>
          <ns3:TrackPointExtension>
            <ns3:hr>161</ns3:hr>
          </ns3:TrackPointExtension>
        </extensions>
      </trkpt>
      <trkpt lat="43.7306561507284641265869140625" lon="7.33112809248268604278564453125">
        <ele>439.600006103515625</ele>
        <time>2026-02-22T11:29:40.000Z</time>
        <extensions>
          <ns3:TrackPointExtension>
            <ns3:hr>161</ns3:hr>
          </ns3:TrackPointExtension>
        </extensions>
      </trkpt>
      <trkpt lat="43.73074114322662353515625" lon="7.33124141581356525421142578125">
        <ele>440.399993896484375</ele>
        <time>2026-02-22T11:29:47.000Z</time>
        <extensions>
          <ns3:TrackPointExtension>
            <ns3:hr>162</ns3:hr>
          </ns3:TrackPointExtension>
        </extensions>
      </trkpt>
      <trkpt lat="43.730768971145153045654296875" lon="7.33130495063960552215576171875">
        <ele>440.79998779296875</ele>
        <time>2026-02-22T11:29:50.000Z</time>
        <extensions>
          <ns3:TrackPointExtension>
            <ns3:hr>161</ns3:hr>
          </ns3:TrackPointExtension>
        </extensions>
      </trkpt>
      <trkpt lat="43.73079000972211360931396484375" lon="7.33143839053809642791748046875">
        <ele>441.600006103515625</ele>
        <time>2026-02-22T11:29:55.000Z</time>
        <extensions>
          <ns3:TrackPointExtension>
            <ns3:hr>161</ns3:hr>
          </ns3:TrackPointExtension>
        </extensions>
      </trkpt>
      <trkpt lat="43.73079436831176280975341796875" lon="7.33149438165128231048583984375">
        <ele>441.79998779296875</ele>
        <time>2026-02-22T11:29:57.000Z</time>
        <extensions>
          <ns3:TrackPointExtension>
            <ns3:hr>161</ns3:hr>
          </ns3:TrackPointExtension>
        </extensions>
      </trkpt>
      <trkpt lat="43.7307996489107608795166015625" lon="7.33163000084459781646728515625">
        <ele>442.600006103515625</ele>
        <time>2026-02-22T11:30:03.000Z</time>
        <extensions>
          <ns3:TrackPointExtension>
            <ns3:hr>161</ns3:hr>
          </ns3:TrackPointExtension>
        </extensions>
      </trkpt>
      <trkpt lat="43.7307976372539997100830078125" lon="7.33165263198316097259521484375">
        <ele>442.600006103515625</ele>
        <time>2026-02-22T11:30:04.000Z</time>
        <extensions>
          <ns3:TrackPointExtension>
            <ns3:hr>161</ns3:hr>
          </ns3:TrackPointExtension>
        </extensions>
      </trkpt>
      <trkpt lat="43.73080023564398288726806640625" lon="7.33167174272239208221435546875">
        <ele>443</ele>
        <time>2026-02-22T11:30:05.000Z</time>
        <extensions>
          <ns3:TrackPointExtension>
            <ns3:hr>161</ns3:hr>
          </ns3:TrackPointExtension>
        </extensions>
      </trkpt>
      <trkpt lat="43.73080275021493434906005859375" lon="7.33174617402255535125732421875">
        <ele>443.399993896484375</ele>
        <time>2026-02-22T11:30:08.000Z</time>
        <extensions>
          <ns3:TrackPointExtension>
            <ns3:hr>161</ns3:hr>
          </ns3:TrackPointExtension>
        </extensions>
      </trkpt>
      <trkpt lat="43.7308108806610107421875" lon="7.3318664543330669403076171875">
        <ele>444</ele>
        <time>2026-02-22T11:30:13.000Z</time>
        <extensions>
          <ns3:TrackPointExtension>
            <ns3:hr>161</ns3:hr>
          </ns3:TrackPointExtension>
        </extensions>
      </trkpt>
      <trkpt lat="43.73081247322261333465576171875" lon="7.3318895883858203887939453125">
        <ele>444</ele>
        <time>2026-02-22T11:30:14.000Z</time>
        <extensions>
          <ns3:TrackPointExtension>
            <ns3:hr>161</ns3:hr>
          </ns3:TrackPointExtension>
        </extensions>
      </trkpt>
      <trkpt lat="43.73082286678254604339599609375" lon="7.332058064639568328857421875">
        <ele>444.79998779296875</ele>
        <time>2026-02-22T11:30:22.000Z</time>
        <extensions>
          <ns3:TrackPointExtension>
            <ns3:hr>161</ns3:hr>
          </ns3:TrackPointExtension>
        </extensions>
      </trkpt>
      <trkpt lat="43.73082756064832210540771484375" lon="7.332081533968448638916015625">
        <ele>445</ele>
        <time>2026-02-22T11:30:23.000Z</time>
        <extensions>
          <ns3:TrackPointExtension>
            <ns3:hr>161</ns3:hr>
          </ns3:TrackPointExtension>
        </extensions>
      </trkpt>
      <trkpt lat="43.7308605015277862548828125" lon="7.33228730969130992889404296875">
        <ele>446</ele>
        <time>2026-02-22T11:30:32.000Z</time>
        <extensions>
          <ns3:TrackPointExtension>
            <ns3:hr>160</ns3:hr>
          </ns3:TrackPointExtension>
        </extensions>
      </trkpt>
      <trkpt lat="43.73089897446334362030029296875" lon="7.33245712704956531524658203125">
        <ele>446.79998779296875</ele>
        <time>2026-02-22T11:30:40.000Z</time>
        <extensions>
          <ns3:TrackPointExtension>
            <ns3:hr>160</ns3:hr>
          </ns3:TrackPointExtension>
        </extensions>
      </trkpt>
      <trkpt lat="43.73090618290007114410400390625" lon="7.3325199075043201446533203125">
        <ele>447.20001220703125</ele>
        <time>2026-02-22T11:30:43.000Z</time>
        <extensions>
          <ns3:TrackPointExtension>
            <ns3:hr>160</ns3:hr>
          </ns3:TrackPointExtension>
        </extensions>
      </trkpt>
      <trkpt lat="43.73092353343963623046875" lon="7.332603223621845245361328125">
        <ele>448</ele>
        <time>2026-02-22T11:30:47.000Z</time>
        <extensions>
          <ns3:TrackPointExtension>
            <ns3:hr>160</ns3:hr>
          </ns3:TrackPointExtension>
        </extensions>
      </trkpt>
      <trkpt lat="43.7309401296079158782958984375" lon="7.33268243260681629180908203125">
        <ele>448.20001220703125</ele>
        <time>2026-02-22T11:30:51.000Z</time>
        <extensions>
          <ns3:TrackPointExtension>
            <ns3:hr>159</ns3:hr>
          </ns3:TrackPointExtension>
        </extensions>
      </trkpt>
      <trkpt lat="43.7309568934142589569091796875" lon="7.332738339900970458984375">
        <ele>448.399993896484375</ele>
        <time>2026-02-22T11:30:54.000Z</time>
        <extensions>
          <ns3:TrackPointExtension>
            <ns3:hr>160</ns3:hr>
          </ns3:TrackPointExtension>
        </extensions>
      </trkpt>
      <trkpt lat="43.73100341297686100006103515625" lon="7.3329638130962848663330078125">
        <ele>449.399993896484375</ele>
        <time>2026-02-22T11:31:04.000Z</time>
        <extensions>
          <ns3:TrackPointExtension>
            <ns3:hr>160</ns3:hr>
          </ns3:TrackPointExtension>
        </extensions>
      </trkpt>
      <trkpt lat="43.73104331083595752716064453125" lon="7.33311929740011692047119140625">
        <ele>450.399993896484375</ele>
        <time>2026-02-22T11:31:11.000Z</time>
        <extensions>
          <ns3:TrackPointExtension>
            <ns3:hr>161</ns3:hr>
          </ns3:TrackPointExtension>
        </extensions>
      </trkpt>
      <trkpt lat="43.7310497649013996124267578125" lon="7.3331394977867603302001953125">
        <ele>450.399993896484375</ele>
        <time>2026-02-22T11:31:12.000Z</time>
        <extensions>
          <ns3:TrackPointExtension>
            <ns3:hr>161</ns3:hr>
          </ns3:TrackPointExtension>
        </extensions>
      </trkpt>
      <trkpt lat="43.73110265471041202545166015625" lon="7.33330001123249530792236328125">
        <ele>451.399993896484375</ele>
        <time>2026-02-22T11:31:19.000Z</time>
        <extensions>
          <ns3:TrackPointExtension>
            <ns3:hr>161</ns3:hr>
          </ns3:TrackPointExtension>
        </extensions>
      </trkpt>
      <trkpt lat="43.73111992143094539642333984375" lon="7.3333497159183025360107421875">
        <ele>451.600006103515625</ele>
        <time>2026-02-22T11:31:21.000Z</time>
        <extensions>
          <ns3:TrackPointExtension>
            <ns3:hr>161</ns3:hr>
          </ns3:TrackPointExtension>
        </extensions>
      </trkpt>
      <trkpt lat="43.7311500124633312225341796875" lon="7.33346278779208660125732421875">
        <ele>452</ele>
        <time>2026-02-22T11:31:26.000Z</time>
        <extensions>
          <ns3:TrackPointExtension>
            <ns3:hr>162</ns3:hr>
          </ns3:TrackPointExtension>
        </extensions>
      </trkpt>
      <trkpt lat="43.7311523593962192535400390625" lon="7.3334784619510173797607421875">
        <ele>452.20001220703125</ele>
        <time>2026-02-22T11:31:27.000Z</time>
        <extensions>
          <ns3:TrackPointExtension>
            <ns3:hr>162</ns3:hr>
          </ns3:TrackPointExtension>
        </extensions>
      </trkpt>
      <trkpt lat="43.73117792420089244842529296875" lon="7.33355146832764148712158203125">
        <ele>452.600006103515625</ele>
        <time>2026-02-22T11:31:30.000Z</time>
        <extensions>
          <ns3:TrackPointExtension>
            <ns3:hr>162</ns3:hr>
          </ns3:TrackPointExtension>
        </extensions>
      </trkpt>
      <trkpt lat="43.73118278570473194122314453125" lon="7.33357041142880916595458984375">
        <ele>452.79998779296875</ele>
        <time>2026-02-22T11:31:31.000Z</time>
        <extensions>
          <ns3:TrackPointExtension>
            <ns3:hr>163</ns3:hr>
          </ns3:TrackPointExtension>
        </extensions>
      </trkpt>
      <trkpt lat="43.731215558946132659912109375" lon="7.33372338116168975830078125">
        <ele>453.600006103515625</ele>
        <time>2026-02-22T11:31:37.000Z</time>
        <extensions>
          <ns3:TrackPointExtension>
            <ns3:hr>162</ns3:hr>
          </ns3:TrackPointExtension>
        </extensions>
      </trkpt>
      <trkpt lat="43.7312172353267669677734375" lon="7.3338083736598491668701171875">
        <ele>454.20001220703125</ele>
        <time>2026-02-22T11:31:40.000Z</time>
        <extensions>
          <ns3:TrackPointExtension>
            <ns3:hr>162</ns3:hr>
          </ns3:TrackPointExtension>
        </extensions>
      </trkpt>
      <trkpt lat="43.73121597804129123687744140625" lon="7.33390669338405132293701171875">
        <ele>454.600006103515625</ele>
        <time>2026-02-22T11:31:44.000Z</time>
        <extensions>
          <ns3:TrackPointExtension>
            <ns3:hr>161</ns3:hr>
          </ns3:TrackPointExtension>
        </extensions>
      </trkpt>
      <trkpt lat="43.7311922572553157806396484375" lon="7.33400224708020687103271484375">
        <ele>455</ele>
        <time>2026-02-22T11:31:48.000Z</time>
        <extensions>
          <ns3:TrackPointExtension>
            <ns3:hr>161</ns3:hr>
          </ns3:TrackPointExtension>
        </extensions>
      </trkpt>
      <trkpt lat="43.73116116039454936981201171875" lon="7.33414490707218647003173828125">
        <ele>455.79998779296875</ele>
        <time>2026-02-22T11:31:54.000Z</time>
        <extensions>
          <ns3:TrackPointExtension>
            <ns3:hr>161</ns3:hr>
          </ns3:TrackPointExtension>
        </extensions>
      </trkpt>
      <trkpt lat="43.7311555445194244384765625" lon="7.33418949879705905914306640625">
        <ele>456</ele>
        <time>2026-02-22T11:31:56.000Z</time>
        <extensions>
          <ns3:TrackPointExtension>
            <ns3:hr>161</ns3:hr>
          </ns3:TrackPointExtension>
        </extensions>
      </trkpt>
      <trkpt lat="43.73111707158386707305908203125" lon="7.3343464918434619903564453125">
        <ele>456.79998779296875</ele>
        <time>2026-02-22T11:32:02.000Z</time>
        <extensions>
          <ns3:TrackPointExtension>
            <ns3:hr>161</ns3:hr>
          </ns3:TrackPointExtension>
        </extensions>
      </trkpt>
      <trkpt lat="43.7310913391411304473876953125" lon="7.334461994469165802001953125">
        <ele>457.600006103515625</ele>
        <time>2026-02-22T11:32:07.000Z</time>
        <extensions>
          <ns3:TrackPointExtension>
            <ns3:hr>162</ns3:hr>
          </ns3:TrackPointExtension>
        </extensions>
      </trkpt>
      <trkpt lat="43.73109511099755764007568359375" lon="7.33453349210321903228759765625">
        <ele>458.20001220703125</ele>
        <time>2026-02-22T11:32:10.000Z</time>
        <extensions>
          <ns3:TrackPointExtension>
            <ns3:hr>162</ns3:hr>
          </ns3:TrackPointExtension>
        </extensions>
      </trkpt>
      <trkpt lat="43.7310889922082424163818359375" lon="7.33458361588418483734130859375">
        <ele>458.399993896484375</ele>
        <time>2026-02-22T11:32:12.000Z</time>
        <extensions>
          <ns3:TrackPointExtension>
            <ns3:hr>162</ns3:hr>
          </ns3:TrackPointExtension>
        </extensions>
      </trkpt>
      <trkpt lat="43.73106862418353557586669921875" lon="7.334727533161640167236328125">
        <ele>459.20001220703125</ele>
        <time>2026-02-22T11:32:19.000Z</time>
        <extensions>
          <ns3:TrackPointExtension>
            <ns3:hr>162</ns3:hr>
          </ns3:TrackPointExtension>
        </extensions>
      </trkpt>
      <trkpt lat="43.7310108728706836700439453125" lon="7.33492576517164707183837890625">
        <ele>460.399993896484375</ele>
        <time>2026-02-22T11:32:28.000Z</time>
        <extensions>
          <ns3:TrackPointExtension>
            <ns3:hr>162</ns3:hr>
          </ns3:TrackPointExtension>
        </extensions>
      </trkpt>
      <trkpt lat="43.7309679575264453887939453125" lon="7.33510731719434261322021484375">
        <ele>461.20001220703125</ele>
        <time>2026-02-22T11:32:36.000Z</time>
        <extensions>
          <ns3:TrackPointExtension>
            <ns3:hr>163</ns3:hr>
          </ns3:TrackPointExtension>
        </extensions>
      </trkpt>
      <trkpt lat="43.730958066880702972412109375" lon="7.3351545073091983795166015625">
        <ele>461.600006103515625</ele>
        <time>2026-02-22T11:32:38.000Z</time>
        <extensions>
          <ns3:TrackPointExtension>
            <ns3:hr>163</ns3:hr>
          </ns3:TrackPointExtension>
        </extensions>
      </trkpt>
      <trkpt lat="43.73094658367335796356201171875" lon="7.335259616374969482421875">
        <ele>462.20001220703125</ele>
        <time>2026-02-22T11:32:43.000Z</time>
        <extensions>
          <ns3:TrackPointExtension>
            <ns3:hr>163</ns3:hr>
          </ns3:TrackPointExtension>
        </extensions>
      </trkpt>
      <trkpt lat="43.73094574548304080963134765625" lon="7.3352778889238834381103515625">
        <ele>462.399993896484375</ele>
        <time>2026-02-22T11:32:44.000Z</time>
        <extensions>
          <ns3:TrackPointExtension>
            <ns3:hr>163</ns3:hr>
          </ns3:TrackPointExtension>
        </extensions>
      </trkpt>
      <trkpt lat="43.73092747293412685394287109375" lon="7.33533781953155994415283203125">
        <ele>462.79998779296875</ele>
        <time>2026-02-22T11:32:47.000Z</time>
        <extensions>
          <ns3:TrackPointExtension>
            <ns3:hr>162</ns3:hr>
          </ns3:TrackPointExtension>
        </extensions>
      </trkpt>
      <trkpt lat="43.7309210188686847686767578125" lon="7.335353828966617584228515625">
        <ele>462.79998779296875</ele>
        <time>2026-02-22T11:32:48.000Z</time>
        <extensions>
          <ns3:TrackPointExtension>
            <ns3:hr>161</ns3:hr>
          </ns3:TrackPointExtension>
        </extensions>
      </trkpt>
      <trkpt lat="43.7308673746883869171142578125" lon="7.33547394163906574249267578125">
        <ele>463.20001220703125</ele>
        <time>2026-02-22T11:32:54.000Z</time>
        <extensions>
          <ns3:TrackPointExtension>
            <ns3:hr>160</ns3:hr>
          </ns3:TrackPointExtension>
        </extensions>
      </trkpt>
      <trkpt lat="43.73084818013012409210205078125" lon="7.33556463383138179779052734375">
        <ele>463.79998779296875</ele>
        <time>2026-02-22T11:32:58.000Z</time>
        <extensions>
          <ns3:TrackPointExtension>
            <ns3:hr>160</ns3:hr>
          </ns3:TrackPointExtension>
        </extensions>
      </trkpt>
      <trkpt lat="43.7308291532099246978759765625" lon="7.33562699519097805023193359375">
        <ele>464</ele>
        <time>2026-02-22T11:33:01.000Z</time>
        <extensions>
          <ns3:TrackPointExtension>
            <ns3:hr>160</ns3:hr>
          </ns3:TrackPointExtension>
        </extensions>
      </trkpt>
      <trkpt lat="43.7308046780526638031005859375" lon="7.33581726439297199249267578125">
        <ele>464.600006103515625</ele>
        <time>2026-02-22T11:33:09.000Z</time>
        <extensions>
          <ns3:TrackPointExtension>
            <ns3:hr>160</ns3:hr>
          </ns3:TrackPointExtension>
        </extensions>
      </trkpt>
      <trkpt lat="43.730802834033966064453125" lon="7.335844673216342926025390625">
        <ele>465</ele>
        <time>2026-02-22T11:33:10.000Z</time>
        <extensions>
          <ns3:TrackPointExtension>
            <ns3:hr>160</ns3:hr>
          </ns3:TrackPointExtension>
        </extensions>
      </trkpt>
      <trkpt lat="43.73077760450541973114013671875" lon="7.33596528880298137664794921875">
        <ele>465.399993896484375</ele>
        <time>2026-02-22T11:33:15.000Z</time>
        <extensions>
          <ns3:TrackPointExtension>
            <ns3:hr>159</ns3:hr>
          </ns3:TrackPointExtension>
        </extensions>
      </trkpt>
      <trkpt lat="43.73076193034648895263671875" lon="7.33611096628010272979736328125">
        <ele>466</ele>
        <time>2026-02-22T11:33:21.000Z</time>
        <extensions>
          <ns3:TrackPointExtension>
            <ns3:hr>159</ns3:hr>
          </ns3:TrackPointExtension>
        </extensions>
      </trkpt>
      <trkpt lat="43.73075949959456920623779296875" lon="7.3361388780176639556884765625">
        <ele>466.20001220703125</ele>
        <time>2026-02-22T11:33:22.000Z</time>
        <extensions>
          <ns3:TrackPointExtension>
            <ns3:hr>159</ns3:hr>
          </ns3:TrackPointExtension>
        </extensions>
      </trkpt>
      <trkpt lat="43.73073837719857692718505859375" lon="7.336268462240695953369140625">
        <ele>466.79998779296875</ele>
        <time>2026-02-22T11:33:27.000Z</time>
        <extensions>
          <ns3:TrackPointExtension>
            <ns3:hr>157</ns3:hr>
          </ns3:TrackPointExtension>
        </extensions>
      </trkpt>
      <trkpt lat="43.730728738009929656982421875" lon="7.33637952245771884918212890625">
        <ele>467.20001220703125</ele>
        <time>2026-02-22T11:33:31.000Z</time>
        <extensions>
          <ns3:TrackPointExtension>
            <ns3:hr>158</ns3:hr>
          </ns3:TrackPointExtension>
        </extensions>
      </trkpt>
      <trkpt lat="43.73071893118321895599365234375" lon="7.3365350067615509033203125">
        <ele>468</ele>
        <time>2026-02-22T11:33:36.000Z</time>
        <extensions>
          <ns3:TrackPointExtension>
            <ns3:hr>158</ns3:hr>
          </ns3:TrackPointExtension>
        </extensions>
      </trkpt>
      <trkpt lat="43.7307161651551723480224609375" lon="7.33658932149410247802734375">
        <ele>469.20001220703125</ele>
        <time>2026-02-22T11:33:38.000Z</time>
        <extensions>
          <ns3:TrackPointExtension>
            <ns3:hr>158</ns3:hr>
          </ns3:TrackPointExtension>
        </extensions>
      </trkpt>
      <trkpt lat="43.7306869961321353912353515625" lon="7.3368124477565288543701171875">
        <ele>469.399993896484375</ele>
        <time>2026-02-22T11:33:46.000Z</time>
        <extensions>
          <ns3:TrackPointExtension>
            <ns3:hr>157</ns3:hr>
          </ns3:TrackPointExtension>
        </extensions>
      </trkpt>
      <trkpt lat="43.73070753179490566253662109375" lon="7.33697664923965930938720703125">
        <ele>470.20001220703125</ele>
        <time>2026-02-22T11:33:52.000Z</time>
        <extensions>
          <ns3:TrackPointExtension>
            <ns3:hr>159</ns3:hr>
          </ns3:TrackPointExtension>
        </extensions>
      </trkpt>
      <trkpt lat="43.7307168357074260711669921875" lon="7.3370293714106082916259765625">
        <ele>470.600006103515625</ele>
        <time>2026-02-22T11:33:54.000Z</time>
        <extensions>
          <ns3:TrackPointExtension>
            <ns3:hr>160</ns3:hr>
          </ns3:TrackPointExtension>
        </extensions>
      </trkpt>
      <trkpt lat="43.73074776493012905120849609375" lon="7.33715216629207134246826171875">
        <ele>471.20001220703125</ele>
        <time>2026-02-22T11:33:59.000Z</time>
        <extensions>
          <ns3:TrackPointExtension>
            <ns3:hr>159</ns3:hr>
          </ns3:TrackPointExtension>
        </extensions>
      </trkpt>
      <trkpt lat="43.7307748384773731231689453125" lon="7.33722911216318607330322265625">
        <ele>471.79998779296875</ele>
        <time>2026-02-22T11:34:02.000Z</time>
        <extensions>
          <ns3:TrackPointExtension>
            <ns3:hr>160</ns3:hr>
          </ns3:TrackPointExtension>
        </extensions>
      </trkpt>
      <trkpt lat="43.73078078962862491607666015625" lon="7.33731175772845745086669921875">
        <ele>472.399993896484375</ele>
        <time>2026-02-22T11:34:05.000Z</time>
        <extensions>
          <ns3:TrackPointExtension>
            <ns3:hr>160</ns3:hr>
          </ns3:TrackPointExtension>
        </extensions>
      </trkpt>
      <trkpt lat="43.7308068573474884033203125" lon="7.3373891226947307586669921875">
        <ele>472.79998779296875</ele>
        <time>2026-02-22T11:34:08.000Z</time>
        <extensions>
          <ns3:TrackPointExtension>
            <ns3:hr>160</ns3:hr>
          </ns3:TrackPointExtension>
        </extensions>
      </trkpt>
      <trkpt lat="43.73084298335015773773193359375" lon="7.33748140744864940643310546875">
        <ele>473.600006103515625</ele>
        <time>2026-02-22T11:34:12.000Z</time>
        <extensions>
          <ns3:TrackPointExtension>
            <ns3:hr>161</ns3:hr>
          </ns3:TrackPointExtension>
        </extensions>
      </trkpt>
      <trkpt lat="43.73087869025766849517822265625" lon="7.33759154565632343292236328125">
        <ele>473.79998779296875</ele>
        <time>2026-02-22T11:34:16.000Z</time>
        <extensions>
          <ns3:TrackPointExtension>
            <ns3:hr>161</ns3:hr>
          </ns3:TrackPointExtension>
        </extensions>
      </trkpt>
      <trkpt lat="43.73092646710574626922607421875" lon="7.33775599859654903411865234375">
        <ele>474.600006103515625</ele>
        <time>2026-02-22T11:34:22.000Z</time>
        <extensions>
          <ns3:TrackPointExtension>
            <ns3:hr>161</ns3:hr>
          </ns3:TrackPointExtension>
        </extensions>
      </trkpt>
      <trkpt lat="43.73094658367335796356201171875" lon="7.33781031332910060882568359375">
        <ele>474.79998779296875</ele>
        <time>2026-02-22T11:34:24.000Z</time>
        <extensions>
          <ns3:TrackPointExtension>
            <ns3:hr>161</ns3:hr>
          </ns3:TrackPointExtension>
        </extensions>
      </trkpt>
      <trkpt lat="43.7310085259377956390380859375" lon="7.33797107823193073272705078125">
        <ele>475.600006103515625</ele>
        <time>2026-02-22T11:34:30.000Z</time>
        <extensions>
          <ns3:TrackPointExtension>
            <ns3:hr>161</ns3:hr>
          </ns3:TrackPointExtension>
        </extensions>
      </trkpt>
      <trkpt lat="43.73102922923862934112548828125" lon="7.338021956384181976318359375">
        <ele>476</ele>
        <time>2026-02-22T11:34:32.000Z</time>
        <extensions>
          <ns3:TrackPointExtension>
            <ns3:hr>161</ns3:hr>
          </ns3:TrackPointExtension>
        </extensions>
      </trkpt>
      <trkpt lat="43.73106636106967926025390625" lon="7.33813284896314144134521484375">
        <ele>476.600006103515625</ele>
        <time>2026-02-22T11:34:36.000Z</time>
        <extensions>
          <ns3:TrackPointExtension>
            <ns3:hr>161</ns3:hr>
          </ns3:TrackPointExtension>
        </extensions>
      </trkpt>
      <trkpt lat="43.73109997250139713287353515625" lon="7.33822789974510669708251953125">
        <ele>477.79998779296875</ele>
        <time>2026-02-22T11:34:40.000Z</time>
        <extensions>
          <ns3:TrackPointExtension>
            <ns3:hr>160</ns3:hr>
          </ns3:TrackPointExtension>
        </extensions>
      </trkpt>
      <trkpt lat="43.731105588376522064208984375" lon="7.3382427357137203216552734375">
        <ele>478</ele>
        <time>2026-02-22T11:34:41.000Z</time>
        <extensions>
          <ns3:TrackPointExtension>
            <ns3:hr>160</ns3:hr>
          </ns3:TrackPointExtension>
        </extensions>
      </trkpt>
      <trkpt lat="43.73114607296884059906005859375" lon="7.33837709762156009674072265625">
        <ele>478.79998779296875</ele>
        <time>2026-02-22T11:34:46.000Z</time>
        <extensions>
          <ns3:TrackPointExtension>
            <ns3:hr>160</ns3:hr>
          </ns3:TrackPointExtension>
        </extensions>
      </trkpt>
      <trkpt lat="43.7311704643070697784423828125" lon="7.33843090943992137908935546875">
        <ele>478.79998779296875</ele>
        <time>2026-02-22T11:34:48.000Z</time>
        <extensions>
          <ns3:TrackPointExtension>
            <ns3:hr>159</ns3:hr>
          </ns3:TrackPointExtension>
        </extensions>
      </trkpt>
      <trkpt lat="43.731241039931774139404296875" lon="7.3386055044829845428466796875">
        <ele>480.20001220703125</ele>
        <time>2026-02-22T11:34:55.000Z</time>
        <extensions>
          <ns3:TrackPointExtension>
            <ns3:hr>159</ns3:hr>
          </ns3:TrackPointExtension>
        </extensions>
      </trkpt>
      <trkpt lat="43.73125084675848484039306640625" lon="7.3386678658425807952880859375">
        <ele>480.399993896484375</ele>
        <time>2026-02-22T11:34:57.000Z</time>
        <extensions>
          <ns3:TrackPointExtension>
            <ns3:hr>160</ns3:hr>
          </ns3:TrackPointExtension>
        </extensions>
      </trkpt>
      <trkpt lat="43.7312847934663295745849609375" lon="7.3389422893524169921875">
        <ele>481.20001220703125</ele>
        <time>2026-02-22T11:35:06.000Z</time>
        <extensions>
          <ns3:TrackPointExtension>
            <ns3:hr>160</ns3:hr>
          </ns3:TrackPointExtension>
        </extensions>
      </trkpt>
      <trkpt lat="43.7312814407050609588623046875" lon="7.33896416611969470977783203125">
        <ele>481.399993896484375</ele>
        <time>2026-02-22T11:35:07.000Z</time>
        <extensions>
          <ns3:TrackPointExtension>
            <ns3:hr>160</ns3:hr>
          </ns3:TrackPointExtension>
        </extensions>
      </trkpt>
      <trkpt lat="43.731280267238616943359375" lon="7.3391838558018207550048828125">
        <ele>482.399993896484375</ele>
        <time>2026-02-22T11:35:14.000Z</time>
        <extensions>
          <ns3:TrackPointExtension>
            <ns3:hr>160</ns3:hr>
          </ns3:TrackPointExtension>
        </extensions>
      </trkpt>
      <trkpt lat="43.73128303326666355133056640625" lon="7.339237667620182037353515625">
        <ele>482.600006103515625</ele>
        <time>2026-02-22T11:35:16.000Z</time>
        <extensions>
          <ns3:TrackPointExtension>
            <ns3:hr>160</ns3:hr>
          </ns3:TrackPointExtension>
        </extensions>
      </trkpt>
      <trkpt lat="43.73130432330071926116943359375" lon="7.3393513262271881103515625">
        <ele>483.79998779296875</ele>
        <time>2026-02-22T11:35:20.000Z</time>
        <extensions>
          <ns3:TrackPointExtension>
            <ns3:hr>159</ns3:hr>
          </ns3:TrackPointExtension>
        </extensions>
      </trkpt>
      <trkpt lat="43.73131941072642803192138671875" lon="7.3394061438739299774169921875">
        <ele>484</ele>
        <time>2026-02-22T11:35:22.000Z</time>
        <extensions>
          <ns3:TrackPointExtension>
            <ns3:hr>158</ns3:hr>
          </ns3:TrackPointExtension>
        </extensions>
      </trkpt>
      <trkpt lat="43.731360398232936859130859375" lon="7.3396120034158229827880859375">
        <ele>484.79998779296875</ele>
        <time>2026-02-22T11:35:29.000Z</time>
        <extensions>
          <ns3:TrackPointExtension>
            <ns3:hr>160</ns3:hr>
          </ns3:TrackPointExtension>
        </extensions>
      </trkpt>
      <trkpt lat="43.73136668466031551361083984375" lon="7.33964142389595508575439453125">
        <ele>484.79998779296875</ele>
        <time>2026-02-22T11:35:30.000Z</time>
        <extensions>
          <ns3:TrackPointExtension>
            <ns3:hr>160</ns3:hr>
          </ns3:TrackPointExtension>
        </extensions>
      </trkpt>
      <trkpt lat="43.7314101867377758026123046875" lon="7.33981291763484477996826171875">
        <ele>486</ele>
        <time>2026-02-22T11:35:36.000Z</time>
        <extensions>
          <ns3:TrackPointExtension>
            <ns3:hr>161</ns3:hr>
          </ns3:TrackPointExtension>
        </extensions>
      </trkpt>
      <trkpt lat="43.73144379816949367523193359375" lon="7.33992288820445537567138671875">
        <ele>486.399993896484375</ele>
        <time>2026-02-22T11:35:40.000Z</time>
        <extensions>
          <ns3:TrackPointExtension>
            <ns3:hr>161</ns3:hr>
          </ns3:TrackPointExtension>
        </extensions>
      </trkpt>
      <trkpt lat="43.7314809300005435943603515625" lon="7.34002162702381610870361328125">
        <ele>487.20001220703125</ele>
        <time>2026-02-22T11:35:44.000Z</time>
        <extensions>
          <ns3:TrackPointExtension>
            <ns3:hr>161</ns3:hr>
          </ns3:TrackPointExtension>
        </extensions>
      </trkpt>
      <trkpt lat="43.7315070815384387969970703125" lon="7.34010125510394573211669921875">
        <ele>487.600006103515625</ele>
        <time>2026-02-22T11:35:47.000Z</time>
        <extensions>
          <ns3:TrackPointExtension>
            <ns3:hr>161</ns3:hr>
          </ns3:TrackPointExtension>
        </extensions>
      </trkpt>
      <trkpt lat="43.7315499968826770782470703125" lon="7.34023419208824634552001953125">
        <ele>488.399993896484375</ele>
        <time>2026-02-22T11:35:52.000Z</time>
        <extensions>
          <ns3:TrackPointExtension>
            <ns3:hr>161</ns3:hr>
          </ns3:TrackPointExtension>
        </extensions>
      </trkpt>
      <trkpt lat="43.73159718699753284454345703125" lon="7.340425886213779449462890625">
        <ele>489.399993896484375</ele>
        <time>2026-02-22T11:35:59.000Z</time>
        <extensions>
          <ns3:TrackPointExtension>
            <ns3:hr>161</ns3:hr>
          </ns3:TrackPointExtension>
        </extensions>
      </trkpt>
      <trkpt lat="43.7315999530255794525146484375" lon="7.34045497141778469085693359375">
        <ele>489.399993896484375</ele>
        <time>2026-02-22T11:36:00.000Z</time>
        <extensions>
          <ns3:TrackPointExtension>
            <ns3:hr>161</ns3:hr>
          </ns3:TrackPointExtension>
        </extensions>
      </trkpt>
      <trkpt lat="43.7316222488880157470703125" lon="7.34065496362745761871337890625">
        <ele>490.399993896484375</ele>
        <time>2026-02-22T11:36:07.000Z</time>
        <extensions>
          <ns3:TrackPointExtension>
            <ns3:hr>161</ns3:hr>
          </ns3:TrackPointExtension>
        </extensions>
      </trkpt>
      <trkpt lat="43.731625936925411224365234375" lon="7.34071581624448299407958984375">
        <ele>490.79998779296875</ele>
        <time>2026-02-22T11:36:09.000Z</time>
        <extensions>
          <ns3:TrackPointExtension>
            <ns3:hr>161</ns3:hr>
          </ns3:TrackPointExtension>
        </extensions>
      </trkpt>
      <trkpt lat="43.73162602074444293975830078125" lon="7.3407764174044132232666015625">
        <ele>491.600006103515625</ele>
        <time>2026-02-22T11:36:11.000Z</time>
        <extensions>
          <ns3:TrackPointExtension>
            <ns3:hr>162</ns3:hr>
          </ns3:TrackPointExtension>
        </extensions>
      </trkpt>
      <trkpt lat="43.73162291944026947021484375" lon="7.34096257947385311126708984375">
        <ele>492.20001220703125</ele>
        <time>2026-02-22T11:36:18.000Z</time>
        <extensions>
          <ns3:TrackPointExtension>
            <ns3:hr>162</ns3:hr>
          </ns3:TrackPointExtension>
        </extensions>
      </trkpt>
      <trkpt lat="43.731623589992523193359375" lon="7.34110004268586635589599609375">
        <ele>492.600006103515625</ele>
        <time>2026-02-22T11:36:23.000Z</time>
        <extensions>
          <ns3:TrackPointExtension>
            <ns3:hr>162</ns3:hr>
          </ns3:TrackPointExtension>
        </extensions>
      </trkpt>
      <trkpt lat="43.73162853531539440155029296875" lon="7.34119601547718048095703125">
        <ele>493.20001220703125</ele>
        <time>2026-02-22T11:36:26.000Z</time>
        <extensions>
          <ns3:TrackPointExtension>
            <ns3:hr>162</ns3:hr>
          </ns3:TrackPointExtension>
        </extensions>
      </trkpt>
      <trkpt lat="43.731630630791187286376953125" lon="7.341284193098545074462890625">
        <ele>493.79998779296875</ele>
        <time>2026-02-22T11:36:29.000Z</time>
        <extensions>
          <ns3:TrackPointExtension>
            <ns3:hr>161</ns3:hr>
          </ns3:TrackPointExtension>
        </extensions>
      </trkpt>
      <trkpt lat="43.7316472269594669342041015625" lon="7.3414273560047149658203125">
        <ele>494.79998779296875</ele>
        <time>2026-02-22T11:36:34.000Z</time>
        <extensions>
          <ns3:TrackPointExtension>
            <ns3:hr>161</ns3:hr>
          </ns3:TrackPointExtension>
        </extensions>
      </trkpt>
      <trkpt lat="43.7316515855491161346435546875" lon="7.341457866132259368896484375">
        <ele>495</ele>
        <time>2026-02-22T11:36:35.000Z</time>
        <extensions>
          <ns3:TrackPointExtension>
            <ns3:hr>161</ns3:hr>
          </ns3:TrackPointExtension>
        </extensions>
      </trkpt>
      <trkpt lat="43.73168234713375568389892578125" lon="7.3416558466851711273193359375">
        <ele>496</ele>
        <time>2026-02-22T11:36:42.000Z</time>
        <extensions>
          <ns3:TrackPointExtension>
            <ns3:hr>161</ns3:hr>
          </ns3:TrackPointExtension>
        </extensions>
      </trkpt>
      <trkpt lat="43.7316866219043731689453125" lon="7.3416863568127155303955078125">
        <ele>496.20001220703125</ele>
        <time>2026-02-22T11:36:43.000Z</time>
        <extensions>
          <ns3:TrackPointExtension>
            <ns3:hr>161</ns3:hr>
          </ns3:TrackPointExtension>
        </extensions>
      </trkpt>
      <trkpt lat="43.73171285726130008697509765625" lon="7.3418684117496013641357421875">
        <ele>497.20001220703125</ele>
        <time>2026-02-22T11:36:49.000Z</time>
        <extensions>
          <ns3:TrackPointExtension>
            <ns3:hr>161</ns3:hr>
          </ns3:TrackPointExtension>
        </extensions>
      </trkpt>
      <trkpt lat="43.7317374162375926971435546875" lon="7.342013753950595855712890625">
        <ele>497.600006103515625</ele>
        <time>2026-02-22T11:36:54.000Z</time>
        <extensions>
          <ns3:TrackPointExtension>
            <ns3:hr>161</ns3:hr>
          </ns3:TrackPointExtension>
        </extensions>
      </trkpt>
      <trkpt lat="43.73176013119518756866455078125" lon="7.34212045557796955108642578125">
        <ele>498.20001220703125</ele>
        <time>2026-02-22T11:36:58.000Z</time>
        <extensions>
          <ns3:TrackPointExtension>
            <ns3:hr>160</ns3:hr>
          </ns3:TrackPointExtension>
        </extensions>
      </trkpt>
      <trkpt lat="43.73179265297949314117431640625" lon="7.34223327599465847015380859375">
        <ele>498.600006103515625</ele>
        <time>2026-02-22T11:37:02.000Z</time>
        <extensions>
          <ns3:TrackPointExtension>
            <ns3:hr>161</ns3:hr>
          </ns3:TrackPointExtension>
        </extensions>
      </trkpt>
      <trkpt lat="43.73182483948767185211181640625" lon="7.34231449663639068603515625">
        <ele>499.20001220703125</ele>
        <time>2026-02-22T11:37:05.000Z</time>
        <extensions>
          <ns3:TrackPointExtension>
            <ns3:hr>160</ns3:hr>
          </ns3:TrackPointExtension>
        </extensions>
      </trkpt>
      <trkpt lat="43.7318909727036952972412109375" lon="7.34243947081267833709716796875">
        <ele>500</ele>
        <time>2026-02-22T11:37:12.000Z</time>
        <extensions>
          <ns3:TrackPointExtension>
            <ns3:hr>159</ns3:hr>
          </ns3:TrackPointExtension>
        </extensions>
      </trkpt>
      <trkpt lat="43.73191385529935359954833984375" lon="7.3424752615392208099365234375">
        <ele>500.20001220703125</ele>
        <time>2026-02-22T11:37:14.000Z</time>
        <extensions>
          <ns3:TrackPointExtension>
            <ns3:hr>159</ns3:hr>
          </ns3:TrackPointExtension>
        </extensions>
      </trkpt>
      <trkpt lat="43.731957189738750457763671875" lon="7.34255748800933361053466796875">
        <ele>500.79998779296875</ele>
        <time>2026-02-22T11:37:19.000Z</time>
        <extensions>
          <ns3:TrackPointExtension>
            <ns3:hr>158</ns3:hr>
          </ns3:TrackPointExtension>
        </extensions>
      </trkpt>
      <trkpt lat="43.73197236098349094390869140625" lon="7.34260694123804569244384765625">
        <ele>501</ele>
        <time>2026-02-22T11:37:22.000Z</time>
        <extensions>
          <ns3:TrackPointExtension>
            <ns3:hr>155</ns3:hr>
          </ns3:TrackPointExtension>
        </extensions>
      </trkpt>
      <trkpt lat="43.7319814972579479217529296875" lon="7.342644073069095611572265625">
        <ele>501</ele>
        <time>2026-02-22T11:37:24.000Z</time>
        <extensions>
          <ns3:TrackPointExtension>
            <ns3:hr>154</ns3:hr>
          </ns3:TrackPointExtension>
        </extensions>
      </trkpt>
      <trkpt lat="43.73197739012539386749267578125" lon="7.34266209416091442108154296875">
        <ele>501</ele>
        <time>2026-02-22T11:37:26.000Z</time>
        <extensions>
          <ns3:TrackPointExtension>
            <ns3:hr>153</ns3:hr>
          </ns3:TrackPointExtension>
        </extensions>
      </trkpt>
      <trkpt lat="43.73197495937347412109375" lon="7.34265941195189952850341796875">
        <ele>500.79998779296875</ele>
        <time>2026-02-22T11:37:27.000Z</time>
        <extensions>
          <ns3:TrackPointExtension>
            <ns3:hr>153</ns3:hr>
          </ns3:TrackPointExtension>
        </extensions>
      </trkpt>
      <trkpt lat="43.73199482448399066925048828125" lon="7.34268665313720703125">
        <ele>500.79998779296875</ele>
        <time>2026-02-22T11:38:22.000Z</time>
        <extensions>
          <ns3:TrackPointExtension>
            <ns3:hr>135</ns3:hr>
          </ns3:TrackPointExtension>
        </extensions>
      </trkpt>
      <trkpt lat="43.73200245201587677001953125" lon="7.34270031563937664031982421875">
        <ele>500.79998779296875</ele>
        <time>2026-02-22T11:38:23.000Z</time>
        <extensions>
          <ns3:TrackPointExtension>
            <ns3:hr>136</ns3:hr>
          </ns3:TrackPointExtension>
        </extensions>
      </trkpt>
      <trkpt lat="43.73203639872372150421142578125" lon="7.34276552684605121612548828125">
        <ele>500.79998779296875</ele>
        <time>2026-02-22T11:38:26.000Z</time>
        <extensions>
          <ns3:TrackPointExtension>
            <ns3:hr>136</ns3:hr>
          </ns3:TrackPointExtension>
        </extensions>
      </trkpt>
      <trkpt lat="43.7320297770202159881591796875" lon="7.34278849326074123382568359375">
        <ele>500.79998779296875</ele>
        <time>2026-02-22T11:38:27.000Z</time>
        <extensions>
          <ns3:TrackPointExtension>
            <ns3:hr>136</ns3:hr>
          </ns3:TrackPointExtension>
        </extensions>
      </trkpt>
      <trkpt lat="43.7319586984813213348388671875" lon="7.34275630675256252288818359375">
        <ele>500.399993896484375</ele>
        <time>2026-02-22T11:38:30.000Z</time>
        <extensions>
          <ns3:TrackPointExtension>
            <ns3:hr>135</ns3:hr>
          </ns3:TrackPointExtension>
        </extensions>
      </trkpt>
      <trkpt lat="43.73186725191771984100341796875" lon="7.34259545803070068359375">
        <ele>499.79998779296875</ele>
        <time>2026-02-22T11:38:34.000Z</time>
        <extensions>
          <ns3:TrackPointExtension>
            <ns3:hr>130</ns3:hr>
          </ns3:TrackPointExtension>
        </extensions>
      </trkpt>
      <trkpt lat="43.731843531131744384765625" lon="7.34254675917327404022216796875">
        <ele>499.79998779296875</ele>
        <time>2026-02-22T11:38:35.000Z</time>
        <extensions>
          <ns3:TrackPointExtension>
            <ns3:hr>129</ns3:hr>
          </ns3:TrackPointExtension>
        </extensions>
      </trkpt>
      <trkpt lat="43.73162426054477691650390625" lon="7.34219036065042018890380859375">
        <ele>499.600006103515625</ele>
        <time>2026-02-22T11:38:42.000Z</time>
        <extensions>
          <ns3:TrackPointExtension>
            <ns3:hr>128</ns3:hr>
          </ns3:TrackPointExtension>
        </extensions>
      </trkpt>
      <trkpt lat="43.73148118145763874053955078125" lon="7.341974191367626190185546875">
        <ele>499.600006103515625</ele>
        <time>2026-02-22T11:38:46.000Z</time>
        <extensions>
          <ns3:TrackPointExtension>
            <ns3:hr>131</ns3:hr>
          </ns3:TrackPointExtension>
        </extensions>
      </trkpt>
      <trkpt lat="43.7312757410109043121337890625" lon="7.34169465489685535430908203125">
        <ele>499.79998779296875</ele>
        <time>2026-02-22T11:38:51.000Z</time>
        <extensions>
          <ns3:TrackPointExtension>
            <ns3:hr>133</ns3:hr>
          </ns3:TrackPointExtension>
        </extensions>
      </trkpt>
      <trkpt lat="43.73123190365731716156005859375" lon="7.34164386056363582611083984375">
        <ele>499.79998779296875</ele>
        <time>2026-02-22T11:38:52.000Z</time>
        <extensions>
          <ns3:TrackPointExtension>
            <ns3:hr>133</ns3:hr>
          </ns3:TrackPointExtension>
        </extensions>
      </trkpt>
      <trkpt lat="43.73113341629505157470703125" lon="7.34157110564410686492919921875">
        <ele>499.79998779296875</ele>
        <time>2026-02-22T11:38:54.000Z</time>
        <extensions>
          <ns3:TrackPointExtension>
            <ns3:hr>134</ns3:hr>
          </ns3:TrackPointExtension>
        </extensions>
      </trkpt>
      <trkpt lat="43.73107918538153171539306640625" lon="7.34154612757265567779541015625">
        <ele>499.79998779296875</ele>
        <time>2026-02-22T11:38:55.000Z</time>
        <extensions>
          <ns3:TrackPointExtension>
            <ns3:hr>134</ns3:hr>
          </ns3:TrackPointExtension>
        </extensions>
      </trkpt>
      <trkpt lat="43.731025122106075286865234375" lon="7.34152919612824916839599609375">
        <ele>499.79998779296875</ele>
        <time>2026-02-22T11:38:56.000Z</time>
        <extensions>
          <ns3:TrackPointExtension>
            <ns3:hr>135</ns3:hr>
          </ns3:TrackPointExtension>
        </extensions>
      </trkpt>
      <trkpt lat="43.73091615736484527587890625" lon="7.34152031131088733673095703125">
        <ele>500</ele>
        <time>2026-02-22T11:38:58.000Z</time>
        <extensions>
          <ns3:TrackPointExtension>
            <ns3:hr>139</ns3:hr>
          </ns3:TrackPointExtension>
        </extensions>
      </trkpt>
      <trkpt lat="43.73086259700357913970947265625" lon="7.34153456054627895355224609375">
        <ele>499.79998779296875</ele>
        <time>2026-02-22T11:38:59.000Z</time>
        <extensions>
          <ns3:TrackPointExtension>
            <ns3:hr>141</ns3:hr>
          </ns3:TrackPointExtension>
        </extensions>
      </trkpt>
      <trkpt lat="43.73081079684197902679443359375" lon="7.34155752696096897125244140625">
        <ele>500</ele>
        <time>2026-02-22T11:39:00.000Z</time>
        <extensions>
          <ns3:TrackPointExtension>
            <ns3:hr>141</ns3:hr>
          </ns3:TrackPointExtension>
        </extensions>
      </trkpt>
      <trkpt lat="43.7307258881628513336181640625" lon="7.341632544994354248046875">
        <ele>500</ele>
        <time>2026-02-22T11:39:02.000Z</time>
        <extensions>
          <ns3:TrackPointExtension>
            <ns3:hr>142</ns3:hr>
          </ns3:TrackPointExtension>
        </extensions>
      </trkpt>
      <trkpt lat="43.73069110326468944549560546875" lon="7.34168593771755695343017578125">
        <ele>500.20001220703125</ele>
        <time>2026-02-22T11:39:03.000Z</time>
        <extensions>
          <ns3:TrackPointExtension>
            <ns3:hr>142</ns3:hr>
          </ns3:TrackPointExtension>
        </extensions>
      </trkpt>
      <trkpt lat="43.73062253929674625396728515625" lon="7.341798506677150726318359375">
        <ele>500.600006103515625</ele>
        <time>2026-02-22T11:39:05.000Z</time>
        <extensions>
          <ns3:TrackPointExtension>
            <ns3:hr>142</ns3:hr>
          </ns3:TrackPointExtension>
        </extensions>
      </trkpt>
      <trkpt lat="43.7304787896573543548583984375" lon="7.34211609698832035064697265625">
        <ele>501.399993896484375</ele>
        <time>2026-02-22T11:39:10.000Z</time>
        <extensions>
          <ns3:TrackPointExtension>
            <ns3:hr>144</ns3:hr>
          </ns3:TrackPointExtension>
        </extensions>
      </trkpt>
      <trkpt lat="43.73032473027706146240234375" lon="7.3424015007913112640380859375">
        <ele>501.600006103515625</ele>
        <time>2026-02-22T11:39:15.000Z</time>
        <extensions>
          <ns3:TrackPointExtension>
            <ns3:hr>146</ns3:hr>
          </ns3:TrackPointExtension>
        </extensions>
      </trkpt>
      <trkpt lat="43.73023630119860172271728515625" lon="7.34249160625040531158447265625">
        <ele>502</ele>
        <time>2026-02-22T11:39:17.000Z</time>
        <extensions>
          <ns3:TrackPointExtension>
            <ns3:hr>147</ns3:hr>
          </ns3:TrackPointExtension>
        </extensions>
      </trkpt>
      <trkpt lat="43.7301944755017757415771484375" lon="7.34253108501434326171875">
        <ele>502</ele>
        <time>2026-02-22T11:39:18.000Z</time>
        <extensions>
          <ns3:TrackPointExtension>
            <ns3:hr>147</ns3:hr>
          </ns3:TrackPointExtension>
        </extensions>
      </trkpt>
      <trkpt lat="43.73011157847940921783447265625" lon="7.34261331148445606231689453125">
        <ele>502.399993896484375</ele>
        <time>2026-02-22T11:39:20.000Z</time>
        <extensions>
          <ns3:TrackPointExtension>
            <ns3:hr>148</ns3:hr>
          </ns3:TrackPointExtension>
        </extensions>
      </trkpt>
      <trkpt lat="43.729878477752208709716796875" lon="7.3427843861281871795654296875">
        <ele>502.79998779296875</ele>
        <time>2026-02-22T11:39:25.000Z</time>
        <extensions>
          <ns3:TrackPointExtension>
            <ns3:hr>151</ns3:hr>
          </ns3:TrackPointExtension>
        </extensions>
      </trkpt>
      <trkpt lat="43.72972659766674041748046875" lon="7.342855632305145263671875">
        <ele>503</ele>
        <time>2026-02-22T11:39:28.000Z</time>
        <extensions>
          <ns3:TrackPointExtension>
            <ns3:hr>151</ns3:hr>
          </ns3:TrackPointExtension>
        </extensions>
      </trkpt>
      <trkpt lat="43.72962257824838161468505859375" lon="7.34286996535956859588623046875">
        <ele>503.20001220703125</ele>
        <time>2026-02-22T11:39:30.000Z</time>
        <extensions>
          <ns3:TrackPointExtension>
            <ns3:hr>152</ns3:hr>
          </ns3:TrackPointExtension>
        </extensions>
      </trkpt>
      <trkpt lat="43.7295172177255153656005859375" lon="7.34288035891950130462646484375">
        <ele>503.399993896484375</ele>
        <time>2026-02-22T11:39:32.000Z</time>
        <extensions>
          <ns3:TrackPointExtension>
            <ns3:hr>152</ns3:hr>
          </ns3:TrackPointExtension>
        </extensions>
      </trkpt>
      <trkpt lat="43.72915872372686862945556640625" lon="7.34292067587375640869140625">
        <ele>504.399993896484375</ele>
        <time>2026-02-22T11:39:39.000Z</time>
        <extensions>
          <ns3:TrackPointExtension>
            <ns3:hr>154</ns3:hr>
          </ns3:TrackPointExtension>
        </extensions>
      </trkpt>
      <trkpt lat="43.7291058339178562164306640625" lon="7.3429342545568943023681640625">
        <ele>504.600006103515625</ele>
        <time>2026-02-22T11:39:40.000Z</time>
        <extensions>
          <ns3:TrackPointExtension>
            <ns3:hr>154</ns3:hr>
          </ns3:TrackPointExtension>
        </extensions>
      </trkpt>
      <trkpt lat="43.72894766740500926971435546875" lon="7.34298764728009700775146484375">
        <ele>504.79998779296875</ele>
        <time>2026-02-22T11:39:43.000Z</time>
        <extensions>
          <ns3:TrackPointExtension>
            <ns3:hr>155</ns3:hr>
          </ns3:TrackPointExtension>
        </extensions>
      </trkpt>
      <trkpt lat="43.72875739820301532745361328125" lon="7.3431002162396907806396484375">
        <ele>505.399993896484375</ele>
        <time>2026-02-22T11:39:47.000Z</time>
        <extensions>
          <ns3:TrackPointExtension>
            <ns3:hr>155</ns3:hr>
          </ns3:TrackPointExtension>
        </extensions>
      </trkpt>
      <trkpt lat="43.728708364069461822509765625" lon="7.343133576214313507080078125">
        <ele>505.600006103515625</ele>
        <time>2026-02-22T11:39:48.000Z</time>
        <extensions>
          <ns3:TrackPointExtension>
            <ns3:hr>156</ns3:hr>
          </ns3:TrackPointExtension>
        </extensions>
      </trkpt>
      <trkpt lat="43.72846671380102634429931640625" lon="7.34330691397190093994140625">
        <ele>506.20001220703125</ele>
        <time>2026-02-22T11:39:53.000Z</time>
        <extensions>
          <ns3:TrackPointExtension>
            <ns3:hr>154</ns3:hr>
          </ns3:TrackPointExtension>
        </extensions>
      </trkpt>
      <trkpt lat="43.72831575572490692138671875" lon="7.3433955945074558258056640625">
        <ele>506.600006103515625</ele>
        <time>2026-02-22T11:39:56.000Z</time>
        <extensions>
          <ns3:TrackPointExtension>
            <ns3:hr>159</ns3:hr>
          </ns3:TrackPointExtension>
        </extensions>
      </trkpt>
      <trkpt lat="43.72827007435262203216552734375" lon="7.34342652373015880584716796875">
        <ele>506.600006103515625</ele>
        <time>2026-02-22T11:39:57.000Z</time>
        <extensions>
          <ns3:TrackPointExtension>
            <ns3:hr>162</ns3:hr>
          </ns3:TrackPointExtension>
        </extensions>
      </trkpt>
      <trkpt lat="43.72821860946714878082275390625" lon="7.3434562794864177703857421875">
        <ele>506.600006103515625</ele>
        <time>2026-02-22T11:39:58.000Z</time>
        <extensions>
          <ns3:TrackPointExtension>
            <ns3:hr>163</ns3:hr>
          </ns3:TrackPointExtension>
        </extensions>
      </trkpt>
      <trkpt lat="43.72801803052425384521484375" lon="7.34354831278324127197265625">
        <ele>507</ele>
        <time>2026-02-22T11:40:02.000Z</time>
        <extensions>
          <ns3:TrackPointExtension>
            <ns3:hr>164</ns3:hr>
          </ns3:TrackPointExtension>
        </extensions>
      </trkpt>
      <trkpt lat="43.72781150043010711669921875" lon="7.34360287897288799285888671875">
        <ele>507.399993896484375</ele>
        <time>2026-02-22T11:40:06.000Z</time>
        <extensions>
          <ns3:TrackPointExtension>
            <ns3:hr>167</ns3:hr>
          </ns3:TrackPointExtension>
        </extensions>
      </trkpt>
      <trkpt lat="43.7277147732675075531005859375" lon="7.34361561946570873260498046875">
        <ele>507.79998779296875</ele>
        <time>2026-02-22T11:40:08.000Z</time>
        <extensions>
          <ns3:TrackPointExtension>
            <ns3:hr>167</ns3:hr>
          </ns3:TrackPointExtension>
        </extensions>
      </trkpt>
      <trkpt lat="43.72761796228587627410888671875" lon="7.34362215735018253326416015625">
        <ele>508</ele>
        <time>2026-02-22T11:40:10.000Z</time>
        <extensions>
          <ns3:TrackPointExtension>
            <ns3:hr>167</ns3:hr>
          </ns3:TrackPointExtension>
        </extensions>
      </trkpt>
      <trkpt lat="43.72722736559808254241943359375" lon="7.34360623173415660858154296875">
        <ele>508.79998779296875</ele>
        <time>2026-02-22T11:40:18.000Z</time>
        <extensions>
          <ns3:TrackPointExtension>
            <ns3:hr>166</ns3:hr>
          </ns3:TrackPointExtension>
        </extensions>
      </trkpt>
      <trkpt lat="43.727176487445831298828125" lon="7.34360673464834690093994140625">
        <ele>508.79998779296875</ele>
        <time>2026-02-22T11:40:19.000Z</time>
        <extensions>
          <ns3:TrackPointExtension>
            <ns3:hr>166</ns3:hr>
          </ns3:TrackPointExtension>
        </extensions>
      </trkpt>
      <trkpt lat="43.72682268731296062469482421875" lon="7.34359986148774623870849609375">
        <ele>509.79998779296875</ele>
        <time>2026-02-22T11:40:26.000Z</time>
        <extensions>
          <ns3:TrackPointExtension>
            <ns3:hr>167</ns3:hr>
          </ns3:TrackPointExtension>
        </extensions>
      </trkpt>
      <trkpt lat="43.72638314031064510345458984375" lon="7.3435903899371623992919921875">
        <ele>510.600006103515625</ele>
        <time>2026-02-22T11:40:35.000Z</time>
        <extensions>
          <ns3:TrackPointExtension>
            <ns3:hr>169</ns3:hr>
          </ns3:TrackPointExtension>
        </extensions>
      </trkpt>
      <trkpt lat="43.72629378922283649444580078125" lon="7.3435347341001033782958984375">
        <ele>510.600006103515625</ele>
        <time>2026-02-22T11:40:37.000Z</time>
        <extensions>
          <ns3:TrackPointExtension>
            <ns3:hr>169</ns3:hr>
          </ns3:TrackPointExtension>
        </extensions>
      </trkpt>
      <trkpt lat="43.72625791467726230621337890625" lon="7.34348318539559841156005859375">
        <ele>510.600006103515625</ele>
        <time>2026-02-22T11:40:38.000Z</time>
        <extensions>
          <ns3:TrackPointExtension>
            <ns3:hr>169</ns3:hr>
          </ns3:TrackPointExtension>
        </extensions>
      </trkpt>
      <trkpt lat="43.72622966766357421875" lon="7.34341797418892383575439453125">
        <ele>510.600006103515625</ele>
        <time>2026-02-22T11:40:39.000Z</time>
        <extensions>
          <ns3:TrackPointExtension>
            <ns3:hr>169</ns3:hr>
          </ns3:TrackPointExtension>
        </extensions>
      </trkpt>
      <trkpt lat="43.72617895714938640594482421875" lon="7.34318395145237445831298828125">
        <ele>510</ele>
        <time>2026-02-22T11:40:42.000Z</time>
        <extensions>
          <ns3:TrackPointExtension>
            <ns3:hr>169</ns3:hr>
          </ns3:TrackPointExtension>
        </extensions>
      </trkpt>
      <trkpt lat="43.7261145003139972686767578125" lon="7.3427498526871204376220703125">
        <ele>509.20001220703125</ele>
        <time>2026-02-22T11:40:47.000Z</time>
        <extensions>
          <ns3:TrackPointExtension>
            <ns3:hr>166</ns3:hr>
          </ns3:TrackPointExtension>
        </extensions>
      </trkpt>
      <trkpt lat="43.7261104770004749298095703125" lon="7.34265781939029693603515625">
        <ele>508.79998779296875</ele>
        <time>2026-02-22T11:40:48.000Z</time>
        <extensions>
          <ns3:TrackPointExtension>
            <ns3:hr>165</ns3:hr>
          </ns3:TrackPointExtension>
        </extensions>
      </trkpt>
      <trkpt lat="43.72611676342785358428955078125" lon="7.3425677977502346038818359375">
        <ele>508.79998779296875</ele>
        <time>2026-02-22T11:40:49.000Z</time>
        <extensions>
          <ns3:TrackPointExtension>
            <ns3:hr>164</ns3:hr>
          </ns3:TrackPointExtension>
        </extensions>
      </trkpt>
      <trkpt lat="43.726133443415164947509765625" lon="7.342478446662425994873046875">
        <ele>508.600006103515625</ele>
        <time>2026-02-22T11:40:50.000Z</time>
        <extensions>
          <ns3:TrackPointExtension>
            <ns3:hr>164</ns3:hr>
          </ns3:TrackPointExtension>
        </extensions>
      </trkpt>
      <trkpt lat="43.72618608176708221435546875" lon="7.34231206588447093963623046875">
        <ele>508.399993896484375</ele>
        <time>2026-02-22T11:40:52.000Z</time>
        <extensions>
          <ns3:TrackPointExtension>
            <ns3:hr>164</ns3:hr>
          </ns3:TrackPointExtension>
        </extensions>
      </trkpt>
      <trkpt lat="43.7262730859220027923583984375" lon="7.34205298125743865966796875">
        <ele>507.79998779296875</ele>
        <time>2026-02-22T11:40:55.000Z</time>
        <extensions>
          <ns3:TrackPointExtension>
            <ns3:hr>161</ns3:hr>
          </ns3:TrackPointExtension>
        </extensions>
      </trkpt>
      <trkpt lat="43.7263035960495471954345703125" lon="7.34196639619767665863037109375">
        <ele>507.600006103515625</ele>
        <time>2026-02-22T11:40:56.000Z</time>
        <extensions>
          <ns3:TrackPointExtension>
            <ns3:hr>161</ns3:hr>
          </ns3:TrackPointExtension>
        </extensions>
      </trkpt>
      <trkpt lat="43.72636671178042888641357421875" lon="7.34179657883942127227783203125">
        <ele>507.20001220703125</ele>
        <time>2026-02-22T11:40:58.000Z</time>
        <extensions>
          <ns3:TrackPointExtension>
            <ns3:hr>160</ns3:hr>
          </ns3:TrackPointExtension>
        </extensions>
      </trkpt>
      <trkpt lat="43.72655832208693027496337890625" lon="7.34124655835330486297607421875">
        <ele>506.79998779296875</ele>
        <time>2026-02-22T11:41:04.000Z</time>
        <extensions>
          <ns3:TrackPointExtension>
            <ns3:hr>157</ns3:hr>
          </ns3:TrackPointExtension>
        </extensions>
      </trkpt>
      <trkpt lat="43.7265889160335063934326171875" lon="7.34115351922810077667236328125">
        <ele>506.79998779296875</ele>
        <time>2026-02-22T11:41:05.000Z</time>
        <extensions>
          <ns3:TrackPointExtension>
            <ns3:hr>156</ns3:hr>
          </ns3:TrackPointExtension>
        </extensions>
      </trkpt>
      <trkpt lat="43.726714812219142913818359375" lon="7.340787313878536224365234375">
        <ele>506.399993896484375</ele>
        <time>2026-02-22T11:41:09.000Z</time>
        <extensions>
          <ns3:TrackPointExtension>
            <ns3:hr>157</ns3:hr>
          </ns3:TrackPointExtension>
        </extensions>
      </trkpt>
      <trkpt lat="43.726879768073558807373046875" lon="7.34032169915735721588134765625">
        <ele>506.399993896484375</ele>
        <time>2026-02-22T11:41:14.000Z</time>
        <extensions>
          <ns3:TrackPointExtension>
            <ns3:hr>159</ns3:hr>
          </ns3:TrackPointExtension>
        </extensions>
      </trkpt>
      <trkpt lat="43.72704145498573780059814453125" lon="7.33981241472065448760986328125">
        <ele>506.20001220703125</ele>
        <time>2026-02-22T11:41:20.000Z</time>
        <extensions>
          <ns3:TrackPointExtension>
            <ns3:hr>159</ns3:hr>
          </ns3:TrackPointExtension>
        </extensions>
      </trkpt>
      <trkpt lat="43.72705486603081226348876953125" lon="7.33972842805087566375732421875">
        <ele>506.20001220703125</ele>
        <time>2026-02-22T11:41:21.000Z</time>
        <extensions>
          <ns3:TrackPointExtension>
            <ns3:hr>158</ns3:hr>
          </ns3:TrackPointExtension>
        </extensions>
      </trkpt>
      <trkpt lat="43.72704430483281612396240234375" lon="7.3395647294819355010986328125">
        <ele>506</ele>
        <time>2026-02-22T11:41:23.000Z</time>
        <extensions>
          <ns3:TrackPointExtension>
            <ns3:hr>156</ns3:hr>
          </ns3:TrackPointExtension>
        </extensions>
      </trkpt>
      <trkpt lat="43.72701228596270084381103515625" lon="7.3394879512488842010498046875">
        <ele>506</ele>
        <time>2026-02-22T11:41:24.000Z</time>
        <extensions>
          <ns3:TrackPointExtension>
            <ns3:hr>156</ns3:hr>
          </ns3:TrackPointExtension>
        </extensions>
      </trkpt>
      <trkpt lat="43.7269718013703823089599609375" lon="7.33941636979579925537109375">
        <ele>506</ele>
        <time>2026-02-22T11:41:25.000Z</time>
        <extensions>
          <ns3:TrackPointExtension>
            <ns3:hr>156</ns3:hr>
          </ns3:TrackPointExtension>
        </extensions>
      </trkpt>
      <trkpt lat="43.72686023823916912078857421875" lon="7.3393189720809459686279296875">
        <ele>505.600006103515625</ele>
        <time>2026-02-22T11:41:27.000Z</time>
        <extensions>
          <ns3:TrackPointExtension>
            <ns3:hr>154</ns3:hr>
          </ns3:TrackPointExtension>
        </extensions>
      </trkpt>
      <trkpt lat="43.72665949165821075439453125" lon="7.3392378352582454681396484375">
        <ele>505.399993896484375</ele>
        <time>2026-02-22T11:41:30.000Z</time>
        <extensions>
          <ns3:TrackPointExtension>
            <ns3:hr>152</ns3:hr>
          </ns3:TrackPointExtension>
        </extensions>
      </trkpt>
      <trkpt lat="43.72658967040479183197021484375" lon="7.3392046429216861724853515625">
        <ele>505.399993896484375</ele>
        <time>2026-02-22T11:41:31.000Z</time>
        <extensions>
          <ns3:TrackPointExtension>
            <ns3:hr>151</ns3:hr>
          </ns3:TrackPointExtension>
        </extensions>
      </trkpt>
      <trkpt lat="43.726474754512310028076171875" lon="7.33908268623054027557373046875">
        <ele>505.20001220703125</ele>
        <time>2026-02-22T11:41:33.000Z</time>
        <extensions>
          <ns3:TrackPointExtension>
            <ns3:hr>151</ns3:hr>
          </ns3:TrackPointExtension>
        </extensions>
      </trkpt>
      <trkpt lat="43.72642748057842254638671875" lon="7.3389984481036663055419921875">
        <ele>504.79998779296875</ele>
        <time>2026-02-22T11:41:34.000Z</time>
        <extensions>
          <ns3:TrackPointExtension>
            <ns3:hr>150</ns3:hr>
          </ns3:TrackPointExtension>
        </extensions>
      </trkpt>
      <trkpt lat="43.7263914383947849273681640625" lon="7.3389045707881450653076171875">
        <ele>504.79998779296875</ele>
        <time>2026-02-22T11:41:35.000Z</time>
        <extensions>
          <ns3:TrackPointExtension>
            <ns3:hr>150</ns3:hr>
          </ns3:TrackPointExtension>
        </extensions>
      </trkpt>
      <trkpt lat="43.7263515405356884002685546875" lon="7.338713966310024261474609375">
        <ele>504.600006103515625</ele>
        <time>2026-02-22T11:41:37.000Z</time>
        <extensions>
          <ns3:TrackPointExtension>
            <ns3:hr>151</ns3:hr>
          </ns3:TrackPointExtension>
        </extensions>
      </trkpt>
      <trkpt lat="43.72633703984320163726806640625" lon="7.33861707150936126708984375">
        <ele>504.399993896484375</ele>
        <time>2026-02-22T11:41:38.000Z</time>
        <extensions>
          <ns3:TrackPointExtension>
            <ns3:hr>151</ns3:hr>
          </ns3:TrackPointExtension>
        </extensions>
      </trkpt>
      <trkpt lat="43.72627149336040019989013671875" lon="7.3380221240222454071044921875">
        <ele>503.79998779296875</ele>
        <time>2026-02-22T11:41:44.000Z</time>
        <extensions>
          <ns3:TrackPointExtension>
            <ns3:hr>151</ns3:hr>
          </ns3:TrackPointExtension>
        </extensions>
      </trkpt>
      <trkpt lat="43.7262147478759288787841796875" lon="7.33772180043160915374755859375">
        <ele>503.399993896484375</ele>
        <time>2026-02-22T11:41:47.000Z</time>
        <extensions>
          <ns3:TrackPointExtension>
            <ns3:hr>152</ns3:hr>
          </ns3:TrackPointExtension>
        </extensions>
      </trkpt>
      <trkpt lat="43.7261285819113254547119140625" lon="7.33743949793279170989990234375">
        <ele>503.20001220703125</ele>
        <time>2026-02-22T11:41:50.000Z</time>
        <extensions>
          <ns3:TrackPointExtension>
            <ns3:hr>152</ns3:hr>
          </ns3:TrackPointExtension>
        </extensions>
      </trkpt>
      <trkpt lat="43.72596102766692638397216796875" lon="7.33686852268874645233154296875">
        <ele>502.20001220703125</ele>
        <time>2026-02-22T11:41:56.000Z</time>
        <extensions>
          <ns3:TrackPointExtension>
            <ns3:hr>154</ns3:hr>
          </ns3:TrackPointExtension>
        </extensions>
      </trkpt>
      <trkpt lat="43.7258554995059967041015625" lon="7.33659946359694004058837890625">
        <ele>501.600006103515625</ele>
        <time>2026-02-22T11:41:59.000Z</time>
        <extensions>
          <ns3:TrackPointExtension>
            <ns3:hr>154</ns3:hr>
          </ns3:TrackPointExtension>
        </extensions>
      </trkpt>
      <trkpt lat="43.72573521919548511505126953125" lon="7.33633317053318023681640625">
        <ele>500.79998779296875</ele>
        <time>2026-02-22T11:42:02.000Z</time>
        <extensions>
          <ns3:TrackPointExtension>
            <ns3:hr>153</ns3:hr>
          </ns3:TrackPointExtension>
        </extensions>
      </trkpt>
      <trkpt lat="43.72558392584323883056640625" lon="7.33597987331449985504150390625">
        <ele>500.20001220703125</ele>
        <time>2026-02-22T11:42:06.000Z</time>
        <extensions>
          <ns3:TrackPointExtension>
            <ns3:hr>154</ns3:hr>
          </ns3:TrackPointExtension>
        </extensions>
      </trkpt>
      <trkpt lat="43.7255415134131908416748046875" lon="7.3359051905572414398193359375">
        <ele>500.20001220703125</ele>
        <time>2026-02-22T11:42:07.000Z</time>
        <extensions>
          <ns3:TrackPointExtension>
            <ns3:hr>154</ns3:hr>
          </ns3:TrackPointExtension>
        </extensions>
      </trkpt>
      <trkpt lat="43.7254298664629459381103515625" lon="7.33581055887043476104736328125">
        <ele>500</ele>
        <time>2026-02-22T11:42:09.000Z</time>
        <extensions>
          <ns3:TrackPointExtension>
            <ns3:hr>154</ns3:hr>
          </ns3:TrackPointExtension>
        </extensions>
      </trkpt>
      <trkpt lat="43.72530363500118255615234375" lon="7.3358277417719364166259765625">
        <ele>500</ele>
        <time>2026-02-22T11:42:11.000Z</time>
        <extensions>
          <ns3:TrackPointExtension>
            <ns3:hr>154</ns3:hr>
          </ns3:TrackPointExtension>
        </extensions>
      </trkpt>
      <trkpt lat="43.72524596750736236572265625" lon="7.335877530276775360107421875">
        <ele>500</ele>
        <time>2026-02-22T11:42:12.000Z</time>
        <extensions>
          <ns3:TrackPointExtension>
            <ns3:hr>153</ns3:hr>
          </ns3:TrackPointExtension>
        </extensions>
      </trkpt>
      <trkpt lat="43.72518830001354217529296875" lon="7.33594584278762340545654296875">
        <ele>499.79998779296875</ele>
        <time>2026-02-22T11:42:13.000Z</time>
        <extensions>
          <ns3:TrackPointExtension>
            <ns3:hr>153</ns3:hr>
          </ns3:TrackPointExtension>
        </extensions>
      </trkpt>
      <trkpt lat="43.7250949256122112274169921875" lon="7.33612529933452606201171875">
        <ele>500</ele>
        <time>2026-02-22T11:42:15.000Z</time>
        <extensions>
          <ns3:TrackPointExtension>
            <ns3:hr>152</ns3:hr>
          </ns3:TrackPointExtension>
        </extensions>
      </trkpt>
      <trkpt lat="43.72501454316079616546630859375" lon="7.3363150656223297119140625">
        <ele>499.79998779296875</ele>
        <time>2026-02-22T11:42:17.000Z</time>
        <extensions>
          <ns3:TrackPointExtension>
            <ns3:hr>152</ns3:hr>
          </ns3:TrackPointExtension>
        </extensions>
      </trkpt>
      <trkpt lat="43.724926449358463287353515625" lon="7.33650374226272106170654296875">
        <ele>499.399993896484375</ele>
        <time>2026-02-22T11:42:19.000Z</time>
        <extensions>
          <ns3:TrackPointExtension>
            <ns3:hr>152</ns3:hr>
          </ns3:TrackPointExtension>
        </extensions>
      </trkpt>
      <trkpt lat="43.72482041828334331512451171875" lon="7.33667573891580104827880859375">
        <ele>498.600006103515625</ele>
        <time>2026-02-22T11:42:21.000Z</time>
        <extensions>
          <ns3:TrackPointExtension>
            <ns3:hr>152</ns3:hr>
          </ns3:TrackPointExtension>
        </extensions>
      </trkpt>
      <trkpt lat="43.7247650139033794403076171875" lon="7.33675695955753326416015625">
        <ele>498.600006103515625</ele>
        <time>2026-02-22T11:42:22.000Z</time>
        <extensions>
          <ns3:TrackPointExtension>
            <ns3:hr>152</ns3:hr>
          </ns3:TrackPointExtension>
        </extensions>
      </trkpt>
      <trkpt lat="43.7246322445571422576904296875" lon="7.33689031563699245452880859375">
        <ele>498.20001220703125</ele>
        <time>2026-02-22T11:42:24.000Z</time>
        <extensions>
          <ns3:TrackPointExtension>
            <ns3:hr>152</ns3:hr>
          </ns3:TrackPointExtension>
        </extensions>
      </trkpt>
      <trkpt lat="43.72447927482426166534423828125" lon="7.33696223236620426177978515625">
        <ele>498</ele>
        <time>2026-02-22T11:42:26.000Z</time>
        <extensions>
          <ns3:TrackPointExtension>
            <ns3:hr>154</ns3:hr>
          </ns3:TrackPointExtension>
        </extensions>
      </trkpt>
      <trkpt lat="43.72440082021057605743408203125" lon="7.336963154375553131103515625">
        <ele>497.79998779296875</ele>
        <time>2026-02-22T11:42:27.000Z</time>
        <extensions>
          <ns3:TrackPointExtension>
            <ns3:hr>155</ns3:hr>
          </ns3:TrackPointExtension>
        </extensions>
      </trkpt>
      <trkpt lat="43.72433108277618885040283203125" lon="7.33692836947739124298095703125">
        <ele>497.79998779296875</ele>
        <time>2026-02-22T11:42:28.000Z</time>
        <extensions>
          <ns3:TrackPointExtension>
            <ns3:hr>155</ns3:hr>
          </ns3:TrackPointExtension>
        </extensions>
      </trkpt>
      <trkpt lat="43.72426293790340423583984375" lon="7.3368784971535205841064453125">
        <ele>497.79998779296875</ele>
        <time>2026-02-22T11:42:29.000Z</time>
        <extensions>
          <ns3:TrackPointExtension>
            <ns3:hr>155</ns3:hr>
          </ns3:TrackPointExtension>
        </extensions>
      </trkpt>
      <trkpt lat="43.72419496066868305206298828125" lon="7.3368258588016033172607421875">
        <ele>497.600006103515625</ele>
        <time>2026-02-22T11:42:30.000Z</time>
        <extensions>
          <ns3:TrackPointExtension>
            <ns3:hr>156</ns3:hr>
          </ns3:TrackPointExtension>
        </extensions>
      </trkpt>
      <trkpt lat="43.723716437816619873046875" lon="7.33646132983267307281494140625">
        <ele>496.20001220703125</ele>
        <time>2026-02-22T11:42:37.000Z</time>
        <extensions>
          <ns3:TrackPointExtension>
            <ns3:hr>157</ns3:hr>
          </ns3:TrackPointExtension>
        </extensions>
      </trkpt>
      <trkpt lat="43.72357989661395549774169921875" lon="7.3363507725298404693603515625">
        <ele>496</ele>
        <time>2026-02-22T11:42:39.000Z</time>
        <extensions>
          <ns3:TrackPointExtension>
            <ns3:hr>157</ns3:hr>
          </ns3:TrackPointExtension>
        </extensions>
      </trkpt>
      <trkpt lat="43.72338317334651947021484375" lon="7.336189337074756622314453125">
        <ele>495.79998779296875</ele>
        <time>2026-02-22T11:42:42.000Z</time>
        <extensions>
          <ns3:TrackPointExtension>
            <ns3:hr>157</ns3:hr>
          </ns3:TrackPointExtension>
        </extensions>
      </trkpt>
      <trkpt lat="43.72327730990946292877197265625" lon="7.3360490240156650543212890625">
        <ele>495.20001220703125</ele>
        <time>2026-02-22T11:42:44.000Z</time>
        <extensions>
          <ns3:TrackPointExtension>
            <ns3:hr>156</ns3:hr>
          </ns3:TrackPointExtension>
        </extensions>
      </trkpt>
      <trkpt lat="43.72323690913617610931396484375" lon="7.33596260659396648406982421875">
        <ele>495</ele>
        <time>2026-02-22T11:42:45.000Z</time>
        <extensions>
          <ns3:TrackPointExtension>
            <ns3:hr>155</ns3:hr>
          </ns3:TrackPointExtension>
        </extensions>
      </trkpt>
      <trkpt lat="43.723203130066394805908203125" lon="7.33586554415524005889892578125">
        <ele>494.399993896484375</ele>
        <time>2026-02-22T11:42:46.000Z</time>
        <extensions>
          <ns3:TrackPointExtension>
            <ns3:hr>155</ns3:hr>
          </ns3:TrackPointExtension>
        </extensions>
      </trkpt>
      <trkpt lat="43.72314185835421085357666015625" lon="7.3356490395963191986083984375">
        <ele>494</ele>
        <time>2026-02-22T11:42:48.000Z</time>
        <extensions>
          <ns3:TrackPointExtension>
            <ns3:hr>152</ns3:hr>
          </ns3:TrackPointExtension>
        </extensions>
      </trkpt>
      <trkpt lat="43.72311201877892017364501953125" lon="7.3355394043028354644775390625">
        <ele>493.600006103515625</ele>
        <time>2026-02-22T11:42:49.000Z</time>
        <extensions>
          <ns3:TrackPointExtension>
            <ns3:hr>151</ns3:hr>
          </ns3:TrackPointExtension>
        </extensions>
      </trkpt>
      <trkpt lat="43.72304429300129413604736328125" lon="7.33531284146010875701904296875">
        <ele>492.600006103515625</ele>
        <time>2026-02-22T11:42:51.000Z</time>
        <extensions>
          <ns3:TrackPointExtension>
            <ns3:hr>150</ns3:hr>
          </ns3:TrackPointExtension>
        </extensions>
      </trkpt>
      <trkpt lat="43.7230101786553859710693359375" lon="7.3351939022541046142578125">
        <ele>491.399993896484375</ele>
        <time>2026-02-22T11:42:52.000Z</time>
        <extensions>
          <ns3:TrackPointExtension>
            <ns3:hr>150</ns3:hr>
          </ns3:TrackPointExtension>
        </extensions>
      </trkpt>
      <trkpt lat="43.72294220142066478729248046875" lon="7.33496122062206268310546875">
        <ele>490.399993896484375</ele>
        <time>2026-02-22T11:42:54.000Z</time>
        <extensions>
          <ns3:TrackPointExtension>
            <ns3:hr>150</ns3:hr>
          </ns3:TrackPointExtension>
        </extensions>
      </trkpt>
      <trkpt lat="43.72290448285639286041259765625" lon="7.33484664000570774078369140625">
        <ele>490</ele>
        <time>2026-02-22T11:42:55.000Z</time>
        <extensions>
          <ns3:TrackPointExtension>
            <ns3:hr>150</ns3:hr>
          </ns3:TrackPointExtension>
        </extensions>
      </trkpt>
      <trkpt lat="43.7228395231068134307861328125" lon="7.33462720178067684173583984375">
        <ele>488.399993896484375</ele>
        <time>2026-02-22T11:42:57.000Z</time>
        <extensions>
          <ns3:TrackPointExtension>
            <ns3:hr>149</ns3:hr>
          </ns3:TrackPointExtension>
        </extensions>
      </trkpt>
      <trkpt lat="43.722779341042041778564453125" lon="7.33442352153360843658447265625">
        <ele>487.20001220703125</ele>
        <time>2026-02-22T11:42:59.000Z</time>
        <extensions>
          <ns3:TrackPointExtension>
            <ns3:hr>148</ns3:hr>
          </ns3:TrackPointExtension>
        </extensions>
      </trkpt>
      <trkpt lat="43.72270633466541767120361328125" lon="7.33423274941742420196533203125">
        <ele>485.79998779296875</ele>
        <time>2026-02-22T11:43:01.000Z</time>
        <extensions>
          <ns3:TrackPointExtension>
            <ns3:hr>148</ns3:hr>
          </ns3:TrackPointExtension>
        </extensions>
      </trkpt>
      <trkpt lat="43.7225974537432193756103515625" lon="7.33407986350357532501220703125">
        <ele>485</ele>
        <time>2026-02-22T11:43:03.000Z</time>
        <extensions>
          <ns3:TrackPointExtension>
            <ns3:hr>148</ns3:hr>
          </ns3:TrackPointExtension>
        </extensions>
      </trkpt>
      <trkpt lat="43.72253148816525936126708984375" lon="7.334036529064178466796875">
        <ele>484.399993896484375</ele>
        <time>2026-02-22T11:43:04.000Z</time>
        <extensions>
          <ns3:TrackPointExtension>
            <ns3:hr>148</ns3:hr>
          </ns3:TrackPointExtension>
        </extensions>
      </trkpt>
      <trkpt lat="43.7224586494266986846923828125" lon="7.33402873389422893524169921875">
        <ele>483.600006103515625</ele>
        <time>2026-02-22T11:43:05.000Z</time>
        <extensions>
          <ns3:TrackPointExtension>
            <ns3:hr>147</ns3:hr>
          </ns3:TrackPointExtension>
        </extensions>
      </trkpt>
      <trkpt lat="43.72237910516560077667236328125" lon="7.334065698087215423583984375">
        <ele>483</ele>
        <time>2026-02-22T11:43:06.000Z</time>
        <extensions>
          <ns3:TrackPointExtension>
            <ns3:hr>147</ns3:hr>
          </ns3:TrackPointExtension>
        </extensions>
      </trkpt>
      <trkpt lat="43.722304590046405792236328125" lon="7.33413107693195343017578125">
        <ele>482.600006103515625</ele>
        <time>2026-02-22T11:43:07.000Z</time>
        <extensions>
          <ns3:TrackPointExtension>
            <ns3:hr>147</ns3:hr>
          </ns3:TrackPointExtension>
        </extensions>
      </trkpt>
      <trkpt lat="43.72223326005041599273681640625" lon="7.3342080228030681610107421875">
        <ele>481.600006103515625</ele>
        <time>2026-02-22T11:43:08.000Z</time>
        <extensions>
          <ns3:TrackPointExtension>
            <ns3:hr>146</ns3:hr>
          </ns3:TrackPointExtension>
        </extensions>
      </trkpt>
      <trkpt lat="43.72216276824474334716796875" lon="7.33428270556032657623291015625">
        <ele>481.20001220703125</ele>
        <time>2026-02-22T11:43:09.000Z</time>
        <extensions>
          <ns3:TrackPointExtension>
            <ns3:hr>146</ns3:hr>
          </ns3:TrackPointExtension>
        </extensions>
      </trkpt>
      <trkpt lat="43.7220227904617786407470703125" lon="7.334417067468166351318359375">
        <ele>480.20001220703125</ele>
        <time>2026-02-22T11:43:11.000Z</time>
        <extensions>
          <ns3:TrackPointExtension>
            <ns3:hr>145</ns3:hr>
          </ns3:TrackPointExtension>
        </extensions>
      </trkpt>
      <trkpt lat="43.721947185695171356201171875" lon="7.33446660451591014862060546875">
        <ele>480</ele>
        <time>2026-02-22T11:43:12.000Z</time>
        <extensions>
          <ns3:TrackPointExtension>
            <ns3:hr>145</ns3:hr>
          </ns3:TrackPointExtension>
        </extensions>
      </trkpt>
      <trkpt lat="43.72186026535928249359130859375" lon="7.33449761755764484405517578125">
        <ele>479.20001220703125</ele>
        <time>2026-02-22T11:43:13.000Z</time>
        <extensions>
          <ns3:TrackPointExtension>
            <ns3:hr>145</ns3:hr>
          </ns3:TrackPointExtension>
        </extensions>
      </trkpt>
      <trkpt lat="43.72177862562239170074462890625" lon="7.33450432308018207550048828125">
        <ele>478.399993896484375</ele>
        <time>2026-02-22T11:43:14.000Z</time>
        <extensions>
          <ns3:TrackPointExtension>
            <ns3:hr>145</ns3:hr>
          </ns3:TrackPointExtension>
        </extensions>
      </trkpt>
      <trkpt lat="43.7217062897980213165283203125" lon="7.3344940133392810821533203125">
        <ele>478</ele>
        <time>2026-02-22T11:43:15.000Z</time>
        <extensions>
          <ns3:TrackPointExtension>
            <ns3:hr>145</ns3:hr>
          </ns3:TrackPointExtension>
        </extensions>
      </trkpt>
      <trkpt lat="43.7216419167816638946533203125" lon="7.33446978963911533355712890625">
        <ele>477.600006103515625</ele>
        <time>2026-02-22T11:43:16.000Z</time>
        <extensions>
          <ns3:TrackPointExtension>
            <ns3:hr>145</ns3:hr>
          </ns3:TrackPointExtension>
        </extensions>
      </trkpt>
      <trkpt lat="43.7215289287269115447998046875" lon="7.33436333946883678436279296875">
        <ele>476.600006103515625</ele>
        <time>2026-02-22T11:43:18.000Z</time>
        <extensions>
          <ns3:TrackPointExtension>
            <ns3:hr>144</ns3:hr>
          </ns3:TrackPointExtension>
        </extensions>
      </trkpt>
      <trkpt lat="43.7214749492704868316650390625" lon="7.33428639359772205352783203125">
        <ele>475.20001220703125</ele>
        <time>2026-02-22T11:43:19.000Z</time>
        <extensions>
          <ns3:TrackPointExtension>
            <ns3:hr>144</ns3:hr>
          </ns3:TrackPointExtension>
        </extensions>
      </trkpt>
      <trkpt lat="43.7213086523115634918212890625" lon="7.333998642861843109130859375">
        <ele>474</ele>
        <time>2026-02-22T11:43:22.000Z</time>
        <extensions>
          <ns3:TrackPointExtension>
            <ns3:hr>143</ns3:hr>
          </ns3:TrackPointExtension>
        </extensions>
      </trkpt>
      <trkpt lat="43.72119692154228687286376953125" lon="7.3337859101593494415283203125">
        <ele>472.79998779296875</ele>
        <time>2026-02-22T11:43:24.000Z</time>
        <extensions>
          <ns3:TrackPointExtension>
            <ns3:hr>143</ns3:hr>
          </ns3:TrackPointExtension>
        </extensions>
      </trkpt>
      <trkpt lat="43.721092231571674346923828125" lon="7.3335518874228000640869140625">
        <ele>471.399993896484375</ele>
        <time>2026-02-22T11:43:26.000Z</time>
        <extensions>
          <ns3:TrackPointExtension>
            <ns3:hr>145</ns3:hr>
          </ns3:TrackPointExtension>
        </extensions>
      </trkpt>
      <trkpt lat="43.7209978513419628143310546875" lon="7.33331057243049144744873046875">
        <ele>470.20001220703125</ele>
        <time>2026-02-22T11:43:28.000Z</time>
        <extensions>
          <ns3:TrackPointExtension>
            <ns3:hr>144</ns3:hr>
          </ns3:TrackPointExtension>
        </extensions>
      </trkpt>
      <trkpt lat="43.72094026766717433929443359375" lon="7.33319372870028018951416015625">
        <ele>469</ele>
        <time>2026-02-22T11:43:29.000Z</time>
        <extensions>
          <ns3:TrackPointExtension>
            <ns3:hr>144</ns3:hr>
          </ns3:TrackPointExtension>
        </extensions>
      </trkpt>
      <trkpt lat="43.7208074145019054412841796875" lon="7.3329732008278369903564453125">
        <ele>467.79998779296875</ele>
        <time>2026-02-22T11:43:31.000Z</time>
        <extensions>
          <ns3:TrackPointExtension>
            <ns3:hr>142</ns3:hr>
          </ns3:TrackPointExtension>
        </extensions>
      </trkpt>
      <trkpt lat="43.72066282667219638824462890625" lon="7.33276340179145336151123046875">
        <ele>466.399993896484375</ele>
        <time>2026-02-22T11:43:33.000Z</time>
        <extensions>
          <ns3:TrackPointExtension>
            <ns3:hr>140</ns3:hr>
          </ns3:TrackPointExtension>
        </extensions>
      </trkpt>
      <trkpt lat="43.720513880252838134765625" lon="7.33256064355373382568359375">
        <ele>465.399993896484375</ele>
        <time>2026-02-22T11:43:35.000Z</time>
        <extensions>
          <ns3:TrackPointExtension>
            <ns3:hr>139</ns3:hr>
          </ns3:TrackPointExtension>
        </extensions>
      </trkpt>
      <trkpt lat="43.7204422987997531890869140625" lon="7.3324568755924701690673828125">
        <ele>463.79998779296875</ele>
        <time>2026-02-22T11:43:36.000Z</time>
        <extensions>
          <ns3:TrackPointExtension>
            <ns3:hr>139</ns3:hr>
          </ns3:TrackPointExtension>
        </extensions>
      </trkpt>
      <trkpt lat="43.72037247754633426666259765625" lon="7.3323509283363819122314453125">
        <ele>462.600006103515625</ele>
        <time>2026-02-22T11:43:37.000Z</time>
        <extensions>
          <ns3:TrackPointExtension>
            <ns3:hr>139</ns3:hr>
          </ns3:TrackPointExtension>
        </extensions>
      </trkpt>
      <trkpt lat="43.720248006284236907958984375" lon="7.33213174156844615936279296875">
        <ele>461.399993896484375</ele>
        <time>2026-02-22T11:43:39.000Z</time>
        <extensions>
          <ns3:TrackPointExtension>
            <ns3:hr>139</ns3:hr>
          </ns3:TrackPointExtension>
        </extensions>
      </trkpt>
      <trkpt lat="43.72019276954233646392822265625" lon="7.3320297338068485260009765625">
        <ele>459.79998779296875</ele>
        <time>2026-02-22T11:43:40.000Z</time>
        <extensions>
          <ns3:TrackPointExtension>
            <ns3:hr>139</ns3:hr>
          </ns3:TrackPointExtension>
        </extensions>
      </trkpt>
      <trkpt lat="43.7200875766575336456298828125" lon="7.3318312503397464752197265625">
        <ele>458.20001220703125</ele>
        <time>2026-02-22T11:43:42.000Z</time>
        <extensions>
          <ns3:TrackPointExtension>
            <ns3:hr>139</ns3:hr>
          </ns3:TrackPointExtension>
        </extensions>
      </trkpt>
      <trkpt lat="43.7199926935136318206787109375" lon="7.33164626173675060272216796875">
        <ele>456.600006103515625</ele>
        <time>2026-02-22T11:43:44.000Z</time>
        <extensions>
          <ns3:TrackPointExtension>
            <ns3:hr>140</ns3:hr>
          </ns3:TrackPointExtension>
        </extensions>
      </trkpt>
      <trkpt lat="43.7199450843036174774169921875" lon="7.33154718764126300811767578125">
        <ele>455.79998779296875</ele>
        <time>2026-02-22T11:43:45.000Z</time>
        <extensions>
          <ns3:TrackPointExtension>
            <ns3:hr>140</ns3:hr>
          </ns3:TrackPointExtension>
        </extensions>
      </trkpt>
      <trkpt lat="43.71990501880645751953125" lon="7.33143906109035015106201171875">
        <ele>455.399993896484375</ele>
        <time>2026-02-22T11:43:46.000Z</time>
        <extensions>
          <ns3:TrackPointExtension>
            <ns3:hr>140</ns3:hr>
          </ns3:TrackPointExtension>
        </extensions>
      </trkpt>
      <trkpt lat="43.71985606849193572998046875" lon="7.33120453543961048126220703125">
        <ele>453.79998779296875</ele>
        <time>2026-02-22T11:43:48.000Z</time>
        <extensions>
          <ns3:TrackPointExtension>
            <ns3:hr>140</ns3:hr>
          </ns3:TrackPointExtension>
        </extensions>
      </trkpt>
      <trkpt lat="43.71984173543751239776611328125" lon="7.33095358125865459442138671875">
        <ele>452.20001220703125</ele>
        <time>2026-02-22T11:43:50.000Z</time>
        <extensions>
          <ns3:TrackPointExtension>
            <ns3:hr>141</ns3:hr>
          </ns3:TrackPointExtension>
        </extensions>
      </trkpt>
      <trkpt lat="43.71986134909093379974365234375" lon="7.33058259822428226470947265625">
        <ele>450.399993896484375</ele>
        <time>2026-02-22T11:43:53.000Z</time>
        <extensions>
          <ns3:TrackPointExtension>
            <ns3:hr>139</ns3:hr>
          </ns3:TrackPointExtension>
        </extensions>
      </trkpt>
      <trkpt lat="43.71992580592632293701171875" lon="7.330235503613948822021484375">
        <ele>448.399993896484375</ele>
        <time>2026-02-22T11:43:56.000Z</time>
        <extensions>
          <ns3:TrackPointExtension>
            <ns3:hr>138</ns3:hr>
          </ns3:TrackPointExtension>
        </extensions>
      </trkpt>
      <trkpt lat="43.7199584953486919403076171875" lon="7.33012176118791103363037109375">
        <ele>447.20001220703125</ele>
        <time>2026-02-22T11:43:57.000Z</time>
        <extensions>
          <ns3:TrackPointExtension>
            <ns3:hr>137</ns3:hr>
          </ns3:TrackPointExtension>
        </extensions>
      </trkpt>
      <trkpt lat="43.720032088458538055419921875" lon="7.32989779673516750335693359375">
        <ele>446.20001220703125</ele>
        <time>2026-02-22T11:43:59.000Z</time>
        <extensions>
          <ns3:TrackPointExtension>
            <ns3:hr>135</ns3:hr>
          </ns3:TrackPointExtension>
        </extensions>
      </trkpt>
      <trkpt lat="43.72010844759643077850341796875" lon="7.3296881653368473052978515625">
        <ele>445</ele>
        <time>2026-02-22T11:44:01.000Z</time>
        <extensions>
          <ns3:TrackPointExtension>
            <ns3:hr>133</ns3:hr>
          </ns3:TrackPointExtension>
        </extensions>
      </trkpt>
      <trkpt lat="43.72014616616070270538330078125" lon="7.32959168963134288787841796875">
        <ele>443.79998779296875</ele>
        <time>2026-02-22T11:44:02.000Z</time>
        <extensions>
          <ns3:TrackPointExtension>
            <ns3:hr>133</ns3:hr>
          </ns3:TrackPointExtension>
        </extensions>
      </trkpt>
      <trkpt lat="43.72017516754567623138427734375" lon="7.3294983990490436553955078125">
        <ele>443.399993896484375</ele>
        <time>2026-02-22T11:44:03.000Z</time>
        <extensions>
          <ns3:TrackPointExtension>
            <ns3:hr>133</ns3:hr>
          </ns3:TrackPointExtension>
        </extensions>
      </trkpt>
      <trkpt lat="43.72019059024751186370849609375" lon="7.3294011689722537994384765625">
        <ele>442.399993896484375</ele>
        <time>2026-02-22T11:44:04.000Z</time>
        <extensions>
          <ns3:TrackPointExtension>
            <ns3:hr>134</ns3:hr>
          </ns3:TrackPointExtension>
        </extensions>
      </trkpt>
      <trkpt lat="43.72019075788557529449462890625" lon="7.32930351980030536651611328125">
        <ele>442</ele>
        <time>2026-02-22T11:44:05.000Z</time>
        <extensions>
          <ns3:TrackPointExtension>
            <ns3:hr>134</ns3:hr>
          </ns3:TrackPointExtension>
        </extensions>
      </trkpt>
      <trkpt lat="43.72016561217606067657470703125" lon="7.32921282760798931121826171875">
        <ele>440.79998779296875</ele>
        <time>2026-02-22T11:44:06.000Z</time>
        <extensions>
          <ns3:TrackPointExtension>
            <ns3:hr>134</ns3:hr>
          </ns3:TrackPointExtension>
        </extensions>
      </trkpt>
      <trkpt lat="43.72012428939342498779296875" lon="7.3291322775185108184814453125">
        <ele>440.600006103515625</ele>
        <time>2026-02-22T11:44:07.000Z</time>
        <extensions>
          <ns3:TrackPointExtension>
            <ns3:hr>134</ns3:hr>
          </ns3:TrackPointExtension>
        </extensions>
      </trkpt>
      <trkpt lat="43.7200017459690570831298828125" lon="7.32900093309581279754638671875">
        <ele>439.79998779296875</ele>
        <time>2026-02-22T11:44:09.000Z</time>
        <extensions>
          <ns3:TrackPointExtension>
            <ns3:hr>134</ns3:hr>
          </ns3:TrackPointExtension>
        </extensions>
      </trkpt>
      <trkpt lat="43.719927482306957244873046875" lon="7.3289458639919757843017578125">
        <ele>439</ele>
        <time>2026-02-22T11:44:10.000Z</time>
        <extensions>
          <ns3:TrackPointExtension>
            <ns3:hr>134</ns3:hr>
          </ns3:TrackPointExtension>
        </extensions>
      </trkpt>
      <trkpt lat="43.71977694332599639892578125" lon="7.32883798889815807342529296875">
        <ele>437.399993896484375</ele>
        <time>2026-02-22T11:44:12.000Z</time>
        <extensions>
          <ns3:TrackPointExtension>
            <ns3:hr>134</ns3:hr>
          </ns3:TrackPointExtension>
        </extensions>
      </trkpt>
      <trkpt lat="43.7196269072592258453369140625" lon="7.328729443252086639404296875">
        <ele>436.600006103515625</ele>
        <time>2026-02-22T11:44:14.000Z</time>
        <extensions>
          <ns3:TrackPointExtension>
            <ns3:hr>134</ns3:hr>
          </ns3:TrackPointExtension>
        </extensions>
      </trkpt>
      <trkpt lat="43.7195538170635700225830078125" lon="7.3286779783666133880615234375">
        <ele>436.20001220703125</ele>
        <time>2026-02-22T11:44:15.000Z</time>
        <extensions>
          <ns3:TrackPointExtension>
            <ns3:hr>135</ns3:hr>
          </ns3:TrackPointExtension>
        </extensions>
      </trkpt>
      <trkpt lat="43.71941761113703250885009765625" lon="7.3285716958343982696533203125">
        <ele>435</ele>
        <time>2026-02-22T11:44:17.000Z</time>
        <extensions>
          <ns3:TrackPointExtension>
            <ns3:hr>136</ns3:hr>
          </ns3:TrackPointExtension>
        </extensions>
      </trkpt>
      <trkpt lat="43.71935625560581684112548828125" lon="7.3285012878477573394775390625">
        <ele>434.600006103515625</ele>
        <time>2026-02-22T11:44:18.000Z</time>
        <extensions>
          <ns3:TrackPointExtension>
            <ns3:hr>137</ns3:hr>
          </ns3:TrackPointExtension>
        </extensions>
      </trkpt>
      <trkpt lat="43.71930412016808986663818359375" lon="7.3284157924354076385498046875">
        <ele>433.399993896484375</ele>
        <time>2026-02-22T11:44:19.000Z</time>
        <extensions>
          <ns3:TrackPointExtension>
            <ns3:hr>139</ns3:hr>
          </ns3:TrackPointExtension>
        </extensions>
      </trkpt>
      <trkpt lat="43.7192638032138347625732421875" lon="7.32831730507314205169677734375">
        <ele>433.20001220703125</ele>
        <time>2026-02-22T11:44:20.000Z</time>
        <extensions>
          <ns3:TrackPointExtension>
            <ns3:hr>139</ns3:hr>
          </ns3:TrackPointExtension>
        </extensions>
      </trkpt>
      <trkpt lat="43.7192017771303653717041015625" lon="7.32809736393392086029052734375">
        <ele>432.20001220703125</ele>
        <time>2026-02-22T11:44:22.000Z</time>
        <extensions>
          <ns3:TrackPointExtension>
            <ns3:hr>139</ns3:hr>
          </ns3:TrackPointExtension>
        </extensions>
      </trkpt>
      <trkpt lat="43.719173781573772430419921875" lon="7.3279812745749950408935546875">
        <ele>431.600006103515625</ele>
        <time>2026-02-22T11:44:23.000Z</time>
        <extensions>
          <ns3:TrackPointExtension>
            <ns3:hr>139</ns3:hr>
          </ns3:TrackPointExtension>
        </extensions>
      </trkpt>
      <trkpt lat="43.71911770664155483245849609375" lon="7.32774649746716022491455078125">
        <ele>431</ele>
        <time>2026-02-22T11:44:25.000Z</time>
        <extensions>
          <ns3:TrackPointExtension>
            <ns3:hr>139</ns3:hr>
          </ns3:TrackPointExtension>
        </extensions>
      </trkpt>
      <trkpt lat="43.7190187163650989532470703125" lon="7.32740686275064945220947265625">
        <ele>429.79998779296875</ele>
        <time>2026-02-22T11:44:28.000Z</time>
        <extensions>
          <ns3:TrackPointExtension>
            <ns3:hr>135</ns3:hr>
          </ns3:TrackPointExtension>
        </extensions>
      </trkpt>
      <trkpt lat="43.71898233890533447265625" lon="7.327309213578701019287109375">
        <ele>429.600006103515625</ele>
        <time>2026-02-22T11:44:29.000Z</time>
        <extensions>
          <ns3:TrackPointExtension>
            <ns3:hr>132</ns3:hr>
          </ns3:TrackPointExtension>
        </extensions>
      </trkpt>
      <trkpt lat="43.71894269250333309173583984375" lon="7.32721709646284580230712890625">
        <ele>428.79998779296875</ele>
        <time>2026-02-22T11:44:30.000Z</time>
        <extensions>
          <ns3:TrackPointExtension>
            <ns3:hr>129</ns3:hr>
          </ns3:TrackPointExtension>
        </extensions>
      </trkpt>
      <trkpt lat="43.71889047324657440185546875" lon="7.32713176868855953216552734375">
        <ele>428.20001220703125</ele>
        <time>2026-02-22T11:44:31.000Z</time>
        <extensions>
          <ns3:TrackPointExtension>
            <ns3:hr>129</ns3:hr>
          </ns3:TrackPointExtension>
        </extensions>
      </trkpt>
      <trkpt lat="43.71882836334407329559326171875" lon="7.32706010341644287109375">
        <ele>427.20001220703125</ele>
        <time>2026-02-22T11:44:32.000Z</time>
        <extensions>
          <ns3:TrackPointExtension>
            <ns3:hr>129</ns3:hr>
          </ns3:TrackPointExtension>
        </extensions>
      </trkpt>
      <trkpt lat="43.71875627897679805755615234375" lon="7.3269989155232906341552734375">
        <ele>426.79998779296875</ele>
        <time>2026-02-22T11:44:33.000Z</time>
        <extensions>
          <ns3:TrackPointExtension>
            <ns3:hr>128</ns3:hr>
          </ns3:TrackPointExtension>
        </extensions>
      </trkpt>
      <trkpt lat="43.71860154904425144195556640625" lon="7.32690260745584964752197265625">
        <ele>425.79998779296875</ele>
        <time>2026-02-22T11:44:35.000Z</time>
        <extensions>
          <ns3:TrackPointExtension>
            <ns3:hr>128</ns3:hr>
          </ns3:TrackPointExtension>
        </extensions>
      </trkpt>
      <trkpt lat="43.7185278721153736114501953125" lon="7.32686019502580165863037109375">
        <ele>425.20001220703125</ele>
        <time>2026-02-22T11:44:36.000Z</time>
        <extensions>
          <ns3:TrackPointExtension>
            <ns3:hr>128</ns3:hr>
          </ns3:TrackPointExtension>
        </extensions>
      </trkpt>
      <trkpt lat="43.7184564583003520965576171875" lon="7.32681543566286563873291015625">
        <ele>424.399993896484375</ele>
        <time>2026-02-22T11:44:37.000Z</time>
        <extensions>
          <ns3:TrackPointExtension>
            <ns3:hr>128</ns3:hr>
          </ns3:TrackPointExtension>
        </extensions>
      </trkpt>
      <trkpt lat="43.718269877135753631591796875" lon="7.32669741846621036529541015625">
        <ele>423.20001220703125</ele>
        <time>2026-02-22T11:44:40.000Z</time>
        <extensions>
          <ns3:TrackPointExtension>
            <ns3:hr>127</ns3:hr>
          </ns3:TrackPointExtension>
        </extensions>
      </trkpt>
      <trkpt lat="43.71821598149836063385009765625" lon="7.326657436788082122802734375">
        <ele>422.79998779296875</ele>
        <time>2026-02-22T11:44:41.000Z</time>
        <extensions>
          <ns3:TrackPointExtension>
            <ns3:hr>127</ns3:hr>
          </ns3:TrackPointExtension>
        </extensions>
      </trkpt>
      <trkpt lat="43.718116320669651031494140625" lon="7.3265654034912586212158203125">
        <ele>421.79998779296875</ele>
        <time>2026-02-22T11:44:43.000Z</time>
        <extensions>
          <ns3:TrackPointExtension>
            <ns3:hr>128</ns3:hr>
          </ns3:TrackPointExtension>
        </extensions>
      </trkpt>
      <trkpt lat="43.71806971728801727294921875" lon="7.32650865800678730010986328125">
        <ele>421.20001220703125</ele>
        <time>2026-02-22T11:44:44.000Z</time>
        <extensions>
          <ns3:TrackPointExtension>
            <ns3:hr>128</ns3:hr>
          </ns3:TrackPointExtension>
        </extensions>
      </trkpt>
      <trkpt lat="43.71797583997249603271484375" lon="7.32636180706322193145751953125">
        <ele>420.600006103515625</ele>
        <time>2026-02-22T11:44:46.000Z</time>
        <extensions>
          <ns3:TrackPointExtension>
            <ns3:hr>128</ns3:hr>
          </ns3:TrackPointExtension>
        </extensions>
      </trkpt>
      <trkpt lat="43.71784038841724395751953125" lon="7.32609325088560581207275390625">
        <ele>418.79998779296875</ele>
        <time>2026-02-22T11:44:49.000Z</time>
        <extensions>
          <ns3:TrackPointExtension>
            <ns3:hr>128</ns3:hr>
          </ns3:TrackPointExtension>
        </extensions>
      </trkpt>
      <trkpt lat="43.71774491854012012481689453125" lon="7.32590281404554843902587890625">
        <ele>418</ele>
        <time>2026-02-22T11:44:51.000Z</time>
        <extensions>
          <ns3:TrackPointExtension>
            <ns3:hr>128</ns3:hr>
          </ns3:TrackPointExtension>
        </extensions>
      </trkpt>
      <trkpt lat="43.717652969062328338623046875" lon="7.32571623288094997406005859375">
        <ele>417</ele>
        <time>2026-02-22T11:44:53.000Z</time>
        <extensions>
          <ns3:TrackPointExtension>
            <ns3:hr>128</ns3:hr>
          </ns3:TrackPointExtension>
        </extensions>
      </trkpt>
      <trkpt lat="43.7175616063177585601806640625" lon="7.32553149573504924774169921875">
        <ele>415.79998779296875</ele>
        <time>2026-02-22T11:44:55.000Z</time>
        <extensions>
          <ns3:TrackPointExtension>
            <ns3:hr>127</ns3:hr>
          </ns3:TrackPointExtension>
        </extensions>
      </trkpt>
      <trkpt lat="43.71742305345833301544189453125" lon="7.32525556348264217376708984375">
        <ele>414.20001220703125</ele>
        <time>2026-02-22T11:44:58.000Z</time>
        <extensions>
          <ns3:TrackPointExtension>
            <ns3:hr>127</ns3:hr>
          </ns3:TrackPointExtension>
        </extensions>
      </trkpt>
      <trkpt lat="43.71729078702628612518310546875" lon="7.32499740086495876312255859375">
        <ele>413</ele>
        <time>2026-02-22T11:45:01.000Z</time>
        <extensions>
          <ns3:TrackPointExtension>
            <ns3:hr>127</ns3:hr>
          </ns3:TrackPointExtension>
        </extensions>
      </trkpt>
      <trkpt lat="43.71720965020358562469482421875" lon="7.3248102329671382904052734375">
        <ele>411.79998779296875</ele>
        <time>2026-02-22T11:45:03.000Z</time>
        <extensions>
          <ns3:TrackPointExtension>
            <ns3:hr>128</ns3:hr>
          </ns3:TrackPointExtension>
        </extensions>
      </trkpt>
      <trkpt lat="43.71714167296886444091796875" lon="7.32459272257983684539794921875">
        <ele>410.600006103515625</ele>
        <time>2026-02-22T11:45:05.000Z</time>
        <extensions>
          <ns3:TrackPointExtension>
            <ns3:hr>129</ns3:hr>
          </ns3:TrackPointExtension>
        </extensions>
      </trkpt>
      <trkpt lat="43.7170524895191192626953125" lon="7.32416675426065921783447265625">
        <ele>408.79998779296875</ele>
        <time>2026-02-22T11:45:09.000Z</time>
        <extensions>
          <ns3:TrackPointExtension>
            <ns3:hr>130</ns3:hr>
          </ns3:TrackPointExtension>
        </extensions>
      </trkpt>
      <trkpt lat="43.7170203030109405517578125" lon="7.3239683546125888824462890625">
        <ele>408</ele>
        <time>2026-02-22T11:45:11.000Z</time>
        <extensions>
          <ns3:TrackPointExtension>
            <ns3:hr>130</ns3:hr>
          </ns3:TrackPointExtension>
        </extensions>
      </trkpt>
      <trkpt lat="43.71700462885200977325439453125" lon="7.3238764889538288116455078125">
        <ele>407.600006103515625</ele>
        <time>2026-02-22T11:45:12.000Z</time>
        <extensions>
          <ns3:TrackPointExtension>
            <ns3:hr>130</ns3:hr>
          </ns3:TrackPointExtension>
        </extensions>
      </trkpt>
      <trkpt lat="43.71696925722062587738037109375" lon="7.3236937634646892547607421875">
        <ele>406.399993896484375</ele>
        <time>2026-02-22T11:45:14.000Z</time>
        <extensions>
          <ns3:TrackPointExtension>
            <ns3:hr>130</ns3:hr>
          </ns3:TrackPointExtension>
        </extensions>
      </trkpt>
      <trkpt lat="43.7169135175645351409912109375" lon="7.32338472269475460052490234375">
        <ele>405.20001220703125</ele>
        <time>2026-02-22T11:45:17.000Z</time>
        <extensions>
          <ns3:TrackPointExtension>
            <ns3:hr>130</ns3:hr>
          </ns3:TrackPointExtension>
        </extensions>
      </trkpt>
      <trkpt lat="43.71685945428907871246337890625" lon="7.32307895086705684661865234375">
        <ele>404</ele>
        <time>2026-02-22T11:45:20.000Z</time>
        <extensions>
          <ns3:TrackPointExtension>
            <ns3:hr>130</ns3:hr>
          </ns3:TrackPointExtension>
        </extensions>
      </trkpt>
      <trkpt lat="43.71682307682931423187255859375" lon="7.322866134345531463623046875">
        <ele>402.600006103515625</ele>
        <time>2026-02-22T11:45:22.000Z</time>
        <extensions>
          <ns3:TrackPointExtension>
            <ns3:hr>130</ns3:hr>
          </ns3:TrackPointExtension>
        </extensions>
      </trkpt>
      <trkpt lat="43.7167700193822383880615234375" lon="7.32256648130714893341064453125">
        <ele>401.399993896484375</ele>
        <time>2026-02-22T11:45:25.000Z</time>
        <extensions>
          <ns3:TrackPointExtension>
            <ns3:hr>130</ns3:hr>
          </ns3:TrackPointExtension>
        </extensions>
      </trkpt>
      <trkpt lat="43.716721236705780029296875" lon="7.32229717075824737548828125">
        <ele>400.399993896484375</ele>
        <time>2026-02-22T11:45:28.000Z</time>
        <extensions>
          <ns3:TrackPointExtension>
            <ns3:hr>134</ns3:hr>
          </ns3:TrackPointExtension>
        </extensions>
      </trkpt>
      <trkpt lat="43.71669047512114048004150390625" lon="7.322125844657421112060546875">
        <ele>399.600006103515625</ele>
        <time>2026-02-22T11:45:30.000Z</time>
        <extensions>
          <ns3:TrackPointExtension>
            <ns3:hr>138</ns3:hr>
          </ns3:TrackPointExtension>
        </extensions>
      </trkpt>
      <trkpt lat="43.7166613899171352386474609375" lon="7.32193968258798122406005859375">
        <ele>399</ele>
        <time>2026-02-22T11:45:32.000Z</time>
        <extensions>
          <ns3:TrackPointExtension>
            <ns3:hr>140</ns3:hr>
          </ns3:TrackPointExtension>
        </extensions>
      </trkpt>
      <trkpt lat="43.71662727557122707366943359375" lon="7.321744300425052642822265625">
        <ele>398</ele>
        <time>2026-02-22T11:45:34.000Z</time>
        <extensions>
          <ns3:TrackPointExtension>
            <ns3:hr>141</ns3:hr>
          </ns3:TrackPointExtension>
        </extensions>
      </trkpt>
      <trkpt lat="43.71660129167139530181884765625" lon="7.32156165875494480133056640625">
        <ele>396</ele>
        <time>2026-02-22T11:45:36.000Z</time>
        <extensions>
          <ns3:TrackPointExtension>
            <ns3:hr>141</ns3:hr>
          </ns3:TrackPointExtension>
        </extensions>
      </trkpt>
      <trkpt lat="43.71658788062632083892822265625" lon="7.321477420628070831298828125">
        <ele>395.399993896484375</ele>
        <time>2026-02-22T11:45:37.000Z</time>
        <extensions>
          <ns3:TrackPointExtension>
            <ns3:hr>141</ns3:hr>
          </ns3:TrackPointExtension>
        </extensions>
      </trkpt>
      <trkpt lat="43.716580085456371307373046875" lon="7.32138580642640590667724609375">
        <ele>395</ele>
        <time>2026-02-22T11:45:38.000Z</time>
        <extensions>
          <ns3:TrackPointExtension>
            <ns3:hr>141</ns3:hr>
          </ns3:TrackPointExtension>
        </extensions>
      </trkpt>
      <trkpt lat="43.716583438217639923095703125" lon="7.32129008509218692779541015625">
        <ele>394.79998779296875</ele>
        <time>2026-02-22T11:45:39.000Z</time>
        <extensions>
          <ns3:TrackPointExtension>
            <ns3:hr>141</ns3:hr>
          </ns3:TrackPointExtension>
        </extensions>
      </trkpt>
      <trkpt lat="43.716594167053699493408203125" lon="7.321190424263477325439453125">
        <ele>394.20001220703125</ele>
        <time>2026-02-22T11:45:40.000Z</time>
        <extensions>
          <ns3:TrackPointExtension>
            <ns3:hr>141</ns3:hr>
          </ns3:TrackPointExtension>
        </extensions>
      </trkpt>
      <trkpt lat="43.7166161276400089263916015625" lon="7.321089841425418853759765625">
        <ele>393.600006103515625</ele>
        <time>2026-02-22T11:45:41.000Z</time>
        <extensions>
          <ns3:TrackPointExtension>
            <ns3:hr>141</ns3:hr>
          </ns3:TrackPointExtension>
        </extensions>
      </trkpt>
      <trkpt lat="43.71667689643800258636474609375" lon="7.32088272459805011749267578125">
        <ele>392</ele>
        <time>2026-02-22T11:45:43.000Z</time>
        <extensions>
          <ns3:TrackPointExtension>
            <ns3:hr>141</ns3:hr>
          </ns3:TrackPointExtension>
        </extensions>
      </trkpt>
      <trkpt lat="43.7167361564934253692626953125" lon="7.32067351229488849639892578125">
        <ele>391</ele>
        <time>2026-02-22T11:45:45.000Z</time>
        <extensions>
          <ns3:TrackPointExtension>
            <ns3:hr>141</ns3:hr>
          </ns3:TrackPointExtension>
        </extensions>
      </trkpt>
      <trkpt lat="43.71676038019359111785888671875" lon="7.32055834494531154632568359375">
        <ele>390</ele>
        <time>2026-02-22T11:45:46.000Z</time>
        <extensions>
          <ns3:TrackPointExtension>
            <ns3:hr>140</ns3:hr>
          </ns3:TrackPointExtension>
        </extensions>
      </trkpt>
      <trkpt lat="43.716781251132488250732421875" lon="7.32043546624481678009033203125">
        <ele>389.399993896484375</ele>
        <time>2026-02-22T11:45:47.000Z</time>
        <extensions>
          <ns3:TrackPointExtension>
            <ns3:hr>140</ns3:hr>
          </ns3:TrackPointExtension>
        </extensions>
      </trkpt>
      <trkpt lat="43.716796673834323883056640625" lon="7.32031258754432201385498046875">
        <ele>388.20001220703125</ele>
        <time>2026-02-22T11:45:48.000Z</time>
        <extensions>
          <ns3:TrackPointExtension>
            <ns3:hr>140</ns3:hr>
          </ns3:TrackPointExtension>
        </extensions>
      </trkpt>
      <trkpt lat="43.71682240627706050872802734375" lon="7.32007252983748912811279296875">
        <ele>386.399993896484375</ele>
        <time>2026-02-22T11:45:50.000Z</time>
        <extensions>
          <ns3:TrackPointExtension>
            <ns3:hr>140</ns3:hr>
          </ns3:TrackPointExtension>
        </extensions>
      </trkpt>
      <trkpt lat="43.71683330275118350982666015625" lon="7.319955267012119293212890625">
        <ele>385.79998779296875</ele>
        <time>2026-02-22T11:45:51.000Z</time>
        <extensions>
          <ns3:TrackPointExtension>
            <ns3:hr>141</ns3:hr>
          </ns3:TrackPointExtension>
        </extensions>
      </trkpt>
      <trkpt lat="43.7168441154062747955322265625" lon="7.31983766891062259674072265625">
        <ele>385.399993896484375</ele>
        <time>2026-02-22T11:45:52.000Z</time>
        <extensions>
          <ns3:TrackPointExtension>
            <ns3:hr>141</ns3:hr>
          </ns3:TrackPointExtension>
        </extensions>
      </trkpt>
      <trkpt lat="43.71685157530009746551513671875" lon="7.3195966891944408416748046875">
        <ele>383.399993896484375</ele>
        <time>2026-02-22T11:45:54.000Z</time>
        <extensions>
          <ns3:TrackPointExtension>
            <ns3:hr>141</ns3:hr>
          </ns3:TrackPointExtension>
        </extensions>
      </trkpt>
      <trkpt lat="43.71684101410210132598876953125" lon="7.3193499259650707244873046875">
        <ele>382</ele>
        <time>2026-02-22T11:45:56.000Z</time>
        <extensions>
          <ns3:TrackPointExtension>
            <ns3:hr>141</ns3:hr>
          </ns3:TrackPointExtension>
        </extensions>
      </trkpt>
      <trkpt lat="43.716828525066375732421875" lon="7.31909000314772129058837890625">
        <ele>380.79998779296875</ele>
        <time>2026-02-22T11:45:58.000Z</time>
        <extensions>
          <ns3:TrackPointExtension>
            <ns3:hr>142</ns3:hr>
          </ns3:TrackPointExtension>
        </extensions>
      </trkpt>
      <trkpt lat="43.71682944707572460174560546875" lon="7.3189549706876277923583984375">
        <ele>379.600006103515625</ele>
        <time>2026-02-22T11:45:59.000Z</time>
        <extensions>
          <ns3:TrackPointExtension>
            <ns3:hr>141</ns3:hr>
          </ns3:TrackPointExtension>
        </extensions>
      </trkpt>
      <trkpt lat="43.7168432772159576416015625" lon="7.31866872869431972503662109375">
        <ele>378.20001220703125</ele>
        <time>2026-02-22T11:46:01.000Z</time>
        <extensions>
          <ns3:TrackPointExtension>
            <ns3:hr>141</ns3:hr>
          </ns3:TrackPointExtension>
        </extensions>
      </trkpt>
      <trkpt lat="43.71685333549976348876953125" lon="7.3185194469988346099853515625">
        <ele>377</ele>
        <time>2026-02-22T11:46:02.000Z</time>
        <extensions>
          <ns3:TrackPointExtension>
            <ns3:hr>141</ns3:hr>
          </ns3:TrackPointExtension>
        </extensions>
      </trkpt>
      <trkpt lat="43.71686263941228389739990234375" lon="7.31836312450468540191650390625">
        <ele>376</ele>
        <time>2026-02-22T11:46:03.000Z</time>
        <extensions>
          <ns3:TrackPointExtension>
            <ns3:hr>140</ns3:hr>
          </ns3:TrackPointExtension>
        </extensions>
      </trkpt>
      <trkpt lat="43.7168746255338191986083984375" lon="7.3182066343724727630615234375">
        <ele>375</ele>
        <time>2026-02-22T11:46:04.000Z</time>
        <extensions>
          <ns3:TrackPointExtension>
            <ns3:hr>140</ns3:hr>
          </ns3:TrackPointExtension>
        </extensions>
      </trkpt>
      <trkpt lat="43.71688845567405223846435546875" lon="7.31805282644927501678466796875">
        <ele>373.79998779296875</ele>
        <time>2026-02-22T11:46:05.000Z</time>
        <extensions>
          <ns3:TrackPointExtension>
            <ns3:hr>140</ns3:hr>
          </ns3:TrackPointExtension>
        </extensions>
      </trkpt>
      <trkpt lat="43.71690052561461925506591796875" lon="7.31789859943091869354248046875">
        <ele>372.600006103515625</ele>
        <time>2026-02-22T11:46:06.000Z</time>
        <extensions>
          <ns3:TrackPointExtension>
            <ns3:hr>139</ns3:hr>
          </ns3:TrackPointExtension>
        </extensions>
      </trkpt>
      <trkpt lat="43.716930784285068511962890625" lon="7.31759467162191867828369140625">
        <ele>370.399993896484375</ele>
        <time>2026-02-22T11:46:08.000Z</time>
        <extensions>
          <ns3:TrackPointExtension>
            <ns3:hr>139</ns3:hr>
          </ns3:TrackPointExtension>
        </extensions>
      </trkpt>
      <trkpt lat="43.716945536434650421142578125" lon="7.317444048821926116943359375">
        <ele>368.79998779296875</ele>
        <time>2026-02-22T11:46:09.000Z</time>
        <extensions>
          <ns3:TrackPointExtension>
            <ns3:hr>138</ns3:hr>
          </ns3:TrackPointExtension>
        </extensions>
      </trkpt>
      <trkpt lat="43.71697411872446537017822265625" lon="7.317155040800571441650390625">
        <ele>367</ele>
        <time>2026-02-22T11:46:11.000Z</time>
        <extensions>
          <ns3:TrackPointExtension>
            <ns3:hr>134</ns3:hr>
          </ns3:TrackPointExtension>
        </extensions>
      </trkpt>
      <trkpt lat="43.71700219810009002685546875" lon="7.31687500141561031341552734375">
        <ele>365</ele>
        <time>2026-02-22T11:46:13.000Z</time>
        <extensions>
          <ns3:TrackPointExtension>
            <ns3:hr>135</ns3:hr>
          </ns3:TrackPointExtension>
        </extensions>
      </trkpt>
      <trkpt lat="43.717018626630306243896484375" lon="7.31658280827105045318603515625">
        <ele>363.399993896484375</ele>
        <time>2026-02-22T11:46:15.000Z</time>
        <extensions>
          <ns3:TrackPointExtension>
            <ns3:hr>136</ns3:hr>
          </ns3:TrackPointExtension>
        </extensions>
      </trkpt>
      <trkpt lat="43.717016614973545074462890625" lon="7.31628122739493846893310546875">
        <ele>361.399993896484375</ele>
        <time>2026-02-22T11:46:17.000Z</time>
        <extensions>
          <ns3:TrackPointExtension>
            <ns3:hr>136</ns3:hr>
          </ns3:TrackPointExtension>
        </extensions>
      </trkpt>
      <trkpt lat="43.7170077301561832427978515625" lon="7.316133119165897369384765625">
        <ele>361.20001220703125</ele>
        <time>2026-02-22T11:46:18.000Z</time>
        <extensions>
          <ns3:TrackPointExtension>
            <ns3:hr>136</ns3:hr>
          </ns3:TrackPointExtension>
        </extensions>
      </trkpt>
      <trkpt lat="43.7169966660439968109130859375" lon="7.31598618440330028533935546875">
        <ele>359.79998779296875</ele>
        <time>2026-02-22T11:46:19.000Z</time>
        <extensions>
          <ns3:TrackPointExtension>
            <ns3:hr>136</ns3:hr>
          </ns3:TrackPointExtension>
        </extensions>
      </trkpt>
      <trkpt lat="43.71698250062763690948486328125" lon="7.31584235094487667083740234375">
        <ele>358.600006103515625</ele>
        <time>2026-02-22T11:46:20.000Z</time>
        <extensions>
          <ns3:TrackPointExtension>
            <ns3:hr>136</ns3:hr>
          </ns3:TrackPointExtension>
        </extensions>
      </trkpt>
      <trkpt lat="43.71696892194449901580810546875" lon="7.31569633819162845611572265625">
        <ele>357.399993896484375</ele>
        <time>2026-02-22T11:46:21.000Z</time>
        <extensions>
          <ns3:TrackPointExtension>
            <ns3:hr>136</ns3:hr>
          </ns3:TrackPointExtension>
        </extensions>
      </trkpt>
      <trkpt lat="43.71694059111177921295166015625" lon="7.31540565378963947296142578125">
        <ele>354.79998779296875</ele>
        <time>2026-02-22T11:46:23.000Z</time>
        <extensions>
          <ns3:TrackPointExtension>
            <ns3:hr>136</ns3:hr>
          </ns3:TrackPointExtension>
        </extensions>
      </trkpt>
      <trkpt lat="43.716914691030979156494140625" lon="7.31512066908180713653564453125">
        <ele>353.20001220703125</ele>
        <time>2026-02-22T11:46:25.000Z</time>
        <extensions>
          <ns3:TrackPointExtension>
            <ns3:hr>135</ns3:hr>
          </ns3:TrackPointExtension>
        </extensions>
      </trkpt>
      <trkpt lat="43.71690136380493640899658203125" lon="7.31498052366077899932861328125">
        <ele>352.20001220703125</ele>
        <time>2026-02-22T11:46:26.000Z</time>
        <extensions>
          <ns3:TrackPointExtension>
            <ns3:hr>135</ns3:hr>
          </ns3:TrackPointExtension>
        </extensions>
      </trkpt>
      <trkpt lat="43.716876469552516937255859375" lon="7.314708530902862548828125">
        <ele>351</ele>
        <time>2026-02-22T11:46:28.000Z</time>
        <extensions>
          <ns3:TrackPointExtension>
            <ns3:hr>135</ns3:hr>
          </ns3:TrackPointExtension>
        </extensions>
      </trkpt>
      <trkpt lat="43.71686297468841075897216796875" lon="7.31457567773759365081787109375">
        <ele>349.600006103515625</ele>
        <time>2026-02-22T11:46:29.000Z</time>
        <extensions>
          <ns3:TrackPointExtension>
            <ns3:hr>136</ns3:hr>
          </ns3:TrackPointExtension>
        </extensions>
      </trkpt>
      <trkpt lat="43.71684822253882884979248046875" lon="7.31444240547716617584228515625">
        <ele>348.600006103515625</ele>
        <time>2026-02-22T11:46:30.000Z</time>
        <extensions>
          <ns3:TrackPointExtension>
            <ns3:hr>137</ns3:hr>
          </ns3:TrackPointExtension>
        </extensions>
      </trkpt>
      <trkpt lat="43.71682005934417247772216796875" lon="7.314179129898548126220703125">
        <ele>346.79998779296875</ele>
        <time>2026-02-22T11:46:32.000Z</time>
        <extensions>
          <ns3:TrackPointExtension>
            <ns3:hr>139</ns3:hr>
          </ns3:TrackPointExtension>
        </extensions>
      </trkpt>
      <trkpt lat="43.71680681593716144561767578125" lon="7.314051054418087005615234375">
        <ele>345.399993896484375</ele>
        <time>2026-02-22T11:46:33.000Z</time>
        <extensions>
          <ns3:TrackPointExtension>
            <ns3:hr>139</ns3:hr>
          </ns3:TrackPointExtension>
        </extensions>
      </trkpt>
      <trkpt lat="43.71679424308240413665771484375" lon="7.31392172165215015411376953125">
        <ele>344.20001220703125</ele>
        <time>2026-02-22T11:46:34.000Z</time>
        <extensions>
          <ns3:TrackPointExtension>
            <ns3:hr>140</ns3:hr>
          </ns3:TrackPointExtension>
        </extensions>
      </trkpt>
      <trkpt lat="43.71677060611546039581298828125" lon="7.31367697007954120635986328125">
        <ele>342.20001220703125</ele>
        <time>2026-02-22T11:46:36.000Z</time>
        <extensions>
          <ns3:TrackPointExtension>
            <ns3:hr>143</ns3:hr>
          </ns3:TrackPointExtension>
        </extensions>
      </trkpt>
      <trkpt lat="43.7167492322623729705810546875" lon="7.3134343139827251434326171875">
        <ele>340.600006103515625</ele>
        <time>2026-02-22T11:46:38.000Z</time>
        <extensions>
          <ns3:TrackPointExtension>
            <ns3:hr>144</ns3:hr>
          </ns3:TrackPointExtension>
        </extensions>
      </trkpt>
      <trkpt lat="43.7167425267398357391357421875" lon="7.3133116029202938079833984375">
        <ele>340</ele>
        <time>2026-02-22T11:46:39.000Z</time>
        <extensions>
          <ns3:TrackPointExtension>
            <ns3:hr>144</ns3:hr>
          </ns3:TrackPointExtension>
        </extensions>
      </trkpt>
      <trkpt lat="43.7167405150830745697021484375" lon="7.31318880803883075714111328125">
        <ele>339</ele>
        <time>2026-02-22T11:46:40.000Z</time>
        <extensions>
          <ns3:TrackPointExtension>
            <ns3:hr>144</ns3:hr>
          </ns3:TrackPointExtension>
        </extensions>
      </trkpt>
      <trkpt lat="43.71675543487071990966796875" lon="7.31294405646622180938720703125">
        <ele>337.79998779296875</ele>
        <time>2026-02-22T11:46:42.000Z</time>
        <extensions>
          <ns3:TrackPointExtension>
            <ns3:hr>143</ns3:hr>
          </ns3:TrackPointExtension>
        </extensions>
      </trkpt>
      <trkpt lat="43.71677312068641185760498046875" lon="7.31282905675470829010009765625">
        <ele>337.399993896484375</ele>
        <time>2026-02-22T11:46:43.000Z</time>
        <extensions>
          <ns3:TrackPointExtension>
            <ns3:hr>143</ns3:hr>
          </ns3:TrackPointExtension>
        </extensions>
      </trkpt>
      <trkpt lat="43.716790638864040374755859375" lon="7.3127195052802562713623046875">
        <ele>336.600006103515625</ele>
        <time>2026-02-22T11:46:44.000Z</time>
        <extensions>
          <ns3:TrackPointExtension>
            <ns3:hr>143</ns3:hr>
          </ns3:TrackPointExtension>
        </extensions>
      </trkpt>
      <trkpt lat="43.71683246456086635589599609375" lon="7.3125136457383632659912109375">
        <ele>335.20001220703125</ele>
        <time>2026-02-22T11:46:46.000Z</time>
        <extensions>
          <ns3:TrackPointExtension>
            <ns3:hr>142</ns3:hr>
          </ns3:TrackPointExtension>
        </extensions>
      </trkpt>
      <trkpt lat="43.71688292361795902252197265625" lon="7.31231943704187870025634765625">
        <ele>335</ele>
        <time>2026-02-22T11:46:48.000Z</time>
        <extensions>
          <ns3:TrackPointExtension>
            <ns3:hr>142</ns3:hr>
          </ns3:TrackPointExtension>
        </extensions>
      </trkpt>
      <trkpt lat="43.7169986777007579803466796875" lon="7.3118211328983306884765625">
        <ele>334.20001220703125</ele>
        <time>2026-02-22T11:46:53.000Z</time>
        <extensions>
          <ns3:TrackPointExtension>
            <ns3:hr>141</ns3:hr>
          </ns3:TrackPointExtension>
        </extensions>
      </trkpt>
      <trkpt lat="43.71704050339758396148681640625" lon="7.31161619536578655242919921875">
        <ele>333.20001220703125</ele>
        <time>2026-02-22T11:46:55.000Z</time>
        <extensions>
          <ns3:TrackPointExtension>
            <ns3:hr>142</ns3:hr>
          </ns3:TrackPointExtension>
        </extensions>
      </trkpt>
      <trkpt lat="43.71706665493547916412353515625" lon="7.311414442956447601318359375">
        <ele>332.79998779296875</ele>
        <time>2026-02-22T11:46:57.000Z</time>
        <extensions>
          <ns3:TrackPointExtension>
            <ns3:hr>143</ns3:hr>
          </ns3:TrackPointExtension>
        </extensions>
      </trkpt>
      <trkpt lat="43.7170674093067646026611328125" lon="7.31131218373775482177734375">
        <ele>332.600006103515625</ele>
        <time>2026-02-22T11:46:58.000Z</time>
        <extensions>
          <ns3:TrackPointExtension>
            <ns3:hr>143</ns3:hr>
          </ns3:TrackPointExtension>
        </extensions>
      </trkpt>
      <trkpt lat="43.7170603685081005096435546875" lon="7.31120715849101543426513671875">
        <ele>332.399993896484375</ele>
        <time>2026-02-22T11:46:59.000Z</time>
        <extensions>
          <ns3:TrackPointExtension>
            <ns3:hr>143</ns3:hr>
          </ns3:TrackPointExtension>
        </extensions>
      </trkpt>
      <trkpt lat="43.71705156750977039337158203125" lon="7.311006747186183929443359375">
        <ele>331.600006103515625</ele>
        <time>2026-02-22T11:47:01.000Z</time>
        <extensions>
          <ns3:TrackPointExtension>
            <ns3:hr>143</ns3:hr>
          </ns3:TrackPointExtension>
        </extensions>
      </trkpt>
      <trkpt lat="43.71705860830843448638916015625" lon="7.31090909801423549652099609375">
        <ele>330.79998779296875</ele>
        <time>2026-02-22T11:47:02.000Z</time>
        <extensions>
          <ns3:TrackPointExtension>
            <ns3:hr>143</ns3:hr>
          </ns3:TrackPointExtension>
        </extensions>
      </trkpt>
      <trkpt lat="43.71708576567471027374267578125" lon="7.3108171485364437103271484375">
        <ele>330.399993896484375</ele>
        <time>2026-02-22T11:47:03.000Z</time>
        <extensions>
          <ns3:TrackPointExtension>
            <ns3:hr>142</ns3:hr>
          </ns3:TrackPointExtension>
        </extensions>
      </trkpt>
      <trkpt lat="43.717127926647663116455078125" lon="7.3107363469898700714111328125">
        <ele>329.79998779296875</ele>
        <time>2026-02-22T11:47:04.000Z</time>
        <extensions>
          <ns3:TrackPointExtension>
            <ns3:hr>142</ns3:hr>
          </ns3:TrackPointExtension>
        </extensions>
      </trkpt>
      <trkpt lat="43.71718215756118297576904296875" lon="7.31065998785197734832763671875">
        <ele>329.399993896484375</ele>
        <time>2026-02-22T11:47:05.000Z</time>
        <extensions>
          <ns3:TrackPointExtension>
            <ns3:hr>142</ns3:hr>
          </ns3:TrackPointExtension>
        </extensions>
      </trkpt>
      <trkpt lat="43.717239908874034881591796875" lon="7.310598380863666534423828125">
        <ele>329</ele>
        <time>2026-02-22T11:47:06.000Z</time>
        <extensions>
          <ns3:TrackPointExtension>
            <ns3:hr>142</ns3:hr>
          </ns3:TrackPointExtension>
        </extensions>
      </trkpt>
      <trkpt lat="43.71737695299088954925537109375" lon="7.31052034534513950347900390625">
        <ele>328</ele>
        <time>2026-02-22T11:47:08.000Z</time>
        <extensions>
          <ns3:TrackPointExtension>
            <ns3:hr>142</ns3:hr>
          </ns3:TrackPointExtension>
        </extensions>
      </trkpt>
      <trkpt lat="43.71752061881124973297119140625" lon="7.310472987592220306396484375">
        <ele>327.600006103515625</ele>
        <time>2026-02-22T11:47:10.000Z</time>
        <extensions>
          <ns3:TrackPointExtension>
            <ns3:hr>141</ns3:hr>
          </ns3:TrackPointExtension>
        </extensions>
      </trkpt>
      <trkpt lat="43.7176796235144138336181640625" lon="7.3104275576770305633544921875">
        <ele>327</ele>
        <time>2026-02-22T11:47:12.000Z</time>
        <extensions>
          <ns3:TrackPointExtension>
            <ns3:hr>140</ns3:hr>
          </ns3:TrackPointExtension>
        </extensions>
      </trkpt>
      <trkpt lat="43.7179146520793437957763671875" lon="7.31034784577786922454833984375">
        <ele>326</ele>
        <time>2026-02-22T11:47:15.000Z</time>
        <extensions>
          <ns3:TrackPointExtension>
            <ns3:hr>138</ns3:hr>
          </ns3:TrackPointExtension>
        </extensions>
      </trkpt>
      <trkpt lat="43.71799520216882228851318359375" lon="7.31031976640224456787109375">
        <ele>325.600006103515625</ele>
        <time>2026-02-22T11:47:16.000Z</time>
        <extensions>
          <ns3:TrackPointExtension>
            <ns3:hr>137</ns3:hr>
          </ns3:TrackPointExtension>
        </extensions>
      </trkpt>
      <trkpt lat="43.7180770933628082275390625" lon="7.31029160320758819580078125">
        <ele>324.399993896484375</ele>
        <time>2026-02-22T11:47:17.000Z</time>
        <extensions>
          <ns3:TrackPointExtension>
            <ns3:hr>135</ns3:hr>
          </ns3:TrackPointExtension>
        </extensions>
      </trkpt>
      <trkpt lat="43.718235008418560028076171875" lon="7.31024198234081268310546875">
        <ele>323.79998779296875</ele>
        <time>2026-02-22T11:47:19.000Z</time>
        <extensions>
          <ns3:TrackPointExtension>
            <ns3:hr>131</ns3:hr>
          </ns3:TrackPointExtension>
        </extensions>
      </trkpt>
      <trkpt lat="43.7183116190135478973388671875" lon="7.31021490879356861114501953125">
        <ele>323.600006103515625</ele>
        <time>2026-02-22T11:47:20.000Z</time>
        <extensions>
          <ns3:TrackPointExtension>
            <ns3:hr>128</ns3:hr>
          </ns3:TrackPointExtension>
        </extensions>
      </trkpt>
      <trkpt lat="43.71838462539017200469970703125" lon="7.3101868294179439544677734375">
        <ele>323.20001220703125</ele>
        <time>2026-02-22T11:47:21.000Z</time>
        <extensions>
          <ns3:TrackPointExtension>
            <ns3:hr>126</ns3:hr>
          </ns3:TrackPointExtension>
        </extensions>
      </trkpt>
      <trkpt lat="43.7186081707477569580078125" lon="7.31010510586202144622802734375">
        <ele>322.20001220703125</ele>
        <time>2026-02-22T11:47:24.000Z</time>
        <extensions>
          <ns3:TrackPointExtension>
            <ns3:hr>124</ns3:hr>
          </ns3:TrackPointExtension>
        </extensions>
      </trkpt>
      <trkpt lat="43.7186831049621105194091796875" lon="7.3100714944303035736083984375">
        <ele>322</ele>
        <time>2026-02-22T11:47:25.000Z</time>
        <extensions>
          <ns3:TrackPointExtension>
            <ns3:hr>124</ns3:hr>
          </ns3:TrackPointExtension>
        </extensions>
      </trkpt>
      <trkpt lat="43.71881713159382343292236328125" lon="7.30996781028807163238525390625">
        <ele>321.600006103515625</ele>
        <time>2026-02-22T11:47:27.000Z</time>
        <extensions>
          <ns3:TrackPointExtension>
            <ns3:hr>124</ns3:hr>
          </ns3:TrackPointExtension>
        </extensions>
      </trkpt>
      <trkpt lat="43.71886105276644229888916015625" lon="7.30990595184266567230224609375">
        <ele>321.20001220703125</ele>
        <time>2026-02-22T11:47:28.000Z</time>
        <extensions>
          <ns3:TrackPointExtension>
            <ns3:hr>124</ns3:hr>
          </ns3:TrackPointExtension>
        </extensions>
      </trkpt>
      <trkpt lat="43.71892240829765796661376953125" lon="7.30980553664267063140869140625">
        <ele>320.79998779296875</ele>
        <time>2026-02-22T11:47:29.000Z</time>
        <extensions>
          <ns3:TrackPointExtension>
            <ns3:hr>125</ns3:hr>
          </ns3:TrackPointExtension>
        </extensions>
      </trkpt>
      <trkpt lat="43.7190582789480686187744140625" lon="7.309510074555873870849609375">
        <ele>320</ele>
        <time>2026-02-22T11:47:32.000Z</time>
        <extensions>
          <ns3:TrackPointExtension>
            <ns3:hr>127</ns3:hr>
          </ns3:TrackPointExtension>
        </extensions>
      </trkpt>
      <trkpt lat="43.71910370886325836181640625" lon="7.3094123415648937225341796875">
        <ele>319.79998779296875</ele>
        <time>2026-02-22T11:47:33.000Z</time>
        <extensions>
          <ns3:TrackPointExtension>
            <ns3:hr>126</ns3:hr>
          </ns3:TrackPointExtension>
        </extensions>
      </trkpt>
      <trkpt lat="43.71918409131467342376708984375" lon="7.309225760400295257568359375">
        <ele>319.399993896484375</ele>
        <time>2026-02-22T11:47:35.000Z</time>
        <extensions>
          <ns3:TrackPointExtension>
            <ns3:hr>122</ns3:hr>
          </ns3:TrackPointExtension>
        </extensions>
      </trkpt>
      <trkpt lat="43.7192237377166748046875" lon="7.3091335594654083251953125">
        <ele>318.600006103515625</ele>
        <time>2026-02-22T11:47:36.000Z</time>
        <extensions>
          <ns3:TrackPointExtension>
            <ns3:hr>123</ns3:hr>
          </ns3:TrackPointExtension>
        </extensions>
      </trkpt>
      <trkpt lat="43.71934376657009124755859375" lon="7.308865673840045928955078125">
        <ele>317.399993896484375</ele>
        <time>2026-02-22T11:47:39.000Z</time>
        <extensions>
          <ns3:TrackPointExtension>
            <ns3:hr>123</ns3:hr>
          </ns3:TrackPointExtension>
        </extensions>
      </trkpt>
      <trkpt lat="43.7193747796118259429931640625" lon="7.30877456255257129669189453125">
        <ele>317.399993896484375</ele>
        <time>2026-02-22T11:47:40.000Z</time>
        <extensions>
          <ns3:TrackPointExtension>
            <ns3:hr>123</ns3:hr>
          </ns3:TrackPointExtension>
        </extensions>
      </trkpt>
      <trkpt lat="43.71939397417008876800537109375" lon="7.30867414735257625579833984375">
        <ele>317.399993896484375</ele>
        <time>2026-02-22T11:47:41.000Z</time>
        <extensions>
          <ns3:TrackPointExtension>
            <ns3:hr>123</ns3:hr>
          </ns3:TrackPointExtension>
        </extensions>
      </trkpt>
      <trkpt lat="43.71940411627292633056640625" lon="7.3085711337625980377197265625">
        <ele>317.20001220703125</ele>
        <time>2026-02-22T11:47:42.000Z</time>
        <extensions>
          <ns3:TrackPointExtension>
            <ns3:hr>122</ns3:hr>
          </ns3:TrackPointExtension>
        </extensions>
      </trkpt>
      <trkpt lat="43.7193637154996395111083984375" lon="7.3083572275936603546142578125">
        <ele>316.79998779296875</ele>
        <time>2026-02-22T11:47:44.000Z</time>
        <extensions>
          <ns3:TrackPointExtension>
            <ns3:hr>121</ns3:hr>
          </ns3:TrackPointExtension>
        </extensions>
      </trkpt>
      <trkpt lat="43.71925248764455318450927734375" lon="7.30805505998432636260986328125">
        <ele>316</ele>
        <time>2026-02-22T11:47:47.000Z</time>
        <extensions>
          <ns3:TrackPointExtension>
            <ns3:hr>120</ns3:hr>
          </ns3:TrackPointExtension>
        </extensions>
      </trkpt>
      <trkpt lat="43.719210326671600341796875" lon="7.30795581825077533721923828125">
        <ele>314.79998779296875</ele>
        <time>2026-02-22T11:47:48.000Z</time>
        <extensions>
          <ns3:TrackPointExtension>
            <ns3:hr>119</ns3:hr>
          </ns3:TrackPointExtension>
        </extensions>
      </trkpt>
      <trkpt lat="43.719069845974445343017578125" lon="7.3076658882200717926025390625">
        <ele>313.600006103515625</ele>
        <time>2026-02-22T11:47:51.000Z</time>
        <extensions>
          <ns3:TrackPointExtension>
            <ns3:hr>119</ns3:hr>
          </ns3:TrackPointExtension>
        </extensions>
      </trkpt>
      <trkpt lat="43.7190319597721099853515625" lon="7.30756019242107868194580078125">
        <ele>313.399993896484375</ele>
        <time>2026-02-22T11:47:52.000Z</time>
        <extensions>
          <ns3:TrackPointExtension>
            <ns3:hr>119</ns3:hr>
          </ns3:TrackPointExtension>
        </extensions>
      </trkpt>
      <trkpt lat="43.71900580823421478271484375" lon="7.3074503056704998016357421875">
        <ele>313.20001220703125</ele>
        <time>2026-02-22T11:47:53.000Z</time>
        <extensions>
          <ns3:TrackPointExtension>
            <ns3:hr>118</ns3:hr>
          </ns3:TrackPointExtension>
        </extensions>
      </trkpt>
      <trkpt lat="43.71899373829364776611328125" lon="7.30733388103544712066650390625">
        <ele>312.600006103515625</ele>
        <time>2026-02-22T11:47:54.000Z</time>
        <extensions>
          <ns3:TrackPointExtension>
            <ns3:hr>118</ns3:hr>
          </ns3:TrackPointExtension>
        </extensions>
      </trkpt>
      <trkpt lat="43.71900605969130992889404296875" lon="7.30710052885115146636962890625">
        <ele>311.399993896484375</ele>
        <time>2026-02-22T11:47:56.000Z</time>
        <extensions>
          <ns3:TrackPointExtension>
            <ns3:hr>118</ns3:hr>
          </ns3:TrackPointExtension>
        </extensions>
      </trkpt>
      <trkpt lat="43.71906825341284275054931640625" lon="7.30688561685383319854736328125">
        <ele>310.20001220703125</ele>
        <time>2026-02-22T11:47:58.000Z</time>
        <extensions>
          <ns3:TrackPointExtension>
            <ns3:hr>118</ns3:hr>
          </ns3:TrackPointExtension>
        </extensions>
      </trkpt>
      <trkpt lat="43.7191112525761127471923828125" lon="7.30678419582545757293701171875">
        <ele>310</ele>
        <time>2026-02-22T11:47:59.000Z</time>
        <extensions>
          <ns3:TrackPointExtension>
            <ns3:hr>118</ns3:hr>
          </ns3:TrackPointExtension>
        </extensions>
      </trkpt>
      <trkpt lat="43.7191615439951419830322265625" lon="7.306687049567699432373046875">
        <ele>309.399993896484375</ele>
        <time>2026-02-22T11:48:00.000Z</time>
        <extensions>
          <ns3:TrackPointExtension>
            <ns3:hr>117</ns3:hr>
          </ns3:TrackPointExtension>
        </extensions>
      </trkpt>
      <trkpt lat="43.71921979822218418121337890625" lon="7.306594513356685638427734375">
        <ele>309</ele>
        <time>2026-02-22T11:48:01.000Z</time>
        <extensions>
          <ns3:TrackPointExtension>
            <ns3:hr>117</ns3:hr>
          </ns3:TrackPointExtension>
        </extensions>
      </trkpt>
      <trkpt lat="43.71933496557176113128662109375" lon="7.3064287193119525909423828125">
        <ele>308.600006103515625</ele>
        <time>2026-02-22T11:48:03.000Z</time>
        <extensions>
          <ns3:TrackPointExtension>
            <ns3:hr>117</ns3:hr>
          </ns3:TrackPointExtension>
        </extensions>
      </trkpt>
      <trkpt lat="43.71961307711899280548095703125" lon="7.30601708404719829559326171875">
        <ele>307.600006103515625</ele>
        <time>2026-02-22T11:48:07.000Z</time>
        <extensions>
          <ns3:TrackPointExtension>
            <ns3:hr>118</ns3:hr>
          </ns3:TrackPointExtension>
        </extensions>
      </trkpt>
      <trkpt lat="43.7197454273700714111328125" lon="7.305819354951381683349609375">
        <ele>306.79998779296875</ele>
        <time>2026-02-22T11:48:09.000Z</time>
        <extensions>
          <ns3:TrackPointExtension>
            <ns3:hr>119</ns3:hr>
          </ns3:TrackPointExtension>
        </extensions>
      </trkpt>
      <trkpt lat="43.71986570768058300018310546875" lon="7.305626235902309417724609375">
        <ele>306.399993896484375</ele>
        <time>2026-02-22T11:48:11.000Z</time>
        <extensions>
          <ns3:TrackPointExtension>
            <ns3:hr>118</ns3:hr>
          </ns3:TrackPointExtension>
        </extensions>
      </trkpt>
      <trkpt lat="43.72004658915102481842041015625" lon="7.3053749464452266693115234375">
        <ele>304.79998779296875</ele>
        <time>2026-02-22T11:48:14.000Z</time>
        <extensions>
          <ns3:TrackPointExtension>
            <ns3:hr>119</ns3:hr>
          </ns3:TrackPointExtension>
        </extensions>
      </trkpt>
      <trkpt lat="43.7201915122568607330322265625" lon="7.3052411712706089019775390625">
        <ele>303.600006103515625</ele>
        <time>2026-02-22T11:48:16.000Z</time>
        <extensions>
          <ns3:TrackPointExtension>
            <ns3:hr>120</ns3:hr>
          </ns3:TrackPointExtension>
        </extensions>
      </trkpt>
      <trkpt lat="43.72042201459407806396484375" lon="7.30505567975342273712158203125">
        <ele>302.600006103515625</ele>
        <time>2026-02-22T11:48:19.000Z</time>
        <extensions>
          <ns3:TrackPointExtension>
            <ns3:hr>121</ns3:hr>
          </ns3:TrackPointExtension>
        </extensions>
      </trkpt>
      <trkpt lat="43.7204939313232898712158203125" lon="7.304997257888317108154296875">
        <ele>302.399993896484375</ele>
        <time>2026-02-22T11:48:20.000Z</time>
        <extensions>
          <ns3:TrackPointExtension>
            <ns3:hr>122</ns3:hr>
          </ns3:TrackPointExtension>
        </extensions>
      </trkpt>
      <trkpt lat="43.72068621218204498291015625" lon="7.3048136942088603973388671875">
        <ele>301.399993896484375</ele>
        <time>2026-02-22T11:48:23.000Z</time>
        <extensions>
          <ns3:TrackPointExtension>
            <ns3:hr>124</ns3:hr>
          </ns3:TrackPointExtension>
        </extensions>
      </trkpt>
      <trkpt lat="43.72080112807452678680419921875" lon="7.30470850132405757904052734375">
        <ele>300.79998779296875</ele>
        <time>2026-02-22T11:48:25.000Z</time>
        <extensions>
          <ns3:TrackPointExtension>
            <ns3:hr>125</ns3:hr>
          </ns3:TrackPointExtension>
        </extensions>
      </trkpt>
      <trkpt lat="43.72084915637969970703125" lon="7.304655946791172027587890625">
        <ele>300</ele>
        <time>2026-02-22T11:48:26.000Z</time>
        <extensions>
          <ns3:TrackPointExtension>
            <ns3:hr>125</ns3:hr>
          </ns3:TrackPointExtension>
        </extensions>
      </trkpt>
      <trkpt lat="43.7209250964224338531494140625" lon="7.304515801370143890380859375">
        <ele>299</ele>
        <time>2026-02-22T11:48:28.000Z</time>
        <extensions>
          <ns3:TrackPointExtension>
            <ns3:hr>128</ns3:hr>
          </ns3:TrackPointExtension>
        </extensions>
      </trkpt>
      <trkpt lat="43.72094714082777500152587890625" lon="7.30433751828968524932861328125">
        <ele>298.399993896484375</ele>
        <time>2026-02-22T11:48:30.000Z</time>
        <extensions>
          <ns3:TrackPointExtension>
            <ns3:hr>131</ns3:hr>
          </ns3:TrackPointExtension>
        </extensions>
      </trkpt>
      <trkpt lat="43.72094630263745784759521484375" lon="7.3042358458042144775390625">
        <ele>298</ele>
        <time>2026-02-22T11:48:31.000Z</time>
        <extensions>
          <ns3:TrackPointExtension>
            <ns3:hr>131</ns3:hr>
          </ns3:TrackPointExtension>
        </extensions>
      </trkpt>
      <trkpt lat="43.7209438718855381011962890625" lon="7.3041290603578090667724609375">
        <ele>298</ele>
        <time>2026-02-22T11:48:32.000Z</time>
        <extensions>
          <ns3:TrackPointExtension>
            <ns3:hr>131</ns3:hr>
          </ns3:TrackPointExtension>
        </extensions>
      </trkpt>
      <trkpt lat="43.7209415249526500701904296875" lon="7.30392714031040668487548828125">
        <ele>296.79998779296875</ele>
        <time>2026-02-22T11:48:34.000Z</time>
        <extensions>
          <ns3:TrackPointExtension>
            <ns3:hr>130</ns3:hr>
          </ns3:TrackPointExtension>
        </extensions>
      </trkpt>
      <trkpt lat="43.7209378369152545928955078125" lon="7.30368071235716342926025390625">
        <ele>296.20001220703125</ele>
        <time>2026-02-22T11:48:36.000Z</time>
        <extensions>
          <ns3:TrackPointExtension>
            <ns3:hr>129</ns3:hr>
          </ns3:TrackPointExtension>
        </extensions>
      </trkpt>
      <trkpt lat="43.7209361605346202850341796875" lon="7.30357342399656772613525390625">
        <ele>295.600006103515625</ele>
        <time>2026-02-22T11:48:37.000Z</time>
        <extensions>
          <ns3:TrackPointExtension>
            <ns3:hr>129</ns3:hr>
          </ns3:TrackPointExtension>
        </extensions>
      </trkpt>
      <trkpt lat="43.72094395570456981658935546875" lon="7.30337426997721195220947265625">
        <ele>294.79998779296875</ele>
        <time>2026-02-22T11:48:39.000Z</time>
        <extensions>
          <ns3:TrackPointExtension>
            <ns3:hr>128</ns3:hr>
          </ns3:TrackPointExtension>
        </extensions>
      </trkpt>
      <trkpt lat="43.72096977196633815765380859375" lon="7.30327871628105640411376953125">
        <ele>294.20001220703125</ele>
        <time>2026-02-22T11:48:40.000Z</time>
        <extensions>
          <ns3:TrackPointExtension>
            <ns3:hr>128</ns3:hr>
          </ns3:TrackPointExtension>
        </extensions>
      </trkpt>
      <trkpt lat="43.7210166268050670623779296875" lon="7.30319791473448276519775390625">
        <ele>293.399993896484375</ele>
        <time>2026-02-22T11:48:41.000Z</time>
        <extensions>
          <ns3:TrackPointExtension>
            <ns3:hr>128</ns3:hr>
          </ns3:TrackPointExtension>
        </extensions>
      </trkpt>
      <trkpt lat="43.7211440317332744598388671875" lon="7.30309347622096538543701171875">
        <ele>293.20001220703125</ele>
        <time>2026-02-22T11:48:43.000Z</time>
        <extensions>
          <ns3:TrackPointExtension>
            <ns3:hr>128</ns3:hr>
          </ns3:TrackPointExtension>
        </extensions>
      </trkpt>
      <trkpt lat="43.7212955765426158905029296875" lon="7.30310194194316864013671875">
        <ele>292.600006103515625</ele>
        <time>2026-02-22T11:48:45.000Z</time>
        <extensions>
          <ns3:TrackPointExtension>
            <ns3:hr>129</ns3:hr>
          </ns3:TrackPointExtension>
        </extensions>
      </trkpt>
      <trkpt lat="43.72136975638568401336669921875" lon="7.30313354171812534332275390625">
        <ele>292.600006103515625</ele>
        <time>2026-02-22T11:48:46.000Z</time>
        <extensions>
          <ns3:TrackPointExtension>
            <ns3:hr>129</ns3:hr>
          </ns3:TrackPointExtension>
        </extensions>
      </trkpt>
      <trkpt lat="43.721440248191356658935546875" lon="7.30317830108106136322021484375">
        <ele>292.399993896484375</ele>
        <time>2026-02-22T11:48:47.000Z</time>
        <extensions>
          <ns3:TrackPointExtension>
            <ns3:hr>130</ns3:hr>
          </ns3:TrackPointExtension>
        </extensions>
      </trkpt>
      <trkpt lat="43.72157041914761066436767578125" lon="7.3032955639064311981201171875">
        <ele>291</ele>
        <time>2026-02-22T11:48:49.000Z</time>
        <extensions>
          <ns3:TrackPointExtension>
            <ns3:hr>128</ns3:hr>
          </ns3:TrackPointExtension>
        </extensions>
      </trkpt>
      <trkpt lat="43.72171743772923946380615234375" lon="7.303412072360515594482421875">
        <ele>290.600006103515625</ele>
        <time>2026-02-22T11:48:51.000Z</time>
        <extensions>
          <ns3:TrackPointExtension>
            <ns3:hr>127</ns3:hr>
          </ns3:TrackPointExtension>
        </extensions>
      </trkpt>
      <trkpt lat="43.721876107156276702880859375" lon="7.3035201989114284515380859375">
        <ele>289.600006103515625</ele>
        <time>2026-02-22T11:48:53.000Z</time>
        <extensions>
          <ns3:TrackPointExtension>
            <ns3:hr>126</ns3:hr>
          </ns3:TrackPointExtension>
        </extensions>
      </trkpt>
      <trkpt lat="43.722120188176631927490234375" lon="7.3036942072212696075439453125">
        <ele>288.399993896484375</ele>
        <time>2026-02-22T11:48:56.000Z</time>
        <extensions>
          <ns3:TrackPointExtension>
            <ns3:hr>127</ns3:hr>
          </ns3:TrackPointExtension>
        </extensions>
      </trkpt>
      <trkpt lat="43.722199313342571258544921875" lon="7.30374525301158428192138671875">
        <ele>288.20001220703125</ele>
        <time>2026-02-22T11:48:57.000Z</time>
        <extensions>
          <ns3:TrackPointExtension>
            <ns3:hr>128</ns3:hr>
          </ns3:TrackPointExtension>
        </extensions>
      </trkpt>
      <trkpt lat="43.7226158939301967620849609375" lon="7.3038843087852001190185546875">
        <ele>287.600006103515625</ele>
        <time>2026-02-22T11:49:02.000Z</time>
        <extensions>
          <ns3:TrackPointExtension>
            <ns3:hr>128</ns3:hr>
          </ns3:TrackPointExtension>
        </extensions>
      </trkpt>
      <trkpt lat="43.72269845567643642425537109375" lon="7.30388942174613475799560546875">
        <ele>287.20001220703125</ele>
        <time>2026-02-22T11:49:03.000Z</time>
        <extensions>
          <ns3:TrackPointExtension>
            <ns3:hr>127</ns3:hr>
          </ns3:TrackPointExtension>
        </extensions>
      </trkpt>
      <trkpt lat="43.72285184450447559356689453125" lon="7.303883135318756103515625">
        <ele>286.399993896484375</ele>
        <time>2026-02-22T11:49:05.000Z</time>
        <extensions>
          <ns3:TrackPointExtension>
            <ns3:hr>127</ns3:hr>
          </ns3:TrackPointExtension>
        </extensions>
      </trkpt>
      <trkpt lat="43.7229504995048046112060546875" lon="7.303857989609241485595703125">
        <ele>286</ele>
        <time>2026-02-22T11:49:06.000Z</time>
        <extensions>
          <ns3:TrackPointExtension>
            <ns3:hr>128</ns3:hr>
          </ns3:TrackPointExtension>
        </extensions>
      </trkpt>
      <trkpt lat="43.72350948862731456756591796875" lon="7.3036248050630092620849609375">
        <ele>285.399993896484375</ele>
        <time>2026-02-22T11:49:13.000Z</time>
        <extensions>
          <ns3:TrackPointExtension>
            <ns3:hr>130</ns3:hr>
          </ns3:TrackPointExtension>
        </extensions>
      </trkpt>
      <trkpt lat="43.7235902063548564910888671875" lon="7.3035996593534946441650390625">
        <ele>285.399993896484375</ele>
        <time>2026-02-22T11:49:14.000Z</time>
        <extensions>
          <ns3:TrackPointExtension>
            <ns3:hr>130</ns3:hr>
          </ns3:TrackPointExtension>
        </extensions>
      </trkpt>
      <trkpt lat="43.723746947944164276123046875" lon="7.3035456798970699310302734375">
        <ele>285</ele>
        <time>2026-02-22T11:49:16.000Z</time>
        <extensions>
          <ns3:TrackPointExtension>
            <ns3:hr>130</ns3:hr>
          </ns3:TrackPointExtension>
        </extensions>
      </trkpt>
      <trkpt lat="43.72388768009841442108154296875" lon="7.3034727573394775390625">
        <ele>285</ele>
        <time>2026-02-22T11:49:18.000Z</time>
        <extensions>
          <ns3:TrackPointExtension>
            <ns3:hr>129</ns3:hr>
          </ns3:TrackPointExtension>
        </extensions>
      </trkpt>
      <trkpt lat="43.72395071201026439666748046875" lon="7.303427495062351226806640625">
        <ele>284.79998779296875</ele>
        <time>2026-02-22T11:49:19.000Z</time>
        <extensions>
          <ns3:TrackPointExtension>
            <ns3:hr>129</ns3:hr>
          </ns3:TrackPointExtension>
        </extensions>
      </trkpt>
      <trkpt lat="43.72413360513746738433837890625" lon="7.3033225536346435546875">
        <ele>284.20001220703125</ele>
        <time>2026-02-22T11:49:22.000Z</time>
        <extensions>
          <ns3:TrackPointExtension>
            <ns3:hr>129</ns3:hr>
          </ns3:TrackPointExtension>
        </extensions>
      </trkpt>
      <trkpt lat="43.72425631619989871978759765625" lon="7.3033069632947444915771484375">
        <ele>283.79998779296875</ele>
        <time>2026-02-22T11:49:24.000Z</time>
        <extensions>
          <ns3:TrackPointExtension>
            <ns3:hr>130</ns3:hr>
          </ns3:TrackPointExtension>
        </extensions>
      </trkpt>
      <trkpt lat="43.72434332035481929779052734375" lon="7.3033109866082668304443359375">
        <ele>283.399993896484375</ele>
        <time>2026-02-22T11:49:25.000Z</time>
        <extensions>
          <ns3:TrackPointExtension>
            <ns3:hr>130</ns3:hr>
          </ns3:TrackPointExtension>
        </extensions>
      </trkpt>
      <trkpt lat="43.7244151532649993896484375" lon="7.30332456529140472412109375">
        <ele>282.399993896484375</ele>
        <time>2026-02-22T11:49:26.000Z</time>
        <extensions>
          <ns3:TrackPointExtension>
            <ns3:hr>130</ns3:hr>
          </ns3:TrackPointExtension>
        </extensions>
      </trkpt>
      <trkpt lat="43.724642805755138397216796875" lon="7.30336370877921581268310546875">
        <ele>282.20001220703125</ele>
        <time>2026-02-22T11:49:29.000Z</time>
        <extensions>
          <ns3:TrackPointExtension>
            <ns3:hr>131</ns3:hr>
          </ns3:TrackPointExtension>
        </extensions>
      </trkpt>
      <trkpt lat="43.7250266969203948974609375" lon="7.30335163883864879608154296875">
        <ele>282.20001220703125</ele>
        <time>2026-02-22T11:49:34.000Z</time>
        <extensions>
          <ns3:TrackPointExtension>
            <ns3:hr>133</ns3:hr>
          </ns3:TrackPointExtension>
        </extensions>
      </trkpt>
      <trkpt lat="43.7251629866659641265869140625" lon="7.30326765216886997222900390625">
        <ele>282</ele>
        <time>2026-02-22T11:49:36.000Z</time>
        <extensions>
          <ns3:TrackPointExtension>
            <ns3:hr>134</ns3:hr>
          </ns3:TrackPointExtension>
        </extensions>
      </trkpt>
      <trkpt lat="43.72522157616913318634033203125" lon="7.3031990043818950653076171875">
        <ele>281.600006103515625</ele>
        <time>2026-02-22T11:49:37.000Z</time>
        <extensions>
          <ns3:TrackPointExtension>
            <ns3:hr>133</ns3:hr>
          </ns3:TrackPointExtension>
        </extensions>
      </trkpt>
      <trkpt lat="43.7253504060208797454833984375" lon="7.30305693112313747406005859375">
        <ele>281.20001220703125</ele>
        <time>2026-02-22T11:49:39.000Z</time>
        <extensions>
          <ns3:TrackPointExtension>
            <ns3:hr>133</ns3:hr>
          </ns3:TrackPointExtension>
        </extensions>
      </trkpt>
      <trkpt lat="43.7255110032856464385986328125" lon="7.3029904626309871673583984375">
        <ele>281</ele>
        <time>2026-02-22T11:49:41.000Z</time>
        <extensions>
          <ns3:TrackPointExtension>
            <ns3:hr>134</ns3:hr>
          </ns3:TrackPointExtension>
        </extensions>
      </trkpt>
      <trkpt lat="43.72584703378379344940185546875" lon="7.3030015267431735992431640625">
        <ele>280.600006103515625</ele>
        <time>2026-02-22T11:49:45.000Z</time>
        <extensions>
          <ns3:TrackPointExtension>
            <ns3:hr>134</ns3:hr>
          </ns3:TrackPointExtension>
        </extensions>
      </trkpt>
      <trkpt lat="43.72610888443887233734130859375" lon="7.3030461184680461883544921875">
        <ele>280.20001220703125</ele>
        <time>2026-02-22T11:49:48.000Z</time>
        <extensions>
          <ns3:TrackPointExtension>
            <ns3:hr>134</ns3:hr>
          </ns3:TrackPointExtension>
        </extensions>
      </trkpt>
      <trkpt lat="43.7261976487934589385986328125" lon="7.30308408848941326141357421875">
        <ele>280</ele>
        <time>2026-02-22T11:49:49.000Z</time>
        <extensions>
          <ns3:TrackPointExtension>
            <ns3:hr>135</ns3:hr>
          </ns3:TrackPointExtension>
        </extensions>
      </trkpt>
      <trkpt lat="43.726590089499950408935546875" lon="7.3033131659030914306640625">
        <ele>279.600006103515625</ele>
        <time>2026-02-22T11:49:54.000Z</time>
        <extensions>
          <ns3:TrackPointExtension>
            <ns3:hr>136</ns3:hr>
          </ns3:TrackPointExtension>
        </extensions>
      </trkpt>
      <trkpt lat="43.7268873117864131927490234375" lon="7.30341307818889617919921875">
        <ele>278.79998779296875</ele>
        <time>2026-02-22T11:49:58.000Z</time>
        <extensions>
          <ns3:TrackPointExtension>
            <ns3:hr>135</ns3:hr>
          </ns3:TrackPointExtension>
        </extensions>
      </trkpt>
      <trkpt lat="43.7269630841910839080810546875" lon="7.30341986753046512603759765625">
        <ele>278.399993896484375</ele>
        <time>2026-02-22T11:49:59.000Z</time>
        <extensions>
          <ns3:TrackPointExtension>
            <ns3:hr>135</ns3:hr>
          </ns3:TrackPointExtension>
        </extensions>
      </trkpt>
      <trkpt lat="43.72704447247087955474853515625" lon="7.30341576039791107177734375">
        <ele>278.399993896484375</ele>
        <time>2026-02-22T11:50:00.000Z</time>
        <extensions>
          <ns3:TrackPointExtension>
            <ns3:hr>134</ns3:hr>
          </ns3:TrackPointExtension>
        </extensions>
      </trkpt>
      <trkpt lat="43.72728201560676097869873046875" lon="7.3033565841615200042724609375">
        <ele>278.600006103515625</ele>
        <time>2026-02-22T11:50:03.000Z</time>
        <extensions>
          <ns3:TrackPointExtension>
            <ns3:hr>134</ns3:hr>
          </ns3:TrackPointExtension>
        </extensions>
      </trkpt>
      <trkpt lat="43.7276577763259410858154296875" lon="7.30314410291612148284912109375">
        <ele>279</ele>
        <time>2026-02-22T11:50:08.000Z</time>
        <extensions>
          <ns3:TrackPointExtension>
            <ns3:hr>136</ns3:hr>
          </ns3:TrackPointExtension>
        </extensions>
      </trkpt>
      <trkpt lat="43.72812842018902301788330078125" lon="7.3028759658336639404296875">
        <ele>279</ele>
        <time>2026-02-22T11:50:15.000Z</time>
        <extensions>
          <ns3:TrackPointExtension>
            <ns3:hr>136</ns3:hr>
          </ns3:TrackPointExtension>
        </extensions>
      </trkpt>
      <trkpt lat="43.72819949872791767120361328125" lon="7.302856184542179107666015625">
        <ele>279</ele>
        <time>2026-02-22T11:50:16.000Z</time>
        <extensions>
          <ns3:TrackPointExtension>
            <ns3:hr>136</ns3:hr>
          </ns3:TrackPointExtension>
        </extensions>
      </trkpt>
      <trkpt lat="43.72850007377564907073974609375" lon="7.3028221540153026580810546875">
        <ele>278.20001220703125</ele>
        <time>2026-02-22T11:50:20.000Z</time>
        <extensions>
          <ns3:TrackPointExtension>
            <ns3:hr>138</ns3:hr>
          </ns3:TrackPointExtension>
        </extensions>
      </trkpt>
      <trkpt lat="43.728718422353267669677734375" lon="7.30281955562531948089599609375">
        <ele>277.79998779296875</ele>
        <time>2026-02-22T11:50:23.000Z</time>
        <extensions>
          <ns3:TrackPointExtension>
            <ns3:hr>138</ns3:hr>
          </ns3:TrackPointExtension>
        </extensions>
      </trkpt>
      <trkpt lat="43.7289298139512538909912109375" lon="7.30280547402799129486083984375">
        <ele>277.399993896484375</ele>
        <time>2026-02-22T11:50:26.000Z</time>
        <extensions>
          <ns3:TrackPointExtension>
            <ns3:hr>139</ns3:hr>
          </ns3:TrackPointExtension>
        </extensions>
      </trkpt>
      <trkpt lat="43.729546554386615753173828125" lon="7.30279457755386829376220703125">
        <ele>277</ele>
        <time>2026-02-22T11:50:34.000Z</time>
        <extensions>
          <ns3:TrackPointExtension>
            <ns3:hr>139</ns3:hr>
          </ns3:TrackPointExtension>
        </extensions>
      </trkpt>
      <trkpt lat="43.729690052568912506103515625" lon="7.302766330540180206298828125">
        <ele>277.20001220703125</ele>
        <time>2026-02-22T11:50:36.000Z</time>
        <extensions>
          <ns3:TrackPointExtension>
            <ns3:hr>140</ns3:hr>
          </ns3:TrackPointExtension>
        </extensions>
      </trkpt>
      <trkpt lat="43.72981267981231212615966796875" lon="7.30269835330545902252197265625">
        <ele>277.20001220703125</ele>
        <time>2026-02-22T11:50:38.000Z</time>
        <extensions>
          <ns3:TrackPointExtension>
            <ns3:hr>140</ns3:hr>
          </ns3:TrackPointExtension>
        </extensions>
      </trkpt>
      <trkpt lat="43.72988677583634853363037109375" lon="7.30255451984703540802001953125">
        <ele>277</ele>
        <time>2026-02-22T11:50:40.000Z</time>
        <extensions>
          <ns3:TrackPointExtension>
            <ns3:hr>140</ns3:hr>
          </ns3:TrackPointExtension>
        </extensions>
      </trkpt>
      <trkpt lat="43.72990840114653110504150390625" lon="7.302466928958892822265625">
        <ele>276.79998779296875</ele>
        <time>2026-02-22T11:50:41.000Z</time>
        <extensions>
          <ns3:TrackPointExtension>
            <ns3:hr>140</ns3:hr>
          </ns3:TrackPointExtension>
        </extensions>
      </trkpt>
      <trkpt lat="43.7299125082790851593017578125" lon="7.30236693285405635833740234375">
        <ele>276.600006103515625</ele>
        <time>2026-02-22T11:50:42.000Z</time>
        <extensions>
          <ns3:TrackPointExtension>
            <ns3:hr>139</ns3:hr>
          </ns3:TrackPointExtension>
        </extensions>
      </trkpt>
      <trkpt lat="43.72991275973618030548095703125" lon="7.30202595703303813934326171875">
        <ele>275.600006103515625</ele>
        <time>2026-02-22T11:50:45.000Z</time>
        <extensions>
          <ns3:TrackPointExtension>
            <ns3:hr>139</ns3:hr>
          </ns3:TrackPointExtension>
        </extensions>
      </trkpt>
      <trkpt lat="43.7298814952373504638671875" lon="7.3017811216413974761962890625">
        <ele>274.20001220703125</ele>
        <time>2026-02-22T11:50:47.000Z</time>
        <extensions>
          <ns3:TrackPointExtension>
            <ns3:hr>139</ns3:hr>
          </ns3:TrackPointExtension>
        </extensions>
      </trkpt>
      <trkpt lat="43.72982458211481571197509765625" lon="7.3015294969081878662109375">
        <ele>273.20001220703125</ele>
        <time>2026-02-22T11:50:49.000Z</time>
        <extensions>
          <ns3:TrackPointExtension>
            <ns3:hr>141</ns3:hr>
          </ns3:TrackPointExtension>
        </extensions>
      </trkpt>
      <trkpt lat="43.729788623750209808349609375" lon="7.3014039359986782073974609375">
        <ele>272</ele>
        <time>2026-02-22T11:50:50.000Z</time>
        <extensions>
          <ns3:TrackPointExtension>
            <ns3:hr>141</ns3:hr>
          </ns3:TrackPointExtension>
        </extensions>
      </trkpt>
      <trkpt lat="43.7296654097735881805419921875" lon="7.30103270150721073150634765625">
        <ele>270.399993896484375</ele>
        <time>2026-02-22T11:50:53.000Z</time>
        <extensions>
          <ns3:TrackPointExtension>
            <ns3:hr>141</ns3:hr>
          </ns3:TrackPointExtension>
        </extensions>
      </trkpt>
      <trkpt lat="43.7295943312346935272216796875" lon="7.300836481153964996337890625">
        <ele>269</ele>
        <time>2026-02-22T11:50:55.000Z</time>
        <extensions>
          <ns3:TrackPointExtension>
            <ns3:hr>141</ns3:hr>
          </ns3:TrackPointExtension>
        </extensions>
      </trkpt>
      <trkpt lat="43.72954177670180797576904296875" lon="7.30063556693494319915771484375">
        <ele>267.20001220703125</ele>
        <time>2026-02-22T11:50:57.000Z</time>
        <extensions>
          <ns3:TrackPointExtension>
            <ns3:hr>141</ns3:hr>
          </ns3:TrackPointExtension>
        </extensions>
      </trkpt>
      <trkpt lat="43.729503639042377471923828125" lon="7.30043741874396800994873046875">
        <ele>265.600006103515625</ele>
        <time>2026-02-22T11:50:59.000Z</time>
        <extensions>
          <ns3:TrackPointExtension>
            <ns3:hr>140</ns3:hr>
          </ns3:TrackPointExtension>
        </extensions>
      </trkpt>
      <trkpt lat="43.72951093129813671112060546875" lon="7.30033214204013347625732421875">
        <ele>265</ele>
        <time>2026-02-22T11:51:00.000Z</time>
        <extensions>
          <ns3:TrackPointExtension>
            <ns3:hr>139</ns3:hr>
          </ns3:TrackPointExtension>
        </extensions>
      </trkpt>
      <trkpt lat="43.7295463867485523223876953125" lon="7.3002098500728607177734375">
        <ele>264.600006103515625</ele>
        <time>2026-02-22T11:51:01.000Z</time>
        <extensions>
          <ns3:TrackPointExtension>
            <ns3:hr>139</ns3:hr>
          </ns3:TrackPointExtension>
        </extensions>
      </trkpt>
      <trkpt lat="43.7295998632907867431640625" lon="7.30011555366218090057373046875">
        <ele>263.600006103515625</ele>
        <time>2026-02-22T11:51:02.000Z</time>
        <extensions>
          <ns3:TrackPointExtension>
            <ns3:hr>138</ns3:hr>
          </ns3:TrackPointExtension>
        </extensions>
      </trkpt>
      <trkpt lat="43.7296627275645732879638671875" lon="7.30001999996602535247802734375">
        <ele>262.79998779296875</ele>
        <time>2026-02-22T11:51:03.000Z</time>
        <extensions>
          <ns3:TrackPointExtension>
            <ns3:hr>138</ns3:hr>
          </ns3:TrackPointExtension>
        </extensions>
      </trkpt>
      <trkpt lat="43.7297254242002964019775390625" lon="7.2999260388314723968505859375">
        <ele>262.20001220703125</ele>
        <time>2026-02-22T11:51:04.000Z</time>
        <extensions>
          <ns3:TrackPointExtension>
            <ns3:hr>136</ns3:hr>
          </ns3:TrackPointExtension>
        </extensions>
      </trkpt>
      <trkpt lat="43.7298615463078022003173828125" lon="7.2997439838945865631103515625">
        <ele>261.399993896484375</ele>
        <time>2026-02-22T11:51:06.000Z</time>
        <extensions>
          <ns3:TrackPointExtension>
            <ns3:hr>133</ns3:hr>
          </ns3:TrackPointExtension>
        </extensions>
      </trkpt>
      <trkpt lat="43.72992332093417644500732421875" lon="7.29965086095035076141357421875">
        <ele>260.79998779296875</ele>
        <time>2026-02-22T11:51:07.000Z</time>
        <extensions>
          <ns3:TrackPointExtension>
            <ns3:hr>132</ns3:hr>
          </ns3:TrackPointExtension>
        </extensions>
      </trkpt>
      <trkpt lat="43.72998216189444065093994140625" lon="7.2995599173009395599365234375">
        <ele>260</ele>
        <time>2026-02-22T11:51:08.000Z</time>
        <extensions>
          <ns3:TrackPointExtension>
            <ns3:hr>131</ns3:hr>
          </ns3:TrackPointExtension>
        </extensions>
      </trkpt>
      <trkpt lat="43.73003982938826084136962890625" lon="7.29946947656571865081787109375">
        <ele>259.20001220703125</ele>
        <time>2026-02-22T11:51:09.000Z</time>
        <extensions>
          <ns3:TrackPointExtension>
            <ns3:hr>130</ns3:hr>
          </ns3:TrackPointExtension>
        </extensions>
      </trkpt>
      <trkpt lat="43.73015516437590122222900390625" lon="7.29929278604686260223388671875">
        <ele>257.79998779296875</ele>
        <time>2026-02-22T11:51:11.000Z</time>
        <extensions>
          <ns3:TrackPointExtension>
            <ns3:hr>130</ns3:hr>
          </ns3:TrackPointExtension>
        </extensions>
      </trkpt>
      <trkpt lat="43.73021367006003856658935546875" lon="7.2992051951587200164794921875">
        <ele>256.79998779296875</ele>
        <time>2026-02-22T11:51:12.000Z</time>
        <extensions>
          <ns3:TrackPointExtension>
            <ns3:hr>130</ns3:hr>
          </ns3:TrackPointExtension>
        </extensions>
      </trkpt>
      <trkpt lat="43.730271421372890472412109375" lon="7.29911886155605316162109375">
        <ele>256</ele>
        <time>2026-02-22T11:51:13.000Z</time>
        <extensions>
          <ns3:TrackPointExtension>
            <ns3:hr>130</ns3:hr>
          </ns3:TrackPointExtension>
        </extensions>
      </trkpt>
      <trkpt lat="43.73032615520060062408447265625" lon="7.2990315221250057220458984375">
        <ele>255.399993896484375</ele>
        <time>2026-02-22T11:51:14.000Z</time>
        <extensions>
          <ns3:TrackPointExtension>
            <ns3:hr>130</ns3:hr>
          </ns3:TrackPointExtension>
        </extensions>
      </trkpt>
      <trkpt lat="43.73043847270309925079345703125" lon="7.298860363662242889404296875">
        <ele>253.8000030517578125</ele>
        <time>2026-02-22T11:51:16.000Z</time>
        <extensions>
          <ns3:TrackPointExtension>
            <ns3:hr>129</ns3:hr>
          </ns3:TrackPointExtension>
        </extensions>
      </trkpt>
      <trkpt lat="43.7305440008640289306640625" lon="7.2986648976802825927734375">
        <ele>252.600006103515625</ele>
        <time>2026-02-22T11:51:18.000Z</time>
        <extensions>
          <ns3:TrackPointExtension>
            <ns3:hr>129</ns3:hr>
          </ns3:TrackPointExtension>
        </extensions>
      </trkpt>
      <trkpt lat="43.730582892894744873046875" lon="7.2985534183681011199951171875">
        <ele>252</ele>
        <time>2026-02-22T11:51:19.000Z</time>
        <extensions>
          <ns3:TrackPointExtension>
            <ns3:hr>129</ns3:hr>
          </ns3:TrackPointExtension>
        </extensions>
      </trkpt>
      <trkpt lat="43.73061248101294040679931640625" lon="7.29843112640082836151123046875">
        <ele>251</ele>
        <time>2026-02-22T11:51:20.000Z</time>
        <extensions>
          <ns3:TrackPointExtension>
            <ns3:hr>129</ns3:hr>
          </ns3:TrackPointExtension>
        </extensions>
      </trkpt>
      <trkpt lat="43.7306647002696990966796875" lon="7.29816877283155918121337890625">
        <ele>249.399993896484375</ele>
        <time>2026-02-22T11:51:22.000Z</time>
        <extensions>
          <ns3:TrackPointExtension>
            <ns3:hr>128</ns3:hr>
          </ns3:TrackPointExtension>
        </extensions>
      </trkpt>
      <trkpt lat="43.730684816837310791015625" lon="7.29803122580051422119140625">
        <ele>249</ele>
        <time>2026-02-22T11:51:23.000Z</time>
        <extensions>
          <ns3:TrackPointExtension>
            <ns3:hr>127</ns3:hr>
          </ns3:TrackPointExtension>
        </extensions>
      </trkpt>
      <trkpt lat="43.73071289621293544769287109375" lon="7.29775269515812397003173828125">
        <ele>247.8000030517578125</ele>
        <time>2026-02-22T11:51:25.000Z</time>
        <extensions>
          <ns3:TrackPointExtension>
            <ns3:hr>125</ns3:hr>
          </ns3:TrackPointExtension>
        </extensions>
      </trkpt>
      <trkpt lat="43.73072815127670764923095703125" lon="7.29761690832674503326416015625">
        <ele>246.600006103515625</ele>
        <time>2026-02-22T11:51:26.000Z</time>
        <extensions>
          <ns3:TrackPointExtension>
            <ns3:hr>123</ns3:hr>
          </ns3:TrackPointExtension>
        </extensions>
      </trkpt>
      <trkpt lat="43.7307597510516643524169921875" lon="7.29736008681356906890869140625">
        <ele>245</ele>
        <time>2026-02-22T11:51:28.000Z</time>
        <extensions>
          <ns3:TrackPointExtension>
            <ns3:hr>121</ns3:hr>
          </ns3:TrackPointExtension>
        </extensions>
      </trkpt>
      <trkpt lat="43.73078380711376667022705078125" lon="7.29712463915348052978515625">
        <ele>243.600006103515625</ele>
        <time>2026-02-22T11:51:30.000Z</time>
        <extensions>
          <ns3:TrackPointExtension>
            <ns3:hr>120</ns3:hr>
          </ns3:TrackPointExtension>
        </extensions>
      </trkpt>
      <trkpt lat="43.73079218901693820953369140625" lon="7.296900339424610137939453125">
        <ele>242</ele>
        <time>2026-02-22T11:51:32.000Z</time>
        <extensions>
          <ns3:TrackPointExtension>
            <ns3:hr>120</ns3:hr>
          </ns3:TrackPointExtension>
        </extensions>
      </trkpt>
      <trkpt lat="43.7307902611792087554931640625" lon="7.2967831604182720184326171875">
        <ele>240.8000030517578125</ele>
        <time>2026-02-22T11:51:33.000Z</time>
        <extensions>
          <ns3:TrackPointExtension>
            <ns3:hr>120</ns3:hr>
          </ns3:TrackPointExtension>
        </extensions>
      </trkpt>
      <trkpt lat="43.73078213073313236236572265625" lon="7.29666723869740962982177734375">
        <ele>240.399993896484375</ele>
        <time>2026-02-22T11:51:34.000Z</time>
        <extensions>
          <ns3:TrackPointExtension>
            <ns3:hr>120</ns3:hr>
          </ns3:TrackPointExtension>
        </extensions>
      </trkpt>
      <trkpt lat="43.73075061477720737457275390625" lon="7.29643992148339748382568359375">
        <ele>239.1999969482421875</ele>
        <time>2026-02-22T11:51:36.000Z</time>
        <extensions>
          <ns3:TrackPointExtension>
            <ns3:hr>120</ns3:hr>
          </ns3:TrackPointExtension>
        </extensions>
      </trkpt>
      <trkpt lat="43.73069621622562408447265625" lon="7.29623280465602874755859375">
        <ele>238</ele>
        <time>2026-02-22T11:51:38.000Z</time>
        <extensions>
          <ns3:TrackPointExtension>
            <ns3:hr>120</ns3:hr>
          </ns3:TrackPointExtension>
        </extensions>
      </trkpt>
      <trkpt lat="43.7306370399892330169677734375" lon="7.29604714550077915191650390625">
        <ele>236.600006103515625</ele>
        <time>2026-02-22T11:51:40.000Z</time>
        <extensions>
          <ns3:TrackPointExtension>
            <ns3:hr>120</ns3:hr>
          </ns3:TrackPointExtension>
        </extensions>
      </trkpt>
      <trkpt lat="43.73055875301361083984375" lon="7.2958839498460292816162109375">
        <ele>235.1999969482421875</ele>
        <time>2026-02-22T11:51:42.000Z</time>
        <extensions>
          <ns3:TrackPointExtension>
            <ns3:hr>119</ns3:hr>
          </ns3:TrackPointExtension>
        </extensions>
      </trkpt>
      <trkpt lat="43.73045557178556919097900390625" lon="7.29577154852449893951416015625">
        <ele>233.600006103515625</ele>
        <time>2026-02-22T11:51:44.000Z</time>
        <extensions>
          <ns3:TrackPointExtension>
            <ns3:hr>119</ns3:hr>
          </ns3:TrackPointExtension>
        </extensions>
      </trkpt>
      <trkpt lat="43.7303872592747211456298828125" lon="7.2957434691488742828369140625">
        <ele>233.1999969482421875</ele>
        <time>2026-02-22T11:51:45.000Z</time>
        <extensions>
          <ns3:TrackPointExtension>
            <ns3:hr>120</ns3:hr>
          </ns3:TrackPointExtension>
        </extensions>
      </trkpt>
      <trkpt lat="43.730306960642337799072265625" lon="7.29573684744536876678466796875">
        <ele>232.8000030517578125</ele>
        <time>2026-02-22T11:51:46.000Z</time>
        <extensions>
          <ns3:TrackPointExtension>
            <ns3:hr>120</ns3:hr>
          </ns3:TrackPointExtension>
        </extensions>
      </trkpt>
      <trkpt lat="43.73022607527673244476318359375" lon="7.2957374341785907745361328125">
        <ele>232.600006103515625</ele>
        <time>2026-02-22T11:51:47.000Z</time>
        <extensions>
          <ns3:TrackPointExtension>
            <ns3:hr>121</ns3:hr>
          </ns3:TrackPointExtension>
        </extensions>
      </trkpt>
      <trkpt lat="43.730048127472400665283203125" lon="7.295751683413982391357421875">
        <ele>231.399993896484375</ele>
        <time>2026-02-22T11:51:49.000Z</time>
        <extensions>
          <ns3:TrackPointExtension>
            <ns3:hr>122</ns3:hr>
          </ns3:TrackPointExtension>
        </extensions>
      </trkpt>
      <trkpt lat="43.72987252660095691680908203125" lon="7.29577540419995784759521484375">
        <ele>230.1999969482421875</ele>
        <time>2026-02-22T11:51:51.000Z</time>
        <extensions>
          <ns3:TrackPointExtension>
            <ns3:hr>123</ns3:hr>
          </ns3:TrackPointExtension>
        </extensions>
      </trkpt>
      <trkpt lat="43.729672618210315704345703125" lon="7.29580256156623363494873046875">
        <ele>227.8000030517578125</ele>
        <time>2026-02-22T11:51:53.000Z</time>
        <extensions>
          <ns3:TrackPointExtension>
            <ns3:hr>126</ns3:hr>
          </ns3:TrackPointExtension>
        </extensions>
      </trkpt>
      <trkpt lat="43.7295698560774326324462890625" lon="7.29579049162566661834716796875">
        <ele>226.8000030517578125</ele>
        <time>2026-02-22T11:51:54.000Z</time>
        <extensions>
          <ns3:TrackPointExtension>
            <ns3:hr>126</ns3:hr>
          </ns3:TrackPointExtension>
        </extensions>
      </trkpt>
      <trkpt lat="43.7294659204781055450439453125" lon="7.29577188380062580108642578125">
        <ele>226.1999969482421875</ele>
        <time>2026-02-22T11:51:55.000Z</time>
        <extensions>
          <ns3:TrackPointExtension>
            <ns3:hr>126</ns3:hr>
          </ns3:TrackPointExtension>
        </extensions>
      </trkpt>
      <trkpt lat="43.729252181947231292724609375" lon="7.29569711722433567047119140625">
        <ele>224.399993896484375</ele>
        <time>2026-02-22T11:51:57.000Z</time>
        <extensions>
          <ns3:TrackPointExtension>
            <ns3:hr>125</ns3:hr>
          </ns3:TrackPointExtension>
        </extensions>
      </trkpt>
      <trkpt lat="43.72905059717595577239990234375" lon="7.29562469758093357086181640625">
        <ele>223</ele>
        <time>2026-02-22T11:51:59.000Z</time>
        <extensions>
          <ns3:TrackPointExtension>
            <ns3:hr>126</ns3:hr>
          </ns3:TrackPointExtension>
        </extensions>
      </trkpt>
      <trkpt lat="43.7288407981395721435546875" lon="7.29556317441165447235107421875">
        <ele>221.1999969482421875</ele>
        <time>2026-02-22T11:52:01.000Z</time>
        <extensions>
          <ns3:TrackPointExtension>
            <ns3:hr>126</ns3:hr>
          </ns3:TrackPointExtension>
        </extensions>
      </trkpt>
      <trkpt lat="43.72863183729350566864013671875" lon="7.29549922049045562744140625">
        <ele>219.399993896484375</ele>
        <time>2026-02-22T11:52:03.000Z</time>
        <extensions>
          <ns3:TrackPointExtension>
            <ns3:hr>126</ns3:hr>
          </ns3:TrackPointExtension>
        </extensions>
      </trkpt>
      <trkpt lat="43.72842027805745601654052734375" lon="7.29543342255055904388427734375">
        <ele>217.600006103515625</ele>
        <time>2026-02-22T11:52:05.000Z</time>
        <extensions>
          <ns3:TrackPointExtension>
            <ns3:hr>125</ns3:hr>
          </ns3:TrackPointExtension>
        </extensions>
      </trkpt>
      <trkpt lat="43.7282099761068820953369140625" lon="7.295368127524852752685546875">
        <ele>215.8000030517578125</ele>
        <time>2026-02-22T11:52:07.000Z</time>
        <extensions>
          <ns3:TrackPointExtension>
            <ns3:hr>125</ns3:hr>
          </ns3:TrackPointExtension>
        </extensions>
      </trkpt>
      <trkpt lat="43.728009648621082305908203125" lon="7.29529201984405517578125">
        <ele>214.600006103515625</ele>
        <time>2026-02-22T11:52:09.000Z</time>
        <extensions>
          <ns3:TrackPointExtension>
            <ns3:hr>125</ns3:hr>
          </ns3:TrackPointExtension>
        </extensions>
      </trkpt>
      <trkpt lat="43.7278210557997226715087890625" lon="7.29522320441901683807373046875">
        <ele>213</ele>
        <time>2026-02-22T11:52:11.000Z</time>
        <extensions>
          <ns3:TrackPointExtension>
            <ns3:hr>125</ns3:hr>
          </ns3:TrackPointExtension>
        </extensions>
      </trkpt>
      <trkpt lat="43.72772776521742343902587890625" lon="7.29519453831017017364501953125">
        <ele>212.600006103515625</ele>
        <time>2026-02-22T11:52:12.000Z</time>
        <extensions>
          <ns3:TrackPointExtension>
            <ns3:hr>125</ns3:hr>
          </ns3:TrackPointExtension>
        </extensions>
      </trkpt>
      <trkpt lat="43.72727296315133571624755859375" lon="7.29503679089248180389404296875">
        <ele>212</ele>
        <time>2026-02-22T11:52:17.000Z</time>
        <extensions>
          <ns3:TrackPointExtension>
            <ns3:hr>126</ns3:hr>
          </ns3:TrackPointExtension>
        </extensions>
      </trkpt>
      <trkpt lat="43.727187551558017730712890625" lon="7.29500460438430309295654296875">
        <ele>211.600006103515625</ele>
        <time>2026-02-22T11:52:18.000Z</time>
        <extensions>
          <ns3:TrackPointExtension>
            <ns3:hr>127</ns3:hr>
          </ns3:TrackPointExtension>
        </extensions>
      </trkpt>
      <trkpt lat="43.726776503026485443115234375" lon="7.29485389776527881622314453125">
        <ele>210.8000030517578125</ele>
        <time>2026-02-22T11:52:23.000Z</time>
        <extensions>
          <ns3:TrackPointExtension>
            <ns3:hr>128</ns3:hr>
          </ns3:TrackPointExtension>
        </extensions>
      </trkpt>
      <trkpt lat="43.72661791741847991943359375" lon="7.29479321278631687164306640625">
        <ele>210.600006103515625</ele>
        <time>2026-02-22T11:52:25.000Z</time>
        <extensions>
          <ns3:TrackPointExtension>
            <ns3:hr>129</ns3:hr>
          </ns3:TrackPointExtension>
        </extensions>
      </trkpt>
      <trkpt lat="43.72612698934972286224365234375" lon="7.29464116506278514862060546875">
        <ele>209</ele>
        <time>2026-02-22T11:52:31.000Z</time>
        <extensions>
          <ns3:TrackPointExtension>
            <ns3:hr>129</ns3:hr>
          </ns3:TrackPointExtension>
        </extensions>
      </trkpt>
      <trkpt lat="43.72597024776041507720947265625" lon="7.29469128884375095367431640625">
        <ele>208</ele>
        <time>2026-02-22T11:52:33.000Z</time>
        <extensions>
          <ns3:TrackPointExtension>
            <ns3:hr>129</ns3:hr>
          </ns3:TrackPointExtension>
        </extensions>
      </trkpt>
      <trkpt lat="43.7258935533463954925537109375" lon="7.2947530634701251983642578125">
        <ele>207.399993896484375</ele>
        <time>2026-02-22T11:52:34.000Z</time>
        <extensions>
          <ns3:TrackPointExtension>
            <ns3:hr>129</ns3:hr>
          </ns3:TrackPointExtension>
        </extensions>
      </trkpt>
      <trkpt lat="43.72581786476075649261474609375" lon="7.29483210481703281402587890625">
        <ele>206.399993896484375</ele>
        <time>2026-02-22T11:52:35.000Z</time>
        <extensions>
          <ns3:TrackPointExtension>
            <ns3:hr>129</ns3:hr>
          </ns3:TrackPointExtension>
        </extensions>
      </trkpt>
      <trkpt lat="43.725662715733051300048828125" lon="7.29499823413789272308349609375">
        <ele>204.399993896484375</ele>
        <time>2026-02-22T11:52:37.000Z</time>
        <extensions>
          <ns3:TrackPointExtension>
            <ns3:hr>129</ns3:hr>
          </ns3:TrackPointExtension>
        </extensions>
      </trkpt>
      <trkpt lat="43.725588284432888031005859375" lon="7.29509311728179454803466796875">
        <ele>204</ele>
        <time>2026-02-22T11:52:38.000Z</time>
        <extensions>
          <ns3:TrackPointExtension>
            <ns3:hr>129</ns3:hr>
          </ns3:TrackPointExtension>
        </extensions>
      </trkpt>
      <trkpt lat="43.7254338897764682769775390625" lon="7.29529009200632572174072265625">
        <ele>202.8000030517578125</ele>
        <time>2026-02-22T11:52:40.000Z</time>
        <extensions>
          <ns3:TrackPointExtension>
            <ns3:hr>129</ns3:hr>
          </ns3:TrackPointExtension>
        </extensions>
      </trkpt>
      <trkpt lat="43.72527505271136760711669921875" lon="7.2954752482473850250244140625">
        <ele>201.399993896484375</ele>
        <time>2026-02-22T11:52:42.000Z</time>
        <extensions>
          <ns3:TrackPointExtension>
            <ns3:hr>129</ns3:hr>
          </ns3:TrackPointExtension>
        </extensions>
      </trkpt>
      <trkpt lat="43.72513272799551486968994140625" lon="7.2956485860049724578857421875">
        <ele>199.399993896484375</ele>
        <time>2026-02-22T11:52:44.000Z</time>
        <extensions>
          <ns3:TrackPointExtension>
            <ns3:hr>129</ns3:hr>
          </ns3:TrackPointExtension>
        </extensions>
      </trkpt>
      <trkpt lat="43.72498990036547183990478515625" lon="7.29580960236489772796630859375">
        <ele>198</ele>
        <time>2026-02-22T11:52:46.000Z</time>
        <extensions>
          <ns3:TrackPointExtension>
            <ns3:hr>129</ns3:hr>
          </ns3:TrackPointExtension>
        </extensions>
      </trkpt>
      <trkpt lat="43.72485310770571231842041015625" lon="7.29596718214452266693115234375">
        <ele>196.1999969482421875</ele>
        <time>2026-02-22T11:52:48.000Z</time>
        <extensions>
          <ns3:TrackPointExtension>
            <ns3:hr>129</ns3:hr>
          </ns3:TrackPointExtension>
        </extensions>
      </trkpt>
      <trkpt lat="43.72471061535179615020751953125" lon="7.29611755348742008209228515625">
        <ele>194.8000030517578125</ele>
        <time>2026-02-22T11:52:50.000Z</time>
        <extensions>
          <ns3:TrackPointExtension>
            <ns3:hr>128</ns3:hr>
          </ns3:TrackPointExtension>
        </extensions>
      </trkpt>
      <trkpt lat="43.72447122819721698760986328125" lon="7.29631804861128330230712890625">
        <ele>193</ele>
        <time>2026-02-22T11:52:53.000Z</time>
        <extensions>
          <ns3:TrackPointExtension>
            <ns3:hr>128</ns3:hr>
          </ns3:TrackPointExtension>
        </extensions>
      </trkpt>
      <trkpt lat="43.72430493123829364776611328125" lon="7.29640924371778964996337890625">
        <ele>191.8000030517578125</ele>
        <time>2026-02-22T11:52:55.000Z</time>
        <extensions>
          <ns3:TrackPointExtension>
            <ns3:hr>128</ns3:hr>
          </ns3:TrackPointExtension>
        </extensions>
      </trkpt>
      <trkpt lat="43.7241591699421405792236328125" lon="7.29646909050643444061279296875">
        <ele>190.1999969482421875</ele>
        <time>2026-02-22T11:52:57.000Z</time>
        <extensions>
          <ns3:TrackPointExtension>
            <ns3:hr>128</ns3:hr>
          </ns3:TrackPointExtension>
        </extensions>
      </trkpt>
      <trkpt lat="43.72395792044699192047119140625" lon="7.29650043882429599761962890625">
        <ele>188.1999969482421875</ele>
        <time>2026-02-22T11:52:59.000Z</time>
        <extensions>
          <ns3:TrackPointExtension>
            <ns3:hr>126</ns3:hr>
          </ns3:TrackPointExtension>
        </extensions>
      </trkpt>
      <trkpt lat="43.723866976797580718994140625" lon="7.296496331691741943359375">
        <ele>187.399993896484375</ele>
        <time>2026-02-22T11:53:00.000Z</time>
        <extensions>
          <ns3:TrackPointExtension>
            <ns3:hr>125</ns3:hr>
          </ns3:TrackPointExtension>
        </extensions>
      </trkpt>
      <trkpt lat="43.72378156520426273345947265625" lon="7.29647881351411342620849609375">
        <ele>187</ele>
        <time>2026-02-22T11:53:01.000Z</time>
        <extensions>
          <ns3:TrackPointExtension>
            <ns3:hr>124</ns3:hr>
          </ns3:TrackPointExtension>
        </extensions>
      </trkpt>
      <trkpt lat="43.72363018803298473358154296875" lon="7.29642055928707122802734375">
        <ele>185.600006103515625</ele>
        <time>2026-02-22T11:53:03.000Z</time>
        <extensions>
          <ns3:TrackPointExtension>
            <ns3:hr>124</ns3:hr>
          </ns3:TrackPointExtension>
        </extensions>
      </trkpt>
      <trkpt lat="43.723567239940166473388671875" lon="7.2963741235435009002685546875">
        <ele>184.8000030517578125</ele>
        <time>2026-02-22T11:53:04.000Z</time>
        <extensions>
          <ns3:TrackPointExtension>
            <ns3:hr>123</ns3:hr>
          </ns3:TrackPointExtension>
        </extensions>
      </trkpt>
      <trkpt lat="43.72351133264601230621337890625" lon="7.29632207192480564117431640625">
        <ele>184.1999969482421875</ele>
        <time>2026-02-22T11:53:05.000Z</time>
        <extensions>
          <ns3:TrackPointExtension>
            <ns3:hr>124</ns3:hr>
          </ns3:TrackPointExtension>
        </extensions>
      </trkpt>
      <trkpt lat="43.723458945751190185546875" lon="7.29625619016587734222412109375">
        <ele>183.399993896484375</ele>
        <time>2026-02-22T11:53:06.000Z</time>
        <extensions>
          <ns3:TrackPointExtension>
            <ns3:hr>124</ns3:hr>
          </ns3:TrackPointExtension>
        </extensions>
      </trkpt>
      <trkpt lat="43.723408319056034088134765625" lon="7.29617916047573089599609375">
        <ele>182.600006103515625</ele>
        <time>2026-02-22T11:53:07.000Z</time>
        <extensions>
          <ns3:TrackPointExtension>
            <ns3:hr>124</ns3:hr>
          </ns3:TrackPointExtension>
        </extensions>
      </trkpt>
      <trkpt lat="43.72331335209310054779052734375" lon="7.2959987819194793701171875">
        <ele>181.399993896484375</ele>
        <time>2026-02-22T11:53:09.000Z</time>
        <extensions>
          <ns3:TrackPointExtension>
            <ns3:hr>123</ns3:hr>
          </ns3:TrackPointExtension>
        </extensions>
      </trkpt>
      <trkpt lat="43.723217882215976715087890625" lon="7.29581899009644985198974609375">
        <ele>179</ele>
        <time>2026-02-22T11:53:11.000Z</time>
        <extensions>
          <ns3:TrackPointExtension>
            <ns3:hr>121</ns3:hr>
          </ns3:TrackPointExtension>
        </extensions>
      </trkpt>
      <trkpt lat="43.72316381894052028656005859375" lon="7.29573433287441730499267578125">
        <ele>178.1999969482421875</ele>
        <time>2026-02-22T11:53:12.000Z</time>
        <extensions>
          <ns3:TrackPointExtension>
            <ns3:hr>121</ns3:hr>
          </ns3:TrackPointExtension>
        </extensions>
      </trkpt>
      <trkpt lat="43.7231003679335117340087890625" lon="7.29565705172717571258544921875">
        <ele>177.600006103515625</ele>
        <time>2026-02-22T11:53:13.000Z</time>
        <extensions>
          <ns3:TrackPointExtension>
            <ns3:hr>120</ns3:hr>
          </ns3:TrackPointExtension>
        </extensions>
      </trkpt>
      <trkpt lat="43.72302685864269733428955078125" lon="7.2956009767949581146240234375">
        <ele>177.1999969482421875</ele>
        <time>2026-02-22T11:53:14.000Z</time>
        <extensions>
          <ns3:TrackPointExtension>
            <ns3:hr>120</ns3:hr>
          </ns3:TrackPointExtension>
        </extensions>
      </trkpt>
      <trkpt lat="43.72285855002701282501220703125" lon="7.29553786106407642364501953125">
        <ele>176.1999969482421875</ele>
        <time>2026-02-22T11:53:16.000Z</time>
        <extensions>
          <ns3:TrackPointExtension>
            <ns3:hr>120</ns3:hr>
          </ns3:TrackPointExtension>
        </extensions>
      </trkpt>
      <trkpt lat="43.72268588282167911529541015625" lon="7.2954977117478847503662109375">
        <ele>173.8000030517578125</ele>
        <time>2026-02-22T11:53:18.000Z</time>
        <extensions>
          <ns3:TrackPointExtension>
            <ns3:hr>120</ns3:hr>
          </ns3:TrackPointExtension>
        </extensions>
      </trkpt>
      <trkpt lat="43.72260189615190029144287109375" lon="7.295478768646717071533203125">
        <ele>172.399993896484375</ele>
        <time>2026-02-22T11:53:19.000Z</time>
        <extensions>
          <ns3:TrackPointExtension>
            <ns3:hr>121</ns3:hr>
          </ns3:TrackPointExtension>
        </extensions>
      </trkpt>
      <trkpt lat="43.72243207879364490509033203125" lon="7.29545538313686847686767578125">
        <ele>171.1999969482421875</ele>
        <time>2026-02-22T11:53:21.000Z</time>
        <extensions>
          <ns3:TrackPointExtension>
            <ns3:hr>121</ns3:hr>
          </ns3:TrackPointExtension>
        </extensions>
      </trkpt>
      <trkpt lat="43.7222591601312160491943359375" lon="7.29545638896524906158447265625">
        <ele>169.8000030517578125</ele>
        <time>2026-02-22T11:53:23.000Z</time>
        <extensions>
          <ns3:TrackPointExtension>
            <ns3:hr>122</ns3:hr>
          </ns3:TrackPointExtension>
        </extensions>
      </trkpt>
      <trkpt lat="43.72208221815526485443115234375" lon="7.2954916767776012420654296875">
        <ele>169.399993896484375</ele>
        <time>2026-02-22T11:53:25.000Z</time>
        <extensions>
          <ns3:TrackPointExtension>
            <ns3:hr>117</ns3:hr>
          </ns3:TrackPointExtension>
        </extensions>
      </trkpt>
      <trkpt lat="43.721994459629058837890625" lon="7.29551824741065502166748046875">
        <ele>168.600006103515625</ele>
        <time>2026-02-22T11:53:26.000Z</time>
        <extensions>
          <ns3:TrackPointExtension>
            <ns3:hr>116</ns3:hr>
          </ns3:TrackPointExtension>
        </extensions>
      </trkpt>
      <trkpt lat="43.72190938331186771392822265625" lon="7.2955510206520557403564453125">
        <ele>167.600006103515625</ele>
        <time>2026-02-22T11:53:27.000Z</time>
        <extensions>
          <ns3:TrackPointExtension>
            <ns3:hr>115</ns3:hr>
          </ns3:TrackPointExtension>
        </extensions>
      </trkpt>
      <trkpt lat="43.72182891704142093658447265625" lon="7.29559670202434062957763671875">
        <ele>166.8000030517578125</ele>
        <time>2026-02-22T11:53:28.000Z</time>
        <extensions>
          <ns3:TrackPointExtension>
            <ns3:hr>115</ns3:hr>
          </ns3:TrackPointExtension>
        </extensions>
      </trkpt>
      <trkpt lat="43.72175264172255992889404296875" lon="7.29566073976457118988037109375">
        <ele>166.399993896484375</ele>
        <time>2026-02-22T11:53:29.000Z</time>
        <extensions>
          <ns3:TrackPointExtension>
            <ns3:hr>114</ns3:hr>
          </ns3:TrackPointExtension>
        </extensions>
      </trkpt>
      <trkpt lat="43.7216137535870075225830078125" lon="7.295829467475414276123046875">
        <ele>165.1999969482421875</ele>
        <time>2026-02-22T11:53:31.000Z</time>
        <extensions>
          <ns3:TrackPointExtension>
            <ns3:hr>113</ns3:hr>
          </ns3:TrackPointExtension>
        </extensions>
      </trkpt>
      <trkpt lat="43.7214783020317554473876953125" lon="7.29600506834685802459716796875">
        <ele>163.399993896484375</ele>
        <time>2026-02-22T11:53:33.000Z</time>
        <extensions>
          <ns3:TrackPointExtension>
            <ns3:hr>112</ns3:hr>
          </ns3:TrackPointExtension>
        </extensions>
      </trkpt>
      <trkpt lat="43.7214169465005397796630859375" lon="7.29609911330044269561767578125">
        <ele>161</ele>
        <time>2026-02-22T11:53:34.000Z</time>
        <extensions>
          <ns3:TrackPointExtension>
            <ns3:hr>112</ns3:hr>
          </ns3:TrackPointExtension>
        </extensions>
      </trkpt>
      <trkpt lat="43.72122692875564098358154296875" lon="7.29639315046370029449462890625">
        <ele>159.8000030517578125</ele>
        <time>2026-02-22T11:53:37.000Z</time>
        <extensions>
          <ns3:TrackPointExtension>
            <ns3:hr>112</ns3:hr>
          </ns3:TrackPointExtension>
        </extensions>
      </trkpt>
      <trkpt lat="43.72110689990222454071044921875" lon="7.29658040218055248260498046875">
        <ele>158</ele>
        <time>2026-02-22T11:53:39.000Z</time>
        <extensions>
          <ns3:TrackPointExtension>
            <ns3:hr>112</ns3:hr>
          </ns3:TrackPointExtension>
        </extensions>
      </trkpt>
      <trkpt lat="43.7209948338568210601806640625" lon="7.2967462800443172454833984375">
        <ele>156.8000030517578125</ele>
        <time>2026-02-22T11:53:41.000Z</time>
        <extensions>
          <ns3:TrackPointExtension>
            <ns3:hr>112</ns3:hr>
          </ns3:TrackPointExtension>
        </extensions>
      </trkpt>
      <trkpt lat="43.72087975032627582550048828125" lon="7.2968865931034088134765625">
        <ele>155.600006103515625</ele>
        <time>2026-02-22T11:53:43.000Z</time>
        <extensions>
          <ns3:TrackPointExtension>
            <ns3:hr>113</ns3:hr>
          </ns3:TrackPointExtension>
        </extensions>
      </trkpt>
      <trkpt lat="43.72072041034698486328125" lon="7.296931855380535125732421875">
        <ele>155.1999969482421875</ele>
        <time>2026-02-22T11:53:45.000Z</time>
        <extensions>
          <ns3:TrackPointExtension>
            <ns3:hr>113</ns3:hr>
          </ns3:TrackPointExtension>
        </extensions>
      </trkpt>
      <trkpt lat="43.720633573830127716064453125" lon="7.29690142907202243804931640625">
        <ele>154</ele>
        <time>2026-02-22T11:53:46.000Z</time>
        <extensions>
          <ns3:TrackPointExtension>
            <ns3:hr>113</ns3:hr>
          </ns3:TrackPointExtension>
        </extensions>
      </trkpt>
      <trkpt lat="43.7205529399216175079345703125" lon="7.29684476740658283233642578125">
        <ele>153.1999969482421875</ele>
        <time>2026-02-22T11:53:47.000Z</time>
        <extensions>
          <ns3:TrackPointExtension>
            <ns3:hr>114</ns3:hr>
          </ns3:TrackPointExtension>
        </extensions>
      </trkpt>
      <trkpt lat="43.72047691605985164642333984375" lon="7.2967788018286228179931640625">
        <ele>152.1999969482421875</ele>
        <time>2026-02-22T11:53:48.000Z</time>
        <extensions>
          <ns3:TrackPointExtension>
            <ns3:hr>114</ns3:hr>
          </ns3:TrackPointExtension>
        </extensions>
      </trkpt>
      <trkpt lat="43.72040248475968837738037109375" lon="7.296708561480045318603515625">
        <ele>151</ele>
        <time>2026-02-22T11:53:49.000Z</time>
        <extensions>
          <ns3:TrackPointExtension>
            <ns3:hr>114</ns3:hr>
          </ns3:TrackPointExtension>
        </extensions>
      </trkpt>
      <trkpt lat="43.720262087881565093994140625" lon="7.29656196199357509613037109375">
        <ele>149.600006103515625</ele>
        <time>2026-02-22T11:53:51.000Z</time>
        <extensions>
          <ns3:TrackPointExtension>
            <ns3:hr>115</ns3:hr>
          </ns3:TrackPointExtension>
        </extensions>
      </trkpt>
      <trkpt lat="43.72010911814868450164794921875" lon="7.2964311204850673675537109375">
        <ele>148</ele>
        <time>2026-02-22T11:53:53.000Z</time>
        <extensions>
          <ns3:TrackPointExtension>
            <ns3:hr>117</ns3:hr>
          </ns3:TrackPointExtension>
        </extensions>
      </trkpt>
      <trkpt lat="43.72002764604985713958740234375" lon="7.29638258926570415496826171875">
        <ele>147.600006103515625</ele>
        <time>2026-02-22T11:53:54.000Z</time>
        <extensions>
          <ns3:TrackPointExtension>
            <ns3:hr>119</ns3:hr>
          </ns3:TrackPointExtension>
        </extensions>
      </trkpt>
      <trkpt lat="43.719944246113300323486328125" lon="7.29634738527238368988037109375">
        <ele>146.600006103515625</ele>
        <time>2026-02-22T11:53:55.000Z</time>
        <extensions>
          <ns3:TrackPointExtension>
            <ns3:hr>119</ns3:hr>
          </ns3:TrackPointExtension>
        </extensions>
      </trkpt>
      <trkpt lat="43.7198622711002826690673828125" lon="7.29632844217121601104736328125">
        <ele>144.399993896484375</ele>
        <time>2026-02-22T11:53:56.000Z</time>
        <extensions>
          <ns3:TrackPointExtension>
            <ns3:hr>120</ns3:hr>
          </ns3:TrackPointExtension>
        </extensions>
      </trkpt>
      <trkpt lat="43.71978339739143848419189453125" lon="7.2963278554379940032958984375">
        <ele>143.399993896484375</ele>
        <time>2026-02-22T11:53:57.000Z</time>
        <extensions>
          <ns3:TrackPointExtension>
            <ns3:hr>120</ns3:hr>
          </ns3:TrackPointExtension>
        </extensions>
      </trkpt>
      <trkpt lat="43.71970578096807003021240234375" lon="7.29635224677622318267822265625">
        <ele>142.8000030517578125</ele>
        <time>2026-02-22T11:53:58.000Z</time>
        <extensions>
          <ns3:TrackPointExtension>
            <ns3:hr>120</ns3:hr>
          </ns3:TrackPointExtension>
        </extensions>
      </trkpt>
      <trkpt lat="43.719562031328678131103515625" lon="7.2964586131274700164794921875">
        <ele>142.1999969482421875</ele>
        <time>2026-02-22T11:54:00.000Z</time>
        <extensions>
          <ns3:TrackPointExtension>
            <ns3:hr>120</ns3:hr>
          </ns3:TrackPointExtension>
        </extensions>
      </trkpt>
      <trkpt lat="43.71942515484988689422607421875" lon="7.29660118930041790008544921875">
        <ele>139.600006103515625</ele>
        <time>2026-02-22T11:54:02.000Z</time>
        <extensions>
          <ns3:TrackPointExtension>
            <ns3:hr>120</ns3:hr>
          </ns3:TrackPointExtension>
        </extensions>
      </trkpt>
      <trkpt lat="43.719288446009159088134765625" lon="7.2967704199254512786865234375">
        <ele>138.399993896484375</ele>
        <time>2026-02-22T11:54:04.000Z</time>
        <extensions>
          <ns3:TrackPointExtension>
            <ns3:hr>120</ns3:hr>
          </ns3:TrackPointExtension>
        </extensions>
      </trkpt>
      <trkpt lat="43.7191474623978137969970703125" lon="7.29694199748337268829345703125">
        <ele>136.399993896484375</ele>
        <time>2026-02-22T11:54:06.000Z</time>
        <extensions>
          <ns3:TrackPointExtension>
            <ns3:hr>120</ns3:hr>
          </ns3:TrackPointExtension>
        </extensions>
      </trkpt>
      <trkpt lat="43.7190078198909759521484375" lon="7.29711131192743778228759765625">
        <ele>135</ele>
        <time>2026-02-22T11:54:08.000Z</time>
        <extensions>
          <ns3:TrackPointExtension>
            <ns3:hr>120</ns3:hr>
          </ns3:TrackPointExtension>
        </extensions>
      </trkpt>
      <trkpt lat="43.71886541135609149932861328125" lon="7.2972807101905345916748046875">
        <ele>132.600006103515625</ele>
        <time>2026-02-22T11:54:10.000Z</time>
        <extensions>
          <ns3:TrackPointExtension>
            <ns3:hr>119</ns3:hr>
          </ns3:TrackPointExtension>
        </extensions>
      </trkpt>
      <trkpt lat="43.71879416517913341522216796875" lon="7.29736804962158203125">
        <ele>131.600006103515625</ele>
        <time>2026-02-22T11:54:11.000Z</time>
        <extensions>
          <ns3:TrackPointExtension>
            <ns3:hr>119</ns3:hr>
          </ns3:TrackPointExtension>
        </extensions>
      </trkpt>
      <trkpt lat="43.71865871362388134002685546875" lon="7.297538034617900848388671875">
        <ele>130.600006103515625</ele>
        <time>2026-02-22T11:54:13.000Z</time>
        <extensions>
          <ns3:TrackPointExtension>
            <ns3:hr>119</ns3:hr>
          </ns3:TrackPointExtension>
        </extensions>
      </trkpt>
      <trkpt lat="43.7185506708920001983642578125" lon="7.2976672835648059844970703125">
        <ele>129</ele>
        <time>2026-02-22T11:54:15.000Z</time>
        <extensions>
          <ns3:TrackPointExtension>
            <ns3:hr>119</ns3:hr>
          </ns3:TrackPointExtension>
        </extensions>
      </trkpt>
      <trkpt lat="43.71850314550101757049560546875" lon="7.2977229394018650054931640625">
        <ele>128.600006103515625</ele>
        <time>2026-02-22T11:54:16.000Z</time>
        <extensions>
          <ns3:TrackPointExtension>
            <ns3:hr>120</ns3:hr>
          </ns3:TrackPointExtension>
        </extensions>
      </trkpt>
      <trkpt lat="43.7184175662696361541748046875" lon="7.2978245280683040618896484375">
        <ele>127.8000030517578125</ele>
        <time>2026-02-22T11:54:18.000Z</time>
        <extensions>
          <ns3:TrackPointExtension>
            <ns3:hr>122</ns3:hr>
          </ns3:TrackPointExtension>
        </extensions>
      </trkpt>
      <trkpt lat="43.71833919547498226165771484375" lon="7.29793759994208812713623046875">
        <ele>126.8000030517578125</ele>
        <time>2026-02-22T11:54:20.000Z</time>
        <extensions>
          <ns3:TrackPointExtension>
            <ns3:hr>123</ns3:hr>
          </ns3:TrackPointExtension>
        </extensions>
      </trkpt>
      <trkpt lat="43.71829175390303134918212890625" lon="7.29799375869333744049072265625">
        <ele>126.59999847412109375</ele>
        <time>2026-02-22T11:54:21.000Z</time>
        <extensions>
          <ns3:TrackPointExtension>
            <ns3:hr>123</ns3:hr>
          </ns3:TrackPointExtension>
        </extensions>
      </trkpt>
      <trkpt lat="43.71819150634109973907470703125" lon="7.29811412282288074493408203125">
        <ele>124.40000152587890625</ele>
        <time>2026-02-22T11:54:23.000Z</time>
        <extensions>
          <ns3:TrackPointExtension>
            <ns3:hr>123</ns3:hr>
          </ns3:TrackPointExtension>
        </extensions>
      </trkpt>
      <trkpt lat="43.7179827131330966949462890625" lon="7.29835174977779388427734375">
        <ele>122.8000030517578125</ele>
        <time>2026-02-22T11:54:27.000Z</time>
        <extensions>
          <ns3:TrackPointExtension>
            <ns3:hr>120</ns3:hr>
          </ns3:TrackPointExtension>
        </extensions>
      </trkpt>
      <trkpt lat="43.717881627380847930908203125" lon="7.298438586294651031494140625">
        <ele>122.1999969482421875</ele>
        <time>2026-02-22T11:54:29.000Z</time>
        <extensions>
          <ns3:TrackPointExtension>
            <ns3:hr>118</ns3:hr>
          </ns3:TrackPointExtension>
        </extensions>
      </trkpt>
      <trkpt lat="43.71782169677317142486572265625" lon="7.2984571941196918487548828125">
        <ele>121.59999847412109375</ele>
        <time>2026-02-22T11:54:30.000Z</time>
        <extensions>
          <ns3:TrackPointExtension>
            <ns3:hr>117</ns3:hr>
          </ns3:TrackPointExtension>
        </extensions>
      </trkpt>
      <trkpt lat="43.7177523784339427947998046875" lon="7.2984468005597591400146484375">
        <ele>121</ele>
        <time>2026-02-22T11:54:31.000Z</time>
        <extensions>
          <ns3:TrackPointExtension>
            <ns3:hr>117</ns3:hr>
          </ns3:TrackPointExtension>
        </extensions>
      </trkpt>
      <trkpt lat="43.7176893465220928192138671875" lon="7.29840271174907684326171875">
        <ele>120.1999969482421875</ele>
        <time>2026-02-22T11:54:32.000Z</time>
        <extensions>
          <ns3:TrackPointExtension>
            <ns3:hr>117</ns3:hr>
          </ns3:TrackPointExtension>
        </extensions>
      </trkpt>
      <trkpt lat="43.71762991882860660552978515625" lon="7.29833741672337055206298828125">
        <ele>119.8000030517578125</ele>
        <time>2026-02-22T11:54:33.000Z</time>
        <extensions>
          <ns3:TrackPointExtension>
            <ns3:hr>117</ns3:hr>
          </ns3:TrackPointExtension>
        </extensions>
      </trkpt>
      <trkpt lat="43.71757342480123043060302734375" lon="7.29825745336711406707763671875">
        <ele>119</ele>
        <time>2026-02-22T11:54:34.000Z</time>
        <extensions>
          <ns3:TrackPointExtension>
            <ns3:hr>116</ns3:hr>
          </ns3:TrackPointExtension>
        </extensions>
      </trkpt>
      <trkpt lat="43.7175247259438037872314453125" lon="7.29816474951803684234619140625">
        <ele>117.8000030517578125</ele>
        <time>2026-02-22T11:54:35.000Z</time>
        <extensions>
          <ns3:TrackPointExtension>
            <ns3:hr>116</ns3:hr>
          </ns3:TrackPointExtension>
        </extensions>
      </trkpt>
      <trkpt lat="43.71747703291475772857666015625" lon="7.298067770898342132568359375">
        <ele>116.59999847412109375</ele>
        <time>2026-02-22T11:54:36.000Z</time>
        <extensions>
          <ns3:TrackPointExtension>
            <ns3:hr>116</ns3:hr>
          </ns3:TrackPointExtension>
        </extensions>
      </trkpt>
      <trkpt lat="43.717321045696735382080078125" lon="7.2977864742279052734375">
        <ele>115.40000152587890625</ele>
        <time>2026-02-22T11:54:39.000Z</time>
        <extensions>
          <ns3:TrackPointExtension>
            <ns3:hr>116</ns3:hr>
          </ns3:TrackPointExtension>
        </extensions>
      </trkpt>
      <trkpt lat="43.71726446785032749176025390625" lon="7.297701649367809295654296875">
        <ele>114.1999969482421875</ele>
        <time>2026-02-22T11:54:40.000Z</time>
        <extensions>
          <ns3:TrackPointExtension>
            <ns3:hr>115</ns3:hr>
          </ns3:TrackPointExtension>
        </extensions>
      </trkpt>
      <trkpt lat="43.7171995081007480621337890625" lon="7.29762746952474117279052734375">
        <ele>113.59999847412109375</ele>
        <time>2026-02-22T11:54:41.000Z</time>
        <extensions>
          <ns3:TrackPointExtension>
            <ns3:hr>115</ns3:hr>
          </ns3:TrackPointExtension>
        </extensions>
      </trkpt>
      <trkpt lat="43.7171234004199504852294921875" lon="7.29757256805896759033203125">
        <ele>113</ele>
        <time>2026-02-22T11:54:42.000Z</time>
        <extensions>
          <ns3:TrackPointExtension>
            <ns3:hr>115</ns3:hr>
          </ns3:TrackPointExtension>
        </extensions>
      </trkpt>
      <trkpt lat="43.71694897301495075225830078125" lon="7.297502495348453521728515625">
        <ele>111.8000030517578125</ele>
        <time>2026-02-22T11:54:44.000Z</time>
        <extensions>
          <ns3:TrackPointExtension>
            <ns3:hr>116</ns3:hr>
          </ns3:TrackPointExtension>
        </extensions>
      </trkpt>
      <trkpt lat="43.7167619727551937103271484375" lon="7.29744759388267993927001953125">
        <ele>110</ele>
        <time>2026-02-22T11:54:46.000Z</time>
        <extensions>
          <ns3:TrackPointExtension>
            <ns3:hr>116</ns3:hr>
          </ns3:TrackPointExtension>
        </extensions>
      </trkpt>
      <trkpt lat="43.7166697718203067779541015625" lon="7.297424711287021636962890625">
        <ele>108.8000030517578125</ele>
        <time>2026-02-22T11:54:47.000Z</time>
        <extensions>
          <ns3:TrackPointExtension>
            <ns3:hr>116</ns3:hr>
          </ns3:TrackPointExtension>
        </extensions>
      </trkpt>
      <trkpt lat="43.7164924107491970062255859375" lon="7.29737986810505390167236328125">
        <ele>107.59999847412109375</ele>
        <time>2026-02-22T11:54:49.000Z</time>
        <extensions>
          <ns3:TrackPointExtension>
            <ns3:hr>117</ns3:hr>
          </ns3:TrackPointExtension>
        </extensions>
      </trkpt>
      <trkpt lat="43.71625092811882495880126953125" lon="7.29731214232742786407470703125">
        <ele>106.59999847412109375</ele>
        <time>2026-02-22T11:54:52.000Z</time>
        <extensions>
          <ns3:TrackPointExtension>
            <ns3:hr>117</ns3:hr>
          </ns3:TrackPointExtension>
        </extensions>
      </trkpt>
      <trkpt lat="43.71617096476256847381591796875" lon="7.29729269631206989288330078125">
        <ele>105.59999847412109375</ele>
        <time>2026-02-22T11:54:53.000Z</time>
        <extensions>
          <ns3:TrackPointExtension>
            <ns3:hr>118</ns3:hr>
          </ns3:TrackPointExtension>
        </extensions>
      </trkpt>
      <trkpt lat="43.71601774357259273529052734375" lon="7.2972572408616542816162109375">
        <ele>104</ele>
        <time>2026-02-22T11:54:55.000Z</time>
        <extensions>
          <ns3:TrackPointExtension>
            <ns3:hr>117</ns3:hr>
          </ns3:TrackPointExtension>
        </extensions>
      </trkpt>
      <trkpt lat="43.71594431810081005096435546875" lon="7.29723729193210601806640625">
        <ele>102.8000030517578125</ele>
        <time>2026-02-22T11:54:56.000Z</time>
        <extensions>
          <ns3:TrackPointExtension>
            <ns3:hr>117</ns3:hr>
          </ns3:TrackPointExtension>
        </extensions>
      </trkpt>
      <trkpt lat="43.7157998979091644287109375" lon="7.297197394073009490966796875">
        <ele>102</ele>
        <time>2026-02-22T11:54:58.000Z</time>
        <extensions>
          <ns3:TrackPointExtension>
            <ns3:hr>116</ns3:hr>
          </ns3:TrackPointExtension>
        </extensions>
      </trkpt>
      <trkpt lat="43.71572772972285747528076171875" lon="7.2971764393150806427001953125">
        <ele>100.8000030517578125</ele>
        <time>2026-02-22T11:54:59.000Z</time>
        <extensions>
          <ns3:TrackPointExtension>
            <ns3:hr>117</ns3:hr>
          </ns3:TrackPointExtension>
        </extensions>
      </trkpt>
      <trkpt lat="43.71557660400867462158203125" lon="7.29713612236082553863525390625">
        <ele>99.59999847412109375</ele>
        <time>2026-02-22T11:55:01.000Z</time>
        <extensions>
          <ns3:TrackPointExtension>
            <ns3:hr>117</ns3:hr>
          </ns3:TrackPointExtension>
        </extensions>
      </trkpt>
      <trkpt lat="43.71542614884674549102783203125" lon="7.29709840379655361175537109375">
        <ele>98.40000152587890625</ele>
        <time>2026-02-22T11:55:03.000Z</time>
        <extensions>
          <ns3:TrackPointExtension>
            <ns3:hr>117</ns3:hr>
          </ns3:TrackPointExtension>
        </extensions>
      </trkpt>
      <trkpt lat="43.7151881866157054901123046875" lon="7.29703336022794246673583984375">
        <ele>97.1999969482421875</ele>
        <time>2026-02-22T11:55:06.000Z</time>
        <extensions>
          <ns3:TrackPointExtension>
            <ns3:hr>118</ns3:hr>
          </ns3:TrackPointExtension>
        </extensions>
      </trkpt>
      <trkpt lat="43.71510713361203670501708984375" lon="7.29700637049973011016845703125">
        <ele>96.8000030517578125</ele>
        <time>2026-02-22T11:55:07.000Z</time>
        <extensions>
          <ns3:TrackPointExtension>
            <ns3:hr>118</ns3:hr>
          </ns3:TrackPointExtension>
        </extensions>
      </trkpt>
      <trkpt lat="43.715026080608367919921875" lon="7.2969772852957248687744140625">
        <ele>95.1999969482421875</ele>
        <time>2026-02-22T11:55:08.000Z</time>
        <extensions>
          <ns3:TrackPointExtension>
            <ns3:hr>118</ns3:hr>
          </ns3:TrackPointExtension>
        </extensions>
      </trkpt>
      <trkpt lat="43.714848719537258148193359375" lon="7.29692825116217136383056640625">
        <ele>93.8000030517578125</ele>
        <time>2026-02-22T11:55:10.000Z</time>
        <extensions>
          <ns3:TrackPointExtension>
            <ns3:hr>120</ns3:hr>
          </ns3:TrackPointExtension>
        </extensions>
      </trkpt>
      <trkpt lat="43.71466741897165775299072265625" lon="7.29687779210507869720458984375">
        <ele>91.8000030517578125</ele>
        <time>2026-02-22T11:55:12.000Z</time>
        <extensions>
          <ns3:TrackPointExtension>
            <ns3:hr>120</ns3:hr>
          </ns3:TrackPointExtension>
        </extensions>
      </trkpt>
      <trkpt lat="43.71457722969353199005126953125" lon="7.29684862308204174041748046875">
        <ele>90.59999847412109375</ele>
        <time>2026-02-22T11:55:13.000Z</time>
        <extensions>
          <ns3:TrackPointExtension>
            <ns3:hr>120</ns3:hr>
          </ns3:TrackPointExtension>
        </extensions>
      </trkpt>
      <trkpt lat="43.71448762714862823486328125" lon="7.296812497079372406005859375">
        <ele>89.59999847412109375</ele>
        <time>2026-02-22T11:55:14.000Z</time>
        <extensions>
          <ns3:TrackPointExtension>
            <ns3:hr>120</ns3:hr>
          </ns3:TrackPointExtension>
        </extensions>
      </trkpt>
      <trkpt lat="43.71431739069521427154541015625" lon="7.2967243194580078125">
        <ele>88.40000152587890625</ele>
        <time>2026-02-22T11:55:16.000Z</time>
        <extensions>
          <ns3:TrackPointExtension>
            <ns3:hr>120</ns3:hr>
          </ns3:TrackPointExtension>
        </extensions>
      </trkpt>
      <trkpt lat="43.71423541568219661712646484375" lon="7.29667779989540576934814453125">
        <ele>87.8000030517578125</ele>
        <time>2026-02-22T11:55:17.000Z</time>
        <extensions>
          <ns3:TrackPointExtension>
            <ns3:hr>120</ns3:hr>
          </ns3:TrackPointExtension>
        </extensions>
      </trkpt>
      <trkpt lat="43.714065514504909515380859375" lon="7.29658274911344051361083984375">
        <ele>86.8000030517578125</ele>
        <time>2026-02-22T11:55:19.000Z</time>
        <extensions>
          <ns3:TrackPointExtension>
            <ns3:hr>120</ns3:hr>
          </ns3:TrackPointExtension>
        </extensions>
      </trkpt>
      <trkpt lat="43.713884465396404266357421875" lon="7.2964824177324771881103515625">
        <ele>84.8000030517578125</ele>
        <time>2026-02-22T11:55:21.000Z</time>
        <extensions>
          <ns3:TrackPointExtension>
            <ns3:hr>121</ns3:hr>
          </ns3:TrackPointExtension>
        </extensions>
      </trkpt>
      <trkpt lat="43.713793270289897918701171875" lon="7.296430282294750213623046875">
        <ele>83</ele>
        <time>2026-02-22T11:55:22.000Z</time>
        <extensions>
          <ns3:TrackPointExtension>
            <ns3:hr>123</ns3:hr>
          </ns3:TrackPointExtension>
        </extensions>
      </trkpt>
      <trkpt lat="43.7136137299239635467529296875" lon="7.29632240720093250274658203125">
        <ele>81.8000030517578125</ele>
        <time>2026-02-22T11:55:24.000Z</time>
        <extensions>
          <ns3:TrackPointExtension>
            <ns3:hr>122</ns3:hr>
          </ns3:TrackPointExtension>
        </extensions>
      </trkpt>
      <trkpt lat="43.7135295756161212921142578125" lon="7.29627530090510845184326171875">
        <ele>79.8000030517578125</ele>
        <time>2026-02-22T11:55:25.000Z</time>
        <extensions>
          <ns3:TrackPointExtension>
            <ns3:hr>123</ns3:hr>
          </ns3:TrackPointExtension>
        </extensions>
      </trkpt>
      <trkpt lat="43.713368140161037445068359375" lon="7.29618779383599758148193359375">
        <ele>78.8000030517578125</ele>
        <time>2026-02-22T11:55:27.000Z</time>
        <extensions>
          <ns3:TrackPointExtension>
            <ns3:hr>124</ns3:hr>
          </ns3:TrackPointExtension>
        </extensions>
      </trkpt>
      <trkpt lat="43.71329043991863727569580078125" lon="7.296141274273395538330078125">
        <ele>78.59999847412109375</ele>
        <time>2026-02-22T11:55:28.000Z</time>
        <extensions>
          <ns3:TrackPointExtension>
            <ns3:hr>124</ns3:hr>
          </ns3:TrackPointExtension>
        </extensions>
      </trkpt>
      <trkpt lat="43.71313579380512237548828125" lon="7.29605603031814098358154296875">
        <ele>76.1999969482421875</ele>
        <time>2026-02-22T11:55:30.000Z</time>
        <extensions>
          <ns3:TrackPointExtension>
            <ns3:hr>126</ns3:hr>
          </ns3:TrackPointExtension>
        </extensions>
      </trkpt>
      <trkpt lat="43.7130601890385150909423828125" lon="7.29601445607841014862060546875">
        <ele>75</ele>
        <time>2026-02-22T11:55:31.000Z</time>
        <extensions>
          <ns3:TrackPointExtension>
            <ns3:hr>126</ns3:hr>
          </ns3:TrackPointExtension>
        </extensions>
      </trkpt>
      <trkpt lat="43.7129029445350170135498046875" lon="7.29593633674085140228271484375">
        <ele>74.40000152587890625</ele>
        <time>2026-02-22T11:55:33.000Z</time>
        <extensions>
          <ns3:TrackPointExtension>
            <ns3:hr>130</ns3:hr>
          </ns3:TrackPointExtension>
        </extensions>
      </trkpt>
      <trkpt lat="43.71282256208360195159912109375" lon="7.29590549133718013763427734375">
        <ele>73.8000030517578125</ele>
        <time>2026-02-22T11:55:34.000Z</time>
        <extensions>
          <ns3:TrackPointExtension>
            <ns3:hr>131</ns3:hr>
          </ns3:TrackPointExtension>
        </extensions>
      </trkpt>
      <trkpt lat="43.7126528285443782806396484375" lon="7.29586324654519557952880859375">
        <ele>72.59999847412109375</ele>
        <time>2026-02-22T11:55:36.000Z</time>
        <extensions>
          <ns3:TrackPointExtension>
            <ns3:hr>133</ns3:hr>
          </ns3:TrackPointExtension>
        </extensions>
      </trkpt>
      <trkpt lat="43.712478317320346832275390625" lon="7.29583340696990489959716796875">
        <ele>70.8000030517578125</ele>
        <time>2026-02-22T11:55:38.000Z</time>
        <extensions>
          <ns3:TrackPointExtension>
            <ns3:hr>134</ns3:hr>
          </ns3:TrackPointExtension>
        </extensions>
      </trkpt>
      <trkpt lat="43.7123158760368824005126953125" lon="7.295816726982593536376953125">
        <ele>69.8000030517578125</ele>
        <time>2026-02-22T11:55:40.000Z</time>
        <extensions>
          <ns3:TrackPointExtension>
            <ns3:hr>134</ns3:hr>
          </ns3:TrackPointExtension>
        </extensions>
      </trkpt>
      <trkpt lat="43.7121308036148548126220703125" lon="7.29577372781932353973388671875">
        <ele>68.8000030517578125</ele>
        <time>2026-02-22T11:55:42.000Z</time>
        <extensions>
          <ns3:TrackPointExtension>
            <ns3:hr>134</ns3:hr>
          </ns3:TrackPointExtension>
        </extensions>
      </trkpt>
      <trkpt lat="43.712022006511688232421875" lon="7.29573399759829044342041015625">
        <ele>67.40000152587890625</ele>
        <time>2026-02-22T11:55:43.000Z</time>
        <extensions>
          <ns3:TrackPointExtension>
            <ns3:hr>134</ns3:hr>
          </ns3:TrackPointExtension>
        </extensions>
      </trkpt>
      <trkpt lat="43.7118542008101940155029296875" lon="7.29564498178660869598388671875">
        <ele>66.1999969482421875</ele>
        <time>2026-02-22T11:55:45.000Z</time>
        <extensions>
          <ns3:TrackPointExtension>
            <ns3:hr>134</ns3:hr>
          </ns3:TrackPointExtension>
        </extensions>
      </trkpt>
      <trkpt lat="43.7117086909711360931396484375" lon="7.29557566344738006591796875">
        <ele>64.59999847412109375</ele>
        <time>2026-02-22T11:55:47.000Z</time>
        <extensions>
          <ns3:TrackPointExtension>
            <ns3:hr>134</ns3:hr>
          </ns3:TrackPointExtension>
        </extensions>
      </trkpt>
      <trkpt lat="43.71155069209635257720947265625" lon="7.29550181888043880462646484375">
        <ele>63</ele>
        <time>2026-02-22T11:55:49.000Z</time>
        <extensions>
          <ns3:TrackPointExtension>
            <ns3:hr>134</ns3:hr>
          </ns3:TrackPointExtension>
        </extensions>
      </trkpt>
      <trkpt lat="43.71147911064326763153076171875" lon="7.29546728543937206268310546875">
        <ele>62.40000152587890625</ele>
        <time>2026-02-22T11:55:50.000Z</time>
        <extensions>
          <ns3:TrackPointExtension>
            <ns3:hr>134</ns3:hr>
          </ns3:TrackPointExtension>
        </extensions>
      </trkpt>
      <trkpt lat="43.71141155250370502471923828125" lon="7.295439541339874267578125">
        <ele>61.59999847412109375</ele>
        <time>2026-02-22T11:55:51.000Z</time>
        <extensions>
          <ns3:TrackPointExtension>
            <ns3:hr>134</ns3:hr>
          </ns3:TrackPointExtension>
        </extensions>
      </trkpt>
      <trkpt lat="43.711282052099704742431640625" lon="7.295385561883449554443359375">
        <ele>60.59999847412109375</ele>
        <time>2026-02-22T11:55:53.000Z</time>
        <extensions>
          <ns3:TrackPointExtension>
            <ns3:hr>135</ns3:hr>
          </ns3:TrackPointExtension>
        </extensions>
      </trkpt>
      <trkpt lat="43.71122932992875576019287109375" lon="7.2953639365732669830322265625">
        <ele>59.799999237060546875</ele>
        <time>2026-02-22T11:55:54.000Z</time>
        <extensions>
          <ns3:TrackPointExtension>
            <ns3:hr>135</ns3:hr>
          </ns3:TrackPointExtension>
        </extensions>
      </trkpt>
      <trkpt lat="43.711191527545452117919921875" lon="7.29534675367176532745361328125">
        <ele>59</ele>
        <time>2026-02-22T11:55:55.000Z</time>
        <extensions>
          <ns3:TrackPointExtension>
            <ns3:hr>135</ns3:hr>
          </ns3:TrackPointExtension>
        </extensions>
      </trkpt>
      <trkpt lat="43.7110505439341068267822265625" lon="7.29528036899864673614501953125">
        <ele>58</ele>
        <time>2026-02-22T11:55:59.000Z</time>
        <extensions>
          <ns3:TrackPointExtension>
            <ns3:hr>134</ns3:hr>
          </ns3:TrackPointExtension>
        </extensions>
      </trkpt>
      <trkpt lat="43.711025901138782501220703125" lon="7.29526611976325511932373046875">
        <ele>57.799999237060546875</ele>
        <time>2026-02-22T11:56:00.000Z</time>
        <extensions>
          <ns3:TrackPointExtension>
            <ns3:hr>134</ns3:hr>
          </ns3:TrackPointExtension>
        </extensions>
      </trkpt>
      <trkpt lat="43.71089036576449871063232421875" lon="7.2951671294867992401123046875">
        <ele>56.59999847412109375</ele>
        <time>2026-02-22T11:56:04.000Z</time>
        <extensions>
          <ns3:TrackPointExtension>
            <ns3:hr>133</ns3:hr>
          </ns3:TrackPointExtension>
        </extensions>
      </trkpt>
      <trkpt lat="43.710854910314083099365234375" lon="7.2951336018741130828857421875">
        <ele>56.40000152587890625</ele>
        <time>2026-02-22T11:56:05.000Z</time>
        <extensions>
          <ns3:TrackPointExtension>
            <ns3:hr>133</ns3:hr>
          </ns3:TrackPointExtension>
        </extensions>
      </trkpt>
      <trkpt lat="43.7107477895915508270263671875" lon="7.295036874711513519287109375">
        <ele>55</ele>
        <time>2026-02-22T11:56:07.000Z</time>
        <extensions>
          <ns3:TrackPointExtension>
            <ns3:hr>133</ns3:hr>
          </ns3:TrackPointExtension>
        </extensions>
      </trkpt>
      <trkpt lat="43.71058442629873752593994140625" lon="7.29490779340267181396484375">
        <ele>53</ele>
        <time>2026-02-22T11:56:10.000Z</time>
        <extensions>
          <ns3:TrackPointExtension>
            <ns3:hr>133</ns3:hr>
          </ns3:TrackPointExtension>
        </extensions>
      </trkpt>
      <trkpt lat="43.71044243685901165008544921875" lon="7.29478550143539905548095703125">
        <ele>52</ele>
        <time>2026-02-22T11:56:12.000Z</time>
        <extensions>
          <ns3:TrackPointExtension>
            <ns3:hr>133</ns3:hr>
          </ns3:TrackPointExtension>
        </extensions>
      </trkpt>
      <trkpt lat="43.71022316627204418182373046875" lon="7.29462171904742717742919921875">
        <ele>50.40000152587890625</ele>
        <time>2026-02-22T11:56:15.000Z</time>
        <extensions>
          <ns3:TrackPointExtension>
            <ns3:hr>132</ns3:hr>
          </ns3:TrackPointExtension>
        </extensions>
      </trkpt>
      <trkpt lat="43.71015661396086215972900390625" lon="7.29459255002439022064208984375">
        <ele>48.799999237060546875</ele>
        <time>2026-02-22T11:56:16.000Z</time>
        <extensions>
          <ns3:TrackPointExtension>
            <ns3:hr>132</ns3:hr>
          </ns3:TrackPointExtension>
        </extensions>
      </trkpt>
      <trkpt lat="43.7098641693592071533203125" lon="7.2944932244718074798583984375">
        <ele>46.799999237060546875</ele>
        <time>2026-02-22T11:56:19.000Z</time>
        <extensions>
          <ns3:TrackPointExtension>
            <ns3:hr>130</ns3:hr>
          </ns3:TrackPointExtension>
        </extensions>
      </trkpt>
      <trkpt lat="43.70977205224335193634033203125" lon="7.29446162469685077667236328125">
        <ele>45.59999847412109375</ele>
        <time>2026-02-22T11:56:20.000Z</time>
        <extensions>
          <ns3:TrackPointExtension>
            <ns3:hr>130</ns3:hr>
          </ns3:TrackPointExtension>
        </extensions>
      </trkpt>
      <trkpt lat="43.7097032368183135986328125" lon="7.294440753757953643798828125">
        <ele>44</ele>
        <time>2026-02-22T11:56:21.000Z</time>
        <extensions>
          <ns3:TrackPointExtension>
            <ns3:hr>129</ns3:hr>
          </ns3:TrackPointExtension>
        </extensions>
      </trkpt>
      <trkpt lat="43.70961866341531276702880859375" lon="7.294409237802028656005859375">
        <ele>42.59999847412109375</ele>
        <time>2026-02-22T11:56:22.000Z</time>
        <extensions>
          <ns3:TrackPointExtension>
            <ns3:hr>129</ns3:hr>
          </ns3:TrackPointExtension>
        </extensions>
      </trkpt>
      <trkpt lat="43.70943007059395313262939453125" lon="7.2943332977592945098876953125">
        <ele>41.200000762939453125</ele>
        <time>2026-02-22T11:56:24.000Z</time>
        <extensions>
          <ns3:TrackPointExtension>
            <ns3:hr>129</ns3:hr>
          </ns3:TrackPointExtension>
        </extensions>
      </trkpt>
      <trkpt lat="43.7093416415154933929443359375" lon="7.2942974232137203216552734375">
        <ele>40.200000762939453125</ele>
        <time>2026-02-22T11:56:25.000Z</time>
        <extensions>
          <ns3:TrackPointExtension>
            <ns3:hr>129</ns3:hr>
          </ns3:TrackPointExtension>
        </extensions>
      </trkpt>
      <trkpt lat="43.70925304479897022247314453125" lon="7.2942541725933551788330078125">
        <ele>39.59999847412109375</ele>
        <time>2026-02-22T11:56:26.000Z</time>
        <extensions>
          <ns3:TrackPointExtension>
            <ns3:hr>129</ns3:hr>
          </ns3:TrackPointExtension>
        </extensions>
      </trkpt>
      <trkpt lat="43.70899504981935024261474609375" lon="7.2940942458808422088623046875">
        <ele>38.40000152587890625</ele>
        <time>2026-02-22T11:56:29.000Z</time>
        <extensions>
          <ns3:TrackPointExtension>
            <ns3:hr>130</ns3:hr>
          </ns3:TrackPointExtension>
        </extensions>
      </trkpt>
      <trkpt lat="43.7089315988123416900634765625" lon="7.294049151241779327392578125">
        <ele>37.200000762939453125</ele>
        <time>2026-02-22T11:56:30.000Z</time>
        <extensions>
          <ns3:TrackPointExtension>
            <ns3:hr>130</ns3:hr>
          </ns3:TrackPointExtension>
        </extensions>
      </trkpt>
      <trkpt lat="43.7088551558554172515869140625" lon="7.29399726726114749908447265625">
        <ele>36.40000152587890625</ele>
        <time>2026-02-22T11:56:31.000Z</time>
        <extensions>
          <ns3:TrackPointExtension>
            <ns3:hr>131</ns3:hr>
          </ns3:TrackPointExtension>
        </extensions>
      </trkpt>
      <trkpt lat="43.7087810598313808441162109375" lon="7.29394194670021533966064453125">
        <ele>35.40000152587890625</ele>
        <time>2026-02-22T11:56:32.000Z</time>
        <extensions>
          <ns3:TrackPointExtension>
            <ns3:hr>131</ns3:hr>
          </ns3:TrackPointExtension>
        </extensions>
      </trkpt>
      <trkpt lat="43.708636052906513214111328125" lon="7.29384203441441059112548828125">
        <ele>33.799999237060546875</ele>
        <time>2026-02-22T11:56:34.000Z</time>
        <extensions>
          <ns3:TrackPointExtension>
            <ns3:hr>132</ns3:hr>
          </ns3:TrackPointExtension>
        </extensions>
      </trkpt>
      <trkpt lat="43.7084855139255523681640625" lon="7.29373189620673656463623046875">
        <ele>32.40000152587890625</ele>
        <time>2026-02-22T11:56:36.000Z</time>
        <extensions>
          <ns3:TrackPointExtension>
            <ns3:hr>133</ns3:hr>
          </ns3:TrackPointExtension>
        </extensions>
      </trkpt>
      <trkpt lat="43.70843647979199886322021484375" lon="7.29368696920573711395263671875">
        <ele>32</ele>
        <time>2026-02-22T11:56:37.000Z</time>
        <extensions>
          <ns3:TrackPointExtension>
            <ns3:hr>134</ns3:hr>
          </ns3:TrackPointExtension>
        </extensions>
      </trkpt>
      <trkpt lat="43.7083862721920013427734375" lon="7.2936137951910495758056640625">
        <ele>31.6000003814697265625</ele>
        <time>2026-02-22T11:56:38.000Z</time>
        <extensions>
          <ns3:TrackPointExtension>
            <ns3:hr>134</ns3:hr>
          </ns3:TrackPointExtension>
        </extensions>
      </trkpt>
      <trkpt lat="43.70835064910352230072021484375" lon="7.2935293056070804595947265625">
        <ele>30.799999237060546875</ele>
        <time>2026-02-22T11:56:39.000Z</time>
        <extensions>
          <ns3:TrackPointExtension>
            <ns3:hr>134</ns3:hr>
          </ns3:TrackPointExtension>
        </extensions>
      </trkpt>
      <trkpt lat="43.70832064189016819000244140625" lon="7.29341983795166015625">
        <ele>30.3999996185302734375</ele>
        <time>2026-02-22T11:56:40.000Z</time>
        <extensions>
          <ns3:TrackPointExtension>
            <ns3:hr>134</ns3:hr>
          </ns3:TrackPointExtension>
        </extensions>
      </trkpt>
      <trkpt lat="43.70830857194960117340087890625" lon="7.29321272112429141998291015625">
        <ele>29</ele>
        <time>2026-02-22T11:56:42.000Z</time>
        <extensions>
          <ns3:TrackPointExtension>
            <ns3:hr>135</ns3:hr>
          </ns3:TrackPointExtension>
        </extensions>
      </trkpt>
      <trkpt lat="43.70831242762506008148193359375" lon="7.2930190153419971466064453125">
        <ele>27.799999237060546875</ele>
        <time>2026-02-22T11:56:44.000Z</time>
        <extensions>
          <ns3:TrackPointExtension>
            <ns3:hr>138</ns3:hr>
          </ns3:TrackPointExtension>
        </extensions>
      </trkpt>
      <trkpt lat="43.708328939974308013916015625" lon="7.292672507464885711669921875">
        <ele>26</ele>
        <time>2026-02-22T11:56:47.000Z</time>
        <extensions>
          <ns3:TrackPointExtension>
            <ns3:hr>141</ns3:hr>
          </ns3:TrackPointExtension>
        </extensions>
      </trkpt>
      <trkpt lat="43.70833120308816432952880859375" lon="7.2925469465553760528564453125">
        <ele>24.200000762939453125</ele>
        <time>2026-02-22T11:56:48.000Z</time>
        <extensions>
          <ns3:TrackPointExtension>
            <ns3:hr>141</ns3:hr>
          </ns3:TrackPointExtension>
        </extensions>
      </trkpt>
      <trkpt lat="43.70833103545010089874267578125" lon="7.29239867068827152252197265625">
        <ele>24.200000762939453125</ele>
        <time>2026-02-22T11:56:49.000Z</time>
        <extensions>
          <ns3:TrackPointExtension>
            <ns3:hr>141</ns3:hr>
          </ns3:TrackPointExtension>
        </extensions>
      </trkpt>
      <trkpt lat="43.70834729634225368499755859375" lon="7.2917201556265354156494140625">
        <ele>23.799999237060546875</ele>
        <time>2026-02-22T11:56:55.000Z</time>
        <extensions>
          <ns3:TrackPointExtension>
            <ns3:hr>138</ns3:hr>
          </ns3:TrackPointExtension>
        </extensions>
      </trkpt>
      <trkpt lat="43.708355091512203216552734375" lon="7.2916343249380588531494140625">
        <ele>24</ele>
        <time>2026-02-22T11:56:56.000Z</time>
        <extensions>
          <ns3:TrackPointExtension>
            <ns3:hr>138</ns3:hr>
          </ns3:TrackPointExtension>
        </extensions>
      </trkpt>
      <trkpt lat="43.708361797034740447998046875" lon="7.29113015346229076385498046875">
        <ele>24</ele>
        <time>2026-02-22T11:57:01.000Z</time>
        <extensions>
          <ns3:TrackPointExtension>
            <ns3:hr>136</ns3:hr>
          </ns3:TrackPointExtension>
        </extensions>
      </trkpt>
      <trkpt lat="43.70834377594292163848876953125" lon="7.29059991426765918731689453125">
        <ele>23.799999237060546875</ele>
        <time>2026-02-22T11:57:07.000Z</time>
        <extensions>
          <ns3:TrackPointExtension>
            <ns3:hr>137</ns3:hr>
          </ns3:TrackPointExtension>
        </extensions>
      </trkpt>
      <trkpt lat="43.7083326280117034912109375" lon="7.29009314440190792083740234375">
        <ele>24</ele>
        <time>2026-02-22T11:57:13.000Z</time>
        <extensions>
          <ns3:TrackPointExtension>
            <ns3:hr>138</ns3:hr>
          </ns3:TrackPointExtension>
        </extensions>
      </trkpt>
      <trkpt lat="43.7083304487168788909912109375" lon="7.28971503674983978271484375">
        <ele>23.799999237060546875</ele>
        <time>2026-02-22T11:57:18.000Z</time>
        <extensions>
          <ns3:TrackPointExtension>
            <ns3:hr>138</ns3:hr>
          </ns3:TrackPointExtension>
        </extensions>
      </trkpt>
      <trkpt lat="43.7083240784704685211181640625" lon="7.28919108398258686065673828125">
        <ele>23.3999996185302734375</ele>
        <time>2026-02-22T11:57:25.000Z</time>
        <extensions>
          <ns3:TrackPointExtension>
            <ns3:hr>139</ns3:hr>
          </ns3:TrackPointExtension>
        </extensions>
      </trkpt>
      <trkpt lat="43.7083274312317371368408203125" lon="7.2888069413602352142333984375">
        <ele>23.6000003814697265625</ele>
        <time>2026-02-22T11:57:30.000Z</time>
        <extensions>
          <ns3:TrackPointExtension>
            <ns3:hr>136</ns3:hr>
          </ns3:TrackPointExtension>
        </extensions>
      </trkpt>
      <trkpt lat="43.70833187364041805267333984375" lon="7.2885722480714321136474609375">
        <ele>23.6000003814697265625</ele>
        <time>2026-02-22T11:57:33.000Z</time>
        <extensions>
          <ns3:TrackPointExtension>
            <ns3:hr>133</ns3:hr>
          </ns3:TrackPointExtension>
        </extensions>
      </trkpt>
      <trkpt lat="43.70833639986813068389892578125" lon="7.288496308028697967529296875">
        <ele>23.6000003814697265625</ele>
        <time>2026-02-22T11:57:34.000Z</time>
        <extensions>
          <ns3:TrackPointExtension>
            <ns3:hr>133</ns3:hr>
          </ns3:TrackPointExtension>
        </extensions>
      </trkpt>
      <trkpt lat="43.70833598077297210693359375" lon="7.2880384884774684906005859375">
        <ele>24.200000762939453125</ele>
        <time>2026-02-22T11:57:40.000Z</time>
        <extensions>
          <ns3:TrackPointExtension>
            <ns3:hr>136</ns3:hr>
          </ns3:TrackPointExtension>
        </extensions>
      </trkpt>
      <trkpt lat="43.70833598077297210693359375" lon="7.2879707626998424530029296875">
        <ele>24.3999996185302734375</ele>
        <time>2026-02-22T11:57:41.000Z</time>
        <extensions>
          <ns3:TrackPointExtension>
            <ns3:hr>136</ns3:hr>
          </ns3:TrackPointExtension>
        </extensions>
      </trkpt>
      <trkpt lat="43.70834394358098506927490234375" lon="7.28773380629718303680419921875">
        <ele>24.6000003814697265625</ele>
        <time>2026-02-22T11:57:45.000Z</time>
        <extensions>
          <ns3:TrackPointExtension>
            <ns3:hr>136</ns3:hr>
          </ns3:TrackPointExtension>
        </extensions>
      </trkpt>
      <trkpt lat="43.7083596177399158477783203125" lon="7.2876777313649654388427734375">
        <ele>24.6000003814697265625</ele>
        <time>2026-02-22T11:57:46.000Z</time>
        <extensions>
          <ns3:TrackPointExtension>
            <ns3:hr>136</ns3:hr>
          </ns3:TrackPointExtension>
        </extensions>
      </trkpt>
      <trkpt lat="43.70839356444776058197021484375" lon="7.2875630669295787811279296875">
        <ele>24.3999996185302734375</ele>
        <time>2026-02-22T11:57:48.000Z</time>
        <extensions>
          <ns3:TrackPointExtension>
            <ns3:hr>135</ns3:hr>
          </ns3:TrackPointExtension>
        </extensions>
      </trkpt>
      <trkpt lat="43.70840580202639102935791015625" lon="7.287457287311553955078125">
        <ele>24.3999996185302734375</ele>
        <time>2026-02-22T11:57:50.000Z</time>
        <extensions>
          <ns3:TrackPointExtension>
            <ns3:hr>135</ns3:hr>
          </ns3:TrackPointExtension>
        </extensions>
      </trkpt>
      <trkpt lat="43.70839725248515605926513671875" lon="7.28737472556531429290771484375">
        <ele>24.3999996185302734375</ele>
        <time>2026-02-22T11:57:51.000Z</time>
        <extensions>
          <ns3:TrackPointExtension>
            <ns3:hr>135</ns3:hr>
          </ns3:TrackPointExtension>
        </extensions>
      </trkpt>
      <trkpt lat="43.70837093330919742584228515625" lon="7.287231646478176116943359375">
        <ele>24.3999996185302734375</ele>
        <time>2026-02-22T11:57:54.000Z</time>
        <extensions>
          <ns3:TrackPointExtension>
            <ns3:hr>132</ns3:hr>
          </ns3:TrackPointExtension>
        </extensions>
      </trkpt>
      <trkpt lat="43.70839457027614116668701171875" lon="7.28711404837667942047119140625">
        <ele>24.6000003814697265625</ele>
        <time>2026-02-22T11:57:58.000Z</time>
        <extensions>
          <ns3:TrackPointExtension>
            <ns3:hr>131</ns3:hr>
          </ns3:TrackPointExtension>
        </extensions>
      </trkpt>
      <trkpt lat="43.7083943188190460205078125" lon="7.2871050797402858734130859375">
        <ele>24.6000003814697265625</ele>
        <time>2026-02-22T11:58:01.000Z</time>
        <extensions>
          <ns3:TrackPointExtension>
            <ns3:hr>130</ns3:hr>
          </ns3:TrackPointExtension>
        </extensions>
      </trkpt>
      <trkpt lat="43.70839373208582401275634765625" lon="7.2870561294257640838623046875">
        <ele>23.799999237060546875</ele>
        <time>2026-02-22T11:58:25.000Z</time>
        <extensions>
          <ns3:TrackPointExtension>
            <ns3:hr>118</ns3:hr>
          </ns3:TrackPointExtension>
        </extensions>
      </trkpt>
      <trkpt lat="43.70839205570518970489501953125" lon="7.28702570311725139617919921875">
        <ele>23.799999237060546875</ele>
        <time>2026-02-22T11:58:26.000Z</time>
        <extensions>
          <ns3:TrackPointExtension>
            <ns3:hr>118</ns3:hr>
          </ns3:TrackPointExtension>
        </extensions>
      </trkpt>
      <trkpt lat="43.708383254706859588623046875" lon="7.2869424708187580108642578125">
        <ele>23.799999237060546875</ele>
        <time>2026-02-22T11:58:30.000Z</time>
        <extensions>
          <ns3:TrackPointExtension>
            <ns3:hr>116</ns3:hr>
          </ns3:TrackPointExtension>
        </extensions>
      </trkpt>
      <trkpt lat="43.708383254706859588623046875" lon="7.2869424708187580108642578125">
        <ele>23.799999237060546875</ele>
        <time>2026-02-22T11:58:31.000Z</time>
        <extensions>
          <ns3:TrackPointExtension>
            <ns3:hr>111</ns3:hr>
          </ns3:TrackPointExtension>
        </extensions>
      </trkpt>
      <trkpt lat="43.70838199742138385772705078125" lon="7.28693920187652111053466796875">
        <ele>23.799999237060546875</ele>
        <time>2026-02-22T11:58:32.000Z</time>
        <extensions>
          <ns3:TrackPointExtension>
            <ns3:hr>110</ns3:hr>
          </ns3:TrackPointExtension>
        </extensions>
      </trkpt>
      <trkpt lat="43.70837378315627574920654296875" lon="7.28687985800206661224365234375">
        <ele>23.6000003814697265625</ele>
        <time>2026-02-22T11:58:35.000Z</time>
        <extensions>
          <ns3:TrackPointExtension>
            <ns3:hr>107</ns3:hr>
          </ns3:TrackPointExtension>
        </extensions>
      </trkpt>
      <trkpt lat="43.70837177149951457977294921875" lon="7.28685001842677593231201171875">
        <ele>23.3999996185302734375</ele>
        <time>2026-02-22T11:58:36.000Z</time>
        <extensions>
          <ns3:TrackPointExtension>
            <ns3:hr>107</ns3:hr>
          </ns3:TrackPointExtension>
        </extensions>
      </trkpt>
      <trkpt lat="43.70836322195827960968017578125" lon="7.28659856133162975311279296875">
        <ele>23.200000762939453125</ele>
        <time>2026-02-22T11:58:42.000Z</time>
        <extensions>
          <ns3:TrackPointExtension>
            <ns3:hr>109</ns3:hr>
          </ns3:TrackPointExtension>
        </extensions>
      </trkpt>
      <trkpt lat="43.70836238376796245574951171875" lon="7.2865421511232852935791015625">
        <ele>23.200000762939453125</ele>
        <time>2026-02-22T11:58:43.000Z</time>
        <extensions>
          <ns3:TrackPointExtension>
            <ns3:hr>109</ns3:hr>
          </ns3:TrackPointExtension>
        </extensions>
      </trkpt>
      <trkpt lat="43.708365820348262786865234375" lon="7.286179549992084503173828125">
        <ele>22.799999237060546875</ele>
        <time>2026-02-22T11:58:49.000Z</time>
        <extensions>
          <ns3:TrackPointExtension>
            <ns3:hr>108</ns3:hr>
          </ns3:TrackPointExtension>
        </extensions>
      </trkpt>
      <trkpt lat="43.70834528468549251556396484375" lon="7.28564922697842121124267578125">
        <ele>22.6000003814697265625</ele>
        <time>2026-02-22T11:58:57.000Z</time>
        <extensions>
          <ns3:TrackPointExtension>
            <ns3:hr>107</ns3:hr>
          </ns3:TrackPointExtension>
        </extensions>
      </trkpt>
      <trkpt lat="43.70834277011454105377197265625" lon="7.28558083064854145050048828125">
        <ele>22.6000003814697265625</ele>
        <time>2026-02-22T11:58:58.000Z</time>
        <extensions>
          <ns3:TrackPointExtension>
            <ns3:hr>107</ns3:hr>
          </ns3:TrackPointExtension>
        </extensions>
      </trkpt>
      <trkpt lat="43.70834142901003360748291015625" lon="7.2852496616542339324951171875">
        <ele>22.799999237060546875</ele>
        <time>2026-02-22T11:59:03.000Z</time>
        <extensions>
          <ns3:TrackPointExtension>
            <ns3:hr>106</ns3:hr>
          </ns3:TrackPointExtension>
        </extensions>
      </trkpt>
      <trkpt lat="43.70833036489784717559814453125" lon="7.28504472412168979644775390625">
        <ele>22.799999237060546875</ele>
        <time>2026-02-22T11:59:06.000Z</time>
        <extensions>
          <ns3:TrackPointExtension>
            <ns3:hr>105</ns3:hr>
          </ns3:TrackPointExtension>
        </extensions>
      </trkpt>
      <trkpt lat="43.7082885392010211944580078125" lon="7.28483987040817737579345703125">
        <ele>23.200000762939453125</ele>
        <time>2026-02-22T11:59:09.000Z</time>
        <extensions>
          <ns3:TrackPointExtension>
            <ns3:hr>105</ns3:hr>
          </ns3:TrackPointExtension>
        </extensions>
      </trkpt>
      <trkpt lat="43.708233051002025604248046875" lon="7.28473308496177196502685546875">
        <ele>23</ele>
        <time>2026-02-22T11:59:11.000Z</time>
        <extensions>
          <ns3:TrackPointExtension>
            <ns3:hr>107</ns3:hr>
          </ns3:TrackPointExtension>
        </extensions>
      </trkpt>
      <trkpt lat="43.70819776318967342376708984375" lon="7.28468681685626506805419921875">
        <ele>23</ele>
        <time>2026-02-22T11:59:12.000Z</time>
        <extensions>
          <ns3:TrackPointExtension>
            <ns3:hr>109</ns3:hr>
          </ns3:TrackPointExtension>
        </extensions>
      </trkpt>
      <trkpt lat="43.7081681750714778900146484375" lon="7.28463434614241123199462890625">
        <ele>22.799999237060546875</ele>
        <time>2026-02-22T11:59:13.000Z</time>
        <extensions>
          <ns3:TrackPointExtension>
            <ns3:hr>110</ns3:hr>
          </ns3:TrackPointExtension>
        </extensions>
      </trkpt>
      <trkpt lat="43.70807102881371974945068359375" lon="7.28443200699985027313232421875">
        <ele>22.799999237060546875</ele>
        <time>2026-02-22T11:59:17.000Z</time>
        <extensions>
          <ns3:TrackPointExtension>
            <ns3:hr>111</ns3:hr>
          </ns3:TrackPointExtension>
        </extensions>
      </trkpt>
      <trkpt lat="43.70799592696130275726318359375" lon="7.28430745191872119903564453125">
        <ele>22.6000003814697265625</ele>
        <time>2026-02-22T11:59:22.000Z</time>
        <extensions>
          <ns3:TrackPointExtension>
            <ns3:hr>114</ns3:hr>
          </ns3:TrackPointExtension>
        </extensions>
      </trkpt>
      <trkpt lat="43.70799592696130275726318359375" lon="7.28430745191872119903564453125">
        <ele>22.6000003814697265625</ele>
        <time>2026-02-22T11:59:23.000Z</time>
        <extensions>
          <ns3:TrackPointExtension>
            <ns3:hr>114</ns3:hr>
          </ns3:TrackPointExtension>
        </extensions>
      </trkpt>
      <trkpt lat="43.70796994306147098541259765625" lon="7.284277193248271942138671875">
        <ele>22</ele>
        <time>2026-02-22T12:00:20.000Z</time>
        <extensions>
          <ns3:TrackPointExtension>
            <ns3:hr>98</ns3:hr>
          </ns3:TrackPointExtension>
        </extensions>
      </trkpt>
      <trkpt lat="43.707955442368984222412109375" lon="7.28425263427197933197021484375">
        <ele>22</ele>
        <time>2026-02-22T12:00:21.000Z</time>
        <extensions>
          <ns3:TrackPointExtension>
            <ns3:hr>100</ns3:hr>
          </ns3:TrackPointExtension>
        </extensions>
      </trkpt>
      <trkpt lat="43.7079378403723239898681640625" lon="7.28422866202890872955322265625">
        <ele>22</ele>
        <time>2026-02-22T12:00:22.000Z</time>
        <extensions>
          <ns3:TrackPointExtension>
            <ns3:hr>100</ns3:hr>
          </ns3:TrackPointExtension>
        </extensions>
      </trkpt>
      <trkpt lat="43.7078201584517955780029296875" lon="7.28413495235145092010498046875">
        <ele>22</ele>
        <time>2026-02-22T12:00:27.000Z</time>
        <extensions>
          <ns3:TrackPointExtension>
            <ns3:hr>99</ns3:hr>
          </ns3:TrackPointExtension>
        </extensions>
      </trkpt>
      <trkpt lat="43.70779308490455150604248046875" lon="7.28399396874010562896728515625">
        <ele>22.200000762939453125</ele>
        <time>2026-02-22T12:00:31.000Z</time>
        <extensions>
          <ns3:TrackPointExtension>
            <ns3:hr>100</ns3:hr>
          </ns3:TrackPointExtension>
        </extensions>
      </trkpt>
      <trkpt lat="43.707835413515567779541015625" lon="7.28373899124562740325927734375">
        <ele>22.3999996185302734375</ele>
        <time>2026-02-22T12:00:37.000Z</time>
        <extensions>
          <ns3:TrackPointExtension>
            <ns3:hr>101</ns3:hr>
          </ns3:TrackPointExtension>
        </extensions>
      </trkpt>
      <trkpt lat="43.707869611680507659912109375" lon="7.283444702625274658203125">
        <ele>22</ele>
        <time>2026-02-22T12:00:43.000Z</time>
        <extensions>
          <ns3:TrackPointExtension>
            <ns3:hr>104</ns3:hr>
          </ns3:TrackPointExtension>
        </extensions>
      </trkpt>
      <trkpt lat="43.70785812847316265106201171875" lon="7.28334839455783367156982421875">
        <ele>21.799999237060546875</ele>
        <time>2026-02-22T12:00:46.000Z</time>
        <extensions>
          <ns3:TrackPointExtension>
            <ns3:hr>107</ns3:hr>
          </ns3:TrackPointExtension>
        </extensions>
      </trkpt>
      <trkpt lat="43.70785343460738658905029296875" lon="7.28334068320691585540771484375">
        <ele>22</ele>
        <time>2026-02-22T12:00:47.000Z</time>
        <extensions>
          <ns3:TrackPointExtension>
            <ns3:hr>107</ns3:hr>
          </ns3:TrackPointExtension>
        </extensions>
      </trkpt>
      <trkpt lat="43.70785343460738658905029296875" lon="7.28334068320691585540771484375">
        <ele>22.200000762939453125</ele>
        <time>2026-02-22T12:00:49.000Z</time>
        <extensions>
          <ns3:TrackPointExtension>
            <ns3:hr>108</ns3:hr>
          </ns3:TrackPointExtension>
        </extensions>
      </trkpt>
      <trkpt lat="43.707853853702545166015625" lon="7.283291481435298919677734375">
        <ele>22.3999996185302734375</ele>
        <time>2026-02-22T12:01:22.000Z</time>
        <extensions>
          <ns3:TrackPointExtension>
            <ns3:hr>106</ns3:hr>
          </ns3:TrackPointExtension>
        </extensions>
      </trkpt>
      <trkpt lat="43.70785561390221118927001953125" lon="7.28326692245900630950927734375">
        <ele>22.3999996185302734375</ele>
        <time>2026-02-22T12:01:23.000Z</time>
        <extensions>
          <ns3:TrackPointExtension>
            <ns3:hr>106</ns3:hr>
          </ns3:TrackPointExtension>
        </extensions>
      </trkpt>
      <trkpt lat="43.70785343460738658905029296875" lon="7.28323884308338165283203125">
        <ele>22.200000762939453125</ele>
        <time>2026-02-22T12:01:24.000Z</time>
        <extensions>
          <ns3:TrackPointExtension>
            <ns3:hr>106</ns3:hr>
          </ns3:TrackPointExtension>
        </extensions>
      </trkpt>
      <trkpt lat="43.707824014127254486083984375" lon="7.28320858441293239593505859375">
        <ele>22.200000762939453125</ele>
        <time>2026-02-22T12:01:26.000Z</time>
        <extensions>
          <ns3:TrackPointExtension>
            <ns3:hr>106</ns3:hr>
          </ns3:TrackPointExtension>
        </extensions>
      </trkpt>
      <trkpt lat="43.70780289173126220703125" lon="7.2832044772803783416748046875">
        <ele>22.200000762939453125</ele>
        <time>2026-02-22T12:01:27.000Z</time>
        <extensions>
          <ns3:TrackPointExtension>
            <ns3:hr>106</ns3:hr>
          </ns3:TrackPointExtension>
        </extensions>
      </trkpt>
      <trkpt lat="43.70774648152291774749755859375" lon="7.28317354805767536163330078125">
        <ele>22</ele>
        <time>2026-02-22T12:01:29.000Z</time>
        <extensions>
          <ns3:TrackPointExtension>
            <ns3:hr>104</ns3:hr>
          </ns3:TrackPointExtension>
        </extensions>
      </trkpt>
      <trkpt lat="43.7076900713145732879638671875" lon="7.28312292136251926422119140625">
        <ele>21.799999237060546875</ele>
        <time>2026-02-22T12:01:31.000Z</time>
        <extensions>
          <ns3:TrackPointExtension>
            <ns3:hr>103</ns3:hr>
          </ns3:TrackPointExtension>
        </extensions>
      </trkpt>
      <trkpt lat="43.707443140447139739990234375" lon="7.28298579342663288116455078125">
        <ele>21.6000003814697265625</ele>
        <time>2026-02-22T12:01:38.000Z</time>
        <extensions>
          <ns3:TrackPointExtension>
            <ns3:hr>101</ns3:hr>
          </ns3:TrackPointExtension>
        </extensions>
      </trkpt>
      <trkpt lat="43.70735655538737773895263671875" lon="7.28293181397020816802978515625">
        <ele>22</ele>
        <time>2026-02-22T12:01:42.000Z</time>
        <extensions>
          <ns3:TrackPointExtension>
            <ns3:hr>101</ns3:hr>
          </ns3:TrackPointExtension>
        </extensions>
      </trkpt>
      <trkpt lat="43.70736300945281982421875" lon="7.28282636962831020355224609375">
        <ele>22</ele>
        <time>2026-02-22T12:01:45.000Z</time>
        <extensions>
          <ns3:TrackPointExtension>
            <ns3:hr>101</ns3:hr>
          </ns3:TrackPointExtension>
        </extensions>
      </trkpt>
      <trkpt lat="43.70742402970790863037109375" lon="7.2825045883655548095703125">
        <ele>22.6000003814697265625</ele>
        <time>2026-02-22T12:01:53.000Z</time>
        <extensions>
          <ns3:TrackPointExtension>
            <ns3:hr>103</ns3:hr>
          </ns3:TrackPointExtension>
        </extensions>
      </trkpt>
      <trkpt lat="43.70748999528586864471435546875" lon="7.282206527888774871826171875">
        <ele>22.6000003814697265625</ele>
        <time>2026-02-22T12:02:00.000Z</time>
        <extensions>
          <ns3:TrackPointExtension>
            <ns3:hr>105</ns3:hr>
          </ns3:TrackPointExtension>
        </extensions>
      </trkpt>
      <trkpt lat="43.70751011185348033905029296875" lon="7.28210829198360443115234375">
        <ele>22.6000003814697265625</ele>
        <time>2026-02-22T12:02:02.000Z</time>
        <extensions>
          <ns3:TrackPointExtension>
            <ns3:hr>108</ns3:hr>
          </ns3:TrackPointExtension>
        </extensions>
      </trkpt>
      <trkpt lat="43.70752729475498199462890625" lon="7.282004021108150482177734375">
        <ele>22.3999996185302734375</ele>
        <time>2026-02-22T12:02:04.000Z</time>
        <extensions>
          <ns3:TrackPointExtension>
            <ns3:hr>111</ns3:hr>
          </ns3:TrackPointExtension>
        </extensions>
      </trkpt>
      <trkpt lat="43.70755520649254322052001953125" lon="7.281839735805988311767578125">
        <ele>22</ele>
        <time>2026-02-22T12:02:08.000Z</time>
        <extensions>
          <ns3:TrackPointExtension>
            <ns3:hr>113</ns3:hr>
          </ns3:TrackPointExtension>
        </extensions>
      </trkpt>
      <trkpt lat="43.70755805633962154388427734375" lon="7.28182339109480381011962890625">
        <ele>22</ele>
        <time>2026-02-22T12:02:09.000Z</time>
        <extensions>
          <ns3:TrackPointExtension>
            <ns3:hr>113</ns3:hr>
          </ns3:TrackPointExtension>
        </extensions>
      </trkpt>
      <trkpt lat="43.707558475434780120849609375" lon="7.2818164341151714324951171875">
        <ele>21.799999237060546875</ele>
        <time>2026-02-22T12:02:11.000Z</time>
        <extensions>
          <ns3:TrackPointExtension>
            <ns3:hr>113</ns3:hr>
          </ns3:TrackPointExtension>
        </extensions>
      </trkpt>
      <trkpt lat="43.707518242299556732177734375" lon="7.28181903250515460968017578125">
        <ele>21.6000003814697265625</ele>
        <time>2026-02-22T12:02:18.000Z</time>
        <extensions>
          <ns3:TrackPointExtension>
            <ns3:hr>114</ns3:hr>
          </ns3:TrackPointExtension>
        </extensions>
      </trkpt>
      <trkpt lat="43.70739762671291828155517578125" lon="7.28178718127310276031494140625">
        <ele>21.6000003814697265625</ele>
        <time>2026-02-22T12:02:24.000Z</time>
        <extensions>
          <ns3:TrackPointExtension>
            <ns3:hr>113</ns3:hr>
          </ns3:TrackPointExtension>
        </extensions>
      </trkpt>
      <trkpt lat="43.70733962394297122955322265625" lon="7.2818026877939701080322265625">
        <ele>21.3999996185302734375</ele>
        <time>2026-02-22T12:02:28.000Z</time>
        <extensions>
          <ns3:TrackPointExtension>
            <ns3:hr>112</ns3:hr>
          </ns3:TrackPointExtension>
        </extensions>
      </trkpt>
      <trkpt lat="43.70732470415532588958740234375" lon="7.28179170750081539154052734375">
        <ele>21.200000762939453125</ele>
        <time>2026-02-22T12:02:29.000Z</time>
        <extensions>
          <ns3:TrackPointExtension>
            <ns3:hr>112</ns3:hr>
          </ns3:TrackPointExtension>
        </extensions>
      </trkpt>
      <trkpt lat="43.70718933641910552978515625" lon="7.281710989773273468017578125">
        <ele>21.200000762939453125</ele>
        <time>2026-02-22T12:02:34.000Z</time>
        <extensions>
          <ns3:TrackPointExtension>
            <ns3:hr>111</ns3:hr>
          </ns3:TrackPointExtension>
        </extensions>
      </trkpt>
      <trkpt lat="43.7071497738361358642578125" lon="7.28169749490916728973388671875">
        <ele>21</ele>
        <time>2026-02-22T12:02:35.000Z</time>
        <extensions>
          <ns3:TrackPointExtension>
            <ns3:hr>110</ns3:hr>
          </ns3:TrackPointExtension>
        </extensions>
      </trkpt>
      <trkpt lat="43.7068947963416576385498046875" lon="7.28161719627678394317626953125">
        <ele>20.799999237060546875</ele>
        <time>2026-02-22T12:02:41.000Z</time>
        <extensions>
          <ns3:TrackPointExtension>
            <ns3:hr>111</ns3:hr>
          </ns3:TrackPointExtension>
        </extensions>
      </trkpt>
      <trkpt lat="43.70670310221612453460693359375" lon="7.28152734227478504180908203125">
        <ele>20</ele>
        <time>2026-02-22T12:02:47.000Z</time>
        <extensions>
          <ns3:TrackPointExtension>
            <ns3:hr>108</ns3:hr>
          </ns3:TrackPointExtension>
        </extensions>
      </trkpt>
      <trkpt lat="43.706666640937328338623046875" lon="7.28149280883371829986572265625">
        <ele>20</ele>
        <time>2026-02-22T12:02:49.000Z</time>
        <extensions>
          <ns3:TrackPointExtension>
            <ns3:hr>105</ns3:hr>
          </ns3:TrackPointExtension>
        </extensions>
      </trkpt>
      <trkpt lat="43.70660469867289066314697265625" lon="7.2814412601292133331298828125">
        <ele>20</ele>
        <time>2026-02-22T12:02:52.000Z</time>
        <extensions>
          <ns3:TrackPointExtension>
            <ns3:hr>104</ns3:hr>
          </ns3:TrackPointExtension>
        </extensions>
      </trkpt>
      <trkpt lat="43.7064884416759014129638671875" lon="7.28138744831085205078125">
        <ele>20</ele>
        <time>2026-02-22T12:02:58.000Z</time>
        <extensions>
          <ns3:TrackPointExtension>
            <ns3:hr>106</ns3:hr>
          </ns3:TrackPointExtension>
        </extensions>
      </trkpt>
      <trkpt lat="43.7063479609787464141845703125" lon="7.281330786645412445068359375">
        <ele>19.799999237060546875</ele>
        <time>2026-02-22T12:03:03.000Z</time>
        <extensions>
          <ns3:TrackPointExtension>
            <ns3:hr>105</ns3:hr>
          </ns3:TrackPointExtension>
        </extensions>
      </trkpt>
      <trkpt lat="43.70621410198509693145751953125" lon="7.2812628932297229766845703125">
        <ele>20.200000762939453125</ele>
        <time>2026-02-22T12:03:06.000Z</time>
        <extensions>
          <ns3:TrackPointExtension>
            <ns3:hr>108</ns3:hr>
          </ns3:TrackPointExtension>
        </extensions>
      </trkpt>
      <trkpt lat="43.70608217082917690277099609375" lon="7.2812022082507610321044921875">
        <ele>20.200000762939453125</ele>
        <time>2026-02-22T12:03:09.000Z</time>
        <extensions>
          <ns3:TrackPointExtension>
            <ns3:hr>110</ns3:hr>
          </ns3:TrackPointExtension>
        </extensions>
      </trkpt>
      <trkpt lat="43.7057079188525676727294921875" lon="7.28097438812255859375">
        <ele>19.3999996185302734375</ele>
        <time>2026-02-22T12:03:17.000Z</time>
        <extensions>
          <ns3:TrackPointExtension>
            <ns3:hr>108</ns3:hr>
          </ns3:TrackPointExtension>
        </extensions>
      </trkpt>
      <trkpt lat="43.7055412866175174713134765625" lon="7.28086114861071109771728515625">
        <ele>19.200000762939453125</ele>
        <time>2026-02-22T12:03:20.000Z</time>
        <extensions>
          <ns3:TrackPointExtension>
            <ns3:hr>113</ns3:hr>
          </ns3:TrackPointExtension>
        </extensions>
      </trkpt>
      <trkpt lat="43.70548881590366363525390625" lon="7.28082343004643917083740234375">
        <ele>19.200000762939453125</ele>
        <time>2026-02-22T12:03:21.000Z</time>
        <extensions>
          <ns3:TrackPointExtension>
            <ns3:hr>120</ns3:hr>
          </ns3:TrackPointExtension>
        </extensions>
      </trkpt>
      <trkpt lat="43.7054465711116790771484375" lon="7.28079241700470447540283203125">
        <ele>19</ele>
        <time>2026-02-22T12:03:22.000Z</time>
        <extensions>
          <ns3:TrackPointExtension>
            <ns3:hr>123</ns3:hr>
          </ns3:TrackPointExtension>
        </extensions>
      </trkpt>
      <trkpt lat="43.70527750812470912933349609375" lon="7.280672304332256317138671875">
        <ele>19</ele>
        <time>2026-02-22T12:03:25.000Z</time>
        <extensions>
          <ns3:TrackPointExtension>
            <ns3:hr>124</ns3:hr>
          </ns3:TrackPointExtension>
        </extensions>
      </trkpt>
      <trkpt lat="43.7052231095731258392333984375" lon="7.2806402854621410369873046875">
        <ele>19</ele>
        <time>2026-02-22T12:03:26.000Z</time>
        <extensions>
          <ns3:TrackPointExtension>
            <ns3:hr>124</ns3:hr>
          </ns3:TrackPointExtension>
        </extensions>
      </trkpt>
      <trkpt lat="43.7049518711864948272705078125" lon="7.28042830713093280792236328125">
        <ele>19.799999237060546875</ele>
        <time>2026-02-22T12:03:32.000Z</time>
        <extensions>
          <ns3:TrackPointExtension>
            <ns3:hr>124</ns3:hr>
          </ns3:TrackPointExtension>
        </extensions>
      </trkpt>
      <trkpt lat="43.70463696308434009552001953125" lon="7.280214317142963409423828125">
        <ele>18.799999237060546875</ele>
        <time>2026-02-22T12:03:39.000Z</time>
        <extensions>
          <ns3:TrackPointExtension>
            <ns3:hr>122</ns3:hr>
          </ns3:TrackPointExtension>
        </extensions>
      </trkpt>
      <trkpt lat="43.70444275438785552978515625" lon="7.28008054196834564208984375">
        <ele>18.799999237060546875</ele>
        <time>2026-02-22T12:03:43.000Z</time>
        <extensions>
          <ns3:TrackPointExtension>
            <ns3:hr>119</ns3:hr>
          </ns3:TrackPointExtension>
        </extensions>
      </trkpt>
      <trkpt lat="43.7041545845568180084228515625" lon="7.27985615842044353485107421875">
        <ele>18.200000762939453125</ele>
        <time>2026-02-22T12:03:49.000Z</time>
        <extensions>
          <ns3:TrackPointExtension>
            <ns3:hr>117</ns3:hr>
          </ns3:TrackPointExtension>
        </extensions>
      </trkpt>
      <trkpt lat="43.704069592058658599853515625" lon="7.2797849960625171661376953125">
        <ele>17.799999237060546875</ele>
        <time>2026-02-22T12:03:51.000Z</time>
        <extensions>
          <ns3:TrackPointExtension>
            <ns3:hr>116</ns3:hr>
          </ns3:TrackPointExtension>
        </extensions>
      </trkpt>
      <trkpt lat="43.703673966228961944580078125" lon="7.279487438499927520751953125">
        <ele>17.6000003814697265625</ele>
        <time>2026-02-22T12:03:59.000Z</time>
        <extensions>
          <ns3:TrackPointExtension>
            <ns3:hr>117</ns3:hr>
          </ns3:TrackPointExtension>
        </extensions>
      </trkpt>
      <trkpt lat="43.7031675316393375396728515625" lon="7.27915107272565364837646484375">
        <ele>18</ele>
        <time>2026-02-22T12:04:09.000Z</time>
        <extensions>
          <ns3:TrackPointExtension>
            <ns3:hr>120</ns3:hr>
          </ns3:TrackPointExtension>
        </extensions>
      </trkpt>
      <trkpt lat="43.70312302373349666595458984375" lon="7.2791258431971073150634765625">
        <ele>18</ele>
        <time>2026-02-22T12:04:10.000Z</time>
        <extensions>
          <ns3:TrackPointExtension>
            <ns3:hr>120</ns3:hr>
          </ns3:TrackPointExtension>
        </extensions>
      </trkpt>
      <trkpt lat="43.70295345783233642578125" lon="7.278992235660552978515625">
        <ele>17.3999996185302734375</ele>
        <time>2026-02-22T12:04:14.000Z</time>
        <extensions>
          <ns3:TrackPointExtension>
            <ns3:hr>120</ns3:hr>
          </ns3:TrackPointExtension>
        </extensions>
      </trkpt>
      <trkpt lat="43.70282798074185848236083984375" lon="7.2788740508258342742919921875">
        <ele>18</ele>
        <time>2026-02-22T12:04:17.000Z</time>
        <extensions>
          <ns3:TrackPointExtension>
            <ns3:hr>120</ns3:hr>
          </ns3:TrackPointExtension>
        </extensions>
      </trkpt>
      <trkpt lat="43.70269236154854297637939453125" lon="7.278789393603801727294921875">
        <ele>19</ele>
        <time>2026-02-22T12:04:20.000Z</time>
        <extensions>
          <ns3:TrackPointExtension>
            <ns3:hr>120</ns3:hr>
          </ns3:TrackPointExtension>
        </extensions>
      </trkpt>
      <trkpt lat="43.70249136351048946380615234375" lon="7.27864732034504413604736328125">
        <ele>18.799999237060546875</ele>
        <time>2026-02-22T12:04:24.000Z</time>
        <extensions>
          <ns3:TrackPointExtension>
            <ns3:hr>120</ns3:hr>
          </ns3:TrackPointExtension>
        </extensions>
      </trkpt>
      <trkpt lat="43.70237770490348339080810546875" lon="7.2785642556846141815185546875">
        <ele>18</ele>
        <time>2026-02-22T12:04:26.000Z</time>
        <extensions>
          <ns3:TrackPointExtension>
            <ns3:hr>120</ns3:hr>
          </ns3:TrackPointExtension>
        </extensions>
      </trkpt>
      <trkpt lat="43.70211266912519931793212890625" lon="7.2783744893968105316162109375">
        <ele>17.200000762939453125</ele>
        <time>2026-02-22T12:04:31.000Z</time>
        <extensions>
          <ns3:TrackPointExtension>
            <ns3:hr>120</ns3:hr>
          </ns3:TrackPointExtension>
        </extensions>
      </trkpt>
      <trkpt lat="43.70194167830049991607666015625" lon="7.27825052104890346527099609375">
        <ele>17.3999996185302734375</ele>
        <time>2026-02-22T12:04:34.000Z</time>
        <extensions>
          <ns3:TrackPointExtension>
            <ns3:hr>123</ns3:hr>
          </ns3:TrackPointExtension>
        </extensions>
      </trkpt>
      <trkpt lat="43.70178275741636753082275390625" lon="7.278140299022197723388671875">
        <ele>18</ele>
        <time>2026-02-22T12:04:37.000Z</time>
        <extensions>
          <ns3:TrackPointExtension>
            <ns3:hr>126</ns3:hr>
          </ns3:TrackPointExtension>
        </extensions>
      </trkpt>
      <trkpt lat="43.701318316161632537841796875" lon="7.27783620357513427734375">
        <ele>18.200000762939453125</ele>
        <time>2026-02-22T12:04:46.000Z</time>
        <extensions>
          <ns3:TrackPointExtension>
            <ns3:hr>129</ns3:hr>
          </ns3:TrackPointExtension>
        </extensions>
      </trkpt>
      <trkpt lat="43.7009369395673274993896484375" lon="7.2775979898869991302490234375">
        <ele>17</ele>
        <time>2026-02-22T12:04:53.000Z</time>
        <extensions>
          <ns3:TrackPointExtension>
            <ns3:hr>125</ns3:hr>
          </ns3:TrackPointExtension>
        </extensions>
      </trkpt>
      <trkpt lat="43.700858652591705322265625" lon="7.27753604762256145477294921875">
        <ele>17.200000762939453125</ele>
        <time>2026-02-22T12:04:55.000Z</time>
        <extensions>
          <ns3:TrackPointExtension>
            <ns3:hr>124</ns3:hr>
          </ns3:TrackPointExtension>
        </extensions>
      </trkpt>
      <trkpt lat="43.7006435729563236236572265625" lon="7.27739070542156696319580078125">
        <ele>17</ele>
        <time>2026-02-22T12:05:01.000Z</time>
        <extensions>
          <ns3:TrackPointExtension>
            <ns3:hr>125</ns3:hr>
          </ns3:TrackPointExtension>
        </extensions>
      </trkpt>
      <trkpt lat="43.70060727931559085845947265625" lon="7.2773676551878452301025390625">
        <ele>16.799999237060546875</ele>
        <time>2026-02-22T12:05:05.000Z</time>
        <extensions>
          <ns3:TrackPointExtension>
            <ns3:hr>126</ns3:hr>
          </ns3:TrackPointExtension>
        </extensions>
      </trkpt>
      <trkpt lat="43.70058330707252025604248046875" lon="7.27734460495412349700927734375">
        <ele>16.3999996185302734375</ele>
        <time>2026-02-22T12:05:29.000Z</time>
        <extensions>
          <ns3:TrackPointExtension>
            <ns3:hr>121</ns3:hr>
          </ns3:TrackPointExtension>
        </extensions>
      </trkpt>
      <trkpt lat="43.70056101121008396148681640625" lon="7.2773331217467784881591796875">
        <ele>16.3999996185302734375</ele>
        <time>2026-02-22T12:05:30.000Z</time>
        <extensions>
          <ns3:TrackPointExtension>
            <ns3:hr>121</ns3:hr>
          </ns3:TrackPointExtension>
        </extensions>
      </trkpt>
      <trkpt lat="43.70053485967218875885009765625" lon="7.27732096798717975616455078125">
        <ele>16.6000003814697265625</ele>
        <time>2026-02-22T12:05:31.000Z</time>
        <extensions>
          <ns3:TrackPointExtension>
            <ns3:hr>121</ns3:hr>
          </ns3:TrackPointExtension>
        </extensions>
      </trkpt>
      <trkpt lat="43.7003894336521625518798828125" lon="7.277209572494029998779296875">
        <ele>16.3999996185302734375</ele>
        <time>2026-02-22T12:05:36.000Z</time>
        <extensions>
          <ns3:TrackPointExtension>
            <ns3:hr>120</ns3:hr>
          </ns3:TrackPointExtension>
        </extensions>
      </trkpt>
      <trkpt lat="43.70019505731761455535888671875" lon="7.277087867259979248046875">
        <ele>15.80000019073486328125</ele>
        <time>2026-02-22T12:05:41.000Z</time>
        <extensions>
          <ns3:TrackPointExtension>
            <ns3:hr>120</ns3:hr>
          </ns3:TrackPointExtension>
        </extensions>
      </trkpt>
      <trkpt lat="43.70010587386786937713623046875" lon="7.27703128941357135772705078125">
        <ele>15.6000003814697265625</ele>
        <time>2026-02-22T12:05:43.000Z</time>
        <extensions>
          <ns3:TrackPointExtension>
            <ns3:hr>120</ns3:hr>
          </ns3:TrackPointExtension>
        </extensions>
      </trkpt>
      <trkpt lat="43.699968159198760986328125" lon="7.2769378311932086944580078125">
        <ele>15.6000003814697265625</ele>
        <time>2026-02-22T12:05:46.000Z</time>
        <extensions>
          <ns3:TrackPointExtension>
            <ns3:hr>120</ns3:hr>
          </ns3:TrackPointExtension>
        </extensions>
      </trkpt>
      <trkpt lat="43.6998258344829082489013671875" lon="7.2768478095531463623046875">
        <ele>15.6000003814697265625</ele>
        <time>2026-02-22T12:05:49.000Z</time>
        <extensions>
          <ns3:TrackPointExtension>
            <ns3:hr>120</ns3:hr>
          </ns3:TrackPointExtension>
        </extensions>
      </trkpt>
      <trkpt lat="43.6994255147874355316162109375" lon="7.27658369578421115875244140625">
        <ele>15.6000003814697265625</ele>
        <time>2026-02-22T12:05:58.000Z</time>
        <extensions>
          <ns3:TrackPointExtension>
            <ns3:hr>121</ns3:hr>
          </ns3:TrackPointExtension>
        </extensions>
      </trkpt>
      <trkpt lat="43.69913223199546337127685546875" lon="7.27633927948772907257080078125">
        <ele>16.799999237060546875</ele>
        <time>2026-02-22T12:06:05.000Z</time>
        <extensions>
          <ns3:TrackPointExtension>
            <ns3:hr>122</ns3:hr>
          </ns3:TrackPointExtension>
        </extensions>
      </trkpt>
      <trkpt lat="43.69905796833336353302001953125" lon="7.276256717741489410400390625">
        <ele>16.799999237060546875</ele>
        <time>2026-02-22T12:06:07.000Z</time>
        <extensions>
          <ns3:TrackPointExtension>
            <ns3:hr>121</ns3:hr>
          </ns3:TrackPointExtension>
        </extensions>
      </trkpt>
      <trkpt lat="43.69891949929296970367431640625" lon="7.27605513297021389007568359375">
        <ele>17.3999996185302734375</ele>
        <time>2026-02-22T12:06:11.000Z</time>
        <extensions>
          <ns3:TrackPointExtension>
            <ns3:hr>120</ns3:hr>
          </ns3:TrackPointExtension>
        </extensions>
      </trkpt>
      <trkpt lat="43.69874482043087482452392578125" lon="7.27566805668175220489501953125">
        <ele>16.799999237060546875</ele>
        <time>2026-02-22T12:06:17.000Z</time>
        <extensions>
          <ns3:TrackPointExtension>
            <ns3:hr>120</ns3:hr>
          </ns3:TrackPointExtension>
        </extensions>
      </trkpt>
      <trkpt lat="43.6986235342919826507568359375" lon="7.275203950703144073486328125">
        <ele>16.200000762939453125</ele>
        <time>2026-02-22T12:06:23.000Z</time>
        <extensions>
          <ns3:TrackPointExtension>
            <ns3:hr>118</ns3:hr>
          </ns3:TrackPointExtension>
        </extensions>
      </trkpt>
      <trkpt lat="43.69846989400684833526611328125" lon="7.274562232196331024169921875">
        <ele>16</ele>
        <time>2026-02-22T12:06:32.000Z</time>
        <extensions>
          <ns3:TrackPointExtension>
            <ns3:hr>120</ns3:hr>
          </ns3:TrackPointExtension>
        </extensions>
      </trkpt>
      <trkpt lat="43.69845547713339328765869140625" lon="7.27449341677129268646240234375">
        <ele>15.80000019073486328125</ele>
        <time>2026-02-22T12:06:33.000Z</time>
        <extensions>
          <ns3:TrackPointExtension>
            <ns3:hr>119</ns3:hr>
          </ns3:TrackPointExtension>
        </extensions>
      </trkpt>
      <trkpt lat="43.69840133003890514373779296875" lon="7.2742787562310695648193359375">
        <ele>15.6000003814697265625</ele>
        <time>2026-02-22T12:06:37.000Z</time>
        <extensions>
          <ns3:TrackPointExtension>
            <ns3:hr>120</ns3:hr>
          </ns3:TrackPointExtension>
        </extensions>
      </trkpt>
      <trkpt lat="43.69836176745593547821044921875" lon="7.2742086835205554962158203125">
        <ele>15.3999996185302734375</ele>
        <time>2026-02-22T12:06:39.000Z</time>
        <extensions>
          <ns3:TrackPointExtension>
            <ns3:hr>120</ns3:hr>
          </ns3:TrackPointExtension>
        </extensions>
      </trkpt>
      <trkpt lat="43.69833461008965969085693359375" lon="7.274191416800022125244140625">
        <ele>15.19999980926513671875</ele>
        <time>2026-02-22T12:06:40.000Z</time>
        <extensions>
          <ns3:TrackPointExtension>
            <ns3:hr>120</ns3:hr>
          </ns3:TrackPointExtension>
        </extensions>
      </trkpt>
      <trkpt lat="43.69830192066729068756103515625" lon="7.27418948896229267120361328125">
        <ele>15.19999980926513671875</ele>
        <time>2026-02-22T12:06:41.000Z</time>
        <extensions>
          <ns3:TrackPointExtension>
            <ns3:hr>119</ns3:hr>
          </ns3:TrackPointExtension>
        </extensions>
      </trkpt>
      <trkpt lat="43.698204271495342254638671875" lon="7.27423734962940216064453125">
        <ele>15.3999996185302734375</ele>
        <time>2026-02-22T12:06:44.000Z</time>
        <extensions>
          <ns3:TrackPointExtension>
            <ns3:hr>119</ns3:hr>
          </ns3:TrackPointExtension>
        </extensions>
      </trkpt>
      <trkpt lat="43.6979613639414310455322265625" lon="7.2743843682110309600830078125">
        <ele>15</ele>
        <time>2026-02-22T12:06:51.000Z</time>
        <extensions>
          <ns3:TrackPointExtension>
            <ns3:hr>116</ns3:hr>
          </ns3:TrackPointExtension>
        </extensions>
      </trkpt>
      <trkpt lat="43.69789992459118366241455078125" lon="7.2744168899953365325927734375">
        <ele>15</ele>
        <time>2026-02-22T12:06:53.000Z</time>
        <extensions>
          <ns3:TrackPointExtension>
            <ns3:hr>116</ns3:hr>
          </ns3:TrackPointExtension>
        </extensions>
      </trkpt>
      <trkpt lat="43.69774720631539821624755859375" lon="7.2744802571833133697509765625">
        <ele>15</ele>
        <time>2026-02-22T12:06:58.000Z</time>
        <extensions>
          <ns3:TrackPointExtension>
            <ns3:hr>116</ns3:hr>
          </ns3:TrackPointExtension>
        </extensions>
      </trkpt>
      <trkpt lat="43.69766271673142910003662109375" lon="7.274483777582645416259765625">
        <ele>15</ele>
        <time>2026-02-22T12:07:02.000Z</time>
        <extensions>
          <ns3:TrackPointExtension>
            <ns3:hr>116</ns3:hr>
          </ns3:TrackPointExtension>
        </extensions>
      </trkpt>
      <trkpt lat="43.69757420383393764495849609375" lon="7.27443843148648738861083984375">
        <ele>15.19999980926513671875</ele>
        <time>2026-02-22T12:07:06.000Z</time>
        <extensions>
          <ns3:TrackPointExtension>
            <ns3:hr>118</ns3:hr>
          </ns3:TrackPointExtension>
        </extensions>
      </trkpt>
      <trkpt lat="43.697500191628932952880859375" lon="7.27427280507981777191162109375">
        <ele>14.80000019073486328125</ele>
        <time>2026-02-22T12:07:10.000Z</time>
        <extensions>
          <ns3:TrackPointExtension>
            <ns3:hr>119</ns3:hr>
          </ns3:TrackPointExtension>
        </extensions>
      </trkpt>
      <trkpt lat="43.6974802426993846893310546875" lon="7.27421916089951992034912109375">
        <ele>14.80000019073486328125</ele>
        <time>2026-02-22T12:07:11.000Z</time>
        <extensions>
          <ns3:TrackPointExtension>
            <ns3:hr>119</ns3:hr>
          </ns3:TrackPointExtension>
        </extensions>
      </trkpt>
      <trkpt lat="43.69746230542659759521484375" lon="7.27415847592055797576904296875">
        <ele>14.6000003814697265625</ele>
        <time>2026-02-22T12:07:12.000Z</time>
        <extensions>
          <ns3:TrackPointExtension>
            <ns3:hr>122</ns3:hr>
          </ns3:TrackPointExtension>
        </extensions>
      </trkpt>
      <trkpt lat="43.69744487106800079345703125" lon="7.2740963660180568695068359375">
        <ele>14.3999996185302734375</ele>
        <time>2026-02-22T12:07:13.000Z</time>
        <extensions>
          <ns3:TrackPointExtension>
            <ns3:hr>125</ns3:hr>
          </ns3:TrackPointExtension>
        </extensions>
      </trkpt>
      <trkpt lat="43.69743187911808490753173828125" lon="7.27403492666780948638916015625">
        <ele>14.3999996185302734375</ele>
        <time>2026-02-22T12:07:14.000Z</time>
        <extensions>
          <ns3:TrackPointExtension>
            <ns3:hr>127</ns3:hr>
          </ns3:TrackPointExtension>
        </extensions>
      </trkpt>
      <trkpt lat="43.6973945796489715576171875" lon="7.2739092819392681121826171875">
        <ele>13.80000019073486328125</ele>
        <time>2026-02-22T12:07:16.000Z</time>
        <extensions>
          <ns3:TrackPointExtension>
            <ns3:hr>126</ns3:hr>
          </ns3:TrackPointExtension>
        </extensions>
      </trkpt>
      <trkpt lat="43.69735300540924072265625" lon="7.27377324365079402923583984375">
        <ele>13.3999996185302734375</ele>
        <time>2026-02-22T12:07:18.000Z</time>
        <extensions>
          <ns3:TrackPointExtension>
            <ns3:hr>127</ns3:hr>
          </ns3:TrackPointExtension>
        </extensions>
      </trkpt>
      <trkpt lat="43.69724764488637447357177734375" lon="7.27341801859438419342041015625">
        <ele>12.6000003814697265625</ele>
        <time>2026-02-22T12:07:23.000Z</time>
        <extensions>
          <ns3:TrackPointExtension>
            <ns3:hr>126</ns3:hr>
          </ns3:TrackPointExtension>
        </extensions>
      </trkpt>
      <trkpt lat="43.69722434319555759429931640625" lon="7.2733594290912151336669921875">
        <ele>12.3999996185302734375</ele>
        <time>2026-02-22T12:07:24.000Z</time>
        <extensions>
          <ns3:TrackPointExtension>
            <ns3:hr>126</ns3:hr>
          </ns3:TrackPointExtension>
        </extensions>
      </trkpt>
      <trkpt lat="43.69719215668737888336181640625" lon="7.27325205691158771514892578125">
        <ele>12.19999980926513671875</ele>
        <time>2026-02-22T12:07:26.000Z</time>
        <extensions>
          <ns3:TrackPointExtension>
            <ns3:hr>125</ns3:hr>
          </ns3:TrackPointExtension>
        </extensions>
      </trkpt>
      <trkpt lat="43.69717053137719631195068359375" lon="7.273186929523944854736328125">
        <ele>12</ele>
        <time>2026-02-22T12:07:28.000Z</time>
        <extensions>
          <ns3:TrackPointExtension>
            <ns3:hr>125</ns3:hr>
          </ns3:TrackPointExtension>
        </extensions>
      </trkpt>
      <trkpt lat="43.69711353443562984466552734375" lon="7.2731435112655162811279296875">
        <ele>12</ele>
        <time>2026-02-22T12:07:32.000Z</time>
        <extensions>
          <ns3:TrackPointExtension>
            <ns3:hr>125</ns3:hr>
          </ns3:TrackPointExtension>
        </extensions>
      </trkpt>
      <trkpt lat="43.6970292963087558746337890625" lon="7.27314694784581661224365234375">
        <ele>11.6000003814697265625</ele>
        <time>2026-02-22T12:07:37.000Z</time>
        <extensions>
          <ns3:TrackPointExtension>
            <ns3:hr>122</ns3:hr>
          </ns3:TrackPointExtension>
        </extensions>
      </trkpt>
      <trkpt lat="43.69696416892111301422119140625" lon="7.273119874298572540283203125">
        <ele>11.6000003814697265625</ele>
        <time>2026-02-22T12:07:40.000Z</time>
        <extensions>
          <ns3:TrackPointExtension>
            <ns3:hr>119</ns3:hr>
          </ns3:TrackPointExtension>
        </extensions>
      </trkpt>
      <trkpt lat="43.69684481061995029449462890625" lon="7.273097075521945953369140625">
        <ele>11.6000003814697265625</ele>
        <time>2026-02-22T12:07:44.000Z</time>
        <extensions>
          <ns3:TrackPointExtension>
            <ns3:hr>118</ns3:hr>
          </ns3:TrackPointExtension>
        </extensions>
      </trkpt>
      <trkpt lat="43.6967419646680355072021484375" lon="7.27310135029256343841552734375">
        <ele>11.3999996185302734375</ele>
        <time>2026-02-22T12:07:47.000Z</time>
        <extensions>
          <ns3:TrackPointExtension>
            <ns3:hr>117</ns3:hr>
          </ns3:TrackPointExtension>
        </extensions>
      </trkpt>
      <trkpt lat="43.69665923528373241424560546875" lon="7.27311342023313045501708984375">
        <ele>11.19999980926513671875</ele>
        <time>2026-02-22T12:07:49.000Z</time>
        <extensions>
          <ns3:TrackPointExtension>
            <ns3:hr>116</ns3:hr>
          </ns3:TrackPointExtension>
        </extensions>
      </trkpt>
      <trkpt lat="43.69656200520694255828857421875" lon="7.2730650566518306732177734375">
        <ele>11</ele>
        <time>2026-02-22T12:07:53.000Z</time>
        <extensions>
          <ns3:TrackPointExtension>
            <ns3:hr>117</ns3:hr>
          </ns3:TrackPointExtension>
        </extensions>
      </trkpt>
      <trkpt lat="43.6963952891528606414794921875" lon="7.27300160564482212066650390625">
        <ele>10.6000003814697265625</ele>
        <time>2026-02-22T12:07:59.000Z</time>
        <extensions>
          <ns3:TrackPointExtension>
            <ns3:hr>117</ns3:hr>
          </ns3:TrackPointExtension>
        </extensions>
      </trkpt>
      <trkpt lat="43.69628389365971088409423828125" lon="7.2729599475860595703125">
        <ele>10.80000019073486328125</ele>
        <time>2026-02-22T12:08:05.000Z</time>
        <extensions>
          <ns3:TrackPointExtension>
            <ns3:hr>117</ns3:hr>
          </ns3:TrackPointExtension>
        </extensions>
      </trkpt>
      <trkpt lat="43.69613855145871639251708984375" lon="7.2729125060141086578369140625">
        <ele>11</ele>
        <time>2026-02-22T12:08:11.000Z</time>
        <extensions>
          <ns3:TrackPointExtension>
            <ns3:hr>120</ns3:hr>
          </ns3:TrackPointExtension>
        </extensions>
      </trkpt>
      <trkpt lat="43.6961183510720729827880859375" lon="7.272901944816112518310546875">
        <ele>11</ele>
        <time>2026-02-22T12:08:12.000Z</time>
        <extensions>
          <ns3:TrackPointExtension>
            <ns3:hr>120</ns3:hr>
          </ns3:TrackPointExtension>
        </extensions>
      </trkpt>
      <trkpt lat="43.6959621123969554901123046875" lon="7.272913344204425811767578125">
        <ele>11.19999980926513671875</ele>
        <time>2026-02-22T12:08:19.000Z</time>
        <extensions>
          <ns3:TrackPointExtension>
            <ns3:hr>120</ns3:hr>
          </ns3:TrackPointExtension>
        </extensions>
      </trkpt>
      <trkpt lat="43.695934116840362548828125" lon="7.27290990762412548065185546875">
        <ele>11</ele>
        <time>2026-02-22T12:08:20.000Z</time>
        <extensions>
          <ns3:TrackPointExtension>
            <ns3:hr>120</ns3:hr>
          </ns3:TrackPointExtension>
        </extensions>
      </trkpt>
      <trkpt lat="43.69587711989879608154296875" lon="7.27290336973965167999267578125">
        <ele>10.6000003814697265625</ele>
        <time>2026-02-22T12:08:22.000Z</time>
        <extensions>
          <ns3:TrackPointExtension>
            <ns3:hr>119</ns3:hr>
          </ns3:TrackPointExtension>
        </extensions>
      </trkpt>
      <trkpt lat="43.6957398243248462677001953125" lon="7.27283832617104053497314453125">
        <ele>10.80000019073486328125</ele>
        <time>2026-02-22T12:08:27.000Z</time>
        <extensions>
          <ns3:TrackPointExtension>
            <ns3:hr>120</ns3:hr>
          </ns3:TrackPointExtension>
        </extensions>
      </trkpt>
      <trkpt lat="43.69564569555222988128662109375" lon="7.27281820960342884063720703125">
        <ele>10.80000019073486328125</ele>
        <time>2026-02-22T12:08:32.000Z</time>
        <extensions>
          <ns3:TrackPointExtension>
            <ns3:hr>118</ns3:hr>
          </ns3:TrackPointExtension>
        </extensions>
      </trkpt>
      <trkpt lat="43.6954903788864612579345703125" lon="7.27283363230526447296142578125">
        <ele>11</ele>
        <time>2026-02-22T12:08:38.000Z</time>
        <extensions>
          <ns3:TrackPointExtension>
            <ns3:hr>116</ns3:hr>
          </ns3:TrackPointExtension>
        </extensions>
      </trkpt>
      <trkpt lat="43.6954580247402191162109375" lon="7.272832207381725311279296875">
        <ele>11</ele>
        <time>2026-02-22T12:08:39.000Z</time>
        <extensions>
          <ns3:TrackPointExtension>
            <ns3:hr>116</ns3:hr>
          </ns3:TrackPointExtension>
        </extensions>
      </trkpt>
      <trkpt lat="43.69536490179598331451416015625" lon="7.272859700024127960205078125">
        <ele>11.19999980926513671875</ele>
        <time>2026-02-22T12:08:42.000Z</time>
        <extensions>
          <ns3:TrackPointExtension>
            <ns3:hr>117</ns3:hr>
          </ns3:TrackPointExtension>
        </extensions>
      </trkpt>
      <trkpt lat="43.69526733644306659698486328125" lon="7.27283279411494731903076171875">
        <ele>12.6000003814697265625</ele>
        <time>2026-02-22T12:08:46.000Z</time>
        <extensions>
          <ns3:TrackPointExtension>
            <ns3:hr>117</ns3:hr>
          </ns3:TrackPointExtension>
        </extensions>
      </trkpt>
      <trkpt lat="43.69521570391952991485595703125" lon="7.27281351573765277862548828125">
        <ele>12.6000003814697265625</ele>
        <time>2026-02-22T12:08:48.000Z</time>
        <extensions>
          <ns3:TrackPointExtension>
            <ns3:hr>117</ns3:hr>
          </ns3:TrackPointExtension>
        </extensions>
      </trkpt>
      <trkpt lat="43.69517731480300426483154296875" lon="7.27282307110726833343505859375">
        <ele>12.3999996185302734375</ele>
        <time>2026-02-22T12:08:53.000Z</time>
        <extensions>
          <ns3:TrackPointExtension>
            <ns3:hr>116</ns3:hr>
          </ns3:TrackPointExtension>
        </extensions>
      </trkpt>
      <trkpt lat="43.69513121433556079864501953125" lon="7.272799350321292877197265625">
        <ele>12.3999996185302734375</ele>
        <time>2026-02-22T12:09:02.000Z</time>
        <extensions>
          <ns3:TrackPointExtension>
            <ns3:hr>117</ns3:hr>
          </ns3:TrackPointExtension>
        </extensions>
      </trkpt>
      <trkpt lat="43.69510288350284099578857421875" lon="7.2727690078318119049072265625">
        <ele>12.3999996185302734375</ele>
        <time>2026-02-22T12:09:04.000Z</time>
        <extensions>
          <ns3:TrackPointExtension>
            <ns3:hr>117</ns3:hr>
          </ns3:TrackPointExtension>
        </extensions>
      </trkpt>
      <trkpt lat="43.69507790543138980865478515625" lon="7.272736318409442901611328125">
        <ele>12.3999996185302734375</ele>
        <time>2026-02-22T12:09:06.000Z</time>
        <extensions>
          <ns3:TrackPointExtension>
            <ns3:hr>115</ns3:hr>
          </ns3:TrackPointExtension>
        </extensions>
      </trkpt>
      <trkpt lat="43.6950662545859813690185546875" lon="7.27270790375769138336181640625">
        <ele>12.3999996185302734375</ele>
        <time>2026-02-22T12:09:07.000Z</time>
        <extensions>
          <ns3:TrackPointExtension>
            <ns3:hr>112</ns3:hr>
          </ns3:TrackPointExtension>
        </extensions>
      </trkpt>
      <trkpt lat="43.69506231509149074554443359375" lon="7.27267085574567317962646484375">
        <ele>12.3999996185302734375</ele>
        <time>2026-02-22T12:09:08.000Z</time>
        <extensions>
          <ns3:TrackPointExtension>
            <ns3:hr>109</ns3:hr>
          </ns3:TrackPointExtension>
        </extensions>
      </trkpt>
      <trkpt lat="43.69506466202437877655029296875" lon="7.27258334867656230926513671875">
        <ele>12.6000003814697265625</ele>
        <time>2026-02-22T12:09:10.000Z</time>
        <extensions>
          <ns3:TrackPointExtension>
            <ns3:hr>106</ns3:hr>
          </ns3:TrackPointExtension>
        </extensions>
      </trkpt>
      <trkpt lat="43.69506717659533023834228515625" lon="7.27242761291563510894775390625">
        <ele>12.6000003814697265625</ele>
        <time>2026-02-22T12:09:13.000Z</time>
        <extensions>
          <ns3:TrackPointExtension>
            <ns3:hr>103</ns3:hr>
          </ns3:TrackPointExtension>
        </extensions>
      </trkpt>
      <trkpt lat="43.69506365619599819183349609375" lon="7.27195235900580883026123046875">
        <ele>12.6000003814697265625</ele>
        <time>2026-02-22T12:09:21.000Z</time>
        <extensions>
          <ns3:TrackPointExtension>
            <ns3:hr>103</ns3:hr>
          </ns3:TrackPointExtension>
        </extensions>
      </trkpt>
      <trkpt lat="43.6950612254440784454345703125" lon="7.271747253835201263427734375">
        <ele>12.6000003814697265625</ele>
        <time>2026-02-22T12:09:24.000Z</time>
        <extensions>
          <ns3:TrackPointExtension>
            <ns3:hr>100</ns3:hr>
          </ns3:TrackPointExtension>
        </extensions>
      </trkpt>
      <trkpt lat="43.69505980052053928375244140625" lon="7.27154575288295745849609375">
        <ele>12.80000019073486328125</ele>
        <time>2026-02-22T12:09:27.000Z</time>
        <extensions>
          <ns3:TrackPointExtension>
            <ns3:hr>101</ns3:hr>
          </ns3:TrackPointExtension>
        </extensions>
      </trkpt>
      <trkpt lat="43.69505963288247585296630859375" lon="7.27135523222386837005615234375">
        <ele>12.80000019073486328125</ele>
        <time>2026-02-22T12:09:30.000Z</time>
        <extensions>
          <ns3:TrackPointExtension>
            <ns3:hr>104</ns3:hr>
          </ns3:TrackPointExtension>
        </extensions>
      </trkpt>
      <trkpt lat="43.6950583755970001220703125" lon="7.2712941281497478485107421875">
        <ele>12.80000019073486328125</ele>
        <time>2026-02-22T12:09:31.000Z</time>
        <extensions>
          <ns3:TrackPointExtension>
            <ns3:hr>107</ns3:hr>
          </ns3:TrackPointExtension>
        </extensions>
      </trkpt>
      <trkpt lat="43.695052005350589752197265625" lon="7.27123402990400791168212890625">
        <ele>13</ele>
        <time>2026-02-22T12:09:32.000Z</time>
        <extensions>
          <ns3:TrackPointExtension>
            <ns3:hr>111</ns3:hr>
          </ns3:TrackPointExtension>
        </extensions>
      </trkpt>
      <trkpt lat="43.6950441263616085052490234375" lon="7.2711695730686187744140625">
        <ele>13</ele>
        <time>2026-02-22T12:09:33.000Z</time>
        <extensions>
          <ns3:TrackPointExtension>
            <ns3:hr>117</ns3:hr>
          </ns3:TrackPointExtension>
        </extensions>
      </trkpt>
      <trkpt lat="43.69504102505743503570556640625" lon="7.27110226638615131378173828125">
        <ele>12.80000019073486328125</ele>
        <time>2026-02-22T12:09:34.000Z</time>
        <extensions>
          <ns3:TrackPointExtension>
            <ns3:hr>122</ns3:hr>
          </ns3:TrackPointExtension>
        </extensions>
      </trkpt>
      <trkpt lat="43.69504370726644992828369140625" lon="7.27084712125360965728759765625">
        <ele>12.80000019073486328125</ele>
        <time>2026-02-22T12:09:38.000Z</time>
        <extensions>
          <ns3:TrackPointExtension>
            <ns3:hr>114</ns3:hr>
          </ns3:TrackPointExtension>
        </extensions>
      </trkpt>
      <trkpt lat="43.695052005350589752197265625" lon="7.2707865200936794281005859375">
        <ele>12.80000019073486328125</ele>
        <time>2026-02-22T12:09:39.000Z</time>
        <extensions>
          <ns3:TrackPointExtension>
            <ns3:hr>109</ns3:hr>
          </ns3:TrackPointExtension>
        </extensions>
      </trkpt>
      <trkpt lat="43.69505326263606548309326171875" lon="7.2707271762192249298095703125">
        <ele>12.80000019073486328125</ele>
        <time>2026-02-22T12:09:40.000Z</time>
        <extensions>
          <ns3:TrackPointExtension>
            <ns3:hr>106</ns3:hr>
          </ns3:TrackPointExtension>
        </extensions>
      </trkpt>
      <trkpt lat="43.6950501613318920135498046875" lon="7.27065484039485454559326171875">
        <ele>12.80000019073486328125</ele>
        <time>2026-02-22T12:09:41.000Z</time>
        <extensions>
          <ns3:TrackPointExtension>
            <ns3:hr>105</ns3:hr>
          </ns3:TrackPointExtension>
        </extensions>
      </trkpt>
      <trkpt lat="43.695041276514530181884765625" lon="7.2702668420970439910888671875">
        <ele>12.80000019073486328125</ele>
        <time>2026-02-22T12:09:47.000Z</time>
        <extensions>
          <ns3:TrackPointExtension>
            <ns3:hr>102</ns3:hr>
          </ns3:TrackPointExtension>
        </extensions>
      </trkpt>
      <trkpt lat="43.6950407736003398895263671875" lon="7.27020624093711376190185546875">
        <ele>12.80000019073486328125</ele>
        <time>2026-02-22T12:09:48.000Z</time>
        <extensions>
          <ns3:TrackPointExtension>
            <ns3:hr>108</ns3:hr>
          </ns3:TrackPointExtension>
        </extensions>
      </trkpt>
      <trkpt lat="43.69503934867680072784423828125" lon="7.27014563977718353271484375">
        <ele>12.80000019073486328125</ele>
        <time>2026-02-22T12:09:49.000Z</time>
        <extensions>
          <ns3:TrackPointExtension>
            <ns3:hr>112</ns3:hr>
          </ns3:TrackPointExtension>
        </extensions>
      </trkpt>
      <trkpt lat="43.695039264857769012451171875" lon="7.2700847871601581573486328125">
        <ele>12.80000019073486328125</ele>
        <time>2026-02-22T12:09:50.000Z</time>
        <extensions>
          <ns3:TrackPointExtension>
            <ns3:hr>113</ns3:hr>
          </ns3:TrackPointExtension>
        </extensions>
      </trkpt>
      <trkpt lat="43.69503892958164215087890625" lon="7.2699607349932193756103515625">
        <ele>12.80000019073486328125</ele>
        <time>2026-02-22T12:09:52.000Z</time>
        <extensions>
          <ns3:TrackPointExtension>
            <ns3:hr>117</ns3:hr>
          </ns3:TrackPointExtension>
        </extensions>
      </trkpt>
      <trkpt lat="43.69503633119165897369384765625" lon="7.269911281764507293701171875">
        <ele>12.80000019073486328125</ele>
        <time>2026-02-22T12:09:53.000Z</time>
        <extensions>
          <ns3:TrackPointExtension>
            <ns3:hr>121</ns3:hr>
          </ns3:TrackPointExtension>
        </extensions>
      </trkpt>
      <trkpt lat="43.695054352283477783203125" lon="7.26972126401960849761962890625">
        <ele>13</ele>
        <time>2026-02-22T12:09:58.000Z</time>
        <extensions>
          <ns3:TrackPointExtension>
            <ns3:hr>122</ns3:hr>
          </ns3:TrackPointExtension>
        </extensions>
      </trkpt>
      <trkpt lat="43.695076145231723785400390625" lon="7.26972126401960849761962890625">
        <ele>13</ele>
        <time>2026-02-22T12:10:02.000Z</time>
        <extensions>
          <ns3:TrackPointExtension>
            <ns3:hr>121</ns3:hr>
          </ns3:TrackPointExtension>
        </extensions>
      </trkpt>
      <trkpt lat="43.69498486630618572235107421875" lon="7.26978781633079051971435546875">
        <ele>12.80000019073486328125</ele>
        <time>2026-02-22T12:10:21.000Z</time>
        <extensions>
          <ns3:TrackPointExtension>
            <ns3:hr>121</ns3:hr>
          </ns3:TrackPointExtension>
        </extensions>
      </trkpt>
      <trkpt lat="43.69489249773323535919189453125" lon="7.2698266245424747467041015625">
        <ele>12.80000019073486328125</ele>
        <time>2026-02-22T12:10:28.000Z</time>
        <extensions>
          <ns3:TrackPointExtension>
            <ns3:hr>119</ns3:hr>
          </ns3:TrackPointExtension>
        </extensions>
      </trkpt>
      <trkpt lat="43.69485813193023204803466796875" lon="7.269810028374195098876953125">
        <ele>12.6000003814697265625</ele>
        <time>2026-02-22T12:10:31.000Z</time>
        <extensions>
          <ns3:TrackPointExtension>
            <ns3:hr>119</ns3:hr>
          </ns3:TrackPointExtension>
        </extensions>
      </trkpt>
      <trkpt lat="43.69484622962772846221923828125" lon="7.2697780095040798187255859375">
        <ele>12.6000003814697265625</ele>
        <time>2026-02-22T12:10:33.000Z</time>
        <extensions>
          <ns3:TrackPointExtension>
            <ns3:hr>120</ns3:hr>
          </ns3:TrackPointExtension>
        </extensions>
      </trkpt>
      <trkpt lat="43.69483910501003265380859375" lon="7.26976208388805389404296875">
        <ele>12.6000003814697265625</ele>
        <time>2026-02-22T12:10:34.000Z</time>
        <extensions>
          <ns3:TrackPointExtension>
            <ns3:hr>121</ns3:hr>
          </ns3:TrackPointExtension>
        </extensions>
      </trkpt>
      <trkpt lat="43.694865591824054718017578125" lon="7.269603498280048370361328125">
        <ele>12.19999980926513671875</ele>
        <time>2026-02-22T12:10:41.000Z</time>
        <extensions>
          <ns3:TrackPointExtension>
            <ns3:hr>122</ns3:hr>
          </ns3:TrackPointExtension>
        </extensions>
      </trkpt>
      <trkpt lat="43.69489216245710849761962890625" lon="7.2694717347621917724609375">
        <ele>12.19999980926513671875</ele>
        <time>2026-02-22T12:10:46.000Z</time>
        <extensions>
          <ns3:TrackPointExtension>
            <ns3:hr>122</ns3:hr>
          </ns3:TrackPointExtension>
        </extensions>
      </trkpt>
      <trkpt lat="43.6948882229626178741455078125" lon="7.26945228874683380126953125">
        <ele>12.19999980926513671875</ele>
        <time>2026-02-22T12:10:47.000Z</time>
        <extensions>
          <ns3:TrackPointExtension>
            <ns3:hr>123</ns3:hr>
          </ns3:TrackPointExtension>
        </extensions>
      </trkpt>
      <trkpt lat="43.69485897012054920196533203125" lon="7.2693247161805629730224609375">
        <ele>12.19999980926513671875</ele>
        <time>2026-02-22T12:10:52.000Z</time>
        <extensions>
          <ns3:TrackPointExtension>
            <ns3:hr>122</ns3:hr>
          </ns3:TrackPointExtension>
        </extensions>
      </trkpt>
      <trkpt lat="43.69485092349350452423095703125" lon="7.2693106345832347869873046875">
        <ele>12.19999980926513671875</ele>
        <time>2026-02-22T12:10:53.000Z</time>
        <extensions>
          <ns3:TrackPointExtension>
            <ns3:hr>122</ns3:hr>
          </ns3:TrackPointExtension>
        </extensions>
      </trkpt>
      <trkpt lat="43.6948516778647899627685546875" lon="7.2692972235381603240966796875">
        <ele>12.19999980926513671875</ele>
        <time>2026-02-22T12:10:54.000Z</time>
        <extensions>
          <ns3:TrackPointExtension>
            <ns3:hr>122</ns3:hr>
          </ns3:TrackPointExtension>
        </extensions>
      </trkpt>
      <trkpt lat="43.694858215749263763427734375" lon="7.2692469321191310882568359375">
        <ele>12</ele>
        <time>2026-02-22T12:10:57.000Z</time>
        <extensions>
          <ns3:TrackPointExtension>
            <ns3:hr>122</ns3:hr>
          </ns3:TrackPointExtension>
        </extensions>
      </trkpt>
      <trkpt lat="43.69486651383340358734130859375" lon="7.26914023049175739288330078125">
        <ele>11.80000019073486328125</ele>
        <time>2026-02-22T12:11:03.000Z</time>
        <extensions>
          <ns3:TrackPointExtension>
            <ns3:hr>123</ns3:hr>
          </ns3:TrackPointExtension>
        </extensions>
      </trkpt>
      <trkpt lat="43.6948707886040210723876953125" lon="7.2690155915915966033935546875">
        <ele>11.80000019073486328125</ele>
        <time>2026-02-22T12:11:10.000Z</time>
        <extensions>
          <ns3:TrackPointExtension>
            <ns3:hr>124</ns3:hr>
          </ns3:TrackPointExtension>
        </extensions>
      </trkpt>
      <trkpt lat="43.6948419548571109771728515625" lon="7.26888609118759632110595703125">
        <ele>11.6000003814697265625</ele>
        <time>2026-02-22T12:11:17.000Z</time>
        <extensions>
          <ns3:TrackPointExtension>
            <ns3:hr>123</ns3:hr>
          </ns3:TrackPointExtension>
        </extensions>
      </trkpt>
      <trkpt lat="43.69486634619534015655517578125" lon="7.2687725163996219635009765625">
        <ele>11.3999996185302734375</ele>
        <time>2026-02-22T12:11:22.000Z</time>
        <extensions>
          <ns3:TrackPointExtension>
            <ns3:hr>122</ns3:hr>
          </ns3:TrackPointExtension>
        </extensions>
      </trkpt>
      <trkpt lat="43.69486534036695957183837890625" lon="7.26875181309878826141357421875">
        <ele>11.3999996185302734375</ele>
        <time>2026-02-22T12:11:23.000Z</time>
        <extensions>
          <ns3:TrackPointExtension>
            <ns3:hr>122</ns3:hr>
          </ns3:TrackPointExtension>
        </extensions>
      </trkpt>
      <trkpt lat="43.694865591824054718017578125" lon="7.2685877792537212371826171875">
        <ele>11.3999996185302734375</ele>
        <time>2026-02-22T12:11:29.000Z</time>
        <extensions>
          <ns3:TrackPointExtension>
            <ns3:hr>122</ns3:hr>
          </ns3:TrackPointExtension>
        </extensions>
      </trkpt>
      <trkpt lat="43.6948563717305660247802734375" lon="7.26848007179796695709228515625">
        <ele>11.3999996185302734375</ele>
        <time>2026-02-22T12:11:35.000Z</time>
        <extensions>
          <ns3:TrackPointExtension>
            <ns3:hr>121</ns3:hr>
          </ns3:TrackPointExtension>
        </extensions>
      </trkpt>
      <trkpt lat="43.69485394097864627838134765625" lon="7.26845861412584781646728515625">
        <ele>11.19999980926513671875</ele>
        <time>2026-02-22T12:11:36.000Z</time>
        <extensions>
          <ns3:TrackPointExtension>
            <ns3:hr>122</ns3:hr>
          </ns3:TrackPointExtension>
        </extensions>
      </trkpt>
      <trkpt lat="43.69485561735928058624267578125" lon="7.26838284172117710113525390625">
        <ele>10.80000019073486328125</ele>
        <time>2026-02-22T12:11:40.000Z</time>
        <extensions>
          <ns3:TrackPointExtension>
            <ns3:hr>122</ns3:hr>
          </ns3:TrackPointExtension>
        </extensions>
      </trkpt>
      <trkpt lat="43.69485846720635890960693359375" lon="7.2682706080377101898193359375">
        <ele>10.6000003814697265625</ele>
        <time>2026-02-22T12:11:46.000Z</time>
        <extensions>
          <ns3:TrackPointExtension>
            <ns3:hr>122</ns3:hr>
          </ns3:TrackPointExtension>
        </extensions>
      </trkpt>
      <trkpt lat="43.6948382668197154998779296875" lon="7.2682079114019870758056640625">
        <ele>10.3999996185302734375</ele>
        <time>2026-02-22T12:11:52.000Z</time>
        <extensions>
          <ns3:TrackPointExtension>
            <ns3:hr>123</ns3:hr>
          </ns3:TrackPointExtension>
        </extensions>
      </trkpt>
      <trkpt lat="43.69482795707881450653076171875" lon="7.26819123141467571258544921875">
        <ele>10.3999996185302734375</ele>
        <time>2026-02-22T12:11:54.000Z</time>
        <extensions>
          <ns3:TrackPointExtension>
            <ns3:hr>123</ns3:hr>
          </ns3:TrackPointExtension>
        </extensions>
      </trkpt>
      <trkpt lat="43.69482259266078472137451171875" lon="7.26809618063271045684814453125">
        <ele>10.19999980926513671875</ele>
        <time>2026-02-22T12:12:03.000Z</time>
        <extensions>
          <ns3:TrackPointExtension>
            <ns3:hr>124</ns3:hr>
          </ns3:TrackPointExtension>
        </extensions>
      </trkpt>
      <trkpt lat="43.694819323718547821044921875" lon="7.26808193139731884002685546875">
        <ele>10</ele>
        <time>2026-02-22T12:12:04.000Z</time>
        <extensions>
          <ns3:TrackPointExtension>
            <ns3:hr>124</ns3:hr>
          </ns3:TrackPointExtension>
        </extensions>
      </trkpt>
      <trkpt lat="43.69480482302606105804443359375" lon="7.26792116649448871612548828125">
        <ele>10</ele>
        <time>2026-02-22T12:12:12.000Z</time>
        <extensions>
          <ns3:TrackPointExtension>
            <ns3:hr>126</ns3:hr>
          </ns3:TrackPointExtension>
        </extensions>
      </trkpt>
      <trkpt lat="43.6948030628263950347900390625" lon="7.2679095156490802764892578125">
        <ele>10</ele>
        <time>2026-02-22T12:12:13.000Z</time>
        <extensions>
          <ns3:TrackPointExtension>
            <ns3:hr>126</ns3:hr>
          </ns3:TrackPointExtension>
        </extensions>
      </trkpt>
      <trkpt lat="43.6948007158935070037841796875" lon="7.267872132360935211181640625">
        <ele>10</ele>
        <time>2026-02-22T12:12:15.000Z</time>
        <extensions>
          <ns3:TrackPointExtension>
            <ns3:hr>132</ns3:hr>
          </ns3:TrackPointExtension>
        </extensions>
      </trkpt>
      <trkpt lat="43.69479979388415813446044921875" lon="7.267834246158599853515625">
        <ele>10</ele>
        <time>2026-02-22T12:12:17.000Z</time>
        <extensions>
          <ns3:TrackPointExtension>
            <ns3:hr>134</ns3:hr>
          </ns3:TrackPointExtension>
        </extensions>
      </trkpt>
      <trkpt lat="43.69479526765644550323486328125" lon="7.2678045742213726043701171875">
        <ele>10.19999980926513671875</ele>
        <time>2026-02-22T12:12:20.000Z</time>
        <extensions>
          <ns3:TrackPointExtension>
            <ns3:hr>134</ns3:hr>
          </ns3:TrackPointExtension>
        </extensions>
      </trkpt>
      <trkpt lat="43.69480247609317302703857421875" lon="7.2677562944591045379638671875">
        <ele>10</ele>
        <time>2026-02-22T12:12:24.000Z</time>
        <extensions>
          <ns3:TrackPointExtension>
            <ns3:hr>133</ns3:hr>
          </ns3:TrackPointExtension>
        </extensions>
      </trkpt>
      <trkpt lat="43.69479057379066944122314453125" lon="7.2677267901599407196044921875">
        <ele>10</ele>
        <time>2026-02-22T12:12:26.000Z</time>
        <extensions>
          <ns3:TrackPointExtension>
            <ns3:hr>131</ns3:hr>
          </ns3:TrackPointExtension>
        </extensions>
      </trkpt>
      <trkpt lat="43.69478336535394191741943359375" lon="7.26770474575459957122802734375">
        <ele>9.80000019073486328125</ele>
        <time>2026-02-22T12:12:28.000Z</time>
        <extensions>
          <ns3:TrackPointExtension>
            <ns3:hr>130</ns3:hr>
          </ns3:TrackPointExtension>
        </extensions>
      </trkpt>
      <trkpt lat="43.6947842873632907867431640625" lon="7.26765361614525318145751953125">
        <ele>9.80000019073486328125</ele>
        <time>2026-02-22T12:12:31.000Z</time>
        <extensions>
          <ns3:TrackPointExtension>
            <ns3:hr>129</ns3:hr>
          </ns3:TrackPointExtension>
        </extensions>
      </trkpt>
      <trkpt lat="43.694782443344593048095703125" lon="7.26763718761503696441650390625">
        <ele>9.80000019073486328125</ele>
        <time>2026-02-22T12:12:33.000Z</time>
        <extensions>
          <ns3:TrackPointExtension>
            <ns3:hr>128</ns3:hr>
          </ns3:TrackPointExtension>
        </extensions>
      </trkpt>
      <trkpt lat="43.69476978667080402374267578125" lon="7.26759611628949642181396484375">
        <ele>9.6000003814697265625</ele>
        <time>2026-02-22T12:12:36.000Z</time>
        <extensions>
          <ns3:TrackPointExtension>
            <ns3:hr>125</ns3:hr>
          </ns3:TrackPointExtension>
        </extensions>
      </trkpt>
      <trkpt lat="43.69476358406245708465576171875" lon="7.26758119650185108184814453125">
        <ele>9.6000003814697265625</ele>
        <time>2026-02-22T12:12:37.000Z</time>
        <extensions>
          <ns3:TrackPointExtension>
            <ns3:hr>124</ns3:hr>
          </ns3:TrackPointExtension>
        </extensions>
      </trkpt>
      <trkpt lat="43.69476257823407649993896484375" lon="7.267568372189998626708984375">
        <ele>9.6000003814697265625</ele>
        <time>2026-02-22T12:12:39.000Z</time>
        <extensions>
          <ns3:TrackPointExtension>
            <ns3:hr>123</ns3:hr>
          </ns3:TrackPointExtension>
        </extensions>
      </trkpt>
      <trkpt lat="43.6947658471763134002685546875" lon="7.26751548238098621368408203125">
        <ele>9.3999996185302734375</ele>
        <time>2026-02-22T12:12:41.000Z</time>
        <extensions>
          <ns3:TrackPointExtension>
            <ns3:hr>121</ns3:hr>
          </ns3:TrackPointExtension>
        </extensions>
      </trkpt>
      <trkpt lat="43.6947688646614551544189453125" lon="7.2674625925719738006591796875">
        <ele>9.3999996185302734375</ele>
        <time>2026-02-22T12:12:43.000Z</time>
        <extensions>
          <ns3:TrackPointExtension>
            <ns3:hr>119</ns3:hr>
          </ns3:TrackPointExtension>
        </extensions>
      </trkpt>
      <trkpt lat="43.6947715468704700469970703125" lon="7.26742328144609928131103515625">
        <ele>9.3999996185302734375</ele>
        <time>2026-02-22T12:12:45.000Z</time>
        <extensions>
          <ns3:TrackPointExtension>
            <ns3:hr>118</ns3:hr>
          </ns3:TrackPointExtension>
        </extensions>
      </trkpt>
      <trkpt lat="43.6947742290794849395751953125" lon="7.267314903438091278076171875">
        <ele>9.19999980926513671875</ele>
        <time>2026-02-22T12:12:50.000Z</time>
        <extensions>
          <ns3:TrackPointExtension>
            <ns3:hr>118</ns3:hr>
          </ns3:TrackPointExtension>
        </extensions>
      </trkpt>
      <trkpt lat="43.69478571228682994842529296875" lon="7.26718221791088581085205078125">
        <ele>9.19999980926513671875</ele>
        <time>2026-02-22T12:12:56.000Z</time>
        <extensions>
          <ns3:TrackPointExtension>
            <ns3:hr>119</ns3:hr>
          </ns3:TrackPointExtension>
        </extensions>
      </trkpt>
      <trkpt lat="43.6947708763182163238525390625" lon="7.26715573109686374664306640625">
        <ele>9</ele>
        <time>2026-02-22T12:12:58.000Z</time>
        <extensions>
          <ns3:TrackPointExtension>
            <ns3:hr>119</ns3:hr>
          </ns3:TrackPointExtension>
        </extensions>
      </trkpt>
      <trkpt lat="43.6947514303028583526611328125" lon="7.2670676372945308685302734375">
        <ele>9.19999980926513671875</ele>
        <time>2026-02-22T12:13:03.000Z</time>
        <extensions>
          <ns3:TrackPointExtension>
            <ns3:hr>122</ns3:hr>
          </ns3:TrackPointExtension>
        </extensions>
      </trkpt>
      <trkpt lat="43.69475268758833408355712890625" lon="7.26705263368785381317138671875">
        <ele>9.19999980926513671875</ele>
        <time>2026-02-22T12:13:05.000Z</time>
        <extensions>
          <ns3:TrackPointExtension>
            <ns3:hr>122</ns3:hr>
          </ns3:TrackPointExtension>
        </extensions>
      </trkpt>
      <trkpt lat="43.6947544477880001068115234375" lon="7.267020530998706817626953125">
        <ele>9.19999980926513671875</ele>
        <time>2026-02-22T12:13:07.000Z</time>
        <extensions>
          <ns3:TrackPointExtension>
            <ns3:hr>122</ns3:hr>
          </ns3:TrackPointExtension>
        </extensions>
      </trkpt>
      <trkpt lat="43.6947552859783172607421875" lon="7.26698390208184719085693359375">
        <ele>9.3999996185302734375</ele>
        <time>2026-02-22T12:13:09.000Z</time>
        <extensions>
          <ns3:TrackPointExtension>
            <ns3:hr>121</ns3:hr>
          </ns3:TrackPointExtension>
        </extensions>
      </trkpt>
      <trkpt lat="43.69475788436830043792724609375" lon="7.266966886818408966064453125">
        <ele>9.3999996185302734375</ele>
        <time>2026-02-22T12:13:10.000Z</time>
        <extensions>
          <ns3:TrackPointExtension>
            <ns3:hr>121</ns3:hr>
          </ns3:TrackPointExtension>
        </extensions>
      </trkpt>
      <trkpt lat="43.69475553743541240692138671875" lon="7.26682732813060283660888671875">
        <ele>9.19999980926513671875</ele>
        <time>2026-02-22T12:13:17.000Z</time>
        <extensions>
          <ns3:TrackPointExtension>
            <ns3:hr>118</ns3:hr>
          </ns3:TrackPointExtension>
        </extensions>
      </trkpt>
      <trkpt lat="43.69475553743541240692138671875" lon="7.26678390987217426300048828125">
        <ele>9.19999980926513671875</ele>
        <time>2026-02-22T12:13:19.000Z</time>
        <extensions>
          <ns3:TrackPointExtension>
            <ns3:hr>117</ns3:hr>
          </ns3:TrackPointExtension>
        </extensions>
      </trkpt>
      <trkpt lat="43.69475805200636386871337890625" lon="7.26661392487585544586181640625">
        <ele>8.80000019073486328125</ele>
        <time>2026-02-22T12:13:27.000Z</time>
        <extensions>
          <ns3:TrackPointExtension>
            <ns3:hr>117</ns3:hr>
          </ns3:TrackPointExtension>
        </extensions>
      </trkpt>
      <trkpt lat="43.69476442225277423858642578125" lon="7.2664909623563289642333984375">
        <ele>9</ele>
        <time>2026-02-22T12:13:34.000Z</time>
        <extensions>
          <ns3:TrackPointExtension>
            <ns3:hr>120</ns3:hr>
          </ns3:TrackPointExtension>
        </extensions>
      </trkpt>
      <trkpt lat="43.69476408697664737701416015625" lon="7.266458608210086822509765625">
        <ele>9</ele>
        <time>2026-02-22T12:13:38.000Z</time>
        <extensions>
          <ns3:TrackPointExtension>
            <ns3:hr>120</ns3:hr>
          </ns3:TrackPointExtension>
        </extensions>
      </trkpt>
      <trkpt lat="43.6947571299970149993896484375" lon="7.2660631500184535980224609375">
        <ele>8.6000003814697265625</ele>
        <time>2026-02-22T12:14:18.000Z</time>
        <extensions>
          <ns3:TrackPointExtension>
            <ns3:hr>108</ns3:hr>
          </ns3:TrackPointExtension>
        </extensions>
      </trkpt>
      <trkpt lat="43.69475704617798328399658203125" lon="7.266048230230808258056640625">
        <ele>8.6000003814697265625</ele>
        <time>2026-02-22T12:14:19.000Z</time>
        <extensions>
          <ns3:TrackPointExtension>
            <ns3:hr>108</ns3:hr>
          </ns3:TrackPointExtension>
        </extensions>
      </trkpt>
      <trkpt lat="43.69474497623741626739501953125" lon="7.26592292077839374542236328125">
        <ele>8.3999996185302734375</ele>
        <time>2026-02-22T12:14:28.000Z</time>
        <extensions>
          <ns3:TrackPointExtension>
            <ns3:hr>108</ns3:hr>
          </ns3:TrackPointExtension>
        </extensions>
      </trkpt>
      <trkpt lat="43.6947403661906719207763671875" lon="7.26578168570995330810546875">
        <ele>8</ele>
        <time>2026-02-22T12:14:35.000Z</time>
        <extensions>
          <ns3:TrackPointExtension>
            <ns3:hr>109</ns3:hr>
          </ns3:TrackPointExtension>
        </extensions>
      </trkpt>
      <trkpt lat="43.694749586284160614013671875" lon="7.265694849193096160888671875">
        <ele>8</ele>
        <time>2026-02-22T12:14:40.000Z</time>
        <extensions>
          <ns3:TrackPointExtension>
            <ns3:hr>108</ns3:hr>
          </ns3:TrackPointExtension>
        </extensions>
      </trkpt>
      <trkpt lat="43.6947490833699703216552734375" lon="7.2656913287937641143798828125">
        <ele>8</ele>
        <time>2026-02-22T12:14:42.000Z</time>
        <extensions>
          <ns3:TrackPointExtension>
            <ns3:hr>108</ns3:hr>
          </ns3:TrackPointExtension>
        </extensions>
      </trkpt>
      <trkpt lat="43.6947504244744777679443359375" lon="7.265632152557373046875">
        <ele>8</ele>
        <time>2026-02-22T12:14:46.000Z</time>
        <extensions>
          <ns3:TrackPointExtension>
            <ns3:hr>110</ns3:hr>
          </ns3:TrackPointExtension>
        </extensions>
      </trkpt>
      <trkpt lat="43.6947437189519405364990234375" lon="7.2655340842902660369873046875">
        <ele>8</ele>
        <time>2026-02-22T12:14:49.000Z</time>
        <extensions>
          <ns3:TrackPointExtension>
            <ns3:hr>109</ns3:hr>
          </ns3:TrackPointExtension>
        </extensions>
      </trkpt>
      <trkpt lat="43.6947279609739780426025390625" lon="7.26539184339344501495361328125">
        <ele>8.19999980926513671875</ele>
        <time>2026-02-22T12:14:53.000Z</time>
        <extensions>
          <ns3:TrackPointExtension>
            <ns3:hr>108</ns3:hr>
          </ns3:TrackPointExtension>
        </extensions>
      </trkpt>
      <trkpt lat="43.69473374448716640472412109375" lon="7.26535655558109283447265625">
        <ele>8.19999980926513671875</ele>
        <time>2026-02-22T12:14:54.000Z</time>
        <extensions>
          <ns3:TrackPointExtension>
            <ns3:hr>108</ns3:hr>
          </ns3:TrackPointExtension>
        </extensions>
      </trkpt>
      <trkpt lat="43.6947842873632907867431640625" lon="7.26521967910230159759521484375">
        <ele>8.19999980926513671875</ele>
        <time>2026-02-22T12:14:59.000Z</time>
        <extensions>
          <ns3:TrackPointExtension>
            <ns3:hr>111</ns3:hr>
          </ns3:TrackPointExtension>
        </extensions>
      </trkpt>
      <trkpt lat="43.6947846226394176483154296875" lon="7.26514155976474285125732421875">
        <ele>8</ele>
        <time>2026-02-22T12:15:01.000Z</time>
        <extensions>
          <ns3:TrackPointExtension>
            <ns3:hr>115</ns3:hr>
          </ns3:TrackPointExtension>
        </extensions>
      </trkpt>
      <trkpt lat="43.69477649219334125518798828125" lon="7.2649932838976383209228515625">
        <ele>8</ele>
        <time>2026-02-22T12:15:04.000Z</time>
        <extensions>
          <ns3:TrackPointExtension>
            <ns3:hr>118</ns3:hr>
          </ns3:TrackPointExtension>
        </extensions>
      </trkpt>
      <trkpt lat="43.69478353299200534820556640625" lon="7.2648283280432224273681640625">
        <ele>7.80000019073486328125</ele>
        <time>2026-02-22T12:15:07.000Z</time>
        <extensions>
          <ns3:TrackPointExtension>
            <ns3:hr>119</ns3:hr>
          </ns3:TrackPointExtension>
        </extensions>
      </trkpt>
      <trkpt lat="43.6947759054601192474365234375" lon="7.26457393728196620941162109375">
        <ele>7.599999904632568359375</ele>
        <time>2026-02-22T12:15:11.000Z</time>
        <extensions>
          <ns3:TrackPointExtension>
            <ns3:hr>122</ns3:hr>
          </ns3:TrackPointExtension>
        </extensions>
      </trkpt>
      <trkpt lat="43.6947686970233917236328125" lon="7.26434008218348026275634765625">
        <ele>7.599999904632568359375</ele>
        <time>2026-02-22T12:15:15.000Z</time>
        <extensions>
          <ns3:TrackPointExtension>
            <ns3:hr>125</ns3:hr>
          </ns3:TrackPointExtension>
        </extensions>
      </trkpt>
      <trkpt lat="43.69475193321704864501953125" lon="7.264063395559787750244140625">
        <ele>7.400000095367431640625</ele>
        <time>2026-02-22T12:15:20.000Z</time>
        <extensions>
          <ns3:TrackPointExtension>
            <ns3:hr>124</ns3:hr>
          </ns3:TrackPointExtension>
        </extensions>
      </trkpt>
      <trkpt lat="43.694748245179653167724609375" lon="7.2637899778783321380615234375">
        <ele>7.599999904632568359375</ele>
        <time>2026-02-22T12:15:25.000Z</time>
        <extensions>
          <ns3:TrackPointExtension>
            <ns3:hr>124</ns3:hr>
          </ns3:TrackPointExtension>
        </extensions>
      </trkpt>
      <trkpt lat="43.694745562970638275146484375" lon="7.2635737247765064239501953125">
        <ele>8</ele>
        <time>2026-02-22T12:15:30.000Z</time>
        <extensions>
          <ns3:TrackPointExtension>
            <ns3:hr>123</ns3:hr>
          </ns3:TrackPointExtension>
        </extensions>
      </trkpt>
      <trkpt lat="43.69472955353558063507080078125" lon="7.26325546391308307647705078125">
        <ele>7.80000019073486328125</ele>
        <time>2026-02-22T12:15:36.000Z</time>
        <extensions>
          <ns3:TrackPointExtension>
            <ns3:hr>122</ns3:hr>
          </ns3:TrackPointExtension>
        </extensions>
      </trkpt>
      <trkpt lat="43.694693259894847869873046875" lon="7.26279110647737979888916015625">
        <ele>7.80000019073486328125</ele>
        <time>2026-02-22T12:15:43.000Z</time>
        <extensions>
          <ns3:TrackPointExtension>
            <ns3:hr>124</ns3:hr>
          </ns3:TrackPointExtension>
        </extensions>
      </trkpt>
      <trkpt lat="43.6946426331996917724609375" lon="7.26225885562598705291748046875">
        <ele>7.599999904632568359375</ele>
        <time>2026-02-22T12:15:51.000Z</time>
        <extensions>
          <ns3:TrackPointExtension>
            <ns3:hr>122</ns3:hr>
          </ns3:TrackPointExtension>
        </extensions>
      </trkpt>
      <trkpt lat="43.69464254938066005706787109375" lon="7.26219582371413707733154296875">
        <ele>7.599999904632568359375</ele>
        <time>2026-02-22T12:15:52.000Z</time>
        <extensions>
          <ns3:TrackPointExtension>
            <ns3:hr>122</ns3:hr>
          </ns3:TrackPointExtension>
        </extensions>
      </trkpt>
      <trkpt lat="43.694627545773983001708984375" lon="7.26185753010213375091552734375">
        <ele>7.80000019073486328125</ele>
        <time>2026-02-22T12:15:57.000Z</time>
        <extensions>
          <ns3:TrackPointExtension>
            <ns3:hr>122</ns3:hr>
          </ns3:TrackPointExtension>
        </extensions>
      </trkpt>
      <trkpt lat="43.69457700289785861968994140625" lon="7.261344306170940399169921875">
        <ele>7.80000019073486328125</ele>
        <time>2026-02-22T12:16:04.000Z</time>
        <extensions>
          <ns3:TrackPointExtension>
            <ns3:hr>122</ns3:hr>
          </ns3:TrackPointExtension>
        </extensions>
      </trkpt>
      <trkpt lat="43.69452771730720996856689453125" lon="7.2609059326350688934326171875">
        <ele>7.599999904632568359375</ele>
        <time>2026-02-22T12:16:10.000Z</time>
        <extensions>
          <ns3:TrackPointExtension>
            <ns3:hr>125</ns3:hr>
          </ns3:TrackPointExtension>
        </extensions>
      </trkpt>
      <trkpt lat="43.6945140548050403594970703125" lon="7.260834015905857086181640625">
        <ele>7.599999904632568359375</ele>
        <time>2026-02-22T12:16:11.000Z</time>
        <extensions>
          <ns3:TrackPointExtension>
            <ns3:hr>125</ns3:hr>
          </ns3:TrackPointExtension>
        </extensions>
      </trkpt>
      <trkpt lat="43.69440718553960323333740234375" lon="7.26008945144712924957275390625">
        <ele>8.19999980926513671875</ele>
        <time>2026-02-22T12:16:21.000Z</time>
        <extensions>
          <ns3:TrackPointExtension>
            <ns3:hr>127</ns3:hr>
          </ns3:TrackPointExtension>
        </extensions>
      </trkpt>
      <trkpt lat="43.69431079365313053131103515625" lon="7.25942526943981647491455078125">
        <ele>7.80000019073486328125</ele>
        <time>2026-02-22T12:16:30.000Z</time>
        <extensions>
          <ns3:TrackPointExtension>
            <ns3:hr>127</ns3:hr>
          </ns3:TrackPointExtension>
        </extensions>
      </trkpt>
      <trkpt lat="43.69428564794361591339111328125" lon="7.2592808492481708526611328125">
        <ele>7.80000019073486328125</ele>
        <time>2026-02-22T12:16:32.000Z</time>
        <extensions>
          <ns3:TrackPointExtension>
            <ns3:hr>130</ns3:hr>
          </ns3:TrackPointExtension>
        </extensions>
      </trkpt>
      <trkpt lat="43.69422177784144878387451171875" lon="7.2588493488729000091552734375">
        <ele>8</ele>
        <time>2026-02-22T12:16:38.000Z</time>
        <extensions>
          <ns3:TrackPointExtension>
            <ns3:hr>131</ns3:hr>
          </ns3:TrackPointExtension>
        </extensions>
      </trkpt>
      <trkpt lat="43.69415421970188617706298828125" lon="7.25844710133969783782958984375">
        <ele>8.6000003814697265625</ele>
        <time>2026-02-22T12:16:44.000Z</time>
        <extensions>
          <ns3:TrackPointExtension>
            <ns3:hr>132</ns3:hr>
          </ns3:TrackPointExtension>
        </extensions>
      </trkpt>
      <trkpt lat="43.69400770403444766998291015625" lon="7.25779582746326923370361328125">
        <ele>8.80000019073486328125</ele>
        <time>2026-02-22T12:16:53.000Z</time>
        <extensions>
          <ns3:TrackPointExtension>
            <ns3:hr>130</ns3:hr>
          </ns3:TrackPointExtension>
        </extensions>
      </trkpt>
      <trkpt lat="43.693978786468505859375" lon="7.25763875059783458709716796875">
        <ele>8.80000019073486328125</ele>
        <time>2026-02-22T12:16:55.000Z</time>
        <extensions>
          <ns3:TrackPointExtension>
            <ns3:hr>130</ns3:hr>
          </ns3:TrackPointExtension>
        </extensions>
      </trkpt>
      <trkpt lat="43.69389253668487071990966796875" lon="7.2572447173297405242919921875">
        <ele>8.80000019073486328125</ele>
        <time>2026-02-22T12:17:00.000Z</time>
        <extensions>
          <ns3:TrackPointExtension>
            <ns3:hr>130</ns3:hr>
          </ns3:TrackPointExtension>
        </extensions>
      </trkpt>
      <trkpt lat="43.69374216534197330474853515625" lon="7.256602160632610321044921875">
        <ele>9</ele>
        <time>2026-02-22T12:17:09.000Z</time>
        <extensions>
          <ns3:TrackPointExtension>
            <ns3:hr>127</ns3:hr>
          </ns3:TrackPointExtension>
        </extensions>
      </trkpt>
      <trkpt lat="43.69372590444982051849365234375" lon="7.25653753615915775299072265625">
        <ele>9</ele>
        <time>2026-02-22T12:17:10.000Z</time>
        <extensions>
          <ns3:TrackPointExtension>
            <ns3:hr>127</ns3:hr>
          </ns3:TrackPointExtension>
        </extensions>
      </trkpt>
      <trkpt lat="43.69366756640374660491943359375" lon="7.2562828101217746734619140625">
        <ele>9</ele>
        <time>2026-02-22T12:17:14.000Z</time>
        <extensions>
          <ns3:TrackPointExtension>
            <ns3:hr>124</ns3:hr>
          </ns3:TrackPointExtension>
        </extensions>
      </trkpt>
      <trkpt lat="43.6936366371810436248779296875" lon="7.25615398027002811431884765625">
        <ele>9</ele>
        <time>2026-02-22T12:17:16.000Z</time>
        <extensions>
          <ns3:TrackPointExtension>
            <ns3:hr>122</ns3:hr>
          </ns3:TrackPointExtension>
        </extensions>
      </trkpt>
      <trkpt lat="43.6935719288885593414306640625" lon="7.2558040358126163482666015625">
        <ele>9.19999980926513671875</ele>
        <time>2026-02-22T12:17:21.000Z</time>
        <extensions>
          <ns3:TrackPointExtension>
            <ns3:hr>119</ns3:hr>
          </ns3:TrackPointExtension>
        </extensions>
      </trkpt>
      <trkpt lat="43.69352423585951328277587890625" lon="7.255582921206951141357421875">
        <ele>9</ele>
        <time>2026-02-22T12:17:24.000Z</time>
        <extensions>
          <ns3:TrackPointExtension>
            <ns3:hr>117</ns3:hr>
          </ns3:TrackPointExtension>
        </extensions>
      </trkpt>
      <trkpt lat="43.69349129498004913330078125" lon="7.25543229840695858001708984375">
        <ele>8.80000019073486328125</ele>
        <time>2026-02-22T12:17:26.000Z</time>
        <extensions>
          <ns3:TrackPointExtension>
            <ns3:hr>114</ns3:hr>
          </ns3:TrackPointExtension>
        </extensions>
      </trkpt>
      <trkpt lat="43.693379648029804229736328125" lon="7.2549510933458805084228515625">
        <ele>8.6000003814697265625</ele>
        <time>2026-02-22T12:17:32.000Z</time>
        <extensions>
          <ns3:TrackPointExtension>
            <ns3:hr>113</ns3:hr>
          </ns3:TrackPointExtension>
        </extensions>
      </trkpt>
      <trkpt lat="43.69325584731996059417724609375" lon="7.2543931938707828521728515625">
        <ele>8.19999980926513671875</ele>
        <time>2026-02-22T12:17:39.000Z</time>
        <extensions>
          <ns3:TrackPointExtension>
            <ns3:hr>116</ns3:hr>
          </ns3:TrackPointExtension>
        </extensions>
      </trkpt>
      <trkpt lat="43.69316565804183483123779296875" lon="7.2539952211081981658935546875">
        <ele>8.3999996185302734375</ele>
        <time>2026-02-22T12:17:44.000Z</time>
        <extensions>
          <ns3:TrackPointExtension>
            <ns3:hr>119</ns3:hr>
          </ns3:TrackPointExtension>
        </extensions>
      </trkpt>
      <trkpt lat="43.6931330524384975433349609375" lon="7.2538544051349163055419921875">
        <ele>8.3999996185302734375</ele>
        <time>2026-02-22T12:17:46.000Z</time>
        <extensions>
          <ns3:TrackPointExtension>
            <ns3:hr>120</ns3:hr>
          </ns3:TrackPointExtension>
        </extensions>
      </trkpt>
      <trkpt lat="43.69309172965586185455322265625" lon="7.2536810673773288726806640625">
        <ele>8.80000019073486328125</ele>
        <time>2026-02-22T12:17:49.000Z</time>
        <extensions>
          <ns3:TrackPointExtension>
            <ns3:hr>123</ns3:hr>
          </ns3:TrackPointExtension>
        </extensions>
      </trkpt>
      <trkpt lat="43.69306574575603008270263671875" lon="7.25353698246181011199951171875">
        <ele>8.80000019073486328125</ele>
        <time>2026-02-22T12:17:52.000Z</time>
        <extensions>
          <ns3:TrackPointExtension>
            <ns3:hr>123</ns3:hr>
          </ns3:TrackPointExtension>
        </extensions>
      </trkpt>
      <trkpt lat="43.69296885095536708831787109375" lon="7.25315744988620281219482421875">
        <ele>8.80000019073486328125</ele>
        <time>2026-02-22T12:18:00.000Z</time>
        <extensions>
          <ns3:TrackPointExtension>
            <ns3:hr>122</ns3:hr>
          </ns3:TrackPointExtension>
        </extensions>
      </trkpt>
      <trkpt lat="43.69287430308759212493896484375" lon="7.25273810327053070068359375">
        <ele>8.19999980926513671875</ele>
        <time>2026-02-22T12:18:06.000Z</time>
        <extensions>
          <ns3:TrackPointExtension>
            <ns3:hr>122</ns3:hr>
          </ns3:TrackPointExtension>
        </extensions>
      </trkpt>
      <trkpt lat="43.692762069404125213623046875" lon="7.25220342166721820831298828125">
        <ele>8</ele>
        <time>2026-02-22T12:18:13.000Z</time>
        <extensions>
          <ns3:TrackPointExtension>
            <ns3:hr>125</ns3:hr>
          </ns3:TrackPointExtension>
        </extensions>
      </trkpt>
      <trkpt lat="43.6927310563623905181884765625" lon="7.2520496137440204620361328125">
        <ele>8</ele>
        <time>2026-02-22T12:18:15.000Z</time>
        <extensions>
          <ns3:TrackPointExtension>
            <ns3:hr>125</ns3:hr>
          </ns3:TrackPointExtension>
        </extensions>
      </trkpt>
      <trkpt lat="43.6926462315022945404052734375" lon="7.25173738785088062286376953125">
        <ele>8</ele>
        <time>2026-02-22T12:18:19.000Z</time>
        <extensions>
          <ns3:TrackPointExtension>
            <ns3:hr>124</ns3:hr>
          </ns3:TrackPointExtension>
        </extensions>
      </trkpt>
      <trkpt lat="43.692572973668575286865234375" lon="7.2515081427991390228271484375">
        <ele>7.599999904632568359375</ele>
        <time>2026-02-22T12:18:22.000Z</time>
        <extensions>
          <ns3:TrackPointExtension>
            <ns3:hr>123</ns3:hr>
          </ns3:TrackPointExtension>
        </extensions>
      </trkpt>
      <trkpt lat="43.6924920044839382171630859375" lon="7.25128694437444210052490234375">
        <ele>7.599999904632568359375</ele>
        <time>2026-02-22T12:18:25.000Z</time>
        <extensions>
          <ns3:TrackPointExtension>
            <ns3:hr>126</ns3:hr>
          </ns3:TrackPointExtension>
        </extensions>
      </trkpt>
      <trkpt lat="43.69244095869362354278564453125" lon="7.2511353157460689544677734375">
        <ele>7.400000095367431640625</ele>
        <time>2026-02-22T12:18:27.000Z</time>
        <extensions>
          <ns3:TrackPointExtension>
            <ns3:hr>126</ns3:hr>
          </ns3:TrackPointExtension>
        </extensions>
      </trkpt>
      <trkpt lat="43.69236116297543048858642578125" lon="7.25090573541820049285888671875">
        <ele>7.400000095367431640625</ele>
        <time>2026-02-22T12:18:30.000Z</time>
        <extensions>
          <ns3:TrackPointExtension>
            <ns3:hr>132</ns3:hr>
          </ns3:TrackPointExtension>
        </extensions>
      </trkpt>
      <trkpt lat="43.69231388904154300689697265625" lon="7.25076290778815746307373046875">
        <ele>7.400000095367431640625</ele>
        <time>2026-02-22T12:18:32.000Z</time>
        <extensions>
          <ns3:TrackPointExtension>
            <ns3:hr>135</ns3:hr>
          </ns3:TrackPointExtension>
        </extensions>
      </trkpt>
      <trkpt lat="43.6921758390963077545166015625" lon="7.2503663599491119384765625">
        <ele>7.400000095367431640625</ele>
        <time>2026-02-22T12:18:37.000Z</time>
        <extensions>
          <ns3:TrackPointExtension>
            <ns3:hr>136</ns3:hr>
          </ns3:TrackPointExtension>
        </extensions>
      </trkpt>
      <trkpt lat="43.69200761429965496063232421875" lon="7.24991817958652973175048828125">
        <ele>7.400000095367431640625</ele>
        <time>2026-02-22T12:18:43.000Z</time>
        <extensions>
          <ns3:TrackPointExtension>
            <ns3:hr>137</ns3:hr>
          </ns3:TrackPointExtension>
        </extensions>
      </trkpt>
      <trkpt lat="43.69177141226828098297119140625" lon="7.2492302767932415008544921875">
        <ele>7.400000095367431640625</ele>
        <time>2026-02-22T12:18:52.000Z</time>
        <extensions>
          <ns3:TrackPointExtension>
            <ns3:hr>135</ns3:hr>
          </ns3:TrackPointExtension>
        </extensions>
      </trkpt>
      <trkpt lat="43.69157678447663784027099609375" lon="7.24861647002398967742919921875">
        <ele>7.400000095367431640625</ele>
        <time>2026-02-22T12:19:00.000Z</time>
        <extensions>
          <ns3:TrackPointExtension>
            <ns3:hr>135</ns3:hr>
          </ns3:TrackPointExtension>
        </extensions>
      </trkpt>
      <trkpt lat="43.691394142806529998779296875" lon="7.2480923496186733245849609375">
        <ele>7.19999980926513671875</ele>
        <time>2026-02-22T12:19:07.000Z</time>
        <extensions>
          <ns3:TrackPointExtension>
            <ns3:hr>136</ns3:hr>
          </ns3:TrackPointExtension>
        </extensions>
      </trkpt>
      <trkpt lat="43.6912729404866695404052734375" lon="7.24771508015692234039306640625">
        <ele>7.599999904632568359375</ele>
        <time>2026-02-22T12:19:12.000Z</time>
        <extensions>
          <ns3:TrackPointExtension>
            <ns3:hr>133</ns3:hr>
          </ns3:TrackPointExtension>
        </extensions>
      </trkpt>
      <trkpt lat="43.6911203898489475250244140625" lon="7.2472668997943401336669921875">
        <ele>7.599999904632568359375</ele>
        <time>2026-02-22T12:19:18.000Z</time>
        <extensions>
          <ns3:TrackPointExtension>
            <ns3:hr>133</ns3:hr>
          </ns3:TrackPointExtension>
        </extensions>
      </trkpt>
      <trkpt lat="43.69090137071907520294189453125" lon="7.2466459684073925018310546875">
        <ele>8.19999980926513671875</ele>
        <time>2026-02-22T12:19:27.000Z</time>
        <extensions>
          <ns3:TrackPointExtension>
            <ns3:hr>133</ns3:hr>
          </ns3:TrackPointExtension>
        </extensions>
      </trkpt>
      <trkpt lat="43.6908518336713314056396484375" lon="7.24650892429053783416748046875">
        <ele>8.3999996185302734375</ele>
        <time>2026-02-22T12:19:29.000Z</time>
        <extensions>
          <ns3:TrackPointExtension>
            <ns3:hr>134</ns3:hr>
          </ns3:TrackPointExtension>
        </extensions>
      </trkpt>
      <trkpt lat="43.69074379093945026397705078125" lon="7.24619041197001934051513671875">
        <ele>9</ele>
        <time>2026-02-22T12:19:34.000Z</time>
        <extensions>
          <ns3:TrackPointExtension>
            <ns3:hr>134</ns3:hr>
          </ns3:TrackPointExtension>
        </extensions>
      </trkpt>
      <trkpt lat="43.690694756805896759033203125" lon="7.24606267176568508148193359375">
        <ele>10</ele>
        <time>2026-02-22T12:19:36.000Z</time>
        <extensions>
          <ns3:TrackPointExtension>
            <ns3:hr>134</ns3:hr>
          </ns3:TrackPointExtension>
        </extensions>
      </trkpt>
      <trkpt lat="43.6905722133815288543701171875" lon="7.2456900961697101593017578125">
        <ele>10.19999980926513671875</ele>
        <time>2026-02-22T12:19:42.000Z</time>
        <extensions>
          <ns3:TrackPointExtension>
            <ns3:hr>136</ns3:hr>
          </ns3:TrackPointExtension>
        </extensions>
      </trkpt>
      <trkpt lat="43.6903345026075839996337890625" lon="7.2450198791921138763427734375">
        <ele>9.6000003814697265625</ele>
        <time>2026-02-22T12:19:53.000Z</time>
        <extensions>
          <ns3:TrackPointExtension>
            <ns3:hr>134</ns3:hr>
          </ns3:TrackPointExtension>
        </extensions>
      </trkpt>
      <trkpt lat="43.69013987481594085693359375" lon="7.24452140741050243377685546875">
        <ele>8.80000019073486328125</ele>
        <time>2026-02-22T12:20:00.000Z</time>
        <extensions>
          <ns3:TrackPointExtension>
            <ns3:hr>133</ns3:hr>
          </ns3:TrackPointExtension>
        </extensions>
      </trkpt>
      <trkpt lat="43.69011062197387218475341796875" lon="7.244447059929370880126953125">
        <ele>8.80000019073486328125</ele>
        <time>2026-02-22T12:20:01.000Z</time>
        <extensions>
          <ns3:TrackPointExtension>
            <ns3:hr>132</ns3:hr>
          </ns3:TrackPointExtension>
        </extensions>
      </trkpt>
      <trkpt lat="43.6898305825889110565185546875" lon="7.24378145299851894378662109375">
        <ele>8.19999980926513671875</ele>
        <time>2026-02-22T12:20:10.000Z</time>
        <extensions>
          <ns3:TrackPointExtension>
            <ns3:hr>132</ns3:hr>
          </ns3:TrackPointExtension>
        </extensions>
      </trkpt>
      <trkpt lat="43.68963922373950481414794921875" lon="7.2433327697217464447021484375">
        <ele>8.19999980926513671875</ele>
        <time>2026-02-22T12:20:16.000Z</time>
        <extensions>
          <ns3:TrackPointExtension>
            <ns3:hr>135</ns3:hr>
          </ns3:TrackPointExtension>
        </extensions>
      </trkpt>
      <trkpt lat="43.6895311810076236724853515625" lon="7.24312514998018741607666015625">
        <ele>8.3999996185302734375</ele>
        <time>2026-02-22T12:20:19.000Z</time>
        <extensions>
          <ns3:TrackPointExtension>
            <ns3:hr>133</ns3:hr>
          </ns3:TrackPointExtension>
        </extensions>
      </trkpt>
      <trkpt lat="43.6894165165722370147705078125" lon="7.24292582832276821136474609375">
        <ele>7.599999904632568359375</ele>
        <time>2026-02-22T12:20:22.000Z</time>
        <extensions>
          <ns3:TrackPointExtension>
            <ns3:hr>130</ns3:hr>
          </ns3:TrackPointExtension>
        </extensions>
      </trkpt>
      <trkpt lat="43.68923320434987545013427734375" lon="7.2425933182239532470703125">
        <ele>7.599999904632568359375</ele>
        <time>2026-02-22T12:20:27.000Z</time>
        <extensions>
          <ns3:TrackPointExtension>
            <ns3:hr>130</ns3:hr>
          </ns3:TrackPointExtension>
        </extensions>
      </trkpt>
      <trkpt lat="43.68890815414488315582275390625" lon="7.241998873651027679443359375">
        <ele>8</ele>
        <time>2026-02-22T12:20:36.000Z</time>
        <extensions>
          <ns3:TrackPointExtension>
            <ns3:hr>129</ns3:hr>
          </ns3:TrackPointExtension>
        </extensions>
      </trkpt>
      <trkpt lat="43.68859232403337955474853515625" lon="7.2414238750934600830078125">
        <ele>7.80000019073486328125</ele>
        <time>2026-02-22T12:20:45.000Z</time>
        <extensions>
          <ns3:TrackPointExtension>
            <ns3:hr>129</ns3:hr>
          </ns3:TrackPointExtension>
        </extensions>
      </trkpt>
      <trkpt lat="43.68826190941035747528076171875" lon="7.24078911356627941131591796875">
        <ele>8.19999980926513671875</ele>
        <time>2026-02-22T12:20:55.000Z</time>
        <extensions>
          <ns3:TrackPointExtension>
            <ns3:hr>130</ns3:hr>
          </ns3:TrackPointExtension>
        </extensions>
      </trkpt>
      <trkpt lat="43.687944151461124420166015625" lon="7.240221910178661346435546875">
        <ele>8.19999980926513671875</ele>
        <time>2026-02-22T12:21:04.000Z</time>
        <extensions>
          <ns3:TrackPointExtension>
            <ns3:hr>131</ns3:hr>
          </ns3:TrackPointExtension>
        </extensions>
      </trkpt>
      <trkpt lat="43.68760543875396251678466796875" lon="7.23964598961174488067626953125">
        <ele>8.19999980926513671875</ele>
        <time>2026-02-22T12:21:13.000Z</time>
        <extensions>
          <ns3:TrackPointExtension>
            <ns3:hr>132</ns3:hr>
          </ns3:TrackPointExtension>
        </extensions>
      </trkpt>
      <trkpt lat="43.68729681707918643951416015625" lon="7.23916084505617618560791015625">
        <ele>7.80000019073486328125</ele>
        <time>2026-02-22T12:21:21.000Z</time>
        <extensions>
          <ns3:TrackPointExtension>
            <ns3:hr>132</ns3:hr>
          </ns3:TrackPointExtension>
        </extensions>
      </trkpt>
      <trkpt lat="43.68700093589723110198974609375" lon="7.23867486231029033660888671875">
        <ele>8</ele>
        <time>2026-02-22T12:21:29.000Z</time>
        <extensions>
          <ns3:TrackPointExtension>
            <ns3:hr>134</ns3:hr>
          </ns3:TrackPointExtension>
        </extensions>
      </trkpt>
      <trkpt lat="43.6867202259600162506103515625" lon="7.23827202804386615753173828125">
        <ele>8.80000019073486328125</ele>
        <time>2026-02-22T12:21:36.000Z</time>
        <extensions>
          <ns3:TrackPointExtension>
            <ns3:hr>135</ns3:hr>
          </ns3:TrackPointExtension>
        </extensions>
      </trkpt>
      <trkpt lat="43.68642761372029781341552734375" lon="7.23789165727794170379638671875">
        <ele>8.80000019073486328125</ele>
        <time>2026-02-22T12:21:43.000Z</time>
        <extensions>
          <ns3:TrackPointExtension>
            <ns3:hr>138</ns3:hr>
          </ns3:TrackPointExtension>
        </extensions>
      </trkpt>
      <trkpt lat="43.68638620711863040924072265625" lon="7.23783600144088268280029296875">
        <ele>8.6000003814697265625</ele>
        <time>2026-02-22T12:21:44.000Z</time>
        <extensions>
          <ns3:TrackPointExtension>
            <ns3:hr>139</ns3:hr>
          </ns3:TrackPointExtension>
        </extensions>
      </trkpt>
      <trkpt lat="43.6860863864421844482421875" lon="7.2374667786061763763427734375">
        <ele>8.80000019073486328125</ele>
        <time>2026-02-22T12:21:51.000Z</time>
        <extensions>
          <ns3:TrackPointExtension>
            <ns3:hr>138</ns3:hr>
          </ns3:TrackPointExtension>
        </extensions>
      </trkpt>
      <trkpt lat="43.68570148944854736328125" lon="7.236988842487335205078125">
        <ele>8.3999996185302734375</ele>
        <time>2026-02-22T12:22:00.000Z</time>
        <extensions>
          <ns3:TrackPointExtension>
            <ns3:hr>138</ns3:hr>
          </ns3:TrackPointExtension>
        </extensions>
      </trkpt>
      <trkpt lat="43.68535288609564304351806640625" lon="7.2365930490195751190185546875">
        <ele>8.6000003814697265625</ele>
        <time>2026-02-22T12:22:08.000Z</time>
        <extensions>
          <ns3:TrackPointExtension>
            <ns3:hr>137</ns3:hr>
          </ns3:TrackPointExtension>
        </extensions>
      </trkpt>
      <trkpt lat="43.68507024832069873809814453125" lon="7.23628568463027477264404296875">
        <ele>8.80000019073486328125</ele>
        <time>2026-02-22T12:22:15.000Z</time>
        <extensions>
          <ns3:TrackPointExtension>
            <ns3:hr>138</ns3:hr>
          </ns3:TrackPointExtension>
        </extensions>
      </trkpt>
      <trkpt lat="43.6850482039153575897216796875" lon="7.2362507320940494537353515625">
        <ele>8.80000019073486328125</ele>
        <time>2026-02-22T12:22:16.000Z</time>
        <extensions>
          <ns3:TrackPointExtension>
            <ns3:hr>138</ns3:hr>
          </ns3:TrackPointExtension>
        </extensions>
      </trkpt>
      <trkpt lat="43.6850482039153575897216796875" lon="7.23621879704296588897705078125">
        <ele>8.80000019073486328125</ele>
        <time>2026-02-22T12:22:17.000Z</time>
        <extensions>
          <ns3:TrackPointExtension>
            <ns3:hr>138</ns3:hr>
          </ns3:TrackPointExtension>
        </extensions>
      </trkpt>
      <trkpt lat="43.68507309816777706146240234375" lon="7.23614059388637542724609375">
        <ele>9.19999980926513671875</ele>
        <time>2026-02-22T12:22:19.000Z</time>
        <extensions>
          <ns3:TrackPointExtension>
            <ns3:hr>138</ns3:hr>
          </ns3:TrackPointExtension>
        </extensions>
      </trkpt>
      <trkpt lat="43.68509866297245025634765625" lon="7.23604579456150531768798828125">
        <ele>9.19999980926513671875</ele>
        <time>2026-02-22T12:22:21.000Z</time>
        <extensions>
          <ns3:TrackPointExtension>
            <ns3:hr>135</ns3:hr>
          </ns3:TrackPointExtension>
        </extensions>
      </trkpt>
      <trkpt lat="43.6851082183420658111572265625" lon="7.23595677874982357025146484375">
        <ele>9</ele>
        <time>2026-02-22T12:22:23.000Z</time>
        <extensions>
          <ns3:TrackPointExtension>
            <ns3:hr>132</ns3:hr>
          </ns3:TrackPointExtension>
        </extensions>
      </trkpt>
      <trkpt lat="43.68511852808296680450439453125" lon="7.235896848142147064208984375">
        <ele>8.80000019073486328125</ele>
        <time>2026-02-22T12:22:24.000Z</time>
        <extensions>
          <ns3:TrackPointExtension>
            <ns3:hr>130</ns3:hr>
          </ns3:TrackPointExtension>
        </extensions>
      </trkpt>
      <trkpt lat="43.68518759496510028839111328125" lon="7.2357501648366451263427734375">
        <ele>8.80000019073486328125</ele>
        <time>2026-02-22T12:22:27.000Z</time>
        <extensions>
          <ns3:TrackPointExtension>
            <ns3:hr>130</ns3:hr>
          </ns3:TrackPointExtension>
        </extensions>
      </trkpt>
      <trkpt lat="43.68521542288362979888916015625" lon="7.23570699803531169891357421875">
        <ele>9</ele>
        <time>2026-02-22T12:22:28.000Z</time>
        <extensions>
          <ns3:TrackPointExtension>
            <ns3:hr>131</ns3:hr>
          </ns3:TrackPointExtension>
        </extensions>
      </trkpt>
      <trkpt lat="43.68531852029263973236083984375" lon="7.23554137162864208221435546875">
        <ele>9.3999996185302734375</ele>
        <time>2026-02-22T12:22:33.000Z</time>
        <extensions>
          <ns3:TrackPointExtension>
            <ns3:hr>130</ns3:hr>
          </ns3:TrackPointExtension>
        </extensions>
      </trkpt>
      <trkpt lat="43.68544240482151508331298828125" lon="7.2353974543511867523193359375">
        <ele>9.6000003814697265625</ele>
        <time>2026-02-22T12:22:38.000Z</time>
        <extensions>
          <ns3:TrackPointExtension>
            <ns3:hr>127</ns3:hr>
          </ns3:TrackPointExtension>
        </extensions>
      </trkpt>
      <trkpt lat="43.68549051694571971893310546875" lon="7.23538463003933429718017578125">
        <ele>10.19999980926513671875</ele>
        <time>2026-02-22T12:22:40.000Z</time>
        <extensions>
          <ns3:TrackPointExtension>
            <ns3:hr>125</ns3:hr>
          </ns3:TrackPointExtension>
        </extensions>
      </trkpt>
      <trkpt lat="43.6855043470859527587890625" lon="7.23537708632647991180419921875">
        <ele>10.19999980926513671875</ele>
        <time>2026-02-22T12:22:42.000Z</time>
        <extensions>
          <ns3:TrackPointExtension>
            <ns3:hr>126</ns3:hr>
          </ns3:TrackPointExtension>
        </extensions>
      </trkpt>
      <trkpt lat="43.6855043470859527587890625" lon="7.23537708632647991180419921875">
        <ele>10.19999980926513671875</ele>
        <time>2026-02-22T12:22:43.000Z</time>
        <extensions>
          <ns3:TrackPointExtension>
            <ns3:hr>127</ns3:hr>
          </ns3:TrackPointExtension>
        </extensions>
      </trkpt>
    </trkseg>
  </trk>
</gpx>
