<?xml version="1.0" encoding="UTF-8"?>
<gpx creator="Wikiloc - https://www.wikiloc.com" version="1.1" schemaLocation="http://www.topografix.com/GPX/1/1 http://www.topografix.com/GPX/1/1/gpx.xsd" xmlns="http://www.topografix.com/GPX/1/1" xmlns:xsi="http://www.w3.org/2001/XMLSchema-instance" xsi:schemaLocation="http://www.topografix.com/GPX/1/1 http://www.topografix.com/GPX/1/1/gpx.xsd http://www.garmin.com/xmlschemas/GpxExtensions/v3 http://www.garmin.com/xmlschemas/GpxExtensionsv3.xsd http://www.garmin.com/xmlschemas/TrackPointExtension/v1 http://www.garmin.com/xmlschemas/TrackPointExtensionv1.xsd http://www.garmin.com/xmlschemas/PowerExtension/v1 http://www.garmin.com/xmlschemas/PowerExtensionv1.xsd http://www.topografix.com/GPX/gpx_style/0/2 http://www.topografix.com/GPX/gpx_style/0/2/gpx_style.xsd" xmlns:gpxtpx="http://www.garmin.com/xmlschemas/TrackPointExtension/v1" xmlns:gpxx="http://www.garmin.com/xmlschemas/GpxExtensions/v3" xmlns:gpxpx="http://www.garmin.com/xmlschemas/PowerExtension/v1" xmlns:gpx_style="http://www.topografix.com/GPX/gpx_style/0/2">
  <metadata>
    <name>Wikiloc - Deoriatal chandrashila trek</name>
    <author>
      <name>gpx.studio</name>
      <link href="https://gpx.studio"/>
    </author>
    <link href="https://www.wikiloc.com/hiking-trails/deoriatal-chandrashila-trek-43394517">
      <text>Deoriatal chandrashila trek on Wikiloc</text>
    </link>
    <time>2019-10-30T05:32:10.000Z</time>
  </metadata>
  <trk>
    <name>Deoriatal chandrashila trek - Wikiloc</name>
    <trkseg>
      <trkpt lat="30.480439" lon="79.197066">
        <ele>2825.529</ele>
        <time>2019-10-29T22:17:26.000Z</time>
      </trkpt>
      <trkpt lat="30.48048" lon="79.197042">
        <ele>2826.745</ele>
        <time>2019-10-29T22:17:27.000Z</time>
      </trkpt>
      <trkpt lat="30.480517" lon="79.197081">
        <ele>2828.886</ele>
        <time>2019-10-29T22:17:31.000Z</time>
      </trkpt>
      <trkpt lat="30.480527" lon="79.197021">
        <ele>2832.56</ele>
        <time>2019-10-29T22:17:34.000Z</time>
      </trkpt>
      <trkpt lat="30.480519" lon="79.196967">
        <ele>2835.226</ele>
        <time>2019-10-29T22:17:39.000Z</time>
      </trkpt>
      <trkpt lat="30.480524" lon="79.196905">
        <ele>2839.008</ele>
        <time>2019-10-29T22:17:42.000Z</time>
      </trkpt>
      <trkpt lat="30.48059" lon="79.196896">
        <ele>2842.212</ele>
        <time>2019-10-29T22:17:45.000Z</time>
      </trkpt>
      <trkpt lat="30.480633" lon="79.196921">
        <ele>2842.961</ele>
        <time>2019-10-29T22:17:46.000Z</time>
      </trkpt>
      <trkpt lat="30.48068" lon="79.196948">
        <ele>2842.551</ele>
        <time>2019-10-29T22:17:47.000Z</time>
      </trkpt>
      <trkpt lat="30.480771" lon="79.197069">
        <ele>2842.567</ele>
        <time>2019-10-29T22:17:48.000Z</time>
      </trkpt>
      <trkpt lat="30.480836" lon="79.197106">
        <ele>2841.622</ele>
        <time>2019-10-29T22:17:49.000Z</time>
      </trkpt>
      <trkpt lat="30.480865" lon="79.197216">
        <ele>2843.093</ele>
        <time>2019-10-29T22:17:50.000Z</time>
      </trkpt>
      <trkpt lat="30.480936" lon="79.197218">
        <ele>2841.869</ele>
        <time>2019-10-29T22:17:51.000Z</time>
      </trkpt>
      <trkpt lat="30.480999" lon="79.197261">
        <ele>2841.115</ele>
        <time>2019-10-29T22:17:52.000Z</time>
      </trkpt>
      <trkpt lat="30.481104" lon="79.19738">
        <ele>2845.392</ele>
        <time>2019-10-29T22:17:54.000Z</time>
      </trkpt>
      <trkpt lat="30.481201" lon="79.19745">
        <ele>2845.473</ele>
        <time>2019-10-29T22:17:55.000Z</time>
      </trkpt>
      <trkpt lat="30.481153" lon="79.197564">
        <ele>2844.02</ele>
        <time>2019-10-29T22:17:56.000Z</time>
      </trkpt>
      <trkpt lat="30.481289" lon="79.197682">
        <ele>2843.908</ele>
        <time>2019-10-29T22:17:57.000Z</time>
      </trkpt>
      <trkpt lat="30.481337" lon="79.197755">
        <ele>2843.343</ele>
        <time>2019-10-29T22:17:58.000Z</time>
      </trkpt>
      <trkpt lat="30.481405" lon="79.197799">
        <ele>2842.532</ele>
        <time>2019-10-29T22:17:59.000Z</time>
      </trkpt>
      <trkpt lat="30.481492" lon="79.197887">
        <ele>2843.592</ele>
        <time>2019-10-29T22:18:00.000Z</time>
      </trkpt>
      <trkpt lat="30.481579" lon="79.197994">
        <ele>2843.168</ele>
        <time>2019-10-29T22:18:01.000Z</time>
      </trkpt>
      <trkpt lat="30.481678" lon="79.198096">
        <ele>2845.843</ele>
        <time>2019-10-29T22:18:02.000Z</time>
      </trkpt>
      <trkpt lat="30.481768" lon="79.19818">
        <ele>2846.094</ele>
        <time>2019-10-29T22:18:03.000Z</time>
      </trkpt>
      <trkpt lat="30.481831" lon="79.198311">
        <ele>2849.65</ele>
        <time>2019-10-29T22:18:04.000Z</time>
      </trkpt>
      <trkpt lat="30.48192" lon="79.198398">
        <ele>2851.276</ele>
        <time>2019-10-29T22:18:05.000Z</time>
      </trkpt>
      <trkpt lat="30.482016" lon="79.198464">
        <ele>2851.687</ele>
        <time>2019-10-29T22:18:06.000Z</time>
      </trkpt>
      <trkpt lat="30.482083" lon="79.198518">
        <ele>2852.242</ele>
        <time>2019-10-29T22:18:07.000Z</time>
      </trkpt>
      <trkpt lat="30.482169" lon="79.198578">
        <ele>2852.126</ele>
        <time>2019-10-29T22:18:08.000Z</time>
      </trkpt>
      <trkpt lat="30.482268" lon="79.198656">
        <ele>2852.508</ele>
        <time>2019-10-29T22:18:09.000Z</time>
      </trkpt>
      <trkpt lat="30.482413" lon="79.198761">
        <ele>2854.112</ele>
        <time>2019-10-29T22:18:10.000Z</time>
      </trkpt>
      <trkpt lat="30.482532" lon="79.198847">
        <ele>2854.141</ele>
        <time>2019-10-29T22:18:11.000Z</time>
      </trkpt>
      <trkpt lat="30.482632" lon="79.198927">
        <ele>2854.781</ele>
        <time>2019-10-29T22:18:12.000Z</time>
      </trkpt>
      <trkpt lat="30.48269" lon="79.198974">
        <ele>2856.187</ele>
        <time>2019-10-29T22:18:13.000Z</time>
      </trkpt>
      <trkpt lat="30.482756" lon="79.199094">
        <ele>2855.092</ele>
        <time>2019-10-29T22:18:14.000Z</time>
      </trkpt>
      <trkpt lat="30.482871" lon="79.199218">
        <ele>2855.883</ele>
        <time>2019-10-29T22:18:15.000Z</time>
      </trkpt>
      <trkpt lat="30.482929" lon="79.19932">
        <ele>2858.859</ele>
        <time>2019-10-29T22:18:16.000Z</time>
      </trkpt>
      <trkpt lat="30.482993" lon="79.1994">
        <ele>2859.435</ele>
        <time>2019-10-29T22:18:17.000Z</time>
      </trkpt>
      <trkpt lat="30.483081" lon="79.19948">
        <ele>2859.117</ele>
        <time>2019-10-29T22:18:18.000Z</time>
      </trkpt>
      <trkpt lat="30.483153" lon="79.199563">
        <ele>2859.087</ele>
        <time>2019-10-29T22:18:19.000Z</time>
      </trkpt>
      <trkpt lat="30.483246" lon="79.199633">
        <ele>2859.515</ele>
        <time>2019-10-29T22:18:20.000Z</time>
      </trkpt>
      <trkpt lat="30.483331" lon="79.19974">
        <ele>2860.708</ele>
        <time>2019-10-29T22:18:21.000Z</time>
      </trkpt>
      <trkpt lat="30.483387" lon="79.199841">
        <ele>2861.115</ele>
        <time>2019-10-29T22:18:22.000Z</time>
      </trkpt>
      <trkpt lat="30.483471" lon="79.199883">
        <ele>2861.374</ele>
        <time>2019-10-29T22:18:23.000Z</time>
      </trkpt>
      <trkpt lat="30.483563" lon="79.19996">
        <ele>2862.084</ele>
        <time>2019-10-29T22:18:24.000Z</time>
      </trkpt>
      <trkpt lat="30.483685" lon="79.200047">
        <ele>2860.33</ele>
        <time>2019-10-29T22:18:25.000Z</time>
      </trkpt>
      <trkpt lat="30.483766" lon="79.200121">
        <ele>2860.915</ele>
        <time>2019-10-29T22:18:26.000Z</time>
      </trkpt>
      <trkpt lat="30.483852" lon="79.200202">
        <ele>2861.166</ele>
        <time>2019-10-29T22:18:27.000Z</time>
      </trkpt>
      <trkpt lat="30.483958" lon="79.200262">
        <ele>2861.872</ele>
        <time>2019-10-29T22:18:28.000Z</time>
      </trkpt>
      <trkpt lat="30.484063" lon="79.200279">
        <ele>2863.518</ele>
        <time>2019-10-29T22:18:29.000Z</time>
      </trkpt>
      <trkpt lat="30.484159" lon="79.200342">
        <ele>2862.112</ele>
        <time>2019-10-29T22:18:30.000Z</time>
      </trkpt>
      <trkpt lat="30.484226" lon="79.200456">
        <ele>2864.232</ele>
        <time>2019-10-29T22:18:31.000Z</time>
      </trkpt>
      <trkpt lat="30.484294" lon="79.200503">
        <ele>2864.205</ele>
        <time>2019-10-29T22:18:32.000Z</time>
      </trkpt>
      <trkpt lat="30.484367" lon="79.200495">
        <ele>2864.608</ele>
        <time>2019-10-29T22:18:33.000Z</time>
      </trkpt>
      <trkpt lat="30.484397" lon="79.200569">
        <ele>2865.015</ele>
        <time>2019-10-29T22:18:34.000Z</time>
      </trkpt>
      <trkpt lat="30.484465" lon="79.200415">
        <ele>2863.544</ele>
        <time>2019-10-29T22:18:35.000Z</time>
      </trkpt>
      <trkpt lat="30.484537" lon="79.200409">
        <ele>2863.824</ele>
        <time>2019-10-29T22:18:36.000Z</time>
      </trkpt>
      <trkpt lat="30.48464" lon="79.200389">
        <ele>2865.19</ele>
        <time>2019-10-29T22:18:38.000Z</time>
      </trkpt>
      <trkpt lat="30.484707" lon="79.200363">
        <ele>2866.515</ele>
        <time>2019-10-29T22:18:40.000Z</time>
      </trkpt>
      <trkpt lat="30.484766" lon="79.200325">
        <ele>2867.036</ele>
        <time>2019-10-29T22:18:42.000Z</time>
      </trkpt>
      <trkpt lat="30.484807" lon="79.200288">
        <ele>2867.922</ele>
        <time>2019-10-29T22:18:44.000Z</time>
      </trkpt>
      <trkpt lat="30.484836" lon="79.200236">
        <ele>2869.768</ele>
        <time>2019-10-29T22:18:47.000Z</time>
      </trkpt>
      <trkpt lat="30.484857" lon="79.20018">
        <ele>2869.287</ele>
        <time>2019-10-29T22:18:50.000Z</time>
      </trkpt>
      <trkpt lat="30.484882" lon="79.200123">
        <ele>2867.742</ele>
        <time>2019-10-29T22:18:53.000Z</time>
      </trkpt>
      <trkpt lat="30.484935" lon="79.200083">
        <ele>2863.326</ele>
        <time>2019-10-29T22:18:56.000Z</time>
      </trkpt>
      <trkpt lat="30.484965" lon="79.200127">
        <ele>2863.008</ele>
        <time>2019-10-29T22:18:58.000Z</time>
      </trkpt>
      <trkpt lat="30.485001" lon="79.200168">
        <ele>2866.192</ele>
        <time>2019-10-29T22:19:01.000Z</time>
      </trkpt>
      <trkpt lat="30.484988" lon="79.20011">
        <ele>2866.061</ele>
        <time>2019-10-29T22:19:10.000Z</time>
      </trkpt>
      <trkpt lat="30.484987" lon="79.200181">
        <ele>2866.771</ele>
        <time>2019-10-29T22:19:33.000Z</time>
      </trkpt>
      <trkpt lat="30.484951" lon="79.200215">
        <ele>2863.947</ele>
        <time>2019-10-29T22:20:09.000Z</time>
      </trkpt>
      <trkpt lat="30.48494" lon="79.200159">
        <ele>2862.832</ele>
        <time>2019-10-29T22:20:20.000Z</time>
      </trkpt>
      <trkpt lat="30.484939" lon="79.200216">
        <ele>2855.953</ele>
        <time>2019-10-29T22:22:43.000Z</time>
      </trkpt>
      <trkpt lat="30.484923" lon="79.200267">
        <ele>2856.969</ele>
        <time>2019-10-29T22:22:47.000Z</time>
      </trkpt>
      <trkpt lat="30.484895" lon="79.200308">
        <ele>2860.625</ele>
        <time>2019-10-29T22:22:52.000Z</time>
      </trkpt>
      <trkpt lat="30.484914" lon="79.200359">
        <ele>2860.019</ele>
        <time>2019-10-29T22:22:57.000Z</time>
      </trkpt>
      <trkpt lat="30.484936" lon="79.200408">
        <ele>2862.009</ele>
        <time>2019-10-29T22:23:05.000Z</time>
      </trkpt>
      <trkpt lat="30.484968" lon="79.200446">
        <ele>2861.719</ele>
        <time>2019-10-29T22:23:14.000Z</time>
      </trkpt>
      <trkpt lat="30.485002" lon="79.200482">
        <ele>2863.108</ele>
        <time>2019-10-29T22:23:22.000Z</time>
      </trkpt>
      <trkpt lat="30.485042" lon="79.200513">
        <ele>2865.565</ele>
        <time>2019-10-29T22:23:30.000Z</time>
      </trkpt>
      <trkpt lat="30.485078" lon="79.200546">
        <ele>2867.614</ele>
        <time>2019-10-29T22:23:37.000Z</time>
      </trkpt>
      <trkpt lat="30.485118" lon="79.200584">
        <ele>2868.644</ele>
        <time>2019-10-29T22:23:44.000Z</time>
      </trkpt>
      <trkpt lat="30.485163" lon="79.200601">
        <ele>2867.71</ele>
        <time>2019-10-29T22:23:50.000Z</time>
      </trkpt>
      <trkpt lat="30.485202" lon="79.200633">
        <ele>2868.985</ele>
        <time>2019-10-29T22:24:00.000Z</time>
      </trkpt>
      <trkpt lat="30.485228" lon="79.200676">
        <ele>2870.736</ele>
        <time>2019-10-29T22:24:23.000Z</time>
      </trkpt>
      <trkpt lat="30.485281" lon="79.200694">
        <ele>2872.942</ele>
        <time>2019-10-29T22:24:39.000Z</time>
      </trkpt>
      <trkpt lat="30.485324" lon="79.20073">
        <ele>2872.848</ele>
        <time>2019-10-29T22:24:47.000Z</time>
      </trkpt>
      <trkpt lat="30.485367" lon="79.20075">
        <ele>2873.034</ele>
        <time>2019-10-29T22:24:53.000Z</time>
      </trkpt>
      <trkpt lat="30.485413" lon="79.200764">
        <ele>2873.655</ele>
        <time>2019-10-29T22:25:01.000Z</time>
      </trkpt>
      <trkpt lat="30.485462" lon="79.200761">
        <ele>2874.11</ele>
        <time>2019-10-29T22:25:07.000Z</time>
      </trkpt>
      <trkpt lat="30.48551" lon="79.200755">
        <ele>2874.808</ele>
        <time>2019-10-29T22:25:12.000Z</time>
      </trkpt>
      <trkpt lat="30.485545" lon="79.20079">
        <ele>2875.217</ele>
        <time>2019-10-29T22:25:26.000Z</time>
      </trkpt>
      <trkpt lat="30.485569" lon="79.200838">
        <ele>2875.476</ele>
        <time>2019-10-29T22:25:33.000Z</time>
      </trkpt>
      <trkpt lat="30.485579" lon="79.200893">
        <ele>2877.636</ele>
        <time>2019-10-29T22:25:43.000Z</time>
      </trkpt>
      <trkpt lat="30.485581" lon="79.200948">
        <ele>2879.082</ele>
        <time>2019-10-29T22:25:53.000Z</time>
      </trkpt>
      <trkpt lat="30.485588" lon="79.201003">
        <ele>2881.127</ele>
        <time>2019-10-29T22:26:04.000Z</time>
      </trkpt>
      <trkpt lat="30.485617" lon="79.201044">
        <ele>2882.048</ele>
        <time>2019-10-29T22:26:14.000Z</time>
      </trkpt>
      <trkpt lat="30.48565" lon="79.201083">
        <ele>2882.564</ele>
        <time>2019-10-29T22:26:20.000Z</time>
      </trkpt>
      <trkpt lat="30.485693" lon="79.201103">
        <ele>2882.31</ele>
        <time>2019-10-29T22:26:27.000Z</time>
      </trkpt>
      <trkpt lat="30.485737" lon="79.201132">
        <ele>2883.042</ele>
        <time>2019-10-29T22:26:48.000Z</time>
      </trkpt>
      <trkpt lat="30.485781" lon="79.201149">
        <ele>2883.622</ele>
        <time>2019-10-29T22:26:57.000Z</time>
      </trkpt>
      <trkpt lat="30.485828" lon="79.201154">
        <ele>2886.114</ele>
        <time>2019-10-29T22:27:04.000Z</time>
      </trkpt>
      <trkpt lat="30.485874" lon="79.20116">
        <ele>2886.808</ele>
        <time>2019-10-29T22:27:14.000Z</time>
      </trkpt>
      <trkpt lat="30.485919" lon="79.201176">
        <ele>2886.868</ele>
        <time>2019-10-29T22:27:23.000Z</time>
      </trkpt>
      <trkpt lat="30.48596" lon="79.201199">
        <ele>2887.287</ele>
        <time>2019-10-29T22:27:30.000Z</time>
      </trkpt>
      <trkpt lat="30.486007" lon="79.201218">
        <ele>2887.797</ele>
        <time>2019-10-29T22:27:37.000Z</time>
      </trkpt>
      <trkpt lat="30.486037" lon="79.201257">
        <ele>2888.263</ele>
        <time>2019-10-29T22:27:45.000Z</time>
      </trkpt>
      <trkpt lat="30.486078" lon="79.201285">
        <ele>2889.298</ele>
        <time>2019-10-29T22:27:59.000Z</time>
      </trkpt>
      <trkpt lat="30.486109" lon="79.20133">
        <ele>2889.949</ele>
        <time>2019-10-29T22:28:24.000Z</time>
      </trkpt>
      <trkpt lat="30.486141" lon="79.201376">
        <ele>2891.115</ele>
        <time>2019-10-29T22:28:32.000Z</time>
      </trkpt>
      <trkpt lat="30.486184" lon="79.201401">
        <ele>2892.271</ele>
        <time>2019-10-29T22:28:39.000Z</time>
      </trkpt>
      <trkpt lat="30.48623" lon="79.201416">
        <ele>2892.987</ele>
        <time>2019-10-29T22:28:47.000Z</time>
      </trkpt>
      <trkpt lat="30.486274" lon="79.201431">
        <ele>2895.942</ele>
        <time>2019-10-29T22:29:02.000Z</time>
      </trkpt>
      <trkpt lat="30.486318" lon="79.201448">
        <ele>2896.326</ele>
        <time>2019-10-29T22:29:11.000Z</time>
      </trkpt>
      <trkpt lat="30.486361" lon="79.201466">
        <ele>2896.708</ele>
        <time>2019-10-29T22:29:18.000Z</time>
      </trkpt>
      <trkpt lat="30.486409" lon="79.201483">
        <ele>2897.122</ele>
        <time>2019-10-29T22:29:24.000Z</time>
      </trkpt>
      <trkpt lat="30.48646" lon="79.2015">
        <ele>2898.061</ele>
        <time>2019-10-29T22:29:35.000Z</time>
      </trkpt>
      <trkpt lat="30.486489" lon="79.201542">
        <ele>2899.061</ele>
        <time>2019-10-29T22:29:45.000Z</time>
      </trkpt>
      <trkpt lat="30.486509" lon="79.201592">
        <ele>2899.997</ele>
        <time>2019-10-29T22:30:00.000Z</time>
      </trkpt>
      <trkpt lat="30.486551" lon="79.201616">
        <ele>2901.582</ele>
        <time>2019-10-29T22:30:12.000Z</time>
      </trkpt>
      <trkpt lat="30.486596" lon="79.201601">
        <ele>2901.783</ele>
        <time>2019-10-29T22:30:23.000Z</time>
      </trkpt>
      <trkpt lat="30.486636" lon="79.201626">
        <ele>2903.559</ele>
        <time>2019-10-29T22:30:40.000Z</time>
      </trkpt>
      <trkpt lat="30.486669" lon="79.201663">
        <ele>2903.795</ele>
        <time>2019-10-29T22:30:46.000Z</time>
      </trkpt>
      <trkpt lat="30.4867" lon="79.201708">
        <ele>2903.043</ele>
        <time>2019-10-29T22:30:54.000Z</time>
      </trkpt>
      <trkpt lat="30.486739" lon="79.201746">
        <ele>2903.964</ele>
        <time>2019-10-29T22:31:01.000Z</time>
      </trkpt>
      <trkpt lat="30.486772" lon="79.201791">
        <ele>2904.21</ele>
        <time>2019-10-29T22:31:10.000Z</time>
      </trkpt>
      <trkpt lat="30.486807" lon="79.201832">
        <ele>2905.508</ele>
        <time>2019-10-29T22:31:18.000Z</time>
      </trkpt>
      <trkpt lat="30.486839" lon="79.201878">
        <ele>2907.748</ele>
        <time>2019-10-29T22:31:26.000Z</time>
      </trkpt>
      <trkpt lat="30.486873" lon="79.201919">
        <ele>2908.517</ele>
        <time>2019-10-29T22:31:35.000Z</time>
      </trkpt>
      <trkpt lat="30.486907" lon="79.201958">
        <ele>2909.397</ele>
        <time>2019-10-29T22:31:47.000Z</time>
      </trkpt>
      <trkpt lat="30.486936" lon="79.201999">
        <ele>2909.823</ele>
        <time>2019-10-29T22:31:56.000Z</time>
      </trkpt>
      <trkpt lat="30.486996" lon="79.201942">
        <ele>2912.678</ele>
        <time>2019-10-29T22:32:25.000Z</time>
      </trkpt>
      <trkpt lat="30.487043" lon="79.201955">
        <ele>2914.339</ele>
        <time>2019-10-29T22:33:22.000Z</time>
      </trkpt>
      <trkpt lat="30.487087" lon="79.201976">
        <ele>2913.025</ele>
        <time>2019-10-29T22:33:32.000Z</time>
      </trkpt>
      <trkpt lat="30.487136" lon="79.201982">
        <ele>2915.861</ele>
        <time>2019-10-29T22:33:39.000Z</time>
      </trkpt>
      <trkpt lat="30.487181" lon="79.201973">
        <ele>2917.442</ele>
        <time>2019-10-29T22:33:48.000Z</time>
      </trkpt>
      <trkpt lat="30.487224" lon="79.201955">
        <ele>2917.522</ele>
        <time>2019-10-29T22:33:58.000Z</time>
      </trkpt>
      <trkpt lat="30.48726" lon="79.201924">
        <ele>2918.314</ele>
        <time>2019-10-29T22:34:06.000Z</time>
      </trkpt>
      <trkpt lat="30.487298" lon="79.201892">
        <ele>2919.108</ele>
        <time>2019-10-29T22:34:12.000Z</time>
      </trkpt>
      <trkpt lat="30.487336" lon="79.201865">
        <ele>2917.198</ele>
        <time>2019-10-29T22:34:23.000Z</time>
      </trkpt>
      <trkpt lat="30.487383" lon="79.201874">
        <ele>2917.527</ele>
        <time>2019-10-29T22:34:36.000Z</time>
      </trkpt>
      <trkpt lat="30.48742" lon="79.201908">
        <ele>2917.157</ele>
        <time>2019-10-29T22:34:43.000Z</time>
      </trkpt>
      <trkpt lat="30.487418" lon="79.201961">
        <ele>2917.963</ele>
        <time>2019-10-29T22:34:54.000Z</time>
      </trkpt>
      <trkpt lat="30.487438" lon="79.202018">
        <ele>2918.898</ele>
        <time>2019-10-29T22:35:01.000Z</time>
      </trkpt>
      <trkpt lat="30.487449" lon="79.202069">
        <ele>2922.619</ele>
        <time>2019-10-29T22:35:48.000Z</time>
      </trkpt>
      <trkpt lat="30.487481" lon="79.202115">
        <ele>2924.425</ele>
        <time>2019-10-29T22:35:59.000Z</time>
      </trkpt>
      <trkpt lat="30.487516" lon="79.20215">
        <ele>2926.781</ele>
        <time>2019-10-29T22:36:08.000Z</time>
      </trkpt>
      <trkpt lat="30.487566" lon="79.202174">
        <ele>2928.511</ele>
        <time>2019-10-29T22:36:24.000Z</time>
      </trkpt>
      <trkpt lat="30.487596" lon="79.202228">
        <ele>2927.021</ele>
        <time>2019-10-29T22:36:32.000Z</time>
      </trkpt>
      <trkpt lat="30.487645" lon="79.202224">
        <ele>2928.603</ele>
        <time>2019-10-29T22:36:46.000Z</time>
      </trkpt>
      <trkpt lat="30.487692" lon="79.202236">
        <ele>2929.508</ele>
        <time>2019-10-29T22:36:53.000Z</time>
      </trkpt>
      <trkpt lat="30.487726" lon="79.202278">
        <ele>2931.575</ele>
        <time>2019-10-29T22:37:01.000Z</time>
      </trkpt>
      <trkpt lat="30.487766" lon="79.202304">
        <ele>2932.414</ele>
        <time>2019-10-29T22:37:09.000Z</time>
      </trkpt>
      <trkpt lat="30.487798" lon="79.202348">
        <ele>2932.294</ele>
        <time>2019-10-29T22:37:15.000Z</time>
      </trkpt>
      <trkpt lat="30.487821" lon="79.2024">
        <ele>2932.48</ele>
        <time>2019-10-29T22:37:21.000Z</time>
      </trkpt>
      <trkpt lat="30.487853" lon="79.202444">
        <ele>2932.475</ele>
        <time>2019-10-29T22:37:31.000Z</time>
      </trkpt>
      <trkpt lat="30.487902" lon="79.20246">
        <ele>2931.996</ele>
        <time>2019-10-29T22:37:38.000Z</time>
      </trkpt>
      <trkpt lat="30.487946" lon="79.202489">
        <ele>2933.922</ele>
        <time>2019-10-29T22:37:46.000Z</time>
      </trkpt>
      <trkpt lat="30.487994" lon="79.202511">
        <ele>2933.618</ele>
        <time>2019-10-29T22:37:56.000Z</time>
      </trkpt>
      <trkpt lat="30.488036" lon="79.202546">
        <ele>2934.559</ele>
        <time>2019-10-29T22:38:03.000Z</time>
      </trkpt>
      <trkpt lat="30.488062" lon="79.202589">
        <ele>2935.803</ele>
        <time>2019-10-29T22:38:15.000Z</time>
      </trkpt>
      <trkpt lat="30.488073" lon="79.202642">
        <ele>2937.023</ele>
        <time>2019-10-29T22:38:27.000Z</time>
      </trkpt>
      <trkpt lat="30.488113" lon="79.202669">
        <ele>2938.008</ele>
        <time>2019-10-29T22:38:36.000Z</time>
      </trkpt>
      <trkpt lat="30.488154" lon="79.202699">
        <ele>2938.579</ele>
        <time>2019-10-29T22:38:42.000Z</time>
      </trkpt>
      <trkpt lat="30.4882" lon="79.202671">
        <ele>2941.878</ele>
        <time>2019-10-29T22:38:50.000Z</time>
      </trkpt>
      <trkpt lat="30.488242" lon="79.202707">
        <ele>2943.898</ele>
        <time>2019-10-29T22:39:31.000Z</time>
      </trkpt>
      <trkpt lat="30.48829" lon="79.202711">
        <ele>2946.934</ele>
        <time>2019-10-29T22:39:40.000Z</time>
      </trkpt>
      <trkpt lat="30.488336" lon="79.202724">
        <ele>2948.169</ele>
        <time>2019-10-29T22:39:47.000Z</time>
      </trkpt>
      <trkpt lat="30.488388" lon="79.202734">
        <ele>2948.61</ele>
        <time>2019-10-29T22:39:53.000Z</time>
      </trkpt>
      <trkpt lat="30.488433" lon="79.202749">
        <ele>2950.566</ele>
        <time>2019-10-29T22:39:58.000Z</time>
      </trkpt>
      <trkpt lat="30.488475" lon="79.202771">
        <ele>2952.342</ele>
        <time>2019-10-29T22:40:05.000Z</time>
      </trkpt>
      <trkpt lat="30.488516" lon="79.202806">
        <ele>2950.998</ele>
        <time>2019-10-29T22:40:14.000Z</time>
      </trkpt>
      <trkpt lat="30.488551" lon="79.20284">
        <ele>2950.715</ele>
        <time>2019-10-29T22:40:23.000Z</time>
      </trkpt>
      <trkpt lat="30.488578" lon="79.202884">
        <ele>2952.226</ele>
        <time>2019-10-29T22:40:32.000Z</time>
      </trkpt>
      <trkpt lat="30.4886" lon="79.202931">
        <ele>2955.708</ele>
        <time>2019-10-29T22:40:55.000Z</time>
      </trkpt>
      <trkpt lat="30.488634" lon="79.20297">
        <ele>2953.273</ele>
        <time>2019-10-29T22:41:06.000Z</time>
      </trkpt>
      <trkpt lat="30.488654" lon="79.203022">
        <ele>2951.322</ele>
        <time>2019-10-29T22:41:21.000Z</time>
      </trkpt>
      <trkpt lat="30.488689" lon="79.203058">
        <ele>2956.012</ele>
        <time>2019-10-29T22:41:53.000Z</time>
      </trkpt>
      <trkpt lat="30.488729" lon="79.20309">
        <ele>2958.258</ele>
        <time>2019-10-29T22:42:01.000Z</time>
      </trkpt>
      <trkpt lat="30.48876" lon="79.203134">
        <ele>2958.893</ele>
        <time>2019-10-29T22:42:10.000Z</time>
      </trkpt>
      <trkpt lat="30.488799" lon="79.20317">
        <ele>2959.284</ele>
        <time>2019-10-29T22:42:19.000Z</time>
      </trkpt>
      <trkpt lat="30.488839" lon="79.203204">
        <ele>2960.95</ele>
        <time>2019-10-29T22:42:26.000Z</time>
      </trkpt>
      <trkpt lat="30.488875" lon="79.203238">
        <ele>2961.236</ele>
        <time>2019-10-29T22:42:37.000Z</time>
      </trkpt>
      <trkpt lat="30.488911" lon="79.203283">
        <ele>2961.496</ele>
        <time>2019-10-29T22:42:46.000Z</time>
      </trkpt>
      <trkpt lat="30.488924" lon="79.203336">
        <ele>2960.631</ele>
        <time>2019-10-29T22:42:53.000Z</time>
      </trkpt>
      <trkpt lat="30.48894" lon="79.20339">
        <ele>2963.324</ele>
        <time>2019-10-29T22:43:04.000Z</time>
      </trkpt>
      <trkpt lat="30.488953" lon="79.203443">
        <ele>2965.908</ele>
        <time>2019-10-29T22:43:13.000Z</time>
      </trkpt>
      <trkpt lat="30.488968" lon="79.2035">
        <ele>2966.923</ele>
        <time>2019-10-29T22:43:21.000Z</time>
      </trkpt>
      <trkpt lat="30.488979" lon="79.203553">
        <ele>2965.692</ele>
        <time>2019-10-29T22:43:28.000Z</time>
      </trkpt>
      <trkpt lat="30.489022" lon="79.20357">
        <ele>2965.772</ele>
        <time>2019-10-29T22:43:35.000Z</time>
      </trkpt>
      <trkpt lat="30.489069" lon="79.203578">
        <ele>2965.978</ele>
        <time>2019-10-29T22:45:32.000Z</time>
      </trkpt>
      <trkpt lat="30.489114" lon="79.20359">
        <ele>2967.733</ele>
        <time>2019-10-29T22:45:38.000Z</time>
      </trkpt>
      <trkpt lat="30.489162" lon="79.203595">
        <ele>2967.894</ele>
        <time>2019-10-29T22:45:47.000Z</time>
      </trkpt>
      <trkpt lat="30.489212" lon="79.203597">
        <ele>2966.87</ele>
        <time>2019-10-29T22:45:58.000Z</time>
      </trkpt>
      <trkpt lat="30.489259" lon="79.203606">
        <ele>2965.526</ele>
        <time>2019-10-29T22:46:05.000Z</time>
      </trkpt>
      <trkpt lat="30.489312" lon="79.203593">
        <ele>2966.493</ele>
        <time>2019-10-29T22:46:15.000Z</time>
      </trkpt>
      <trkpt lat="30.48936" lon="79.203585">
        <ele>2966.565</ele>
        <time>2019-10-29T22:46:20.000Z</time>
      </trkpt>
      <trkpt lat="30.48941" lon="79.203584">
        <ele>2966.121</ele>
        <time>2019-10-29T22:46:26.000Z</time>
      </trkpt>
      <trkpt lat="30.489459" lon="79.203568">
        <ele>2966.508</ele>
        <time>2019-10-29T22:46:32.000Z</time>
      </trkpt>
      <trkpt lat="30.489503" lon="79.203585">
        <ele>2965.873</ele>
        <time>2019-10-29T22:46:40.000Z</time>
      </trkpt>
      <trkpt lat="30.489545" lon="79.203614">
        <ele>2967.212</ele>
        <time>2019-10-29T22:46:50.000Z</time>
      </trkpt>
      <trkpt lat="30.489592" lon="79.203627">
        <ele>2968.232</ele>
        <time>2019-10-29T22:46:58.000Z</time>
      </trkpt>
      <trkpt lat="30.489643" lon="79.203634">
        <ele>2969.848</ele>
        <time>2019-10-29T22:47:05.000Z</time>
      </trkpt>
      <trkpt lat="30.489676" lon="79.203671">
        <ele>2969.433</ele>
        <time>2019-10-29T22:47:13.000Z</time>
      </trkpt>
      <trkpt lat="30.48972" lon="79.203692">
        <ele>2969.224</ele>
        <time>2019-10-29T22:47:20.000Z</time>
      </trkpt>
      <trkpt lat="30.489768" lon="79.203708">
        <ele>2968.38</ele>
        <time>2019-10-29T22:47:28.000Z</time>
      </trkpt>
      <trkpt lat="30.489815" lon="79.203717">
        <ele>2970.996</ele>
        <time>2019-10-29T22:47:38.000Z</time>
      </trkpt>
      <trkpt lat="30.489866" lon="79.203724">
        <ele>2972.332</ele>
        <time>2019-10-29T22:47:44.000Z</time>
      </trkpt>
      <trkpt lat="30.489906" lon="79.20375">
        <ele>2971.692</ele>
        <time>2019-10-29T22:47:52.000Z</time>
      </trkpt>
      <trkpt lat="30.489943" lon="79.203788">
        <ele>2972.111</ele>
        <time>2019-10-29T22:47:59.000Z</time>
      </trkpt>
      <trkpt lat="30.48998" lon="79.20382">
        <ele>2973.708</ele>
        <time>2019-10-29T22:48:05.000Z</time>
      </trkpt>
      <trkpt lat="30.490029" lon="79.20385">
        <ele>2974.367</ele>
        <time>2019-10-29T22:48:10.000Z</time>
      </trkpt>
      <trkpt lat="30.49007" lon="79.203873">
        <ele>2975.216</ele>
        <time>2019-10-29T22:48:16.000Z</time>
      </trkpt>
      <trkpt lat="30.490114" lon="79.203898">
        <ele>2976.136</ele>
        <time>2019-10-29T22:48:22.000Z</time>
      </trkpt>
      <trkpt lat="30.490158" lon="79.203908">
        <ele>2975.362</ele>
        <time>2019-10-29T22:48:28.000Z</time>
      </trkpt>
      <trkpt lat="30.490209" lon="79.203903">
        <ele>2976.537</ele>
        <time>2019-10-29T22:48:36.000Z</time>
      </trkpt>
      <trkpt lat="30.490259" lon="79.203903">
        <ele>2976.668</ele>
        <time>2019-10-29T22:48:44.000Z</time>
      </trkpt>
      <trkpt lat="30.4903" lon="79.203875">
        <ele>2977.884</ele>
        <time>2019-10-29T22:48:51.000Z</time>
      </trkpt>
      <trkpt lat="30.490342" lon="79.203846">
        <ele>2979.15</ele>
        <time>2019-10-29T22:48:57.000Z</time>
      </trkpt>
      <trkpt lat="30.490392" lon="79.203852">
        <ele>2980.654</ele>
        <time>2019-10-29T22:49:04.000Z</time>
      </trkpt>
      <trkpt lat="30.490439" lon="79.20387">
        <ele>2981.256</ele>
        <time>2019-10-29T22:49:14.000Z</time>
      </trkpt>
      <trkpt lat="30.490478" lon="79.203896">
        <ele>2985.411</ele>
        <time>2019-10-29T22:49:31.000Z</time>
      </trkpt>
      <trkpt lat="30.490528" lon="79.203909">
        <ele>2987.308</ele>
        <time>2019-10-29T22:49:39.000Z</time>
      </trkpt>
      <trkpt lat="30.490572" lon="79.20387">
        <ele>2988.299</ele>
        <time>2019-10-29T22:49:57.000Z</time>
      </trkpt>
      <trkpt lat="30.490619" lon="79.203858">
        <ele>2990.138</ele>
        <time>2019-10-29T22:50:04.000Z</time>
      </trkpt>
      <trkpt lat="30.49066" lon="79.203832">
        <ele>2990.998</ele>
        <time>2019-10-29T22:50:11.000Z</time>
      </trkpt>
      <trkpt lat="30.490704" lon="79.203802">
        <ele>2993.814</ele>
        <time>2019-10-29T22:50:17.000Z</time>
      </trkpt>
      <trkpt lat="30.490751" lon="79.203777">
        <ele>2995.659</ele>
        <time>2019-10-29T22:50:26.000Z</time>
      </trkpt>
      <trkpt lat="30.49078" lon="79.203732">
        <ele>2996.17</ele>
        <time>2019-10-29T22:50:32.000Z</time>
      </trkpt>
      <trkpt lat="30.490809" lon="79.20369">
        <ele>2994.396</ele>
        <time>2019-10-29T22:50:39.000Z</time>
      </trkpt>
      <trkpt lat="30.49086" lon="79.203686">
        <ele>2994.472</ele>
        <time>2019-10-29T22:50:46.000Z</time>
      </trkpt>
      <trkpt lat="30.490909" lon="79.203709">
        <ele>2995.667</ele>
        <time>2019-10-29T22:50:54.000Z</time>
      </trkpt>
      <trkpt lat="30.490946" lon="79.20374">
        <ele>2995.681</ele>
        <time>2019-10-29T22:51:03.000Z</time>
      </trkpt>
      <trkpt lat="30.490994" lon="79.203768">
        <ele>2995.419</ele>
        <time>2019-10-29T22:51:11.000Z</time>
      </trkpt>
      <trkpt lat="30.491036" lon="79.203802">
        <ele>2994.908</ele>
        <time>2019-10-29T22:51:19.000Z</time>
      </trkpt>
      <trkpt lat="30.491063" lon="79.203849">
        <ele>2995.08</ele>
        <time>2019-10-29T22:51:26.000Z</time>
      </trkpt>
      <trkpt lat="30.491085" lon="79.2039">
        <ele>2996.759</ele>
        <time>2019-10-29T22:51:32.000Z</time>
      </trkpt>
      <trkpt lat="30.491102" lon="79.20395">
        <ele>2996.179</ele>
        <time>2019-10-29T22:51:38.000Z</time>
      </trkpt>
      <trkpt lat="30.491119" lon="79.204003">
        <ele>2997.295</ele>
        <time>2019-10-29T22:51:46.000Z</time>
      </trkpt>
      <trkpt lat="30.491137" lon="79.204051">
        <ele>2999.11</ele>
        <time>2019-10-29T22:51:54.000Z</time>
      </trkpt>
      <trkpt lat="30.491142" lon="79.204106">
        <ele>2999.771</ele>
        <time>2019-10-29T22:52:05.000Z</time>
      </trkpt>
      <trkpt lat="30.491157" lon="79.204156">
        <ele>3000.537</ele>
        <time>2019-10-29T22:52:14.000Z</time>
      </trkpt>
      <trkpt lat="30.491184" lon="79.204204">
        <ele>3001.743</ele>
        <time>2019-10-29T22:52:22.000Z</time>
      </trkpt>
      <trkpt lat="30.491199" lon="79.204254">
        <ele>3003.069</ele>
        <time>2019-10-29T22:52:31.000Z</time>
      </trkpt>
      <trkpt lat="30.491194" lon="79.20431">
        <ele>3005.004</ele>
        <time>2019-10-29T22:52:43.000Z</time>
      </trkpt>
      <trkpt lat="30.491216" lon="79.20436">
        <ele>3005.324</ele>
        <time>2019-10-29T22:52:52.000Z</time>
      </trkpt>
      <trkpt lat="30.491244" lon="79.204401">
        <ele>3006.408</ele>
        <time>2019-10-29T22:53:01.000Z</time>
      </trkpt>
      <trkpt lat="30.491283" lon="79.204442">
        <ele>3007.85</ele>
        <time>2019-10-29T22:53:09.000Z</time>
      </trkpt>
      <trkpt lat="30.491318" lon="79.204482">
        <ele>3009.139</ele>
        <time>2019-10-29T22:53:15.000Z</time>
      </trkpt>
      <trkpt lat="30.491341" lon="79.204531">
        <ele>3008.639</ele>
        <time>2019-10-29T22:53:41.000Z</time>
      </trkpt>
      <trkpt lat="30.491367" lon="79.204582">
        <ele>3006.725</ele>
        <time>2019-10-29T22:53:49.000Z</time>
      </trkpt>
      <trkpt lat="30.491402" lon="79.204621">
        <ele>3007.88</ele>
        <time>2019-10-29T22:53:56.000Z</time>
      </trkpt>
      <trkpt lat="30.491433" lon="79.204665">
        <ele>3008.331</ele>
        <time>2019-10-29T22:54:04.000Z</time>
      </trkpt>
      <trkpt lat="30.491465" lon="79.20471">
        <ele>3022.937</ele>
        <time>2019-10-29T22:57:12.000Z</time>
      </trkpt>
      <trkpt lat="30.491481" lon="79.20476">
        <ele>3019.333</ele>
        <time>2019-10-29T22:57:19.000Z</time>
      </trkpt>
      <trkpt lat="30.491503" lon="79.204808">
        <ele>3021.035</ele>
        <time>2019-10-29T22:57:28.000Z</time>
      </trkpt>
      <trkpt lat="30.491522" lon="79.204858">
        <ele>3020.786</ele>
        <time>2019-10-29T22:57:41.000Z</time>
      </trkpt>
      <trkpt lat="30.491544" lon="79.204905">
        <ele>3021.214</ele>
        <time>2019-10-29T22:57:51.000Z</time>
      </trkpt>
      <trkpt lat="30.491567" lon="79.204958">
        <ele>3022.308</ele>
        <time>2019-10-29T22:58:01.000Z</time>
      </trkpt>
      <trkpt lat="30.491586" lon="79.205013">
        <ele>3022.647</ele>
        <time>2019-10-29T22:58:12.000Z</time>
      </trkpt>
      <trkpt lat="30.49159" lon="79.205074">
        <ele>3022.646</ele>
        <time>2019-10-29T22:58:18.000Z</time>
      </trkpt>
      <trkpt lat="30.491587" lon="79.205137">
        <ele>3023.236</ele>
        <time>2019-10-29T22:58:24.000Z</time>
      </trkpt>
      <trkpt lat="30.491605" lon="79.205186">
        <ele>3022.972</ele>
        <time>2019-10-29T22:58:31.000Z</time>
      </trkpt>
      <trkpt lat="30.491625" lon="79.20524">
        <ele>3022.327</ele>
        <time>2019-10-29T22:58:42.000Z</time>
      </trkpt>
      <trkpt lat="30.49162" lon="79.205295">
        <ele>3021.478</ele>
        <time>2019-10-29T22:58:56.000Z</time>
      </trkpt>
      <trkpt lat="30.491624" lon="79.205349">
        <ele>3023.344</ele>
        <time>2019-10-29T22:59:05.000Z</time>
      </trkpt>
      <trkpt lat="30.491579" lon="79.205336">
        <ele>3024.16</ele>
        <time>2019-10-29T22:59:23.000Z</time>
      </trkpt>
      <trkpt lat="30.49154" lon="79.205301">
        <ele>3025.596</ele>
        <time>2019-10-29T22:59:33.000Z</time>
      </trkpt>
      <trkpt lat="30.491497" lon="79.205277">
        <ele>3026.731</ele>
        <time>2019-10-29T22:59:41.000Z</time>
      </trkpt>
      <trkpt lat="30.491451" lon="79.205274">
        <ele>3026.824</ele>
        <time>2019-10-29T22:59:50.000Z</time>
      </trkpt>
      <trkpt lat="30.491403" lon="79.205272">
        <ele>3027.108</ele>
        <time>2019-10-29T22:59:56.000Z</time>
      </trkpt>
      <trkpt lat="30.491355" lon="79.205265">
        <ele>3027.333</ele>
        <time>2019-10-29T23:00:02.000Z</time>
      </trkpt>
      <trkpt lat="30.491312" lon="79.205236">
        <ele>3028.682</ele>
        <time>2019-10-29T23:00:08.000Z</time>
      </trkpt>
      <trkpt lat="30.491277" lon="79.205201">
        <ele>3029.442</ele>
        <time>2019-10-29T23:00:13.000Z</time>
      </trkpt>
      <trkpt lat="30.491244" lon="79.205165">
        <ele>3031.598</ele>
        <time>2019-10-29T23:00:20.000Z</time>
      </trkpt>
      <trkpt lat="30.491213" lon="79.205123">
        <ele>3032.683</ele>
        <time>2019-10-29T23:00:28.000Z</time>
      </trkpt>
      <trkpt lat="30.49118" lon="79.205078">
        <ele>3034.384</ele>
        <time>2019-10-29T23:00:34.000Z</time>
      </trkpt>
      <trkpt lat="30.49114" lon="79.205043">
        <ele>3033.93</ele>
        <time>2019-10-29T23:00:40.000Z</time>
      </trkpt>
      <trkpt lat="30.491102" lon="79.205011">
        <ele>3033.736</ele>
        <time>2019-10-29T23:00:46.000Z</time>
      </trkpt>
      <trkpt lat="30.491064" lon="79.204965">
        <ele>3035.485</ele>
        <time>2019-10-29T23:00:55.000Z</time>
      </trkpt>
      <trkpt lat="30.491025" lon="79.204933">
        <ele>3034.889</ele>
        <time>2019-10-29T23:01:01.000Z</time>
      </trkpt>
      <trkpt lat="30.491002" lon="79.204886">
        <ele>3035.217</ele>
        <time>2019-10-29T23:01:06.000Z</time>
      </trkpt>
      <trkpt lat="30.490972" lon="79.204932">
        <ele>3036.208</ele>
        <time>2019-10-29T23:01:20.000Z</time>
      </trkpt>
      <trkpt lat="30.490987" lon="79.204985">
        <ele>3036.892</ele>
        <time>2019-10-29T23:01:31.000Z</time>
      </trkpt>
      <trkpt lat="30.491006" lon="79.205032">
        <ele>3036.771</ele>
        <time>2019-10-29T23:01:42.000Z</time>
      </trkpt>
      <trkpt lat="30.491019" lon="79.205083">
        <ele>3036.641</ele>
        <time>2019-10-29T23:01:53.000Z</time>
      </trkpt>
      <trkpt lat="30.491047" lon="79.205131">
        <ele>3040.247</ele>
        <time>2019-10-29T23:02:06.000Z</time>
      </trkpt>
      <trkpt lat="30.491061" lon="79.205184">
        <ele>3042.372</ele>
        <time>2019-10-29T23:02:15.000Z</time>
      </trkpt>
      <trkpt lat="30.491066" lon="79.205237">
        <ele>3043.723</ele>
        <time>2019-10-29T23:02:25.000Z</time>
      </trkpt>
      <trkpt lat="30.49108" lon="79.205287">
        <ele>3044.089</ele>
        <time>2019-10-29T23:02:39.000Z</time>
      </trkpt>
      <trkpt lat="30.49111" lon="79.205334">
        <ele>3047.125</ele>
        <time>2019-10-29T23:03:14.000Z</time>
      </trkpt>
      <trkpt lat="30.491117" lon="79.205388">
        <ele>3048.662</ele>
        <time>2019-10-29T23:03:22.000Z</time>
      </trkpt>
      <trkpt lat="30.491147" lon="79.205427">
        <ele>3048.683</ele>
        <time>2019-10-29T23:03:32.000Z</time>
      </trkpt>
      <trkpt lat="30.491171" lon="79.205476">
        <ele>3050.011</ele>
        <time>2019-10-29T23:03:45.000Z</time>
      </trkpt>
      <trkpt lat="30.491207" lon="79.205509">
        <ele>3051.408</ele>
        <time>2019-10-29T23:03:54.000Z</time>
      </trkpt>
      <trkpt lat="30.491235" lon="79.205554">
        <ele>3051.82</ele>
        <time>2019-10-29T23:04:07.000Z</time>
      </trkpt>
      <trkpt lat="30.491211" lon="79.205599">
        <ele>3052.419</ele>
        <time>2019-10-29T23:04:24.000Z</time>
      </trkpt>
      <trkpt lat="30.49124" lon="79.205648">
        <ele>3056.989</ele>
        <time>2019-10-29T23:04:50.000Z</time>
      </trkpt>
      <trkpt lat="30.491257" lon="79.205705">
        <ele>3056.745</ele>
        <time>2019-10-29T23:04:56.000Z</time>
      </trkpt>
      <trkpt lat="30.491286" lon="79.205746">
        <ele>3058.95</ele>
        <time>2019-10-29T23:05:02.000Z</time>
      </trkpt>
      <trkpt lat="30.491288" lon="79.205805">
        <ele>3060.161</ele>
        <time>2019-10-29T23:05:11.000Z</time>
      </trkpt>
      <trkpt lat="30.491318" lon="79.20585">
        <ele>3059.897</ele>
        <time>2019-10-29T23:05:24.000Z</time>
      </trkpt>
      <trkpt lat="30.491325" lon="79.205906">
        <ele>3061.763</ele>
        <time>2019-10-29T23:05:33.000Z</time>
      </trkpt>
      <trkpt lat="30.491329" lon="79.20596">
        <ele>3061.986</ele>
        <time>2019-10-29T23:05:44.000Z</time>
      </trkpt>
      <trkpt lat="30.49128" lon="79.205961">
        <ele>3061.76</ele>
        <time>2019-10-29T23:05:58.000Z</time>
      </trkpt>
      <trkpt lat="30.491233" lon="79.205966">
        <ele>3062.226</ele>
        <time>2019-10-29T23:06:13.000Z</time>
      </trkpt>
      <trkpt lat="30.491225" lon="79.206019">
        <ele>3061.608</ele>
        <time>2019-10-29T23:06:22.000Z</time>
      </trkpt>
      <trkpt lat="30.491227" lon="79.206078">
        <ele>3063.962</ele>
        <time>2019-10-29T23:06:33.000Z</time>
      </trkpt>
      <trkpt lat="30.491222" lon="79.206131">
        <ele>3065.771</ele>
        <time>2019-10-29T23:06:48.000Z</time>
      </trkpt>
      <trkpt lat="30.491199" lon="79.206083">
        <ele>3066.131</ele>
        <time>2019-10-29T23:07:08.000Z</time>
      </trkpt>
      <trkpt lat="30.491157" lon="79.206059">
        <ele>3064.927</ele>
        <time>2019-10-29T23:07:17.000Z</time>
      </trkpt>
      <trkpt lat="30.491125" lon="79.206014">
        <ele>3066.842</ele>
        <time>2019-10-29T23:07:29.000Z</time>
      </trkpt>
      <trkpt lat="30.49111" lon="79.205962">
        <ele>3069.683</ele>
        <time>2019-10-29T23:07:40.000Z</time>
      </trkpt>
      <trkpt lat="30.491089" lon="79.205913">
        <ele>3070.149</ele>
        <time>2019-10-29T23:07:49.000Z</time>
      </trkpt>
      <trkpt lat="30.491054" lon="79.205877">
        <ele>3071.795</ele>
        <time>2019-10-29T23:08:02.000Z</time>
      </trkpt>
      <trkpt lat="30.491015" lon="79.205848">
        <ele>3072.094</ele>
        <time>2019-10-29T23:08:11.000Z</time>
      </trkpt>
      <trkpt lat="30.49096" lon="79.205842">
        <ele>3074.557</ele>
        <time>2019-10-29T23:10:57.000Z</time>
      </trkpt>
      <trkpt lat="30.490908" lon="79.205833">
        <ele>3074.322</ele>
        <time>2019-10-29T23:11:03.000Z</time>
      </trkpt>
      <trkpt lat="30.490863" lon="79.205831">
        <ele>3075.808</ele>
        <time>2019-10-29T23:11:08.000Z</time>
      </trkpt>
      <trkpt lat="30.490817" lon="79.205831">
        <ele>3078.713</ele>
        <time>2019-10-29T23:11:18.000Z</time>
      </trkpt>
      <trkpt lat="30.49077" lon="79.20583">
        <ele>3078.272</ele>
        <time>2019-10-29T23:11:27.000Z</time>
      </trkpt>
      <trkpt lat="30.49074" lon="79.205791">
        <ele>3080.172</ele>
        <time>2019-10-29T23:11:35.000Z</time>
      </trkpt>
      <trkpt lat="30.490699" lon="79.205759">
        <ele>3080.888</ele>
        <time>2019-10-29T23:11:44.000Z</time>
      </trkpt>
      <trkpt lat="30.490663" lon="79.205721">
        <ele>3082.253</ele>
        <time>2019-10-29T23:11:52.000Z</time>
      </trkpt>
      <trkpt lat="30.490627" lon="79.205686">
        <ele>3083.174</ele>
        <time>2019-10-29T23:12:08.000Z</time>
      </trkpt>
      <trkpt lat="30.49058" lon="79.205677">
        <ele>3085.29</ele>
        <time>2019-10-29T23:12:23.000Z</time>
      </trkpt>
      <trkpt lat="30.490558" lon="79.205631">
        <ele>3085.276</ele>
        <time>2019-10-29T23:12:36.000Z</time>
      </trkpt>
      <trkpt lat="30.490511" lon="79.205624">
        <ele>3087.588</ele>
        <time>2019-10-29T23:12:52.000Z</time>
      </trkpt>
      <trkpt lat="30.490465" lon="79.205596">
        <ele>3087.324</ele>
        <time>2019-10-29T23:12:59.000Z</time>
      </trkpt>
      <trkpt lat="30.490432" lon="79.205559">
        <ele>3089.326</ele>
        <time>2019-10-29T23:13:08.000Z</time>
      </trkpt>
      <trkpt lat="30.490387" lon="79.205538">
        <ele>3089.808</ele>
        <time>2019-10-29T23:13:21.000Z</time>
      </trkpt>
      <trkpt lat="30.490341" lon="79.20553">
        <ele>3090.572</ele>
        <time>2019-10-29T23:13:29.000Z</time>
      </trkpt>
      <trkpt lat="30.490296" lon="79.205519">
        <ele>3091.981</ele>
        <time>2019-10-29T23:13:39.000Z</time>
      </trkpt>
      <trkpt lat="30.490248" lon="79.205514">
        <ele>3093.211</ele>
        <time>2019-10-29T23:13:48.000Z</time>
      </trkpt>
      <trkpt lat="30.490198" lon="79.205508">
        <ele>3095.357</ele>
        <time>2019-10-29T23:14:01.000Z</time>
      </trkpt>
      <trkpt lat="30.490153" lon="79.205533">
        <ele>3095.442</ele>
        <time>2019-10-29T23:14:10.000Z</time>
      </trkpt>
      <trkpt lat="30.490111" lon="79.205554">
        <ele>3096.063</ele>
        <time>2019-10-29T23:14:16.000Z</time>
      </trkpt>
      <trkpt lat="30.490121" lon="79.205612">
        <ele>3096.279</ele>
        <time>2019-10-29T23:14:24.000Z</time>
      </trkpt>
      <trkpt lat="30.490144" lon="79.205661">
        <ele>3097.625</ele>
        <time>2019-10-29T23:14:31.000Z</time>
      </trkpt>
      <trkpt lat="30.490143" lon="79.205716">
        <ele>3099.723</ele>
        <time>2019-10-29T23:14:45.000Z</time>
      </trkpt>
      <trkpt lat="30.49017" lon="79.205763">
        <ele>3100.283</ele>
        <time>2019-10-29T23:14:56.000Z</time>
      </trkpt>
      <trkpt lat="30.490213" lon="79.205793">
        <ele>3101.811</ele>
        <time>2019-10-29T23:15:04.000Z</time>
      </trkpt>
      <trkpt lat="30.490247" lon="79.205828">
        <ele>3103.308</ele>
        <time>2019-10-29T23:15:14.000Z</time>
      </trkpt>
      <trkpt lat="30.49027" lon="79.205879">
        <ele>3103.516</ele>
        <time>2019-10-29T23:15:23.000Z</time>
      </trkpt>
      <trkpt lat="30.490258" lon="79.205931">
        <ele>3105.115</ele>
        <time>2019-10-29T23:15:36.000Z</time>
      </trkpt>
      <trkpt lat="30.490238" lon="79.205982">
        <ele>3106.815</ele>
        <time>2019-10-29T23:15:55.000Z</time>
      </trkpt>
      <trkpt lat="30.490248" lon="79.206039">
        <ele>3107.661</ele>
        <time>2019-10-29T23:16:05.000Z</time>
      </trkpt>
      <trkpt lat="30.490242" lon="79.206093">
        <ele>3110.326</ele>
        <time>2019-10-29T23:16:15.000Z</time>
      </trkpt>
      <trkpt lat="30.490257" lon="79.206148">
        <ele>3110.327</ele>
        <time>2019-10-29T23:16:22.000Z</time>
      </trkpt>
      <trkpt lat="30.490266" lon="79.206207">
        <ele>3110.483</ele>
        <time>2019-10-29T23:18:30.000Z</time>
      </trkpt>
      <trkpt lat="30.490276" lon="79.206267">
        <ele>3112.369</ele>
        <time>2019-10-29T23:18:42.000Z</time>
      </trkpt>
      <trkpt lat="30.490265" lon="79.206321">
        <ele>3113.154</ele>
        <time>2019-10-29T23:18:51.000Z</time>
      </trkpt>
      <trkpt lat="30.490272" lon="79.206381">
        <ele>3115.056</ele>
        <time>2019-10-29T23:19:02.000Z</time>
      </trkpt>
      <trkpt lat="30.490288" lon="79.206434">
        <ele>3115.311</ele>
        <time>2019-10-29T23:19:09.000Z</time>
      </trkpt>
      <trkpt lat="30.490287" lon="79.206489">
        <ele>3114.608</ele>
        <time>2019-10-29T23:19:14.000Z</time>
      </trkpt>
      <trkpt lat="30.490277" lon="79.206546">
        <ele>3115.519</ele>
        <time>2019-10-29T23:19:24.000Z</time>
      </trkpt>
      <trkpt lat="30.490276" lon="79.206602">
        <ele>3115.938</ele>
        <time>2019-10-29T23:19:36.000Z</time>
      </trkpt>
      <trkpt lat="30.490287" lon="79.206653">
        <ele>3117.088</ele>
        <time>2019-10-29T23:19:49.000Z</time>
      </trkpt>
      <trkpt lat="30.49026" lon="79.206699">
        <ele>3117.314</ele>
        <time>2019-10-29T23:20:02.000Z</time>
      </trkpt>
      <trkpt lat="30.49025" lon="79.206753">
        <ele>3117.999</ele>
        <time>2019-10-29T23:20:10.000Z</time>
      </trkpt>
      <trkpt lat="30.490249" lon="79.20681">
        <ele>3120.31</ele>
        <time>2019-10-29T23:20:17.000Z</time>
      </trkpt>
      <trkpt lat="30.490243" lon="79.206865">
        <ele>3120.176</ele>
        <time>2019-10-29T23:20:23.000Z</time>
      </trkpt>
      <trkpt lat="30.490243" lon="79.20692">
        <ele>3120.132</ele>
        <time>2019-10-29T23:20:29.000Z</time>
      </trkpt>
      <trkpt lat="30.490248" lon="79.206973">
        <ele>3121.755</ele>
        <time>2019-10-29T23:20:37.000Z</time>
      </trkpt>
      <trkpt lat="30.490255" lon="79.207032">
        <ele>3124.407</ele>
        <time>2019-10-29T23:20:52.000Z</time>
      </trkpt>
      <trkpt lat="30.490271" lon="79.207084">
        <ele>3125.417</ele>
        <time>2019-10-29T23:21:03.000Z</time>
      </trkpt>
      <trkpt lat="30.490298" lon="79.207133">
        <ele>3126.008</ele>
        <time>2019-10-29T23:21:16.000Z</time>
      </trkpt>
      <trkpt lat="30.490334" lon="79.207171">
        <ele>3128.349</ele>
        <time>2019-10-29T23:21:29.000Z</time>
      </trkpt>
      <trkpt lat="30.490367" lon="79.207213">
        <ele>3130.638</ele>
        <time>2019-10-29T23:21:38.000Z</time>
      </trkpt>
      <trkpt lat="30.490405" lon="79.207257">
        <ele>3131.548</ele>
        <time>2019-10-29T23:21:46.000Z</time>
      </trkpt>
      <trkpt lat="30.490439" lon="79.207296">
        <ele>3131.524</ele>
        <time>2019-10-29T23:21:55.000Z</time>
      </trkpt>
      <trkpt lat="30.490456" lon="79.207345">
        <ele>3132.119</ele>
        <time>2019-10-29T23:22:02.000Z</time>
      </trkpt>
      <trkpt lat="30.490471" lon="79.207398">
        <ele>3131.34</ele>
        <time>2019-10-29T23:22:17.000Z</time>
      </trkpt>
      <trkpt lat="30.490494" lon="79.207443">
        <ele>3130.496</ele>
        <time>2019-10-29T23:22:28.000Z</time>
      </trkpt>
      <trkpt lat="30.490533" lon="79.207474">
        <ele>3132.422</ele>
        <time>2019-10-29T23:22:35.000Z</time>
      </trkpt>
      <trkpt lat="30.490573" lon="79.207504">
        <ele>3133.954</ele>
        <time>2019-10-29T23:22:43.000Z</time>
      </trkpt>
      <trkpt lat="30.490529" lon="79.207521">
        <ele>3133.256</ele>
        <time>2019-10-29T23:22:52.000Z</time>
      </trkpt>
      <trkpt lat="30.490494" lon="79.207555">
        <ele>3132.211</ele>
        <time>2019-10-29T23:23:02.000Z</time>
      </trkpt>
      <trkpt lat="30.490508" lon="79.207612">
        <ele>3136.108</ele>
        <time>2019-10-29T23:23:12.000Z</time>
      </trkpt>
      <trkpt lat="30.490546" lon="79.207661">
        <ele>3137.479</ele>
        <time>2019-10-29T23:23:23.000Z</time>
      </trkpt>
      <trkpt lat="30.4905" lon="79.207673">
        <ele>3138.228</ele>
        <time>2019-10-29T23:23:44.000Z</time>
      </trkpt>
      <trkpt lat="30.49049" lon="79.207617">
        <ele>3138.258</ele>
        <time>2019-10-29T23:23:53.000Z</time>
      </trkpt>
      <trkpt lat="30.490445" lon="79.207605">
        <ele>3135.874</ele>
        <time>2019-10-29T23:24:04.000Z</time>
      </trkpt>
      <trkpt lat="30.4904" lon="79.207587">
        <ele>3136.819</ele>
        <time>2019-10-29T23:24:15.000Z</time>
      </trkpt>
      <trkpt lat="30.490355" lon="79.207571">
        <ele>3137.12</ele>
        <time>2019-10-29T23:24:25.000Z</time>
      </trkpt>
      <trkpt lat="30.490309" lon="79.207554">
        <ele>3137.096</ele>
        <time>2019-10-29T23:25:18.000Z</time>
      </trkpt>
      <trkpt lat="30.490272" lon="79.20752">
        <ele>3139.942</ele>
        <time>2019-10-29T23:25:26.000Z</time>
      </trkpt>
      <trkpt lat="30.490225" lon="79.207513">
        <ele>3143.545</ele>
        <time>2019-10-29T23:25:38.000Z</time>
      </trkpt>
      <trkpt lat="30.490179" lon="79.207499">
        <ele>3145.347</ele>
        <time>2019-10-29T23:25:49.000Z</time>
      </trkpt>
      <trkpt lat="30.490134" lon="79.207481">
        <ele>3145.811</ele>
        <time>2019-10-29T23:25:59.000Z</time>
      </trkpt>
      <trkpt lat="30.490092" lon="79.207452">
        <ele>3147.008</ele>
        <time>2019-10-29T23:26:08.000Z</time>
      </trkpt>
      <trkpt lat="30.490052" lon="79.207426">
        <ele>3147.298</ele>
        <time>2019-10-29T23:26:20.000Z</time>
      </trkpt>
      <trkpt lat="30.490006" lon="79.207434">
        <ele>3148.187</ele>
        <time>2019-10-29T23:26:32.000Z</time>
      </trkpt>
      <trkpt lat="30.489961" lon="79.207436">
        <ele>3150.297</ele>
        <time>2019-10-29T23:26:48.000Z</time>
      </trkpt>
      <trkpt lat="30.489917" lon="79.207453">
        <ele>3150.163</ele>
        <time>2019-10-29T23:27:01.000Z</time>
      </trkpt>
      <trkpt lat="30.489865" lon="79.20746">
        <ele>3152.488</ele>
        <time>2019-10-29T23:27:13.000Z</time>
      </trkpt>
      <trkpt lat="30.489822" lon="79.207476">
        <ele>3154.339</ele>
        <time>2019-10-29T23:27:51.000Z</time>
      </trkpt>
      <trkpt lat="30.489775" lon="79.20748">
        <ele>3155.125</ele>
        <time>2019-10-29T23:27:58.000Z</time>
      </trkpt>
      <trkpt lat="30.489723" lon="79.207475">
        <ele>3155.181</ele>
        <time>2019-10-29T23:28:04.000Z</time>
      </trkpt>
      <trkpt lat="30.489678" lon="79.207468">
        <ele>3158.119</ele>
        <time>2019-10-29T23:28:11.000Z</time>
      </trkpt>
      <trkpt lat="30.489635" lon="79.20749">
        <ele>3160.109</ele>
        <time>2019-10-29T23:28:17.000Z</time>
      </trkpt>
      <trkpt lat="30.48959" lon="79.207477">
        <ele>3158.919</ele>
        <time>2019-10-29T23:28:32.000Z</time>
      </trkpt>
      <trkpt lat="30.489548" lon="79.207505">
        <ele>3160.708</ele>
        <time>2019-10-29T23:28:40.000Z</time>
      </trkpt>
      <trkpt lat="30.489522" lon="79.207553">
        <ele>3161.045</ele>
        <time>2019-10-29T23:28:50.000Z</time>
      </trkpt>
      <trkpt lat="30.489472" lon="79.20754">
        <ele>3162.594</ele>
        <time>2019-10-29T23:29:03.000Z</time>
      </trkpt>
      <trkpt lat="30.489428" lon="79.207523">
        <ele>3162.534</ele>
        <time>2019-10-29T23:29:07.000Z</time>
      </trkpt>
      <trkpt lat="30.489383" lon="79.207512">
        <ele>3162.13</ele>
        <time>2019-10-29T23:29:18.000Z</time>
      </trkpt>
      <trkpt lat="30.489394" lon="79.207566">
        <ele>3167.265</ele>
        <time>2019-10-29T23:29:51.000Z</time>
      </trkpt>
      <trkpt lat="30.489419" lon="79.207612">
        <ele>3169.676</ele>
        <time>2019-10-29T23:31:30.000Z</time>
      </trkpt>
      <trkpt lat="30.489451" lon="79.207649">
        <ele>3172.612</ele>
        <time>2019-10-29T23:31:36.000Z</time>
      </trkpt>
      <trkpt lat="30.489474" lon="79.207696">
        <ele>3172.678</ele>
        <time>2019-10-29T23:31:44.000Z</time>
      </trkpt>
      <trkpt lat="30.489513" lon="79.207724">
        <ele>3173.213</ele>
        <time>2019-10-29T23:32:05.000Z</time>
      </trkpt>
      <trkpt lat="30.489557" lon="79.207755">
        <ele>3174.143</ele>
        <time>2019-10-29T23:32:16.000Z</time>
      </trkpt>
      <trkpt lat="30.489589" lon="79.207792">
        <ele>3178.707</ele>
        <time>2019-10-29T23:32:42.000Z</time>
      </trkpt>
      <trkpt lat="30.489616" lon="79.207839">
        <ele>3180.608</ele>
        <time>2019-10-29T23:32:51.000Z</time>
      </trkpt>
      <trkpt lat="30.489653" lon="79.207874">
        <ele>3182.265</ele>
        <time>2019-10-29T23:33:15.000Z</time>
      </trkpt>
      <trkpt lat="30.489672" lon="79.207927">
        <ele>3183.834</ele>
        <time>2019-10-29T23:33:23.000Z</time>
      </trkpt>
      <trkpt lat="30.489691" lon="79.207976">
        <ele>3183.654</ele>
        <time>2019-10-29T23:33:31.000Z</time>
      </trkpt>
      <trkpt lat="30.489698" lon="79.208032">
        <ele>3182.91</ele>
        <time>2019-10-29T23:33:44.000Z</time>
      </trkpt>
      <trkpt lat="30.489715" lon="79.208084">
        <ele>3186.565</ele>
        <time>2019-10-29T23:35:17.000Z</time>
      </trkpt>
      <trkpt lat="30.489748" lon="79.208123">
        <ele>3187.156</ele>
        <time>2019-10-29T23:35:25.000Z</time>
      </trkpt>
      <trkpt lat="30.489757" lon="79.208177">
        <ele>3186.942</ele>
        <time>2019-10-29T23:35:41.000Z</time>
      </trkpt>
      <trkpt lat="30.48978" lon="79.208225">
        <ele>3186.518</ele>
        <time>2019-10-29T23:35:54.000Z</time>
      </trkpt>
      <trkpt lat="30.489784" lon="79.208277">
        <ele>3187.449</ele>
        <time>2019-10-29T23:36:01.000Z</time>
      </trkpt>
      <trkpt lat="30.489797" lon="79.20833">
        <ele>3189.002</ele>
        <time>2019-10-29T23:36:11.000Z</time>
      </trkpt>
      <trkpt lat="30.489799" lon="79.208383">
        <ele>3189.722</ele>
        <time>2019-10-29T23:36:29.000Z</time>
      </trkpt>
      <trkpt lat="30.489804" lon="79.208435">
        <ele>3190.508</ele>
        <time>2019-10-29T23:36:41.000Z</time>
      </trkpt>
      <trkpt lat="30.489785" lon="79.208487">
        <ele>3191.588</ele>
        <time>2019-10-29T23:36:56.000Z</time>
      </trkpt>
      <trkpt lat="30.489759" lon="79.208538">
        <ele>3192.717</ele>
        <time>2019-10-29T23:37:11.000Z</time>
      </trkpt>
      <trkpt lat="30.489733" lon="79.208491">
        <ele>3193.787</ele>
        <time>2019-10-29T23:37:28.000Z</time>
      </trkpt>
      <trkpt lat="30.489716" lon="79.208436">
        <ele>3195.623</ele>
        <time>2019-10-29T23:37:42.000Z</time>
      </trkpt>
      <trkpt lat="30.489672" lon="79.208416">
        <ele>3197.168</ele>
        <time>2019-10-29T23:37:53.000Z</time>
      </trkpt>
      <trkpt lat="30.489643" lon="79.208374">
        <ele>3199.969</ele>
        <time>2019-10-29T23:38:06.000Z</time>
      </trkpt>
      <trkpt lat="30.489594" lon="79.20838">
        <ele>3201.115</ele>
        <time>2019-10-29T23:42:33.000Z</time>
      </trkpt>
      <trkpt lat="30.489546" lon="79.20839">
        <ele>3202.121</ele>
        <time>2019-10-29T23:42:39.000Z</time>
      </trkpt>
      <trkpt lat="30.489497" lon="79.208387">
        <ele>3203.565</ele>
        <time>2019-10-29T23:42:48.000Z</time>
      </trkpt>
      <trkpt lat="30.489449" lon="79.208377">
        <ele>3204.768</ele>
        <time>2019-10-29T23:43:00.000Z</time>
      </trkpt>
      <trkpt lat="30.489404" lon="79.208358">
        <ele>3205.014</ele>
        <time>2019-10-29T23:43:08.000Z</time>
      </trkpt>
      <trkpt lat="30.489361" lon="79.208331">
        <ele>3205.008</ele>
        <time>2019-10-29T23:43:16.000Z</time>
      </trkpt>
      <trkpt lat="30.489314" lon="79.20832">
        <ele>3207.29</ele>
        <time>2019-10-29T23:43:30.000Z</time>
      </trkpt>
      <trkpt lat="30.489263" lon="79.208317">
        <ele>3206.249</ele>
        <time>2019-10-29T23:43:36.000Z</time>
      </trkpt>
      <trkpt lat="30.48922" lon="79.208299">
        <ele>3208.079</ele>
        <time>2019-10-29T23:43:51.000Z</time>
      </trkpt>
      <trkpt lat="30.489184" lon="79.208266">
        <ele>3207.775</ele>
        <time>2019-10-29T23:44:04.000Z</time>
      </trkpt>
      <trkpt lat="30.489139" lon="79.208272">
        <ele>3207.83</ele>
        <time>2019-10-29T23:44:14.000Z</time>
      </trkpt>
      <trkpt lat="30.489096" lon="79.208255">
        <ele>3208.211</ele>
        <time>2019-10-29T23:44:26.000Z</time>
      </trkpt>
      <trkpt lat="30.489057" lon="79.208223">
        <ele>3209.857</ele>
        <time>2019-10-29T23:44:35.000Z</time>
      </trkpt>
      <trkpt lat="30.489012" lon="79.20821">
        <ele>3211.773</ele>
        <time>2019-10-29T23:44:45.000Z</time>
      </trkpt>
      <trkpt lat="30.488965" lon="79.208222">
        <ele>3212.495</ele>
        <time>2019-10-29T23:44:58.000Z</time>
      </trkpt>
      <trkpt lat="30.488928" lon="79.208259">
        <ele>3213.849</ele>
        <time>2019-10-29T23:45:09.000Z</time>
      </trkpt>
      <trkpt lat="30.48888" lon="79.208269">
        <ele>3213.123</ele>
        <time>2019-10-29T23:45:21.000Z</time>
      </trkpt>
      <trkpt lat="30.488841" lon="79.20824">
        <ele>3213.908</ele>
        <time>2019-10-29T23:45:33.000Z</time>
      </trkpt>
      <trkpt lat="30.488802" lon="79.20821">
        <ele>3214.553</ele>
        <time>2019-10-29T23:45:42.000Z</time>
      </trkpt>
      <trkpt lat="30.488756" lon="79.208213">
        <ele>3217.432</ele>
        <time>2019-10-29T23:45:54.000Z</time>
      </trkpt>
      <trkpt lat="30.488712" lon="79.208243">
        <ele>3221.052</ele>
        <time>2019-10-29T23:46:16.000Z</time>
      </trkpt>
      <trkpt lat="30.488668" lon="79.208265">
        <ele>3220.678</ele>
        <time>2019-10-29T23:46:26.000Z</time>
      </trkpt>
      <trkpt lat="30.488621" lon="79.208276">
        <ele>3220.723</ele>
        <time>2019-10-29T23:46:35.000Z</time>
      </trkpt>
      <trkpt lat="30.488629" lon="79.208332">
        <ele>3224.284</ele>
        <time>2019-10-29T23:47:00.000Z</time>
      </trkpt>
      <trkpt lat="30.488668" lon="79.208366">
        <ele>3226.92</ele>
        <time>2019-10-29T23:47:12.000Z</time>
      </trkpt>
      <trkpt lat="30.488707" lon="79.208394">
        <ele>3228.016</ele>
        <time>2019-10-29T23:47:24.000Z</time>
      </trkpt>
      <trkpt lat="30.488749" lon="79.208425">
        <ele>3230.068</ele>
        <time>2019-10-29T23:47:35.000Z</time>
      </trkpt>
      <trkpt lat="30.48879" lon="79.208458">
        <ele>3231.242</ele>
        <time>2019-10-29T23:47:46.000Z</time>
      </trkpt>
      <trkpt lat="30.488823" lon="79.208494">
        <ele>3233.626</ele>
        <time>2019-10-29T23:47:58.000Z</time>
      </trkpt>
      <trkpt lat="30.488865" lon="79.208515">
        <ele>3235.808</ele>
        <time>2019-10-29T23:48:08.000Z</time>
      </trkpt>
      <trkpt lat="30.488886" lon="79.208562">
        <ele>3236.37</ele>
        <time>2019-10-29T23:48:18.000Z</time>
      </trkpt>
      <trkpt lat="30.488903" lon="79.208614">
        <ele>3238.029</ele>
        <time>2019-10-29T23:48:28.000Z</time>
      </trkpt>
      <trkpt lat="30.488857" lon="79.208632">
        <ele>3238.489</ele>
        <time>2019-10-29T23:48:42.000Z</time>
      </trkpt>
      <trkpt lat="30.488811" lon="79.208625">
        <ele>3237.015</ele>
        <time>2019-10-29T23:48:56.000Z</time>
      </trkpt>
      <trkpt lat="30.488766" lon="79.208636">
        <ele>3237.54</ele>
        <time>2019-10-29T23:49:03.000Z</time>
      </trkpt>
      <trkpt lat="30.488717" lon="79.208654">
        <ele>3237.481</ele>
        <time>2019-10-29T23:49:13.000Z</time>
      </trkpt>
      <trkpt lat="30.488664" lon="79.208651">
        <ele>3238.287</ele>
        <time>2019-10-29T23:49:55.000Z</time>
      </trkpt>
      <trkpt lat="30.488616" lon="79.208657">
        <ele>3240.753</ele>
        <time>2019-10-29T23:50:06.000Z</time>
      </trkpt>
      <trkpt lat="30.488567" lon="79.208669">
        <ele>3240.738</ele>
        <time>2019-10-29T23:50:12.000Z</time>
      </trkpt>
      <trkpt lat="30.488521" lon="79.208667">
        <ele>3244.57</ele>
        <time>2019-10-29T23:50:16.000Z</time>
      </trkpt>
      <trkpt lat="30.488489" lon="79.208623">
        <ele>3248.017</ele>
        <time>2019-10-29T23:50:28.000Z</time>
      </trkpt>
      <trkpt lat="30.488443" lon="79.208614">
        <ele>3246.308</ele>
        <time>2019-10-29T23:50:34.000Z</time>
      </trkpt>
      <trkpt lat="30.48841" lon="79.208656">
        <ele>3245.827</ele>
        <time>2019-10-29T23:50:50.000Z</time>
      </trkpt>
      <trkpt lat="30.488358" lon="79.208625">
        <ele>3245.786</ele>
        <time>2019-10-29T23:50:54.000Z</time>
      </trkpt>
      <trkpt lat="30.488313" lon="79.208609">
        <ele>3244.946</ele>
        <time>2019-10-29T23:51:12.000Z</time>
      </trkpt>
      <trkpt lat="30.488264" lon="79.208611">
        <ele>3245.872</ele>
        <time>2019-10-29T23:51:23.000Z</time>
      </trkpt>
      <trkpt lat="30.488231" lon="79.208575">
        <ele>3246.637</ele>
        <time>2019-10-29T23:51:31.000Z</time>
      </trkpt>
      <trkpt lat="30.488187" lon="79.208549">
        <ele>3247.758</ele>
        <time>2019-10-29T23:51:43.000Z</time>
      </trkpt>
      <trkpt lat="30.48814" lon="79.20854">
        <ele>3248.514</ele>
        <time>2019-10-29T23:51:51.000Z</time>
      </trkpt>
      <trkpt lat="30.488093" lon="79.208548">
        <ele>3247.73</ele>
        <time>2019-10-29T23:51:57.000Z</time>
      </trkpt>
      <trkpt lat="30.488051" lon="79.208518">
        <ele>3249.634</ele>
        <time>2019-10-29T23:52:06.000Z</time>
      </trkpt>
      <trkpt lat="30.488011" lon="79.208488">
        <ele>3250.855</ele>
        <time>2019-10-29T23:52:16.000Z</time>
      </trkpt>
      <trkpt lat="30.487971" lon="79.208462">
        <ele>3253.91</ele>
        <time>2019-10-29T23:52:27.000Z</time>
      </trkpt>
      <trkpt lat="30.487924" lon="79.208454">
        <ele>3253.708</ele>
        <time>2019-10-29T23:52:38.000Z</time>
      </trkpt>
      <trkpt lat="30.487884" lon="79.208427">
        <ele>3254.637</ele>
        <time>2019-10-29T23:52:49.000Z</time>
      </trkpt>
      <trkpt lat="30.487855" lon="79.208384">
        <ele>3256.656</ele>
        <time>2019-10-29T23:53:06.000Z</time>
      </trkpt>
      <trkpt lat="30.487813" lon="79.208353">
        <ele>3258.666</ele>
        <time>2019-10-29T23:53:15.000Z</time>
      </trkpt>
      <trkpt lat="30.487793" lon="79.208401">
        <ele>3261.322</ele>
        <time>2019-10-29T23:53:38.000Z</time>
      </trkpt>
      <trkpt lat="30.487822" lon="79.208444">
        <ele>3263.667</ele>
        <time>2019-10-29T23:53:48.000Z</time>
      </trkpt>
      <trkpt lat="30.487852" lon="79.208491">
        <ele>3265.618</ele>
        <time>2019-10-29T23:54:09.000Z</time>
      </trkpt>
      <trkpt lat="30.487882" lon="79.20853">
        <ele>3267.154</ele>
        <time>2019-10-29T23:54:18.000Z</time>
      </trkpt>
      <trkpt lat="30.487896" lon="79.20858">
        <ele>3268.68</ele>
        <time>2019-10-29T23:54:30.000Z</time>
      </trkpt>
      <trkpt lat="30.487916" lon="79.208632">
        <ele>3269.843</ele>
        <time>2019-10-29T23:54:43.000Z</time>
      </trkpt>
      <trkpt lat="30.487958" lon="79.208653">
        <ele>3269.564</ele>
        <time>2019-10-29T23:54:50.000Z</time>
      </trkpt>
      <trkpt lat="30.487929" lon="79.208699">
        <ele>3270.61</ele>
        <time>2019-10-29T23:55:19.000Z</time>
      </trkpt>
      <trkpt lat="30.487954" lon="79.208743">
        <ele>3271.108</ele>
        <time>2019-10-29T23:55:29.000Z</time>
      </trkpt>
      <trkpt lat="30.487988" lon="79.208779">
        <ele>3272.668</ele>
        <time>2019-10-29T23:55:42.000Z</time>
      </trkpt>
      <trkpt lat="30.488027" lon="79.208812">
        <ele>3274.167</ele>
        <time>2019-10-29T23:56:04.000Z</time>
      </trkpt>
      <trkpt lat="30.488054" lon="79.208857">
        <ele>3279.777</ele>
        <time>2019-10-29T23:58:30.000Z</time>
      </trkpt>
      <trkpt lat="30.488074" lon="79.20891">
        <ele>3281.273</ele>
        <time>2019-10-29T23:58:38.000Z</time>
      </trkpt>
      <trkpt lat="30.488117" lon="79.208928">
        <ele>3281.178</ele>
        <time>2019-10-29T23:58:44.000Z</time>
      </trkpt>
      <trkpt lat="30.488148" lon="79.208975">
        <ele>3280.199</ele>
        <time>2019-10-29T23:58:56.000Z</time>
      </trkpt>
      <trkpt lat="30.488187" lon="79.20901">
        <ele>3281.595</ele>
        <time>2019-10-29T23:59:04.000Z</time>
      </trkpt>
      <trkpt lat="30.48821" lon="79.209056">
        <ele>3280.441</ele>
        <time>2019-10-29T23:59:14.000Z</time>
      </trkpt>
      <trkpt lat="30.488228" lon="79.209107">
        <ele>3281.963</ele>
        <time>2019-10-29T23:59:38.000Z</time>
      </trkpt>
      <trkpt lat="30.48826" lon="79.209149">
        <ele>3282.944</ele>
        <time>2019-10-29T23:59:47.000Z</time>
      </trkpt>
      <trkpt lat="30.488311" lon="79.209159">
        <ele>3284.218</ele>
        <time>2019-10-29T23:59:54.000Z</time>
      </trkpt>
      <trkpt lat="30.488354" lon="79.209176">
        <ele>3284.608</ele>
        <time>2019-10-30T00:00:03.000Z</time>
      </trkpt>
      <trkpt lat="30.488398" lon="79.209205">
        <ele>3285.01</ele>
        <time>2019-10-30T00:00:15.000Z</time>
      </trkpt>
      <trkpt lat="30.488428" lon="79.209244">
        <ele>3287.739</ele>
        <time>2019-10-30T00:00:32.000Z</time>
      </trkpt>
      <trkpt lat="30.488466" lon="79.209278">
        <ele>3289.419</ele>
        <time>2019-10-30T00:00:42.000Z</time>
      </trkpt>
      <trkpt lat="30.488465" lon="79.209333">
        <ele>3292.515</ele>
        <time>2019-10-30T00:02:30.000Z</time>
      </trkpt>
      <trkpt lat="30.488475" lon="79.209385">
        <ele>3291.59</ele>
        <time>2019-10-30T00:03:31.000Z</time>
      </trkpt>
      <trkpt lat="30.488453" lon="79.209434">
        <ele>3293.951</ele>
        <time>2019-10-30T00:03:49.000Z</time>
      </trkpt>
      <trkpt lat="30.488425" lon="79.209481">
        <ele>3294.147</ele>
        <time>2019-10-30T00:03:58.000Z</time>
      </trkpt>
      <trkpt lat="30.488409" lon="79.209531">
        <ele>3295.183</ele>
        <time>2019-10-30T00:04:07.000Z</time>
      </trkpt>
      <trkpt lat="30.488405" lon="79.209583">
        <ele>3294.723</ele>
        <time>2019-10-30T00:04:17.000Z</time>
      </trkpt>
      <trkpt lat="30.488398" lon="79.209641">
        <ele>3294.983</ele>
        <time>2019-10-30T00:04:27.000Z</time>
      </trkpt>
      <trkpt lat="30.488379" lon="79.20969">
        <ele>3295.911</ele>
        <time>2019-10-30T00:04:35.000Z</time>
      </trkpt>
      <trkpt lat="30.488364" lon="79.209741">
        <ele>3296.308</ele>
        <time>2019-10-30T00:04:45.000Z</time>
      </trkpt>
      <trkpt lat="30.488357" lon="79.209794">
        <ele>3297.246</ele>
        <time>2019-10-30T00:04:57.000Z</time>
      </trkpt>
      <trkpt lat="30.488338" lon="79.209846">
        <ele>3297.585</ele>
        <time>2019-10-30T00:05:10.000Z</time>
      </trkpt>
      <trkpt lat="30.488318" lon="79.209894">
        <ele>3298.865</ele>
        <time>2019-10-30T00:05:18.000Z</time>
      </trkpt>
      <trkpt lat="30.4883" lon="79.209947">
        <ele>3299.681</ele>
        <time>2019-10-30T00:05:26.000Z</time>
      </trkpt>
      <trkpt lat="30.48828" lon="79.209994">
        <ele>3299.756</ele>
        <time>2019-10-30T00:05:35.000Z</time>
      </trkpt>
      <trkpt lat="30.488261" lon="79.210045">
        <ele>3300.487</ele>
        <time>2019-10-30T00:05:56.000Z</time>
      </trkpt>
      <trkpt lat="30.48826" lon="79.2101">
        <ele>3302.423</ele>
        <time>2019-10-30T00:06:07.000Z</time>
      </trkpt>
      <trkpt lat="30.488248" lon="79.210152">
        <ele>3303.239</ele>
        <time>2019-10-30T00:06:16.000Z</time>
      </trkpt>
      <trkpt lat="30.488243" lon="79.210208">
        <ele>3302.866</ele>
        <time>2019-10-30T00:06:25.000Z</time>
      </trkpt>
      <trkpt lat="30.488209" lon="79.210249">
        <ele>3303.129</ele>
        <time>2019-10-30T00:06:52.000Z</time>
      </trkpt>
      <trkpt lat="30.488213" lon="79.210306">
        <ele>3304.821</ele>
        <time>2019-10-30T00:07:02.000Z</time>
      </trkpt>
      <trkpt lat="30.488212" lon="79.210358">
        <ele>3306.208</ele>
        <time>2019-10-30T00:07:10.000Z</time>
      </trkpt>
      <trkpt lat="30.488226" lon="79.210409">
        <ele>3308.04</ele>
        <time>2019-10-30T00:07:22.000Z</time>
      </trkpt>
      <trkpt lat="30.488261" lon="79.210444">
        <ele>3309.059</ele>
        <time>2019-10-30T00:07:30.000Z</time>
      </trkpt>
      <trkpt lat="30.488273" lon="79.210497">
        <ele>3310.029</ele>
        <time>2019-10-30T00:07:41.000Z</time>
      </trkpt>
      <trkpt lat="30.488269" lon="79.210551">
        <ele>3311.065</ele>
        <time>2019-10-30T00:07:50.000Z</time>
      </trkpt>
      <trkpt lat="30.488274" lon="79.210607">
        <ele>3313.14</ele>
        <time>2019-10-30T00:08:02.000Z</time>
      </trkpt>
      <trkpt lat="30.488282" lon="79.210685">
        <ele>3316.061</ele>
        <time>2019-10-30T00:10:29.000Z</time>
      </trkpt>
      <trkpt lat="30.488287" lon="79.210738">
        <ele>3315.137</ele>
        <time>2019-10-30T00:12:38.000Z</time>
      </trkpt>
      <trkpt lat="30.488315" lon="79.21078">
        <ele>3316.733</ele>
        <time>2019-10-30T00:12:48.000Z</time>
      </trkpt>
      <trkpt lat="30.488336" lon="79.210833">
        <ele>3318.032</ele>
        <time>2019-10-30T00:12:56.000Z</time>
      </trkpt>
      <trkpt lat="30.488342" lon="79.21089">
        <ele>3317.392</ele>
        <time>2019-10-30T00:13:05.000Z</time>
      </trkpt>
      <trkpt lat="30.488335" lon="79.210943">
        <ele>3318.811</ele>
        <time>2019-10-30T00:13:14.000Z</time>
      </trkpt>
      <trkpt lat="30.488326" lon="79.210997">
        <ele>3319.808</ele>
        <time>2019-10-30T00:13:22.000Z</time>
      </trkpt>
      <trkpt lat="30.48832" lon="79.211053">
        <ele>3320.897</ele>
        <time>2019-10-30T00:13:30.000Z</time>
      </trkpt>
      <trkpt lat="30.48832" lon="79.211109">
        <ele>3321.396</ele>
        <time>2019-10-30T00:13:40.000Z</time>
      </trkpt>
      <trkpt lat="30.488318" lon="79.211162">
        <ele>3322.246</ele>
        <time>2019-10-30T00:13:56.000Z</time>
      </trkpt>
      <trkpt lat="30.488321" lon="79.211217">
        <ele>3323.952</ele>
        <time>2019-10-30T00:14:07.000Z</time>
      </trkpt>
      <trkpt lat="30.488328" lon="79.21127">
        <ele>3324.857</ele>
        <time>2019-10-30T00:14:16.000Z</time>
      </trkpt>
      <trkpt lat="30.488329" lon="79.211324">
        <ele>3325.578</ele>
        <time>2019-10-30T00:14:26.000Z</time>
      </trkpt>
      <trkpt lat="30.488337" lon="79.211378">
        <ele>3326.114</ele>
        <time>2019-10-30T00:14:36.000Z</time>
      </trkpt>
      <trkpt lat="30.488347" lon="79.211431">
        <ele>3326.02</ele>
        <time>2019-10-30T00:14:45.000Z</time>
      </trkpt>
      <trkpt lat="30.488353" lon="79.211486">
        <ele>3326.422</ele>
        <time>2019-10-30T00:14:54.000Z</time>
      </trkpt>
      <trkpt lat="30.488365" lon="79.211545">
        <ele>3327.662</ele>
        <time>2019-10-30T00:15:03.000Z</time>
      </trkpt>
      <trkpt lat="30.488383" lon="79.211593">
        <ele>3328.308</ele>
        <time>2019-10-30T00:15:26.000Z</time>
      </trkpt>
      <trkpt lat="30.488392" lon="79.211647">
        <ele>3328.408</ele>
        <time>2019-10-30T00:15:35.000Z</time>
      </trkpt>
      <trkpt lat="30.488374" lon="79.211695">
        <ele>3330.036</ele>
        <time>2019-10-30T00:15:45.000Z</time>
      </trkpt>
      <trkpt lat="30.488381" lon="79.211747">
        <ele>3333.445</ele>
        <time>2019-10-30T00:16:52.000Z</time>
      </trkpt>
      <trkpt lat="30.488402" lon="79.211802">
        <ele>3333.965</ele>
        <time>2019-10-30T00:17:00.000Z</time>
      </trkpt>
      <trkpt lat="30.488418" lon="79.211851">
        <ele>3333.731</ele>
        <time>2019-10-30T00:17:08.000Z</time>
      </trkpt>
      <trkpt lat="30.488424" lon="79.211904">
        <ele>3334.226</ele>
        <time>2019-10-30T00:17:19.000Z</time>
      </trkpt>
      <trkpt lat="30.488424" lon="79.211958">
        <ele>3335.387</ele>
        <time>2019-10-30T00:17:42.000Z</time>
      </trkpt>
      <trkpt lat="30.488434" lon="79.212009">
        <ele>3335.723</ele>
        <time>2019-10-30T00:18:01.000Z</time>
      </trkpt>
      <trkpt lat="30.488443" lon="79.212066">
        <ele>3336.929</ele>
        <time>2019-10-30T00:18:09.000Z</time>
      </trkpt>
      <trkpt lat="30.488453" lon="79.212122">
        <ele>3338.132</ele>
        <time>2019-10-30T00:18:18.000Z</time>
      </trkpt>
      <trkpt lat="30.488465" lon="79.212172">
        <ele>3339.192</ele>
        <time>2019-10-30T00:18:29.000Z</time>
      </trkpt>
      <trkpt lat="30.488471" lon="79.212227">
        <ele>3340.511</ele>
        <time>2019-10-30T00:18:49.000Z</time>
      </trkpt>
      <trkpt lat="30.488474" lon="79.212281">
        <ele>3342.508</ele>
        <time>2019-10-30T00:19:05.000Z</time>
      </trkpt>
      <trkpt lat="30.488491" lon="79.212337">
        <ele>3342.947</ele>
        <time>2019-10-30T00:19:14.000Z</time>
      </trkpt>
      <trkpt lat="30.488506" lon="79.21239">
        <ele>3343.466</ele>
        <time>2019-10-30T00:19:25.000Z</time>
      </trkpt>
      <trkpt lat="30.488504" lon="79.212443">
        <ele>3343.976</ele>
        <time>2019-10-30T00:19:48.000Z</time>
      </trkpt>
      <trkpt lat="30.488528" lon="79.212488">
        <ele>3344.722</ele>
        <time>2019-10-30T00:19:54.000Z</time>
      </trkpt>
      <trkpt lat="30.48855" lon="79.212536">
        <ele>3346.187</ele>
        <time>2019-10-30T00:20:05.000Z</time>
      </trkpt>
      <trkpt lat="30.488562" lon="79.21259">
        <ele>3347.798</ele>
        <time>2019-10-30T00:20:15.000Z</time>
      </trkpt>
      <trkpt lat="30.488575" lon="79.212645">
        <ele>3349.664</ele>
        <time>2019-10-30T00:20:33.000Z</time>
      </trkpt>
      <trkpt lat="30.488589" lon="79.212697">
        <ele>3349.55</ele>
        <time>2019-10-30T00:20:42.000Z</time>
      </trkpt>
      <trkpt lat="30.488602" lon="79.212752">
        <ele>3352.768</ele>
        <time>2019-10-30T00:21:01.000Z</time>
      </trkpt>
      <trkpt lat="30.488618" lon="79.212804">
        <ele>3353.442</ele>
        <time>2019-10-30T00:21:11.000Z</time>
      </trkpt>
      <trkpt lat="30.488626" lon="79.212856">
        <ele>3355.226</ele>
        <time>2019-10-30T00:21:22.000Z</time>
      </trkpt>
      <trkpt lat="30.48864" lon="79.212906">
        <ele>3356.608</ele>
        <time>2019-10-30T00:21:32.000Z</time>
      </trkpt>
      <trkpt lat="30.488661" lon="79.212963">
        <ele>3357.68</ele>
        <time>2019-10-30T00:21:52.000Z</time>
      </trkpt>
      <trkpt lat="30.488684" lon="79.213011">
        <ele>3357.879</ele>
        <time>2019-10-30T00:22:01.000Z</time>
      </trkpt>
      <trkpt lat="30.488703" lon="79.213063">
        <ele>3358.229</ele>
        <time>2019-10-30T00:22:11.000Z</time>
      </trkpt>
      <trkpt lat="30.488687" lon="79.21312">
        <ele>3360.315</ele>
        <time>2019-10-30T00:22:20.000Z</time>
      </trkpt>
      <trkpt lat="30.488714" lon="79.213172">
        <ele>3362.15</ele>
        <time>2019-10-30T00:22:38.000Z</time>
      </trkpt>
      <trkpt lat="30.488745" lon="79.213212">
        <ele>3363.081</ele>
        <time>2019-10-30T00:22:46.000Z</time>
      </trkpt>
      <trkpt lat="30.488757" lon="79.213265">
        <ele>3365.067</ele>
        <time>2019-10-30T00:22:58.000Z</time>
      </trkpt>
      <trkpt lat="30.48877" lon="79.21332">
        <ele>3365.853</ele>
        <time>2019-10-30T00:23:12.000Z</time>
      </trkpt>
      <trkpt lat="30.488785" lon="79.213372">
        <ele>3366.654</ele>
        <time>2019-10-30T00:23:26.000Z</time>
      </trkpt>
      <trkpt lat="30.488796" lon="79.213423">
        <ele>3364.756</ele>
        <time>2019-10-30T00:23:35.000Z</time>
      </trkpt>
      <trkpt lat="30.488809" lon="79.213475">
        <ele>3366.311</ele>
        <time>2019-10-30T00:23:42.000Z</time>
      </trkpt>
      <trkpt lat="30.488835" lon="79.213518">
        <ele>3367.808</ele>
        <time>2019-10-30T00:24:01.000Z</time>
      </trkpt>
      <trkpt lat="30.488843" lon="79.213573">
        <ele>3369.019</ele>
        <time>2019-10-30T00:24:36.000Z</time>
      </trkpt>
      <trkpt lat="30.488842" lon="79.21363">
        <ele>3368.148</ele>
        <time>2019-10-30T00:24:45.000Z</time>
      </trkpt>
      <trkpt lat="30.48886" lon="79.213681">
        <ele>3369.168</ele>
        <time>2019-10-30T00:24:53.000Z</time>
      </trkpt>
      <trkpt lat="30.488877" lon="79.213729">
        <ele>3368.914</ele>
        <time>2019-10-30T00:25:04.000Z</time>
      </trkpt>
      <trkpt lat="30.488889" lon="79.213783">
        <ele>3370.319</ele>
        <time>2019-10-30T00:25:15.000Z</time>
      </trkpt>
      <trkpt lat="30.488906" lon="79.213835">
        <ele>3371.02</ele>
        <time>2019-10-30T00:25:37.000Z</time>
      </trkpt>
      <trkpt lat="30.488936" lon="79.213888">
        <ele>3371.596</ele>
        <time>2019-10-30T00:25:49.000Z</time>
      </trkpt>
      <trkpt lat="30.488956" lon="79.213941">
        <ele>3373.942</ele>
        <time>2019-10-30T00:26:15.000Z</time>
      </trkpt>
      <trkpt lat="30.488933" lon="79.213989">
        <ele>3376.721</ele>
        <time>2019-10-30T00:27:58.000Z</time>
      </trkpt>
      <trkpt lat="30.488946" lon="79.214041">
        <ele>3377.241</ele>
        <time>2019-10-30T00:28:17.000Z</time>
      </trkpt>
      <trkpt lat="30.48898" lon="79.214078">
        <ele>3379.505</ele>
        <time>2019-10-30T00:28:28.000Z</time>
      </trkpt>
      <trkpt lat="30.488981" lon="79.214138">
        <ele>3380.508</ele>
        <time>2019-10-30T00:28:35.000Z</time>
      </trkpt>
      <trkpt lat="30.488976" lon="79.214192">
        <ele>3382.486</ele>
        <time>2019-10-30T00:28:42.000Z</time>
      </trkpt>
      <trkpt lat="30.488982" lon="79.214245">
        <ele>3383.825</ele>
        <time>2019-10-30T00:28:52.000Z</time>
      </trkpt>
      <trkpt lat="30.489" lon="79.214296">
        <ele>3385.235</ele>
        <time>2019-10-30T00:29:03.000Z</time>
      </trkpt>
      <trkpt lat="30.489019" lon="79.21435">
        <ele>3386.691</ele>
        <time>2019-10-30T00:29:18.000Z</time>
      </trkpt>
      <trkpt lat="30.48903" lon="79.214405">
        <ele>3389.866</ele>
        <time>2019-10-30T00:29:39.000Z</time>
      </trkpt>
      <trkpt lat="30.489043" lon="79.214455">
        <ele>3390.257</ele>
        <time>2019-10-30T00:29:50.000Z</time>
      </trkpt>
      <trkpt lat="30.489061" lon="79.214504">
        <ele>3391.133</ele>
        <time>2019-10-30T00:30:00.000Z</time>
      </trkpt>
      <trkpt lat="30.489085" lon="79.214555">
        <ele>3391.779</ele>
        <time>2019-10-30T00:30:16.000Z</time>
      </trkpt>
      <trkpt lat="30.489098" lon="79.214607">
        <ele>3394.067</ele>
        <time>2019-10-30T00:30:29.000Z</time>
      </trkpt>
      <trkpt lat="30.489117" lon="79.214655">
        <ele>3393.981</ele>
        <time>2019-10-30T00:30:42.000Z</time>
      </trkpt>
      <trkpt lat="30.489135" lon="79.214704">
        <ele>3396.019</ele>
        <time>2019-10-30T00:30:55.000Z</time>
      </trkpt>
      <trkpt lat="30.489165" lon="79.214744">
        <ele>3396.008</ele>
        <time>2019-10-30T00:31:08.000Z</time>
      </trkpt>
      <trkpt lat="30.489195" lon="79.214786">
        <ele>3399.51</ele>
        <time>2019-10-30T00:31:27.000Z</time>
      </trkpt>
      <trkpt lat="30.489227" lon="79.214826">
        <ele>3398.919</ele>
        <time>2019-10-30T00:31:44.000Z</time>
      </trkpt>
      <trkpt lat="30.489272" lon="79.214844">
        <ele>3401.049</ele>
        <time>2019-10-30T00:32:01.000Z</time>
      </trkpt>
      <trkpt lat="30.489298" lon="79.214891">
        <ele>3400.995</ele>
        <time>2019-10-30T00:32:11.000Z</time>
      </trkpt>
      <trkpt lat="30.489313" lon="79.214947">
        <ele>3402.56</ele>
        <time>2019-10-30T00:32:31.000Z</time>
      </trkpt>
      <trkpt lat="30.489325" lon="79.215006">
        <ele>3404.071</ele>
        <time>2019-10-30T00:32:53.000Z</time>
      </trkpt>
      <trkpt lat="30.489338" lon="79.215056">
        <ele>3405.257</ele>
        <time>2019-10-30T00:33:07.000Z</time>
      </trkpt>
      <trkpt lat="30.489352" lon="79.215111">
        <ele>3405.673</ele>
        <time>2019-10-30T00:33:30.000Z</time>
      </trkpt>
      <trkpt lat="30.489376" lon="79.215159">
        <ele>3408.017</ele>
        <time>2019-10-30T00:33:47.000Z</time>
      </trkpt>
      <trkpt lat="30.489377" lon="79.215214">
        <ele>3409.287</ele>
        <time>2019-10-30T00:34:02.000Z</time>
      </trkpt>
      <trkpt lat="30.489373" lon="79.215269">
        <ele>3410.715</ele>
        <time>2019-10-30T00:34:22.000Z</time>
      </trkpt>
      <trkpt lat="30.48938" lon="79.215324">
        <ele>3410.608</ele>
        <time>2019-10-30T00:34:42.000Z</time>
      </trkpt>
      <trkpt lat="30.489381" lon="79.215377">
        <ele>3411.585</ele>
        <time>2019-10-30T00:34:53.000Z</time>
      </trkpt>
      <trkpt lat="30.489379" lon="79.215435">
        <ele>3412.184</ele>
        <time>2019-10-30T00:35:05.000Z</time>
      </trkpt>
      <trkpt lat="30.489375" lon="79.21549">
        <ele>3413.094</ele>
        <time>2019-10-30T00:35:17.000Z</time>
      </trkpt>
      <trkpt lat="30.489371" lon="79.215545">
        <ele>3413.53</ele>
        <time>2019-10-30T00:35:35.000Z</time>
      </trkpt>
      <trkpt lat="30.489372" lon="79.215597">
        <ele>3414.575</ele>
        <time>2019-10-30T00:35:53.000Z</time>
      </trkpt>
      <trkpt lat="30.489385" lon="79.21565">
        <ele>3415.346</ele>
        <time>2019-10-30T00:36:07.000Z</time>
      </trkpt>
      <trkpt lat="30.489388" lon="79.215704">
        <ele>3417.332</ele>
        <time>2019-10-30T00:36:20.000Z</time>
      </trkpt>
      <trkpt lat="30.489387" lon="79.215761">
        <ele>3418.488</ele>
        <time>2019-10-30T00:36:31.000Z</time>
      </trkpt>
      <trkpt lat="30.489395" lon="79.215816">
        <ele>3418.397</ele>
        <time>2019-10-30T00:36:48.000Z</time>
      </trkpt>
      <trkpt lat="30.489403" lon="79.215871">
        <ele>3421.523</ele>
        <time>2019-10-30T00:37:18.000Z</time>
      </trkpt>
      <trkpt lat="30.489411" lon="79.215926">
        <ele>3421.425</ele>
        <time>2019-10-30T00:37:35.000Z</time>
      </trkpt>
      <trkpt lat="30.489402" lon="79.215978">
        <ele>3423.108</ele>
        <time>2019-10-30T00:37:49.000Z</time>
      </trkpt>
      <trkpt lat="30.489403" lon="79.216032">
        <ele>3424.393</ele>
        <time>2019-10-30T00:38:01.000Z</time>
      </trkpt>
      <trkpt lat="30.489404" lon="79.216085">
        <ele>3424.712</ele>
        <time>2019-10-30T00:38:11.000Z</time>
      </trkpt>
      <trkpt lat="30.489401" lon="79.21614">
        <ele>3424.582</ele>
        <time>2019-10-30T00:40:19.000Z</time>
      </trkpt>
      <trkpt lat="30.489423" lon="79.216188">
        <ele>3426.118</ele>
        <time>2019-10-30T00:40:38.000Z</time>
      </trkpt>
      <trkpt lat="30.489429" lon="79.216242">
        <ele>3425.023</ele>
        <time>2019-10-30T00:40:42.000Z</time>
      </trkpt>
      <trkpt lat="30.489425" lon="79.216304">
        <ele>3426.614</ele>
        <time>2019-10-30T00:40:48.000Z</time>
      </trkpt>
      <trkpt lat="30.489412" lon="79.216355">
        <ele>3427.71</ele>
        <time>2019-10-30T00:40:53.000Z</time>
      </trkpt>
      <trkpt lat="30.489404" lon="79.216414">
        <ele>3429.266</ele>
        <time>2019-10-30T00:40:59.000Z</time>
      </trkpt>
      <trkpt lat="30.489396" lon="79.216468">
        <ele>3430.439</ele>
        <time>2019-10-30T00:41:06.000Z</time>
      </trkpt>
      <trkpt lat="30.489392" lon="79.216522">
        <ele>3431.501</ele>
        <time>2019-10-30T00:41:18.000Z</time>
      </trkpt>
      <trkpt lat="30.489395" lon="79.216577">
        <ele>3432.621</ele>
        <time>2019-10-30T00:41:39.000Z</time>
      </trkpt>
      <trkpt lat="30.489398" lon="79.216632">
        <ele>3433.608</ele>
        <time>2019-10-30T00:41:51.000Z</time>
      </trkpt>
      <trkpt lat="30.489399" lon="79.216691">
        <ele>3433.117</ele>
        <time>2019-10-30T00:42:01.000Z</time>
      </trkpt>
      <trkpt lat="30.489398" lon="79.216746">
        <ele>3434.086</ele>
        <time>2019-10-30T00:42:09.000Z</time>
      </trkpt>
      <trkpt lat="30.489403" lon="79.216802">
        <ele>3435.156</ele>
        <time>2019-10-30T00:42:21.000Z</time>
      </trkpt>
      <trkpt lat="30.489429" lon="79.216848">
        <ele>3434.252</ele>
        <time>2019-10-30T00:42:34.000Z</time>
      </trkpt>
      <trkpt lat="30.489419" lon="79.21691">
        <ele>3436.567</ele>
        <time>2019-10-30T00:42:49.000Z</time>
      </trkpt>
      <trkpt lat="30.489407" lon="79.216962">
        <ele>3438.048</ele>
        <time>2019-10-30T00:42:57.000Z</time>
      </trkpt>
      <trkpt lat="30.489396" lon="79.217015">
        <ele>3439.234</ele>
        <time>2019-10-30T00:43:03.000Z</time>
      </trkpt>
      <trkpt lat="30.489388" lon="79.217071">
        <ele>3441.67</ele>
        <time>2019-10-30T00:43:16.000Z</time>
      </trkpt>
      <trkpt lat="30.489389" lon="79.217128">
        <ele>3444.133</ele>
        <time>2019-10-30T00:43:27.000Z</time>
      </trkpt>
      <trkpt lat="30.489399" lon="79.217186">
        <ele>3445.923</ele>
        <time>2019-10-30T00:43:40.000Z</time>
      </trkpt>
      <trkpt lat="30.489397" lon="79.217239">
        <ele>3447.915</ele>
        <time>2019-10-30T00:43:51.000Z</time>
      </trkpt>
      <trkpt lat="30.48937" lon="79.217193">
        <ele>3449.408</ele>
        <time>2019-10-30T00:44:20.000Z</time>
      </trkpt>
      <trkpt lat="30.489344" lon="79.217236">
        <ele>3449.597</ele>
        <time>2019-10-30T00:44:38.000Z</time>
      </trkpt>
      <trkpt lat="30.489302" lon="79.21721">
        <ele>3450.676</ele>
        <time>2019-10-30T00:45:12.000Z</time>
      </trkpt>
      <trkpt lat="30.489256" lon="79.217207">
        <ele>3449.426</ele>
        <time>2019-10-30T00:45:33.000Z</time>
      </trkpt>
      <trkpt lat="30.489216" lon="79.21718">
        <ele>3451.262</ele>
        <time>2019-10-30T00:45:41.000Z</time>
      </trkpt>
      <trkpt lat="30.489184" lon="79.21713">
        <ele>3452.317</ele>
        <time>2019-10-30T00:45:54.000Z</time>
      </trkpt>
      <trkpt lat="30.489151" lon="79.217093">
        <ele>3453.358</ele>
        <time>2019-10-30T00:46:03.000Z</time>
      </trkpt>
      <trkpt lat="30.489103" lon="79.217075">
        <ele>3454.054</ele>
        <time>2019-10-30T00:46:23.000Z</time>
      </trkpt>
      <trkpt lat="30.489056" lon="79.217083">
        <ele>3453.14</ele>
        <time>2019-10-30T00:46:55.000Z</time>
      </trkpt>
      <trkpt lat="30.489014" lon="79.217059">
        <ele>3453.813</ele>
        <time>2019-10-30T00:47:03.000Z</time>
      </trkpt>
      <trkpt lat="30.488967" lon="79.217038">
        <ele>3455.043</ele>
        <time>2019-10-30T00:47:11.000Z</time>
      </trkpt>
      <trkpt lat="30.488928" lon="79.217001">
        <ele>3456.807</ele>
        <time>2019-10-30T00:47:19.000Z</time>
      </trkpt>
      <trkpt lat="30.488886" lon="79.216974">
        <ele>3457.508</ele>
        <time>2019-10-30T00:47:29.000Z</time>
      </trkpt>
      <trkpt lat="30.488846" lon="79.21695">
        <ele>3457.485</ele>
        <time>2019-10-30T00:47:42.000Z</time>
      </trkpt>
      <trkpt lat="30.488796" lon="79.21692">
        <ele>3457.044</ele>
        <time>2019-10-30T00:48:37.000Z</time>
      </trkpt>
      <trkpt lat="30.488748" lon="79.216906">
        <ele>3457.144</ele>
        <time>2019-10-30T00:48:45.000Z</time>
      </trkpt>
      <trkpt lat="30.488712" lon="79.216873">
        <ele>3457.86</ele>
        <time>2019-10-30T00:49:01.000Z</time>
      </trkpt>
      <trkpt lat="30.488669" lon="79.216838">
        <ele>3458.415</ele>
        <time>2019-10-30T00:49:08.000Z</time>
      </trkpt>
      <trkpt lat="30.488639" lon="79.216799">
        <ele>3460.896</ele>
        <time>2019-10-30T00:49:18.000Z</time>
      </trkpt>
      <trkpt lat="30.488614" lon="79.216745">
        <ele>3463.472</ele>
        <time>2019-10-30T00:49:34.000Z</time>
      </trkpt>
      <trkpt lat="30.4886" lon="79.216694">
        <ele>3465.598</ele>
        <time>2019-10-30T00:49:52.000Z</time>
      </trkpt>
      <trkpt lat="30.488563" lon="79.216663">
        <ele>3466.287</ele>
        <time>2019-10-30T00:50:07.000Z</time>
      </trkpt>
      <trkpt lat="30.488532" lon="79.216619">
        <ele>3468.342</ele>
        <time>2019-10-30T00:50:15.000Z</time>
      </trkpt>
      <trkpt lat="30.488478" lon="79.216595">
        <ele>3468.726</ele>
        <time>2019-10-30T00:50:39.000Z</time>
      </trkpt>
      <trkpt lat="30.488438" lon="79.216558">
        <ele>3468.608</ele>
        <time>2019-10-30T00:50:57.000Z</time>
      </trkpt>
      <trkpt lat="30.488393" lon="79.216536">
        <ele>3468.422</ele>
        <time>2019-10-30T00:51:12.000Z</time>
      </trkpt>
      <trkpt lat="30.488347" lon="79.216517">
        <ele>3468.051</ele>
        <time>2019-10-30T00:51:20.000Z</time>
      </trkpt>
      <trkpt lat="30.488303" lon="79.2165">
        <ele>3468.261</ele>
        <time>2019-10-30T00:51:33.000Z</time>
      </trkpt>
      <trkpt lat="30.488256" lon="79.216481">
        <ele>3467.527</ele>
        <time>2019-10-30T00:51:41.000Z</time>
      </trkpt>
      <trkpt lat="30.488209" lon="79.216482">
        <ele>3468.212</ele>
        <time>2019-10-30T00:51:50.000Z</time>
      </trkpt>
      <trkpt lat="30.488161" lon="79.216481">
        <ele>3469.813</ele>
        <time>2019-10-30T00:51:59.000Z</time>
      </trkpt>
      <trkpt lat="30.488116" lon="79.216497">
        <ele>3470.829</ele>
        <time>2019-10-30T00:52:08.000Z</time>
      </trkpt>
      <trkpt lat="30.488073" lon="79.21652">
        <ele>3470.935</ele>
        <time>2019-10-30T00:52:17.000Z</time>
      </trkpt>
      <trkpt lat="30.488053" lon="79.21657">
        <ele>3471.128</ele>
        <time>2019-10-30T00:52:27.000Z</time>
      </trkpt>
      <trkpt lat="30.488057" lon="79.216625">
        <ele>3471.289</ele>
        <time>2019-10-30T00:52:35.000Z</time>
      </trkpt>
      <trkpt lat="30.488064" lon="79.216677">
        <ele>3471.317</ele>
        <time>2019-10-30T00:52:42.000Z</time>
      </trkpt>
      <trkpt lat="30.488074" lon="79.216736">
        <ele>3471.808</ele>
        <time>2019-10-30T00:52:53.000Z</time>
      </trkpt>
      <trkpt lat="30.488043" lon="79.216781">
        <ele>3471.466</ele>
        <time>2019-10-30T00:53:00.000Z</time>
      </trkpt>
      <trkpt lat="30.488017" lon="79.216823">
        <ele>3473.045</ele>
        <time>2019-10-30T00:53:17.000Z</time>
      </trkpt>
      <trkpt lat="30.488063" lon="79.216864">
        <ele>3473.955</ele>
        <time>2019-10-30T00:53:34.000Z</time>
      </trkpt>
      <trkpt lat="30.488073" lon="79.216916">
        <ele>3473.571</ele>
        <time>2019-10-30T00:53:42.000Z</time>
      </trkpt>
      <trkpt lat="30.488046" lon="79.21696">
        <ele>3474.946</ele>
        <time>2019-10-30T00:53:52.000Z</time>
      </trkpt>
      <trkpt lat="30.488009" lon="79.216991">
        <ele>3474.897</ele>
        <time>2019-10-30T00:53:58.000Z</time>
      </trkpt>
      <trkpt lat="30.48799" lon="79.217041">
        <ele>3475.323</ele>
        <time>2019-10-30T00:54:12.000Z</time>
      </trkpt>
      <trkpt lat="30.487955" lon="79.217077">
        <ele>3476.179</ele>
        <time>2019-10-30T00:54:23.000Z</time>
      </trkpt>
      <trkpt lat="30.48792" lon="79.217116">
        <ele>3480.253</ele>
        <time>2019-10-30T00:54:48.000Z</time>
      </trkpt>
      <trkpt lat="30.487901" lon="79.217165">
        <ele>3482.704</ele>
        <time>2019-10-30T00:55:06.000Z</time>
      </trkpt>
      <trkpt lat="30.487865" lon="79.217197">
        <ele>3483.814</ele>
        <time>2019-10-30T00:55:15.000Z</time>
      </trkpt>
      <trkpt lat="30.487836" lon="79.217243">
        <ele>3485.408</ele>
        <time>2019-10-30T00:55:25.000Z</time>
      </trkpt>
      <trkpt lat="30.487813" lon="79.217299">
        <ele>3485.599</ele>
        <time>2019-10-30T00:55:36.000Z</time>
      </trkpt>
      <trkpt lat="30.487814" lon="79.217352">
        <ele>3486.238</ele>
        <time>2019-10-30T00:55:43.000Z</time>
      </trkpt>
      <trkpt lat="30.48777" lon="79.217368">
        <ele>3487.578</ele>
        <time>2019-10-30T00:56:03.000Z</time>
      </trkpt>
      <trkpt lat="30.48772" lon="79.21736">
        <ele>3489.694</ele>
        <time>2019-10-30T00:56:21.000Z</time>
      </trkpt>
      <trkpt lat="30.487672" lon="79.217347">
        <ele>3492.579</ele>
        <time>2019-10-30T00:57:00.000Z</time>
      </trkpt>
      <trkpt lat="30.487625" lon="79.217361">
        <ele>3490.87</ele>
        <time>2019-10-30T00:57:14.000Z</time>
      </trkpt>
      <trkpt lat="30.487583" lon="79.217383">
        <ele>3490.156</ele>
        <time>2019-10-30T00:57:33.000Z</time>
      </trkpt>
      <trkpt lat="30.487536" lon="79.217369">
        <ele>3490.522</ele>
        <time>2019-10-30T00:57:59.000Z</time>
      </trkpt>
      <trkpt lat="30.487496" lon="79.217399">
        <ele>3490.195</ele>
        <time>2019-10-30T00:58:24.000Z</time>
      </trkpt>
      <trkpt lat="30.487446" lon="79.21741">
        <ele>3489.749</ele>
        <time>2019-10-30T00:58:51.000Z</time>
      </trkpt>
      <trkpt lat="30.487401" lon="79.2174">
        <ele>3490.823</ele>
        <time>2019-10-30T00:59:01.000Z</time>
      </trkpt>
      <trkpt lat="30.487356" lon="79.217377">
        <ele>3492.208</ele>
        <time>2019-10-30T00:59:26.000Z</time>
      </trkpt>
      <trkpt lat="30.487309" lon="79.217372">
        <ele>3491.033</ele>
        <time>2019-10-30T00:59:38.000Z</time>
      </trkpt>
      <trkpt lat="30.487263" lon="79.217374">
        <ele>3492.142</ele>
        <time>2019-10-30T00:59:45.000Z</time>
      </trkpt>
      <trkpt lat="30.48722" lon="79.217356">
        <ele>3493.712</ele>
        <time>2019-10-30T00:59:55.000Z</time>
      </trkpt>
      <trkpt lat="30.487173" lon="79.217346">
        <ele>3494.168</ele>
        <time>2019-10-30T01:00:06.000Z</time>
      </trkpt>
      <trkpt lat="30.487128" lon="79.217332">
        <ele>3495.693</ele>
        <time>2019-10-30T01:00:52.000Z</time>
      </trkpt>
      <trkpt lat="30.487175" lon="79.217338">
        <ele>3498.964</ele>
        <time>2019-10-30T01:06:33.000Z</time>
      </trkpt>
      <trkpt lat="30.487217" lon="79.217358">
        <ele>3502.62</ele>
        <time>2019-10-30T01:06:51.000Z</time>
      </trkpt>
      <trkpt lat="30.487232" lon="79.217409">
        <ele>3502.976</ele>
        <time>2019-10-30T01:06:55.000Z</time>
      </trkpt>
      <trkpt lat="30.487239" lon="79.217464">
        <ele>3503.177</ele>
        <time>2019-10-30T01:07:19.000Z</time>
      </trkpt>
      <trkpt lat="30.487281" lon="79.217489">
        <ele>3502.761</ele>
        <time>2019-10-30T01:07:52.000Z</time>
      </trkpt>
      <trkpt lat="30.487315" lon="79.217527">
        <ele>3504.427</ele>
        <time>2019-10-30T01:08:18.000Z</time>
      </trkpt>
      <trkpt lat="30.487308" lon="79.217584">
        <ele>3503.608</ele>
        <time>2019-10-30T01:08:31.000Z</time>
      </trkpt>
      <trkpt lat="30.487322" lon="79.217633">
        <ele>3504.641</ele>
        <time>2019-10-30T01:09:02.000Z</time>
      </trkpt>
      <trkpt lat="30.487348" lon="79.217677">
        <ele>3506.65</ele>
        <time>2019-10-30T01:09:13.000Z</time>
      </trkpt>
      <trkpt lat="30.487388" lon="79.217649">
        <ele>3508.99</ele>
        <time>2019-10-30T01:09:33.000Z</time>
      </trkpt>
      <trkpt lat="30.487433" lon="79.217672">
        <ele>3505.566</ele>
        <time>2019-10-30T01:10:00.000Z</time>
      </trkpt>
      <trkpt lat="30.487445" lon="79.217738">
        <ele>3507.581</ele>
        <time>2019-10-30T01:10:20.000Z</time>
      </trkpt>
      <trkpt lat="30.487467" lon="79.217823">
        <ele>3508.432</ele>
        <time>2019-10-30T01:11:08.000Z</time>
      </trkpt>
      <trkpt lat="30.487494" lon="79.21787">
        <ele>3510.528</ele>
        <time>2019-10-30T01:11:21.000Z</time>
      </trkpt>
      <trkpt lat="30.487517" lon="79.217915">
        <ele>3508.914</ele>
        <time>2019-10-30T01:11:28.000Z</time>
      </trkpt>
      <trkpt lat="30.487558" lon="79.217893">
        <ele>3509.827</ele>
        <time>2019-10-30T01:11:42.000Z</time>
      </trkpt>
      <trkpt lat="30.487603" lon="79.217912">
        <ele>3513.668</ele>
        <time>2019-10-30T01:12:08.000Z</time>
      </trkpt>
      <trkpt lat="30.487648" lon="79.217941">
        <ele>3514.014</ele>
        <time>2019-10-30T01:12:38.000Z</time>
      </trkpt>
      <trkpt lat="30.487703" lon="79.217946">
        <ele>3519.108</ele>
        <time>2019-10-30T01:13:04.000Z</time>
      </trkpt>
      <trkpt lat="30.487748" lon="79.217939">
        <ele>3518.016</ele>
        <time>2019-10-30T01:13:32.000Z</time>
      </trkpt>
      <trkpt lat="30.487795" lon="79.217943">
        <ele>3518.435</ele>
        <time>2019-10-30T01:13:43.000Z</time>
      </trkpt>
      <trkpt lat="30.487802" lon="79.21789">
        <ele>3522.695</ele>
        <time>2019-10-30T01:14:04.000Z</time>
      </trkpt>
      <trkpt lat="30.487835" lon="79.21785">
        <ele>3524.031</ele>
        <time>2019-10-30T01:14:25.000Z</time>
      </trkpt>
      <trkpt lat="30.487882" lon="79.217873">
        <ele>3525.196</ele>
        <time>2019-10-30T01:14:37.000Z</time>
      </trkpt>
      <trkpt lat="30.487893" lon="79.217924">
        <ele>3529.367</ele>
        <time>2019-10-30T01:15:40.000Z</time>
      </trkpt>
      <trkpt lat="30.487926" lon="79.21796">
        <ele>3529.663</ele>
        <time>2019-10-30T01:15:48.000Z</time>
      </trkpt>
      <trkpt lat="30.487922" lon="79.218017">
        <ele>3531.129</ele>
        <time>2019-10-30T01:15:58.000Z</time>
      </trkpt>
      <trkpt lat="30.487898" lon="79.218064">
        <ele>3532.744</ele>
        <time>2019-10-30T01:16:06.000Z</time>
      </trkpt>
      <trkpt lat="30.487905" lon="79.218121">
        <ele>3533.605</ele>
        <time>2019-10-30T01:16:14.000Z</time>
      </trkpt>
      <trkpt lat="30.487909" lon="79.218178">
        <ele>3534.215</ele>
        <time>2019-10-30T01:16:26.000Z</time>
      </trkpt>
      <trkpt lat="30.487918" lon="79.21823">
        <ele>3534.608</ele>
        <time>2019-10-30T01:16:38.000Z</time>
      </trkpt>
      <trkpt lat="30.487932" lon="79.218282">
        <ele>3535.238</ele>
        <time>2019-10-30T01:16:50.000Z</time>
      </trkpt>
      <trkpt lat="30.48792" lon="79.218333">
        <ele>3537.637</ele>
        <time>2019-10-30T01:17:03.000Z</time>
      </trkpt>
      <trkpt lat="30.487931" lon="79.218387">
        <ele>3538.857</ele>
        <time>2019-10-30T01:17:17.000Z</time>
      </trkpt>
      <trkpt lat="30.487936" lon="79.218442">
        <ele>3540.143</ele>
        <time>2019-10-30T01:17:33.000Z</time>
      </trkpt>
      <trkpt lat="30.48797" lon="79.218478">
        <ele>3540.988</ele>
        <time>2019-10-30T01:17:42.000Z</time>
      </trkpt>
      <trkpt lat="30.487992" lon="79.218531">
        <ele>3542.339</ele>
        <time>2019-10-30T01:18:02.000Z</time>
      </trkpt>
      <trkpt lat="30.487998" lon="79.218583">
        <ele>3544.295</ele>
        <time>2019-10-30T01:18:22.000Z</time>
      </trkpt>
      <trkpt lat="30.488004" lon="79.218639">
        <ele>3545.751</ele>
        <time>2019-10-30T01:18:48.000Z</time>
      </trkpt>
      <trkpt lat="30.488011" lon="79.218709">
        <ele>3545.226</ele>
        <time>2019-10-30T01:19:05.000Z</time>
      </trkpt>
      <trkpt lat="30.488003" lon="79.218764">
        <ele>3547.347</ele>
        <time>2019-10-30T01:19:18.000Z</time>
      </trkpt>
      <trkpt lat="30.487999" lon="79.218817">
        <ele>3546.711</ele>
        <time>2019-10-30T01:19:31.000Z</time>
      </trkpt>
      <trkpt lat="30.488019" lon="79.218867">
        <ele>3548.608</ele>
        <time>2019-10-30T01:20:06.000Z</time>
      </trkpt>
      <trkpt lat="30.488007" lon="79.218919">
        <ele>3549.566</ele>
        <time>2019-10-30T01:20:31.000Z</time>
      </trkpt>
      <trkpt lat="30.488002" lon="79.218974">
        <ele>3550.295</ele>
        <time>2019-10-30T01:20:37.000Z</time>
      </trkpt>
      <trkpt lat="30.488014" lon="79.219031">
        <ele>3550.655</ele>
        <time>2019-10-30T01:21:04.000Z</time>
      </trkpt>
      <trkpt lat="30.487988" lon="79.219083">
        <ele>3550.321</ele>
        <time>2019-10-30T01:21:11.000Z</time>
      </trkpt>
      <trkpt lat="30.487938" lon="79.219102">
        <ele>3551.576</ele>
        <time>2019-10-30T01:21:30.000Z</time>
      </trkpt>
      <trkpt lat="30.487898" lon="79.219071">
        <ele>3552.867</ele>
        <time>2019-10-30T01:22:02.000Z</time>
      </trkpt>
      <trkpt lat="30.48786" lon="79.219038">
        <ele>3552.283</ele>
        <time>2019-10-30T01:22:25.000Z</time>
      </trkpt>
      <trkpt lat="30.487815" lon="79.219025">
        <ele>3553.289</ele>
        <time>2019-10-30T01:23:09.000Z</time>
      </trkpt>
      <trkpt lat="30.487771" lon="79.219014">
        <ele>3556.098</ele>
        <time>2019-10-30T01:23:45.000Z</time>
      </trkpt>
      <trkpt lat="30.487729" lon="79.218988">
        <ele>3558.115</ele>
        <time>2019-10-30T01:23:55.000Z</time>
      </trkpt>
      <trkpt lat="30.48769" lon="79.218959">
        <ele>3559.226</ele>
        <time>2019-10-30T01:24:04.000Z</time>
      </trkpt>
      <trkpt lat="30.487646" lon="79.218972">
        <ele>3561.208</ele>
        <time>2019-10-30T01:24:25.000Z</time>
      </trkpt>
      <trkpt lat="30.487597" lon="79.218966">
        <ele>3561.973</ele>
        <time>2019-10-30T01:24:40.000Z</time>
      </trkpt>
      <trkpt lat="30.48755" lon="79.218963">
        <ele>3565.342</ele>
        <time>2019-10-30T01:25:40.000Z</time>
      </trkpt>
      <trkpt lat="30.487501" lon="79.218958">
        <ele>3567.162</ele>
        <time>2019-10-30T01:26:03.000Z</time>
      </trkpt>
      <trkpt lat="30.487459" lon="79.218933">
        <ele>3568.328</ele>
        <time>2019-10-30T01:26:24.000Z</time>
      </trkpt>
      <trkpt lat="30.487416" lon="79.218955">
        <ele>3567.433</ele>
        <time>2019-10-30T01:26:39.000Z</time>
      </trkpt>
      <trkpt lat="30.487388" lon="79.218997">
        <ele>3568.014</ele>
        <time>2019-10-30T01:26:56.000Z</time>
      </trkpt>
      <trkpt lat="30.487334" lon="79.218995">
        <ele>3569.21</ele>
        <time>2019-10-30T01:27:12.000Z</time>
      </trkpt>
      <trkpt lat="30.487287" lon="79.21899">
        <ele>3569.016</ele>
        <time>2019-10-30T01:27:38.000Z</time>
      </trkpt>
      <trkpt lat="30.48724" lon="79.218995">
        <ele>3570.628</ele>
        <time>2019-10-30T01:27:48.000Z</time>
      </trkpt>
      <trkpt lat="30.487195" lon="79.219016">
        <ele>3570.889</ele>
        <time>2019-10-30T01:28:04.000Z</time>
      </trkpt>
      <trkpt lat="30.487153" lon="79.21904">
        <ele>3571.417</ele>
        <time>2019-10-30T01:28:37.000Z</time>
      </trkpt>
      <trkpt lat="30.487112" lon="79.219066">
        <ele>3571.008</ele>
        <time>2019-10-30T01:28:51.000Z</time>
      </trkpt>
      <trkpt lat="30.487073" lon="79.219035">
        <ele>3573.516</ele>
        <time>2019-10-30T01:29:04.000Z</time>
      </trkpt>
      <trkpt lat="30.487027" lon="79.219035">
        <ele>3574.975</ele>
        <time>2019-10-30T01:29:15.000Z</time>
      </trkpt>
      <trkpt lat="30.486979" lon="79.219014">
        <ele>3576.855</ele>
        <time>2019-10-30T01:29:29.000Z</time>
      </trkpt>
      <trkpt lat="30.486933" lon="79.219019">
        <ele>3579.511</ele>
        <time>2019-10-30T01:30:31.000Z</time>
      </trkpt>
      <trkpt lat="30.48692" lon="79.219074">
        <ele>3582.856</ele>
        <time>2019-10-30T01:30:55.000Z</time>
      </trkpt>
      <trkpt lat="30.48693" lon="79.219127">
        <ele>3584.967</ele>
        <time>2019-10-30T01:31:12.000Z</time>
      </trkpt>
      <trkpt lat="30.486939" lon="79.219182">
        <ele>3586.083</ele>
        <time>2019-10-30T01:31:48.000Z</time>
      </trkpt>
      <trkpt lat="30.486949" lon="79.219237">
        <ele>3587.169</ele>
        <time>2019-10-30T01:32:10.000Z</time>
      </trkpt>
      <trkpt lat="30.486905" lon="79.219222">
        <ele>3588.268</ele>
        <time>2019-10-30T01:32:29.000Z</time>
      </trkpt>
      <trkpt lat="30.486886" lon="79.219271">
        <ele>3589.942</ele>
        <time>2019-10-30T01:32:56.000Z</time>
      </trkpt>
      <trkpt lat="30.48687" lon="79.21932">
        <ele>3592.326</ele>
        <time>2019-10-30T01:33:25.000Z</time>
      </trkpt>
      <trkpt lat="30.486853" lon="79.219388">
        <ele>3592.008</ele>
        <time>2019-10-30T01:34:01.000Z</time>
      </trkpt>
      <trkpt lat="30.486806" lon="79.219384">
        <ele>3593.01</ele>
        <time>2019-10-30T01:35:56.000Z</time>
      </trkpt>
      <trkpt lat="30.486796" lon="79.219438">
        <ele>3596.149</ele>
        <time>2019-10-30T01:36:15.000Z</time>
      </trkpt>
      <trkpt lat="30.486796" lon="79.219496">
        <ele>3596.169</ele>
        <time>2019-10-30T01:36:39.000Z</time>
      </trkpt>
      <trkpt lat="30.486796" lon="79.21955">
        <ele>3597.555</ele>
        <time>2019-10-30T01:36:58.000Z</time>
      </trkpt>
      <trkpt lat="30.486802" lon="79.219602">
        <ele>3599.58</ele>
        <time>2019-10-30T01:37:40.000Z</time>
      </trkpt>
      <trkpt lat="30.486807" lon="79.219656">
        <ele>3601.011</ele>
        <time>2019-10-30T01:37:54.000Z</time>
      </trkpt>
      <trkpt lat="30.486837" lon="79.219698">
        <ele>3602.847</ele>
        <time>2019-10-30T01:38:03.000Z</time>
      </trkpt>
      <trkpt lat="30.486847" lon="79.219752">
        <ele>3605.333</ele>
        <time>2019-10-30T01:38:31.000Z</time>
      </trkpt>
      <trkpt lat="30.486837" lon="79.219812">
        <ele>3609.373</ele>
        <time>2019-10-30T01:39:11.000Z</time>
      </trkpt>
      <trkpt lat="30.486829" lon="79.219864">
        <ele>3609.485</ele>
        <time>2019-10-30T01:39:26.000Z</time>
      </trkpt>
      <trkpt lat="30.486804" lon="79.219909">
        <ele>3610.513</ele>
        <time>2019-10-30T01:39:40.000Z</time>
      </trkpt>
      <trkpt lat="30.486764" lon="79.219933">
        <ele>3611.108</ele>
        <time>2019-10-30T01:39:52.000Z</time>
      </trkpt>
      <trkpt lat="30.486746" lon="79.219984">
        <ele>3611.681</ele>
        <time>2019-10-30T01:40:52.000Z</time>
      </trkpt>
      <trkpt lat="30.486716" lon="79.220026">
        <ele>3612.98</ele>
        <time>2019-10-30T01:41:07.000Z</time>
      </trkpt>
      <trkpt lat="30.486689" lon="79.22007">
        <ele>3613.84</ele>
        <time>2019-10-30T01:41:16.000Z</time>
      </trkpt>
      <trkpt lat="30.486671" lon="79.220124">
        <ele>3613.296</ele>
        <time>2019-10-30T01:41:35.000Z</time>
      </trkpt>
      <trkpt lat="30.486683" lon="79.220177">
        <ele>3614.811</ele>
        <time>2019-10-30T01:42:28.000Z</time>
      </trkpt>
      <trkpt lat="30.486722" lon="79.220213">
        <ele>3618.912</ele>
        <time>2019-10-30T01:42:52.000Z</time>
      </trkpt>
      <trkpt lat="30.486683" lon="79.220243">
        <ele>3617.798</ele>
        <time>2019-10-30T01:43:02.000Z</time>
      </trkpt>
      <trkpt lat="30.486636" lon="79.220272">
        <ele>3617.624</ele>
        <time>2019-10-30T01:43:30.000Z</time>
      </trkpt>
      <trkpt lat="30.486614" lon="79.220318">
        <ele>3620.188</ele>
        <time>2019-10-30T01:44:02.000Z</time>
      </trkpt>
      <trkpt lat="30.4866" lon="79.220373">
        <ele>3621.224</ele>
        <time>2019-10-30T01:44:45.000Z</time>
      </trkpt>
      <trkpt lat="30.486629" lon="79.220415">
        <ele>3623.326</ele>
        <time>2019-10-30T01:44:57.000Z</time>
      </trkpt>
      <trkpt lat="30.486675" lon="79.22044">
        <ele>3625.208</ele>
        <time>2019-10-30T01:45:39.000Z</time>
      </trkpt>
      <trkpt lat="30.486707" lon="79.22048">
        <ele>3622.922</ele>
        <time>2019-10-30T01:45:52.000Z</time>
      </trkpt>
      <trkpt lat="30.486731" lon="79.220527">
        <ele>3625.811</ele>
        <time>2019-10-30T01:46:14.000Z</time>
      </trkpt>
      <trkpt lat="30.486756" lon="79.22057">
        <ele>3626.941</ele>
        <time>2019-10-30T01:46:56.000Z</time>
      </trkpt>
      <trkpt lat="30.486767" lon="79.220621">
        <ele>3626.947</ele>
        <time>2019-10-30T01:47:08.000Z</time>
      </trkpt>
      <trkpt lat="30.486787" lon="79.220672">
        <ele>3625.852</ele>
        <time>2019-10-30T01:47:22.000Z</time>
      </trkpt>
      <trkpt lat="30.486792" lon="79.220734">
        <ele>3625.623</ele>
        <time>2019-10-30T01:47:33.000Z</time>
      </trkpt>
      <trkpt lat="30.48678" lon="79.220786">
        <ele>3624.649</ele>
        <time>2019-10-30T01:47:58.000Z</time>
      </trkpt>
      <trkpt lat="30.486781" lon="79.22084">
        <ele>3629.415</ele>
        <time>2019-10-30T01:48:17.000Z</time>
      </trkpt>
      <trkpt lat="30.48674" lon="79.220864">
        <ele>3631.713</ele>
        <time>2019-10-30T01:49:06.000Z</time>
      </trkpt>
      <trkpt lat="30.4867" lon="79.22083">
        <ele>3634.943</ele>
        <time>2019-10-30T01:49:39.000Z</time>
      </trkpt>
      <trkpt lat="30.486661" lon="79.220859">
        <ele>3636.907</ele>
        <time>2019-10-30T01:50:21.000Z</time>
      </trkpt>
      <trkpt lat="30.486622" lon="79.220832">
        <ele>3638.708</ele>
        <time>2019-10-30T01:50:36.000Z</time>
      </trkpt>
      <trkpt lat="30.48658" lon="79.220802">
        <ele>3639.575</ele>
        <time>2019-10-30T01:50:54.000Z</time>
      </trkpt>
      <trkpt lat="30.486569" lon="79.220855">
        <ele>3639.644</ele>
        <time>2019-10-30T01:52:15.000Z</time>
      </trkpt>
      <trkpt lat="30.486524" lon="79.220834">
        <ele>3644.534</ele>
        <time>2019-10-30T01:53:26.000Z</time>
      </trkpt>
      <trkpt lat="30.486481" lon="79.22081">
        <ele>3646.66</ele>
        <time>2019-10-30T01:53:41.000Z</time>
      </trkpt>
      <trkpt lat="30.486481" lon="79.220865">
        <ele>3649.485</ele>
        <time>2019-10-30T01:54:12.000Z</time>
      </trkpt>
      <trkpt lat="30.486525" lon="79.220885">
        <ele>3651.646</ele>
        <time>2019-10-30T01:54:51.000Z</time>
      </trkpt>
      <trkpt lat="30.486556" lon="79.220928">
        <ele>3650.942</ele>
        <time>2019-10-30T01:55:05.000Z</time>
      </trkpt>
      <trkpt lat="30.486513" lon="79.220969">
        <ele>3657.388</ele>
        <time>2019-10-30T01:56:32.000Z</time>
      </trkpt>
      <trkpt lat="30.486467" lon="79.220956">
        <ele>3655.325</ele>
        <time>2019-10-30T01:56:38.000Z</time>
      </trkpt>
      <trkpt lat="30.486421" lon="79.220961">
        <ele>3654.626</ele>
        <time>2019-10-30T01:56:48.000Z</time>
      </trkpt>
      <trkpt lat="30.486463" lon="79.220984">
        <ele>3661.308</ele>
        <time>2019-10-30T01:57:18.000Z</time>
      </trkpt>
      <trkpt lat="30.486479" lon="79.221039">
        <ele>3663.308</ele>
        <time>2019-10-30T01:57:44.000Z</time>
      </trkpt>
      <trkpt lat="30.486504" lon="79.221089">
        <ele>3663.026</ele>
        <time>2019-10-30T01:58:04.000Z</time>
      </trkpt>
      <trkpt lat="30.486513" lon="79.221145">
        <ele>3663.365</ele>
        <time>2019-10-30T01:58:11.000Z</time>
      </trkpt>
      <trkpt lat="30.486468" lon="79.221141">
        <ele>3664.945</ele>
        <time>2019-10-30T01:58:31.000Z</time>
      </trkpt>
      <trkpt lat="30.486441" lon="79.221187">
        <ele>3668.621</ele>
        <time>2019-10-30T02:00:03.000Z</time>
      </trkpt>
      <trkpt lat="30.486436" lon="79.221242">
        <ele>3671.576</ele>
        <time>2019-10-30T02:00:15.000Z</time>
      </trkpt>
      <trkpt lat="30.486431" lon="79.221294">
        <ele>3673.057</ele>
        <time>2019-10-30T02:00:23.000Z</time>
      </trkpt>
      <trkpt lat="30.486397" lon="79.221332">
        <ele>3674.473</ele>
        <time>2019-10-30T02:00:38.000Z</time>
      </trkpt>
      <trkpt lat="30.486368" lon="79.221373">
        <ele>3675.739</ele>
        <time>2019-10-30T02:01:01.000Z</time>
      </trkpt>
      <trkpt lat="30.486344" lon="79.221418">
        <ele>3677.522</ele>
        <time>2019-10-30T02:02:02.000Z</time>
      </trkpt>
      <trkpt lat="30.486332" lon="79.221468">
        <ele>3674.762</ele>
        <time>2019-10-30T02:03:18.000Z</time>
      </trkpt>
      <trkpt lat="30.486305" lon="79.221517">
        <ele>3675.508</ele>
        <time>2019-10-30T02:09:18.000Z</time>
      </trkpt>
      <trkpt lat="30.486271" lon="79.221554">
        <ele>3674.608</ele>
        <time>2019-10-30T02:16:13.000Z</time>
      </trkpt>
      <trkpt lat="30.486317" lon="79.221549">
        <ele>3675.346</ele>
        <time>2019-10-30T02:16:29.000Z</time>
      </trkpt>
      <trkpt lat="30.486272" lon="79.22154">
        <ele>3674.435</ele>
        <time>2019-10-30T02:28:07.000Z</time>
      </trkpt>
      <trkpt lat="30.486316" lon="79.221516">
        <ele>3671.625</ele>
        <time>2019-10-30T02:31:18.000Z</time>
      </trkpt>
      <trkpt lat="30.486358" lon="79.221496">
        <ele>3671.061</ele>
        <time>2019-10-30T02:37:36.000Z</time>
      </trkpt>
      <trkpt lat="30.486323" lon="79.221532">
        <ele>3671.886</ele>
        <time>2019-10-30T02:40:54.000Z</time>
      </trkpt>
      <trkpt lat="30.486277" lon="79.221541">
        <ele>3671.267</ele>
        <time>2019-10-30T02:43:25.000Z</time>
      </trkpt>
      <trkpt lat="30.486237" lon="79.221572">
        <ele>3672.533</ele>
        <time>2019-10-30T02:43:44.000Z</time>
      </trkpt>
      <trkpt lat="30.4862" lon="79.221604">
        <ele>3672.419</ele>
        <time>2019-10-30T02:43:51.000Z</time>
      </trkpt>
      <trkpt lat="30.486153" lon="79.221619">
        <ele>3671.365</ele>
        <time>2019-10-30T02:44:05.000Z</time>
      </trkpt>
      <trkpt lat="30.486106" lon="79.22161">
        <ele>3668.968</ele>
        <time>2019-10-30T02:44:15.000Z</time>
      </trkpt>
      <trkpt lat="30.486057" lon="79.221595">
        <ele>3668.214</ele>
        <time>2019-10-30T02:44:21.000Z</time>
      </trkpt>
      <trkpt lat="30.486009" lon="79.221598">
        <ele>3667.808</ele>
        <time>2019-10-30T02:44:38.000Z</time>
      </trkpt>
      <trkpt lat="30.486056" lon="79.221603">
        <ele>3667.21</ele>
        <time>2019-10-30T02:48:20.000Z</time>
      </trkpt>
      <trkpt lat="30.486102" lon="79.221615">
        <ele>3668.539</ele>
        <time>2019-10-30T02:48:27.000Z</time>
      </trkpt>
      <trkpt lat="30.486147" lon="79.221624">
        <ele>3668.519</ele>
        <time>2019-10-30T02:48:35.000Z</time>
      </trkpt>
      <trkpt lat="30.4861" lon="79.221604">
        <ele>3668.225</ele>
        <time>2019-10-30T02:50:25.000Z</time>
      </trkpt>
      <trkpt lat="30.48605" lon="79.221605">
        <ele>3667.48</ele>
        <time>2019-10-30T02:50:48.000Z</time>
      </trkpt>
      <trkpt lat="30.486091" lon="79.22163">
        <ele>3667.881</ele>
        <time>2019-10-30T02:51:50.000Z</time>
      </trkpt>
      <trkpt lat="30.486136" lon="79.221617">
        <ele>3668.277</ele>
        <time>2019-10-30T02:52:13.000Z</time>
      </trkpt>
      <trkpt lat="30.48618" lon="79.221597">
        <ele>3668.243</ele>
        <time>2019-10-30T02:52:23.000Z</time>
      </trkpt>
      <trkpt lat="30.486225" lon="79.221572">
        <ele>3668.281</ele>
        <time>2019-10-30T02:52:30.000Z</time>
      </trkpt>
      <trkpt lat="30.486274" lon="79.221565">
        <ele>3667.861</ele>
        <time>2019-10-30T02:52:45.000Z</time>
      </trkpt>
      <trkpt lat="30.486292" lon="79.221517">
        <ele>3667.217</ele>
        <time>2019-10-30T02:52:53.000Z</time>
      </trkpt>
      <trkpt lat="30.486325" lon="79.221472">
        <ele>3668.708</ele>
        <time>2019-10-30T02:53:11.000Z</time>
      </trkpt>
      <trkpt lat="30.486358" lon="79.221429">
        <ele>3669.192</ele>
        <time>2019-10-30T02:53:19.000Z</time>
      </trkpt>
      <trkpt lat="30.486388" lon="79.221384">
        <ele>3669.931</ele>
        <time>2019-10-30T02:54:04.000Z</time>
      </trkpt>
      <trkpt lat="30.486414" lon="79.221341">
        <ele>3671.251</ele>
        <time>2019-10-30T02:56:59.000Z</time>
      </trkpt>
      <trkpt lat="30.486444" lon="79.221293">
        <ele>3671.617</ele>
        <time>2019-10-30T02:57:54.000Z</time>
      </trkpt>
      <trkpt lat="30.486471" lon="79.221248">
        <ele>3669.632</ele>
        <time>2019-10-30T02:58:04.000Z</time>
      </trkpt>
      <trkpt lat="30.486477" lon="79.221194">
        <ele>3669.553</ele>
        <time>2019-10-30T02:58:20.000Z</time>
      </trkpt>
      <trkpt lat="30.486445" lon="79.221156">
        <ele>3668.919</ele>
        <time>2019-10-30T02:58:29.000Z</time>
      </trkpt>
      <trkpt lat="30.486464" lon="79.221108">
        <ele>3666.965</ele>
        <time>2019-10-30T02:59:42.000Z</time>
      </trkpt>
      <trkpt lat="30.486507" lon="79.22114">
        <ele>3666.129</ele>
        <time>2019-10-30T02:59:57.000Z</time>
      </trkpt>
      <trkpt lat="30.486514" lon="79.221084">
        <ele>3665.7</ele>
        <time>2019-10-30T03:00:06.000Z</time>
      </trkpt>
      <trkpt lat="30.486485" lon="79.221038">
        <ele>3665.92</ele>
        <time>2019-10-30T03:00:14.000Z</time>
      </trkpt>
      <trkpt lat="30.486441" lon="79.220993">
        <ele>3665.108</ele>
        <time>2019-10-30T03:00:32.000Z</time>
      </trkpt>
      <trkpt lat="30.48648" lon="79.220967">
        <ele>3661.536</ele>
        <time>2019-10-30T03:00:59.000Z</time>
      </trkpt>
      <trkpt lat="30.486525" lon="79.220967">
        <ele>3660.175</ele>
        <time>2019-10-30T03:01:06.000Z</time>
      </trkpt>
      <trkpt lat="30.48652" lon="79.220911">
        <ele>3659.325</ele>
        <time>2019-10-30T03:01:24.000Z</time>
      </trkpt>
      <trkpt lat="30.486502" lon="79.220862">
        <ele>3658.761</ele>
        <time>2019-10-30T03:01:31.000Z</time>
      </trkpt>
      <trkpt lat="30.486494" lon="79.22081">
        <ele>3658.166</ele>
        <time>2019-10-30T03:01:38.000Z</time>
      </trkpt>
      <trkpt lat="30.486543" lon="79.220809">
        <ele>3656.887</ele>
        <time>2019-10-30T03:01:48.000Z</time>
      </trkpt>
      <trkpt lat="30.486581" lon="79.220838">
        <ele>3654.533</ele>
        <time>2019-10-30T03:02:02.000Z</time>
      </trkpt>
      <trkpt lat="30.486627" lon="79.220843">
        <ele>3652.279</ele>
        <time>2019-10-30T03:02:18.000Z</time>
      </trkpt>
      <trkpt lat="30.486595" lon="79.220805">
        <ele>3650.972</ele>
        <time>2019-10-30T03:02:34.000Z</time>
      </trkpt>
      <trkpt lat="30.486607" lon="79.220754">
        <ele>3650.613</ele>
        <time>2019-10-30T03:03:15.000Z</time>
      </trkpt>
      <trkpt lat="30.486656" lon="79.220766">
        <ele>3649.214</ele>
        <time>2019-10-30T03:03:23.000Z</time>
      </trkpt>
      <trkpt lat="30.486702" lon="79.220791">
        <ele>3646.608</ele>
        <time>2019-10-30T03:03:30.000Z</time>
      </trkpt>
      <trkpt lat="30.48675" lon="79.22081">
        <ele>3644.811</ele>
        <time>2019-10-30T03:03:37.000Z</time>
      </trkpt>
      <trkpt lat="30.486798" lon="79.220833">
        <ele>3643.49</ele>
        <time>2019-10-30T03:03:45.000Z</time>
      </trkpt>
      <trkpt lat="30.486815" lon="79.220778">
        <ele>3640.99</ele>
        <time>2019-10-30T03:04:01.000Z</time>
      </trkpt>
      <trkpt lat="30.48681" lon="79.22072">
        <ele>3639.836</ele>
        <time>2019-10-30T03:04:07.000Z</time>
      </trkpt>
      <trkpt lat="30.486804" lon="79.220666">
        <ele>3639.461</ele>
        <time>2019-10-30T03:04:16.000Z</time>
      </trkpt>
      <trkpt lat="30.486786" lon="79.220618">
        <ele>3639.272</ele>
        <time>2019-10-30T03:04:23.000Z</time>
      </trkpt>
      <trkpt lat="30.486756" lon="79.220571">
        <ele>3638.938</ele>
        <time>2019-10-30T03:04:31.000Z</time>
      </trkpt>
      <trkpt lat="30.486733" lon="79.220521">
        <ele>3638.814</ele>
        <time>2019-10-30T03:04:38.000Z</time>
      </trkpt>
      <trkpt lat="30.486697" lon="79.220486">
        <ele>3638.449</ele>
        <time>2019-10-30T03:04:46.000Z</time>
      </trkpt>
      <trkpt lat="30.486678" lon="79.220436">
        <ele>3637.402</ele>
        <time>2019-10-30T03:04:55.000Z</time>
      </trkpt>
      <trkpt lat="30.486656" lon="79.220388">
        <ele>3636.022</ele>
        <time>2019-10-30T03:05:03.000Z</time>
      </trkpt>
      <trkpt lat="30.486622" lon="79.220344">
        <ele>3634.808</ele>
        <time>2019-10-30T03:05:10.000Z</time>
      </trkpt>
      <trkpt lat="30.486648" lon="79.220299">
        <ele>3633.458</ele>
        <time>2019-10-30T03:05:18.000Z</time>
      </trkpt>
      <trkpt lat="30.486666" lon="79.220244">
        <ele>3631.317</ele>
        <time>2019-10-30T03:05:38.000Z</time>
      </trkpt>
      <trkpt lat="30.486709" lon="79.220217">
        <ele>3627.397</ele>
        <time>2019-10-30T03:05:48.000Z</time>
      </trkpt>
      <trkpt lat="30.486752" lon="79.220184">
        <ele>3625.523</ele>
        <time>2019-10-30T03:05:56.000Z</time>
      </trkpt>
      <trkpt lat="30.486789" lon="79.220154">
        <ele>3624.668</ele>
        <time>2019-10-30T03:06:02.000Z</time>
      </trkpt>
      <trkpt lat="30.486819" lon="79.220109">
        <ele>3622.869</ele>
        <time>2019-10-30T03:06:09.000Z</time>
      </trkpt>
      <trkpt lat="30.486842" lon="79.220057">
        <ele>3620.975</ele>
        <time>2019-10-30T03:06:18.000Z</time>
      </trkpt>
      <trkpt lat="30.486878" lon="79.220023">
        <ele>3618.971</ele>
        <time>2019-10-30T03:06:27.000Z</time>
      </trkpt>
      <trkpt lat="30.486893" lon="79.219968">
        <ele>3611.493</ele>
        <time>2019-10-30T03:09:07.000Z</time>
      </trkpt>
      <trkpt lat="30.48688" lon="79.219914">
        <ele>3610.865</ele>
        <time>2019-10-30T03:09:18.000Z</time>
      </trkpt>
      <trkpt lat="30.486898" lon="79.219865">
        <ele>3610.321</ele>
        <time>2019-10-30T03:09:29.000Z</time>
      </trkpt>
      <trkpt lat="30.486922" lon="79.219811">
        <ele>3608.908</ele>
        <time>2019-10-30T03:09:39.000Z</time>
      </trkpt>
      <trkpt lat="30.486903" lon="79.219754">
        <ele>3608.293</ele>
        <time>2019-10-30T03:09:47.000Z</time>
      </trkpt>
      <trkpt lat="30.486893" lon="79.219702">
        <ele>3607.122</ele>
        <time>2019-10-30T03:10:02.000Z</time>
      </trkpt>
      <trkpt lat="30.48687" lon="79.219652">
        <ele>3606.282</ele>
        <time>2019-10-30T03:10:07.000Z</time>
      </trkpt>
      <trkpt lat="30.486845" lon="79.219604">
        <ele>3605.538</ele>
        <time>2019-10-30T03:10:12.000Z</time>
      </trkpt>
      <trkpt lat="30.48682" lon="79.219554">
        <ele>3603.343</ele>
        <time>2019-10-30T03:10:23.000Z</time>
      </trkpt>
      <trkpt lat="30.486795" lon="79.219509">
        <ele>3602.654</ele>
        <time>2019-10-30T03:10:29.000Z</time>
      </trkpt>
      <trkpt lat="30.486777" lon="79.219457">
        <ele>3602.22</ele>
        <time>2019-10-30T03:10:36.000Z</time>
      </trkpt>
      <trkpt lat="30.486767" lon="79.219404">
        <ele>3600.746</ele>
        <time>2019-10-30T03:10:51.000Z</time>
      </trkpt>
      <trkpt lat="30.486813" lon="79.21939">
        <ele>3597.513</ele>
        <time>2019-10-30T03:11:21.000Z</time>
      </trkpt>
      <trkpt lat="30.486858" lon="79.219384">
        <ele>3594.643</ele>
        <time>2019-10-30T03:11:28.000Z</time>
      </trkpt>
      <trkpt lat="30.486906" lon="79.219382">
        <ele>3591.707</ele>
        <time>2019-10-30T03:11:39.000Z</time>
      </trkpt>
      <trkpt lat="30.486952" lon="79.219395">
        <ele>3589.708</ele>
        <time>2019-10-30T03:11:50.000Z</time>
      </trkpt>
      <trkpt lat="30.486991" lon="79.219365">
        <ele>3589.675</ele>
        <time>2019-10-30T03:11:58.000Z</time>
      </trkpt>
      <trkpt lat="30.487037" lon="79.219354">
        <ele>3589.124</ele>
        <time>2019-10-30T03:12:07.000Z</time>
      </trkpt>
      <trkpt lat="30.487051" lon="79.219302">
        <ele>3587.434</ele>
        <time>2019-10-30T03:12:24.000Z</time>
      </trkpt>
      <trkpt lat="30.487034" lon="79.219249">
        <ele>3585.27</ele>
        <time>2019-10-30T03:13:16.000Z</time>
      </trkpt>
      <trkpt lat="30.487023" lon="79.219197">
        <ele>3584.185</ele>
        <time>2019-10-30T03:13:31.000Z</time>
      </trkpt>
      <trkpt lat="30.486993" lon="79.219152">
        <ele>3583.966</ele>
        <time>2019-10-30T03:13:57.000Z</time>
      </trkpt>
      <trkpt lat="30.48697" lon="79.219104">
        <ele>3584.472</ele>
        <time>2019-10-30T03:14:03.000Z</time>
      </trkpt>
      <trkpt lat="30.486955" lon="79.219051">
        <ele>3584.038</ele>
        <time>2019-10-30T03:14:08.000Z</time>
      </trkpt>
      <trkpt lat="30.486947" lon="79.218999">
        <ele>3583.354</ele>
        <time>2019-10-30T03:14:16.000Z</time>
      </trkpt>
      <trkpt lat="30.486985" lon="79.218965">
        <ele>3582.356</ele>
        <time>2019-10-30T03:14:26.000Z</time>
      </trkpt>
      <trkpt lat="30.48703" lon="79.218966">
        <ele>3580.411</ele>
        <time>2019-10-30T03:14:33.000Z</time>
      </trkpt>
      <trkpt lat="30.487082" lon="79.218967">
        <ele>3579.208</ele>
        <time>2019-10-30T03:15:09.000Z</time>
      </trkpt>
      <trkpt lat="30.487132" lon="79.21896">
        <ele>3577.779</ele>
        <time>2019-10-30T03:15:14.000Z</time>
      </trkpt>
      <trkpt lat="30.48718" lon="79.218943">
        <ele>3575.678</ele>
        <time>2019-10-30T03:15:20.000Z</time>
      </trkpt>
      <trkpt lat="30.487234" lon="79.218937">
        <ele>3574.148</ele>
        <time>2019-10-30T03:15:27.000Z</time>
      </trkpt>
      <trkpt lat="30.487279" lon="79.218931">
        <ele>3573.484</ele>
        <time>2019-10-30T03:15:32.000Z</time>
      </trkpt>
      <trkpt lat="30.487321" lon="79.21891">
        <ele>3572.719</ele>
        <time>2019-10-30T03:15:38.000Z</time>
      </trkpt>
      <trkpt lat="30.487365" lon="79.21889">
        <ele>3571.81</ele>
        <time>2019-10-30T03:15:44.000Z</time>
      </trkpt>
      <trkpt lat="30.48741" lon="79.218886">
        <ele>3570.246</ele>
        <time>2019-10-30T03:16:15.000Z</time>
      </trkpt>
      <trkpt lat="30.487454" lon="79.218912">
        <ele>3568.782</ele>
        <time>2019-10-30T03:16:36.000Z</time>
      </trkpt>
      <trkpt lat="30.487496" lon="79.218932">
        <ele>3568.347</ele>
        <time>2019-10-30T03:16:42.000Z</time>
      </trkpt>
      <trkpt lat="30.487545" lon="79.21894">
        <ele>3566.229</ele>
        <time>2019-10-30T03:16:49.000Z</time>
      </trkpt>
      <trkpt lat="30.487592" lon="79.218928">
        <ele>3563.821</ele>
        <time>2019-10-30T03:16:59.000Z</time>
      </trkpt>
      <trkpt lat="30.487639" lon="79.218926">
        <ele>3562.308</ele>
        <time>2019-10-30T03:17:06.000Z</time>
      </trkpt>
      <trkpt lat="30.487685" lon="79.218928">
        <ele>3561.418</ele>
        <time>2019-10-30T03:17:12.000Z</time>
      </trkpt>
      <trkpt lat="30.487731" lon="79.218956">
        <ele>3559.727</ele>
        <time>2019-10-30T03:17:56.000Z</time>
      </trkpt>
      <trkpt lat="30.487778" lon="79.218962">
        <ele>3558.387</ele>
        <time>2019-10-30T03:18:11.000Z</time>
      </trkpt>
      <trkpt lat="30.487826" lon="79.218968">
        <ele>3557.543</ele>
        <time>2019-10-30T03:18:17.000Z</time>
      </trkpt>
      <trkpt lat="30.487854" lon="79.219014">
        <ele>3556.498</ele>
        <time>2019-10-30T03:18:22.000Z</time>
      </trkpt>
      <trkpt lat="30.487879" lon="79.219057">
        <ele>3556.029</ele>
        <time>2019-10-30T03:18:27.000Z</time>
      </trkpt>
      <trkpt lat="30.487917" lon="79.219089">
        <ele>3555.455</ele>
        <time>2019-10-30T03:18:33.000Z</time>
      </trkpt>
      <trkpt lat="30.487959" lon="79.219061">
        <ele>3553.711</ele>
        <time>2019-10-30T03:18:43.000Z</time>
      </trkpt>
      <trkpt lat="30.487987" lon="79.219012">
        <ele>3552.339</ele>
        <time>2019-10-30T03:18:49.000Z</time>
      </trkpt>
      <trkpt lat="30.487987" lon="79.21896">
        <ele>3551.901</ele>
        <time>2019-10-30T03:18:55.000Z</time>
      </trkpt>
      <trkpt lat="30.48801" lon="79.218914">
        <ele>3550.621</ele>
        <time>2019-10-30T03:19:01.000Z</time>
      </trkpt>
      <trkpt lat="30.488002" lon="79.218853">
        <ele>3550.308</ele>
        <time>2019-10-30T03:19:07.000Z</time>
      </trkpt>
      <trkpt lat="30.487986" lon="79.2188">
        <ele>3548.747</ele>
        <time>2019-10-30T03:19:33.000Z</time>
      </trkpt>
      <trkpt lat="30.487973" lon="79.218748">
        <ele>3547.026</ele>
        <time>2019-10-30T03:19:40.000Z</time>
      </trkpt>
      <trkpt lat="30.48797" lon="79.218692">
        <ele>3546.556</ele>
        <time>2019-10-30T03:19:47.000Z</time>
      </trkpt>
      <trkpt lat="30.487982" lon="79.218641">
        <ele>3545.312</ele>
        <time>2019-10-30T03:19:56.000Z</time>
      </trkpt>
      <trkpt lat="30.487976" lon="79.218586">
        <ele>3543.927</ele>
        <time>2019-10-30T03:20:18.000Z</time>
      </trkpt>
      <trkpt lat="30.487961" lon="79.218537">
        <ele>3542.288</ele>
        <time>2019-10-30T03:20:24.000Z</time>
      </trkpt>
      <trkpt lat="30.487946" lon="79.218484">
        <ele>3541.564</ele>
        <time>2019-10-30T03:20:31.000Z</time>
      </trkpt>
      <trkpt lat="30.487924" lon="79.218437">
        <ele>3540.73</ele>
        <time>2019-10-30T03:20:37.000Z</time>
      </trkpt>
      <trkpt lat="30.487916" lon="79.21838">
        <ele>3539.265</ele>
        <time>2019-10-30T03:20:45.000Z</time>
      </trkpt>
      <trkpt lat="30.48791" lon="79.218326">
        <ele>3538.968</ele>
        <time>2019-10-30T03:20:51.000Z</time>
      </trkpt>
      <trkpt lat="30.487909" lon="79.218273">
        <ele>3537.714</ele>
        <time>2019-10-30T03:21:12.000Z</time>
      </trkpt>
      <trkpt lat="30.487899" lon="79.218217">
        <ele>3537.408</ele>
        <time>2019-10-30T03:21:19.000Z</time>
      </trkpt>
      <trkpt lat="30.487893" lon="79.218164">
        <ele>3536.52</ele>
        <time>2019-10-30T03:21:25.000Z</time>
      </trkpt>
      <trkpt lat="30.487886" lon="79.21811">
        <ele>3536.249</ele>
        <time>2019-10-30T03:21:31.000Z</time>
      </trkpt>
      <trkpt lat="30.487875" lon="79.218056">
        <ele>3534.929</ele>
        <time>2019-10-30T03:21:37.000Z</time>
      </trkpt>
      <trkpt lat="30.487875" lon="79.218004">
        <ele>3534.455</ele>
        <time>2019-10-30T03:21:42.000Z</time>
      </trkpt>
      <trkpt lat="30.487877" lon="79.21795">
        <ele>3533.55</ele>
        <time>2019-10-30T03:21:48.000Z</time>
      </trkpt>
      <trkpt lat="30.48786" lon="79.2179">
        <ele>3533.071</ele>
        <time>2019-10-30T03:21:56.000Z</time>
      </trkpt>
      <trkpt lat="30.487828" lon="79.217862">
        <ele>3530.967</ele>
        <time>2019-10-30T03:23:52.000Z</time>
      </trkpt>
      <trkpt lat="30.487805" lon="79.217913">
        <ele>3530.643</ele>
        <time>2019-10-30T03:24:04.000Z</time>
      </trkpt>
      <trkpt lat="30.48776" lon="79.217924">
        <ele>3529.674</ele>
        <time>2019-10-30T03:24:20.000Z</time>
      </trkpt>
      <trkpt lat="30.487717" lon="79.217942">
        <ele>3528.656</ele>
        <time>2019-10-30T03:24:28.000Z</time>
      </trkpt>
      <trkpt lat="30.487674" lon="79.217963">
        <ele>3529.021</ele>
        <time>2019-10-30T03:24:39.000Z</time>
      </trkpt>
      <trkpt lat="30.487635" lon="79.217931">
        <ele>3527.608</ele>
        <time>2019-10-30T03:25:19.000Z</time>
      </trkpt>
      <trkpt lat="30.487594" lon="79.217906">
        <ele>3525.871</ele>
        <time>2019-10-30T03:25:59.000Z</time>
      </trkpt>
      <trkpt lat="30.487551" lon="79.217874">
        <ele>3524.21</ele>
        <time>2019-10-30T03:26:28.000Z</time>
      </trkpt>
      <trkpt lat="30.487511" lon="79.217844">
        <ele>3523.24</ele>
        <time>2019-10-30T03:26:37.000Z</time>
      </trkpt>
      <trkpt lat="30.487475" lon="79.217806">
        <ele>3522.386</ele>
        <time>2019-10-30T03:27:05.000Z</time>
      </trkpt>
      <trkpt lat="30.487446" lon="79.217762">
        <ele>3520.951</ele>
        <time>2019-10-30T03:27:18.000Z</time>
      </trkpt>
      <trkpt lat="30.487431" lon="79.217711">
        <ele>3518.872</ele>
        <time>2019-10-30T03:27:28.000Z</time>
      </trkpt>
      <trkpt lat="30.487404" lon="79.217666">
        <ele>3516.168</ele>
        <time>2019-10-30T03:28:09.000Z</time>
      </trkpt>
      <trkpt lat="30.487353" lon="79.217652">
        <ele>3515.194</ele>
        <time>2019-10-30T03:28:36.000Z</time>
      </trkpt>
      <trkpt lat="30.487321" lon="79.217609">
        <ele>3513.648</ele>
        <time>2019-10-30T03:28:50.000Z</time>
      </trkpt>
      <trkpt lat="30.487298" lon="79.21756">
        <ele>3512.561</ele>
        <time>2019-10-30T03:28:59.000Z</time>
      </trkpt>
      <trkpt lat="30.487289" lon="79.217503">
        <ele>3509.717</ele>
        <time>2019-10-30T03:29:37.000Z</time>
      </trkpt>
      <trkpt lat="30.487247" lon="79.217483">
        <ele>3508.408</ele>
        <time>2019-10-30T03:29:57.000Z</time>
      </trkpt>
      <trkpt lat="30.487223" lon="79.217435">
        <ele>3504.868</ele>
        <time>2019-10-30T03:30:57.000Z</time>
      </trkpt>
      <trkpt lat="30.487193" lon="79.217391">
        <ele>3503.457</ele>
        <time>2019-10-30T03:31:09.000Z</time>
      </trkpt>
      <trkpt lat="30.487154" lon="79.217356">
        <ele>3502.987</ele>
        <time>2019-10-30T03:31:27.000Z</time>
      </trkpt>
      <trkpt lat="30.487117" lon="79.21732">
        <ele>3502.343</ele>
        <time>2019-10-30T03:31:36.000Z</time>
      </trkpt>
      <trkpt lat="30.487162" lon="79.217307">
        <ele>3501.038</ele>
        <time>2019-10-30T03:32:14.000Z</time>
      </trkpt>
      <trkpt lat="30.48721" lon="79.217316">
        <ele>3499.719</ele>
        <time>2019-10-30T03:32:21.000Z</time>
      </trkpt>
      <trkpt lat="30.487256" lon="79.217313">
        <ele>3499.135</ele>
        <time>2019-10-30T03:32:28.000Z</time>
      </trkpt>
      <trkpt lat="30.487298" lon="79.217345">
        <ele>3499.131</ele>
        <time>2019-10-30T03:32:37.000Z</time>
      </trkpt>
      <trkpt lat="30.487342" lon="79.217358">
        <ele>3497.218</ele>
        <time>2019-10-30T03:32:45.000Z</time>
      </trkpt>
      <trkpt lat="30.487391" lon="79.217382">
        <ele>3497.598</ele>
        <time>2019-10-30T03:32:53.000Z</time>
      </trkpt>
      <trkpt lat="30.487437" lon="79.217373">
        <ele>3495.117</ele>
        <time>2019-10-30T03:33:01.000Z</time>
      </trkpt>
      <trkpt lat="30.487483" lon="79.217349">
        <ele>3494.108</ele>
        <time>2019-10-30T03:33:07.000Z</time>
      </trkpt>
      <trkpt lat="30.487534" lon="79.21735">
        <ele>3492.685</ele>
        <time>2019-10-30T03:33:15.000Z</time>
      </trkpt>
      <trkpt lat="30.487583" lon="79.217348">
        <ele>3491.724</ele>
        <time>2019-10-30T03:33:22.000Z</time>
      </trkpt>
      <trkpt lat="30.48763" lon="79.217343">
        <ele>3490.444</ele>
        <time>2019-10-30T03:33:31.000Z</time>
      </trkpt>
      <trkpt lat="30.487674" lon="79.217357">
        <ele>3490.24</ele>
        <time>2019-10-30T03:33:36.000Z</time>
      </trkpt>
      <trkpt lat="30.487722" lon="79.21735">
        <ele>3488.835</ele>
        <time>2019-10-30T03:33:43.000Z</time>
      </trkpt>
      <trkpt lat="30.487762" lon="79.217316">
        <ele>3487.946</ele>
        <time>2019-10-30T03:33:49.000Z</time>
      </trkpt>
      <trkpt lat="30.487803" lon="79.217283">
        <ele>3486.442</ele>
        <time>2019-10-30T03:33:54.000Z</time>
      </trkpt>
      <trkpt lat="30.487837" lon="79.217246">
        <ele>3486.518</ele>
        <time>2019-10-30T03:33:59.000Z</time>
      </trkpt>
      <trkpt lat="30.487863" lon="79.217201">
        <ele>3486.224</ele>
        <time>2019-10-30T03:34:04.000Z</time>
      </trkpt>
      <trkpt lat="30.487896" lon="79.21716">
        <ele>3486.004</ele>
        <time>2019-10-30T03:34:09.000Z</time>
      </trkpt>
      <trkpt lat="30.48793" lon="79.217118">
        <ele>3485.514</ele>
        <time>2019-10-30T03:34:31.000Z</time>
      </trkpt>
      <trkpt lat="30.487941" lon="79.217065">
        <ele>3485.608</ele>
        <time>2019-10-30T03:34:36.000Z</time>
      </trkpt>
      <trkpt lat="30.487944" lon="79.217011">
        <ele>3485.946</ele>
        <time>2019-10-30T03:34:46.000Z</time>
      </trkpt>
      <trkpt lat="30.487981" lon="79.216975">
        <ele>3483.795</ele>
        <time>2019-10-30T03:35:27.000Z</time>
      </trkpt>
      <trkpt lat="30.48801" lon="79.216933">
        <ele>3482.015</ele>
        <time>2019-10-30T03:35:34.000Z</time>
      </trkpt>
      <trkpt lat="30.488054" lon="79.216911">
        <ele>3481.751</ele>
        <time>2019-10-30T03:35:41.000Z</time>
      </trkpt>
      <trkpt lat="30.488075" lon="79.216854">
        <ele>3480.846</ele>
        <time>2019-10-30T03:35:47.000Z</time>
      </trkpt>
      <trkpt lat="30.488081" lon="79.216798">
        <ele>3480.247</ele>
        <time>2019-10-30T03:35:53.000Z</time>
      </trkpt>
      <trkpt lat="30.48808" lon="79.216743">
        <ele>3479.143</ele>
        <time>2019-10-30T03:36:00.000Z</time>
      </trkpt>
      <trkpt lat="30.488062" lon="79.216692">
        <ele>3478.039</ele>
        <time>2019-10-30T03:36:08.000Z</time>
      </trkpt>
      <trkpt lat="30.488045" lon="79.216641">
        <ele>3474.196</ele>
        <time>2019-10-30T03:36:42.000Z</time>
      </trkpt>
      <trkpt lat="30.488064" lon="79.216588">
        <ele>3472.031</ele>
        <time>2019-10-30T03:36:48.000Z</time>
      </trkpt>
      <trkpt lat="30.488072" lon="79.216529">
        <ele>3472.424</ele>
        <time>2019-10-30T03:36:53.000Z</time>
      </trkpt>
      <trkpt lat="30.488099" lon="79.216475">
        <ele>3471.308</ele>
        <time>2019-10-30T03:37:36.000Z</time>
      </trkpt>
      <trkpt lat="30.488094" lon="79.216419">
        <ele>3471.193</ele>
        <time>2019-10-30T03:37:41.000Z</time>
      </trkpt>
      <trkpt lat="30.488053" lon="79.216395">
        <ele>3472.832</ele>
        <time>2019-10-30T03:38:44.000Z</time>
      </trkpt>
      <trkpt lat="30.48801" lon="79.216428">
        <ele>3472.982</ele>
        <time>2019-10-30T03:38:49.000Z</time>
      </trkpt>
      <trkpt lat="30.487973" lon="79.216465">
        <ele>3473.018</ele>
        <time>2019-10-30T03:38:53.000Z</time>
      </trkpt>
      <trkpt lat="30.487942" lon="79.216506">
        <ele>3473.283</ele>
        <time>2019-10-30T03:38:58.000Z</time>
      </trkpt>
      <trkpt lat="30.48799" lon="79.216471">
        <ele>3472.024</ele>
        <time>2019-10-30T03:39:35.000Z</time>
      </trkpt>
      <trkpt lat="30.488033" lon="79.21644">
        <ele>3473.86</ele>
        <time>2019-10-30T03:39:41.000Z</time>
      </trkpt>
      <trkpt lat="30.488078" lon="79.216423">
        <ele>3473.726</ele>
        <time>2019-10-30T03:39:47.000Z</time>
      </trkpt>
      <trkpt lat="30.488127" lon="79.216435">
        <ele>3474.021</ele>
        <time>2019-10-30T03:39:54.000Z</time>
      </trkpt>
      <trkpt lat="30.488173" lon="79.21643">
        <ele>3474.341</ele>
        <time>2019-10-30T03:40:00.000Z</time>
      </trkpt>
      <trkpt lat="30.488227" lon="79.216432">
        <ele>3474.305</ele>
        <time>2019-10-30T03:40:06.000Z</time>
      </trkpt>
      <trkpt lat="30.488276" lon="79.21645">
        <ele>3473.908</ele>
        <time>2019-10-30T03:40:12.000Z</time>
      </trkpt>
      <trkpt lat="30.488306" lon="79.216497">
        <ele>3472.546</ele>
        <time>2019-10-30T03:40:32.000Z</time>
      </trkpt>
      <trkpt lat="30.488338" lon="79.216539">
        <ele>3475.275</ele>
        <time>2019-10-30T03:40:45.000Z</time>
      </trkpt>
      <trkpt lat="30.488364" lon="79.216581">
        <ele>3475.035</ele>
        <time>2019-10-30T03:40:52.000Z</time>
      </trkpt>
      <trkpt lat="30.488373" lon="79.216635">
        <ele>3474.971</ele>
        <time>2019-10-30T03:41:09.000Z</time>
      </trkpt>
      <trkpt lat="30.488399" lon="79.216684">
        <ele>3476.286</ele>
        <time>2019-10-30T03:41:18.000Z</time>
      </trkpt>
      <trkpt lat="30.48843" lon="79.216726">
        <ele>3475.767</ele>
        <time>2019-10-30T03:41:43.000Z</time>
      </trkpt>
      <trkpt lat="30.488452" lon="79.216771">
        <ele>3475.623</ele>
        <time>2019-10-30T03:41:51.000Z</time>
      </trkpt>
      <trkpt lat="30.488485" lon="79.216812">
        <ele>3477.489</ele>
        <time>2019-10-30T03:42:07.000Z</time>
      </trkpt>
      <trkpt lat="30.488463" lon="79.216861">
        <ele>3477.793</ele>
        <time>2019-10-30T03:42:16.000Z</time>
      </trkpt>
      <trkpt lat="30.488502" lon="79.216896">
        <ele>3477.665</ele>
        <time>2019-10-30T03:42:23.000Z</time>
      </trkpt>
      <trkpt lat="30.488547" lon="79.216898">
        <ele>3476.621</ele>
        <time>2019-10-30T03:42:38.000Z</time>
      </trkpt>
      <trkpt lat="30.488515" lon="79.21686">
        <ele>3476.408</ele>
        <time>2019-10-30T03:43:16.000Z</time>
      </trkpt>
      <trkpt lat="30.488495" lon="79.216908">
        <ele>3474.033</ele>
        <time>2019-10-30T03:55:01.000Z</time>
      </trkpt>
      <trkpt lat="30.488504" lon="79.216967">
        <ele>3473.882</ele>
        <time>2019-10-30T03:55:06.000Z</time>
      </trkpt>
      <trkpt lat="30.488523" lon="79.217015">
        <ele>3473.792</ele>
        <time>2019-10-30T03:55:12.000Z</time>
      </trkpt>
      <trkpt lat="30.488533" lon="79.217067">
        <ele>3475.728</ele>
        <time>2019-10-30T03:55:50.000Z</time>
      </trkpt>
      <trkpt lat="30.48858" lon="79.217078">
        <ele>3476.743</ele>
        <time>2019-10-30T03:56:14.000Z</time>
      </trkpt>
      <trkpt lat="30.488602" lon="79.217124">
        <ele>3475.394</ele>
        <time>2019-10-30T03:56:21.000Z</time>
      </trkpt>
      <trkpt lat="30.488623" lon="79.217177">
        <ele>3475.24</ele>
        <time>2019-10-30T03:56:28.000Z</time>
      </trkpt>
      <trkpt lat="30.488647" lon="79.217125">
        <ele>3473.866</ele>
        <time>2019-10-30T03:56:36.000Z</time>
      </trkpt>
      <trkpt lat="30.488651" lon="79.217072">
        <ele>3473.085</ele>
        <time>2019-10-30T03:56:43.000Z</time>
      </trkpt>
      <trkpt lat="30.488662" lon="79.217019">
        <ele>3470.189</ele>
        <time>2019-10-30T03:57:03.000Z</time>
      </trkpt>
      <trkpt lat="30.488654" lon="79.216962">
        <ele>3468.517</ele>
        <time>2019-10-30T03:57:10.000Z</time>
      </trkpt>
      <trkpt lat="30.488655" lon="79.216906">
        <ele>3468.608</ele>
        <time>2019-10-30T03:57:18.000Z</time>
      </trkpt>
      <trkpt lat="30.488658" lon="79.216848">
        <ele>3468.132</ele>
        <time>2019-10-30T03:57:25.000Z</time>
      </trkpt>
      <trkpt lat="30.48866" lon="79.216795">
        <ele>3467.861</ele>
        <time>2019-10-30T03:57:33.000Z</time>
      </trkpt>
      <trkpt lat="30.488702" lon="79.216823">
        <ele>3465.921</ele>
        <time>2019-10-30T03:57:45.000Z</time>
      </trkpt>
      <trkpt lat="30.488742" lon="79.216856">
        <ele>3466.047</ele>
        <time>2019-10-30T03:57:54.000Z</time>
      </trkpt>
      <trkpt lat="30.488777" lon="79.216895">
        <ele>3465.962</ele>
        <time>2019-10-30T03:58:02.000Z</time>
      </trkpt>
      <trkpt lat="30.488822" lon="79.216916">
        <ele>3465.033</ele>
        <time>2019-10-30T03:58:12.000Z</time>
      </trkpt>
      <trkpt lat="30.488855" lon="79.216953">
        <ele>3463.789</ele>
        <time>2019-10-30T03:58:22.000Z</time>
      </trkpt>
      <trkpt lat="30.488895" lon="79.216982">
        <ele>3462.955</ele>
        <time>2019-10-30T03:58:45.000Z</time>
      </trkpt>
      <trkpt lat="30.488938" lon="79.217">
        <ele>3462.213</ele>
        <time>2019-10-30T03:58:54.000Z</time>
      </trkpt>
      <trkpt lat="30.488982" lon="79.217024">
        <ele>3462.243</ele>
        <time>2019-10-30T03:59:02.000Z</time>
      </trkpt>
      <trkpt lat="30.489024" lon="79.217044">
        <ele>3461.807</ele>
        <time>2019-10-30T03:59:10.000Z</time>
      </trkpt>
      <trkpt lat="30.489067" lon="79.217066">
        <ele>3461.008</ele>
        <time>2019-10-30T03:59:18.000Z</time>
      </trkpt>
      <trkpt lat="30.48911" lon="79.217092">
        <ele>3460.795</ele>
        <time>2019-10-30T03:59:35.000Z</time>
      </trkpt>
      <trkpt lat="30.489148" lon="79.21712">
        <ele>3461.214</ele>
        <time>2019-10-30T03:59:44.000Z</time>
      </trkpt>
      <trkpt lat="30.489183" lon="79.217163">
        <ele>3460.614</ele>
        <time>2019-10-30T03:59:52.000Z</time>
      </trkpt>
      <trkpt lat="30.489217" lon="79.217198">
        <ele>3460.31</ele>
        <time>2019-10-30T04:00:00.000Z</time>
      </trkpt>
      <trkpt lat="30.48926" lon="79.217214">
        <ele>3459.955</ele>
        <time>2019-10-30T04:00:09.000Z</time>
      </trkpt>
      <trkpt lat="30.489296" lon="79.21726">
        <ele>3458.816</ele>
        <time>2019-10-30T04:00:36.000Z</time>
      </trkpt>
      <trkpt lat="30.489321" lon="79.217211">
        <ele>3455.012</ele>
        <time>2019-10-30T04:00:44.000Z</time>
      </trkpt>
      <trkpt lat="30.489363" lon="79.217239">
        <ele>3453.128</ele>
        <time>2019-10-30T04:00:56.000Z</time>
      </trkpt>
      <trkpt lat="30.489399" lon="79.217205">
        <ele>3451.788</ele>
        <time>2019-10-30T04:01:07.000Z</time>
      </trkpt>
      <trkpt lat="30.489397" lon="79.21715">
        <ele>3451.024</ele>
        <time>2019-10-30T04:01:16.000Z</time>
      </trkpt>
      <trkpt lat="30.489397" lon="79.217089">
        <ele>3450.326</ele>
        <time>2019-10-30T04:01:24.000Z</time>
      </trkpt>
      <trkpt lat="30.489396" lon="79.217037">
        <ele>3449.108</ele>
        <time>2019-10-30T04:01:31.000Z</time>
      </trkpt>
      <trkpt lat="30.489391" lon="79.216983">
        <ele>3448.872</ele>
        <time>2019-10-30T04:01:37.000Z</time>
      </trkpt>
      <trkpt lat="30.489398" lon="79.216929">
        <ele>3448.041</ele>
        <time>2019-10-30T04:01:43.000Z</time>
      </trkpt>
      <trkpt lat="30.489408" lon="79.216872">
        <ele>3447.461</ele>
        <time>2019-10-30T04:01:50.000Z</time>
      </trkpt>
      <trkpt lat="30.489409" lon="79.216811">
        <ele>3447.377</ele>
        <time>2019-10-30T04:01:58.000Z</time>
      </trkpt>
      <trkpt lat="30.489391" lon="79.216754">
        <ele>3446.342</ele>
        <time>2019-10-30T04:02:05.000Z</time>
      </trkpt>
      <trkpt lat="30.489346" lon="79.216727">
        <ele>3445.953</ele>
        <time>2019-10-30T04:02:20.000Z</time>
      </trkpt>
      <trkpt lat="30.489397" lon="79.216749">
        <ele>3445.449</ele>
        <time>2019-10-30T04:33:20.000Z</time>
      </trkpt>
      <trkpt lat="30.489409" lon="79.216693">
        <ele>3442.875</ele>
        <time>2019-10-30T04:35:25.000Z</time>
      </trkpt>
      <trkpt lat="30.489402" lon="79.216637">
        <ele>3441.698</ele>
        <time>2019-10-30T04:35:30.000Z</time>
      </trkpt>
      <trkpt lat="30.489396" lon="79.216578">
        <ele>3440.715</ele>
        <time>2019-10-30T04:35:36.000Z</time>
      </trkpt>
      <trkpt lat="30.489396" lon="79.216525">
        <ele>3440.726</ele>
        <time>2019-10-30T04:35:41.000Z</time>
      </trkpt>
      <trkpt lat="30.489395" lon="79.216465">
        <ele>3440.208</ele>
        <time>2019-10-30T04:35:48.000Z</time>
      </trkpt>
      <trkpt lat="30.489397" lon="79.21641">
        <ele>3439.833</ele>
        <time>2019-10-30T04:35:55.000Z</time>
      </trkpt>
      <trkpt lat="30.489402" lon="79.216358">
        <ele>3439.172</ele>
        <time>2019-10-30T04:36:01.000Z</time>
      </trkpt>
      <trkpt lat="30.489405" lon="79.216305">
        <ele>3438.662</ele>
        <time>2019-10-30T04:36:08.000Z</time>
      </trkpt>
      <trkpt lat="30.4894" lon="79.216249">
        <ele>3436.978</ele>
        <time>2019-10-30T04:36:21.000Z</time>
      </trkpt>
      <trkpt lat="30.489394" lon="79.216195">
        <ele>3436.023</ele>
        <time>2019-10-30T04:36:28.000Z</time>
      </trkpt>
      <trkpt lat="30.489414" lon="79.216145">
        <ele>3435.394</ele>
        <time>2019-10-30T04:36:40.000Z</time>
      </trkpt>
      <trkpt lat="30.489412" lon="79.216091">
        <ele>3434.71</ele>
        <time>2019-10-30T04:36:46.000Z</time>
      </trkpt>
      <trkpt lat="30.489417" lon="79.216038">
        <ele>3433.236</ele>
        <time>2019-10-30T04:37:01.000Z</time>
      </trkpt>
      <trkpt lat="30.489405" lon="79.215986">
        <ele>3432.389</ele>
        <time>2019-10-30T04:37:06.000Z</time>
      </trkpt>
      <trkpt lat="30.489406" lon="79.215932">
        <ele>3431.706</ele>
        <time>2019-10-30T04:37:11.000Z</time>
      </trkpt>
      <trkpt lat="30.48939" lon="79.215878">
        <ele>3430.326</ele>
        <time>2019-10-30T04:37:16.000Z</time>
      </trkpt>
      <trkpt lat="30.489383" lon="79.215826">
        <ele>3430.508</ele>
        <time>2019-10-30T04:37:22.000Z</time>
      </trkpt>
      <trkpt lat="30.489383" lon="79.215773">
        <ele>3430.062</ele>
        <time>2019-10-30T04:37:29.000Z</time>
      </trkpt>
      <trkpt lat="30.489387" lon="79.215718">
        <ele>3429.851</ele>
        <time>2019-10-30T04:37:37.000Z</time>
      </trkpt>
      <trkpt lat="30.489387" lon="79.215658">
        <ele>3429.131</ele>
        <time>2019-10-30T04:37:50.000Z</time>
      </trkpt>
      <trkpt lat="30.489383" lon="79.2156">
        <ele>3427.717</ele>
        <time>2019-10-30T04:37:57.000Z</time>
      </trkpt>
      <trkpt lat="30.489381" lon="79.215547">
        <ele>3426.432</ele>
        <time>2019-10-30T04:38:03.000Z</time>
      </trkpt>
      <trkpt lat="30.489384" lon="79.215488">
        <ele>3425.123</ele>
        <time>2019-10-30T04:38:10.000Z</time>
      </trkpt>
      <trkpt lat="30.489382" lon="79.215433">
        <ele>3423.699</ele>
        <time>2019-10-30T04:38:17.000Z</time>
      </trkpt>
      <trkpt lat="30.48938" lon="79.215379">
        <ele>3423.125</ele>
        <time>2019-10-30T04:38:24.000Z</time>
      </trkpt>
      <trkpt lat="30.48938" lon="79.215321">
        <ele>3422.584</ele>
        <time>2019-10-30T04:38:33.000Z</time>
      </trkpt>
      <trkpt lat="30.489384" lon="79.215267">
        <ele>3421.407</ele>
        <time>2019-10-30T04:39:01.000Z</time>
      </trkpt>
      <trkpt lat="30.489379" lon="79.215211">
        <ele>3421.117</ele>
        <time>2019-10-30T04:39:27.000Z</time>
      </trkpt>
      <trkpt lat="30.489372" lon="79.215152">
        <ele>3420.608</ele>
        <time>2019-10-30T04:39:33.000Z</time>
      </trkpt>
      <trkpt lat="30.489356" lon="79.215096">
        <ele>3417.922</ele>
        <time>2019-10-30T04:39:41.000Z</time>
      </trkpt>
      <trkpt lat="30.489327" lon="79.215053">
        <ele>3416.161</ele>
        <time>2019-10-30T04:39:49.000Z</time>
      </trkpt>
      <trkpt lat="30.489322" lon="79.215001">
        <ele>3415.081</ele>
        <time>2019-10-30T04:39:57.000Z</time>
      </trkpt>
      <trkpt lat="30.489319" lon="79.214945">
        <ele>3413.797</ele>
        <time>2019-10-30T04:40:05.000Z</time>
      </trkpt>
      <trkpt lat="30.489297" lon="79.214898">
        <ele>3412.392</ele>
        <time>2019-10-30T04:40:12.000Z</time>
      </trkpt>
      <trkpt lat="30.489283" lon="79.214848">
        <ele>3411.413</ele>
        <time>2019-10-30T04:40:19.000Z</time>
      </trkpt>
      <trkpt lat="30.48924" lon="79.214814">
        <ele>3409.889</ele>
        <time>2019-10-30T04:40:31.000Z</time>
      </trkpt>
      <trkpt lat="30.489196" lon="79.214785">
        <ele>3407.725</ele>
        <time>2019-10-30T04:40:39.000Z</time>
      </trkpt>
      <trkpt lat="30.489157" lon="79.214746">
        <ele>3406.633</ele>
        <time>2019-10-30T04:40:46.000Z</time>
      </trkpt>
      <trkpt lat="30.489132" lon="79.214699">
        <ele>3405.823</ele>
        <time>2019-10-30T04:40:55.000Z</time>
      </trkpt>
      <trkpt lat="30.489126" lon="79.214644">
        <ele>3405.215</ele>
        <time>2019-10-30T04:41:05.000Z</time>
      </trkpt>
      <trkpt lat="30.489116" lon="79.214591">
        <ele>3404.608</ele>
        <time>2019-10-30T04:41:14.000Z</time>
      </trkpt>
      <trkpt lat="30.489094" lon="79.214545">
        <ele>3403.837</ele>
        <time>2019-10-30T04:41:22.000Z</time>
      </trkpt>
      <trkpt lat="30.48907" lon="79.214494">
        <ele>3401.636</ele>
        <time>2019-10-30T04:41:31.000Z</time>
      </trkpt>
      <trkpt lat="30.489053" lon="79.214444">
        <ele>3400.936</ele>
        <time>2019-10-30T04:41:38.000Z</time>
      </trkpt>
      <trkpt lat="30.489032" lon="79.214395">
        <ele>3399.762</ele>
        <time>2019-10-30T04:41:46.000Z</time>
      </trkpt>
      <trkpt lat="30.489012" lon="79.214341">
        <ele>3397.557</ele>
        <time>2019-10-30T04:41:53.000Z</time>
      </trkpt>
      <trkpt lat="30.489003" lon="79.214286">
        <ele>3396.478</ele>
        <time>2019-10-30T04:42:00.000Z</time>
      </trkpt>
      <trkpt lat="30.488993" lon="79.214232">
        <ele>3395.484</ele>
        <time>2019-10-30T04:42:07.000Z</time>
      </trkpt>
      <trkpt lat="30.488984" lon="79.214174">
        <ele>3394.32</ele>
        <time>2019-10-30T04:42:14.000Z</time>
      </trkpt>
      <trkpt lat="30.488978" lon="79.214113">
        <ele>3391.846</ele>
        <time>2019-10-30T04:42:33.000Z</time>
      </trkpt>
      <trkpt lat="30.488943" lon="79.214065">
        <ele>3389.388</ele>
        <time>2019-10-30T04:42:40.000Z</time>
      </trkpt>
      <trkpt lat="30.488907" lon="79.214031">
        <ele>3387.816</ele>
        <time>2019-10-30T04:42:51.000Z</time>
      </trkpt>
      <trkpt lat="30.488938" lon="79.21399">
        <ele>3386.408</ele>
        <time>2019-10-30T04:43:00.000Z</time>
      </trkpt>
      <trkpt lat="30.488934" lon="79.213934">
        <ele>3385.348</ele>
        <time>2019-10-30T04:43:08.000Z</time>
      </trkpt>
      <trkpt lat="30.488904" lon="79.213894">
        <ele>3383.057</ele>
        <time>2019-10-30T04:43:36.000Z</time>
      </trkpt>
      <trkpt lat="30.488883" lon="79.213842">
        <ele>3382.357</ele>
        <time>2019-10-30T04:43:43.000Z</time>
      </trkpt>
      <trkpt lat="30.488879" lon="79.213788">
        <ele>3380.873</ele>
        <time>2019-10-30T04:43:52.000Z</time>
      </trkpt>
      <trkpt lat="30.488859" lon="79.213738">
        <ele>3379.178</ele>
        <time>2019-10-30T04:44:00.000Z</time>
      </trkpt>
      <trkpt lat="30.488845" lon="79.213683">
        <ele>3377.419</ele>
        <time>2019-10-30T04:44:13.000Z</time>
      </trkpt>
      <trkpt lat="30.488831" lon="79.213633">
        <ele>3377.365</ele>
        <time>2019-10-30T04:44:19.000Z</time>
      </trkpt>
      <trkpt lat="30.48882" lon="79.213577">
        <ele>3377.011</ele>
        <time>2019-10-30T04:44:27.000Z</time>
      </trkpt>
      <trkpt lat="30.488812" lon="79.213522">
        <ele>3376.356</ele>
        <time>2019-10-30T04:44:35.000Z</time>
      </trkpt>
      <trkpt lat="30.488791" lon="79.213468">
        <ele>3375.659</ele>
        <time>2019-10-30T04:44:41.000Z</time>
      </trkpt>
      <trkpt lat="30.488781" lon="79.213414">
        <ele>3375.014</ele>
        <time>2019-10-30T04:44:47.000Z</time>
      </trkpt>
      <trkpt lat="30.488769" lon="79.213362">
        <ele>3373.508</ele>
        <time>2019-10-30T04:44:53.000Z</time>
      </trkpt>
      <trkpt lat="30.488751" lon="79.21331">
        <ele>3372.919</ele>
        <time>2019-10-30T04:45:03.000Z</time>
      </trkpt>
      <trkpt lat="30.488736" lon="79.213256">
        <ele>3371.198</ele>
        <time>2019-10-30T04:45:10.000Z</time>
      </trkpt>
      <trkpt lat="30.488727" lon="79.213202">
        <ele>3371.088</ele>
        <time>2019-10-30T04:45:17.000Z</time>
      </trkpt>
      <trkpt lat="30.488702" lon="79.213157">
        <ele>3369.764</ele>
        <time>2019-10-30T04:45:24.000Z</time>
      </trkpt>
      <trkpt lat="30.488698" lon="79.213105">
        <ele>3368.989</ele>
        <time>2019-10-30T04:45:33.000Z</time>
      </trkpt>
      <trkpt lat="30.488692" lon="79.213048">
        <ele>3368.31</ele>
        <time>2019-10-30T04:45:42.000Z</time>
      </trkpt>
      <trkpt lat="30.488676" lon="79.212999">
        <ele>3367.146</ele>
        <time>2019-10-30T04:45:50.000Z</time>
      </trkpt>
      <trkpt lat="30.488653" lon="79.212951">
        <ele>3366.062</ele>
        <time>2019-10-30T04:45:59.000Z</time>
      </trkpt>
      <trkpt lat="30.488637" lon="79.212899">
        <ele>3365.426</ele>
        <time>2019-10-30T04:46:08.000Z</time>
      </trkpt>
      <trkpt lat="30.488619" lon="79.212848">
        <ele>3364.547</ele>
        <time>2019-10-30T04:46:16.000Z</time>
      </trkpt>
      <trkpt lat="30.488609" lon="79.212793">
        <ele>3363.011</ele>
        <time>2019-10-30T04:46:30.000Z</time>
      </trkpt>
      <trkpt lat="30.488595" lon="79.212735">
        <ele>3361.308</ele>
        <time>2019-10-30T04:46:39.000Z</time>
      </trkpt>
      <trkpt lat="30.488576" lon="79.212682">
        <ele>3360.086</ele>
        <time>2019-10-30T04:46:47.000Z</time>
      </trkpt>
      <trkpt lat="30.488556" lon="79.212633">
        <ele>3358.415</ele>
        <time>2019-10-30T04:46:55.000Z</time>
      </trkpt>
      <trkpt lat="30.488547" lon="79.212581">
        <ele>3355.945</ele>
        <time>2019-10-30T04:47:09.000Z</time>
      </trkpt>
      <trkpt lat="30.488532" lon="79.212531">
        <ele>3354.521</ele>
        <time>2019-10-30T04:47:18.000Z</time>
      </trkpt>
      <trkpt lat="30.488508" lon="79.212483">
        <ele>3353.756</ele>
        <time>2019-10-30T04:47:26.000Z</time>
      </trkpt>
      <trkpt lat="30.488489" lon="79.212431">
        <ele>3351.377</ele>
        <time>2019-10-30T04:47:58.000Z</time>
      </trkpt>
      <trkpt lat="30.488477" lon="79.212374">
        <ele>3350.693</ele>
        <time>2019-10-30T04:48:05.000Z</time>
      </trkpt>
      <trkpt lat="30.488476" lon="79.212315">
        <ele>3350.529</ele>
        <time>2019-10-30T04:48:12.000Z</time>
      </trkpt>
      <trkpt lat="30.488454" lon="79.212263">
        <ele>3347.973</ele>
        <time>2019-10-30T04:48:20.000Z</time>
      </trkpt>
      <trkpt lat="30.488437" lon="79.212211">
        <ele>3346.585</ele>
        <time>2019-10-30T04:48:28.000Z</time>
      </trkpt>
      <trkpt lat="30.488425" lon="79.212154">
        <ele>3345.613</ele>
        <time>2019-10-30T04:48:36.000Z</time>
      </trkpt>
      <trkpt lat="30.488422" lon="79.212096">
        <ele>3345.008</ele>
        <time>2019-10-30T04:48:43.000Z</time>
      </trkpt>
      <trkpt lat="30.488413" lon="79.21204">
        <ele>3344.541</ele>
        <time>2019-10-30T04:48:50.000Z</time>
      </trkpt>
      <trkpt lat="30.488407" lon="79.211985">
        <ele>3343.69</ele>
        <time>2019-10-30T04:48:57.000Z</time>
      </trkpt>
      <trkpt lat="30.488409" lon="79.211931">
        <ele>3343.28</ele>
        <time>2019-10-30T04:49:05.000Z</time>
      </trkpt>
      <trkpt lat="30.488396" lon="79.211876">
        <ele>3342.356</ele>
        <time>2019-10-30T04:49:13.000Z</time>
      </trkpt>
      <trkpt lat="30.488385" lon="79.211824">
        <ele>3341.671</ele>
        <time>2019-10-30T04:49:22.000Z</time>
      </trkpt>
      <trkpt lat="30.488372" lon="79.211772">
        <ele>3340.172</ele>
        <time>2019-10-30T04:49:30.000Z</time>
      </trkpt>
      <trkpt lat="30.488355" lon="79.211722">
        <ele>3339.198</ele>
        <time>2019-10-30T04:49:37.000Z</time>
      </trkpt>
      <trkpt lat="30.488387" lon="79.211681">
        <ele>3338.144</ele>
        <time>2019-10-30T04:49:46.000Z</time>
      </trkpt>
      <trkpt lat="30.488388" lon="79.211625">
        <ele>3336.567</ele>
        <time>2019-10-30T04:49:53.000Z</time>
      </trkpt>
      <trkpt lat="30.488372" lon="79.211575">
        <ele>3335.581</ele>
        <time>2019-10-30T04:50:00.000Z</time>
      </trkpt>
      <trkpt lat="30.488361" lon="79.211519">
        <ele>3334.519</ele>
        <time>2019-10-30T04:50:07.000Z</time>
      </trkpt>
      <trkpt lat="30.488343" lon="79.211469">
        <ele>3333.508</ele>
        <time>2019-10-30T04:50:14.000Z</time>
      </trkpt>
      <trkpt lat="30.48834" lon="79.211416">
        <ele>3333.53</ele>
        <time>2019-10-30T04:50:21.000Z</time>
      </trkpt>
      <trkpt lat="30.488339" lon="79.211362">
        <ele>3333.299</ele>
        <time>2019-10-30T04:50:28.000Z</time>
      </trkpt>
      <trkpt lat="30.488334" lon="79.211306">
        <ele>3332.719</ele>
        <time>2019-10-30T04:50:37.000Z</time>
      </trkpt>
      <trkpt lat="30.488322" lon="79.211248">
        <ele>3331.215</ele>
        <time>2019-10-30T04:50:45.000Z</time>
      </trkpt>
      <trkpt lat="30.488321" lon="79.211191">
        <ele>3329.71</ele>
        <time>2019-10-30T04:50:53.000Z</time>
      </trkpt>
      <trkpt lat="30.488317" lon="79.211133">
        <ele>3329.441</ele>
        <time>2019-10-30T04:51:00.000Z</time>
      </trkpt>
      <trkpt lat="30.488308" lon="79.211075">
        <ele>3328.237</ele>
        <time>2019-10-30T04:51:07.000Z</time>
      </trkpt>
      <trkpt lat="30.488312" lon="79.211019">
        <ele>3326.843</ele>
        <time>2019-10-30T04:51:14.000Z</time>
      </trkpt>
      <trkpt lat="30.488308" lon="79.210963">
        <ele>3324.943</ele>
        <time>2019-10-30T04:51:21.000Z</time>
      </trkpt>
      <trkpt lat="30.488311" lon="79.210906">
        <ele>3324.264</ele>
        <time>2019-10-30T04:51:30.000Z</time>
      </trkpt>
      <trkpt lat="30.488304" lon="79.210848">
        <ele>3323.41</ele>
        <time>2019-10-30T04:51:38.000Z</time>
      </trkpt>
      <trkpt lat="30.488299" lon="79.210792">
        <ele>3322.408</ele>
        <time>2019-10-30T04:51:46.000Z</time>
      </trkpt>
      <trkpt lat="30.488298" lon="79.210732">
        <ele>3322.388</ele>
        <time>2019-10-30T04:51:54.000Z</time>
      </trkpt>
      <trkpt lat="30.488286" lon="79.210676">
        <ele>3321.757</ele>
        <time>2019-10-30T04:52:02.000Z</time>
      </trkpt>
      <trkpt lat="30.488284" lon="79.210614">
        <ele>3321.537</ele>
        <time>2019-10-30T04:52:12.000Z</time>
      </trkpt>
      <trkpt lat="30.488278" lon="79.210557">
        <ele>3320.393</ele>
        <time>2019-10-30T04:52:20.000Z</time>
      </trkpt>
      <trkpt lat="30.488295" lon="79.210506">
        <ele>3319.568</ele>
        <time>2019-10-30T04:52:29.000Z</time>
      </trkpt>
      <trkpt lat="30.488282" lon="79.210456">
        <ele>3317.349</ele>
        <time>2019-10-30T04:52:38.000Z</time>
      </trkpt>
      <trkpt lat="30.488243" lon="79.210425">
        <ele>3316.085</ele>
        <time>2019-10-30T04:52:46.000Z</time>
      </trkpt>
      <trkpt lat="30.488209" lon="79.21039">
        <ele>3314.051</ele>
        <time>2019-10-30T04:52:56.000Z</time>
      </trkpt>
      <trkpt lat="30.488231" lon="79.210338">
        <ele>3310.979</ele>
        <time>2019-10-30T04:53:44.000Z</time>
      </trkpt>
      <trkpt lat="30.488251" lon="79.210291">
        <ele>3310.505</ele>
        <time>2019-10-30T04:53:51.000Z</time>
      </trkpt>
      <trkpt lat="30.488267" lon="79.210237">
        <ele>3309.725</ele>
        <time>2019-10-30T04:54:00.000Z</time>
      </trkpt>
      <trkpt lat="30.488276" lon="79.210181">
        <ele>3308.708</ele>
        <time>2019-10-30T04:54:15.000Z</time>
      </trkpt>
      <trkpt lat="30.488284" lon="79.21013">
        <ele>3308.171</ele>
        <time>2019-10-30T04:54:24.000Z</time>
      </trkpt>
      <trkpt lat="30.48829" lon="79.210075">
        <ele>3306.92</ele>
        <time>2019-10-30T04:54:48.000Z</time>
      </trkpt>
      <trkpt lat="30.488311" lon="79.210026">
        <ele>3306.62</ele>
        <time>2019-10-30T04:54:56.000Z</time>
      </trkpt>
      <trkpt lat="30.488334" lon="79.209975">
        <ele>3305.626</ele>
        <time>2019-10-30T04:55:04.000Z</time>
      </trkpt>
      <trkpt lat="30.488359" lon="79.209925">
        <ele>3305.791</ele>
        <time>2019-10-30T04:55:10.000Z</time>
      </trkpt>
      <trkpt lat="30.488374" lon="79.209871">
        <ele>3303.972</ele>
        <time>2019-10-30T04:55:18.000Z</time>
      </trkpt>
      <trkpt lat="30.488378" lon="79.209812">
        <ele>3302.248</ele>
        <time>2019-10-30T04:55:26.000Z</time>
      </trkpt>
      <trkpt lat="30.488394" lon="79.209753">
        <ele>3301.064</ele>
        <time>2019-10-30T04:55:34.000Z</time>
      </trkpt>
      <trkpt lat="30.488406" lon="79.2097">
        <ele>3300.512</ele>
        <time>2019-10-30T04:55:41.000Z</time>
      </trkpt>
      <trkpt lat="30.48842" lon="79.209647">
        <ele>3300.032</ele>
        <time>2019-10-30T04:55:48.000Z</time>
      </trkpt>
      <trkpt lat="30.488423" lon="79.209595">
        <ele>3298.905</ele>
        <time>2019-10-30T04:55:55.000Z</time>
      </trkpt>
      <trkpt lat="30.488417" lon="79.209543">
        <ele>3298.608</ele>
        <time>2019-10-30T04:56:05.000Z</time>
      </trkpt>
      <trkpt lat="30.488434" lon="79.209493">
        <ele>3297.465</ele>
        <time>2019-10-30T04:56:22.000Z</time>
      </trkpt>
      <trkpt lat="30.488462" lon="79.209446">
        <ele>3297.384</ele>
        <time>2019-10-30T04:56:29.000Z</time>
      </trkpt>
      <trkpt lat="30.488488" lon="79.2094">
        <ele>3296.784</ele>
        <time>2019-10-30T04:56:42.000Z</time>
      </trkpt>
      <trkpt lat="30.488504" lon="79.209348">
        <ele>3296.52</ele>
        <time>2019-10-30T04:56:50.000Z</time>
      </trkpt>
      <trkpt lat="30.488481" lon="79.209295">
        <ele>3296.855</ele>
        <time>2019-10-30T04:57:06.000Z</time>
      </trkpt>
      <trkpt lat="30.488456" lon="79.209248">
        <ele>3295.226</ele>
        <time>2019-10-30T04:57:14.000Z</time>
      </trkpt>
      <trkpt lat="30.488412" lon="79.209234">
        <ele>3293.742</ele>
        <time>2019-10-30T04:57:44.000Z</time>
      </trkpt>
      <trkpt lat="30.488368" lon="79.209219">
        <ele>3294.088</ele>
        <time>2019-10-30T04:58:05.000Z</time>
      </trkpt>
      <trkpt lat="30.488323" lon="79.209193">
        <ele>3291.717</ele>
        <time>2019-10-30T04:58:35.000Z</time>
      </trkpt>
      <trkpt lat="30.488283" lon="79.209169">
        <ele>3290.687</ele>
        <time>2019-10-30T04:58:44.000Z</time>
      </trkpt>
      <trkpt lat="30.488259" lon="79.209121">
        <ele>3289.215</ele>
        <time>2019-10-30T04:58:57.000Z</time>
      </trkpt>
      <trkpt lat="30.488231" lon="79.209072">
        <ele>3289.008</ele>
        <time>2019-10-30T04:59:09.000Z</time>
      </trkpt>
      <trkpt lat="30.488194" lon="79.209038">
        <ele>3288.075</ele>
        <time>2019-10-30T04:59:17.000Z</time>
      </trkpt>
      <trkpt lat="30.48818" lon="79.208982">
        <ele>3287.164</ele>
        <time>2019-10-30T04:59:25.000Z</time>
      </trkpt>
      <trkpt lat="30.488147" lon="79.208944">
        <ele>3286.244</ele>
        <time>2019-10-30T04:59:32.000Z</time>
      </trkpt>
      <trkpt lat="30.488108" lon="79.208914">
        <ele>3284.54</ele>
        <time>2019-10-30T04:59:41.000Z</time>
      </trkpt>
      <trkpt lat="30.488071" lon="79.208879">
        <ele>3283.255</ele>
        <time>2019-10-30T04:59:52.000Z</time>
      </trkpt>
      <trkpt lat="30.488041" lon="79.208837">
        <ele>3282.166</ele>
        <time>2019-10-30T05:00:03.000Z</time>
      </trkpt>
      <trkpt lat="30.488013" lon="79.208796">
        <ele>3280.722</ele>
        <time>2019-10-30T05:00:13.000Z</time>
      </trkpt>
      <trkpt lat="30.48798" lon="79.208755">
        <ele>3280.378</ele>
        <time>2019-10-30T05:00:23.000Z</time>
      </trkpt>
      <trkpt lat="30.487949" lon="79.208712">
        <ele>3278.755</ele>
        <time>2019-10-30T05:00:31.000Z</time>
      </trkpt>
      <trkpt lat="30.487988" lon="79.208741">
        <ele>3278.407</ele>
        <time>2019-10-30T05:00:46.000Z</time>
      </trkpt>
      <trkpt lat="30.487974" lon="79.208687">
        <ele>3277.717</ele>
        <time>2019-10-30T05:00:57.000Z</time>
      </trkpt>
      <trkpt lat="30.487947" lon="79.208642">
        <ele>3276.508</ele>
        <time>2019-10-30T05:01:05.000Z</time>
      </trkpt>
      <trkpt lat="30.487913" lon="79.208607">
        <ele>3276.419</ele>
        <time>2019-10-30T05:01:12.000Z</time>
      </trkpt>
      <trkpt lat="30.487883" lon="79.208566">
        <ele>3275.198</ele>
        <time>2019-10-30T05:01:20.000Z</time>
      </trkpt>
      <trkpt lat="30.487884" lon="79.208511">
        <ele>3273.328</ele>
        <time>2019-10-30T05:01:44.000Z</time>
      </trkpt>
      <trkpt lat="30.487848" lon="79.208475">
        <ele>3271.154</ele>
        <time>2019-10-30T05:01:57.000Z</time>
      </trkpt>
      <trkpt lat="30.487817" lon="79.208431">
        <ele>3270.559</ele>
        <time>2019-10-30T05:02:05.000Z</time>
      </trkpt>
      <trkpt lat="30.487792" lon="79.208383">
        <ele>3269.57</ele>
        <time>2019-10-30T05:02:15.000Z</time>
      </trkpt>
      <trkpt lat="30.487837" lon="79.208391">
        <ele>3268.636</ele>
        <time>2019-10-30T05:02:30.000Z</time>
      </trkpt>
      <trkpt lat="30.487875" lon="79.208427">
        <ele>3267.572</ele>
        <time>2019-10-30T05:02:38.000Z</time>
      </trkpt>
      <trkpt lat="30.487914" lon="79.208457">
        <ele>3267.568</ele>
        <time>2019-10-30T05:02:46.000Z</time>
      </trkpt>
      <trkpt lat="30.487958" lon="79.208484">
        <ele>3267.242</ele>
        <time>2019-10-30T05:02:53.000Z</time>
      </trkpt>
      <trkpt lat="30.488004" lon="79.208509">
        <ele>3267.226</ele>
        <time>2019-10-30T05:03:00.000Z</time>
      </trkpt>
      <trkpt lat="30.488051" lon="79.208527">
        <ele>3267.108</ele>
        <time>2019-10-30T05:03:07.000Z</time>
      </trkpt>
      <trkpt lat="30.488097" lon="79.208544">
        <ele>3266.14</ele>
        <time>2019-10-30T05:03:16.000Z</time>
      </trkpt>
      <trkpt lat="30.488138" lon="79.20857">
        <ele>3265.639</ele>
        <time>2019-10-30T05:03:25.000Z</time>
      </trkpt>
      <trkpt lat="30.488184" lon="79.208597">
        <ele>3265.149</ele>
        <time>2019-10-30T05:03:33.000Z</time>
      </trkpt>
      <trkpt lat="30.488226" lon="79.208615">
        <ele>3264.865</ele>
        <time>2019-10-30T05:03:40.000Z</time>
      </trkpt>
      <trkpt lat="30.48827" lon="79.208639">
        <ele>3264.87</ele>
        <time>2019-10-30T05:03:48.000Z</time>
      </trkpt>
      <trkpt lat="30.488313" lon="79.208663">
        <ele>3263.671</ele>
        <time>2019-10-30T05:03:56.000Z</time>
      </trkpt>
      <trkpt lat="30.488357" lon="79.208692">
        <ele>3262.887</ele>
        <time>2019-10-30T05:04:04.000Z</time>
      </trkpt>
      <trkpt lat="30.488403" lon="79.208703">
        <ele>3261.643</ele>
        <time>2019-10-30T05:04:10.000Z</time>
      </trkpt>
      <trkpt lat="30.488448" lon="79.208711">
        <ele>3260.425</ele>
        <time>2019-10-30T05:04:16.000Z</time>
      </trkpt>
      <trkpt lat="30.488498" lon="79.208711">
        <ele>3259.226</ele>
        <time>2019-10-30T05:04:23.000Z</time>
      </trkpt>
      <trkpt lat="30.488539" lon="79.208688">
        <ele>3258.008</ele>
        <time>2019-10-30T05:04:32.000Z</time>
      </trkpt>
      <trkpt lat="30.488586" lon="79.208701">
        <ele>3257.508</ele>
        <time>2019-10-30T05:04:46.000Z</time>
      </trkpt>
      <trkpt lat="30.488634" lon="79.208719">
        <ele>3253.836</ele>
        <time>2019-10-30T05:05:04.000Z</time>
      </trkpt>
      <trkpt lat="30.488683" lon="79.208715">
        <ele>3253.755</ele>
        <time>2019-10-30T05:05:10.000Z</time>
      </trkpt>
      <trkpt lat="30.488733" lon="79.208705">
        <ele>3253.815</ele>
        <time>2019-10-30T05:05:22.000Z</time>
      </trkpt>
      <trkpt lat="30.488782" lon="79.208698">
        <ele>3253.761</ele>
        <time>2019-10-30T05:05:29.000Z</time>
      </trkpt>
      <trkpt lat="30.488827" lon="79.208677">
        <ele>3253.246</ele>
        <time>2019-10-30T05:05:35.000Z</time>
      </trkpt>
      <trkpt lat="30.488877" lon="79.208677">
        <ele>3250.857</ele>
        <time>2019-10-30T05:05:42.000Z</time>
      </trkpt>
      <trkpt lat="30.488926" lon="79.208673">
        <ele>3249.253</ele>
        <time>2019-10-30T05:05:49.000Z</time>
      </trkpt>
      <trkpt lat="30.488954" lon="79.208629">
        <ele>3247.269</ele>
        <time>2019-10-30T05:05:59.000Z</time>
      </trkpt>
      <trkpt lat="30.48893" lon="79.208579">
        <ele>3244.989</ele>
        <time>2019-10-30T05:06:06.000Z</time>
      </trkpt>
      <trkpt lat="30.488909" lon="79.208532">
        <ele>3244.906</ele>
        <time>2019-10-30T05:06:15.000Z</time>
      </trkpt>
      <trkpt lat="30.488879" lon="79.208491">
        <ele>3244.626</ele>
        <time>2019-10-30T05:06:24.000Z</time>
      </trkpt>
      <trkpt lat="30.488835" lon="79.208468">
        <ele>3242.708</ele>
        <time>2019-10-30T05:06:32.000Z</time>
      </trkpt>
      <trkpt lat="30.488793" lon="79.208446">
        <ele>3242.162</ele>
        <time>2019-10-30T05:06:39.000Z</time>
      </trkpt>
      <trkpt lat="30.488748" lon="79.208427">
        <ele>3240.021</ele>
        <time>2019-10-30T05:06:48.000Z</time>
      </trkpt>
      <trkpt lat="30.488707" lon="79.208395">
        <ele>3238.941</ele>
        <time>2019-10-30T05:06:56.000Z</time>
      </trkpt>
      <trkpt lat="30.488665" lon="79.20837">
        <ele>3237.097</ele>
        <time>2019-10-30T05:07:07.000Z</time>
      </trkpt>
      <trkpt lat="30.488629" lon="79.208336">
        <ele>3235.952</ele>
        <time>2019-10-30T05:07:33.000Z</time>
      </trkpt>
      <trkpt lat="30.488594" lon="79.208297">
        <ele>3234.453</ele>
        <time>2019-10-30T05:07:45.000Z</time>
      </trkpt>
      <trkpt lat="30.488644" lon="79.208302">
        <ele>3232.239</ele>
        <time>2019-10-30T05:12:50.000Z</time>
      </trkpt>
      <trkpt lat="30.488691" lon="79.208284">
        <ele>3231.765</ele>
        <time>2019-10-30T05:12:57.000Z</time>
      </trkpt>
      <trkpt lat="30.488733" lon="79.208263">
        <ele>3231.356</ele>
        <time>2019-10-30T05:13:05.000Z</time>
      </trkpt>
      <trkpt lat="30.488781" lon="79.208244">
        <ele>3230.159</ele>
        <time>2019-10-30T05:13:13.000Z</time>
      </trkpt>
      <trkpt lat="30.488833" lon="79.208251">
        <ele>3229.514</ele>
        <time>2019-10-30T05:13:26.000Z</time>
      </trkpt>
      <trkpt lat="30.488879" lon="79.208272">
        <ele>3228.908</ele>
        <time>2019-10-30T05:13:32.000Z</time>
      </trkpt>
      <trkpt lat="30.488922" lon="79.208297">
        <ele>3228.469</ele>
        <time>2019-10-30T05:13:39.000Z</time>
      </trkpt>
      <trkpt lat="30.488968" lon="79.208287">
        <ele>3228.078</ele>
        <time>2019-10-30T05:13:46.000Z</time>
      </trkpt>
      <trkpt lat="30.489009" lon="79.208265">
        <ele>3227.978</ele>
        <time>2019-10-30T05:13:52.000Z</time>
      </trkpt>
      <trkpt lat="30.489057" lon="79.208253">
        <ele>3224.514</ele>
        <time>2019-10-30T05:13:59.000Z</time>
      </trkpt>
      <trkpt lat="30.489104" lon="79.208249">
        <ele>3223.259</ele>
        <time>2019-10-30T05:14:09.000Z</time>
      </trkpt>
      <trkpt lat="30.48915" lon="79.208272">
        <ele>3222.52</ele>
        <time>2019-10-30T05:14:18.000Z</time>
      </trkpt>
      <trkpt lat="30.489191" lon="79.208299">
        <ele>3222.316</ele>
        <time>2019-10-30T05:14:26.000Z</time>
      </trkpt>
      <trkpt lat="30.48924" lon="79.208309">
        <ele>3222.412</ele>
        <time>2019-10-30T05:14:35.000Z</time>
      </trkpt>
      <trkpt lat="30.489286" lon="79.208328">
        <ele>3222.192</ele>
        <time>2019-10-30T05:14:43.000Z</time>
      </trkpt>
      <trkpt lat="30.489332" lon="79.208337">
        <ele>3221.173</ele>
        <time>2019-10-30T05:14:50.000Z</time>
      </trkpt>
      <trkpt lat="30.489379" lon="79.20836">
        <ele>3220.22</ele>
        <time>2019-10-30T05:14:57.000Z</time>
      </trkpt>
      <trkpt lat="30.489418" lon="79.208387">
        <ele>3220.008</ele>
        <time>2019-10-30T05:15:04.000Z</time>
      </trkpt>
      <trkpt lat="30.489459" lon="79.208411">
        <ele>3216.313</ele>
        <time>2019-10-30T05:15:16.000Z</time>
      </trkpt>
      <trkpt lat="30.489507" lon="79.208408">
        <ele>3215.162</ele>
        <time>2019-10-30T05:15:24.000Z</time>
      </trkpt>
      <trkpt lat="30.489552" lon="79.208409">
        <ele>3215.122</ele>
        <time>2019-10-30T05:15:31.000Z</time>
      </trkpt>
      <trkpt lat="30.489598" lon="79.208417">
        <ele>3213.418</ele>
        <time>2019-10-30T05:15:42.000Z</time>
      </trkpt>
      <trkpt lat="30.489642" lon="79.208432">
        <ele>3213.073</ele>
        <time>2019-10-30T05:15:51.000Z</time>
      </trkpt>
      <trkpt lat="30.489687" lon="79.208451">
        <ele>3212.474</ele>
        <time>2019-10-30T05:16:04.000Z</time>
      </trkpt>
      <trkpt lat="30.489734" lon="79.208467">
        <ele>3212.33</ele>
        <time>2019-10-30T05:16:13.000Z</time>
      </trkpt>
      <trkpt lat="30.489751" lon="79.208519">
        <ele>3208.646</ele>
        <time>2019-10-30T05:16:25.000Z</time>
      </trkpt>
      <trkpt lat="30.489762" lon="79.208572">
        <ele>3207.391</ele>
        <time>2019-10-30T05:16:35.000Z</time>
      </trkpt>
      <trkpt lat="30.489794" lon="79.208525">
        <ele>3206.981</ele>
        <time>2019-10-30T05:16:47.000Z</time>
      </trkpt>
      <trkpt lat="30.489813" lon="79.208475">
        <ele>3204.819</ele>
        <time>2019-10-30T05:16:54.000Z</time>
      </trkpt>
      <trkpt lat="30.489812" lon="79.20842">
        <ele>3203.608</ele>
        <time>2019-10-30T05:17:02.000Z</time>
      </trkpt>
      <trkpt lat="30.489827" lon="79.208366">
        <ele>3200.893</ele>
        <time>2019-10-30T05:17:13.000Z</time>
      </trkpt>
      <trkpt lat="30.489831" lon="79.208311">
        <ele>3200.852</ele>
        <time>2019-10-30T05:17:21.000Z</time>
      </trkpt>
      <trkpt lat="30.489829" lon="79.208257">
        <ele>3200.522</ele>
        <time>2019-10-30T05:17:29.000Z</time>
      </trkpt>
      <trkpt lat="30.489817" lon="79.208204">
        <ele>3198.968</ele>
        <time>2019-10-30T05:17:45.000Z</time>
      </trkpt>
      <trkpt lat="30.489802" lon="79.208151">
        <ele>3196.523</ele>
        <time>2019-10-30T05:17:54.000Z</time>
      </trkpt>
      <trkpt lat="30.489778" lon="79.208104">
        <ele>3195.244</ele>
        <time>2019-10-30T05:18:03.000Z</time>
      </trkpt>
      <trkpt lat="30.489754" lon="79.208056">
        <ele>3193.61</ele>
        <time>2019-10-30T05:18:13.000Z</time>
      </trkpt>
      <trkpt lat="30.489726" lon="79.20801">
        <ele>3192.816</ele>
        <time>2019-10-30T05:18:21.000Z</time>
      </trkpt>
      <trkpt lat="30.489728" lon="79.207954">
        <ele>3192.354</ele>
        <time>2019-10-30T05:18:31.000Z</time>
      </trkpt>
      <trkpt lat="30.48971" lon="79.207905">
        <ele>3190.656</ele>
        <time>2019-10-30T05:18:41.000Z</time>
      </trkpt>
      <trkpt lat="30.489686" lon="79.207859">
        <ele>3188.011</ele>
        <time>2019-10-30T05:18:55.000Z</time>
      </trkpt>
      <trkpt lat="30.489661" lon="79.207814">
        <ele>3186.508</ele>
        <time>2019-10-30T05:19:04.000Z</time>
      </trkpt>
      <trkpt lat="30.489627" lon="79.207779">
        <ele>3185.999</ele>
        <time>2019-10-30T05:19:14.000Z</time>
      </trkpt>
      <trkpt lat="30.489585" lon="79.207754">
        <ele>3183.758</ele>
        <time>2019-10-30T05:19:48.000Z</time>
      </trkpt>
      <trkpt lat="30.489539" lon="79.207738">
        <ele>3181.118</ele>
        <time>2019-10-30T05:19:58.000Z</time>
      </trkpt>
      <trkpt lat="30.489497" lon="79.207718">
        <ele>3180.164</ele>
        <time>2019-10-30T05:20:07.000Z</time>
      </trkpt>
      <trkpt lat="30.48946" lon="79.207684">
        <ele>3178.779</ele>
        <time>2019-10-30T05:20:18.000Z</time>
      </trkpt>
      <trkpt lat="30.489426" lon="79.207647">
        <ele>3177.14</ele>
        <time>2019-10-30T05:20:48.000Z</time>
      </trkpt>
      <trkpt lat="30.489411" lon="79.207597">
        <ele>3176.396</ele>
        <time>2019-10-30T05:21:16.000Z</time>
      </trkpt>
      <trkpt lat="30.489388" lon="79.20755">
        <ele>3173.712</ele>
        <time>2019-10-30T05:21:33.000Z</time>
      </trkpt>
      <trkpt lat="30.489433" lon="79.207565">
        <ele>3173.581</ele>
        <time>2019-10-30T05:21:55.000Z</time>
      </trkpt>
      <trkpt lat="30.489483" lon="79.207569">
        <ele>3172.261</ele>
        <time>2019-10-30T05:22:06.000Z</time>
      </trkpt>
      <trkpt lat="30.489533" lon="79.207565">
        <ele>3171.317</ele>
        <time>2019-10-30T05:22:12.000Z</time>
      </trkpt>
      <trkpt lat="30.489576" lon="79.207548">
        <ele>3169.808</ele>
        <time>2019-10-30T05:22:22.000Z</time>
      </trkpt>
      <trkpt lat="30.489622" lon="79.207531">
        <ele>3168.712</ele>
        <time>2019-10-30T05:22:30.000Z</time>
      </trkpt>
      <trkpt lat="30.489664" lon="79.207512">
        <ele>3168.971</ele>
        <time>2019-10-30T05:22:37.000Z</time>
      </trkpt>
      <trkpt lat="30.489706" lon="79.20749">
        <ele>3168.971</ele>
        <time>2019-10-30T05:22:47.000Z</time>
      </trkpt>
      <trkpt lat="30.489753" lon="79.207487">
        <ele>3167.557</ele>
        <time>2019-10-30T05:22:55.000Z</time>
      </trkpt>
      <trkpt lat="30.489798" lon="79.207476">
        <ele>3167.422</ele>
        <time>2019-10-30T05:23:01.000Z</time>
      </trkpt>
      <trkpt lat="30.489845" lon="79.207462">
        <ele>3167.463</ele>
        <time>2019-10-30T05:23:10.000Z</time>
      </trkpt>
      <trkpt lat="30.489894" lon="79.207461">
        <ele>3165.929</ele>
        <time>2019-10-30T05:23:19.000Z</time>
      </trkpt>
      <trkpt lat="30.489944" lon="79.207454">
        <ele>3164.555</ele>
        <time>2019-10-30T05:23:27.000Z</time>
      </trkpt>
      <trkpt lat="30.489994" lon="79.207457">
        <ele>3163.384</ele>
        <time>2019-10-30T05:23:37.000Z</time>
      </trkpt>
      <trkpt lat="30.490044" lon="79.207456">
        <ele>3161.807</ele>
        <time>2019-10-30T05:23:45.000Z</time>
      </trkpt>
      <trkpt lat="30.49009" lon="79.207454">
        <ele>3160.717</ele>
        <time>2019-10-30T05:24:00.000Z</time>
      </trkpt>
      <trkpt lat="30.490137" lon="79.207452">
        <ele>3159.208</ele>
        <time>2019-10-30T05:24:08.000Z</time>
      </trkpt>
      <trkpt lat="30.490186" lon="79.207457">
        <ele>3159.882</ele>
        <time>2019-10-30T05:24:17.000Z</time>
      </trkpt>
      <trkpt lat="30.490232" lon="79.207475">
        <ele>3158.061</ele>
        <time>2019-10-30T05:24:26.000Z</time>
      </trkpt>
      <trkpt lat="30.490276" lon="79.207493">
        <ele>3158.291</ele>
        <time>2019-10-30T05:24:36.000Z</time>
      </trkpt>
      <trkpt lat="30.490322" lon="79.207499">
        <ele>3157.577</ele>
        <time>2019-10-30T05:24:45.000Z</time>
      </trkpt>
      <trkpt lat="30.490371" lon="79.207516">
        <ele>3157.722</ele>
        <time>2019-10-30T05:24:53.000Z</time>
      </trkpt>
      <trkpt lat="30.49042" lon="79.207526">
        <ele>3157.583</ele>
        <time>2019-10-30T05:25:01.000Z</time>
      </trkpt>
      <trkpt lat="30.490467" lon="79.207538">
        <ele>3156.669</ele>
        <time>2019-10-30T05:25:08.000Z</time>
      </trkpt>
      <trkpt lat="30.490504" lon="79.207577">
        <ele>3155.535</ele>
        <time>2019-10-30T05:25:18.000Z</time>
      </trkpt>
      <trkpt lat="30.490527" lon="79.207623">
        <ele>3154.546</ele>
        <time>2019-10-30T05:25:29.000Z</time>
      </trkpt>
      <trkpt lat="30.490547" lon="79.207673">
        <ele>3152.388</ele>
        <time>2019-10-30T05:25:47.000Z</time>
      </trkpt>
      <trkpt lat="30.49059" lon="79.207696">
        <ele>3149.816</ele>
        <time>2019-10-30T05:25:55.000Z</time>
      </trkpt>
      <trkpt lat="30.490633" lon="79.207679">
        <ele>3147.308</ele>
        <time>2019-10-30T05:26:03.000Z</time>
      </trkpt>
      <trkpt lat="30.490613" lon="79.207632">
        <ele>3146.158</ele>
        <time>2019-10-30T05:26:10.000Z</time>
      </trkpt>
      <trkpt lat="30.4906" lon="79.207578">
        <ele>3145.327</ele>
        <time>2019-10-30T05:26:19.000Z</time>
      </trkpt>
      <trkpt lat="30.490572" lon="79.207529">
        <ele>3142.587</ele>
        <time>2019-10-30T05:26:28.000Z</time>
      </trkpt>
      <trkpt lat="30.490615" lon="79.20751">
        <ele>3142.873</ele>
        <time>2019-10-30T05:26:40.000Z</time>
      </trkpt>
      <trkpt lat="30.490578" lon="79.207472">
        <ele>3139.288</ele>
        <time>2019-10-30T05:26:53.000Z</time>
      </trkpt>
      <trkpt lat="30.490538" lon="79.207441">
        <ele>3138.229</ele>
        <time>2019-10-30T05:27:02.000Z</time>
      </trkpt>
      <trkpt lat="30.490505" lon="79.207398">
        <ele>3137.735</ele>
        <time>2019-10-30T05:27:11.000Z</time>
      </trkpt>
      <trkpt lat="30.49048" lon="79.20735">
        <ele>3136.861</ele>
        <time>2019-10-30T05:27:18.000Z</time>
      </trkpt>
      <trkpt lat="30.490444" lon="79.20731">
        <ele>3136.087</ele>
        <time>2019-10-30T05:27:25.000Z</time>
      </trkpt>
      <trkpt lat="30.490422" lon="79.207262">
        <ele>3137.042</ele>
        <time>2019-10-30T05:27:32.000Z</time>
      </trkpt>
      <trkpt lat="30.490394" lon="79.20722">
        <ele>3135.426</ele>
        <time>2019-10-30T05:27:39.000Z</time>
      </trkpt>
      <trkpt lat="30.490372" lon="79.207169">
        <ele>3134.408</ele>
        <time>2019-10-30T05:27:48.000Z</time>
      </trkpt>
      <trkpt lat="30.490335" lon="79.207136">
        <ele>3132.262</ele>
        <time>2019-10-30T05:28:02.000Z</time>
      </trkpt>
      <trkpt lat="30.490297" lon="79.207106">
        <ele>3131.521</ele>
        <time>2019-10-30T05:28:11.000Z</time>
      </trkpt>
      <trkpt lat="30.490278" lon="79.207056">
        <ele>3130.571</ele>
        <time>2019-10-30T05:28:19.000Z</time>
      </trkpt>
      <trkpt lat="30.490259" lon="79.207008">
        <ele>3130.987</ele>
        <time>2019-10-30T05:28:26.000Z</time>
      </trkpt>
      <trkpt lat="30.49026" lon="79.206949">
        <ele>3129.422</ele>
        <time>2019-10-30T05:28:35.000Z</time>
      </trkpt>
      <trkpt lat="30.490264" lon="79.20689">
        <ele>3128.313</ele>
        <time>2019-10-30T05:28:42.000Z</time>
      </trkpt>
      <trkpt lat="30.490277" lon="79.206839">
        <ele>3128.139</ele>
        <time>2019-10-30T05:28:49.000Z</time>
      </trkpt>
      <trkpt lat="30.490292" lon="79.206784">
        <ele>3127.835</ele>
        <time>2019-10-30T05:28:59.000Z</time>
      </trkpt>
      <trkpt lat="30.490317" lon="79.206731">
        <ele>3123.755</ele>
        <time>2019-10-30T05:29:54.000Z</time>
      </trkpt>
      <trkpt lat="30.490314" lon="79.206676">
        <ele>3123.307</ele>
        <time>2019-10-30T05:29:58.000Z</time>
      </trkpt>
      <trkpt lat="30.490326" lon="79.206625">
        <ele>3122.917</ele>
        <time>2019-10-30T05:30:02.000Z</time>
      </trkpt>
      <trkpt lat="30.490345" lon="79.206575">
        <ele>3122.908</ele>
        <time>2019-10-30T05:30:06.000Z</time>
      </trkpt>
      <trkpt lat="30.490347" lon="79.206518">
        <ele>3122.269</ele>
        <time>2019-10-30T05:30:11.000Z</time>
      </trkpt>
      <trkpt lat="30.490335" lon="79.206461">
        <ele>3121.138</ele>
        <time>2019-10-30T05:30:15.000Z</time>
      </trkpt>
      <trkpt lat="30.490317" lon="79.206411">
        <ele>3121.068</ele>
        <time>2019-10-30T05:30:19.000Z</time>
      </trkpt>
      <trkpt lat="30.490311" lon="79.206359">
        <ele>3119.924</ele>
        <time>2019-10-30T05:30:24.000Z</time>
      </trkpt>
      <trkpt lat="30.490325" lon="79.206304">
        <ele>3119.699</ele>
        <time>2019-10-30T05:30:47.000Z</time>
      </trkpt>
      <trkpt lat="30.490336" lon="79.20625">
        <ele>3118.75</ele>
        <time>2019-10-30T05:31:00.000Z</time>
      </trkpt>
      <trkpt lat="30.490327" lon="79.206194">
        <ele>3115.986</ele>
        <time>2019-10-30T05:31:10.000Z</time>
      </trkpt>
      <trkpt lat="30.490321" lon="79.206138">
        <ele>3114.912</ele>
        <time>2019-10-30T05:31:17.000Z</time>
      </trkpt>
      <trkpt lat="30.490312" lon="79.206083">
        <ele>3114.292</ele>
        <time>2019-10-30T05:31:25.000Z</time>
      </trkpt>
      <trkpt lat="30.490296" lon="79.206028">
        <ele>3113.873</ele>
        <time>2019-10-30T05:31:33.000Z</time>
      </trkpt>
      <trkpt lat="30.490273" lon="79.205983">
        <ele>3112.42</ele>
        <time>2019-10-30T05:31:43.000Z</time>
      </trkpt>
      <trkpt lat="30.490288" lon="79.205932">
        <ele>3111.908</ele>
        <time>2019-10-30T05:31:54.000Z</time>
      </trkpt>
      <trkpt lat="30.490309" lon="79.205885">
        <ele>3110.153</ele>
        <time>2019-10-30T05:32:04.000Z</time>
      </trkpt>
      <trkpt lat="30.490292" lon="79.205835">
        <ele>3109.392</ele>
        <time>2019-10-30T05:32:17.000Z</time>
      </trkpt>
      <trkpt lat="30.490262" lon="79.205791">
        <ele>3108.542</ele>
        <time>2019-10-30T05:32:27.000Z</time>
      </trkpt>
      <trkpt lat="30.490237" lon="79.205743">
        <ele>3107.338</ele>
        <time>2019-10-30T05:32:36.000Z</time>
      </trkpt>
      <trkpt lat="30.490221" lon="79.205689">
        <ele>3106.693</ele>
        <time>2019-10-30T05:32:45.000Z</time>
      </trkpt>
      <trkpt lat="30.490197" lon="79.205641">
        <ele>3104.734</ele>
        <time>2019-10-30T05:32:56.000Z</time>
      </trkpt>
      <trkpt lat="30.490169" lon="79.205599">
        <ele>3103.75</ele>
        <time>2019-10-30T05:33:03.000Z</time>
      </trkpt>
      <trkpt lat="30.490203" lon="79.205556">
        <ele>3102.836</ele>
        <time>2019-10-30T05:33:17.000Z</time>
      </trkpt>
      <trkpt lat="30.490252" lon="79.205554">
        <ele>3101.278</ele>
        <time>2019-10-30T05:33:26.000Z</time>
      </trkpt>
      <trkpt lat="30.4903" lon="79.205551">
        <ele>3102.033</ele>
        <time>2019-10-30T05:33:36.000Z</time>
      </trkpt>
      <trkpt lat="30.49034" lon="79.205576">
        <ele>3100.826</ele>
        <time>2019-10-30T05:33:47.000Z</time>
      </trkpt>
      <trkpt lat="30.490387" lon="79.205581">
        <ele>3100.808</ele>
        <time>2019-10-30T05:33:57.000Z</time>
      </trkpt>
      <trkpt lat="30.490433" lon="79.205583">
        <ele>3099.861</ele>
        <time>2019-10-30T05:34:08.000Z</time>
      </trkpt>
      <trkpt lat="30.490479" lon="79.20559">
        <ele>3098.19</ele>
        <time>2019-10-30T05:34:17.000Z</time>
      </trkpt>
      <trkpt lat="30.49052" lon="79.205613">
        <ele>3097.41</ele>
        <time>2019-10-30T05:34:28.000Z</time>
      </trkpt>
      <trkpt lat="30.490557" lon="79.205643">
        <ele>3095.476</ele>
        <time>2019-10-30T05:34:37.000Z</time>
      </trkpt>
      <trkpt lat="30.490605" lon="79.205658">
        <ele>3094.671</ele>
        <time>2019-10-30T05:34:47.000Z</time>
      </trkpt>
      <trkpt lat="30.490648" lon="79.205678">
        <ele>3094.242</ele>
        <time>2019-10-30T05:34:56.000Z</time>
      </trkpt>
      <trkpt lat="30.490675" lon="79.205722">
        <ele>3091.418</ele>
        <time>2019-10-30T05:35:07.000Z</time>
      </trkpt>
      <trkpt lat="30.490707" lon="79.205763">
        <ele>3091.324</ele>
        <time>2019-10-30T05:35:17.000Z</time>
      </trkpt>
      <trkpt lat="30.490722" lon="79.205814">
        <ele>3090.648</ele>
        <time>2019-10-30T05:35:27.000Z</time>
      </trkpt>
      <trkpt lat="30.490746" lon="79.205861">
        <ele>3090.261</ele>
        <time>2019-10-30T05:35:37.000Z</time>
      </trkpt>
      <trkpt lat="30.490794" lon="79.205873">
        <ele>3089.617</ele>
        <time>2019-10-30T05:35:47.000Z</time>
      </trkpt>
      <trkpt lat="30.490843" lon="79.205887">
        <ele>3086.708</ele>
        <time>2019-10-30T05:35:57.000Z</time>
      </trkpt>
      <trkpt lat="30.490891" lon="79.205894">
        <ele>3086.278</ele>
        <time>2019-10-30T05:36:05.000Z</time>
      </trkpt>
      <trkpt lat="30.490937" lon="79.205902">
        <ele>3084.537</ele>
        <time>2019-10-30T05:36:13.000Z</time>
      </trkpt>
      <trkpt lat="30.490983" lon="79.205903">
        <ele>3084.187</ele>
        <time>2019-10-30T05:36:24.000Z</time>
      </trkpt>
      <trkpt lat="30.491029" lon="79.205891">
        <ele>3083.643</ele>
        <time>2019-10-30T05:36:33.000Z</time>
      </trkpt>
      <trkpt lat="30.491076" lon="79.205892">
        <ele>3081.458</ele>
        <time>2019-10-30T05:36:45.000Z</time>
      </trkpt>
      <trkpt lat="30.491117" lon="79.205916">
        <ele>3080.439</ele>
        <time>2019-10-30T05:36:57.000Z</time>
      </trkpt>
      <trkpt lat="30.491149" lon="79.205957">
        <ele>3078.985</ele>
        <time>2019-10-30T05:37:07.000Z</time>
      </trkpt>
      <trkpt lat="30.491167" lon="79.206007">
        <ele>3077.421</ele>
        <time>2019-10-30T05:37:20.000Z</time>
      </trkpt>
      <trkpt lat="30.491198" lon="79.206052">
        <ele>3074.564</ele>
        <time>2019-10-30T05:37:33.000Z</time>
      </trkpt>
      <trkpt lat="30.49122" lon="79.2061">
        <ele>3073.406</ele>
        <time>2019-10-30T05:37:51.000Z</time>
      </trkpt>
      <trkpt lat="30.491259" lon="79.206154">
        <ele>3072.816</ele>
        <time>2019-10-30T05:38:08.000Z</time>
      </trkpt>
      <trkpt lat="30.491274" lon="79.206103">
        <ele>3071.908</ele>
        <time>2019-10-30T05:39:05.000Z</time>
      </trkpt>
      <trkpt lat="30.491278" lon="79.20605">
        <ele>3072.48</ele>
        <time>2019-10-30T05:39:13.000Z</time>
      </trkpt>
      <trkpt lat="30.491279" lon="79.20599">
        <ele>3071.579</ele>
        <time>2019-10-30T05:39:21.000Z</time>
      </trkpt>
      <trkpt lat="30.491316" lon="79.205957">
        <ele>3070.439</ele>
        <time>2019-10-30T05:39:31.000Z</time>
      </trkpt>
      <trkpt lat="30.491356" lon="79.205985">
        <ele>3068.325</ele>
        <time>2019-10-30T05:39:42.000Z</time>
      </trkpt>
      <trkpt lat="30.491339" lon="79.205933">
        <ele>3065.98</ele>
        <time>2019-10-30T05:39:55.000Z</time>
      </trkpt>
      <trkpt lat="30.491336" lon="79.205879">
        <ele>3065.011</ele>
        <time>2019-10-30T05:40:03.000Z</time>
      </trkpt>
      <trkpt lat="30.491338" lon="79.205825">
        <ele>3065.327</ele>
        <time>2019-10-30T05:40:12.000Z</time>
      </trkpt>
      <trkpt lat="30.49133" lon="79.205769">
        <ele>3064.593</ele>
        <time>2019-10-30T05:40:20.000Z</time>
      </trkpt>
      <trkpt lat="30.491322" lon="79.205715">
        <ele>3064.315</ele>
        <time>2019-10-30T05:40:29.000Z</time>
      </trkpt>
      <trkpt lat="30.491316" lon="79.205662">
        <ele>3063.265</ele>
        <time>2019-10-30T05:40:40.000Z</time>
      </trkpt>
      <trkpt lat="30.491296" lon="79.205609">
        <ele>3061.611</ele>
        <time>2019-10-30T05:40:50.000Z</time>
      </trkpt>
      <trkpt lat="30.491271" lon="79.205562">
        <ele>3058.908</ele>
        <time>2019-10-30T05:41:03.000Z</time>
      </trkpt>
      <trkpt lat="30.491254" lon="79.205512">
        <ele>3057.275</ele>
        <time>2019-10-30T05:41:18.000Z</time>
      </trkpt>
      <trkpt lat="30.491218" lon="79.205463">
        <ele>3056.074</ele>
        <time>2019-10-30T05:42:01.000Z</time>
      </trkpt>
      <trkpt lat="30.491189" lon="79.205421">
        <ele>3053.414</ele>
        <time>2019-10-30T05:42:11.000Z</time>
      </trkpt>
      <trkpt lat="30.49116" lon="79.205379">
        <ele>3052.24</ele>
        <time>2019-10-30T05:42:22.000Z</time>
      </trkpt>
      <trkpt lat="30.49114" lon="79.205331">
        <ele>3050.915</ele>
        <time>2019-10-30T05:42:36.000Z</time>
      </trkpt>
      <trkpt lat="30.491122" lon="79.205283">
        <ele>3049.996</ele>
        <time>2019-10-30T05:42:47.000Z</time>
      </trkpt>
      <trkpt lat="30.491096" lon="79.205235">
        <ele>3048.682</ele>
        <time>2019-10-30T05:42:57.000Z</time>
      </trkpt>
      <trkpt lat="30.491083" lon="79.205182">
        <ele>3048.528</ele>
        <time>2019-10-30T05:43:06.000Z</time>
      </trkpt>
      <trkpt lat="30.491059" lon="79.205138">
        <ele>3048.087</ele>
        <time>2019-10-30T05:43:17.000Z</time>
      </trkpt>
      <trkpt lat="30.49103" lon="79.205095">
        <ele>3045.642</ele>
        <time>2019-10-30T05:43:27.000Z</time>
      </trkpt>
      <trkpt lat="30.491016" lon="79.205043">
        <ele>3044.326</ele>
        <time>2019-10-30T05:43:40.000Z</time>
      </trkpt>
      <trkpt lat="30.491019" lon="79.204989">
        <ele>3042.608</ele>
        <time>2019-10-30T05:43:53.000Z</time>
      </trkpt>
      <trkpt lat="30.491037" lon="79.204935">
        <ele>3040.952</ele>
        <time>2019-10-30T05:44:04.000Z</time>
      </trkpt>
      <trkpt lat="30.49107" lon="79.204973">
        <ele>3041.031</ele>
        <time>2019-10-30T05:44:25.000Z</time>
      </trkpt>
      <trkpt lat="30.491115" lon="79.204983">
        <ele>3041.231</ele>
        <time>2019-10-30T05:44:33.000Z</time>
      </trkpt>
      <trkpt lat="30.491148" lon="79.205021">
        <ele>3039.367</ele>
        <time>2019-10-30T05:44:42.000Z</time>
      </trkpt>
      <trkpt lat="30.491183" lon="79.20506">
        <ele>3038.982</ele>
        <time>2019-10-30T05:44:50.000Z</time>
      </trkpt>
      <trkpt lat="30.491223" lon="79.205086">
        <ele>3039.483</ele>
        <time>2019-10-30T05:44:58.000Z</time>
      </trkpt>
      <trkpt lat="30.491245" lon="79.205136">
        <ele>3038.789</ele>
        <time>2019-10-30T05:45:09.000Z</time>
      </trkpt>
      <trkpt lat="30.491273" lon="79.205178">
        <ele>3037.865</ele>
        <time>2019-10-30T05:45:19.000Z</time>
      </trkpt>
      <trkpt lat="30.491306" lon="79.205217">
        <ele>3036.642</ele>
        <time>2019-10-30T05:45:30.000Z</time>
      </trkpt>
      <trkpt lat="30.491351" lon="79.205241">
        <ele>3035.622</ele>
        <time>2019-10-30T05:45:39.000Z</time>
      </trkpt>
      <trkpt lat="30.491393" lon="79.20526">
        <ele>3032.814</ele>
        <time>2019-10-30T05:45:46.000Z</time>
      </trkpt>
      <trkpt lat="30.491436" lon="79.205286">
        <ele>3032.208</ele>
        <time>2019-10-30T05:45:54.000Z</time>
      </trkpt>
      <trkpt lat="30.491482" lon="79.205293">
        <ele>3032.818</ele>
        <time>2019-10-30T05:46:02.000Z</time>
      </trkpt>
      <trkpt lat="30.491531" lon="79.205296">
        <ele>3033.437</ele>
        <time>2019-10-30T05:46:09.000Z</time>
      </trkpt>
      <trkpt lat="30.491577" lon="79.205301">
        <ele>3034.267</ele>
        <time>2019-10-30T05:46:17.000Z</time>
      </trkpt>
      <trkpt lat="30.49161" lon="79.205349">
        <ele>3033.883</ele>
        <time>2019-10-30T05:46:25.000Z</time>
      </trkpt>
      <trkpt lat="30.491643" lon="79.205388">
        <ele>3034.388</ele>
        <time>2019-10-30T05:46:34.000Z</time>
      </trkpt>
      <trkpt lat="30.491687" lon="79.205375">
        <ele>3032.189</ele>
        <time>2019-10-30T05:46:51.000Z</time>
      </trkpt>
      <trkpt lat="30.491685" lon="79.20532">
        <ele>3029.625</ele>
        <time>2019-10-30T05:47:13.000Z</time>
      </trkpt>
      <trkpt lat="30.491669" lon="79.205268">
        <ele>3029.331</ele>
        <time>2019-10-30T05:47:21.000Z</time>
      </trkpt>
      <trkpt lat="30.491664" lon="79.205215">
        <ele>3027.529</ele>
        <time>2019-10-30T05:47:29.000Z</time>
      </trkpt>
      <trkpt lat="30.491651" lon="79.205163">
        <ele>3027.1</ele>
        <time>2019-10-30T05:47:37.000Z</time>
      </trkpt>
      <trkpt lat="30.491633" lon="79.205114">
        <ele>3025.52</ele>
        <time>2019-10-30T05:47:45.000Z</time>
      </trkpt>
      <trkpt lat="30.491616" lon="79.20506">
        <ele>3024.808</ele>
        <time>2019-10-30T05:47:53.000Z</time>
      </trkpt>
      <trkpt lat="30.491615" lon="79.205006">
        <ele>3025.036</ele>
        <time>2019-10-30T05:48:00.000Z</time>
      </trkpt>
      <trkpt lat="30.491597" lon="79.204956">
        <ele>3023.365</ele>
        <time>2019-10-30T05:48:09.000Z</time>
      </trkpt>
      <trkpt lat="30.491572" lon="79.204909">
        <ele>3023.195</ele>
        <time>2019-10-30T05:48:22.000Z</time>
      </trkpt>
      <trkpt lat="30.491552" lon="79.204858">
        <ele>3022.881</ele>
        <time>2019-10-30T05:48:31.000Z</time>
      </trkpt>
      <trkpt lat="30.491546" lon="79.204806">
        <ele>3020.776</ele>
        <time>2019-10-30T05:48:43.000Z</time>
      </trkpt>
      <trkpt lat="30.491518" lon="79.20476">
        <ele>3019.527</ele>
        <time>2019-10-30T05:48:53.000Z</time>
      </trkpt>
      <trkpt lat="30.491483" lon="79.204721">
        <ele>3016.923</ele>
        <time>2019-10-30T05:49:14.000Z</time>
      </trkpt>
      <trkpt lat="30.49147" lon="79.204671">
        <ele>3016.969</ele>
        <time>2019-10-30T05:49:23.000Z</time>
      </trkpt>
      <trkpt lat="30.491433" lon="79.204633">
        <ele>3015.852</ele>
        <time>2019-10-30T06:01:50.000Z</time>
      </trkpt>
      <trkpt lat="30.491404" lon="79.204593">
        <ele>3013.953</ele>
        <time>2019-10-30T06:01:58.000Z</time>
      </trkpt>
      <trkpt lat="30.491375" lon="79.204544">
        <ele>3013.208</ele>
        <time>2019-10-30T06:02:05.000Z</time>
      </trkpt>
      <trkpt lat="30.49135" lon="79.204496">
        <ele>3011.408</ele>
        <time>2019-10-30T06:02:40.000Z</time>
      </trkpt>
      <trkpt lat="30.491323" lon="79.204452">
        <ele>3010.429</ele>
        <time>2019-10-30T06:02:54.000Z</time>
      </trkpt>
      <trkpt lat="30.491289" lon="79.204413">
        <ele>3009.758</ele>
        <time>2019-10-30T06:03:02.000Z</time>
      </trkpt>
      <trkpt lat="30.491273" lon="79.204359">
        <ele>3009.128</ele>
        <time>2019-10-30T06:03:14.000Z</time>
      </trkpt>
      <trkpt lat="30.491241" lon="79.204319">
        <ele>3008.364</ele>
        <time>2019-10-30T06:03:28.000Z</time>
      </trkpt>
      <trkpt lat="30.491244" lon="79.204261">
        <ele>3007.779</ele>
        <time>2019-10-30T06:03:37.000Z</time>
      </trkpt>
      <trkpt lat="30.491231" lon="79.20421">
        <ele>3007.46</ele>
        <time>2019-10-30T06:03:47.000Z</time>
      </trkpt>
      <trkpt lat="30.491228" lon="79.204152">
        <ele>3006.986</ele>
        <time>2019-10-30T06:03:58.000Z</time>
      </trkpt>
      <trkpt lat="30.491206" lon="79.204102">
        <ele>3005.222</ele>
        <time>2019-10-30T06:04:06.000Z</time>
      </trkpt>
      <trkpt lat="30.491194" lon="79.204052">
        <ele>3004.055</ele>
        <time>2019-10-30T06:04:16.000Z</time>
      </trkpt>
      <trkpt lat="30.491171" lon="79.204001">
        <ele>3003.407</ele>
        <time>2019-10-30T06:04:26.000Z</time>
      </trkpt>
      <trkpt lat="30.491171" lon="79.203947">
        <ele>3003.617</ele>
        <time>2019-10-30T06:04:47.000Z</time>
      </trkpt>
      <trkpt lat="30.491159" lon="79.203897">
        <ele>3003.608</ele>
        <time>2019-10-30T06:04:55.000Z</time>
      </trkpt>
      <trkpt lat="30.491128" lon="79.203856">
        <ele>3003.089</ele>
        <time>2019-10-30T06:05:06.000Z</time>
      </trkpt>
      <trkpt lat="30.491104" lon="79.203806">
        <ele>3002.228</ele>
        <time>2019-10-30T06:05:17.000Z</time>
      </trkpt>
      <trkpt lat="30.491057" lon="79.203778">
        <ele>3001.558</ele>
        <time>2019-10-30T06:05:25.000Z</time>
      </trkpt>
      <trkpt lat="30.491012" lon="79.203758">
        <ele>3001.754</ele>
        <time>2019-10-30T06:05:32.000Z</time>
      </trkpt>
      <trkpt lat="30.490987" lon="79.203713">
        <ele>3001.529</ele>
        <time>2019-10-30T06:06:05.000Z</time>
      </trkpt>
      <trkpt lat="30.490957" lon="79.203672">
        <ele>2999.93</ele>
        <time>2019-10-30T06:06:14.000Z</time>
      </trkpt>
      <trkpt lat="30.490911" lon="79.20367">
        <ele>2996.866</ele>
        <time>2019-10-30T06:06:27.000Z</time>
      </trkpt>
      <trkpt lat="30.490863" lon="79.203688">
        <ele>2995.672</ele>
        <time>2019-10-30T06:06:36.000Z</time>
      </trkpt>
      <trkpt lat="30.49082" lon="79.203716">
        <ele>2997.024</ele>
        <time>2019-10-30T06:06:48.000Z</time>
      </trkpt>
      <trkpt lat="30.490777" lon="79.203739">
        <ele>2997.604</ele>
        <time>2019-10-30T06:06:59.000Z</time>
      </trkpt>
      <trkpt lat="30.490728" lon="79.203741">
        <ele>2998.614</ele>
        <time>2019-10-30T06:07:06.000Z</time>
      </trkpt>
      <trkpt lat="30.49071" lon="79.203793">
        <ele>2997.808</ele>
        <time>2019-10-30T06:07:16.000Z</time>
      </trkpt>
      <trkpt lat="30.490684" lon="79.203841">
        <ele>2994.936</ele>
        <time>2019-10-30T06:07:30.000Z</time>
      </trkpt>
      <trkpt lat="30.490638" lon="79.203865">
        <ele>2993.655</ele>
        <time>2019-10-30T06:07:38.000Z</time>
      </trkpt>
      <trkpt lat="30.490588" lon="79.203863">
        <ele>2995.285</ele>
        <time>2019-10-30T06:07:44.000Z</time>
      </trkpt>
      <trkpt lat="30.490545" lon="79.203846">
        <ele>2994.641</ele>
        <time>2019-10-30T06:07:50.000Z</time>
      </trkpt>
      <trkpt lat="30.490497" lon="79.203837">
        <ele>2995.866</ele>
        <time>2019-10-30T06:08:01.000Z</time>
      </trkpt>
      <trkpt lat="30.490453" lon="79.203817">
        <ele>2995.767</ele>
        <time>2019-10-30T06:08:29.000Z</time>
      </trkpt>
      <trkpt lat="30.490413" lon="79.20379">
        <ele>2994.773</ele>
        <time>2019-10-30T06:08:37.000Z</time>
      </trkpt>
      <trkpt lat="30.490363" lon="79.203781">
        <ele>2993.489</ele>
        <time>2019-10-30T06:08:44.000Z</time>
      </trkpt>
      <trkpt lat="30.490327" lon="79.203816">
        <ele>2992.315</ele>
        <time>2019-10-30T06:08:52.000Z</time>
      </trkpt>
      <trkpt lat="30.490272" lon="79.203814">
        <ele>2991.565</ele>
        <time>2019-10-30T06:09:00.000Z</time>
      </trkpt>
      <trkpt lat="30.490224" lon="79.203818">
        <ele>2991.911</ele>
        <time>2019-10-30T06:09:07.000Z</time>
      </trkpt>
      <trkpt lat="30.490178" lon="79.203825">
        <ele>2992.308</ele>
        <time>2019-10-30T06:09:14.000Z</time>
      </trkpt>
      <trkpt lat="30.490133" lon="79.203807">
        <ele>2989.935</ele>
        <time>2019-10-30T06:09:30.000Z</time>
      </trkpt>
      <trkpt lat="30.490088" lon="79.203788">
        <ele>2989.124</ele>
        <time>2019-10-30T06:09:37.000Z</time>
      </trkpt>
      <trkpt lat="30.49005" lon="79.203754">
        <ele>2987.924</ele>
        <time>2019-10-30T06:09:46.000Z</time>
      </trkpt>
      <trkpt lat="30.490014" lon="79.203716">
        <ele>2988.09</ele>
        <time>2019-10-30T06:09:54.000Z</time>
      </trkpt>
      <trkpt lat="30.489973" lon="79.203691">
        <ele>2987.745</ele>
        <time>2019-10-30T06:10:01.000Z</time>
      </trkpt>
      <trkpt lat="30.489924" lon="79.203671">
        <ele>2987.116</ele>
        <time>2019-10-30T06:10:09.000Z</time>
      </trkpt>
      <trkpt lat="30.489879" lon="79.203658">
        <ele>2986.042</ele>
        <time>2019-10-30T06:10:16.000Z</time>
      </trkpt>
      <trkpt lat="30.489831" lon="79.203638">
        <ele>2985.468</ele>
        <time>2019-10-30T06:10:25.000Z</time>
      </trkpt>
      <trkpt lat="30.48979" lon="79.203611">
        <ele>2984.159</ele>
        <time>2019-10-30T06:10:34.000Z</time>
      </trkpt>
      <trkpt lat="30.489739" lon="79.203616">
        <ele>2982.603</ele>
        <time>2019-10-30T06:10:43.000Z</time>
      </trkpt>
      <trkpt lat="30.489688" lon="79.203587">
        <ele>2981.823</ele>
        <time>2019-10-30T06:10:49.000Z</time>
      </trkpt>
      <trkpt lat="30.48964" lon="79.203586">
        <ele>2981.308</ele>
        <time>2019-10-30T06:10:57.000Z</time>
      </trkpt>
      <trkpt lat="30.489596" lon="79.203564">
        <ele>2980.069</ele>
        <time>2019-10-30T06:11:06.000Z</time>
      </trkpt>
      <trkpt lat="30.489549" lon="79.203557">
        <ele>2980.168</ele>
        <time>2019-10-30T06:11:13.000Z</time>
      </trkpt>
      <trkpt lat="30.489503" lon="79.203562">
        <ele>2980.538</ele>
        <time>2019-10-30T06:11:21.000Z</time>
      </trkpt>
      <trkpt lat="30.489457" lon="79.203579">
        <ele>2979.194</ele>
        <time>2019-10-30T06:11:28.000Z</time>
      </trkpt>
      <trkpt lat="30.489407" lon="79.203578">
        <ele>2977.359</ele>
        <time>2019-10-30T06:11:38.000Z</time>
      </trkpt>
      <trkpt lat="30.48936" lon="79.203576">
        <ele>2977.07</ele>
        <time>2019-10-30T06:11:44.000Z</time>
      </trkpt>
      <trkpt lat="30.489311" lon="79.203588">
        <ele>2976.596</ele>
        <time>2019-10-30T06:11:52.000Z</time>
      </trkpt>
      <trkpt lat="30.489266" lon="79.203608">
        <ele>2976.462</ele>
        <time>2019-10-30T06:12:07.000Z</time>
      </trkpt>
      <trkpt lat="30.489221" lon="79.203589">
        <ele>2976.093</ele>
        <time>2019-10-30T06:12:17.000Z</time>
      </trkpt>
      <trkpt lat="30.489176" lon="79.203567">
        <ele>2975.265</ele>
        <time>2019-10-30T06:12:27.000Z</time>
      </trkpt>
      <trkpt lat="30.489135" lon="79.203531">
        <ele>2976.321</ele>
        <time>2019-10-30T06:12:35.000Z</time>
      </trkpt>
      <trkpt lat="30.48909" lon="79.203507">
        <ele>2975.908</ele>
        <time>2019-10-30T06:12:42.000Z</time>
      </trkpt>
      <trkpt lat="30.489051" lon="79.203476">
        <ele>2974.653</ele>
        <time>2019-10-30T06:12:51.000Z</time>
      </trkpt>
      <trkpt lat="30.48904" lon="79.203423">
        <ele>2972.662</ele>
        <time>2019-10-30T06:13:03.000Z</time>
      </trkpt>
      <trkpt lat="30.489025" lon="79.203373">
        <ele>2972.452</ele>
        <time>2019-10-30T06:13:11.000Z</time>
      </trkpt>
      <trkpt lat="30.488999" lon="79.203325">
        <ele>2972.858</ele>
        <time>2019-10-30T06:13:19.000Z</time>
      </trkpt>
      <trkpt lat="30.488971" lon="79.203284">
        <ele>2970.663</ele>
        <time>2019-10-30T06:13:26.000Z</time>
      </trkpt>
      <trkpt lat="30.488941" lon="79.203239">
        <ele>2969.734</ele>
        <time>2019-10-30T06:13:34.000Z</time>
      </trkpt>
      <trkpt lat="30.488903" lon="79.203206">
        <ele>2969.13</ele>
        <time>2019-10-30T06:13:41.000Z</time>
      </trkpt>
      <trkpt lat="30.488871" lon="79.20316">
        <ele>2967.816</ele>
        <time>2019-10-30T06:13:57.000Z</time>
      </trkpt>
      <trkpt lat="30.488829" lon="79.203132">
        <ele>2968.595</ele>
        <time>2019-10-30T06:14:05.000Z</time>
      </trkpt>
      <trkpt lat="30.488796" lon="79.203096">
        <ele>2969.249</ele>
        <time>2019-10-30T06:14:17.000Z</time>
      </trkpt>
      <trkpt lat="30.488754" lon="79.203063">
        <ele>2967.523</ele>
        <time>2019-10-30T06:14:29.000Z</time>
      </trkpt>
      <trkpt lat="30.488729" lon="79.203018">
        <ele>2966.308</ele>
        <time>2019-10-30T06:14:41.000Z</time>
      </trkpt>
      <trkpt lat="30.488663" lon="79.203004">
        <ele>2965.653</ele>
        <time>2019-10-30T06:15:45.000Z</time>
      </trkpt>
      <trkpt lat="30.488657" lon="79.202949">
        <ele>2961.472</ele>
        <time>2019-10-30T06:16:35.000Z</time>
      </trkpt>
      <trkpt lat="30.488619" lon="79.202913">
        <ele>2958.812</ele>
        <time>2019-10-30T06:16:45.000Z</time>
      </trkpt>
      <trkpt lat="30.4886" lon="79.20286">
        <ele>2957.578</ele>
        <time>2019-10-30T06:16:55.000Z</time>
      </trkpt>
      <trkpt lat="30.488573" lon="79.20281">
        <ele>2958.333</ele>
        <time>2019-10-30T06:17:03.000Z</time>
      </trkpt>
      <trkpt lat="30.488548" lon="79.202758">
        <ele>2958.894</ele>
        <time>2019-10-30T06:17:15.000Z</time>
      </trkpt>
      <trkpt lat="30.48851" lon="79.202729">
        <ele>2959.57</ele>
        <time>2019-10-30T06:17:27.000Z</time>
      </trkpt>
      <trkpt lat="30.488466" lon="79.202711">
        <ele>2956.926</ele>
        <time>2019-10-30T06:17:38.000Z</time>
      </trkpt>
      <trkpt lat="30.488427" lon="79.20268">
        <ele>2957.814</ele>
        <time>2019-10-30T06:17:53.000Z</time>
      </trkpt>
      <trkpt lat="30.488383" lon="79.20266">
        <ele>2956.054</ele>
        <time>2019-10-30T06:18:02.000Z</time>
      </trkpt>
      <trkpt lat="30.488339" lon="79.202643">
        <ele>2954.809</ele>
        <time>2019-10-30T06:18:11.000Z</time>
      </trkpt>
      <trkpt lat="30.488295" lon="79.202627">
        <ele>2952.708</ele>
        <time>2019-10-30T06:18:19.000Z</time>
      </trkpt>
      <trkpt lat="30.488254" lon="79.202596">
        <ele>2952.075</ele>
        <time>2019-10-30T06:18:25.000Z</time>
      </trkpt>
      <trkpt lat="30.488211" lon="79.202567">
        <ele>2950.744</ele>
        <time>2019-10-30T06:18:32.000Z</time>
      </trkpt>
      <trkpt lat="30.488165" lon="79.202535">
        <ele>2949.254</ele>
        <time>2019-10-30T06:18:44.000Z</time>
      </trkpt>
      <trkpt lat="30.48813" lon="79.2025">
        <ele>2948.55</ele>
        <time>2019-10-30T06:18:51.000Z</time>
      </trkpt>
      <trkpt lat="30.488087" lon="79.202472">
        <ele>2946.385</ele>
        <time>2019-10-30T06:19:01.000Z</time>
      </trkpt>
      <trkpt lat="30.488048" lon="79.202444">
        <ele>2945.936</ele>
        <time>2019-10-30T06:19:10.000Z</time>
      </trkpt>
      <trkpt lat="30.488014" lon="79.202408">
        <ele>2945.032</ele>
        <time>2019-10-30T06:19:19.000Z</time>
      </trkpt>
      <trkpt lat="30.487963" lon="79.202389">
        <ele>2943.598</ele>
        <time>2019-10-30T06:19:33.000Z</time>
      </trkpt>
      <trkpt lat="30.487922" lon="79.202364">
        <ele>2942.579</ele>
        <time>2019-10-30T06:19:41.000Z</time>
      </trkpt>
      <trkpt lat="30.487892" lon="79.202319">
        <ele>2942.505</ele>
        <time>2019-10-30T06:19:49.000Z</time>
      </trkpt>
      <trkpt lat="30.487851" lon="79.202289">
        <ele>2940.325</ele>
        <time>2019-10-30T06:19:59.000Z</time>
      </trkpt>
      <trkpt lat="30.487822" lon="79.202249">
        <ele>2939.508</ele>
        <time>2019-10-30T06:20:11.000Z</time>
      </trkpt>
      <trkpt lat="30.487793" lon="79.202204">
        <ele>2938.721</ele>
        <time>2019-10-30T06:20:23.000Z</time>
      </trkpt>
      <trkpt lat="30.487753" lon="79.20218">
        <ele>2936.22</ele>
        <time>2019-10-30T06:20:32.000Z</time>
      </trkpt>
      <trkpt lat="30.487711" lon="79.202153">
        <ele>2936.58</ele>
        <time>2019-10-30T06:20:47.000Z</time>
      </trkpt>
      <trkpt lat="30.487697" lon="79.202097">
        <ele>2937.986</ele>
        <time>2019-10-30T06:21:19.000Z</time>
      </trkpt>
      <trkpt lat="30.487667" lon="79.202051">
        <ele>2937.951</ele>
        <time>2019-10-30T06:21:28.000Z</time>
      </trkpt>
      <trkpt lat="30.487627" lon="79.202026">
        <ele>2938.142</ele>
        <time>2019-10-30T06:21:34.000Z</time>
      </trkpt>
      <trkpt lat="30.487585" lon="79.201999">
        <ele>2938.538</ele>
        <time>2019-10-30T06:21:44.000Z</time>
      </trkpt>
      <trkpt lat="30.487547" lon="79.201958">
        <ele>2935.054</ele>
        <time>2019-10-30T06:21:56.000Z</time>
      </trkpt>
      <trkpt lat="30.487563" lon="79.201905">
        <ele>2931.848</ele>
        <time>2019-10-30T06:22:11.000Z</time>
      </trkpt>
      <trkpt lat="30.487537" lon="79.201857">
        <ele>2931.961</ele>
        <time>2019-10-30T06:22:20.000Z</time>
      </trkpt>
      <trkpt lat="30.487487" lon="79.201837">
        <ele>2930.317</ele>
        <time>2019-10-30T06:22:29.000Z</time>
      </trkpt>
      <trkpt lat="30.487441" lon="79.201836">
        <ele>2926.708</ele>
        <time>2019-10-30T06:22:35.000Z</time>
      </trkpt>
      <trkpt lat="30.487395" lon="79.201832">
        <ele>2927.118</ele>
        <time>2019-10-30T06:22:42.000Z</time>
      </trkpt>
      <trkpt lat="30.487349" lon="79.20185">
        <ele>2926.447</ele>
        <time>2019-10-30T06:22:51.000Z</time>
      </trkpt>
      <trkpt lat="30.487305" lon="79.201829">
        <ele>2925.047</ele>
        <time>2019-10-30T06:22:59.000Z</time>
      </trkpt>
      <trkpt lat="30.48726" lon="79.201848">
        <ele>2925.553</ele>
        <time>2019-10-30T06:23:09.000Z</time>
      </trkpt>
      <trkpt lat="30.487214" lon="79.201858">
        <ele>2924.278</ele>
        <time>2019-10-30T06:23:16.000Z</time>
      </trkpt>
      <trkpt lat="30.487176" lon="79.201888">
        <ele>2923.429</ele>
        <time>2019-10-30T06:23:27.000Z</time>
      </trkpt>
      <trkpt lat="30.487131" lon="79.201896">
        <ele>2923.195</ele>
        <time>2019-10-30T06:23:36.000Z</time>
      </trkpt>
      <trkpt lat="30.487084" lon="79.201903">
        <ele>2922.771</ele>
        <time>2019-10-30T06:23:44.000Z</time>
      </trkpt>
      <trkpt lat="30.487041" lon="79.201881">
        <ele>2922.678</ele>
        <time>2019-10-30T06:23:52.000Z</time>
      </trkpt>
      <trkpt lat="30.486999" lon="79.201862">
        <ele>2922.133</ele>
        <time>2019-10-30T06:23:59.000Z</time>
      </trkpt>
      <trkpt lat="30.486951" lon="79.201859">
        <ele>2921.926</ele>
        <time>2019-10-30T06:24:11.000Z</time>
      </trkpt>
      <trkpt lat="30.48693" lon="79.201809">
        <ele>2917.408</ele>
        <time>2019-10-30T06:24:30.000Z</time>
      </trkpt>
      <trkpt lat="30.486895" lon="79.201771">
        <ele>2914.541</ele>
        <time>2019-10-30T06:24:44.000Z</time>
      </trkpt>
      <trkpt lat="30.486858" lon="79.201738">
        <ele>2913.42</ele>
        <time>2019-10-30T06:24:54.000Z</time>
      </trkpt>
      <trkpt lat="30.486825" lon="79.201702">
        <ele>2912.62</ele>
        <time>2019-10-30T06:25:02.000Z</time>
      </trkpt>
      <trkpt lat="30.486793" lon="79.201663">
        <ele>2912.036</ele>
        <time>2019-10-30T06:25:10.000Z</time>
      </trkpt>
      <trkpt lat="30.486751" lon="79.201642">
        <ele>2910.741</ele>
        <time>2019-10-30T06:25:16.000Z</time>
      </trkpt>
      <trkpt lat="30.486708" lon="79.201624">
        <ele>2909.492</ele>
        <time>2019-10-30T06:25:25.000Z</time>
      </trkpt>
      <trkpt lat="30.486663" lon="79.201604">
        <ele>2908.028</ele>
        <time>2019-10-30T06:25:35.000Z</time>
      </trkpt>
      <trkpt lat="30.486619" lon="79.201576">
        <ele>2908.324</ele>
        <time>2019-10-30T06:25:50.000Z</time>
      </trkpt>
      <trkpt lat="30.48658" lon="79.201546">
        <ele>2908.021</ele>
        <time>2019-10-30T06:26:00.000Z</time>
      </trkpt>
      <trkpt lat="30.486541" lon="79.201517">
        <ele>2907.241</ele>
        <time>2019-10-30T06:26:11.000Z</time>
      </trkpt>
      <trkpt lat="30.486501" lon="79.201492">
        <ele>2904.905</ele>
        <time>2019-10-30T06:26:22.000Z</time>
      </trkpt>
      <trkpt lat="30.486458" lon="79.201464">
        <ele>2904.308</ele>
        <time>2019-10-30T06:26:32.000Z</time>
      </trkpt>
      <trkpt lat="30.48641" lon="79.201452">
        <ele>2903.386</ele>
        <time>2019-10-30T06:26:38.000Z</time>
      </trkpt>
      <trkpt lat="30.486371" lon="79.201418">
        <ele>2903.445</ele>
        <time>2019-10-30T06:26:45.000Z</time>
      </trkpt>
      <trkpt lat="30.486324" lon="79.20141">
        <ele>2902.985</ele>
        <time>2019-10-30T06:26:53.000Z</time>
      </trkpt>
      <trkpt lat="30.486288" lon="79.201378">
        <ele>2901.471</ele>
        <time>2019-10-30T06:27:01.000Z</time>
      </trkpt>
      <trkpt lat="30.486247" lon="79.201354">
        <ele>2900.896</ele>
        <time>2019-10-30T06:27:10.000Z</time>
      </trkpt>
      <trkpt lat="30.486204" lon="79.201336">
        <ele>2898.827</ele>
        <time>2019-10-30T06:27:20.000Z</time>
      </trkpt>
      <trkpt lat="30.486158" lon="79.201332">
        <ele>2896.913</ele>
        <time>2019-10-30T06:27:33.000Z</time>
      </trkpt>
      <trkpt lat="30.486117" lon="79.201301">
        <ele>2895.399</ele>
        <time>2019-10-30T06:27:56.000Z</time>
      </trkpt>
      <trkpt lat="30.486071" lon="79.201289">
        <ele>2896.813</ele>
        <time>2019-10-30T06:28:03.000Z</time>
      </trkpt>
      <trkpt lat="30.486046" lon="79.201244">
        <ele>2896.643</ele>
        <time>2019-10-30T06:28:09.000Z</time>
      </trkpt>
      <trkpt lat="30.486014" lon="79.201205">
        <ele>2894.207</ele>
        <time>2019-10-30T06:28:15.000Z</time>
      </trkpt>
      <trkpt lat="30.485975" lon="79.201166">
        <ele>2893.008</ele>
        <time>2019-10-30T06:28:24.000Z</time>
      </trkpt>
      <trkpt lat="30.485928" lon="79.201149">
        <ele>2892.275</ele>
        <time>2019-10-30T06:28:30.000Z</time>
      </trkpt>
      <trkpt lat="30.485883" lon="79.201138">
        <ele>2891.834</ele>
        <time>2019-10-30T06:28:37.000Z</time>
      </trkpt>
      <trkpt lat="30.485842" lon="79.201103">
        <ele>2891.744</ele>
        <time>2019-10-30T06:28:44.000Z</time>
      </trkpt>
      <trkpt lat="30.485803" lon="79.201069">
        <ele>2890.85</ele>
        <time>2019-10-30T06:28:51.000Z</time>
      </trkpt>
      <trkpt lat="30.48577" lon="79.20103">
        <ele>2890.065</ele>
        <time>2019-10-30T06:28:58.000Z</time>
      </trkpt>
      <trkpt lat="30.485741" lon="79.200982">
        <ele>2891.696</ele>
        <time>2019-10-30T06:29:19.000Z</time>
      </trkpt>
      <trkpt lat="30.485711" lon="79.200941">
        <ele>2890.342</ele>
        <time>2019-10-30T06:29:27.000Z</time>
      </trkpt>
      <trkpt lat="30.48571" lon="79.200886">
        <ele>2889.088</ele>
        <time>2019-10-30T06:29:36.000Z</time>
      </trkpt>
      <trkpt lat="30.485707" lon="79.200833">
        <ele>2887.658</ele>
        <time>2019-10-30T06:29:46.000Z</time>
      </trkpt>
      <trkpt lat="30.485692" lon="79.200782">
        <ele>2886.752</ele>
        <time>2019-10-30T06:29:53.000Z</time>
      </trkpt>
      <trkpt lat="30.485667" lon="79.200738">
        <ele>2885.717</ele>
        <time>2019-10-30T06:30:00.000Z</time>
      </trkpt>
      <trkpt lat="30.48562" lon="79.20071">
        <ele>2883.908</ele>
        <time>2019-10-30T06:30:06.000Z</time>
      </trkpt>
      <trkpt lat="30.485571" lon="79.200699">
        <ele>2882.729</ele>
        <time>2019-10-30T06:30:12.000Z</time>
      </trkpt>
      <trkpt lat="30.485526" lon="79.200715">
        <ele>2882.678</ele>
        <time>2019-10-30T06:30:19.000Z</time>
      </trkpt>
      <trkpt lat="30.485477" lon="79.200724">
        <ele>2882.148</ele>
        <time>2019-10-30T06:30:29.000Z</time>
      </trkpt>
      <trkpt lat="30.48543" lon="79.200716">
        <ele>2881.354</ele>
        <time>2019-10-30T06:30:36.000Z</time>
      </trkpt>
      <trkpt lat="30.48539" lon="79.200686">
        <ele>2880.639</ele>
        <time>2019-10-30T06:30:47.000Z</time>
      </trkpt>
      <trkpt lat="30.48535" lon="79.200658">
        <ele>2878.93</ele>
        <time>2019-10-30T06:30:55.000Z</time>
      </trkpt>
      <trkpt lat="30.485311" lon="79.20063">
        <ele>2878.266</ele>
        <time>2019-10-30T06:31:03.000Z</time>
      </trkpt>
      <trkpt lat="30.48527" lon="79.200599">
        <ele>2877.632</ele>
        <time>2019-10-30T06:31:09.000Z</time>
      </trkpt>
      <trkpt lat="30.485228" lon="79.200577">
        <ele>2877.817</ele>
        <time>2019-10-30T06:31:16.000Z</time>
      </trkpt>
      <trkpt lat="30.48519" lon="79.200544">
        <ele>2876.687</ele>
        <time>2019-10-30T06:31:24.000Z</time>
      </trkpt>
      <trkpt lat="30.485147" lon="79.200515">
        <ele>2875.615</ele>
        <time>2019-10-30T06:31:34.000Z</time>
      </trkpt>
      <trkpt lat="30.485114" lon="79.200554">
        <ele>2871.708</ele>
        <time>2019-10-30T06:32:10.000Z</time>
      </trkpt>
    </trkseg>
  </trk>
</gpx>
