<?xml version="1.0" encoding="UTF-8"?>
<gpx creator="Wikiloc - https://www.wikiloc.com" version="1.1" schemaLocation="http://www.topografix.com/GPX/1/1 http://www.topografix.com/GPX/1/1/gpx.xsd" xmlns="http://www.topografix.com/GPX/1/1" xmlns:xsi="http://www.w3.org/2001/XMLSchema-instance" xsi:schemaLocation="http://www.topografix.com/GPX/1/1 http://www.topografix.com/GPX/1/1/gpx.xsd http://www.garmin.com/xmlschemas/GpxExtensions/v3 http://www.garmin.com/xmlschemas/GpxExtensionsv3.xsd http://www.garmin.com/xmlschemas/TrackPointExtension/v1 http://www.garmin.com/xmlschemas/TrackPointExtensionv1.xsd http://www.garmin.com/xmlschemas/PowerExtension/v1 http://www.garmin.com/xmlschemas/PowerExtensionv1.xsd http://www.topografix.com/GPX/gpx_style/0/2 http://www.topografix.com/GPX/gpx_style/0/2/gpx_style.xsd" xmlns:gpxtpx="http://www.garmin.com/xmlschemas/TrackPointExtension/v1" xmlns:gpxx="http://www.garmin.com/xmlschemas/GpxExtensions/v3" xmlns:gpxpx="http://www.garmin.com/xmlschemas/PowerExtension/v1" xmlns:gpx_style="http://www.topografix.com/GPX/gpx_style/0/2">
  <metadata>
    <name>Wikiloc - Deoriatal chandrashila trek</name>
    <author>
      <name>gpx.studio</name>
      <link href="https://gpx.studio"/>
    </author>
    <link href="https://www.wikiloc.com/hiking-trails/deoriatal-chandrashila-trek-43394517">
      <text>Deoriatal chandrashila trek on Wikiloc</text>
    </link>
    <time>2019-10-30T05:32:10.000Z</time>
  </metadata>
  <trk>
    <name>Deoriatal chandrashila trek - Wikiloc</name>
    <trkseg>
      <trkpt lat="30.523359" lon="79.128661">
        <ele>2395.338</ele>
        <time>2019-10-27T13:36:28.000Z</time>
      </trkpt>
      <trkpt lat="30.523367" lon="79.128722">
        <ele>2395.654</ele>
        <time>2019-10-27T13:36:33.000Z</time>
      </trkpt>
      <trkpt lat="30.523367" lon="79.128775">
        <ele>2396.224</ele>
        <time>2019-10-27T13:36:37.000Z</time>
      </trkpt>
      <trkpt lat="30.523371" lon="79.128835">
        <ele>2396.204</ele>
        <time>2019-10-27T13:36:42.000Z</time>
      </trkpt>
      <trkpt lat="30.523377" lon="79.128893">
        <ele>2396.514</ele>
        <time>2019-10-27T13:36:47.000Z</time>
      </trkpt>
      <trkpt lat="30.523399" lon="79.128948">
        <ele>2396.008</ele>
        <time>2019-10-27T13:36:52.000Z</time>
      </trkpt>
      <trkpt lat="30.522604" lon="79.130498">
        <ele>2451.046</ele>
        <time>2019-10-28T03:40:10.000Z</time>
      </trkpt>
      <trkpt lat="30.522637" lon="79.130536">
        <ele>2451.095</ele>
        <time>2019-10-28T03:40:17.000Z</time>
      </trkpt>
      <trkpt lat="30.52266" lon="79.130583">
        <ele>2451.225</ele>
        <time>2019-10-28T03:40:24.000Z</time>
      </trkpt>
      <trkpt lat="30.522683" lon="79.130631">
        <ele>2452.721</ele>
        <time>2019-10-28T03:40:35.000Z</time>
      </trkpt>
      <trkpt lat="30.52273" lon="79.130617">
        <ele>2453.976</ele>
        <time>2019-10-28T03:40:50.000Z</time>
      </trkpt>
      <trkpt lat="30.522778" lon="79.130621">
        <ele>2456.457</ele>
        <time>2019-10-28T03:41:07.000Z</time>
      </trkpt>
      <trkpt lat="30.522815" lon="79.130652">
        <ele>2459.243</ele>
        <time>2019-10-28T03:41:24.000Z</time>
      </trkpt>
      <trkpt lat="30.522838" lon="79.1307">
        <ele>2461.279</ele>
        <time>2019-10-28T03:41:37.000Z</time>
      </trkpt>
      <trkpt lat="30.52285" lon="79.130753">
        <ele>2464.473</ele>
        <time>2019-10-28T03:41:52.000Z</time>
      </trkpt>
      <trkpt lat="30.522872" lon="79.130804">
        <ele>2467.085</ele>
        <time>2019-10-28T03:42:14.000Z</time>
      </trkpt>
      <trkpt lat="30.522894" lon="79.130851">
        <ele>2470.013</ele>
        <time>2019-10-28T03:42:33.000Z</time>
      </trkpt>
      <trkpt lat="30.522874" lon="79.130898">
        <ele>2471.108</ele>
        <time>2019-10-28T03:42:40.000Z</time>
      </trkpt>
      <trkpt lat="30.522864" lon="79.130951">
        <ele>2472.231</ele>
        <time>2019-10-28T03:42:48.000Z</time>
      </trkpt>
      <trkpt lat="30.522864" lon="79.131011">
        <ele>2473.38</ele>
        <time>2019-10-28T03:42:55.000Z</time>
      </trkpt>
      <trkpt lat="30.522866" lon="79.131065">
        <ele>2473.48</ele>
        <time>2019-10-28T03:43:03.000Z</time>
      </trkpt>
      <trkpt lat="30.522878" lon="79.131116">
        <ele>2475.036</ele>
        <time>2019-10-28T03:43:16.000Z</time>
      </trkpt>
      <trkpt lat="30.522887" lon="79.131169">
        <ele>2475.231</ele>
        <time>2019-10-28T03:43:24.000Z</time>
      </trkpt>
      <trkpt lat="30.522915" lon="79.131216">
        <ele>2475.092</ele>
        <time>2019-10-28T03:43:36.000Z</time>
      </trkpt>
      <trkpt lat="30.522924" lon="79.131271">
        <ele>2475.288</ele>
        <time>2019-10-28T03:43:48.000Z</time>
      </trkpt>
      <trkpt lat="30.522954" lon="79.131316">
        <ele>2474.954</ele>
        <time>2019-10-28T03:43:56.000Z</time>
      </trkpt>
      <trkpt lat="30.522972" lon="79.131369">
        <ele>2476.221</ele>
        <time>2019-10-28T03:44:02.000Z</time>
      </trkpt>
      <trkpt lat="30.523001" lon="79.131418">
        <ele>2476.241</ele>
        <time>2019-10-28T03:44:09.000Z</time>
      </trkpt>
      <trkpt lat="30.523036" lon="79.131456">
        <ele>2476.305</ele>
        <time>2019-10-28T03:44:17.000Z</time>
      </trkpt>
      <trkpt lat="30.523069" lon="79.131499">
        <ele>2475.608</ele>
        <time>2019-10-28T03:44:24.000Z</time>
      </trkpt>
      <trkpt lat="30.523076" lon="79.131556">
        <ele>2475.066</ele>
        <time>2019-10-28T03:44:31.000Z</time>
      </trkpt>
      <trkpt lat="30.523068" lon="79.131612">
        <ele>2474.295</ele>
        <time>2019-10-28T03:44:38.000Z</time>
      </trkpt>
      <trkpt lat="30.523052" lon="79.131664">
        <ele>2473.535</ele>
        <time>2019-10-28T03:44:46.000Z</time>
      </trkpt>
      <trkpt lat="30.523019" lon="79.131701">
        <ele>2474.181</ele>
        <time>2019-10-28T03:44:58.000Z</time>
      </trkpt>
      <trkpt lat="30.523011" lon="79.131754">
        <ele>2475.856</ele>
        <time>2019-10-28T03:45:13.000Z</time>
      </trkpt>
      <trkpt lat="30.523024" lon="79.131809">
        <ele>2477.557</ele>
        <time>2019-10-28T03:45:26.000Z</time>
      </trkpt>
      <trkpt lat="30.523036" lon="79.131861">
        <ele>2479.583</ele>
        <time>2019-10-28T03:45:37.000Z</time>
      </trkpt>
      <trkpt lat="30.523057" lon="79.131912">
        <ele>2479.149</ele>
        <time>2019-10-28T03:45:50.000Z</time>
      </trkpt>
      <trkpt lat="30.523048" lon="79.131966">
        <ele>2481.668</ele>
        <time>2019-10-28T03:49:23.000Z</time>
      </trkpt>
      <trkpt lat="30.52304" lon="79.13202">
        <ele>2481.842</ele>
        <time>2019-10-28T03:49:35.000Z</time>
      </trkpt>
      <trkpt lat="30.523036" lon="79.132076">
        <ele>2480.126</ele>
        <time>2019-10-28T03:49:41.000Z</time>
      </trkpt>
      <trkpt lat="30.523016" lon="79.132128">
        <ele>2481.508</ele>
        <time>2019-10-28T03:49:51.000Z</time>
      </trkpt>
      <trkpt lat="30.522976" lon="79.132155">
        <ele>2481.77</ele>
        <time>2019-10-28T03:49:56.000Z</time>
      </trkpt>
      <trkpt lat="30.522945" lon="79.132205">
        <ele>2481.669</ele>
        <time>2019-10-28T03:50:01.000Z</time>
      </trkpt>
      <trkpt lat="30.52293" lon="79.132261">
        <ele>2480.839</ele>
        <time>2019-10-28T03:50:07.000Z</time>
      </trkpt>
      <trkpt lat="30.522935" lon="79.132319">
        <ele>2479.055</ele>
        <time>2019-10-28T03:50:13.000Z</time>
      </trkpt>
      <trkpt lat="30.522933" lon="79.132382">
        <ele>2478.04</ele>
        <time>2019-10-28T03:50:19.000Z</time>
      </trkpt>
      <trkpt lat="30.522936" lon="79.132437">
        <ele>2476.931</ele>
        <time>2019-10-28T03:50:24.000Z</time>
      </trkpt>
      <trkpt lat="30.522941" lon="79.132498">
        <ele>2475.997</ele>
        <time>2019-10-28T03:50:29.000Z</time>
      </trkpt>
      <trkpt lat="30.522926" lon="79.132558">
        <ele>2475.753</ele>
        <time>2019-10-28T03:50:34.000Z</time>
      </trkpt>
      <trkpt lat="30.522889" lon="79.132604">
        <ele>2474.595</ele>
        <time>2019-10-28T03:50:39.000Z</time>
      </trkpt>
      <trkpt lat="30.522868" lon="79.132652">
        <ele>2474.449</ele>
        <time>2019-10-28T03:50:43.000Z</time>
      </trkpt>
      <trkpt lat="30.522853" lon="79.132702">
        <ele>2473.623</ele>
        <time>2019-10-28T03:50:47.000Z</time>
      </trkpt>
      <trkpt lat="30.522862" lon="79.132764">
        <ele>2473.608</ele>
        <time>2019-10-28T03:50:52.000Z</time>
      </trkpt>
      <trkpt lat="30.522871" lon="79.132817">
        <ele>2473.473</ele>
        <time>2019-10-28T03:50:58.000Z</time>
      </trkpt>
      <trkpt lat="30.522876" lon="79.132876">
        <ele>2474.182</ele>
        <time>2019-10-28T03:51:03.000Z</time>
      </trkpt>
      <trkpt lat="30.522899" lon="79.132927">
        <ele>2473.832</ele>
        <time>2019-10-28T03:51:08.000Z</time>
      </trkpt>
      <trkpt lat="30.522931" lon="79.132971">
        <ele>2474.578</ele>
        <time>2019-10-28T03:51:14.000Z</time>
      </trkpt>
      <trkpt lat="30.522955" lon="79.13302">
        <ele>2474.723</ele>
        <time>2019-10-28T03:51:20.000Z</time>
      </trkpt>
      <trkpt lat="30.522991" lon="79.13306">
        <ele>2473.774</ele>
        <time>2019-10-28T03:51:24.000Z</time>
      </trkpt>
      <trkpt lat="30.523039" lon="79.133082">
        <ele>2473.67</ele>
        <time>2019-10-28T03:51:29.000Z</time>
      </trkpt>
      <trkpt lat="30.523087" lon="79.133092">
        <ele>2472.816</ele>
        <time>2019-10-28T03:51:34.000Z</time>
      </trkpt>
      <trkpt lat="30.523103" lon="79.133143">
        <ele>2471.713</ele>
        <time>2019-10-28T03:51:48.000Z</time>
      </trkpt>
      <trkpt lat="30.523147" lon="79.13317">
        <ele>2470.743</ele>
        <time>2019-10-28T03:52:02.000Z</time>
      </trkpt>
      <trkpt lat="30.523172" lon="79.133219">
        <ele>2469.507</ele>
        <time>2019-10-28T03:52:07.000Z</time>
      </trkpt>
      <trkpt lat="30.52319" lon="79.133277">
        <ele>2469.308</ele>
        <time>2019-10-28T03:52:13.000Z</time>
      </trkpt>
      <trkpt lat="30.523204" lon="79.133334">
        <ele>2469.185</ele>
        <time>2019-10-28T03:52:18.000Z</time>
      </trkpt>
      <trkpt lat="30.523203" lon="79.133399">
        <ele>2470.794</ele>
        <time>2019-10-28T03:52:23.000Z</time>
      </trkpt>
      <trkpt lat="30.523213" lon="79.133452">
        <ele>2472.464</ele>
        <time>2019-10-28T03:52:39.000Z</time>
      </trkpt>
      <trkpt lat="30.523226" lon="79.133504">
        <ele>2471.82</ele>
        <time>2019-10-28T03:52:46.000Z</time>
      </trkpt>
      <trkpt lat="30.523224" lon="79.133565">
        <ele>2471.415</ele>
        <time>2019-10-28T03:52:51.000Z</time>
      </trkpt>
      <trkpt lat="30.523244" lon="79.133614">
        <ele>2471.046</ele>
        <time>2019-10-28T03:52:56.000Z</time>
      </trkpt>
      <trkpt lat="30.523268" lon="79.133662">
        <ele>2469.242</ele>
        <time>2019-10-28T03:53:04.000Z</time>
      </trkpt>
      <trkpt lat="30.523268" lon="79.133716">
        <ele>2468.288</ele>
        <time>2019-10-28T03:53:13.000Z</time>
      </trkpt>
      <trkpt lat="30.523285" lon="79.133768">
        <ele>2467.716</ele>
        <time>2019-10-28T03:53:24.000Z</time>
      </trkpt>
      <trkpt lat="30.52329" lon="79.133822">
        <ele>2467.276</ele>
        <time>2019-10-28T03:53:32.000Z</time>
      </trkpt>
      <trkpt lat="30.523301" lon="79.133881">
        <ele>2466.013</ele>
        <time>2019-10-28T03:53:39.000Z</time>
      </trkpt>
      <trkpt lat="30.523302" lon="79.133934">
        <ele>2464.908</ele>
        <time>2019-10-28T03:53:45.000Z</time>
      </trkpt>
      <trkpt lat="30.523321" lon="79.133988">
        <ele>2464.475</ele>
        <time>2019-10-28T03:53:51.000Z</time>
      </trkpt>
      <trkpt lat="30.523334" lon="79.134042">
        <ele>2464.224</ele>
        <time>2019-10-28T03:53:56.000Z</time>
      </trkpt>
      <trkpt lat="30.523352" lon="79.134092">
        <ele>2463.934</ele>
        <time>2019-10-28T03:54:00.000Z</time>
      </trkpt>
      <trkpt lat="30.523379" lon="79.134137">
        <ele>2462.62</ele>
        <time>2019-10-28T03:54:05.000Z</time>
      </trkpt>
      <trkpt lat="30.523406" lon="79.134181">
        <ele>2461.735</ele>
        <time>2019-10-28T03:54:10.000Z</time>
      </trkpt>
      <trkpt lat="30.523422" lon="79.134231">
        <ele>2461.496</ele>
        <time>2019-10-28T03:54:16.000Z</time>
      </trkpt>
      <trkpt lat="30.523424" lon="79.134294">
        <ele>2463.172</ele>
        <time>2019-10-28T03:54:24.000Z</time>
      </trkpt>
      <trkpt lat="30.523429" lon="79.134348">
        <ele>2462.398</ele>
        <time>2019-10-28T03:54:32.000Z</time>
      </trkpt>
      <trkpt lat="30.523425" lon="79.134407">
        <ele>2461.825</ele>
        <time>2019-10-28T03:54:39.000Z</time>
      </trkpt>
      <trkpt lat="30.523392" lon="79.134453">
        <ele>2461.226</ele>
        <time>2019-10-28T03:54:48.000Z</time>
      </trkpt>
      <trkpt lat="30.523367" lon="79.134503">
        <ele>2461.608</ele>
        <time>2019-10-28T03:54:56.000Z</time>
      </trkpt>
      <trkpt lat="30.523352" lon="79.134553">
        <ele>2461.608</ele>
        <time>2019-10-28T03:55:00.000Z</time>
      </trkpt>
      <trkpt lat="30.523359" lon="79.134607">
        <ele>2461.286</ele>
        <time>2019-10-28T03:55:06.000Z</time>
      </trkpt>
      <trkpt lat="30.523358" lon="79.134668">
        <ele>2460.285</ele>
        <time>2019-10-28T03:55:13.000Z</time>
      </trkpt>
      <trkpt lat="30.523378" lon="79.134723">
        <ele>2460.825</ele>
        <time>2019-10-28T03:55:22.000Z</time>
      </trkpt>
      <trkpt lat="30.523386" lon="79.134774">
        <ele>2460.251</ele>
        <time>2019-10-28T03:55:31.000Z</time>
      </trkpt>
      <trkpt lat="30.523377" lon="79.134828">
        <ele>2460.196</ele>
        <time>2019-10-28T03:55:37.000Z</time>
      </trkpt>
      <trkpt lat="30.523374" lon="79.134888">
        <ele>2459.517</ele>
        <time>2019-10-28T03:55:43.000Z</time>
      </trkpt>
      <trkpt lat="30.523373" lon="79.134946">
        <ele>2459.693</ele>
        <time>2019-10-28T03:55:50.000Z</time>
      </trkpt>
      <trkpt lat="30.523389" lon="79.134997">
        <ele>2459.229</ele>
        <time>2019-10-28T03:55:57.000Z</time>
      </trkpt>
      <trkpt lat="30.523397" lon="79.135061">
        <ele>2458.923</ele>
        <time>2019-10-28T03:56:03.000Z</time>
      </trkpt>
      <trkpt lat="30.5234" lon="79.135115">
        <ele>2458.583</ele>
        <time>2019-10-28T03:56:09.000Z</time>
      </trkpt>
      <trkpt lat="30.523405" lon="79.135167">
        <ele>2458.611</ele>
        <time>2019-10-28T03:56:16.000Z</time>
      </trkpt>
      <trkpt lat="30.523415" lon="79.135222">
        <ele>2458.908</ele>
        <time>2019-10-28T03:56:22.000Z</time>
      </trkpt>
      <trkpt lat="30.523429" lon="79.135274">
        <ele>2457.976</ele>
        <time>2019-10-28T03:56:35.000Z</time>
      </trkpt>
      <trkpt lat="30.523413" lon="79.135327">
        <ele>2455.935</ele>
        <time>2019-10-28T03:56:46.000Z</time>
      </trkpt>
      <trkpt lat="30.523391" lon="79.135373">
        <ele>2454.945</ele>
        <time>2019-10-28T03:56:52.000Z</time>
      </trkpt>
      <trkpt lat="30.523375" lon="79.135431">
        <ele>2453.871</ele>
        <time>2019-10-28T03:56:57.000Z</time>
      </trkpt>
      <trkpt lat="30.523377" lon="79.135487">
        <ele>2452.226</ele>
        <time>2019-10-28T03:57:02.000Z</time>
      </trkpt>
      <trkpt lat="30.523398" lon="79.135544">
        <ele>2451.957</ele>
        <time>2019-10-28T03:57:09.000Z</time>
      </trkpt>
      <trkpt lat="30.523402" lon="79.135606">
        <ele>2451.963</ele>
        <time>2019-10-28T03:57:14.000Z</time>
      </trkpt>
      <trkpt lat="30.52341" lon="79.135668">
        <ele>2451.539</ele>
        <time>2019-10-28T03:57:19.000Z</time>
      </trkpt>
      <trkpt lat="30.523409" lon="79.135726">
        <ele>2450.045</ele>
        <time>2019-10-28T03:57:24.000Z</time>
      </trkpt>
      <trkpt lat="30.523419" lon="79.135779">
        <ele>2449.647</ele>
        <time>2019-10-28T03:57:29.000Z</time>
      </trkpt>
      <trkpt lat="30.523424" lon="79.135833">
        <ele>2450.011</ele>
        <time>2019-10-28T03:57:35.000Z</time>
      </trkpt>
      <trkpt lat="30.523436" lon="79.135887">
        <ele>2447.308</ele>
        <time>2019-10-28T03:57:52.000Z</time>
      </trkpt>
      <trkpt lat="30.523471" lon="79.135928">
        <ele>2446.898</ele>
        <time>2019-10-28T03:57:58.000Z</time>
      </trkpt>
      <trkpt lat="30.523476" lon="79.13599">
        <ele>2446.217</ele>
        <time>2019-10-28T03:58:02.000Z</time>
      </trkpt>
      <trkpt lat="30.523484" lon="79.136052">
        <ele>2445.767</ele>
        <time>2019-10-28T03:58:07.000Z</time>
      </trkpt>
      <trkpt lat="30.523506" lon="79.136105">
        <ele>2445.343</ele>
        <time>2019-10-28T03:58:11.000Z</time>
      </trkpt>
      <trkpt lat="30.523525" lon="79.136154">
        <ele>2445.168</ele>
        <time>2019-10-28T03:58:15.000Z</time>
      </trkpt>
      <trkpt lat="30.523559" lon="79.136193">
        <ele>2444.349</ele>
        <time>2019-10-28T03:58:20.000Z</time>
      </trkpt>
      <trkpt lat="30.523586" lon="79.136243">
        <ele>2442.725</ele>
        <time>2019-10-28T03:58:27.000Z</time>
      </trkpt>
      <trkpt lat="30.523608" lon="79.136293">
        <ele>2442.861</ele>
        <time>2019-10-28T03:58:33.000Z</time>
      </trkpt>
      <trkpt lat="30.52366" lon="79.136316">
        <ele>2441.013</ele>
        <time>2019-10-28T03:58:38.000Z</time>
      </trkpt>
      <trkpt lat="30.523707" lon="79.136325">
        <ele>2440.243</ele>
        <time>2019-10-28T03:58:43.000Z</time>
      </trkpt>
      <trkpt lat="30.523751" lon="79.136347">
        <ele>2439.507</ele>
        <time>2019-10-28T03:58:48.000Z</time>
      </trkpt>
      <trkpt lat="30.523786" lon="79.136389">
        <ele>2439.508</ele>
        <time>2019-10-28T03:58:53.000Z</time>
      </trkpt>
      <trkpt lat="30.523826" lon="79.136434">
        <ele>2438.075</ele>
        <time>2019-10-28T03:58:58.000Z</time>
      </trkpt>
      <trkpt lat="30.52387" lon="79.136457">
        <ele>2436.764</ele>
        <time>2019-10-28T03:59:03.000Z</time>
      </trkpt>
      <trkpt lat="30.523914" lon="79.136481">
        <ele>2436.254</ele>
        <time>2019-10-28T03:59:08.000Z</time>
      </trkpt>
      <trkpt lat="30.523958" lon="79.136512">
        <ele>2436.62</ele>
        <time>2019-10-28T03:59:13.000Z</time>
      </trkpt>
      <trkpt lat="30.523997" lon="79.136539">
        <ele>2437.285</ele>
        <time>2019-10-28T03:59:19.000Z</time>
      </trkpt>
      <trkpt lat="30.524045" lon="79.136555">
        <ele>2438.376</ele>
        <time>2019-10-28T03:59:25.000Z</time>
      </trkpt>
      <trkpt lat="30.524089" lon="79.136571">
        <ele>2438.462</ele>
        <time>2019-10-28T03:59:31.000Z</time>
      </trkpt>
      <trkpt lat="30.524122" lon="79.136607">
        <ele>2438.558</ele>
        <time>2019-10-28T03:59:36.000Z</time>
      </trkpt>
      <trkpt lat="30.524166" lon="79.13663">
        <ele>2437.453</ele>
        <time>2019-10-28T03:59:54.000Z</time>
      </trkpt>
      <trkpt lat="30.524161" lon="79.136695">
        <ele>2442.404</ele>
        <time>2019-10-28T04:01:22.000Z</time>
      </trkpt>
      <trkpt lat="30.524202" lon="79.136724">
        <ele>2442.814</ele>
        <time>2019-10-28T04:01:27.000Z</time>
      </trkpt>
      <trkpt lat="30.524236" lon="79.136763">
        <ele>2444.508</ele>
        <time>2019-10-28T04:01:36.000Z</time>
      </trkpt>
      <trkpt lat="30.524269" lon="79.136804">
        <ele>2444.479</ele>
        <time>2019-10-28T04:01:50.000Z</time>
      </trkpt>
      <trkpt lat="30.52431" lon="79.136782">
        <ele>2446.638</ele>
        <time>2019-10-28T04:02:25.000Z</time>
      </trkpt>
      <trkpt lat="30.524352" lon="79.136807">
        <ele>2447.018</ele>
        <time>2019-10-28T04:02:46.000Z</time>
      </trkpt>
      <trkpt lat="30.524393" lon="79.13683">
        <ele>2448.154</ele>
        <time>2019-10-28T04:03:03.000Z</time>
      </trkpt>
      <trkpt lat="30.524406" lon="79.136887">
        <ele>2450.229</ele>
        <time>2019-10-28T04:03:08.000Z</time>
      </trkpt>
      <trkpt lat="30.524417" lon="79.136942">
        <ele>2452.01</ele>
        <time>2019-10-28T04:03:15.000Z</time>
      </trkpt>
      <trkpt lat="30.524438" lon="79.136997">
        <ele>2453.076</ele>
        <time>2019-10-28T04:03:24.000Z</time>
      </trkpt>
      <trkpt lat="30.524448" lon="79.137051">
        <ele>2452.212</ele>
        <time>2019-10-28T04:03:31.000Z</time>
      </trkpt>
      <trkpt lat="30.524462" lon="79.137103">
        <ele>2451.991</ele>
        <time>2019-10-28T04:03:39.000Z</time>
      </trkpt>
      <trkpt lat="30.524489" lon="79.137148">
        <ele>2454.081</ele>
        <time>2019-10-28T04:03:51.000Z</time>
      </trkpt>
      <trkpt lat="30.524487" lon="79.137204">
        <ele>2454.719</ele>
        <time>2019-10-28T04:04:04.000Z</time>
      </trkpt>
      <trkpt lat="30.524502" lon="79.137254">
        <ele>2454.508</ele>
        <time>2019-10-28T04:04:10.000Z</time>
      </trkpt>
      <trkpt lat="30.524516" lon="79.137308">
        <ele>2454.573</ele>
        <time>2019-10-28T04:04:14.000Z</time>
      </trkpt>
      <trkpt lat="30.524498" lon="79.137359">
        <ele>2456.722</ele>
        <time>2019-10-28T04:04:28.000Z</time>
      </trkpt>
      <trkpt lat="30.524537" lon="79.137323">
        <ele>2458.392</ele>
        <time>2019-10-28T04:04:44.000Z</time>
      </trkpt>
      <trkpt lat="30.524542" lon="79.137384">
        <ele>2461.118</ele>
        <time>2019-10-28T04:05:20.000Z</time>
      </trkpt>
      <trkpt lat="30.524584" lon="79.137415">
        <ele>2458.523</ele>
        <time>2019-10-28T04:05:30.000Z</time>
      </trkpt>
      <trkpt lat="30.524625" lon="79.137453">
        <ele>2459.364</ele>
        <time>2019-10-28T04:05:49.000Z</time>
      </trkpt>
      <trkpt lat="30.52466" lon="79.137488">
        <ele>2459.83</ele>
        <time>2019-10-28T04:06:00.000Z</time>
      </trkpt>
      <trkpt lat="30.524706" lon="79.137499">
        <ele>2462.266</ele>
        <time>2019-10-28T04:06:33.000Z</time>
      </trkpt>
      <trkpt lat="30.52468" lon="79.137543">
        <ele>2465.747</ele>
        <time>2019-10-28T04:06:45.000Z</time>
      </trkpt>
      <trkpt lat="30.524687" lon="79.137598">
        <ele>2468.129</ele>
        <time>2019-10-28T04:07:24.000Z</time>
      </trkpt>
      <trkpt lat="30.524721" lon="79.137639">
        <ele>2469.121</ele>
        <time>2019-10-28T04:07:34.000Z</time>
      </trkpt>
      <trkpt lat="30.524751" lon="79.137682">
        <ele>2471.408</ele>
        <time>2019-10-28T04:07:46.000Z</time>
      </trkpt>
      <trkpt lat="30.524783" lon="79.137721">
        <ele>2471.498</ele>
        <time>2019-10-28T04:08:12.000Z</time>
      </trkpt>
      <trkpt lat="30.524787" lon="79.137777">
        <ele>2473.297</ele>
        <time>2019-10-28T04:08:21.000Z</time>
      </trkpt>
      <trkpt lat="30.524821" lon="79.137819">
        <ele>2474.597</ele>
        <time>2019-10-28T04:08:35.000Z</time>
      </trkpt>
      <trkpt lat="30.524804" lon="79.13787">
        <ele>2474.463</ele>
        <time>2019-10-28T04:09:13.000Z</time>
      </trkpt>
      <trkpt lat="30.52485" lon="79.137864">
        <ele>2474.728</ele>
        <time>2019-10-28T04:09:25.000Z</time>
      </trkpt>
      <trkpt lat="30.524885" lon="79.137901">
        <ele>2474.219</ele>
        <time>2019-10-28T04:09:45.000Z</time>
      </trkpt>
      <trkpt lat="30.52493" lon="79.137917">
        <ele>2478.645</ele>
        <time>2019-10-28T04:10:29.000Z</time>
      </trkpt>
      <trkpt lat="30.524914" lon="79.137966">
        <ele>2484.421</ele>
        <time>2019-10-28T04:11:12.000Z</time>
      </trkpt>
      <trkpt lat="30.524927" lon="79.13802">
        <ele>2488.773</ele>
        <time>2019-10-28T04:11:51.000Z</time>
      </trkpt>
      <trkpt lat="30.524928" lon="79.138075">
        <ele>2489.185</ele>
        <time>2019-10-28T04:11:58.000Z</time>
      </trkpt>
      <trkpt lat="30.52496" lon="79.138113">
        <ele>2489.413</ele>
        <time>2019-10-28T04:12:19.000Z</time>
      </trkpt>
      <trkpt lat="30.524979" lon="79.138162">
        <ele>2488.808</ele>
        <time>2019-10-28T04:12:30.000Z</time>
      </trkpt>
      <trkpt lat="30.525013" lon="79.138207">
        <ele>2494.851</ele>
        <time>2019-10-28T04:13:12.000Z</time>
      </trkpt>
      <trkpt lat="30.525058" lon="79.138222">
        <ele>2498.59</ele>
        <time>2019-10-28T04:13:26.000Z</time>
      </trkpt>
      <trkpt lat="30.525103" lon="79.138243">
        <ele>2497.29</ele>
        <time>2019-10-28T04:13:45.000Z</time>
      </trkpt>
      <trkpt lat="30.525124" lon="79.138292">
        <ele>2497.596</ele>
        <time>2019-10-28T04:13:55.000Z</time>
      </trkpt>
      <trkpt lat="30.525145" lon="79.138339">
        <ele>2498.691</ele>
        <time>2019-10-28T04:14:04.000Z</time>
      </trkpt>
      <trkpt lat="30.525187" lon="79.138361">
        <ele>2500.972</ele>
        <time>2019-10-28T04:14:22.000Z</time>
      </trkpt>
      <trkpt lat="30.525202" lon="79.138411">
        <ele>2503.288</ele>
        <time>2019-10-28T04:14:35.000Z</time>
      </trkpt>
      <trkpt lat="30.5252" lon="79.138471">
        <ele>2504.334</ele>
        <time>2019-10-28T04:14:52.000Z</time>
      </trkpt>
      <trkpt lat="30.525223" lon="79.138517">
        <ele>2503.684</ele>
        <time>2019-10-28T04:19:02.000Z</time>
      </trkpt>
      <trkpt lat="30.525245" lon="79.138564">
        <ele>2503.107</ele>
        <time>2019-10-28T04:19:18.000Z</time>
      </trkpt>
      <trkpt lat="30.525266" lon="79.138613">
        <ele>2502.917</ele>
        <time>2019-10-28T04:19:31.000Z</time>
      </trkpt>
      <trkpt lat="30.525303" lon="79.138653">
        <ele>2506.308</ele>
        <time>2019-10-28T04:19:58.000Z</time>
      </trkpt>
      <trkpt lat="30.52533" lon="79.138698">
        <ele>2508.282</ele>
        <time>2019-10-28T04:20:07.000Z</time>
      </trkpt>
      <trkpt lat="30.525349" lon="79.138751">
        <ele>2507.681</ele>
        <time>2019-10-28T04:20:18.000Z</time>
      </trkpt>
      <trkpt lat="30.52535" lon="79.138805">
        <ele>2510.571</ele>
        <time>2019-10-28T04:20:28.000Z</time>
      </trkpt>
      <trkpt lat="30.525374" lon="79.138853">
        <ele>2511.897</ele>
        <time>2019-10-28T04:20:38.000Z</time>
      </trkpt>
      <trkpt lat="30.525399" lon="79.1389">
        <ele>2512.452</ele>
        <time>2019-10-28T04:21:05.000Z</time>
      </trkpt>
      <trkpt lat="30.525438" lon="79.138927">
        <ele>2512.643</ele>
        <time>2019-10-28T04:21:18.000Z</time>
      </trkpt>
      <trkpt lat="30.525476" lon="79.138958">
        <ele>2513.569</ele>
        <time>2019-10-28T04:21:41.000Z</time>
      </trkpt>
      <trkpt lat="30.525483" lon="79.139011">
        <ele>2515.185</ele>
        <time>2019-10-28T04:21:51.000Z</time>
      </trkpt>
      <trkpt lat="30.525496" lon="79.139079">
        <ele>2517.346</ele>
        <time>2019-10-28T04:22:15.000Z</time>
      </trkpt>
      <trkpt lat="30.525527" lon="79.139119">
        <ele>2521.388</ele>
        <time>2019-10-28T04:22:34.000Z</time>
      </trkpt>
      <trkpt lat="30.525567" lon="79.139151">
        <ele>2521.416</ele>
        <time>2019-10-28T04:22:56.000Z</time>
      </trkpt>
      <trkpt lat="30.525575" lon="79.139208">
        <ele>2522.808</ele>
        <time>2019-10-28T04:23:12.000Z</time>
      </trkpt>
      <trkpt lat="30.525601" lon="79.139251">
        <ele>2524.498</ele>
        <time>2019-10-28T04:23:24.000Z</time>
      </trkpt>
      <trkpt lat="30.525596" lon="79.139304">
        <ele>2526.527</ele>
        <time>2019-10-28T04:24:55.000Z</time>
      </trkpt>
      <trkpt lat="30.525636" lon="79.139332">
        <ele>2527.287</ele>
        <time>2019-10-28T04:25:14.000Z</time>
      </trkpt>
      <trkpt lat="30.525656" lon="79.139383">
        <ele>2528.123</ele>
        <time>2019-10-28T04:25:22.000Z</time>
      </trkpt>
      <trkpt lat="30.525682" lon="79.139427">
        <ele>2527.598</ele>
        <time>2019-10-28T04:25:37.000Z</time>
      </trkpt>
      <trkpt lat="30.525716" lon="79.139466">
        <ele>2528.679</ele>
        <time>2019-10-28T04:26:06.000Z</time>
      </trkpt>
      <trkpt lat="30.525747" lon="79.139508">
        <ele>2531.525</ele>
        <time>2019-10-28T04:26:45.000Z</time>
      </trkpt>
      <trkpt lat="30.525792" lon="79.139519">
        <ele>2534.711</ele>
        <time>2019-10-28T04:27:08.000Z</time>
      </trkpt>
      <trkpt lat="30.525821" lon="79.139561">
        <ele>2537.114</ele>
        <time>2019-10-28T04:27:18.000Z</time>
      </trkpt>
      <trkpt lat="30.525815" lon="79.139617">
        <ele>2539.254</ele>
        <time>2019-10-28T04:27:38.000Z</time>
      </trkpt>
      <trkpt lat="30.525843" lon="79.139663">
        <ele>2540.109</ele>
        <time>2019-10-28T04:27:47.000Z</time>
      </trkpt>
      <trkpt lat="30.525849" lon="79.139718">
        <ele>2542.008</ele>
        <time>2019-10-28T04:28:01.000Z</time>
      </trkpt>
      <trkpt lat="30.525863" lon="79.139769">
        <ele>2542.425</ele>
        <time>2019-10-28T04:28:09.000Z</time>
      </trkpt>
      <trkpt lat="30.525888" lon="79.139815">
        <ele>2541.644</ele>
        <time>2019-10-28T04:28:26.000Z</time>
      </trkpt>
      <trkpt lat="30.525924" lon="79.139852">
        <ele>2543.654</ele>
        <time>2019-10-28T04:28:46.000Z</time>
      </trkpt>
      <trkpt lat="30.525946" lon="79.139899">
        <ele>2545.39</ele>
        <time>2019-10-28T04:29:44.000Z</time>
      </trkpt>
      <trkpt lat="30.525958" lon="79.139955">
        <ele>2546.355</ele>
        <time>2019-10-28T04:29:52.000Z</time>
      </trkpt>
      <trkpt lat="30.525952" lon="79.14001">
        <ele>2546.926</ele>
        <time>2019-10-28T04:29:59.000Z</time>
      </trkpt>
      <trkpt lat="30.525951" lon="79.140066">
        <ele>2547.832</ele>
        <time>2019-10-28T04:30:07.000Z</time>
      </trkpt>
      <trkpt lat="30.525963" lon="79.140118">
        <ele>2548.368</ele>
        <time>2019-10-28T04:30:15.000Z</time>
      </trkpt>
      <trkpt lat="30.525988" lon="79.140167">
        <ele>2549.539</ele>
        <time>2019-10-28T04:30:26.000Z</time>
      </trkpt>
      <trkpt lat="30.526" lon="79.140221">
        <ele>2552.401</ele>
        <time>2019-10-28T04:30:42.000Z</time>
      </trkpt>
      <trkpt lat="30.526007" lon="79.140296">
        <ele>2554.721</ele>
        <time>2019-10-28T04:31:07.000Z</time>
      </trkpt>
      <trkpt lat="30.526002" lon="79.140353">
        <ele>2556.608</ele>
        <time>2019-10-28T04:32:14.000Z</time>
      </trkpt>
      <trkpt lat="30.526033" lon="79.140392">
        <ele>2556.957</ele>
        <time>2019-10-28T04:32:21.000Z</time>
      </trkpt>
      <trkpt lat="30.52605" lon="79.140446">
        <ele>2557.136</ele>
        <time>2019-10-28T04:32:28.000Z</time>
      </trkpt>
      <trkpt lat="30.52607" lon="79.140492">
        <ele>2557.366</ele>
        <time>2019-10-28T04:32:37.000Z</time>
      </trkpt>
      <trkpt lat="30.526081" lon="79.140547">
        <ele>2558.322</ele>
        <time>2019-10-28T04:32:54.000Z</time>
      </trkpt>
      <trkpt lat="30.526093" lon="79.140598">
        <ele>2559.327</ele>
        <time>2019-10-28T04:33:04.000Z</time>
      </trkpt>
      <trkpt lat="30.526113" lon="79.140656">
        <ele>2560.888</ele>
        <time>2019-10-28T04:33:33.000Z</time>
      </trkpt>
      <trkpt lat="30.526145" lon="79.140697">
        <ele>2560.794</ele>
        <time>2019-10-28T04:33:44.000Z</time>
      </trkpt>
      <trkpt lat="30.526149" lon="79.14075">
        <ele>2561.86</ele>
        <time>2019-10-28T04:34:15.000Z</time>
      </trkpt>
      <trkpt lat="30.526165" lon="79.140801">
        <ele>2564.183</ele>
        <time>2019-10-28T04:34:30.000Z</time>
      </trkpt>
      <trkpt lat="30.526183" lon="79.140851">
        <ele>2565.025</ele>
        <time>2019-10-28T04:34:43.000Z</time>
      </trkpt>
      <trkpt lat="30.52622" lon="79.140887">
        <ele>2567.517</ele>
        <time>2019-10-28T04:35:45.000Z</time>
      </trkpt>
      <trkpt lat="30.52623" lon="79.140941">
        <ele>2568.708</ele>
        <time>2019-10-28T04:36:05.000Z</time>
      </trkpt>
      <trkpt lat="30.526251" lon="79.140991">
        <ele>2569.262</ele>
        <time>2019-10-28T04:36:22.000Z</time>
      </trkpt>
      <trkpt lat="30.526283" lon="79.141032">
        <ele>2569.351</ele>
        <time>2019-10-28T04:37:08.000Z</time>
      </trkpt>
      <trkpt lat="30.526284" lon="79.141096">
        <ele>2573.851</ele>
        <time>2019-10-28T04:38:16.000Z</time>
      </trkpt>
      <trkpt lat="30.526334" lon="79.14111">
        <ele>2575.947</ele>
        <time>2019-10-28T04:38:38.000Z</time>
      </trkpt>
      <trkpt lat="30.526369" lon="79.141146">
        <ele>2578.932</ele>
        <time>2019-10-28T04:38:58.000Z</time>
      </trkpt>
      <trkpt lat="30.526394" lon="79.141196">
        <ele>2581.823</ele>
        <time>2019-10-28T04:39:40.000Z</time>
      </trkpt>
      <trkpt lat="30.52644" lon="79.141185">
        <ele>2590.269</ele>
        <time>2019-10-28T04:41:05.000Z</time>
      </trkpt>
      <trkpt lat="30.526476" lon="79.141217">
        <ele>2591.775</ele>
        <time>2019-10-28T04:41:28.000Z</time>
      </trkpt>
      <trkpt lat="30.526507" lon="79.141256">
        <ele>2594.887</ele>
        <time>2019-10-28T04:42:19.000Z</time>
      </trkpt>
      <trkpt lat="30.526508" lon="79.14131">
        <ele>2596.742</ele>
        <time>2019-10-28T04:42:32.000Z</time>
      </trkpt>
      <trkpt lat="30.526517" lon="79.141362">
        <ele>2597.726</ele>
        <time>2019-10-28T04:42:41.000Z</time>
      </trkpt>
      <trkpt lat="30.526514" lon="79.141421">
        <ele>2599.608</ele>
        <time>2019-10-28T04:43:20.000Z</time>
      </trkpt>
      <trkpt lat="30.526502" lon="79.14148">
        <ele>2601.562</ele>
        <time>2019-10-28T04:43:26.000Z</time>
      </trkpt>
      <trkpt lat="30.526482" lon="79.141533">
        <ele>2602.491</ele>
        <time>2019-10-28T04:43:35.000Z</time>
      </trkpt>
      <trkpt lat="30.526464" lon="79.141584">
        <ele>2603.811</ele>
        <time>2019-10-28T04:43:41.000Z</time>
      </trkpt>
      <trkpt lat="30.526446" lon="79.141632">
        <ele>2604.727</ele>
        <time>2019-10-28T04:43:51.000Z</time>
      </trkpt>
      <trkpt lat="30.526424" lon="79.141682">
        <ele>2605.532</ele>
        <time>2019-10-28T04:44:17.000Z</time>
      </trkpt>
      <trkpt lat="30.526421" lon="79.141737">
        <ele>2606.333</ele>
        <time>2019-10-28T04:44:27.000Z</time>
      </trkpt>
      <trkpt lat="30.526397" lon="79.141786">
        <ele>2608.479</ele>
        <time>2019-10-28T04:44:37.000Z</time>
      </trkpt>
      <trkpt lat="30.526352" lon="79.141791">
        <ele>2609.775</ele>
        <time>2019-10-28T04:44:48.000Z</time>
      </trkpt>
      <trkpt lat="30.526303" lon="79.141784">
        <ele>2611.459</ele>
        <time>2019-10-28T04:56:04.000Z</time>
      </trkpt>
      <trkpt lat="30.52634" lon="79.141818">
        <ele>2613.403</ele>
        <time>2019-10-28T04:58:12.000Z</time>
      </trkpt>
      <trkpt lat="30.526354" lon="79.141869">
        <ele>2613.123</ele>
        <time>2019-10-28T05:00:27.000Z</time>
      </trkpt>
      <trkpt lat="30.526383" lon="79.14191">
        <ele>2614.108</ele>
        <time>2019-10-28T05:00:41.000Z</time>
      </trkpt>
      <trkpt lat="30.52637" lon="79.141962">
        <ele>2614.529</ele>
        <time>2019-10-28T05:00:46.000Z</time>
      </trkpt>
      <trkpt lat="30.526372" lon="79.142023">
        <ele>2614.848</ele>
        <time>2019-10-28T05:00:52.000Z</time>
      </trkpt>
      <trkpt lat="30.526387" lon="79.14208">
        <ele>2615.318</ele>
        <time>2019-10-28T05:00:59.000Z</time>
      </trkpt>
      <trkpt lat="30.526398" lon="79.14214">
        <ele>2614.844</ele>
        <time>2019-10-28T05:01:05.000Z</time>
      </trkpt>
      <trkpt lat="30.526411" lon="79.142197">
        <ele>2615.619</ele>
        <time>2019-10-28T05:01:11.000Z</time>
      </trkpt>
      <trkpt lat="30.526411" lon="79.142253">
        <ele>2615.55</ele>
        <time>2019-10-28T05:01:16.000Z</time>
      </trkpt>
      <trkpt lat="30.526401" lon="79.142306">
        <ele>2614.156</ele>
        <time>2019-10-28T05:01:22.000Z</time>
      </trkpt>
      <trkpt lat="30.526379" lon="79.142355">
        <ele>2614.692</ele>
        <time>2019-10-28T05:01:28.000Z</time>
      </trkpt>
      <trkpt lat="30.526355" lon="79.142402">
        <ele>2613.935</ele>
        <time>2019-10-28T05:01:35.000Z</time>
      </trkpt>
      <trkpt lat="30.526336" lon="79.142457">
        <ele>2613.386</ele>
        <time>2019-10-28T05:01:42.000Z</time>
      </trkpt>
      <trkpt lat="30.526297" lon="79.142494">
        <ele>2613.014</ele>
        <time>2019-10-28T05:01:51.000Z</time>
      </trkpt>
      <trkpt lat="30.5263" lon="79.14255">
        <ele>2612.608</ele>
        <time>2019-10-28T05:01:57.000Z</time>
      </trkpt>
      <trkpt lat="30.526299" lon="79.142609">
        <ele>2612.467</ele>
        <time>2019-10-28T05:02:04.000Z</time>
      </trkpt>
      <trkpt lat="30.526328" lon="79.142655">
        <ele>2612.276</ele>
        <time>2019-10-28T05:02:09.000Z</time>
      </trkpt>
      <trkpt lat="30.5263" lon="79.14271">
        <ele>2612.316</ele>
        <time>2019-10-28T05:02:15.000Z</time>
      </trkpt>
      <trkpt lat="30.526275" lon="79.142762">
        <ele>2612.122</ele>
        <time>2019-10-28T05:02:23.000Z</time>
      </trkpt>
      <trkpt lat="30.526233" lon="79.142796">
        <ele>2611.277</ele>
        <time>2019-10-28T05:02:30.000Z</time>
      </trkpt>
      <trkpt lat="30.526213" lon="79.142848">
        <ele>2610.388</ele>
        <time>2019-10-28T05:02:34.000Z</time>
      </trkpt>
      <trkpt lat="30.526202" lon="79.142906">
        <ele>2609.884</ele>
        <time>2019-10-28T05:02:37.000Z</time>
      </trkpt>
      <trkpt lat="30.526169" lon="79.142955">
        <ele>2609.43</ele>
        <time>2019-10-28T05:02:40.000Z</time>
      </trkpt>
      <trkpt lat="30.52615" lon="79.143002">
        <ele>2607.394</ele>
        <time>2019-10-28T05:02:51.000Z</time>
      </trkpt>
      <trkpt lat="30.526153" lon="79.143065">
        <ele>2606.957</ele>
        <time>2019-10-28T05:02:59.000Z</time>
      </trkpt>
      <trkpt lat="30.52616" lon="79.143118">
        <ele>2607.122</ele>
        <time>2019-10-28T05:03:04.000Z</time>
      </trkpt>
      <trkpt lat="30.526162" lon="79.143171">
        <ele>2606.408</ele>
        <time>2019-10-28T05:03:14.000Z</time>
      </trkpt>
      <trkpt lat="30.526109" lon="79.143189">
        <ele>2605.383</ele>
        <time>2019-10-28T05:03:21.000Z</time>
      </trkpt>
      <trkpt lat="30.526072" lon="79.143223">
        <ele>2605.032</ele>
        <time>2019-10-28T05:03:26.000Z</time>
      </trkpt>
      <trkpt lat="30.526043" lon="79.143274">
        <ele>2604.282</ele>
        <time>2019-10-28T05:03:29.000Z</time>
      </trkpt>
      <trkpt lat="30.526026" lon="79.143324">
        <ele>2604.198</ele>
        <time>2019-10-28T05:03:33.000Z</time>
      </trkpt>
      <trkpt lat="30.525999" lon="79.143368">
        <ele>2603.573</ele>
        <time>2019-10-28T05:03:43.000Z</time>
      </trkpt>
      <trkpt lat="30.525976" lon="79.143415">
        <ele>2603.444</ele>
        <time>2019-10-28T05:03:48.000Z</time>
      </trkpt>
      <trkpt lat="30.525988" lon="79.143468">
        <ele>2602.97</ele>
        <time>2019-10-28T05:04:01.000Z</time>
      </trkpt>
      <trkpt lat="30.525949" lon="79.143498">
        <ele>2602.696</ele>
        <time>2019-10-28T05:04:08.000Z</time>
      </trkpt>
      <trkpt lat="30.525943" lon="79.143559">
        <ele>2600.958</ele>
        <time>2019-10-28T05:04:15.000Z</time>
      </trkpt>
      <trkpt lat="30.525908" lon="79.143613">
        <ele>2600.352</ele>
        <time>2019-10-28T05:04:19.000Z</time>
      </trkpt>
      <trkpt lat="30.525889" lon="79.143662">
        <ele>2600.117</ele>
        <time>2019-10-28T05:04:28.000Z</time>
      </trkpt>
      <trkpt lat="30.525828" lon="79.143693">
        <ele>2598.708</ele>
        <time>2019-10-28T05:04:33.000Z</time>
      </trkpt>
      <trkpt lat="30.525813" lon="79.143754">
        <ele>2597.839</ele>
        <time>2019-10-28T05:04:37.000Z</time>
      </trkpt>
      <trkpt lat="30.525816" lon="79.143818">
        <ele>2597.658</ele>
        <time>2019-10-28T05:04:41.000Z</time>
      </trkpt>
      <trkpt lat="30.525805" lon="79.143875">
        <ele>2597.048</ele>
        <time>2019-10-28T05:04:45.000Z</time>
      </trkpt>
      <trkpt lat="30.525768" lon="79.143908">
        <ele>2595.764</ele>
        <time>2019-10-28T05:04:56.000Z</time>
      </trkpt>
      <trkpt lat="30.525763" lon="79.143967">
        <ele>2595.559</ele>
        <time>2019-10-28T05:05:03.000Z</time>
      </trkpt>
      <trkpt lat="30.525735" lon="79.144012">
        <ele>2595.28</ele>
        <time>2019-10-28T05:05:08.000Z</time>
      </trkpt>
      <trkpt lat="30.525703" lon="79.144057">
        <ele>2593.876</ele>
        <time>2019-10-28T05:05:13.000Z</time>
      </trkpt>
      <trkpt lat="30.52568" lon="79.144115">
        <ele>2593.362</ele>
        <time>2019-10-28T05:05:18.000Z</time>
      </trkpt>
      <trkpt lat="30.525643" lon="79.144151">
        <ele>2593.259</ele>
        <time>2019-10-28T05:05:25.000Z</time>
      </trkpt>
      <trkpt lat="30.525626" lon="79.144199">
        <ele>2591.903</ele>
        <time>2019-10-28T05:05:33.000Z</time>
      </trkpt>
      <trkpt lat="30.525624" lon="79.144257">
        <ele>2591.123</ele>
        <time>2019-10-28T05:05:39.000Z</time>
      </trkpt>
      <trkpt lat="30.5256" lon="79.144304">
        <ele>2590.908</ele>
        <time>2019-10-28T05:05:43.000Z</time>
      </trkpt>
      <trkpt lat="30.525557" lon="79.144333">
        <ele>2589.329</ele>
        <time>2019-10-28T05:05:53.000Z</time>
      </trkpt>
      <trkpt lat="30.525533" lon="79.144388">
        <ele>2590.038</ele>
        <time>2019-10-28T05:05:59.000Z</time>
      </trkpt>
      <trkpt lat="30.525511" lon="79.144439">
        <ele>2589.078</ele>
        <time>2019-10-28T05:06:05.000Z</time>
      </trkpt>
      <trkpt lat="30.525491" lon="79.144493">
        <ele>2588.334</ele>
        <time>2019-10-28T05:06:13.000Z</time>
      </trkpt>
      <trkpt lat="30.525482" lon="79.144549">
        <ele>2588.449</ele>
        <time>2019-10-28T05:06:17.000Z</time>
      </trkpt>
      <trkpt lat="30.525462" lon="79.144606">
        <ele>2588.05</ele>
        <time>2019-10-28T05:06:22.000Z</time>
      </trkpt>
      <trkpt lat="30.525429" lon="79.144652">
        <ele>2588.596</ele>
        <time>2019-10-28T05:06:31.000Z</time>
      </trkpt>
      <trkpt lat="30.525418" lon="79.144706">
        <ele>2588.452</ele>
        <time>2019-10-28T05:06:45.000Z</time>
      </trkpt>
      <trkpt lat="30.525425" lon="79.144758">
        <ele>2588.838</ele>
        <time>2019-10-28T05:06:56.000Z</time>
      </trkpt>
      <trkpt lat="30.5254" lon="79.144815">
        <ele>2587.57</ele>
        <time>2019-10-28T05:07:03.000Z</time>
      </trkpt>
      <trkpt lat="30.525381" lon="79.144867">
        <ele>2586.917</ele>
        <time>2019-10-28T05:07:09.000Z</time>
      </trkpt>
      <trkpt lat="30.525359" lon="79.144914">
        <ele>2586.308</ele>
        <time>2019-10-28T05:07:13.000Z</time>
      </trkpt>
      <trkpt lat="30.525318" lon="79.144942">
        <ele>2584.267</ele>
        <time>2019-10-28T05:07:19.000Z</time>
      </trkpt>
      <trkpt lat="30.525293" lon="79.144989">
        <ele>2582.276</ele>
        <time>2019-10-28T05:07:29.000Z</time>
      </trkpt>
      <trkpt lat="30.525261" lon="79.145031">
        <ele>2581.216</ele>
        <time>2019-10-28T05:07:32.000Z</time>
      </trkpt>
      <trkpt lat="30.525236" lon="79.145086">
        <ele>2579.992</ele>
        <time>2019-10-28T05:07:38.000Z</time>
      </trkpt>
      <trkpt lat="30.525225" lon="79.145149">
        <ele>2579.957</ele>
        <time>2019-10-28T05:07:42.000Z</time>
      </trkpt>
      <trkpt lat="30.525211" lon="79.145206">
        <ele>2579.418</ele>
        <time>2019-10-28T05:07:47.000Z</time>
      </trkpt>
      <trkpt lat="30.525198" lon="79.145259">
        <ele>2578.354</ele>
        <time>2019-10-28T05:07:53.000Z</time>
      </trkpt>
      <trkpt lat="30.525184" lon="79.145314">
        <ele>2577.59</ele>
        <time>2019-10-28T05:08:05.000Z</time>
      </trkpt>
      <trkpt lat="30.525179" lon="79.145368">
        <ele>2576.484</ele>
        <time>2019-10-28T05:08:14.000Z</time>
      </trkpt>
      <trkpt lat="30.52516" lon="79.145419">
        <ele>2574.807</ele>
        <time>2019-10-28T05:08:25.000Z</time>
      </trkpt>
      <trkpt lat="30.525145" lon="79.145475">
        <ele>2573.717</ele>
        <time>2019-10-28T05:08:39.000Z</time>
      </trkpt>
      <trkpt lat="30.525136" lon="79.145536">
        <ele>2572.208</ele>
        <time>2019-10-28T05:08:47.000Z</time>
      </trkpt>
      <trkpt lat="30.525112" lon="79.145583">
        <ele>2572.022</ele>
        <time>2019-10-28T05:08:53.000Z</time>
      </trkpt>
      <trkpt lat="30.525064" lon="79.145603">
        <ele>2570.411</ele>
        <time>2019-10-28T05:09:03.000Z</time>
      </trkpt>
      <trkpt lat="30.525028" lon="79.145645">
        <ele>2571.171</ele>
        <time>2019-10-28T05:09:10.000Z</time>
      </trkpt>
      <trkpt lat="30.525001" lon="79.145693">
        <ele>2571.017</ele>
        <time>2019-10-28T05:09:16.000Z</time>
      </trkpt>
      <trkpt lat="30.524969" lon="79.14573">
        <ele>2570.492</ele>
        <time>2019-10-28T05:09:25.000Z</time>
      </trkpt>
      <trkpt lat="30.524952" lon="79.14578">
        <ele>2569.373</ele>
        <time>2019-10-28T05:09:34.000Z</time>
      </trkpt>
      <trkpt lat="30.52494" lon="79.145832">
        <ele>2569.459</ele>
        <time>2019-10-28T05:09:39.000Z</time>
      </trkpt>
      <trkpt lat="30.524912" lon="79.145874">
        <ele>2569.195</ele>
        <time>2019-10-28T05:09:42.000Z</time>
      </trkpt>
      <trkpt lat="30.52489" lon="79.145924">
        <ele>2569.711</ele>
        <time>2019-10-28T05:09:48.000Z</time>
      </trkpt>
      <trkpt lat="30.524862" lon="79.145971">
        <ele>2569.421</ele>
        <time>2019-10-28T05:09:52.000Z</time>
      </trkpt>
      <trkpt lat="30.524844" lon="79.146029">
        <ele>2568.003</ele>
        <time>2019-10-28T05:09:58.000Z</time>
      </trkpt>
      <trkpt lat="30.524837" lon="79.146085">
        <ele>2568.208</ele>
        <time>2019-10-28T05:10:05.000Z</time>
      </trkpt>
      <trkpt lat="30.524831" lon="79.146137">
        <ele>2566.945</ele>
        <time>2019-10-28T05:10:14.000Z</time>
      </trkpt>
      <trkpt lat="30.524825" lon="79.146196">
        <ele>2564.784</ele>
        <time>2019-10-28T05:10:21.000Z</time>
      </trkpt>
      <trkpt lat="30.5248" lon="79.14625">
        <ele>2564.274</ele>
        <time>2019-10-28T05:10:27.000Z</time>
      </trkpt>
      <trkpt lat="30.524771" lon="79.146297">
        <ele>2564.47</ele>
        <time>2019-10-28T05:10:31.000Z</time>
      </trkpt>
      <trkpt lat="30.524756" lon="79.146359">
        <ele>2564.445</ele>
        <time>2019-10-28T05:10:38.000Z</time>
      </trkpt>
      <trkpt lat="30.524745" lon="79.146417">
        <ele>2562.916</ele>
        <time>2019-10-28T05:10:43.000Z</time>
      </trkpt>
      <trkpt lat="30.524736" lon="79.146475">
        <ele>2562.762</ele>
        <time>2019-10-28T05:10:47.000Z</time>
      </trkpt>
      <trkpt lat="30.52473" lon="79.146529">
        <ele>2562.038</ele>
        <time>2019-10-28T05:10:52.000Z</time>
      </trkpt>
      <trkpt lat="30.524713" lon="79.146583">
        <ele>2561.185</ele>
        <time>2019-10-28T05:10:56.000Z</time>
      </trkpt>
      <trkpt lat="30.524722" lon="79.146638">
        <ele>2561.589</ele>
        <time>2019-10-28T05:11:03.000Z</time>
      </trkpt>
      <trkpt lat="30.524734" lon="79.146695">
        <ele>2561.217</ele>
        <time>2019-10-28T05:11:09.000Z</time>
      </trkpt>
      <trkpt lat="30.524735" lon="79.146759">
        <ele>2560.408</ele>
        <time>2019-10-28T05:11:14.000Z</time>
      </trkpt>
      <trkpt lat="30.524746" lon="79.14681">
        <ele>2559.452</ele>
        <time>2019-10-28T05:11:18.000Z</time>
      </trkpt>
      <trkpt lat="30.52477" lon="79.146857">
        <ele>2558.461</ele>
        <time>2019-10-28T05:11:27.000Z</time>
      </trkpt>
      <trkpt lat="30.524767" lon="79.146917">
        <ele>2558.941</ele>
        <time>2019-10-28T05:11:34.000Z</time>
      </trkpt>
      <trkpt lat="30.524755" lon="79.14698">
        <ele>2558.087</ele>
        <time>2019-10-28T05:11:38.000Z</time>
      </trkpt>
      <trkpt lat="30.524752" lon="79.147043">
        <ele>2557.562</ele>
        <time>2019-10-28T05:11:42.000Z</time>
      </trkpt>
      <trkpt lat="30.524782" lon="79.147091">
        <ele>2557.063</ele>
        <time>2019-10-28T05:11:47.000Z</time>
      </trkpt>
      <trkpt lat="30.524779" lon="79.147145">
        <ele>2555.419</ele>
        <time>2019-10-28T05:11:52.000Z</time>
      </trkpt>
      <trkpt lat="30.52479" lon="79.147202">
        <ele>2554.515</ele>
        <time>2019-10-28T05:11:57.000Z</time>
      </trkpt>
      <trkpt lat="30.52481" lon="79.147255">
        <ele>2553.429</ele>
        <time>2019-10-28T05:12:03.000Z</time>
      </trkpt>
      <trkpt lat="30.524828" lon="79.147309">
        <ele>2552.1</ele>
        <time>2019-10-28T05:12:09.000Z</time>
      </trkpt>
      <trkpt lat="30.524825" lon="79.147362">
        <ele>2549.92</ele>
        <time>2019-10-28T05:12:16.000Z</time>
      </trkpt>
      <trkpt lat="30.524842" lon="79.147413">
        <ele>2549.508</ele>
        <time>2019-10-28T05:12:26.000Z</time>
      </trkpt>
      <trkpt lat="30.524846" lon="79.14747">
        <ele>2548.586</ele>
        <time>2019-10-28T05:12:33.000Z</time>
      </trkpt>
      <trkpt lat="30.524877" lon="79.147513">
        <ele>2547.785</ele>
        <time>2019-10-28T05:12:41.000Z</time>
      </trkpt>
      <trkpt lat="30.524902" lon="79.147556">
        <ele>2546.595</ele>
        <time>2019-10-28T05:12:47.000Z</time>
      </trkpt>
      <trkpt lat="30.524917" lon="79.147606">
        <ele>2546.061</ele>
        <time>2019-10-28T05:12:53.000Z</time>
      </trkpt>
      <trkpt lat="30.52494" lon="79.147654">
        <ele>2544.876</ele>
        <time>2019-10-28T05:13:00.000Z</time>
      </trkpt>
      <trkpt lat="30.524964" lon="79.147702">
        <ele>2544.677</ele>
        <time>2019-10-28T05:13:08.000Z</time>
      </trkpt>
      <trkpt lat="30.524988" lon="79.147754">
        <ele>2543.513</ele>
        <time>2019-10-28T05:13:16.000Z</time>
      </trkpt>
      <trkpt lat="30.524971" lon="79.147808">
        <ele>2541.589</ele>
        <time>2019-10-28T05:13:23.000Z</time>
      </trkpt>
      <trkpt lat="30.52494" lon="79.147847">
        <ele>2541.226</ele>
        <time>2019-10-28T05:13:29.000Z</time>
      </trkpt>
      <trkpt lat="30.524935" lon="79.147899">
        <ele>2539.447</ele>
        <time>2019-10-28T05:13:37.000Z</time>
      </trkpt>
      <trkpt lat="30.524923" lon="79.147954">
        <ele>2538.811</ele>
        <time>2019-10-28T05:13:44.000Z</time>
      </trkpt>
      <trkpt lat="30.52491" lon="79.148005">
        <ele>2538.508</ele>
        <time>2019-10-28T05:13:51.000Z</time>
      </trkpt>
      <trkpt lat="30.524902" lon="79.148059">
        <ele>2537.856</ele>
        <time>2019-10-28T05:14:02.000Z</time>
      </trkpt>
      <trkpt lat="30.524896" lon="79.148115">
        <ele>2537.725</ele>
        <time>2019-10-28T05:14:11.000Z</time>
      </trkpt>
      <trkpt lat="30.524902" lon="79.14817">
        <ele>2535.765</ele>
        <time>2019-10-28T05:14:17.000Z</time>
      </trkpt>
      <trkpt lat="30.524903" lon="79.148225">
        <ele>2534.951</ele>
        <time>2019-10-28T05:14:23.000Z</time>
      </trkpt>
      <trkpt lat="30.524896" lon="79.148279">
        <ele>2533.256</ele>
        <time>2019-10-28T05:14:30.000Z</time>
      </trkpt>
      <trkpt lat="30.524903" lon="79.148333">
        <ele>2533.187</ele>
        <time>2019-10-28T05:14:38.000Z</time>
      </trkpt>
      <trkpt lat="30.524912" lon="79.14839">
        <ele>2532.473</ele>
        <time>2019-10-28T05:14:45.000Z</time>
      </trkpt>
      <trkpt lat="30.524898" lon="79.148442">
        <ele>2531.349</ele>
        <time>2019-10-28T05:14:54.000Z</time>
      </trkpt>
      <trkpt lat="30.52489" lon="79.148494">
        <ele>2531.046</ele>
        <time>2019-10-28T05:15:01.000Z</time>
      </trkpt>
      <trkpt lat="30.524881" lon="79.14855">
        <ele>2530.588</ele>
        <time>2019-10-28T05:15:07.000Z</time>
      </trkpt>
      <trkpt lat="30.524871" lon="79.148604">
        <ele>2529.416</ele>
        <time>2019-10-28T05:15:15.000Z</time>
      </trkpt>
      <trkpt lat="30.524843" lon="79.148647">
        <ele>2529.708</ele>
        <time>2019-10-28T05:15:26.000Z</time>
      </trkpt>
      <trkpt lat="30.524846" lon="79.1487">
        <ele>2531.028</ele>
        <time>2019-10-28T05:15:39.000Z</time>
      </trkpt>
      <trkpt lat="30.524864" lon="79.14875">
        <ele>2529.467</ele>
        <time>2019-10-28T05:15:49.000Z</time>
      </trkpt>
      <trkpt lat="30.524849" lon="79.148805">
        <ele>2526.277</ele>
        <time>2019-10-28T05:16:02.000Z</time>
      </trkpt>
      <trkpt lat="30.524828" lon="79.148854">
        <ele>2526.423</ele>
        <time>2019-10-28T05:16:09.000Z</time>
      </trkpt>
      <trkpt lat="30.524813" lon="79.148913">
        <ele>2521.318</ele>
        <time>2019-10-28T05:16:25.000Z</time>
      </trkpt>
      <trkpt lat="30.524814" lon="79.148966">
        <ele>2520.319</ele>
        <time>2019-10-28T05:16:34.000Z</time>
      </trkpt>
      <trkpt lat="30.524848" lon="79.149004">
        <ele>2516.285</ele>
        <time>2019-10-28T05:17:00.000Z</time>
      </trkpt>
      <trkpt lat="30.524886" lon="79.149038">
        <ele>2512.821</ele>
        <time>2019-10-28T05:17:35.000Z</time>
      </trkpt>
      <trkpt lat="30.524884" lon="79.149102">
        <ele>2511.986</ele>
        <time>2019-10-28T05:17:44.000Z</time>
      </trkpt>
      <trkpt lat="30.524866" lon="79.149154">
        <ele>2511.56</ele>
        <time>2019-10-28T05:17:51.000Z</time>
      </trkpt>
      <trkpt lat="30.524856" lon="79.149207">
        <ele>2511.126</ele>
        <time>2019-10-28T05:17:59.000Z</time>
      </trkpt>
      <trkpt lat="30.524837" lon="79.149258">
        <ele>2508.208</ele>
        <time>2019-10-28T05:18:07.000Z</time>
      </trkpt>
      <trkpt lat="30.524823" lon="79.149308">
        <ele>2503.882</ele>
        <time>2019-10-28T05:18:22.000Z</time>
      </trkpt>
      <trkpt lat="30.524806" lon="79.149358">
        <ele>2503.361</ele>
        <time>2019-10-28T05:18:27.000Z</time>
      </trkpt>
      <trkpt lat="30.524793" lon="79.149408">
        <ele>2503.121</ele>
        <time>2019-10-28T05:18:31.000Z</time>
      </trkpt>
      <trkpt lat="30.524787" lon="79.149465">
        <ele>2501.857</ele>
        <time>2019-10-28T05:18:37.000Z</time>
      </trkpt>
      <trkpt lat="30.524835" lon="79.149459">
        <ele>2501.232</ele>
        <time>2019-10-28T05:18:44.000Z</time>
      </trkpt>
      <trkpt lat="30.52488" lon="79.149441">
        <ele>2500.623</ele>
        <time>2019-10-28T05:19:02.000Z</time>
      </trkpt>
      <trkpt lat="30.524924" lon="79.149459">
        <ele>2500.319</ele>
        <time>2019-10-28T05:19:16.000Z</time>
      </trkpt>
      <trkpt lat="30.52497" lon="79.149455">
        <ele>2498.465</ele>
        <time>2019-10-28T05:19:25.000Z</time>
      </trkpt>
      <trkpt lat="30.524991" lon="79.149502">
        <ele>2495.786</ele>
        <time>2019-10-28T05:19:43.000Z</time>
      </trkpt>
      <trkpt lat="30.524997" lon="79.149556">
        <ele>2494.46</ele>
        <time>2019-10-28T05:20:14.000Z</time>
      </trkpt>
      <trkpt lat="30.524975" lon="79.149609">
        <ele>2490.726</ele>
        <time>2019-10-28T05:20:23.000Z</time>
      </trkpt>
      <trkpt lat="30.524941" lon="79.149655">
        <ele>2488.308</ele>
        <time>2019-10-28T05:20:43.000Z</time>
      </trkpt>
      <trkpt lat="30.524938" lon="79.149708">
        <ele>2484.452</ele>
        <time>2019-10-28T05:21:17.000Z</time>
      </trkpt>
      <trkpt lat="30.524946" lon="79.14976">
        <ele>2483.391</ele>
        <time>2019-10-28T05:21:30.000Z</time>
      </trkpt>
      <trkpt lat="30.524992" lon="79.149757">
        <ele>2479.561</ele>
        <time>2019-10-28T05:22:02.000Z</time>
      </trkpt>
      <trkpt lat="30.524983" lon="79.14981">
        <ele>2479.087</ele>
        <time>2019-10-28T05:22:18.000Z</time>
      </trkpt>
      <trkpt lat="30.524963" lon="79.149859">
        <ele>2476.732</ele>
        <time>2019-10-28T05:22:44.000Z</time>
      </trkpt>
      <trkpt lat="30.524998" lon="79.149899">
        <ele>2474.343</ele>
        <time>2019-10-28T05:22:56.000Z</time>
      </trkpt>
      <trkpt lat="30.525007" lon="79.149954">
        <ele>2474.169</ele>
        <time>2019-10-28T05:23:10.000Z</time>
      </trkpt>
      <trkpt lat="30.52499" lon="79.150003">
        <ele>2471.765</ele>
        <time>2019-10-28T05:23:38.000Z</time>
      </trkpt>
      <trkpt lat="30.524988" lon="79.15006">
        <ele>2470.192</ele>
        <time>2019-10-28T05:23:48.000Z</time>
      </trkpt>
      <trkpt lat="30.525022" lon="79.150094">
        <ele>2471.073</ele>
        <time>2019-10-28T05:23:56.000Z</time>
      </trkpt>
      <trkpt lat="30.524993" lon="79.150137">
        <ele>2471.02</ele>
        <time>2019-10-28T05:24:15.000Z</time>
      </trkpt>
      <trkpt lat="30.524974" lon="79.150185">
        <ele>2470.108</ele>
        <time>2019-10-28T05:24:23.000Z</time>
      </trkpt>
      <trkpt lat="30.524943" lon="79.150227">
        <ele>2469.153</ele>
        <time>2019-10-28T05:24:29.000Z</time>
      </trkpt>
      <trkpt lat="30.52499" lon="79.150242">
        <ele>2466.712</ele>
        <time>2019-10-28T05:24:42.000Z</time>
      </trkpt>
      <trkpt lat="30.525014" lon="79.150287">
        <ele>2466.222</ele>
        <time>2019-10-28T05:24:51.000Z</time>
      </trkpt>
      <trkpt lat="30.525011" lon="79.150342">
        <ele>2462.488</ele>
        <time>2019-10-28T05:25:13.000Z</time>
      </trkpt>
      <trkpt lat="30.525061" lon="79.150336">
        <ele>2459.643</ele>
        <time>2019-10-28T05:25:24.000Z</time>
      </trkpt>
      <trkpt lat="30.525106" lon="79.150338">
        <ele>2458.644</ele>
        <time>2019-10-28T05:25:39.000Z</time>
      </trkpt>
      <trkpt lat="30.525103" lon="79.150395">
        <ele>2456.32</ele>
        <time>2019-10-28T05:26:05.000Z</time>
      </trkpt>
      <trkpt lat="30.525091" lon="79.150447">
        <ele>2455.546</ele>
        <time>2019-10-28T05:26:23.000Z</time>
      </trkpt>
      <trkpt lat="30.525107" lon="79.150496">
        <ele>2454.425</ele>
        <time>2019-10-28T05:26:34.000Z</time>
      </trkpt>
      <trkpt lat="30.525116" lon="79.150549">
        <ele>2452.826</ele>
        <time>2019-10-28T05:26:41.000Z</time>
      </trkpt>
      <trkpt lat="30.525101" lon="79.150602">
        <ele>2451.908</ele>
        <time>2019-10-28T05:26:46.000Z</time>
      </trkpt>
      <trkpt lat="30.525069" lon="79.150655">
        <ele>2451.308</ele>
        <time>2019-10-28T05:26:51.000Z</time>
      </trkpt>
      <trkpt lat="30.525043" lon="79.150698">
        <ele>2451.676</ele>
        <time>2019-10-28T05:26:55.000Z</time>
      </trkpt>
      <trkpt lat="30.525047" lon="79.150757">
        <ele>2452.315</ele>
        <time>2019-10-28T05:27:00.000Z</time>
      </trkpt>
      <trkpt lat="30.525081" lon="79.150801">
        <ele>2450.595</ele>
        <time>2019-10-28T05:27:08.000Z</time>
      </trkpt>
      <trkpt lat="30.52507" lon="79.150855">
        <ele>2450.191</ele>
        <time>2019-10-28T05:27:13.000Z</time>
      </trkpt>
      <trkpt lat="30.525045" lon="79.150903">
        <ele>2449.646</ele>
        <time>2019-10-28T05:27:18.000Z</time>
      </trkpt>
      <trkpt lat="30.525016" lon="79.150946">
        <ele>2449.237</ele>
        <time>2019-10-28T05:27:23.000Z</time>
      </trkpt>
      <trkpt lat="30.525025" lon="79.151006">
        <ele>2448.453</ele>
        <time>2019-10-28T05:27:28.000Z</time>
      </trkpt>
      <trkpt lat="30.525034" lon="79.151078">
        <ele>2447.959</ele>
        <time>2019-10-28T05:27:58.000Z</time>
      </trkpt>
      <trkpt lat="30.525077" lon="79.151097">
        <ele>2445.011</ele>
        <time>2019-10-28T05:28:20.000Z</time>
      </trkpt>
      <trkpt lat="30.525088" lon="79.151155">
        <ele>2443.321</ele>
        <time>2019-10-28T05:28:29.000Z</time>
      </trkpt>
      <trkpt lat="30.525079" lon="79.151208">
        <ele>2443.803</ele>
        <time>2019-10-28T05:28:38.000Z</time>
      </trkpt>
      <trkpt lat="30.525067" lon="79.151263">
        <ele>2443.508</ele>
        <time>2019-10-28T05:28:49.000Z</time>
      </trkpt>
      <trkpt lat="30.52506" lon="79.151323">
        <ele>2442.995</ele>
        <time>2019-10-28T05:28:55.000Z</time>
      </trkpt>
      <trkpt lat="30.525055" lon="79.151376">
        <ele>2441.484</ele>
        <time>2019-10-28T05:29:01.000Z</time>
      </trkpt>
      <trkpt lat="30.525053" lon="79.151431">
        <ele>2440.294</ele>
        <time>2019-10-28T05:29:08.000Z</time>
      </trkpt>
      <trkpt lat="30.52504" lon="79.151484">
        <ele>2438.29</ele>
        <time>2019-10-28T05:29:15.000Z</time>
      </trkpt>
      <trkpt lat="30.525018" lon="79.151546">
        <ele>2437.545</ele>
        <time>2019-10-28T05:29:19.000Z</time>
      </trkpt>
      <trkpt lat="30.524988" lon="79.151595">
        <ele>2436.596</ele>
        <time>2019-10-28T05:29:24.000Z</time>
      </trkpt>
      <trkpt lat="30.524949" lon="79.151629">
        <ele>2435.172</ele>
        <time>2019-10-28T05:29:31.000Z</time>
      </trkpt>
      <trkpt lat="30.524948" lon="79.151682">
        <ele>2434.938</ele>
        <time>2019-10-28T05:29:39.000Z</time>
      </trkpt>
      <trkpt lat="30.524926" lon="79.151741">
        <ele>2431.661</ele>
        <time>2019-10-28T05:29:45.000Z</time>
      </trkpt>
      <trkpt lat="30.524906" lon="79.15179">
        <ele>2431.921</ele>
        <time>2019-10-28T05:29:50.000Z</time>
      </trkpt>
      <trkpt lat="30.524905" lon="79.151849">
        <ele>2431.013</ele>
        <time>2019-10-28T05:29:54.000Z</time>
      </trkpt>
      <trkpt lat="30.5249" lon="79.151905">
        <ele>2430.408</ele>
        <time>2019-10-28T05:29:59.000Z</time>
      </trkpt>
      <trkpt lat="30.524882" lon="79.151957">
        <ele>2431.67</ele>
        <time>2019-10-28T05:30:10.000Z</time>
      </trkpt>
      <trkpt lat="30.524925" lon="79.151976">
        <ele>2430.269</ele>
        <time>2019-10-28T05:30:23.000Z</time>
      </trkpt>
      <trkpt lat="30.524965" lon="79.152009">
        <ele>2430.259</ele>
        <time>2019-10-28T05:30:36.000Z</time>
      </trkpt>
      <trkpt lat="30.524989" lon="79.152062">
        <ele>2428.715</ele>
        <time>2019-10-28T05:30:49.000Z</time>
      </trkpt>
      <trkpt lat="30.524989" lon="79.152125">
        <ele>2427.13</ele>
        <time>2019-10-28T05:30:54.000Z</time>
      </trkpt>
      <trkpt lat="30.525019" lon="79.152171">
        <ele>2426.331</ele>
        <time>2019-10-28T05:30:59.000Z</time>
      </trkpt>
      <trkpt lat="30.525051" lon="79.152208">
        <ele>2425.937</ele>
        <time>2019-10-28T05:31:04.000Z</time>
      </trkpt>
      <trkpt lat="30.525083" lon="79.152248">
        <ele>2425.663</ele>
        <time>2019-10-28T05:31:11.000Z</time>
      </trkpt>
      <trkpt lat="30.525093" lon="79.152302">
        <ele>2423.914</ele>
        <time>2019-10-28T05:31:20.000Z</time>
      </trkpt>
      <trkpt lat="30.525061" lon="79.15234">
        <ele>2423.054</ele>
        <time>2019-10-28T05:31:40.000Z</time>
      </trkpt>
      <trkpt lat="30.525018" lon="79.152361">
        <ele>2429.009</ele>
        <time>2019-10-28T05:32:32.000Z</time>
      </trkpt>
      <trkpt lat="30.524976" lon="79.152399">
        <ele>2430.808</ele>
        <time>2019-10-28T05:32:58.000Z</time>
      </trkpt>
      <trkpt lat="30.52499" lon="79.152452">
        <ele>2429.385</ele>
        <time>2019-10-28T05:33:04.000Z</time>
      </trkpt>
      <trkpt lat="30.525001" lon="79.152506">
        <ele>2429.444</ele>
        <time>2019-10-28T05:33:20.000Z</time>
      </trkpt>
      <trkpt lat="30.52496" lon="79.152531">
        <ele>2430.664</ele>
        <time>2019-10-28T05:33:54.000Z</time>
      </trkpt>
      <trkpt lat="30.524983" lon="79.152579">
        <ele>2433.03</ele>
        <time>2019-10-28T05:34:07.000Z</time>
      </trkpt>
      <trkpt lat="30.524968" lon="79.152631">
        <ele>2434.425</ele>
        <time>2019-10-28T05:34:16.000Z</time>
      </trkpt>
      <trkpt lat="30.525011" lon="79.152658">
        <ele>2437.936</ele>
        <time>2019-10-28T05:34:27.000Z</time>
      </trkpt>
      <trkpt lat="30.524965" lon="79.152712">
        <ele>2436.732</ele>
        <time>2019-10-28T05:45:53.000Z</time>
      </trkpt>
      <trkpt lat="30.525029" lon="79.152684">
        <ele>2433.968</ele>
        <time>2019-10-28T05:47:10.000Z</time>
      </trkpt>
      <trkpt lat="30.525009" lon="79.152635">
        <ele>2430.295</ele>
        <time>2019-10-28T05:51:11.000Z</time>
      </trkpt>
      <trkpt lat="30.525053" lon="79.152656">
        <ele>2433.449</ele>
        <time>2019-10-28T05:51:24.000Z</time>
      </trkpt>
      <trkpt lat="30.525056" lon="79.15271">
        <ele>2432.223</ele>
        <time>2019-10-28T05:53:24.000Z</time>
      </trkpt>
      <trkpt lat="30.525082" lon="79.152758">
        <ele>2431.008</ele>
        <time>2019-10-28T05:53:29.000Z</time>
      </trkpt>
      <trkpt lat="30.525131" lon="79.152795">
        <ele>2429.893</ele>
        <time>2019-10-28T05:53:34.000Z</time>
      </trkpt>
      <trkpt lat="30.525174" lon="79.152812">
        <ele>2432.312</ele>
        <time>2019-10-28T05:53:40.000Z</time>
      </trkpt>
      <trkpt lat="30.525202" lon="79.152853">
        <ele>2433.162</ele>
        <time>2019-10-28T05:53:45.000Z</time>
      </trkpt>
      <trkpt lat="30.52524" lon="79.15289">
        <ele>2433.578</ele>
        <time>2019-10-28T05:53:50.000Z</time>
      </trkpt>
      <trkpt lat="30.525267" lon="79.152943">
        <ele>2433.913</ele>
        <time>2019-10-28T05:53:55.000Z</time>
      </trkpt>
      <trkpt lat="30.525286" lon="79.152998">
        <ele>2433.854</ele>
        <time>2019-10-28T05:54:00.000Z</time>
      </trkpt>
      <trkpt lat="30.525297" lon="79.153058">
        <ele>2434.19</ele>
        <time>2019-10-28T05:54:13.000Z</time>
      </trkpt>
      <trkpt lat="30.525335" lon="79.153091">
        <ele>2435.096</ele>
        <time>2019-10-28T05:54:22.000Z</time>
      </trkpt>
      <trkpt lat="30.525354" lon="79.153139">
        <ele>2435.889</ele>
        <time>2019-10-28T05:54:26.000Z</time>
      </trkpt>
      <trkpt lat="30.525369" lon="79.153194">
        <ele>2436.706</ele>
        <time>2019-10-28T05:54:30.000Z</time>
      </trkpt>
      <trkpt lat="30.525378" lon="79.153249">
        <ele>2437.126</ele>
        <time>2019-10-28T05:54:35.000Z</time>
      </trkpt>
      <trkpt lat="30.525402" lon="79.153296">
        <ele>2438.108</ele>
        <time>2019-10-28T05:54:44.000Z</time>
      </trkpt>
      <trkpt lat="30.525433" lon="79.153341">
        <ele>2439.112</ele>
        <time>2019-10-28T05:54:52.000Z</time>
      </trkpt>
      <trkpt lat="30.525474" lon="79.153382">
        <ele>2439.731</ele>
        <time>2019-10-28T05:54:58.000Z</time>
      </trkpt>
      <trkpt lat="30.525517" lon="79.153422">
        <ele>2438.831</ele>
        <time>2019-10-28T05:55:03.000Z</time>
      </trkpt>
      <trkpt lat="30.525558" lon="79.153449">
        <ele>2439.587</ele>
        <time>2019-10-28T05:55:08.000Z</time>
      </trkpt>
      <trkpt lat="30.525601" lon="79.153482">
        <ele>2439.772</ele>
        <time>2019-10-28T05:55:16.000Z</time>
      </trkpt>
      <trkpt lat="30.525619" lon="79.153535">
        <ele>2440.693</ele>
        <time>2019-10-28T05:55:23.000Z</time>
      </trkpt>
      <trkpt lat="30.525627" lon="79.153592">
        <ele>2442.049</ele>
        <time>2019-10-28T05:55:32.000Z</time>
      </trkpt>
      <trkpt lat="30.525618" lon="79.153647">
        <ele>2443.325</ele>
        <time>2019-10-28T05:55:43.000Z</time>
      </trkpt>
      <trkpt lat="30.525625" lon="79.153699">
        <ele>2444.851</ele>
        <time>2019-10-28T05:55:58.000Z</time>
      </trkpt>
      <trkpt lat="30.525627" lon="79.15376">
        <ele>2446.901</ele>
        <time>2019-10-28T05:56:13.000Z</time>
      </trkpt>
      <trkpt lat="30.525659" lon="79.153802">
        <ele>2451.211</ele>
        <time>2019-10-28T05:57:11.000Z</time>
      </trkpt>
      <trkpt lat="30.525644" lon="79.153865">
        <ele>2449.008</ele>
        <time>2019-10-28T05:57:33.000Z</time>
      </trkpt>
      <trkpt lat="30.525669" lon="79.15391">
        <ele>2449.769</ele>
        <time>2019-10-28T05:57:48.000Z</time>
      </trkpt>
      <trkpt lat="30.525714" lon="79.1539">
        <ele>2451.268</ele>
        <time>2019-10-28T05:58:06.000Z</time>
      </trkpt>
      <trkpt lat="30.525761" lon="79.153902">
        <ele>2452.118</ele>
        <time>2019-10-28T05:58:39.000Z</time>
      </trkpt>
      <trkpt lat="30.525787" lon="79.153952">
        <ele>2454.784</ele>
        <time>2019-10-28T05:59:22.000Z</time>
      </trkpt>
      <trkpt lat="30.525823" lon="79.153986">
        <ele>2456.629</ele>
        <time>2019-10-28T06:00:01.000Z</time>
      </trkpt>
      <trkpt lat="30.525871" lon="79.153989">
        <ele>2458.79</ele>
        <time>2019-10-28T06:00:32.000Z</time>
      </trkpt>
      <trkpt lat="30.525917" lon="79.154007">
        <ele>2459.086</ele>
        <time>2019-10-28T06:00:44.000Z</time>
      </trkpt>
      <trkpt lat="30.525932" lon="79.154057">
        <ele>2458.192</ele>
        <time>2019-10-28T06:01:02.000Z</time>
      </trkpt>
      <trkpt lat="30.525906" lon="79.154102">
        <ele>2460.785</ele>
        <time>2019-10-28T06:01:28.000Z</time>
      </trkpt>
      <trkpt lat="30.525861" lon="79.154112">
        <ele>2462.489</ele>
        <time>2019-10-28T06:01:42.000Z</time>
      </trkpt>
      <trkpt lat="30.525828" lon="79.15415">
        <ele>2465.217</ele>
        <time>2019-10-28T06:01:59.000Z</time>
      </trkpt>
      <trkpt lat="30.525772" lon="79.154192">
        <ele>2465.808</ele>
        <time>2019-10-28T06:02:22.000Z</time>
      </trkpt>
      <trkpt lat="30.525808" lon="79.154227">
        <ele>2468.092</ele>
        <time>2019-10-28T06:02:32.000Z</time>
      </trkpt>
      <trkpt lat="30.525777" lon="79.154271">
        <ele>2468.651</ele>
        <time>2019-10-28T06:02:38.000Z</time>
      </trkpt>
      <trkpt lat="30.525771" lon="79.154324">
        <ele>2471.571</ele>
        <time>2019-10-28T06:02:49.000Z</time>
      </trkpt>
      <trkpt lat="30.525789" lon="79.154374">
        <ele>2471.467</ele>
        <time>2019-10-28T06:02:59.000Z</time>
      </trkpt>
      <trkpt lat="30.525814" lon="79.15442">
        <ele>2472.982</ele>
        <time>2019-10-28T06:03:07.000Z</time>
      </trkpt>
      <trkpt lat="30.525778" lon="79.154454">
        <ele>2473.833</ele>
        <time>2019-10-28T06:03:20.000Z</time>
      </trkpt>
      <trkpt lat="30.525806" lon="79.154495">
        <ele>2480.599</ele>
        <time>2019-10-28T06:04:11.000Z</time>
      </trkpt>
      <trkpt lat="30.525788" lon="79.154548">
        <ele>2478.145</ele>
        <time>2019-10-28T06:04:20.000Z</time>
      </trkpt>
      <trkpt lat="30.525744" lon="79.154526">
        <ele>2480.833</ele>
        <time>2019-10-28T06:04:26.000Z</time>
      </trkpt>
      <trkpt lat="30.525758" lon="79.154576">
        <ele>2478.123</ele>
        <time>2019-10-28T06:04:51.000Z</time>
      </trkpt>
      <trkpt lat="30.525743" lon="79.154629">
        <ele>2479.315</ele>
        <time>2019-10-28T06:05:27.000Z</time>
      </trkpt>
      <trkpt lat="30.525695" lon="79.154616">
        <ele>2488.208</ele>
        <time>2019-10-28T06:05:51.000Z</time>
      </trkpt>
      <trkpt lat="30.525662" lon="79.154653">
        <ele>2486.547</ele>
        <time>2019-10-28T06:06:11.000Z</time>
      </trkpt>
      <trkpt lat="30.525705" lon="79.154681">
        <ele>2487.696</ele>
        <time>2019-10-28T06:06:25.000Z</time>
      </trkpt>
      <trkpt lat="30.525682" lon="79.15473">
        <ele>2487.176</ele>
        <time>2019-10-28T06:06:31.000Z</time>
      </trkpt>
      <trkpt lat="30.525677" lon="79.15479">
        <ele>2487.782</ele>
        <time>2019-10-28T06:06:43.000Z</time>
      </trkpt>
      <trkpt lat="30.525669" lon="79.154843">
        <ele>2487.277</ele>
        <time>2019-10-28T06:06:49.000Z</time>
      </trkpt>
      <trkpt lat="30.525668" lon="79.154898">
        <ele>2489.278</ele>
        <time>2019-10-28T06:07:18.000Z</time>
      </trkpt>
      <trkpt lat="30.525665" lon="79.154954">
        <ele>2489.094</ele>
        <time>2019-10-28T06:07:35.000Z</time>
      </trkpt>
      <trkpt lat="30.525642" lon="79.155002">
        <ele>2493.44</ele>
        <time>2019-10-28T06:08:03.000Z</time>
      </trkpt>
      <trkpt lat="30.525654" lon="79.155057">
        <ele>2495.598</ele>
        <time>2019-10-28T06:08:15.000Z</time>
      </trkpt>
      <trkpt lat="30.52565" lon="79.155113">
        <ele>2496.915</ele>
        <time>2019-10-28T06:08:26.000Z</time>
      </trkpt>
      <trkpt lat="30.525675" lon="79.155157">
        <ele>2497.526</ele>
        <time>2019-10-28T06:08:45.000Z</time>
      </trkpt>
      <trkpt lat="30.525713" lon="79.155117">
        <ele>2497.708</ele>
        <time>2019-10-28T06:08:54.000Z</time>
      </trkpt>
      <trkpt lat="30.525758" lon="79.155123">
        <ele>2497.173</ele>
        <time>2019-10-28T06:09:08.000Z</time>
      </trkpt>
      <trkpt lat="30.525799" lon="79.155144">
        <ele>2494.692</ele>
        <time>2019-10-28T06:11:09.000Z</time>
      </trkpt>
      <trkpt lat="30.525834" lon="79.155186">
        <ele>2495.652</ele>
        <time>2019-10-28T06:11:17.000Z</time>
      </trkpt>
      <trkpt lat="30.525861" lon="79.155232">
        <ele>2496.438</ele>
        <time>2019-10-28T06:11:24.000Z</time>
      </trkpt>
      <trkpt lat="30.525882" lon="79.155285">
        <ele>2496.423</ele>
        <time>2019-10-28T06:11:32.000Z</time>
      </trkpt>
      <trkpt lat="30.525885" lon="79.155337">
        <ele>2496.574</ele>
        <time>2019-10-28T06:11:38.000Z</time>
      </trkpt>
      <trkpt lat="30.525887" lon="79.155397">
        <ele>2495.12</ele>
        <time>2019-10-28T06:11:47.000Z</time>
      </trkpt>
      <trkpt lat="30.525897" lon="79.155458">
        <ele>2495.596</ele>
        <time>2019-10-28T06:11:52.000Z</time>
      </trkpt>
      <trkpt lat="30.525932" lon="79.155506">
        <ele>2495.621</ele>
        <time>2019-10-28T06:11:57.000Z</time>
      </trkpt>
      <trkpt lat="30.525951" lon="79.155554">
        <ele>2495.741</ele>
        <time>2019-10-28T06:12:01.000Z</time>
      </trkpt>
      <trkpt lat="30.525962" lon="79.155608">
        <ele>2494.605</ele>
        <time>2019-10-28T06:12:06.000Z</time>
      </trkpt>
      <trkpt lat="30.525986" lon="79.155658">
        <ele>2494.108</ele>
        <time>2019-10-28T06:12:12.000Z</time>
      </trkpt>
      <trkpt lat="30.526005" lon="79.155723">
        <ele>2493.746</ele>
        <time>2019-10-28T06:12:16.000Z</time>
      </trkpt>
      <trkpt lat="30.526006" lon="79.155779">
        <ele>2492.815</ele>
        <time>2019-10-28T06:12:21.000Z</time>
      </trkpt>
      <trkpt lat="30.526027" lon="79.155833">
        <ele>2493.255</ele>
        <time>2019-10-28T06:12:28.000Z</time>
      </trkpt>
      <trkpt lat="30.526042" lon="79.155886">
        <ele>2489.711</ele>
        <time>2019-10-28T06:12:54.000Z</time>
      </trkpt>
      <trkpt lat="30.526023" lon="79.155944">
        <ele>2489.396</ele>
        <time>2019-10-28T06:12:59.000Z</time>
      </trkpt>
      <trkpt lat="30.526021" lon="79.15601">
        <ele>2490.047</ele>
        <time>2019-10-28T06:13:03.000Z</time>
      </trkpt>
      <trkpt lat="30.52602" lon="79.15607">
        <ele>2490.723</ele>
        <time>2019-10-28T06:13:07.000Z</time>
      </trkpt>
      <trkpt lat="30.526018" lon="79.156122">
        <ele>2492.149</ele>
        <time>2019-10-28T06:13:11.000Z</time>
      </trkpt>
      <trkpt lat="30.526008" lon="79.15618">
        <ele>2492.975</ele>
        <time>2019-10-28T06:13:36.000Z</time>
      </trkpt>
      <trkpt lat="30.525997" lon="79.156239">
        <ele>2494.228</ele>
        <time>2019-10-28T06:13:41.000Z</time>
      </trkpt>
      <trkpt lat="30.526005" lon="79.156294">
        <ele>2493.12</ele>
        <time>2019-10-28T06:13:48.000Z</time>
      </trkpt>
      <trkpt lat="30.526006" lon="79.156349">
        <ele>2493.708</ele>
        <time>2019-10-28T06:13:53.000Z</time>
      </trkpt>
      <trkpt lat="30.526018" lon="79.156405">
        <ele>2493.751</ele>
        <time>2019-10-28T06:13:58.000Z</time>
      </trkpt>
      <trkpt lat="30.526027" lon="79.156461">
        <ele>2495.56</ele>
        <time>2019-10-28T06:14:03.000Z</time>
      </trkpt>
      <trkpt lat="30.526032" lon="79.156517">
        <ele>2496.45</ele>
        <time>2019-10-28T06:14:08.000Z</time>
      </trkpt>
      <trkpt lat="30.52603" lon="79.156571">
        <ele>2497.536</ele>
        <time>2019-10-28T06:14:12.000Z</time>
      </trkpt>
      <trkpt lat="30.526028" lon="79.15663">
        <ele>2496.781</ele>
        <time>2019-10-28T06:14:17.000Z</time>
      </trkpt>
      <trkpt lat="30.526041" lon="79.156688">
        <ele>2496.732</ele>
        <time>2019-10-28T06:14:25.000Z</time>
      </trkpt>
      <trkpt lat="30.52604" lon="79.156749">
        <ele>2495.138</ele>
        <time>2019-10-28T06:14:34.000Z</time>
      </trkpt>
      <trkpt lat="30.526037" lon="79.156809">
        <ele>2494.864</ele>
        <time>2019-10-28T06:14:41.000Z</time>
      </trkpt>
      <trkpt lat="30.526042" lon="79.15687">
        <ele>2494.398</ele>
        <time>2019-10-28T06:14:46.000Z</time>
      </trkpt>
      <trkpt lat="30.526049" lon="79.156925">
        <ele>2496.015</ele>
        <time>2019-10-28T06:14:51.000Z</time>
      </trkpt>
      <trkpt lat="30.526063" lon="79.156981">
        <ele>2492.926</ele>
        <time>2019-10-28T06:14:59.000Z</time>
      </trkpt>
      <trkpt lat="30.526065" lon="79.157039">
        <ele>2493.108</ele>
        <time>2019-10-28T06:15:05.000Z</time>
      </trkpt>
      <trkpt lat="30.52608" lon="79.157095">
        <ele>2493.313</ele>
        <time>2019-10-28T06:15:11.000Z</time>
      </trkpt>
      <trkpt lat="30.526099" lon="79.157149">
        <ele>2493.512</ele>
        <time>2019-10-28T06:15:15.000Z</time>
      </trkpt>
      <trkpt lat="30.526102" lon="79.157203">
        <ele>2493.232</ele>
        <time>2019-10-28T06:15:19.000Z</time>
      </trkpt>
      <trkpt lat="30.526106" lon="79.157257">
        <ele>2492.688</ele>
        <time>2019-10-28T06:15:25.000Z</time>
      </trkpt>
      <trkpt lat="30.526095" lon="79.157325">
        <ele>2492.023</ele>
        <time>2019-10-28T06:15:30.000Z</time>
      </trkpt>
      <trkpt lat="30.52609" lon="79.157386">
        <ele>2491.944</ele>
        <time>2019-10-28T06:15:33.000Z</time>
      </trkpt>
      <trkpt lat="30.526077" lon="79.157446">
        <ele>2491.27</ele>
        <time>2019-10-28T06:15:37.000Z</time>
      </trkpt>
      <trkpt lat="30.526097" lon="79.157499">
        <ele>2490.386</ele>
        <time>2019-10-28T06:15:44.000Z</time>
      </trkpt>
      <trkpt lat="30.526087" lon="79.15755">
        <ele>2489.738</ele>
        <time>2019-10-28T06:15:52.000Z</time>
      </trkpt>
      <trkpt lat="30.526088" lon="79.157607">
        <ele>2488.37</ele>
        <time>2019-10-28T06:15:59.000Z</time>
      </trkpt>
      <trkpt lat="30.526065" lon="79.157663">
        <ele>2488.117</ele>
        <time>2019-10-28T06:16:07.000Z</time>
      </trkpt>
      <trkpt lat="30.526045" lon="79.157714">
        <ele>2487.808</ele>
        <time>2019-10-28T06:16:11.000Z</time>
      </trkpt>
      <trkpt lat="30.526056" lon="79.157774">
        <ele>2486.947</ele>
        <time>2019-10-28T06:16:16.000Z</time>
      </trkpt>
      <trkpt lat="30.526077" lon="79.157822">
        <ele>2486.746</ele>
        <time>2019-10-28T06:16:21.000Z</time>
      </trkpt>
      <trkpt lat="30.526095" lon="79.157878">
        <ele>2485.796</ele>
        <time>2019-10-28T06:16:26.000Z</time>
      </trkpt>
      <trkpt lat="30.526103" lon="79.157937">
        <ele>2485.782</ele>
        <time>2019-10-28T06:16:31.000Z</time>
      </trkpt>
      <trkpt lat="30.526136" lon="79.157981">
        <ele>2485.787</ele>
        <time>2019-10-28T06:16:39.000Z</time>
      </trkpt>
      <trkpt lat="30.526132" lon="79.15804">
        <ele>2485.548</ele>
        <time>2019-10-28T06:16:44.000Z</time>
      </trkpt>
      <trkpt lat="30.526148" lon="79.15809">
        <ele>2484.784</ele>
        <time>2019-10-28T06:16:53.000Z</time>
      </trkpt>
      <trkpt lat="30.526168" lon="79.15814">
        <ele>2482.35</ele>
        <time>2019-10-28T06:17:02.000Z</time>
      </trkpt>
      <trkpt lat="30.526199" lon="79.158178">
        <ele>2481.871</ele>
        <time>2019-10-28T06:17:08.000Z</time>
      </trkpt>
      <trkpt lat="30.526213" lon="79.158228">
        <ele>2481.541</ele>
        <time>2019-10-28T06:17:18.000Z</time>
      </trkpt>
      <trkpt lat="30.526209" lon="79.158281">
        <ele>2481.215</ele>
        <time>2019-10-28T06:17:24.000Z</time>
      </trkpt>
      <trkpt lat="30.526197" lon="79.158333">
        <ele>2480.708</ele>
        <time>2019-10-28T06:17:31.000Z</time>
      </trkpt>
      <trkpt lat="30.526208" lon="79.158384">
        <ele>2479.941</ele>
        <time>2019-10-28T06:17:37.000Z</time>
      </trkpt>
      <trkpt lat="30.526193" lon="79.158437">
        <ele>2478.89</ele>
        <time>2019-10-28T06:17:42.000Z</time>
      </trkpt>
      <trkpt lat="30.526169" lon="79.158486">
        <ele>2479.56</ele>
        <time>2019-10-28T06:17:46.000Z</time>
      </trkpt>
      <trkpt lat="30.526159" lon="79.158539">
        <ele>2479.516</ele>
        <time>2019-10-28T06:17:50.000Z</time>
      </trkpt>
      <trkpt lat="30.526185" lon="79.158588">
        <ele>2478.181</ele>
        <time>2019-10-28T06:17:55.000Z</time>
      </trkpt>
      <trkpt lat="30.526206" lon="79.158642">
        <ele>2478.162</ele>
        <time>2019-10-28T06:18:03.000Z</time>
      </trkpt>
      <trkpt lat="30.526205" lon="79.158696">
        <ele>2477.038</ele>
        <time>2019-10-28T06:18:09.000Z</time>
      </trkpt>
      <trkpt lat="30.526239" lon="79.158733">
        <ele>2473.124</ele>
        <time>2019-10-28T06:18:24.000Z</time>
      </trkpt>
      <trkpt lat="30.526276" lon="79.158773">
        <ele>2473.227</ele>
        <time>2019-10-28T06:18:32.000Z</time>
      </trkpt>
      <trkpt lat="30.526284" lon="79.158828">
        <ele>2471.268</ele>
        <time>2019-10-28T06:18:44.000Z</time>
      </trkpt>
      <trkpt lat="30.526271" lon="79.158879">
        <ele>2472.114</ele>
        <time>2019-10-28T06:18:49.000Z</time>
      </trkpt>
      <trkpt lat="30.5263" lon="79.158924">
        <ele>2471.108</ele>
        <time>2019-10-28T06:18:56.000Z</time>
      </trkpt>
      <trkpt lat="30.526309" lon="79.158983">
        <ele>2471.996</ele>
        <time>2019-10-28T06:19:02.000Z</time>
      </trkpt>
      <trkpt lat="30.526317" lon="79.159036">
        <ele>2472.045</ele>
        <time>2019-10-28T06:19:06.000Z</time>
      </trkpt>
      <trkpt lat="30.526312" lon="79.159095">
        <ele>2473.315</ele>
        <time>2019-10-28T06:19:11.000Z</time>
      </trkpt>
      <trkpt lat="30.526299" lon="79.15915">
        <ele>2475.611</ele>
        <time>2019-10-28T06:19:36.000Z</time>
      </trkpt>
      <trkpt lat="30.526289" lon="79.159216">
        <ele>2477.256</ele>
        <time>2019-10-28T06:19:41.000Z</time>
      </trkpt>
      <trkpt lat="30.526287" lon="79.159275">
        <ele>2479.387</ele>
        <time>2019-10-28T06:19:46.000Z</time>
      </trkpt>
      <trkpt lat="30.526305" lon="79.15933">
        <ele>2480.433</ele>
        <time>2019-10-28T06:19:52.000Z</time>
      </trkpt>
      <trkpt lat="30.526316" lon="79.159381">
        <ele>2479.829</ele>
        <time>2019-10-28T06:20:00.000Z</time>
      </trkpt>
      <trkpt lat="30.526328" lon="79.159434">
        <ele>2479.955</ele>
        <time>2019-10-28T06:20:07.000Z</time>
      </trkpt>
      <trkpt lat="30.526354" lon="79.159482">
        <ele>2480.607</ele>
        <time>2019-10-28T06:20:14.000Z</time>
      </trkpt>
      <trkpt lat="30.526378" lon="79.159529">
        <ele>2480.717</ele>
        <time>2019-10-28T06:20:21.000Z</time>
      </trkpt>
      <trkpt lat="30.526411" lon="79.159567">
        <ele>2478.708</ele>
        <time>2019-10-28T06:20:27.000Z</time>
      </trkpt>
      <trkpt lat="30.526429" lon="79.159618">
        <ele>2478.629</ele>
        <time>2019-10-28T06:20:33.000Z</time>
      </trkpt>
      <trkpt lat="30.526453" lon="79.159668">
        <ele>2477.448</ele>
        <time>2019-10-28T06:20:38.000Z</time>
      </trkpt>
      <trkpt lat="30.526484" lon="79.159708">
        <ele>2476.878</ele>
        <time>2019-10-28T06:20:43.000Z</time>
      </trkpt>
      <trkpt lat="30.526534" lon="79.159672">
        <ele>2476.294</ele>
        <time>2019-10-28T06:20:50.000Z</time>
      </trkpt>
      <trkpt lat="30.526575" lon="79.159642">
        <ele>2476.069</ele>
        <time>2019-10-28T06:20:53.000Z</time>
      </trkpt>
      <trkpt lat="30.526616" lon="79.15967">
        <ele>2475.56</ele>
        <time>2019-10-28T06:20:58.000Z</time>
      </trkpt>
      <trkpt lat="30.52664" lon="79.159716">
        <ele>2475.116</ele>
        <time>2019-10-28T06:21:03.000Z</time>
      </trkpt>
      <trkpt lat="30.526689" lon="79.159739">
        <ele>2474.542</ele>
        <time>2019-10-28T06:21:08.000Z</time>
      </trkpt>
      <trkpt lat="30.526717" lon="79.159793">
        <ele>2473.363</ele>
        <time>2019-10-28T06:21:12.000Z</time>
      </trkpt>
      <trkpt lat="30.526763" lon="79.159806">
        <ele>2470.744</ele>
        <time>2019-10-28T06:21:17.000Z</time>
      </trkpt>
      <trkpt lat="30.526814" lon="79.159812">
        <ele>2468.418</ele>
        <time>2019-10-28T06:21:23.000Z</time>
      </trkpt>
      <trkpt lat="30.52686" lon="79.159818">
        <ele>2464.908</ele>
        <time>2019-10-28T06:21:35.000Z</time>
      </trkpt>
      <trkpt lat="30.526907" lon="79.159831">
        <ele>2464.78</ele>
        <time>2019-10-28T06:21:47.000Z</time>
      </trkpt>
      <trkpt lat="30.526929" lon="79.15988">
        <ele>2464.839</ele>
        <time>2019-10-28T06:21:51.000Z</time>
      </trkpt>
      <trkpt lat="30.526931" lon="79.159936">
        <ele>2464.499</ele>
        <time>2019-10-28T06:21:56.000Z</time>
      </trkpt>
      <trkpt lat="30.52692" lon="79.160003">
        <ele>2464.075</ele>
        <time>2019-10-28T06:22:03.000Z</time>
      </trkpt>
      <trkpt lat="30.52692" lon="79.160059">
        <ele>2463.62</ele>
        <time>2019-10-28T06:22:08.000Z</time>
      </trkpt>
      <trkpt lat="30.52693" lon="79.160116">
        <ele>2464.691</ele>
        <time>2019-10-28T06:22:12.000Z</time>
      </trkpt>
      <trkpt lat="30.526935" lon="79.160174">
        <ele>2464.747</ele>
        <time>2019-10-28T06:22:16.000Z</time>
      </trkpt>
      <trkpt lat="30.526944" lon="79.160228">
        <ele>2463.853</ele>
        <time>2019-10-28T06:22:20.000Z</time>
      </trkpt>
      <trkpt lat="30.52691" lon="79.160277">
        <ele>2462.632</ele>
        <time>2019-10-28T06:22:27.000Z</time>
      </trkpt>
      <trkpt lat="30.526901" lon="79.160334">
        <ele>2463.092</ele>
        <time>2019-10-28T06:22:30.000Z</time>
      </trkpt>
      <trkpt lat="30.526899" lon="79.160392">
        <ele>2462.911</ele>
        <time>2019-10-28T06:22:33.000Z</time>
      </trkpt>
      <trkpt lat="30.526899" lon="79.160445">
        <ele>2463.408</ele>
        <time>2019-10-28T06:22:36.000Z</time>
      </trkpt>
      <trkpt lat="30.526901" lon="79.160503">
        <ele>2463.817</ele>
        <time>2019-10-28T06:22:43.000Z</time>
      </trkpt>
      <trkpt lat="30.526898" lon="79.160569">
        <ele>2463.426</ele>
        <time>2019-10-28T06:22:49.000Z</time>
      </trkpt>
      <trkpt lat="30.5269" lon="79.160624">
        <ele>2462.496</ele>
        <time>2019-10-28T06:22:54.000Z</time>
      </trkpt>
      <trkpt lat="30.526907" lon="79.160677">
        <ele>2463.462</ele>
        <time>2019-10-28T06:23:23.000Z</time>
      </trkpt>
      <trkpt lat="30.526894" lon="79.160735">
        <ele>2463.737</ele>
        <time>2019-10-28T06:23:27.000Z</time>
      </trkpt>
      <trkpt lat="30.526887" lon="79.160794">
        <ele>2462.938</ele>
        <time>2019-10-28T06:23:32.000Z</time>
      </trkpt>
      <trkpt lat="30.52688" lon="79.160858">
        <ele>2463.474</ele>
        <time>2019-10-28T06:23:36.000Z</time>
      </trkpt>
      <trkpt lat="30.526889" lon="79.160909">
        <ele>2463.25</ele>
        <time>2019-10-28T06:23:42.000Z</time>
      </trkpt>
      <trkpt lat="30.526919" lon="79.160954">
        <ele>2464.288</ele>
        <time>2019-10-28T06:23:50.000Z</time>
      </trkpt>
      <trkpt lat="30.526937" lon="79.161008">
        <ele>2464.324</ele>
        <time>2019-10-28T06:23:56.000Z</time>
      </trkpt>
      <trkpt lat="30.526953" lon="79.161063">
        <ele>2462.426</ele>
        <time>2019-10-28T06:24:15.000Z</time>
      </trkpt>
      <trkpt lat="30.52696" lon="79.161126">
        <ele>2461.208</ele>
        <time>2019-10-28T06:24:22.000Z</time>
      </trkpt>
      <trkpt lat="30.527001" lon="79.161166">
        <ele>2461.632</ele>
        <time>2019-10-28T06:24:27.000Z</time>
      </trkpt>
      <trkpt lat="30.527026" lon="79.161211">
        <ele>2461.431</ele>
        <time>2019-10-28T06:24:31.000Z</time>
      </trkpt>
      <trkpt lat="30.527057" lon="79.16126">
        <ele>2460.541</ele>
        <time>2019-10-28T06:24:36.000Z</time>
      </trkpt>
      <trkpt lat="30.52708" lon="79.161315">
        <ele>2460.327</ele>
        <time>2019-10-28T06:24:41.000Z</time>
      </trkpt>
      <trkpt lat="30.527113" lon="79.161356">
        <ele>2460.972</ele>
        <time>2019-10-28T06:24:47.000Z</time>
      </trkpt>
      <trkpt lat="30.527143" lon="79.161439">
        <ele>2462.433</ele>
        <time>2019-10-28T06:25:20.000Z</time>
      </trkpt>
      <trkpt lat="30.527148" lon="79.161496">
        <ele>2463.769</ele>
        <time>2019-10-28T06:25:36.000Z</time>
      </trkpt>
      <trkpt lat="30.527161" lon="79.161547">
        <ele>2464.765</ele>
        <time>2019-10-28T06:25:45.000Z</time>
      </trkpt>
      <trkpt lat="30.527203" lon="79.161566">
        <ele>2465.671</ele>
        <time>2019-10-28T06:25:55.000Z</time>
      </trkpt>
      <trkpt lat="30.527234" lon="79.161606">
        <ele>2465.441</ele>
        <time>2019-10-28T06:26:00.000Z</time>
      </trkpt>
      <trkpt lat="30.527267" lon="79.161651">
        <ele>2464.815</ele>
        <time>2019-10-28T06:26:04.000Z</time>
      </trkpt>
      <trkpt lat="30.527308" lon="79.161688">
        <ele>2465.508</ele>
        <time>2019-10-28T06:26:10.000Z</time>
      </trkpt>
      <trkpt lat="30.527342" lon="79.161725">
        <ele>2466.071</ele>
        <time>2019-10-28T06:26:20.000Z</time>
      </trkpt>
      <trkpt lat="30.527372" lon="79.161769">
        <ele>2467.99</ele>
        <time>2019-10-28T06:26:49.000Z</time>
      </trkpt>
      <trkpt lat="30.527407" lon="79.161805">
        <ele>2469.04</ele>
        <time>2019-10-28T06:26:55.000Z</time>
      </trkpt>
      <trkpt lat="30.527423" lon="79.161861">
        <ele>2469.576</ele>
        <time>2019-10-28T06:27:06.000Z</time>
      </trkpt>
      <trkpt lat="30.527439" lon="79.161916">
        <ele>2469.811</ele>
        <time>2019-10-28T06:27:13.000Z</time>
      </trkpt>
      <trkpt lat="30.527397" lon="79.161943">
        <ele>2472.162</ele>
        <time>2019-10-28T06:27:38.000Z</time>
      </trkpt>
      <trkpt lat="30.527432" lon="79.162013">
        <ele>2472.278</ele>
        <time>2019-10-28T06:27:54.000Z</time>
      </trkpt>
      <trkpt lat="30.527392" lon="79.161899">
        <ele>2473.314</ele>
        <time>2019-10-28T06:28:19.000Z</time>
      </trkpt>
      <trkpt lat="30.527381" lon="79.161956">
        <ele>2472.587</ele>
        <time>2019-10-28T06:28:31.000Z</time>
      </trkpt>
      <trkpt lat="30.527363" lon="79.162017">
        <ele>2474.542</ele>
        <time>2019-10-28T06:28:38.000Z</time>
      </trkpt>
      <trkpt lat="30.527332" lon="79.16206">
        <ele>2475.726</ele>
        <time>2019-10-28T06:28:47.000Z</time>
      </trkpt>
      <trkpt lat="30.527298" lon="79.162097">
        <ele>2475.108</ele>
        <time>2019-10-28T06:28:51.000Z</time>
      </trkpt>
      <trkpt lat="30.527266" lon="79.162143">
        <ele>2472.772</ele>
        <time>2019-10-28T06:29:02.000Z</time>
      </trkpt>
      <trkpt lat="30.527223" lon="79.16217">
        <ele>2471.871</ele>
        <time>2019-10-28T06:29:09.000Z</time>
      </trkpt>
      <trkpt lat="30.527192" lon="79.162219">
        <ele>2470.831</ele>
        <time>2019-10-28T06:29:17.000Z</time>
      </trkpt>
      <trkpt lat="30.527147" lon="79.16224">
        <ele>2470.697</ele>
        <time>2019-10-28T06:29:24.000Z</time>
      </trkpt>
      <trkpt lat="30.527133" lon="79.162296">
        <ele>2471.062</ele>
        <time>2019-10-28T06:29:31.000Z</time>
      </trkpt>
      <trkpt lat="30.527098" lon="79.162345">
        <ele>2472.053</ele>
        <time>2019-10-28T06:29:38.000Z</time>
      </trkpt>
      <trkpt lat="30.527053" lon="79.162373">
        <ele>2472.069</ele>
        <time>2019-10-28T06:29:44.000Z</time>
      </trkpt>
      <trkpt lat="30.52701" lon="79.162389">
        <ele>2473.375</ele>
        <time>2019-10-28T06:30:00.000Z</time>
      </trkpt>
      <trkpt lat="30.527012" lon="79.162449">
        <ele>2472.286</ele>
        <time>2019-10-28T06:30:18.000Z</time>
      </trkpt>
      <trkpt lat="30.526999" lon="79.162507">
        <ele>2472.56</ele>
        <time>2019-10-28T06:30:27.000Z</time>
      </trkpt>
      <trkpt lat="30.526953" lon="79.162504">
        <ele>2472.426</ele>
        <time>2019-10-28T06:30:40.000Z</time>
      </trkpt>
      <trkpt lat="30.526952" lon="79.162448">
        <ele>2471.108</ele>
        <time>2019-10-28T06:30:49.000Z</time>
      </trkpt>
      <trkpt lat="30.526986" lon="79.162412">
        <ele>2469.962</ele>
        <time>2019-10-28T06:30:55.000Z</time>
      </trkpt>
      <trkpt lat="30.526975" lon="79.162463">
        <ele>2471.411</ele>
        <time>2019-10-28T06:31:10.000Z</time>
      </trkpt>
      <trkpt lat="30.526959" lon="79.162515">
        <ele>2471.331</ele>
        <time>2019-10-28T06:31:18.000Z</time>
      </trkpt>
      <trkpt lat="30.526933" lon="79.162559">
        <ele>2474.447</ele>
        <time>2019-10-28T06:31:56.000Z</time>
      </trkpt>
      <trkpt lat="30.526887" lon="79.162564">
        <ele>2475.892</ele>
        <time>2019-10-28T06:32:04.000Z</time>
      </trkpt>
      <trkpt lat="30.526867" lon="79.162614">
        <ele>2475.723</ele>
        <time>2019-10-28T06:32:14.000Z</time>
      </trkpt>
      <trkpt lat="30.526874" lon="79.162691">
        <ele>2476.439</ele>
        <time>2019-10-28T06:32:23.000Z</time>
      </trkpt>
      <trkpt lat="30.526849" lon="79.162737">
        <ele>2477.125</ele>
        <time>2019-10-28T06:32:45.000Z</time>
      </trkpt>
      <trkpt lat="30.526806" lon="79.162759">
        <ele>2477.623</ele>
        <time>2019-10-28T06:32:50.000Z</time>
      </trkpt>
      <trkpt lat="30.526769" lon="79.162798">
        <ele>2477.583</ele>
        <time>2019-10-28T06:32:59.000Z</time>
      </trkpt>
      <trkpt lat="30.526731" lon="79.162844">
        <ele>2475.811</ele>
        <time>2019-10-28T06:33:06.000Z</time>
      </trkpt>
      <trkpt lat="30.526708" lon="79.162895">
        <ele>2475.408</ele>
        <time>2019-10-28T06:33:11.000Z</time>
      </trkpt>
      <trkpt lat="30.526661" lon="79.162909">
        <ele>2475.766</ele>
        <time>2019-10-28T06:33:18.000Z</time>
      </trkpt>
      <trkpt lat="30.526656" lon="79.162962">
        <ele>2475.765</ele>
        <time>2019-10-28T06:33:26.000Z</time>
      </trkpt>
      <trkpt lat="30.526629" lon="79.163004">
        <ele>2476.165</ele>
        <time>2019-10-28T06:33:33.000Z</time>
      </trkpt>
      <trkpt lat="30.526622" lon="79.163057">
        <ele>2477.381</ele>
        <time>2019-10-28T06:33:39.000Z</time>
      </trkpt>
      <trkpt lat="30.5266" lon="79.163111">
        <ele>2478.066</ele>
        <time>2019-10-28T06:33:46.000Z</time>
      </trkpt>
      <trkpt lat="30.526585" lon="79.163178">
        <ele>2479.977</ele>
        <time>2019-10-28T06:34:04.000Z</time>
      </trkpt>
      <trkpt lat="30.526616" lon="79.163225">
        <ele>2481.033</ele>
        <time>2019-10-28T06:34:20.000Z</time>
      </trkpt>
      <trkpt lat="30.526649" lon="79.163266">
        <ele>2482.999</ele>
        <time>2019-10-28T06:34:24.000Z</time>
      </trkpt>
      <trkpt lat="30.526603" lon="79.163287">
        <ele>2483.575</ele>
        <time>2019-10-28T06:34:39.000Z</time>
      </trkpt>
      <trkpt lat="30.52658" lon="79.163333">
        <ele>2485.728</ele>
        <time>2019-10-28T06:34:43.000Z</time>
      </trkpt>
      <trkpt lat="30.526543" lon="79.163373">
        <ele>2485.62</ele>
        <time>2019-10-28T06:34:48.000Z</time>
      </trkpt>
      <trkpt lat="30.526536" lon="79.163427">
        <ele>2487.108</ele>
        <time>2019-10-28T06:34:54.000Z</time>
      </trkpt>
      <trkpt lat="30.526505" lon="79.163469">
        <ele>2486.531</ele>
        <time>2019-10-28T06:35:15.000Z</time>
      </trkpt>
      <trkpt lat="30.52648" lon="79.163519">
        <ele>2489.29</ele>
        <time>2019-10-28T06:35:23.000Z</time>
      </trkpt>
      <trkpt lat="30.526451" lon="79.163566">
        <ele>2487.93</ele>
        <time>2019-10-28T06:35:29.000Z</time>
      </trkpt>
      <trkpt lat="30.526419" lon="79.163617">
        <ele>2488.366</ele>
        <time>2019-10-28T06:35:35.000Z</time>
      </trkpt>
      <trkpt lat="30.52639" lon="79.163679">
        <ele>2487.891</ele>
        <time>2019-10-28T06:35:40.000Z</time>
      </trkpt>
      <trkpt lat="30.526369" lon="79.163732">
        <ele>2488.882</ele>
        <time>2019-10-28T06:35:44.000Z</time>
      </trkpt>
      <trkpt lat="30.526349" lon="79.163785">
        <ele>2489.088</ele>
        <time>2019-10-28T06:35:50.000Z</time>
      </trkpt>
      <trkpt lat="30.526317" lon="79.163725">
        <ele>2488.454</ele>
        <time>2019-10-28T06:35:56.000Z</time>
      </trkpt>
      <trkpt lat="30.526296" lon="79.163773">
        <ele>2489.669</ele>
        <time>2019-10-28T06:36:05.000Z</time>
      </trkpt>
      <trkpt lat="30.526296" lon="79.163837">
        <ele>2491.504</ele>
        <time>2019-10-28T06:36:09.000Z</time>
      </trkpt>
      <trkpt lat="30.526289" lon="79.163889">
        <ele>2491.824</ele>
        <time>2019-10-28T06:36:13.000Z</time>
      </trkpt>
      <trkpt lat="30.526282" lon="79.163945">
        <ele>2492.508</ele>
        <time>2019-10-28T06:36:18.000Z</time>
      </trkpt>
      <trkpt lat="30.52626" lon="79.163994">
        <ele>2492.68</ele>
        <time>2019-10-28T06:36:22.000Z</time>
      </trkpt>
      <trkpt lat="30.526228" lon="79.164043">
        <ele>2492.959</ele>
        <time>2019-10-28T06:36:27.000Z</time>
      </trkpt>
      <trkpt lat="30.526236" lon="79.164111">
        <ele>2492.259</ele>
        <time>2019-10-28T06:36:34.000Z</time>
      </trkpt>
      <trkpt lat="30.526197" lon="79.164143">
        <ele>2492.815</ele>
        <time>2019-10-28T06:36:48.000Z</time>
      </trkpt>
      <trkpt lat="30.526159" lon="79.164171">
        <ele>2493.13</ele>
        <time>2019-10-28T06:36:57.000Z</time>
      </trkpt>
      <trkpt lat="30.526159" lon="79.164227">
        <ele>2492.811</ele>
        <time>2019-10-28T06:37:00.000Z</time>
      </trkpt>
      <trkpt lat="30.526138" lon="79.164281">
        <ele>2493.047</ele>
        <time>2019-10-28T06:37:03.000Z</time>
      </trkpt>
      <trkpt lat="30.526127" lon="79.164339">
        <ele>2492.633</ele>
        <time>2019-10-28T06:37:08.000Z</time>
      </trkpt>
      <trkpt lat="30.526116" lon="79.164392">
        <ele>2492.135</ele>
        <time>2019-10-28T06:37:18.000Z</time>
      </trkpt>
      <trkpt lat="30.526075" lon="79.164431">
        <ele>2492.586</ele>
        <time>2019-10-28T06:37:26.000Z</time>
      </trkpt>
      <trkpt lat="30.526119" lon="79.164451">
        <ele>2493.314</ele>
        <time>2019-10-28T06:37:38.000Z</time>
      </trkpt>
      <trkpt lat="30.526159" lon="79.164476">
        <ele>2491.808</ele>
        <time>2019-10-28T06:37:46.000Z</time>
      </trkpt>
      <trkpt lat="30.526124" lon="79.164511">
        <ele>2491.747</ele>
        <time>2019-10-28T06:38:04.000Z</time>
      </trkpt>
      <trkpt lat="30.526122" lon="79.164565">
        <ele>2493.186</ele>
        <time>2019-10-28T06:38:18.000Z</time>
      </trkpt>
      <trkpt lat="30.526105" lon="79.164626">
        <ele>2494.316</ele>
        <time>2019-10-28T06:38:36.000Z</time>
      </trkpt>
      <trkpt lat="30.526118" lon="79.164708">
        <ele>2496.522</ele>
        <time>2019-10-28T06:38:53.000Z</time>
      </trkpt>
      <trkpt lat="30.526109" lon="79.16476">
        <ele>2498.537</ele>
        <time>2019-10-28T06:39:05.000Z</time>
      </trkpt>
      <trkpt lat="30.526126" lon="79.164809">
        <ele>2498.898</ele>
        <time>2019-10-28T06:39:36.000Z</time>
      </trkpt>
      <trkpt lat="30.526116" lon="79.164867">
        <ele>2500.524</ele>
        <time>2019-10-28T06:39:52.000Z</time>
      </trkpt>
      <trkpt lat="30.526111" lon="79.164921">
        <ele>2501.21</ele>
        <time>2019-10-28T06:40:01.000Z</time>
      </trkpt>
      <trkpt lat="30.526097" lon="79.164973">
        <ele>2500.485</ele>
        <time>2019-10-28T06:40:10.000Z</time>
      </trkpt>
      <trkpt lat="30.526099" lon="79.165036">
        <ele>2499.589</ele>
        <time>2019-10-28T06:40:17.000Z</time>
      </trkpt>
      <trkpt lat="30.526101" lon="79.165095">
        <ele>2498.617</ele>
        <time>2019-10-28T06:40:24.000Z</time>
      </trkpt>
      <trkpt lat="30.526122" lon="79.165147">
        <ele>2499.608</ele>
        <time>2019-10-28T06:40:32.000Z</time>
      </trkpt>
      <trkpt lat="30.526121" lon="79.165206">
        <ele>2499.542</ele>
        <time>2019-10-28T06:40:40.000Z</time>
      </trkpt>
      <trkpt lat="30.526133" lon="79.165259">
        <ele>2498.741</ele>
        <time>2019-10-28T06:40:47.000Z</time>
      </trkpt>
      <trkpt lat="30.526154" lon="79.165307">
        <ele>2498.851</ele>
        <time>2019-10-28T06:40:55.000Z</time>
      </trkpt>
      <trkpt lat="30.526178" lon="79.165364">
        <ele>2499.647</ele>
        <time>2019-10-28T06:41:53.000Z</time>
      </trkpt>
      <trkpt lat="30.52623" lon="79.165373">
        <ele>2510.642</ele>
        <time>2019-10-28T06:43:01.000Z</time>
      </trkpt>
      <trkpt lat="30.526279" lon="79.165375">
        <ele>2511.683</ele>
        <time>2019-10-28T06:43:06.000Z</time>
      </trkpt>
      <trkpt lat="30.52629" lon="79.165427">
        <ele>2509.929</ele>
        <time>2019-10-28T06:44:00.000Z</time>
      </trkpt>
      <trkpt lat="30.526229" lon="79.165424">
        <ele>2506.995</ele>
        <time>2019-10-28T06:45:38.000Z</time>
      </trkpt>
      <trkpt lat="30.526268" lon="79.165393">
        <ele>2508.277</ele>
        <time>2019-10-28T06:47:53.000Z</time>
      </trkpt>
      <trkpt lat="30.526243" lon="79.165444">
        <ele>2503.861</ele>
        <time>2019-10-28T06:49:03.000Z</time>
      </trkpt>
      <trkpt lat="30.526204" lon="79.165477">
        <ele>2503.027</ele>
        <time>2019-10-28T06:49:12.000Z</time>
      </trkpt>
      <trkpt lat="30.526211" lon="79.16553">
        <ele>2504.908</ele>
        <time>2019-10-28T06:49:18.000Z</time>
      </trkpt>
      <trkpt lat="30.526236" lon="79.165581">
        <ele>2507.091</ele>
        <time>2019-10-28T06:49:28.000Z</time>
      </trkpt>
      <trkpt lat="30.526238" lon="79.165634">
        <ele>2506.02</ele>
        <time>2019-10-28T06:49:34.000Z</time>
      </trkpt>
      <trkpt lat="30.526245" lon="79.165689">
        <ele>2504.38</ele>
        <time>2019-10-28T06:49:42.000Z</time>
      </trkpt>
      <trkpt lat="30.526245" lon="79.165744">
        <ele>2505.846</ele>
        <time>2019-10-28T06:49:49.000Z</time>
      </trkpt>
      <trkpt lat="30.526262" lon="79.165796">
        <ele>2506.251</ele>
        <time>2019-10-28T06:49:54.000Z</time>
      </trkpt>
      <trkpt lat="30.526293" lon="79.165847">
        <ele>2506.422</ele>
        <time>2019-10-28T06:50:04.000Z</time>
      </trkpt>
      <trkpt lat="30.52632" lon="79.165894">
        <ele>2507.548</ele>
        <time>2019-10-28T06:50:12.000Z</time>
      </trkpt>
      <trkpt lat="30.526346" lon="79.165938">
        <ele>2507.264</ele>
        <time>2019-10-28T06:50:18.000Z</time>
      </trkpt>
      <trkpt lat="30.526356" lon="79.165992">
        <ele>2507.668</ele>
        <time>2019-10-28T06:50:24.000Z</time>
      </trkpt>
      <trkpt lat="30.526383" lon="79.16604">
        <ele>2508.242</ele>
        <time>2019-10-28T06:50:30.000Z</time>
      </trkpt>
      <trkpt lat="30.526423" lon="79.166081">
        <ele>2508.026</ele>
        <time>2019-10-28T06:50:37.000Z</time>
      </trkpt>
      <trkpt lat="30.526442" lon="79.166137">
        <ele>2509.408</ele>
        <time>2019-10-28T06:50:43.000Z</time>
      </trkpt>
      <trkpt lat="30.526427" lon="79.166191">
        <ele>2509.62</ele>
        <time>2019-10-28T06:50:47.000Z</time>
      </trkpt>
      <trkpt lat="30.526443" lon="79.16625">
        <ele>2508.739</ele>
        <time>2019-10-28T06:50:51.000Z</time>
      </trkpt>
      <trkpt lat="30.526464" lon="79.166299">
        <ele>2508.539</ele>
        <time>2019-10-28T06:50:56.000Z</time>
      </trkpt>
      <trkpt lat="30.526468" lon="79.166358">
        <ele>2509.415</ele>
        <time>2019-10-28T06:51:02.000Z</time>
      </trkpt>
      <trkpt lat="30.526489" lon="79.166411">
        <ele>2509.65</ele>
        <time>2019-10-28T06:51:06.000Z</time>
      </trkpt>
      <trkpt lat="30.526492" lon="79.166475">
        <ele>2510.071</ele>
        <time>2019-10-28T06:51:12.000Z</time>
      </trkpt>
      <trkpt lat="30.526495" lon="79.166532">
        <ele>2510.197</ele>
        <time>2019-10-28T06:51:19.000Z</time>
      </trkpt>
      <trkpt lat="30.526486" lon="79.166585">
        <ele>2509.383</ele>
        <time>2019-10-28T06:51:24.000Z</time>
      </trkpt>
      <trkpt lat="30.52648" lon="79.166637">
        <ele>2509.879</ele>
        <time>2019-10-28T06:51:31.000Z</time>
      </trkpt>
      <trkpt lat="30.52648" lon="79.166693">
        <ele>2510.205</ele>
        <time>2019-10-28T06:51:49.000Z</time>
      </trkpt>
      <trkpt lat="30.5265" lon="79.166742">
        <ele>2508.525</ele>
        <time>2019-10-28T06:51:58.000Z</time>
      </trkpt>
      <trkpt lat="30.526519" lon="79.16679">
        <ele>2507.708</ele>
        <time>2019-10-28T06:52:04.000Z</time>
      </trkpt>
      <trkpt lat="30.526528" lon="79.166847">
        <ele>2507.991</ele>
        <time>2019-10-28T06:52:10.000Z</time>
      </trkpt>
      <trkpt lat="30.52653" lon="79.166904">
        <ele>2508.04</ele>
        <time>2019-10-28T06:52:22.000Z</time>
      </trkpt>
      <trkpt lat="30.526567" lon="79.166935">
        <ele>2509.61</ele>
        <time>2019-10-28T06:52:25.000Z</time>
      </trkpt>
      <trkpt lat="30.526541" lon="79.166987">
        <ele>2510.976</ele>
        <time>2019-10-28T06:52:33.000Z</time>
      </trkpt>
      <trkpt lat="30.526499" lon="79.16702">
        <ele>2511.181</ele>
        <time>2019-10-28T06:52:40.000Z</time>
      </trkpt>
      <trkpt lat="30.526475" lon="79.167071">
        <ele>2511.512</ele>
        <time>2019-10-28T06:52:50.000Z</time>
      </trkpt>
      <trkpt lat="30.526468" lon="79.167125">
        <ele>2507.758</ele>
        <time>2019-10-28T06:53:00.000Z</time>
      </trkpt>
      <trkpt lat="30.526452" lon="79.167179">
        <ele>2508.634</ele>
        <time>2019-10-28T06:53:08.000Z</time>
      </trkpt>
      <trkpt lat="30.52644" lon="79.167235">
        <ele>2507.029</ele>
        <time>2019-10-28T06:53:15.000Z</time>
      </trkpt>
      <trkpt lat="30.526409" lon="79.167279">
        <ele>2508</ele>
        <time>2019-10-28T06:53:21.000Z</time>
      </trkpt>
      <trkpt lat="30.526372" lon="79.167311">
        <ele>2508.02</ele>
        <time>2019-10-28T06:53:26.000Z</time>
      </trkpt>
      <trkpt lat="30.526331" lon="79.167346">
        <ele>2507.908</ele>
        <time>2019-10-28T06:53:33.000Z</time>
      </trkpt>
      <trkpt lat="30.526322" lon="79.167402">
        <ele>2507.496</ele>
        <time>2019-10-28T06:53:45.000Z</time>
      </trkpt>
      <trkpt lat="30.526286" lon="79.167452">
        <ele>2507.955</ele>
        <time>2019-10-28T06:53:54.000Z</time>
      </trkpt>
      <trkpt lat="30.526245" lon="79.167492">
        <ele>2508.595</ele>
        <time>2019-10-28T06:54:00.000Z</time>
      </trkpt>
      <trkpt lat="30.526248" lon="79.167555">
        <ele>2509.071</ele>
        <time>2019-10-28T06:54:12.000Z</time>
      </trkpt>
      <trkpt lat="30.526233" lon="79.16761">
        <ele>2510.226</ele>
        <time>2019-10-28T06:54:18.000Z</time>
      </trkpt>
      <trkpt lat="30.526214" lon="79.167674">
        <ele>2509.537</ele>
        <time>2019-10-28T06:54:30.000Z</time>
      </trkpt>
      <trkpt lat="30.526186" lon="79.16772">
        <ele>2510.993</ele>
        <time>2019-10-28T06:54:43.000Z</time>
      </trkpt>
      <trkpt lat="30.526179" lon="79.167775">
        <ele>2508.839</ele>
        <time>2019-10-28T06:54:54.000Z</time>
      </trkpt>
      <trkpt lat="30.526181" lon="79.167828">
        <ele>2509.719</ele>
        <time>2019-10-28T06:54:59.000Z</time>
      </trkpt>
      <trkpt lat="30.526175" lon="79.167881">
        <ele>2509.609</ele>
        <time>2019-10-28T06:55:04.000Z</time>
      </trkpt>
      <trkpt lat="30.526193" lon="79.167929">
        <ele>2508.919</ele>
        <time>2019-10-28T06:55:10.000Z</time>
      </trkpt>
      <trkpt lat="30.526197" lon="79.167981">
        <ele>2510.108</ele>
        <time>2019-10-28T06:55:16.000Z</time>
      </trkpt>
      <trkpt lat="30.526199" lon="79.168035">
        <ele>2511.835</ele>
        <time>2019-10-28T06:55:27.000Z</time>
      </trkpt>
      <trkpt lat="30.526164" lon="79.168069">
        <ele>2511.474</ele>
        <time>2019-10-28T06:55:35.000Z</time>
      </trkpt>
      <trkpt lat="30.526182" lon="79.168123">
        <ele>2512.514</ele>
        <time>2019-10-28T06:55:45.000Z</time>
      </trkpt>
      <trkpt lat="30.526198" lon="79.168177">
        <ele>2513.07</ele>
        <time>2019-10-28T06:56:03.000Z</time>
      </trkpt>
      <trkpt lat="30.526174" lon="79.168222">
        <ele>2516.845</ele>
        <time>2019-10-28T06:56:34.000Z</time>
      </trkpt>
      <trkpt lat="30.526152" lon="79.168273">
        <ele>2517.466</ele>
        <time>2019-10-28T06:56:41.000Z</time>
      </trkpt>
      <trkpt lat="30.526147" lon="79.168328">
        <ele>2518.492</ele>
        <time>2019-10-28T06:56:48.000Z</time>
      </trkpt>
      <trkpt lat="30.526123" lon="79.168375">
        <ele>2518.548</ele>
        <time>2019-10-28T06:56:56.000Z</time>
      </trkpt>
      <trkpt lat="30.526098" lon="79.168419">
        <ele>2520.798</ele>
        <time>2019-10-28T06:57:06.000Z</time>
      </trkpt>
      <trkpt lat="30.526083" lon="79.168478">
        <ele>2520.815</ele>
        <time>2019-10-28T06:57:14.000Z</time>
      </trkpt>
      <trkpt lat="30.526061" lon="79.168534">
        <ele>2521.626</ele>
        <time>2019-10-28T06:57:21.000Z</time>
      </trkpt>
      <trkpt lat="30.526029" lon="79.168582">
        <ele>2522.508</ele>
        <time>2019-10-28T06:57:28.000Z</time>
      </trkpt>
      <trkpt lat="30.52601" lon="79.168633">
        <ele>2524.053</ele>
        <time>2019-10-28T06:57:33.000Z</time>
      </trkpt>
      <trkpt lat="30.525987" lon="79.16869">
        <ele>2524.652</ele>
        <time>2019-10-28T06:57:39.000Z</time>
      </trkpt>
      <trkpt lat="30.525967" lon="79.168738">
        <ele>2525.662</ele>
        <time>2019-10-28T06:57:46.000Z</time>
      </trkpt>
      <trkpt lat="30.525969" lon="79.168796">
        <ele>2526.838</ele>
        <time>2019-10-28T06:57:52.000Z</time>
      </trkpt>
      <trkpt lat="30.525973" lon="79.168855">
        <ele>2526.473</ele>
        <time>2019-10-28T06:57:57.000Z</time>
      </trkpt>
      <trkpt lat="30.52597" lon="79.168915">
        <ele>2527.664</ele>
        <time>2019-10-28T06:58:03.000Z</time>
      </trkpt>
      <trkpt lat="30.525961" lon="79.168994">
        <ele>2525.71</ele>
        <time>2019-10-28T06:58:17.000Z</time>
      </trkpt>
      <trkpt lat="30.525967" lon="79.169048">
        <ele>2527.526</ele>
        <time>2019-10-28T06:58:25.000Z</time>
      </trkpt>
      <trkpt lat="30.525953" lon="79.169098">
        <ele>2530.057</ele>
        <time>2019-10-28T06:58:34.000Z</time>
      </trkpt>
      <trkpt lat="30.525927" lon="79.169144">
        <ele>2528.4</ele>
        <time>2019-10-28T06:58:56.000Z</time>
      </trkpt>
      <trkpt lat="30.525881" lon="79.169165">
        <ele>2529.42</ele>
        <time>2019-10-28T06:59:06.000Z</time>
      </trkpt>
      <trkpt lat="30.525854" lon="79.169214">
        <ele>2529.508</ele>
        <time>2019-10-28T06:59:14.000Z</time>
      </trkpt>
      <trkpt lat="30.525822" lon="79.169254">
        <ele>2529.419</ele>
        <time>2019-10-28T06:59:21.000Z</time>
      </trkpt>
      <trkpt lat="30.525776" lon="79.169287">
        <ele>2529.498</ele>
        <time>2019-10-28T06:59:25.000Z</time>
      </trkpt>
      <trkpt lat="30.525749" lon="79.169329">
        <ele>2529.188</ele>
        <time>2019-10-28T06:59:31.000Z</time>
      </trkpt>
      <trkpt lat="30.525718" lon="79.169373">
        <ele>2529.334</ele>
        <time>2019-10-28T06:59:42.000Z</time>
      </trkpt>
      <trkpt lat="30.525739" lon="79.169425">
        <ele>2528.459</ele>
        <time>2019-10-28T06:59:48.000Z</time>
      </trkpt>
      <trkpt lat="30.525751" lon="79.169477">
        <ele>2528.62</ele>
        <time>2019-10-28T06:59:56.000Z</time>
      </trkpt>
      <trkpt lat="30.525729" lon="79.169526">
        <ele>2529.956</ele>
        <time>2019-10-28T07:00:03.000Z</time>
      </trkpt>
      <trkpt lat="30.525695" lon="79.169569">
        <ele>2530.122</ele>
        <time>2019-10-28T07:00:11.000Z</time>
      </trkpt>
      <trkpt lat="30.525665" lon="79.16961">
        <ele>2530.792</ele>
        <time>2019-10-28T07:00:15.000Z</time>
      </trkpt>
      <trkpt lat="30.525631" lon="79.169647">
        <ele>2531.073</ele>
        <time>2019-10-28T07:00:20.000Z</time>
      </trkpt>
      <trkpt lat="30.525594" lon="79.169678">
        <ele>2531.22</ele>
        <time>2019-10-28T07:00:26.000Z</time>
      </trkpt>
      <trkpt lat="30.525565" lon="79.16972">
        <ele>2535.108</ele>
        <time>2019-10-28T07:00:44.000Z</time>
      </trkpt>
      <trkpt lat="30.525526" lon="79.169746">
        <ele>2536.613</ele>
        <time>2019-10-28T07:00:53.000Z</time>
      </trkpt>
      <trkpt lat="30.525481" lon="79.169738">
        <ele>2535.382</ele>
        <time>2019-10-28T07:01:05.000Z</time>
      </trkpt>
      <trkpt lat="30.52545" lon="79.169777">
        <ele>2537.712</ele>
        <time>2019-10-28T07:01:36.000Z</time>
      </trkpt>
      <trkpt lat="30.525419" lon="79.169818">
        <ele>2538.228</ele>
        <time>2019-10-28T07:01:44.000Z</time>
      </trkpt>
      <trkpt lat="30.525381" lon="79.169852">
        <ele>2539.063</ele>
        <time>2019-10-28T07:01:56.000Z</time>
      </trkpt>
      <trkpt lat="30.525353" lon="79.1699">
        <ele>2537.754</ele>
        <time>2019-10-28T07:02:03.000Z</time>
      </trkpt>
      <trkpt lat="30.525326" lon="79.169946">
        <ele>2538.86</ele>
        <time>2019-10-28T07:02:09.000Z</time>
      </trkpt>
      <trkpt lat="30.525302" lon="79.169995">
        <ele>2539.586</ele>
        <time>2019-10-28T07:02:15.000Z</time>
      </trkpt>
      <trkpt lat="30.525262" lon="79.170039">
        <ele>2539.142</ele>
        <time>2019-10-28T07:02:20.000Z</time>
      </trkpt>
      <trkpt lat="30.525233" lon="79.170085">
        <ele>2539.322</ele>
        <time>2019-10-28T07:02:27.000Z</time>
      </trkpt>
      <trkpt lat="30.525217" lon="79.170146">
        <ele>2539.814</ele>
        <time>2019-10-28T07:02:36.000Z</time>
      </trkpt>
      <trkpt lat="30.525197" lon="79.170196">
        <ele>2540.308</ele>
        <time>2019-10-28T07:02:39.000Z</time>
      </trkpt>
      <trkpt lat="30.525185" lon="79.170253">
        <ele>2540.078</ele>
        <time>2019-10-28T07:02:43.000Z</time>
      </trkpt>
      <trkpt lat="30.525179" lon="79.170312">
        <ele>2540.247</ele>
        <time>2019-10-28T07:02:48.000Z</time>
      </trkpt>
      <trkpt lat="30.525158" lon="79.170363">
        <ele>2541.747</ele>
        <time>2019-10-28T07:02:52.000Z</time>
      </trkpt>
      <trkpt lat="30.525128" lon="79.170405">
        <ele>2541.823</ele>
        <time>2019-10-28T07:02:54.000Z</time>
      </trkpt>
      <trkpt lat="30.525088" lon="79.170431">
        <ele>2541.358</ele>
        <time>2019-10-28T07:02:57.000Z</time>
      </trkpt>
      <trkpt lat="30.525062" lon="79.170486">
        <ele>2539.399</ele>
        <time>2019-10-28T07:03:04.000Z</time>
      </trkpt>
      <trkpt lat="30.525026" lon="79.170524">
        <ele>2539.535</ele>
        <time>2019-10-28T07:03:09.000Z</time>
      </trkpt>
      <trkpt lat="30.524998" lon="79.170565">
        <ele>2540.271</ele>
        <time>2019-10-28T07:03:13.000Z</time>
      </trkpt>
      <trkpt lat="30.524968" lon="79.17062">
        <ele>2540.524</ele>
        <time>2019-10-28T07:03:19.000Z</time>
      </trkpt>
      <trkpt lat="30.524962" lon="79.170679">
        <ele>2540.104</ele>
        <time>2019-10-28T07:03:27.000Z</time>
      </trkpt>
      <trkpt lat="30.524935" lon="79.170728">
        <ele>2538.214</ele>
        <time>2019-10-28T07:03:33.000Z</time>
      </trkpt>
      <trkpt lat="30.524909" lon="79.170774">
        <ele>2537.008</ele>
        <time>2019-10-28T07:03:39.000Z</time>
      </trkpt>
      <trkpt lat="30.524894" lon="79.170832">
        <ele>2535.726</ele>
        <time>2019-10-28T07:03:45.000Z</time>
      </trkpt>
      <trkpt lat="30.52487" lon="79.170883">
        <ele>2535.875</ele>
        <time>2019-10-28T07:03:50.000Z</time>
      </trkpt>
      <trkpt lat="30.524842" lon="79.170941">
        <ele>2536.315</ele>
        <time>2019-10-28T07:03:55.000Z</time>
      </trkpt>
      <trkpt lat="30.524815" lon="79.17099">
        <ele>2535.281</ele>
        <time>2019-10-28T07:04:02.000Z</time>
      </trkpt>
      <trkpt lat="30.524779" lon="79.171025">
        <ele>2535.236</ele>
        <time>2019-10-28T07:04:11.000Z</time>
      </trkpt>
      <trkpt lat="30.524788" lon="79.171084">
        <ele>2534.957</ele>
        <time>2019-10-28T07:04:42.000Z</time>
      </trkpt>
      <trkpt lat="30.524782" lon="79.171137">
        <ele>2534.983</ele>
        <time>2019-10-28T07:04:47.000Z</time>
      </trkpt>
      <trkpt lat="30.524741" lon="79.171162">
        <ele>2533.479</ele>
        <time>2019-10-28T07:04:52.000Z</time>
      </trkpt>
      <trkpt lat="30.524775" lon="79.171127">
        <ele>2536.437</ele>
        <time>2019-10-28T07:05:06.000Z</time>
      </trkpt>
      <trkpt lat="30.52482" lon="79.171148">
        <ele>2531.549</ele>
        <time>2019-10-28T07:05:31.000Z</time>
      </trkpt>
      <trkpt lat="30.524849" lon="79.171101">
        <ele>2533.913</ele>
        <time>2019-10-28T07:05:41.000Z</time>
      </trkpt>
      <trkpt lat="30.524802" lon="79.171111">
        <ele>2538.308</ele>
        <time>2019-10-28T07:05:54.000Z</time>
      </trkpt>
      <trkpt lat="30.524757" lon="79.17117">
        <ele>2538.387</ele>
        <time>2019-10-28T07:06:19.000Z</time>
      </trkpt>
      <trkpt lat="30.524699" lon="79.171178">
        <ele>2537.186</ele>
        <time>2019-10-28T07:07:36.000Z</time>
      </trkpt>
      <trkpt lat="30.524771" lon="79.171163">
        <ele>2542.376</ele>
        <time>2019-10-28T07:07:45.000Z</time>
      </trkpt>
      <trkpt lat="30.52482" lon="79.171156">
        <ele>2540.232</ele>
        <time>2019-10-28T07:11:01.000Z</time>
      </trkpt>
      <trkpt lat="30.52477" lon="79.171173">
        <ele>2531.567</ele>
        <time>2019-10-28T07:11:26.000Z</time>
      </trkpt>
      <trkpt lat="30.524718" lon="79.171187">
        <ele>2533.398</ele>
        <time>2019-10-28T07:17:20.000Z</time>
      </trkpt>
      <trkpt lat="30.524764" lon="79.17119">
        <ele>2533.884</ele>
        <time>2019-10-28T07:21:28.000Z</time>
      </trkpt>
      <trkpt lat="30.524814" lon="79.171204">
        <ele>2535.18</ele>
        <time>2019-10-28T07:21:38.000Z</time>
      </trkpt>
      <trkpt lat="30.524808" lon="79.171259">
        <ele>2534.216</ele>
        <time>2019-10-28T07:21:46.000Z</time>
      </trkpt>
      <trkpt lat="30.524788" lon="79.171306">
        <ele>2532.876</ele>
        <time>2019-10-28T07:21:51.000Z</time>
      </trkpt>
      <trkpt lat="30.524783" lon="79.171361">
        <ele>2533.313</ele>
        <time>2019-10-28T07:21:58.000Z</time>
      </trkpt>
      <trkpt lat="30.524761" lon="79.171414">
        <ele>2532.608</ele>
        <time>2019-10-28T07:22:09.000Z</time>
      </trkpt>
      <trkpt lat="30.524764" lon="79.171468">
        <ele>2532.625</ele>
        <time>2019-10-28T07:22:18.000Z</time>
      </trkpt>
      <trkpt lat="30.52476" lon="79.171528">
        <ele>2531.784</ele>
        <time>2019-10-28T07:22:23.000Z</time>
      </trkpt>
      <trkpt lat="30.52473" lon="79.171576">
        <ele>2531.264</ele>
        <time>2019-10-28T07:22:26.000Z</time>
      </trkpt>
      <trkpt lat="30.524697" lon="79.171617">
        <ele>2531.41</ele>
        <time>2019-10-28T07:22:31.000Z</time>
      </trkpt>
      <trkpt lat="30.524663" lon="79.171658">
        <ele>2531.595</ele>
        <time>2019-10-28T07:22:35.000Z</time>
      </trkpt>
      <trkpt lat="30.524627" lon="79.171705">
        <ele>2531.946</ele>
        <time>2019-10-28T07:22:40.000Z</time>
      </trkpt>
      <trkpt lat="30.524595" lon="79.171746">
        <ele>2532.422</ele>
        <time>2019-10-28T07:22:45.000Z</time>
      </trkpt>
      <trkpt lat="30.52457" lon="79.171792">
        <ele>2532.718</ele>
        <time>2019-10-28T07:22:50.000Z</time>
      </trkpt>
      <trkpt lat="30.524534" lon="79.171831">
        <ele>2532.391</ele>
        <time>2019-10-28T07:22:57.000Z</time>
      </trkpt>
      <trkpt lat="30.524487" lon="79.171845">
        <ele>2532.781</ele>
        <time>2019-10-28T07:23:06.000Z</time>
      </trkpt>
      <trkpt lat="30.524456" lon="79.171896">
        <ele>2532.119</ele>
        <time>2019-10-28T07:23:12.000Z</time>
      </trkpt>
      <trkpt lat="30.524446" lon="79.171949">
        <ele>2532.208</ele>
        <time>2019-10-28T07:23:19.000Z</time>
      </trkpt>
      <trkpt lat="30.52442" lon="79.171992">
        <ele>2531.753</ele>
        <time>2019-10-28T07:23:24.000Z</time>
      </trkpt>
      <trkpt lat="30.524404" lon="79.172047">
        <ele>2531.892</ele>
        <time>2019-10-28T07:23:30.000Z</time>
      </trkpt>
      <trkpt lat="30.524373" lon="79.172095">
        <ele>2532.052</ele>
        <time>2019-10-28T07:23:35.000Z</time>
      </trkpt>
      <trkpt lat="30.524337" lon="79.172134">
        <ele>2531.918</ele>
        <time>2019-10-28T07:23:40.000Z</time>
      </trkpt>
      <trkpt lat="30.524305" lon="79.172179">
        <ele>2532.523</ele>
        <time>2019-10-28T07:23:46.000Z</time>
      </trkpt>
      <trkpt lat="30.524271" lon="79.172224">
        <ele>2532.724</ele>
        <time>2019-10-28T07:23:51.000Z</time>
      </trkpt>
      <trkpt lat="30.524243" lon="79.17227">
        <ele>2533.46</ele>
        <time>2019-10-28T07:23:58.000Z</time>
      </trkpt>
      <trkpt lat="30.524214" lon="79.172322">
        <ele>2533.686</ele>
        <time>2019-10-28T07:24:06.000Z</time>
      </trkpt>
      <trkpt lat="30.524178" lon="79.17236">
        <ele>2534.045</ele>
        <time>2019-10-28T07:24:12.000Z</time>
      </trkpt>
      <trkpt lat="30.524145" lon="79.172402">
        <ele>2534.747</ele>
        <time>2019-10-28T07:24:18.000Z</time>
      </trkpt>
      <trkpt lat="30.524123" lon="79.172463">
        <ele>2534.411</ele>
        <time>2019-10-28T07:24:23.000Z</time>
      </trkpt>
      <trkpt lat="30.524114" lon="79.172514">
        <ele>2535.208</ele>
        <time>2019-10-28T07:24:28.000Z</time>
      </trkpt>
      <trkpt lat="30.524092" lon="79.172562">
        <ele>2534.948</ele>
        <time>2019-10-28T07:24:33.000Z</time>
      </trkpt>
      <trkpt lat="30.524063" lon="79.172616">
        <ele>2535.117</ele>
        <time>2019-10-28T07:24:39.000Z</time>
      </trkpt>
      <trkpt lat="30.524041" lon="79.172669">
        <ele>2534.957</ele>
        <time>2019-10-28T07:24:44.000Z</time>
      </trkpt>
      <trkpt lat="30.524035" lon="79.172733">
        <ele>2535.323</ele>
        <time>2019-10-28T07:24:48.000Z</time>
      </trkpt>
      <trkpt lat="30.524019" lon="79.172783">
        <ele>2535.258</ele>
        <time>2019-10-28T07:24:51.000Z</time>
      </trkpt>
      <trkpt lat="30.524003" lon="79.172832">
        <ele>2535.139</ele>
        <time>2019-10-28T07:24:54.000Z</time>
      </trkpt>
      <trkpt lat="30.523973" lon="79.172875">
        <ele>2534.875</ele>
        <time>2019-10-28T07:25:03.000Z</time>
      </trkpt>
      <trkpt lat="30.523942" lon="79.172922">
        <ele>2535.831</ele>
        <time>2019-10-28T07:25:10.000Z</time>
      </trkpt>
      <trkpt lat="30.523909" lon="79.17297">
        <ele>2536.141</ele>
        <time>2019-10-28T07:25:16.000Z</time>
      </trkpt>
      <trkpt lat="30.523871" lon="79.17301">
        <ele>2537.281</ele>
        <time>2019-10-28T07:25:24.000Z</time>
      </trkpt>
      <trkpt lat="30.523855" lon="79.173061">
        <ele>2537.609</ele>
        <time>2019-10-28T07:25:33.000Z</time>
      </trkpt>
      <trkpt lat="30.52381" lon="79.173069">
        <ele>2536.808</ele>
        <time>2019-10-28T07:25:43.000Z</time>
      </trkpt>
      <trkpt lat="30.523771" lon="79.173109">
        <ele>2537.418</ele>
        <time>2019-10-28T07:25:47.000Z</time>
      </trkpt>
      <trkpt lat="30.523739" lon="79.173152">
        <ele>2538.387</ele>
        <time>2019-10-28T07:25:51.000Z</time>
      </trkpt>
      <trkpt lat="30.523716" lon="79.173206">
        <ele>2538.997</ele>
        <time>2019-10-28T07:25:57.000Z</time>
      </trkpt>
      <trkpt lat="30.523706" lon="79.173259">
        <ele>2538.133</ele>
        <time>2019-10-28T07:26:04.000Z</time>
      </trkpt>
      <trkpt lat="30.523685" lon="79.173316">
        <ele>2537.918</ele>
        <time>2019-10-28T07:26:11.000Z</time>
      </trkpt>
      <trkpt lat="30.523676" lon="79.173373">
        <ele>2538.149</ele>
        <time>2019-10-28T07:26:16.000Z</time>
      </trkpt>
      <trkpt lat="30.52365" lon="79.173423">
        <ele>2539.175</ele>
        <time>2019-10-28T07:26:22.000Z</time>
      </trkpt>
      <trkpt lat="30.523637" lon="79.173476">
        <ele>2541.271</ele>
        <time>2019-10-28T07:26:37.000Z</time>
      </trkpt>
      <trkpt lat="30.523618" lon="79.173527">
        <ele>2540.755</ele>
        <time>2019-10-28T07:26:45.000Z</time>
      </trkpt>
      <trkpt lat="30.52359" lon="79.173575">
        <ele>2545.307</ele>
        <time>2019-10-28T07:26:54.000Z</time>
      </trkpt>
      <trkpt lat="30.523549" lon="79.173616">
        <ele>2543.417</ele>
        <time>2019-10-28T07:26:58.000Z</time>
      </trkpt>
      <trkpt lat="30.52352" lon="79.173664">
        <ele>2542.108</ele>
        <time>2019-10-28T07:27:04.000Z</time>
      </trkpt>
      <trkpt lat="30.523477" lon="79.17368">
        <ele>2542.479</ele>
        <time>2019-10-28T07:27:09.000Z</time>
      </trkpt>
      <trkpt lat="30.523436" lon="79.173711">
        <ele>2542.048</ele>
        <time>2019-10-28T07:27:16.000Z</time>
      </trkpt>
      <trkpt lat="30.523415" lon="79.173761">
        <ele>2543.028</ele>
        <time>2019-10-28T07:27:24.000Z</time>
      </trkpt>
      <trkpt lat="30.52341" lon="79.173816">
        <ele>2542.414</ele>
        <time>2019-10-28T07:27:46.000Z</time>
      </trkpt>
      <trkpt lat="30.523385" lon="79.173859">
        <ele>2542.419</ele>
        <time>2019-10-28T07:27:54.000Z</time>
      </trkpt>
      <trkpt lat="30.523354" lon="79.173901">
        <ele>2542.31</ele>
        <time>2019-10-28T07:27:58.000Z</time>
      </trkpt>
      <trkpt lat="30.523332" lon="79.173948">
        <ele>2542.046</ele>
        <time>2019-10-28T07:28:06.000Z</time>
      </trkpt>
      <trkpt lat="30.523331" lon="79.174011">
        <ele>2542.252</ele>
        <time>2019-10-28T07:28:11.000Z</time>
      </trkpt>
      <trkpt lat="30.523315" lon="79.174074">
        <ele>2542.327</ele>
        <time>2019-10-28T07:28:15.000Z</time>
      </trkpt>
      <trkpt lat="30.523272" lon="79.1741">
        <ele>2543.668</ele>
        <time>2019-10-28T07:28:25.000Z</time>
      </trkpt>
      <trkpt lat="30.523228" lon="79.174128">
        <ele>2545.714</ele>
        <time>2019-10-28T07:28:34.000Z</time>
      </trkpt>
      <trkpt lat="30.523185" lon="79.174147">
        <ele>2546.108</ele>
        <time>2019-10-28T07:28:38.000Z</time>
      </trkpt>
      <trkpt lat="30.523148" lon="79.174184">
        <ele>2545.586</ele>
        <time>2019-10-28T07:28:44.000Z</time>
      </trkpt>
      <trkpt lat="30.523134" lon="79.174239">
        <ele>2546.665</ele>
        <time>2019-10-28T07:28:52.000Z</time>
      </trkpt>
      <trkpt lat="30.523098" lon="79.174287">
        <ele>2548.225</ele>
        <time>2019-10-28T07:29:03.000Z</time>
      </trkpt>
      <trkpt lat="30.523075" lon="79.174335">
        <ele>2549.271</ele>
        <time>2019-10-28T07:29:11.000Z</time>
      </trkpt>
      <trkpt lat="30.523069" lon="79.174389">
        <ele>2549.916</ele>
        <time>2019-10-28T07:29:19.000Z</time>
      </trkpt>
      <trkpt lat="30.52304" lon="79.174435">
        <ele>2550.047</ele>
        <time>2019-10-28T07:29:24.000Z</time>
      </trkpt>
      <trkpt lat="30.523024" lon="79.174484">
        <ele>2551.133</ele>
        <time>2019-10-28T07:29:28.000Z</time>
      </trkpt>
      <trkpt lat="30.522996" lon="79.17454">
        <ele>2551.239</ele>
        <time>2019-10-28T07:29:32.000Z</time>
      </trkpt>
      <trkpt lat="30.522981" lon="79.174594">
        <ele>2551.324</ele>
        <time>2019-10-28T07:29:36.000Z</time>
      </trkpt>
      <trkpt lat="30.522954" lon="79.174639">
        <ele>2551.304</ele>
        <time>2019-10-28T07:29:41.000Z</time>
      </trkpt>
      <trkpt lat="30.522937" lon="79.174695">
        <ele>2552.214</ele>
        <time>2019-10-28T07:29:50.000Z</time>
      </trkpt>
      <trkpt lat="30.522918" lon="79.174744">
        <ele>2553.108</ele>
        <time>2019-10-28T07:29:57.000Z</time>
      </trkpt>
      <trkpt lat="30.522896" lon="79.174802">
        <ele>2552.666</ele>
        <time>2019-10-28T07:30:02.000Z</time>
      </trkpt>
      <trkpt lat="30.522877" lon="79.174851">
        <ele>2553.415</ele>
        <time>2019-10-28T07:30:09.000Z</time>
      </trkpt>
      <trkpt lat="30.522836" lon="79.17488">
        <ele>2553.755</ele>
        <time>2019-10-28T07:30:18.000Z</time>
      </trkpt>
      <trkpt lat="30.522845" lon="79.174932">
        <ele>2551.331</ele>
        <time>2019-10-28T07:30:29.000Z</time>
      </trkpt>
      <trkpt lat="30.522852" lon="79.174987">
        <ele>2551.516</ele>
        <time>2019-10-28T07:30:34.000Z</time>
      </trkpt>
      <trkpt lat="30.522826" lon="79.175037">
        <ele>2552.287</ele>
        <time>2019-10-28T07:30:40.000Z</time>
      </trkpt>
      <trkpt lat="30.522835" lon="79.175091">
        <ele>2552.873</ele>
        <time>2019-10-28T07:30:52.000Z</time>
      </trkpt>
      <trkpt lat="30.522829" lon="79.175148">
        <ele>2553.859</ele>
        <time>2019-10-28T07:31:01.000Z</time>
      </trkpt>
      <trkpt lat="30.522793" lon="79.175195">
        <ele>2554.098</ele>
        <time>2019-10-28T07:31:06.000Z</time>
      </trkpt>
      <trkpt lat="30.52276" lon="79.175238">
        <ele>2554.115</ele>
        <time>2019-10-28T07:31:13.000Z</time>
      </trkpt>
      <trkpt lat="30.522741" lon="79.175289">
        <ele>2556.326</ele>
        <time>2019-10-28T07:31:57.000Z</time>
      </trkpt>
      <trkpt lat="30.522698" lon="79.175262">
        <ele>2561.008</ele>
        <time>2019-10-28T07:32:23.000Z</time>
      </trkpt>
      <trkpt lat="30.522665" lon="79.175216">
        <ele>2560.373</ele>
        <time>2019-10-28T07:32:31.000Z</time>
      </trkpt>
      <trkpt lat="30.522617" lon="79.175203">
        <ele>2561.562</ele>
        <time>2019-10-28T07:32:45.000Z</time>
      </trkpt>
      <trkpt lat="30.522574" lon="79.175186">
        <ele>2563.652</ele>
        <time>2019-10-28T07:33:06.000Z</time>
      </trkpt>
      <trkpt lat="30.52253" lon="79.175158">
        <ele>2563.448</ele>
        <time>2019-10-28T07:33:24.000Z</time>
      </trkpt>
      <trkpt lat="30.522555" lon="79.17521">
        <ele>2564.743</ele>
        <time>2019-10-28T07:33:37.000Z</time>
      </trkpt>
      <trkpt lat="30.522511" lon="79.175236">
        <ele>2563.664</ele>
        <time>2019-10-28T07:33:43.000Z</time>
      </trkpt>
      <trkpt lat="30.522468" lon="79.175259">
        <ele>2563.44</ele>
        <time>2019-10-28T07:33:48.000Z</time>
      </trkpt>
      <trkpt lat="30.522427" lon="79.175294">
        <ele>2565.696</ele>
        <time>2019-10-28T07:33:53.000Z</time>
      </trkpt>
      <trkpt lat="30.522403" lon="79.175346">
        <ele>2566.346</ele>
        <time>2019-10-28T07:33:59.000Z</time>
      </trkpt>
      <trkpt lat="30.522413" lon="79.175415">
        <ele>2566.888</ele>
        <time>2019-10-28T07:34:06.000Z</time>
      </trkpt>
      <trkpt lat="30.522411" lon="79.175482">
        <ele>2566.416</ele>
        <time>2019-10-28T07:34:09.000Z</time>
      </trkpt>
      <trkpt lat="30.522445" lon="79.175517">
        <ele>2565.808</ele>
        <time>2019-10-28T07:34:14.000Z</time>
      </trkpt>
      <trkpt lat="30.522432" lon="79.175569">
        <ele>2565.618</ele>
        <time>2019-10-28T07:34:20.000Z</time>
      </trkpt>
      <trkpt lat="30.52241" lon="79.175625">
        <ele>2565.127</ele>
        <time>2019-10-28T07:34:30.000Z</time>
      </trkpt>
      <trkpt lat="30.522364" lon="79.175624">
        <ele>2565.297</ele>
        <time>2019-10-28T07:34:42.000Z</time>
      </trkpt>
      <trkpt lat="30.522319" lon="79.175647">
        <ele>2566.253</ele>
        <time>2019-10-28T07:35:11.000Z</time>
      </trkpt>
      <trkpt lat="30.52227" lon="79.175657">
        <ele>2566.148</ele>
        <time>2019-10-28T07:35:40.000Z</time>
      </trkpt>
      <trkpt lat="30.522267" lon="79.175714">
        <ele>2565.089</ele>
        <time>2019-10-28T07:35:48.000Z</time>
      </trkpt>
      <trkpt lat="30.522285" lon="79.175769">
        <ele>2564.575</ele>
        <time>2019-10-28T07:35:54.000Z</time>
      </trkpt>
      <trkpt lat="30.522294" lon="79.175823">
        <ele>2563.921</ele>
        <time>2019-10-28T07:36:00.000Z</time>
      </trkpt>
      <trkpt lat="30.522269" lon="79.17587">
        <ele>2563.456</ele>
        <time>2019-10-28T07:36:06.000Z</time>
      </trkpt>
      <trkpt lat="30.522252" lon="79.17593">
        <ele>2565.359</ele>
        <time>2019-10-28T07:36:11.000Z</time>
      </trkpt>
      <trkpt lat="30.522224" lon="79.175975">
        <ele>2565.414</ele>
        <time>2019-10-28T07:36:16.000Z</time>
      </trkpt>
      <trkpt lat="30.522193" lon="79.176026">
        <ele>2565.008</ele>
        <time>2019-10-28T07:36:21.000Z</time>
      </trkpt>
      <trkpt lat="30.522193" lon="79.176082">
        <ele>2563.619</ele>
        <time>2019-10-28T07:36:30.000Z</time>
      </trkpt>
      <trkpt lat="30.522168" lon="79.176129">
        <ele>2564.728</ele>
        <time>2019-10-28T07:36:39.000Z</time>
      </trkpt>
      <trkpt lat="30.52214" lon="79.17618">
        <ele>2564.938</ele>
        <time>2019-10-28T07:36:45.000Z</time>
      </trkpt>
      <trkpt lat="30.522147" lon="79.17624">
        <ele>2564.424</ele>
        <time>2019-10-28T07:36:49.000Z</time>
      </trkpt>
      <trkpt lat="30.522117" lon="79.176282">
        <ele>2564.429</ele>
        <time>2019-10-28T07:36:56.000Z</time>
      </trkpt>
      <trkpt lat="30.522103" lon="79.176332">
        <ele>2564.59</ele>
        <time>2019-10-28T07:37:07.000Z</time>
      </trkpt>
      <trkpt lat="30.522101" lon="79.176386">
        <ele>2563.966</ele>
        <time>2019-10-28T07:37:22.000Z</time>
      </trkpt>
      <trkpt lat="30.522083" lon="79.176436">
        <ele>2565.172</ele>
        <time>2019-10-28T07:37:28.000Z</time>
      </trkpt>
      <trkpt lat="30.52206" lon="79.176491">
        <ele>2565.151</ele>
        <time>2019-10-28T07:37:37.000Z</time>
      </trkpt>
      <trkpt lat="30.522054" lon="79.176555">
        <ele>2565.701</ele>
        <time>2019-10-28T07:37:41.000Z</time>
      </trkpt>
      <trkpt lat="30.522049" lon="79.176609">
        <ele>2566.011</ele>
        <time>2019-10-28T07:37:46.000Z</time>
      </trkpt>
      <trkpt lat="30.522033" lon="79.176663">
        <ele>2566.408</ele>
        <time>2019-10-28T07:37:56.000Z</time>
      </trkpt>
      <trkpt lat="30.522005" lon="79.176705">
        <ele>2567.019</ele>
        <time>2019-10-28T07:38:03.000Z</time>
      </trkpt>
      <trkpt lat="30.521994" lon="79.176769">
        <ele>2567.818</ele>
        <time>2019-10-28T07:38:11.000Z</time>
      </trkpt>
      <trkpt lat="30.521963" lon="79.176816">
        <ele>2567.728</ele>
        <time>2019-10-28T07:38:20.000Z</time>
      </trkpt>
      <trkpt lat="30.521891" lon="79.17683">
        <ele>2570.044</ele>
        <time>2019-10-28T07:38:45.000Z</time>
      </trkpt>
      <trkpt lat="30.521868" lon="79.176878">
        <ele>2572.029</ele>
        <time>2019-10-28T07:38:52.000Z</time>
      </trkpt>
      <trkpt lat="30.52185" lon="79.176928">
        <ele>2570.65</ele>
        <time>2019-10-28T07:38:57.000Z</time>
      </trkpt>
      <trkpt lat="30.521825" lon="79.176977">
        <ele>2567.416</ele>
        <time>2019-10-28T07:39:04.000Z</time>
      </trkpt>
      <trkpt lat="30.521793" lon="79.177019">
        <ele>2568.432</ele>
        <time>2019-10-28T07:39:19.000Z</time>
      </trkpt>
      <trkpt lat="30.521818" lon="79.177067">
        <ele>2566.538</ele>
        <time>2019-10-28T07:39:24.000Z</time>
      </trkpt>
      <trkpt lat="30.521815" lon="79.177123">
        <ele>2568.57</ele>
        <time>2019-10-28T07:39:31.000Z</time>
      </trkpt>
      <trkpt lat="30.521805" lon="79.17718">
        <ele>2571.417</ele>
        <time>2019-10-28T07:40:02.000Z</time>
      </trkpt>
      <trkpt lat="30.521766" lon="79.17721">
        <ele>2570.108</ele>
        <time>2019-10-28T07:40:08.000Z</time>
      </trkpt>
      <trkpt lat="30.521746" lon="79.177264">
        <ele>2573.997</ele>
        <time>2019-10-28T07:40:20.000Z</time>
      </trkpt>
      <trkpt lat="30.521751" lon="79.177319">
        <ele>2577.926</ele>
        <time>2019-10-28T07:40:52.000Z</time>
      </trkpt>
      <trkpt lat="30.521748" lon="79.177373">
        <ele>2579.996</ele>
        <time>2019-10-28T07:41:08.000Z</time>
      </trkpt>
      <trkpt lat="30.521733" lon="79.177425">
        <ele>2579.722</ele>
        <time>2019-10-28T07:41:15.000Z</time>
      </trkpt>
      <trkpt lat="30.521703" lon="79.177474">
        <ele>2579.247</ele>
        <time>2019-10-28T07:41:22.000Z</time>
      </trkpt>
      <trkpt lat="30.521694" lon="79.177531">
        <ele>2578.498</ele>
        <time>2019-10-28T07:41:28.000Z</time>
      </trkpt>
      <trkpt lat="30.521666" lon="79.177575">
        <ele>2577.564</ele>
        <time>2019-10-28T07:41:33.000Z</time>
      </trkpt>
      <trkpt lat="30.521638" lon="79.177617">
        <ele>2578.24</ele>
        <time>2019-10-28T07:41:38.000Z</time>
      </trkpt>
      <trkpt lat="30.521602" lon="79.17765">
        <ele>2579.971</ele>
        <time>2019-10-28T07:41:44.000Z</time>
      </trkpt>
      <trkpt lat="30.521625" lon="79.177698">
        <ele>2578.041</ele>
        <time>2019-10-28T07:41:52.000Z</time>
      </trkpt>
      <trkpt lat="30.521618" lon="79.177757">
        <ele>2577.415</ele>
        <time>2019-10-28T07:42:01.000Z</time>
      </trkpt>
      <trkpt lat="30.521609" lon="79.177819">
        <ele>2575.608</ele>
        <time>2019-10-28T07:42:07.000Z</time>
      </trkpt>
      <trkpt lat="30.521599" lon="79.177876">
        <ele>2576.811</ele>
        <time>2019-10-28T07:42:14.000Z</time>
      </trkpt>
      <trkpt lat="30.521573" lon="79.177923">
        <ele>2578.66</ele>
        <time>2019-10-28T07:42:24.000Z</time>
      </trkpt>
      <trkpt lat="30.521553" lon="79.177976">
        <ele>2576.71</ele>
        <time>2019-10-28T07:42:31.000Z</time>
      </trkpt>
      <trkpt lat="30.521557" lon="79.178032">
        <ele>2576.366</ele>
        <time>2019-10-28T07:42:39.000Z</time>
      </trkpt>
      <trkpt lat="30.521537" lon="79.17808">
        <ele>2577.331</ele>
        <time>2019-10-28T07:42:47.000Z</time>
      </trkpt>
      <trkpt lat="30.521526" lon="79.178142">
        <ele>2577.142</ele>
        <time>2019-10-28T07:42:58.000Z</time>
      </trkpt>
      <trkpt lat="30.521517" lon="79.178193">
        <ele>2577.928</ele>
        <time>2019-10-28T07:43:04.000Z</time>
      </trkpt>
      <trkpt lat="30.52151" lon="79.178252">
        <ele>2578.914</ele>
        <time>2019-10-28T07:43:10.000Z</time>
      </trkpt>
      <trkpt lat="30.521526" lon="79.178304">
        <ele>2579.944</ele>
        <time>2019-10-28T07:43:17.000Z</time>
      </trkpt>
      <trkpt lat="30.521493" lon="79.178346">
        <ele>2579.005</ele>
        <time>2019-10-28T07:43:24.000Z</time>
      </trkpt>
      <trkpt lat="30.52147" lon="79.178398">
        <ele>2578.315</ele>
        <time>2019-10-28T07:43:31.000Z</time>
      </trkpt>
      <trkpt lat="30.52144" lon="79.178438">
        <ele>2576.608</ele>
        <time>2019-10-28T07:43:35.000Z</time>
      </trkpt>
      <trkpt lat="30.521427" lon="79.178496">
        <ele>2576.958</ele>
        <time>2019-10-28T07:43:41.000Z</time>
      </trkpt>
      <trkpt lat="30.521397" lon="79.17855">
        <ele>2576.927</ele>
        <time>2019-10-28T07:43:50.000Z</time>
      </trkpt>
      <trkpt lat="30.521386" lon="79.178607">
        <ele>2577.797</ele>
        <time>2019-10-28T07:43:58.000Z</time>
      </trkpt>
      <trkpt lat="30.521351" lon="79.178653">
        <ele>2577.813</ele>
        <time>2019-10-28T07:44:04.000Z</time>
      </trkpt>
      <trkpt lat="30.521323" lon="79.178728">
        <ele>2577.368</ele>
        <time>2019-10-28T07:44:24.000Z</time>
      </trkpt>
      <trkpt lat="30.521313" lon="79.178783">
        <ele>2580.939</ele>
        <time>2019-10-28T07:44:35.000Z</time>
      </trkpt>
      <trkpt lat="30.521308" lon="79.178837">
        <ele>2582.945</ele>
        <time>2019-10-28T07:44:42.000Z</time>
      </trkpt>
      <trkpt lat="30.521293" lon="79.178888">
        <ele>2584.231</ele>
        <time>2019-10-28T07:44:47.000Z</time>
      </trkpt>
      <trkpt lat="30.521258" lon="79.178926">
        <ele>2584.364</ele>
        <time>2019-10-28T07:44:54.000Z</time>
      </trkpt>
      <trkpt lat="30.521227" lon="79.17897">
        <ele>2589.106</ele>
        <time>2019-10-28T07:46:56.000Z</time>
      </trkpt>
      <trkpt lat="30.521202" lon="79.179015">
        <ele>2589.116</ele>
        <time>2019-10-28T07:47:03.000Z</time>
      </trkpt>
      <trkpt lat="30.521162" lon="79.179042">
        <ele>2585.508</ele>
        <time>2019-10-28T07:47:12.000Z</time>
      </trkpt>
      <trkpt lat="30.521174" lon="79.179094">
        <ele>2588.54</ele>
        <time>2019-10-28T07:47:35.000Z</time>
      </trkpt>
      <trkpt lat="30.521129" lon="79.179113">
        <ele>2586.839</ele>
        <time>2019-10-28T07:47:58.000Z</time>
      </trkpt>
      <trkpt lat="30.521081" lon="79.179109">
        <ele>2585.849</ele>
        <time>2019-10-28T07:48:11.000Z</time>
      </trkpt>
      <trkpt lat="30.521046" lon="79.179146">
        <ele>2594.125</ele>
        <time>2019-10-28T07:48:59.000Z</time>
      </trkpt>
      <trkpt lat="30.520982" lon="79.179162">
        <ele>2595.16</ele>
        <time>2019-10-28T07:50:31.000Z</time>
      </trkpt>
      <trkpt lat="30.520933" lon="79.17917">
        <ele>2595.881</ele>
        <time>2019-10-28T07:50:48.000Z</time>
      </trkpt>
      <trkpt lat="30.520892" lon="79.179205">
        <ele>2597.717</ele>
        <time>2019-10-28T07:50:57.000Z</time>
      </trkpt>
      <trkpt lat="30.520892" lon="79.179258">
        <ele>2597.993</ele>
        <time>2019-10-28T07:51:08.000Z</time>
      </trkpt>
      <trkpt lat="30.520868" lon="79.179305">
        <ele>2600.193</ele>
        <time>2019-10-28T07:51:19.000Z</time>
      </trkpt>
      <trkpt lat="30.520846" lon="79.179351">
        <ele>2598.065</ele>
        <time>2019-10-28T07:51:29.000Z</time>
      </trkpt>
      <trkpt lat="30.520799" lon="79.179366">
        <ele>2594.321</ele>
        <time>2019-10-28T07:52:16.000Z</time>
      </trkpt>
      <trkpt lat="30.520752" lon="79.179387">
        <ele>2595.508</ele>
        <time>2019-10-28T07:52:26.000Z</time>
      </trkpt>
      <trkpt lat="30.520704" lon="79.179406">
        <ele>2597.133</ele>
        <time>2019-10-28T07:52:34.000Z</time>
      </trkpt>
      <trkpt lat="30.520706" lon="79.179462">
        <ele>2599.892</ele>
        <time>2019-10-28T07:52:47.000Z</time>
      </trkpt>
      <trkpt lat="30.520703" lon="79.17952">
        <ele>2600.662</ele>
        <time>2019-10-28T07:52:53.000Z</time>
      </trkpt>
      <trkpt lat="30.52068" lon="79.179567">
        <ele>2601.748</ele>
        <time>2019-10-28T07:53:01.000Z</time>
      </trkpt>
      <trkpt lat="30.520662" lon="79.17962">
        <ele>2602.863</ele>
        <time>2019-10-28T07:53:10.000Z</time>
      </trkpt>
      <trkpt lat="30.520616" lon="79.179624">
        <ele>2602.574</ele>
        <time>2019-10-28T07:53:20.000Z</time>
      </trkpt>
      <trkpt lat="30.52058" lon="79.179593">
        <ele>2602.13</ele>
        <time>2019-10-28T07:54:07.000Z</time>
      </trkpt>
      <trkpt lat="30.520542" lon="79.179627">
        <ele>2601.936</ele>
        <time>2019-10-28T07:54:17.000Z</time>
      </trkpt>
      <trkpt lat="30.520502" lon="79.179657">
        <ele>2599.984</ele>
        <time>2019-10-28T07:54:28.000Z</time>
      </trkpt>
      <trkpt lat="30.520453" lon="79.179659">
        <ele>2603.707</ele>
        <time>2019-10-28T07:54:38.000Z</time>
      </trkpt>
      <trkpt lat="30.52041" lon="79.179684">
        <ele>2604.417</ele>
        <time>2019-10-28T07:54:53.000Z</time>
      </trkpt>
      <trkpt lat="30.520422" lon="79.179742">
        <ele>2606.508</ele>
        <time>2019-10-28T07:55:29.000Z</time>
      </trkpt>
      <trkpt lat="30.520384" lon="79.179772">
        <ele>2610.692</ele>
        <time>2019-10-28T07:55:38.000Z</time>
      </trkpt>
      <trkpt lat="30.520346" lon="79.179802">
        <ele>2609.431</ele>
        <time>2019-10-28T07:55:46.000Z</time>
      </trkpt>
      <trkpt lat="30.520302" lon="79.179826">
        <ele>2608.451</ele>
        <time>2019-10-28T07:55:58.000Z</time>
      </trkpt>
      <trkpt lat="30.520255" lon="79.179829">
        <ele>2609.557</ele>
        <time>2019-10-28T07:56:09.000Z</time>
      </trkpt>
      <trkpt lat="30.520232" lon="79.179877">
        <ele>2607.792</ele>
        <time>2019-10-28T07:56:19.000Z</time>
      </trkpt>
      <trkpt lat="30.520201" lon="79.17992">
        <ele>2605.553</ele>
        <time>2019-10-28T07:56:32.000Z</time>
      </trkpt>
      <trkpt lat="30.520194" lon="79.179972">
        <ele>2603.189</ele>
        <time>2019-10-28T07:56:52.000Z</time>
      </trkpt>
      <trkpt lat="30.520178" lon="79.180022">
        <ele>2602.145</ele>
        <time>2019-10-28T07:57:04.000Z</time>
      </trkpt>
      <trkpt lat="30.520146" lon="79.180061">
        <ele>2602.329</ele>
        <time>2019-10-28T07:57:19.000Z</time>
      </trkpt>
      <trkpt lat="30.520107" lon="79.180088">
        <ele>2603.4</ele>
        <time>2019-10-28T07:57:55.000Z</time>
      </trkpt>
      <trkpt lat="30.520089" lon="79.180141">
        <ele>2602.62</ele>
        <time>2019-10-28T07:58:12.000Z</time>
      </trkpt>
      <trkpt lat="30.520075" lon="79.180194">
        <ele>2605.008</ele>
        <time>2019-10-28T07:58:25.000Z</time>
      </trkpt>
      <trkpt lat="30.520081" lon="79.180251">
        <ele>2607.216</ele>
        <time>2019-10-28T07:58:31.000Z</time>
      </trkpt>
      <trkpt lat="30.5201" lon="79.180308">
        <ele>2609.345</ele>
        <time>2019-10-28T07:58:37.000Z</time>
      </trkpt>
      <trkpt lat="30.520108" lon="79.180361">
        <ele>2609.525</ele>
        <time>2019-10-28T07:58:45.000Z</time>
      </trkpt>
      <trkpt lat="30.52009" lon="79.180409">
        <ele>2611.861</ele>
        <time>2019-10-28T07:58:54.000Z</time>
      </trkpt>
      <trkpt lat="30.520066" lon="79.180453">
        <ele>2611.536</ele>
        <time>2019-10-28T07:59:01.000Z</time>
      </trkpt>
      <trkpt lat="30.520058" lon="79.180506">
        <ele>2612.357</ele>
        <time>2019-10-28T07:59:09.000Z</time>
      </trkpt>
      <trkpt lat="30.520034" lon="79.180555">
        <ele>2612.113</ele>
        <time>2019-10-28T07:59:17.000Z</time>
      </trkpt>
      <trkpt lat="30.520011" lon="79.180607">
        <ele>2611.699</ele>
        <time>2019-10-28T08:00:59.000Z</time>
      </trkpt>
      <trkpt lat="30.519995" lon="79.180656">
        <ele>2612.159</ele>
        <time>2019-10-28T08:01:06.000Z</time>
      </trkpt>
      <trkpt lat="30.519989" lon="79.18071">
        <ele>2611.703</ele>
        <time>2019-10-28T08:01:15.000Z</time>
      </trkpt>
      <trkpt lat="30.519996" lon="79.180761">
        <ele>2613.823</ele>
        <time>2019-10-28T08:01:24.000Z</time>
      </trkpt>
      <trkpt lat="30.520014" lon="79.180811">
        <ele>2615.408</ele>
        <time>2019-10-28T08:01:31.000Z</time>
      </trkpt>
      <trkpt lat="30.520009" lon="79.180866">
        <ele>2619.819</ele>
        <time>2019-10-28T08:02:18.000Z</time>
      </trkpt>
      <trkpt lat="30.519962" lon="79.180875">
        <ele>2621.178</ele>
        <time>2019-10-28T08:02:39.000Z</time>
      </trkpt>
      <trkpt lat="30.519918" lon="79.180892">
        <ele>2623.838</ele>
        <time>2019-10-28T08:03:00.000Z</time>
      </trkpt>
      <trkpt lat="30.519883" lon="79.18093">
        <ele>2623.084</ele>
        <time>2019-10-28T08:03:11.000Z</time>
      </trkpt>
      <trkpt lat="30.519836" lon="79.18095">
        <ele>2624.449</ele>
        <time>2019-10-28T08:03:29.000Z</time>
      </trkpt>
      <trkpt lat="30.519789" lon="79.18095">
        <ele>2628.05</ele>
        <time>2019-10-28T08:04:01.000Z</time>
      </trkpt>
      <trkpt lat="30.519741" lon="79.180958">
        <ele>2627.286</ele>
        <time>2019-10-28T08:04:16.000Z</time>
      </trkpt>
      <trkpt lat="30.519697" lon="79.180988">
        <ele>2627.052</ele>
        <time>2019-10-28T08:04:37.000Z</time>
      </trkpt>
      <trkpt lat="30.519653" lon="79.180973">
        <ele>2631.973</ele>
        <time>2019-10-28T08:06:29.000Z</time>
      </trkpt>
      <trkpt lat="30.519615" lon="79.181007">
        <ele>2627.685</ele>
        <time>2019-10-28T08:06:37.000Z</time>
      </trkpt>
      <trkpt lat="30.519564" lon="79.181024">
        <ele>2634.113</ele>
        <time>2019-10-28T08:07:17.000Z</time>
      </trkpt>
      <trkpt lat="30.519521" lon="79.181046">
        <ele>2634.008</ele>
        <time>2019-10-28T08:08:38.000Z</time>
      </trkpt>
      <trkpt lat="30.519512" lon="79.181097">
        <ele>2637.091</ele>
        <time>2019-10-28T08:08:57.000Z</time>
      </trkpt>
      <trkpt lat="30.519499" lon="79.181149">
        <ele>2639.76</ele>
        <time>2019-10-28T08:09:09.000Z</time>
      </trkpt>
      <trkpt lat="30.519493" lon="79.181212">
        <ele>2641.69</ele>
        <time>2019-10-28T08:09:17.000Z</time>
      </trkpt>
      <trkpt lat="30.519478" lon="79.181267">
        <ele>2640.896</ele>
        <time>2019-10-28T08:09:23.000Z</time>
      </trkpt>
      <trkpt lat="30.519468" lon="79.181319">
        <ele>2642.531</ele>
        <time>2019-10-28T08:09:29.000Z</time>
      </trkpt>
      <trkpt lat="30.519476" lon="79.181371">
        <ele>2640.012</ele>
        <time>2019-10-28T08:09:36.000Z</time>
      </trkpt>
      <trkpt lat="30.519486" lon="79.181422">
        <ele>2641.428</ele>
        <time>2019-10-28T08:09:43.000Z</time>
      </trkpt>
      <trkpt lat="30.519486" lon="79.181485">
        <ele>2640.664</ele>
        <time>2019-10-28T08:10:00.000Z</time>
      </trkpt>
      <trkpt lat="30.519451" lon="79.181522">
        <ele>2642.058</ele>
        <time>2019-10-28T08:10:11.000Z</time>
      </trkpt>
      <trkpt lat="30.519408" lon="79.181551">
        <ele>2641.252</ele>
        <time>2019-10-28T08:10:22.000Z</time>
      </trkpt>
      <trkpt lat="30.519372" lon="79.181583">
        <ele>2641.017</ele>
        <time>2019-10-28T08:10:32.000Z</time>
      </trkpt>
      <trkpt lat="30.519375" lon="79.181636">
        <ele>2642.408</ele>
        <time>2019-10-28T08:10:57.000Z</time>
      </trkpt>
      <trkpt lat="30.519341" lon="79.181675">
        <ele>2643.059</ele>
        <time>2019-10-28T08:11:10.000Z</time>
      </trkpt>
      <trkpt lat="30.519317" lon="79.181725">
        <ele>2646.458</ele>
        <time>2019-10-28T08:11:41.000Z</time>
      </trkpt>
      <trkpt lat="30.519275" lon="79.181755">
        <ele>2651.028</ele>
        <time>2019-10-28T08:12:18.000Z</time>
      </trkpt>
      <trkpt lat="30.519229" lon="79.181729">
        <ele>2651.544</ele>
        <time>2019-10-28T08:12:39.000Z</time>
      </trkpt>
      <trkpt lat="30.519191" lon="79.181762">
        <ele>2654.349</ele>
        <time>2019-10-28T08:12:55.000Z</time>
      </trkpt>
      <trkpt lat="30.519145" lon="79.181811">
        <ele>2654.06</ele>
        <time>2019-10-28T08:13:39.000Z</time>
      </trkpt>
      <trkpt lat="30.519134" lon="79.181862">
        <ele>2655.966</ele>
        <time>2019-10-28T08:13:50.000Z</time>
      </trkpt>
      <trkpt lat="30.519114" lon="79.181915">
        <ele>2661.222</ele>
        <time>2019-10-28T08:14:35.000Z</time>
      </trkpt>
      <trkpt lat="30.519083" lon="79.181956">
        <ele>2662.149</ele>
        <time>2019-10-28T08:14:50.000Z</time>
      </trkpt>
      <trkpt lat="30.519045" lon="79.181992">
        <ele>2660.702</ele>
        <time>2019-10-28T08:15:03.000Z</time>
      </trkpt>
      <trkpt lat="30.519023" lon="79.182042">
        <ele>2660.722</ele>
        <time>2019-10-28T08:15:27.000Z</time>
      </trkpt>
      <trkpt lat="30.518976" lon="79.182047">
        <ele>2662.508</ele>
        <time>2019-10-28T08:15:50.000Z</time>
      </trkpt>
      <trkpt lat="30.518938" lon="79.182082">
        <ele>2663.758</ele>
        <time>2019-10-28T08:16:05.000Z</time>
      </trkpt>
      <trkpt lat="30.518908" lon="79.182124">
        <ele>2663.247</ele>
        <time>2019-10-28T08:16:30.000Z</time>
      </trkpt>
      <trkpt lat="30.518876" lon="79.182174">
        <ele>2661.457</ele>
        <time>2019-10-28T08:16:44.000Z</time>
      </trkpt>
      <trkpt lat="30.518864" lon="79.18224">
        <ele>2662.453</ele>
        <time>2019-10-28T08:17:12.000Z</time>
      </trkpt>
      <trkpt lat="30.518822" lon="79.182258">
        <ele>2664.468</ele>
        <time>2019-10-28T08:17:27.000Z</time>
      </trkpt>
      <trkpt lat="30.518779" lon="79.182283">
        <ele>2665.399</ele>
        <time>2019-10-28T08:17:35.000Z</time>
      </trkpt>
      <trkpt lat="30.518745" lon="79.182326">
        <ele>2662.375</ele>
        <time>2019-10-28T08:17:41.000Z</time>
      </trkpt>
      <trkpt lat="30.518704" lon="79.1823">
        <ele>2662.681</ele>
        <time>2019-10-28T08:17:58.000Z</time>
      </trkpt>
      <trkpt lat="30.518666" lon="79.182265">
        <ele>2662.911</ele>
        <time>2019-10-28T08:18:08.000Z</time>
      </trkpt>
      <trkpt lat="30.518618" lon="79.182289">
        <ele>2665.021</ele>
        <time>2019-10-28T08:18:17.000Z</time>
      </trkpt>
      <trkpt lat="30.518596" lon="79.182337">
        <ele>2672.903</ele>
        <time>2019-10-28T08:18:56.000Z</time>
      </trkpt>
      <trkpt lat="30.518551" lon="79.182334">
        <ele>2675.308</ele>
        <time>2019-10-28T08:19:14.000Z</time>
      </trkpt>
      <trkpt lat="30.518502" lon="79.182343">
        <ele>2676.465</ele>
        <time>2019-10-28T08:19:28.000Z</time>
      </trkpt>
      <trkpt lat="30.518464" lon="79.182383">
        <ele>2676.724</ele>
        <time>2019-10-28T08:19:36.000Z</time>
      </trkpt>
      <trkpt lat="30.518428" lon="79.182417">
        <ele>2675.594</ele>
        <time>2019-10-28T08:19:47.000Z</time>
      </trkpt>
      <trkpt lat="30.51838" lon="79.182425">
        <ele>2676.32</ele>
        <time>2019-10-28T08:19:54.000Z</time>
      </trkpt>
      <trkpt lat="30.518331" lon="79.182415">
        <ele>2677.955</ele>
        <time>2019-10-28T08:20:09.000Z</time>
      </trkpt>
      <trkpt lat="30.518285" lon="79.182409">
        <ele>2678.276</ele>
        <time>2019-10-28T08:20:16.000Z</time>
      </trkpt>
      <trkpt lat="30.518237" lon="79.182396">
        <ele>2679.772</ele>
        <time>2019-10-28T08:23:51.000Z</time>
      </trkpt>
      <trkpt lat="30.518192" lon="79.182391">
        <ele>2679.288</ele>
        <time>2019-10-28T08:23:58.000Z</time>
      </trkpt>
      <trkpt lat="30.518147" lon="79.182366">
        <ele>2680.996</ele>
        <time>2019-10-28T08:24:05.000Z</time>
      </trkpt>
      <trkpt lat="30.518109" lon="79.182334">
        <ele>2680.831</ele>
        <time>2019-10-28T08:24:16.000Z</time>
      </trkpt>
      <trkpt lat="30.518074" lon="79.182291">
        <ele>2681.524</ele>
        <time>2019-10-28T08:24:29.000Z</time>
      </trkpt>
      <trkpt lat="30.518032" lon="79.182262">
        <ele>2684.608</ele>
        <time>2019-10-28T08:24:38.000Z</time>
      </trkpt>
      <trkpt lat="30.517983" lon="79.182252">
        <ele>2684.053</ele>
        <time>2019-10-28T08:25:17.000Z</time>
      </trkpt>
      <trkpt lat="30.51793" lon="79.182255">
        <ele>2683.452</ele>
        <time>2019-10-28T08:25:31.000Z</time>
      </trkpt>
      <trkpt lat="30.51789" lon="79.182282">
        <ele>2683.382</ele>
        <time>2019-10-28T08:25:38.000Z</time>
      </trkpt>
      <trkpt lat="30.517846" lon="79.182304">
        <ele>2683.528</ele>
        <time>2019-10-28T08:25:48.000Z</time>
      </trkpt>
      <trkpt lat="30.517801" lon="79.182322">
        <ele>2684.173</ele>
        <time>2019-10-28T08:25:59.000Z</time>
      </trkpt>
      <trkpt lat="30.517777" lon="79.182373">
        <ele>2685.374</ele>
        <time>2019-10-28T08:26:10.000Z</time>
      </trkpt>
      <trkpt lat="30.517744" lon="79.182409">
        <ele>2686.23</ele>
        <time>2019-10-28T08:26:17.000Z</time>
      </trkpt>
      <trkpt lat="30.517714" lon="79.18245">
        <ele>2686.936</ele>
        <time>2019-10-28T08:26:26.000Z</time>
      </trkpt>
      <trkpt lat="30.517667" lon="79.182427">
        <ele>2688.983</ele>
        <time>2019-10-28T08:26:52.000Z</time>
      </trkpt>
      <trkpt lat="30.517624" lon="79.182406">
        <ele>2689.925</ele>
        <time>2019-10-28T08:27:01.000Z</time>
      </trkpt>
      <trkpt lat="30.51758" lon="79.182421">
        <ele>2692.917</ele>
        <time>2019-10-28T08:27:13.000Z</time>
      </trkpt>
      <trkpt lat="30.517541" lon="79.182452">
        <ele>2694.408</ele>
        <time>2019-10-28T08:27:31.000Z</time>
      </trkpt>
      <trkpt lat="30.517508" lon="79.182415">
        <ele>2692.452</ele>
        <time>2019-10-28T08:28:21.000Z</time>
      </trkpt>
      <trkpt lat="30.517459" lon="79.182409">
        <ele>2692.681</ele>
        <time>2019-10-28T08:28:28.000Z</time>
      </trkpt>
      <trkpt lat="30.517421" lon="79.182376">
        <ele>2697.461</ele>
        <time>2019-10-28T08:29:18.000Z</time>
      </trkpt>
      <trkpt lat="30.517371" lon="79.182381">
        <ele>2699.517</ele>
        <time>2019-10-28T08:29:25.000Z</time>
      </trkpt>
      <trkpt lat="30.517323" lon="79.182403">
        <ele>2697.462</ele>
        <time>2019-10-28T08:29:32.000Z</time>
      </trkpt>
      <trkpt lat="30.517278" lon="79.182423">
        <ele>2695.923</ele>
        <time>2019-10-28T08:30:06.000Z</time>
      </trkpt>
      <trkpt lat="30.517229" lon="79.182438">
        <ele>2695.859</ele>
        <time>2019-10-28T08:30:15.000Z</time>
      </trkpt>
      <trkpt lat="30.517179" lon="79.182455">
        <ele>2696.835</ele>
        <time>2019-10-28T08:30:23.000Z</time>
      </trkpt>
      <trkpt lat="30.517134" lon="79.182476">
        <ele>2700.446</ele>
        <time>2019-10-28T08:30:57.000Z</time>
      </trkpt>
      <trkpt lat="30.517096" lon="79.182511">
        <ele>2700.888</ele>
        <time>2019-10-28T08:31:09.000Z</time>
      </trkpt>
      <trkpt lat="30.517061" lon="79.182545">
        <ele>2701.716</ele>
        <time>2019-10-28T08:31:18.000Z</time>
      </trkpt>
      <trkpt lat="30.51704" lon="79.182595">
        <ele>2703.308</ele>
        <time>2019-10-28T08:31:58.000Z</time>
      </trkpt>
      <trkpt lat="30.517014" lon="79.18264">
        <ele>2699.718</ele>
        <time>2019-10-28T08:32:09.000Z</time>
      </trkpt>
      <trkpt lat="30.51697" lon="79.182659">
        <ele>2699.447</ele>
        <time>2019-10-28T08:32:28.000Z</time>
      </trkpt>
      <trkpt lat="30.516982" lon="79.182606">
        <ele>2702.427</ele>
        <time>2019-10-28T08:33:01.000Z</time>
      </trkpt>
      <trkpt lat="30.516932" lon="79.182614">
        <ele>2702.053</ele>
        <time>2019-10-28T08:33:08.000Z</time>
      </trkpt>
      <trkpt lat="30.516876" lon="79.182625">
        <ele>2704.188</ele>
        <time>2019-10-28T08:33:35.000Z</time>
      </trkpt>
      <trkpt lat="30.516824" lon="79.182619">
        <ele>2702.289</ele>
        <time>2019-10-28T08:33:57.000Z</time>
      </trkpt>
      <trkpt lat="30.516776" lon="79.182615">
        <ele>2708.255</ele>
        <time>2019-10-28T08:34:54.000Z</time>
      </trkpt>
      <trkpt lat="30.516732" lon="79.182594">
        <ele>2709.771</ele>
        <time>2019-10-28T08:35:10.000Z</time>
      </trkpt>
      <trkpt lat="30.516688" lon="79.182618">
        <ele>2715.136</ele>
        <time>2019-10-28T08:35:35.000Z</time>
      </trkpt>
      <trkpt lat="30.516664" lon="79.182664">
        <ele>2718.417</ele>
        <time>2019-10-28T08:36:41.000Z</time>
      </trkpt>
      <trkpt lat="30.516659" lon="79.182716">
        <ele>2717.818</ele>
        <time>2019-10-28T08:37:23.000Z</time>
      </trkpt>
      <trkpt lat="30.516627" lon="79.182757">
        <ele>2716.908</ele>
        <time>2019-10-28T08:37:32.000Z</time>
      </trkpt>
      <trkpt lat="30.516588" lon="79.182786">
        <ele>2714.387</ele>
        <time>2019-10-28T08:37:41.000Z</time>
      </trkpt>
      <trkpt lat="30.516543" lon="79.182798">
        <ele>2715.546</ele>
        <time>2019-10-28T08:37:54.000Z</time>
      </trkpt>
      <trkpt lat="30.516528" lon="79.182854">
        <ele>2715.436</ele>
        <time>2019-10-28T08:38:04.000Z</time>
      </trkpt>
      <trkpt lat="30.516482" lon="79.182859">
        <ele>2716.292</ele>
        <time>2019-10-28T08:38:45.000Z</time>
      </trkpt>
      <trkpt lat="30.516431" lon="79.182877">
        <ele>2720.747</ele>
        <time>2019-10-28T08:39:18.000Z</time>
      </trkpt>
      <trkpt lat="30.516391" lon="79.182902">
        <ele>2720.668</ele>
        <time>2019-10-28T08:39:28.000Z</time>
      </trkpt>
      <trkpt lat="30.516362" lon="79.182943">
        <ele>2721.784</ele>
        <time>2019-10-28T08:39:42.000Z</time>
      </trkpt>
      <trkpt lat="30.516323" lon="79.182978">
        <ele>2725.13</ele>
        <time>2019-10-28T08:41:06.000Z</time>
      </trkpt>
      <trkpt lat="30.516281" lon="79.183009">
        <ele>2725.384</ele>
        <time>2019-10-28T08:43:45.000Z</time>
      </trkpt>
      <trkpt lat="30.51627" lon="79.18306">
        <ele>2727.607</ele>
        <time>2019-10-28T08:44:05.000Z</time>
      </trkpt>
      <trkpt lat="30.516232" lon="79.183098">
        <ele>2729.517</ele>
        <time>2019-10-28T08:44:23.000Z</time>
      </trkpt>
      <trkpt lat="30.516188" lon="79.183113">
        <ele>2731.408</ele>
        <time>2019-10-28T08:44:40.000Z</time>
      </trkpt>
      <trkpt lat="30.516143" lon="79.183137">
        <ele>2737.542</ele>
        <time>2019-10-28T08:45:56.000Z</time>
      </trkpt>
      <trkpt lat="30.516103" lon="79.18317">
        <ele>2737.881</ele>
        <time>2019-10-28T08:46:32.000Z</time>
      </trkpt>
      <trkpt lat="30.516062" lon="79.183202">
        <ele>2737.741</ele>
        <time>2019-10-28T08:47:05.000Z</time>
      </trkpt>
      <trkpt lat="30.516017" lon="79.183226">
        <ele>2740.217</ele>
        <time>2019-10-28T08:49:09.000Z</time>
      </trkpt>
      <trkpt lat="30.515973" lon="79.183238">
        <ele>2741.322</ele>
        <time>2019-10-28T08:50:33.000Z</time>
      </trkpt>
      <trkpt lat="30.515929" lon="79.183258">
        <ele>2740.373</ele>
        <time>2019-10-28T08:50:49.000Z</time>
      </trkpt>
      <trkpt lat="30.515884" lon="79.183278">
        <ele>2741.779</ele>
        <time>2019-10-28T08:51:11.000Z</time>
      </trkpt>
      <trkpt lat="30.515838" lon="79.183283">
        <ele>2741.885</ele>
        <time>2019-10-28T08:51:39.000Z</time>
      </trkpt>
      <trkpt lat="30.515793" lon="79.183305">
        <ele>2743.347</ele>
        <time>2019-10-28T08:51:54.000Z</time>
      </trkpt>
      <trkpt lat="30.515753" lon="79.183333">
        <ele>2743.629</ele>
        <time>2019-10-28T08:52:16.000Z</time>
      </trkpt>
      <trkpt lat="30.515721" lon="79.183376">
        <ele>2742.421</ele>
        <time>2019-10-28T08:52:27.000Z</time>
      </trkpt>
      <trkpt lat="30.515696" lon="79.183427">
        <ele>2743.408</ele>
        <time>2019-10-28T08:52:41.000Z</time>
      </trkpt>
      <trkpt lat="30.515674" lon="79.183477">
        <ele>2742.738</ele>
        <time>2019-10-28T08:53:01.000Z</time>
      </trkpt>
      <trkpt lat="30.515709" lon="79.183511">
        <ele>2748.357</ele>
        <time>2019-10-28T09:34:42.000Z</time>
      </trkpt>
      <trkpt lat="30.515684" lon="79.183464">
        <ele>2748.467</ele>
        <time>2019-10-28T09:39:12.000Z</time>
      </trkpt>
      <trkpt lat="30.515663" lon="79.1834">
        <ele>2750.253</ele>
        <time>2019-10-28T09:39:38.000Z</time>
      </trkpt>
      <trkpt lat="30.515634" lon="79.183351">
        <ele>2752.178</ele>
        <time>2019-10-28T09:40:46.000Z</time>
      </trkpt>
      <trkpt lat="30.515623" lon="79.183298">
        <ele>2752.319</ele>
        <time>2019-10-28T09:40:54.000Z</time>
      </trkpt>
      <trkpt lat="30.515632" lon="79.183243">
        <ele>2752.875</ele>
        <time>2019-10-28T09:41:05.000Z</time>
      </trkpt>
      <trkpt lat="30.515631" lon="79.183189">
        <ele>2752.971</ele>
        <time>2019-10-28T09:41:12.000Z</time>
      </trkpt>
      <trkpt lat="30.515635" lon="79.183131">
        <ele>2753.335</ele>
        <time>2019-10-28T09:41:24.000Z</time>
      </trkpt>
      <trkpt lat="30.515644" lon="79.183078">
        <ele>2754.086</ele>
        <time>2019-10-28T09:41:34.000Z</time>
      </trkpt>
      <trkpt lat="30.515654" lon="79.183023">
        <ele>2754.614</ele>
        <time>2019-10-28T09:41:41.000Z</time>
      </trkpt>
      <trkpt lat="30.515646" lon="79.182968">
        <ele>2754.608</ele>
        <time>2019-10-28T09:41:48.000Z</time>
      </trkpt>
      <trkpt lat="30.515639" lon="79.182914">
        <ele>2755.177</ele>
        <time>2019-10-28T09:41:57.000Z</time>
      </trkpt>
      <trkpt lat="30.515603" lon="79.182872">
        <ele>2754.576</ele>
        <time>2019-10-28T09:42:05.000Z</time>
      </trkpt>
      <trkpt lat="30.515583" lon="79.182822">
        <ele>2754.886</ele>
        <time>2019-10-28T09:42:15.000Z</time>
      </trkpt>
      <trkpt lat="30.515554" lon="79.18278">
        <ele>2753.672</ele>
        <time>2019-10-28T09:42:50.000Z</time>
      </trkpt>
      <trkpt lat="30.515539" lon="79.182728">
        <ele>2756.337</ele>
        <time>2019-10-28T09:42:59.000Z</time>
      </trkpt>
      <trkpt lat="30.515571" lon="79.182685">
        <ele>2757.688</ele>
        <time>2019-10-28T09:43:04.000Z</time>
      </trkpt>
      <trkpt lat="30.5156" lon="79.182638">
        <ele>2757.664</ele>
        <time>2019-10-28T09:43:10.000Z</time>
      </trkpt>
      <trkpt lat="30.515608" lon="79.182586">
        <ele>2758.09</ele>
        <time>2019-10-28T09:43:33.000Z</time>
      </trkpt>
      <trkpt lat="30.515617" lon="79.182534">
        <ele>2758.474</ele>
        <time>2019-10-28T09:43:40.000Z</time>
      </trkpt>
      <trkpt lat="30.515603" lon="79.182483">
        <ele>2757.556</ele>
        <time>2019-10-28T09:43:49.000Z</time>
      </trkpt>
      <trkpt lat="30.515591" lon="79.182432">
        <ele>2758.121</ele>
        <time>2019-10-28T09:43:55.000Z</time>
      </trkpt>
      <trkpt lat="30.515607" lon="79.18238">
        <ele>2758.608</ele>
        <time>2019-10-28T09:44:03.000Z</time>
      </trkpt>
      <trkpt lat="30.515604" lon="79.182326">
        <ele>2759.571</ele>
        <time>2019-10-28T09:44:11.000Z</time>
      </trkpt>
      <trkpt lat="30.515603" lon="79.182267">
        <ele>2760.25</ele>
        <time>2019-10-28T09:44:23.000Z</time>
      </trkpt>
      <trkpt lat="30.515583" lon="79.182219">
        <ele>2760.27</ele>
        <time>2019-10-28T09:44:38.000Z</time>
      </trkpt>
      <trkpt lat="30.515596" lon="79.182165">
        <ele>2760.896</ele>
        <time>2019-10-28T09:44:57.000Z</time>
      </trkpt>
      <trkpt lat="30.515562" lon="79.182122">
        <ele>2760.941</ele>
        <time>2019-10-28T09:45:06.000Z</time>
      </trkpt>
      <trkpt lat="30.515528" lon="79.182086">
        <ele>2760.212</ele>
        <time>2019-10-28T09:45:21.000Z</time>
      </trkpt>
      <trkpt lat="30.51554" lon="79.182035">
        <ele>2761.098</ele>
        <time>2019-10-28T09:45:30.000Z</time>
      </trkpt>
      <trkpt lat="30.515554" lon="79.181978">
        <ele>2761.054</ele>
        <time>2019-10-28T09:45:40.000Z</time>
      </trkpt>
      <trkpt lat="30.515586" lon="79.18194">
        <ele>2762.037</ele>
        <time>2019-10-28T09:45:54.000Z</time>
      </trkpt>
      <trkpt lat="30.515567" lon="79.181885">
        <ele>2761.449</ele>
        <time>2019-10-28T09:46:09.000Z</time>
      </trkpt>
      <trkpt lat="30.515551" lon="79.181835">
        <ele>2762.813</ele>
        <time>2019-10-28T09:46:47.000Z</time>
      </trkpt>
      <trkpt lat="30.515578" lon="79.181781">
        <ele>2764.408</ele>
        <time>2019-10-28T09:47:01.000Z</time>
      </trkpt>
      <trkpt lat="30.515605" lon="79.181732">
        <ele>2766.177</ele>
        <time>2019-10-28T09:47:08.000Z</time>
      </trkpt>
      <trkpt lat="30.515613" lon="79.181665">
        <ele>2769.736</ele>
        <time>2019-10-28T09:47:31.000Z</time>
      </trkpt>
      <trkpt lat="30.515643" lon="79.181621">
        <ele>2766.696</ele>
        <time>2019-10-28T09:48:01.000Z</time>
      </trkpt>
      <trkpt lat="30.515675" lon="79.181572">
        <ele>2767.292</ele>
        <time>2019-10-28T09:48:08.000Z</time>
      </trkpt>
      <trkpt lat="30.515689" lon="79.18152">
        <ele>2768.837</ele>
        <time>2019-10-28T09:48:20.000Z</time>
      </trkpt>
      <trkpt lat="30.515684" lon="79.181468">
        <ele>2767.978</ele>
        <time>2019-10-28T09:48:28.000Z</time>
      </trkpt>
      <trkpt lat="30.515716" lon="79.181431">
        <ele>2766.794</ele>
        <time>2019-10-28T09:48:41.000Z</time>
      </trkpt>
      <trkpt lat="30.515733" lon="79.181378">
        <ele>2766.86</ele>
        <time>2019-10-28T09:48:52.000Z</time>
      </trkpt>
      <trkpt lat="30.51576" lon="79.181335">
        <ele>2767.051</ele>
        <time>2019-10-28T09:48:57.000Z</time>
      </trkpt>
      <trkpt lat="30.515793" lon="79.181297">
        <ele>2766.801</ele>
        <time>2019-10-28T09:49:05.000Z</time>
      </trkpt>
      <trkpt lat="30.515816" lon="79.181251">
        <ele>2767.611</ele>
        <time>2019-10-28T09:49:13.000Z</time>
      </trkpt>
      <trkpt lat="30.515851" lon="79.181213">
        <ele>2768.608</ele>
        <time>2019-10-28T09:49:20.000Z</time>
      </trkpt>
      <trkpt lat="30.51586" lon="79.18116">
        <ele>2769.199</ele>
        <time>2019-10-28T09:49:29.000Z</time>
      </trkpt>
      <trkpt lat="30.515848" lon="79.181109">
        <ele>2771.048</ele>
        <time>2019-10-28T09:49:43.000Z</time>
      </trkpt>
      <trkpt lat="30.515801" lon="79.18109">
        <ele>2770.698</ele>
        <time>2019-10-28T09:50:02.000Z</time>
      </trkpt>
      <trkpt lat="30.515798" lon="79.181038">
        <ele>2771.774</ele>
        <time>2019-10-28T09:50:14.000Z</time>
      </trkpt>
      <trkpt lat="30.515817" lon="79.180982">
        <ele>2771.529</ele>
        <time>2019-10-28T09:50:32.000Z</time>
      </trkpt>
      <trkpt lat="30.515793" lon="79.180935">
        <ele>2772.68</ele>
        <time>2019-10-28T09:50:37.000Z</time>
      </trkpt>
      <trkpt lat="30.515785" lon="79.180882">
        <ele>2773.086</ele>
        <time>2019-10-28T09:50:48.000Z</time>
      </trkpt>
      <trkpt lat="30.51579" lon="79.180829">
        <ele>2772.772</ele>
        <time>2019-10-28T09:51:03.000Z</time>
      </trkpt>
      <trkpt lat="30.515784" lon="79.180775">
        <ele>2772.422</ele>
        <time>2019-10-28T09:51:11.000Z</time>
      </trkpt>
      <trkpt lat="30.515769" lon="79.180721">
        <ele>2772.262</ele>
        <time>2019-10-28T09:51:17.000Z</time>
      </trkpt>
      <trkpt lat="30.51577" lon="79.18066">
        <ele>2773.308</ele>
        <time>2019-10-28T09:51:25.000Z</time>
      </trkpt>
      <trkpt lat="30.515772" lon="79.180607">
        <ele>2773.408</ele>
        <time>2019-10-28T09:51:32.000Z</time>
      </trkpt>
      <trkpt lat="30.51576" lon="79.180553">
        <ele>2773.416</ele>
        <time>2019-10-28T09:51:37.000Z</time>
      </trkpt>
      <trkpt lat="30.515767" lon="79.180496">
        <ele>2774.545</ele>
        <time>2019-10-28T09:51:44.000Z</time>
      </trkpt>
      <trkpt lat="30.515778" lon="79.180445">
        <ele>2775.025</ele>
        <time>2019-10-28T09:51:53.000Z</time>
      </trkpt>
      <trkpt lat="30.515784" lon="79.180388">
        <ele>2774.741</ele>
        <time>2019-10-28T09:52:14.000Z</time>
      </trkpt>
      <trkpt lat="30.515779" lon="79.180332">
        <ele>2774.856</ele>
        <time>2019-10-28T09:52:21.000Z</time>
      </trkpt>
      <trkpt lat="30.51573" lon="79.18032">
        <ele>2774.047</ele>
        <time>2019-10-28T09:52:36.000Z</time>
      </trkpt>
      <trkpt lat="30.515686" lon="79.180332">
        <ele>2772.453</ele>
        <time>2019-10-28T09:52:44.000Z</time>
      </trkpt>
      <trkpt lat="30.515704" lon="79.180282">
        <ele>2774.029</ele>
        <time>2019-10-28T09:53:00.000Z</time>
      </trkpt>
      <trkpt lat="30.515658" lon="79.180263">
        <ele>2773.922</ele>
        <time>2019-10-28T09:53:07.000Z</time>
      </trkpt>
      <trkpt lat="30.515616" lon="79.180288">
        <ele>2778.762</ele>
        <time>2019-10-28T09:53:36.000Z</time>
      </trkpt>
      <trkpt lat="30.515606" lon="79.180235">
        <ele>2779.208</ele>
        <time>2019-10-28T09:53:46.000Z</time>
      </trkpt>
      <trkpt lat="30.515578" lon="79.18019">
        <ele>2778.208</ele>
        <time>2019-10-28T09:54:04.000Z</time>
      </trkpt>
      <trkpt lat="30.515549" lon="79.180142">
        <ele>2778.366</ele>
        <time>2019-10-28T09:54:22.000Z</time>
      </trkpt>
      <trkpt lat="30.515507" lon="79.180111">
        <ele>2778.815</ele>
        <time>2019-10-28T09:54:30.000Z</time>
      </trkpt>
      <trkpt lat="30.515468" lon="79.180076">
        <ele>2779.655</ele>
        <time>2019-10-28T09:54:37.000Z</time>
      </trkpt>
      <trkpt lat="30.515422" lon="79.180071">
        <ele>2781.521</ele>
        <time>2019-10-28T09:54:45.000Z</time>
      </trkpt>
      <trkpt lat="30.51536" lon="79.180097">
        <ele>2782.566</ele>
        <time>2019-10-28T09:55:41.000Z</time>
      </trkpt>
      <trkpt lat="30.515315" lon="79.180084">
        <ele>2782.357</ele>
        <time>2019-10-28T09:56:35.000Z</time>
      </trkpt>
      <trkpt lat="30.515268" lon="79.180097">
        <ele>2780.523</ele>
        <time>2019-10-28T09:56:52.000Z</time>
      </trkpt>
      <trkpt lat="30.515219" lon="79.180086">
        <ele>2776.889</ele>
        <time>2019-10-28T09:57:08.000Z</time>
      </trkpt>
      <trkpt lat="30.515182" lon="79.180122">
        <ele>2774.724</ele>
        <time>2019-10-28T09:57:21.000Z</time>
      </trkpt>
      <trkpt lat="30.515149" lon="79.180079">
        <ele>2775.204</ele>
        <time>2019-10-28T09:57:48.000Z</time>
      </trkpt>
      <trkpt lat="30.515099" lon="79.180072">
        <ele>2774.014</ele>
        <time>2019-10-28T09:58:01.000Z</time>
      </trkpt>
      <trkpt lat="30.515069" lon="79.180031">
        <ele>2773.508</ele>
        <time>2019-10-28T09:58:12.000Z</time>
      </trkpt>
      <trkpt lat="30.515049" lon="79.179984">
        <ele>2771.916</ele>
        <time>2019-10-28T09:58:29.000Z</time>
      </trkpt>
      <trkpt lat="30.515019" lon="79.179941">
        <ele>2770.275</ele>
        <time>2019-10-28T09:58:46.000Z</time>
      </trkpt>
      <trkpt lat="30.514974" lon="79.179915">
        <ele>2767.515</ele>
        <time>2019-10-28T09:59:21.000Z</time>
      </trkpt>
      <trkpt lat="30.514926" lon="79.179925">
        <ele>2768.351</ele>
        <time>2019-10-28T09:59:31.000Z</time>
      </trkpt>
      <trkpt lat="30.514882" lon="79.179901">
        <ele>2768.076</ele>
        <time>2019-10-28T09:59:56.000Z</time>
      </trkpt>
      <trkpt lat="30.514838" lon="79.179931">
        <ele>2768.477</ele>
        <time>2019-10-28T10:00:03.000Z</time>
      </trkpt>
      <trkpt lat="30.514795" lon="79.17995">
        <ele>2765.643</ele>
        <time>2019-10-28T10:00:18.000Z</time>
      </trkpt>
      <trkpt lat="30.514797" lon="79.179892">
        <ele>2764.039</ele>
        <time>2019-10-28T10:00:44.000Z</time>
      </trkpt>
      <trkpt lat="30.514752" lon="79.179891">
        <ele>2764.054</ele>
        <time>2019-10-28T10:01:02.000Z</time>
      </trkpt>
      <trkpt lat="30.514708" lon="79.179903">
        <ele>2759.356</ele>
        <time>2019-10-28T10:01:30.000Z</time>
      </trkpt>
      <trkpt lat="30.514662" lon="79.179911">
        <ele>2752.711</ele>
        <time>2019-10-28T10:02:22.000Z</time>
      </trkpt>
      <trkpt lat="30.514624" lon="79.179878">
        <ele>2751.608</ele>
        <time>2019-10-28T10:03:08.000Z</time>
      </trkpt>
      <trkpt lat="30.514609" lon="79.179827">
        <ele>2746.879</ele>
        <time>2019-10-28T10:03:39.000Z</time>
      </trkpt>
      <trkpt lat="30.514582" lon="79.179871">
        <ele>2746.288</ele>
        <time>2019-10-28T10:03:58.000Z</time>
      </trkpt>
      <trkpt lat="30.514538" lon="79.179893">
        <ele>2747.328</ele>
        <time>2019-10-28T10:04:21.000Z</time>
      </trkpt>
      <trkpt lat="30.514492" lon="79.179926">
        <ele>2745.714</ele>
        <time>2019-10-28T10:04:44.000Z</time>
      </trkpt>
      <trkpt lat="30.514467" lon="79.179974">
        <ele>2747.129</ele>
        <time>2019-10-28T10:05:02.000Z</time>
      </trkpt>
      <trkpt lat="30.514455" lon="79.179921">
        <ele>2740.25</ele>
        <time>2019-10-28T10:06:51.000Z</time>
      </trkpt>
      <trkpt lat="30.514412" lon="79.179953">
        <ele>2729.516</ele>
        <time>2019-10-28T10:08:21.000Z</time>
      </trkpt>
      <trkpt lat="30.514399" lon="79.179901">
        <ele>2727.562</ele>
        <time>2019-10-28T10:08:36.000Z</time>
      </trkpt>
      <trkpt lat="30.51437" lon="79.179851">
        <ele>2726.699</ele>
        <time>2019-10-28T10:08:57.000Z</time>
      </trkpt>
      <trkpt lat="30.514353" lon="79.179802">
        <ele>2724.307</ele>
        <time>2019-10-28T10:09:08.000Z</time>
      </trkpt>
      <trkpt lat="30.514339" lon="79.179745">
        <ele>2725.527</ele>
        <time>2019-10-28T10:09:20.000Z</time>
      </trkpt>
      <trkpt lat="30.514323" lon="79.17969">
        <ele>2724.908</ele>
        <time>2019-10-28T10:09:30.000Z</time>
      </trkpt>
      <trkpt lat="30.514289" lon="79.17965">
        <ele>2724.913</ele>
        <time>2019-10-28T10:09:42.000Z</time>
      </trkpt>
      <trkpt lat="30.514236" lon="79.179646">
        <ele>2723.332</ele>
        <time>2019-10-28T10:09:58.000Z</time>
      </trkpt>
      <trkpt lat="30.514194" lon="79.179665">
        <ele>2721.612</ele>
        <time>2019-10-28T10:10:06.000Z</time>
      </trkpt>
      <trkpt lat="30.514148" lon="79.179679">
        <ele>2715.028</ele>
        <time>2019-10-28T10:10:22.000Z</time>
      </trkpt>
      <trkpt lat="30.514109" lon="79.179717">
        <ele>2713.953</ele>
        <time>2019-10-28T10:10:27.000Z</time>
      </trkpt>
      <trkpt lat="30.514078" lon="79.17967">
        <ele>2713.634</ele>
        <time>2019-10-28T10:10:35.000Z</time>
      </trkpt>
      <trkpt lat="30.514075" lon="79.179618">
        <ele>2714.17</ele>
        <time>2019-10-28T10:10:41.000Z</time>
      </trkpt>
      <trkpt lat="30.514064" lon="79.179566">
        <ele>2712.686</ele>
        <time>2019-10-28T10:10:53.000Z</time>
      </trkpt>
      <trkpt lat="30.514019" lon="79.179585">
        <ele>2706.917</ele>
        <time>2019-10-28T10:11:14.000Z</time>
      </trkpt>
      <trkpt lat="30.513976" lon="79.179569">
        <ele>2704.687</ele>
        <time>2019-10-28T10:11:27.000Z</time>
      </trkpt>
      <trkpt lat="30.513953" lon="79.179522">
        <ele>2700.915</ele>
        <time>2019-10-28T10:11:38.000Z</time>
      </trkpt>
      <trkpt lat="30.513931" lon="79.179467">
        <ele>2699.408</ele>
        <time>2019-10-28T10:11:41.000Z</time>
      </trkpt>
      <trkpt lat="30.513926" lon="79.179414">
        <ele>2696.445</ele>
        <time>2019-10-28T10:12:00.000Z</time>
      </trkpt>
      <trkpt lat="30.513898" lon="79.179368">
        <ele>2698.174</ele>
        <time>2019-10-28T10:12:10.000Z</time>
      </trkpt>
      <trkpt lat="30.513854" lon="79.179343">
        <ele>2696.814</ele>
        <time>2019-10-28T10:12:32.000Z</time>
      </trkpt>
      <trkpt lat="30.513806" lon="79.179356">
        <ele>2694.84</ele>
        <time>2019-10-28T10:12:41.000Z</time>
      </trkpt>
      <trkpt lat="30.513761" lon="79.179343">
        <ele>2695.475</ele>
        <time>2019-10-28T10:12:51.000Z</time>
      </trkpt>
      <trkpt lat="30.513722" lon="79.179373">
        <ele>2693.336</ele>
        <time>2019-10-28T10:13:02.000Z</time>
      </trkpt>
      <trkpt lat="30.513677" lon="79.179368">
        <ele>2693.462</ele>
        <time>2019-10-28T10:13:10.000Z</time>
      </trkpt>
      <trkpt lat="30.513631" lon="79.179346">
        <ele>2690.998</ele>
        <time>2019-10-28T10:13:17.000Z</time>
      </trkpt>
      <trkpt lat="30.513587" lon="79.179329">
        <ele>2686.344</ele>
        <time>2019-10-28T10:13:29.000Z</time>
      </trkpt>
      <trkpt lat="30.513552" lon="79.179293">
        <ele>2684.205</ele>
        <time>2019-10-28T10:13:34.000Z</time>
      </trkpt>
      <trkpt lat="30.513503" lon="79.179285">
        <ele>2683.315</ele>
        <time>2019-10-28T10:13:40.000Z</time>
      </trkpt>
      <trkpt lat="30.513455" lon="79.179262">
        <ele>2683.708</ele>
        <time>2019-10-28T10:13:46.000Z</time>
      </trkpt>
      <trkpt lat="30.513417" lon="79.179221">
        <ele>2683.528</ele>
        <time>2019-10-28T10:13:52.000Z</time>
      </trkpt>
      <trkpt lat="30.513367" lon="79.179207">
        <ele>2682.417</ele>
        <time>2019-10-28T10:14:00.000Z</time>
      </trkpt>
      <trkpt lat="30.513317" lon="79.179212">
        <ele>2681.297</ele>
        <time>2019-10-28T10:14:07.000Z</time>
      </trkpt>
      <trkpt lat="30.513277" lon="79.179249">
        <ele>2680.493</ele>
        <time>2019-10-28T10:14:22.000Z</time>
      </trkpt>
      <trkpt lat="30.513235" lon="79.179225">
        <ele>2681.198</ele>
        <time>2019-10-28T10:14:33.000Z</time>
      </trkpt>
      <trkpt lat="30.513207" lon="79.179179">
        <ele>2679.449</ele>
        <time>2019-10-28T10:14:43.000Z</time>
      </trkpt>
      <trkpt lat="30.513176" lon="79.179139">
        <ele>2676.925</ele>
        <time>2019-10-28T10:15:11.000Z</time>
      </trkpt>
      <trkpt lat="30.513135" lon="79.179114">
        <ele>2676.791</ele>
        <time>2019-10-28T10:15:28.000Z</time>
      </trkpt>
      <trkpt lat="30.513098" lon="79.179081">
        <ele>2676.619</ele>
        <time>2019-10-28T10:15:40.000Z</time>
      </trkpt>
      <trkpt lat="30.513077" lon="79.179028">
        <ele>2675.409</ele>
        <time>2019-10-28T10:15:53.000Z</time>
      </trkpt>
      <trkpt lat="30.513076" lon="79.178976">
        <ele>2672.719</ele>
        <time>2019-10-28T10:16:02.000Z</time>
      </trkpt>
      <trkpt lat="30.513046" lon="79.178933">
        <ele>2671.908</ele>
        <time>2019-10-28T10:16:12.000Z</time>
      </trkpt>
      <trkpt lat="30.513031" lon="79.17888">
        <ele>2671.385</ele>
        <time>2019-10-28T10:16:22.000Z</time>
      </trkpt>
      <trkpt lat="30.512987" lon="79.178852">
        <ele>2669.364</ele>
        <time>2019-10-28T10:16:38.000Z</time>
      </trkpt>
      <trkpt lat="30.512942" lon="79.178826">
        <ele>2667.064</ele>
        <time>2019-10-28T10:16:46.000Z</time>
      </trkpt>
      <trkpt lat="30.512945" lon="79.178774">
        <ele>2667.52</ele>
        <time>2019-10-28T10:16:57.000Z</time>
      </trkpt>
      <trkpt lat="30.512925" lon="79.178722">
        <ele>2664.995</ele>
        <time>2019-10-28T10:17:13.000Z</time>
      </trkpt>
      <trkpt lat="30.512885" lon="79.178693">
        <ele>2663.486</ele>
        <time>2019-10-28T10:17:24.000Z</time>
      </trkpt>
      <trkpt lat="30.512843" lon="79.178721">
        <ele>2663.052</ele>
        <time>2019-10-28T10:17:33.000Z</time>
      </trkpt>
      <trkpt lat="30.51281" lon="79.178684">
        <ele>2661.428</ele>
        <time>2019-10-28T10:18:05.000Z</time>
      </trkpt>
      <trkpt lat="30.512779" lon="79.178645">
        <ele>2660.158</ele>
        <time>2019-10-28T10:18:23.000Z</time>
      </trkpt>
      <trkpt lat="30.512783" lon="79.178592">
        <ele>2656.852</ele>
        <time>2019-10-28T10:18:35.000Z</time>
      </trkpt>
      <trkpt lat="30.512737" lon="79.178605">
        <ele>2653.917</ele>
        <time>2019-10-28T10:19:01.000Z</time>
      </trkpt>
      <trkpt lat="30.512733" lon="79.178548">
        <ele>2651.008</ele>
        <time>2019-10-28T10:19:36.000Z</time>
      </trkpt>
      <trkpt lat="30.512709" lon="79.178501">
        <ele>2653.489</ele>
        <time>2019-10-28T10:20:09.000Z</time>
      </trkpt>
      <trkpt lat="30.512665" lon="79.17849">
        <ele>2652.078</ele>
        <time>2019-10-28T10:20:44.000Z</time>
      </trkpt>
      <trkpt lat="30.512617" lon="79.178479">
        <ele>2649.688</ele>
        <time>2019-10-28T10:21:35.000Z</time>
      </trkpt>
      <trkpt lat="30.512575" lon="79.178455">
        <ele>2646.334</ele>
        <time>2019-10-28T10:21:47.000Z</time>
      </trkpt>
      <trkpt lat="30.51254" lon="79.178418">
        <ele>2644.319</ele>
        <time>2019-10-28T10:22:01.000Z</time>
      </trkpt>
      <trkpt lat="30.512498" lon="79.178389">
        <ele>2642.63</ele>
        <time>2019-10-28T10:22:14.000Z</time>
      </trkpt>
      <trkpt lat="30.512475" lon="79.178342">
        <ele>2642.066</ele>
        <time>2019-10-28T10:22:29.000Z</time>
      </trkpt>
      <trkpt lat="30.512434" lon="79.178309">
        <ele>2642.162</ele>
        <time>2019-10-28T10:22:39.000Z</time>
      </trkpt>
      <trkpt lat="30.512402" lon="79.178268">
        <ele>2639.315</ele>
        <time>2019-10-28T10:23:02.000Z</time>
      </trkpt>
      <trkpt lat="30.512356" lon="79.178256">
        <ele>2636.865</ele>
        <time>2019-10-28T10:23:28.000Z</time>
      </trkpt>
      <trkpt lat="30.512315" lon="79.178228">
        <ele>2632.511</ele>
        <time>2019-10-28T10:23:41.000Z</time>
      </trkpt>
      <trkpt lat="30.512274" lon="79.17827">
        <ele>2631.508</ele>
        <time>2019-10-28T10:23:58.000Z</time>
      </trkpt>
      <trkpt lat="30.512228" lon="79.17826">
        <ele>2628.825</ele>
        <time>2019-10-28T10:24:10.000Z</time>
      </trkpt>
      <trkpt lat="30.512219" lon="79.1782">
        <ele>2629.124</ele>
        <time>2019-10-28T10:24:42.000Z</time>
      </trkpt>
      <trkpt lat="30.512199" lon="79.178151">
        <ele>2625.614</ele>
        <time>2019-10-28T10:24:52.000Z</time>
      </trkpt>
      <trkpt lat="30.512178" lon="79.178103">
        <ele>2622.32</ele>
        <time>2019-10-28T10:25:22.000Z</time>
      </trkpt>
      <trkpt lat="30.512148" lon="79.178063">
        <ele>2622.585</ele>
        <time>2019-10-28T10:25:50.000Z</time>
      </trkpt>
      <trkpt lat="30.512106" lon="79.178038">
        <ele>2622.816</ele>
        <time>2019-10-28T10:26:18.000Z</time>
      </trkpt>
      <trkpt lat="30.512081" lon="79.177991">
        <ele>2620.472</ele>
        <time>2019-10-28T10:26:47.000Z</time>
      </trkpt>
      <trkpt lat="30.512042" lon="79.177962">
        <ele>2614.498</ele>
        <time>2019-10-28T10:27:18.000Z</time>
      </trkpt>
      <trkpt lat="30.512032" lon="79.17791">
        <ele>2613.049</ele>
        <time>2019-10-28T10:27:34.000Z</time>
      </trkpt>
      <trkpt lat="30.512003" lon="79.177866">
        <ele>2605.102</ele>
        <time>2019-10-28T10:28:08.000Z</time>
      </trkpt>
      <trkpt lat="30.511944" lon="79.177833">
        <ele>2599.022</ele>
        <time>2019-10-28T10:29:05.000Z</time>
      </trkpt>
      <trkpt lat="30.511913" lon="79.177788">
        <ele>2597.608</ele>
        <time>2019-10-28T10:29:44.000Z</time>
      </trkpt>
      <trkpt lat="30.511872" lon="79.177766">
        <ele>2598.378</ele>
        <time>2019-10-28T10:30:13.000Z</time>
      </trkpt>
      <trkpt lat="30.511838" lon="79.17773">
        <ele>2597.747</ele>
        <time>2019-10-28T10:30:51.000Z</time>
      </trkpt>
      <trkpt lat="30.511802" lon="79.177695">
        <ele>2597.057</ele>
        <time>2019-10-28T10:31:11.000Z</time>
      </trkpt>
      <trkpt lat="30.511798" lon="79.17764">
        <ele>2592.723</ele>
        <time>2019-10-28T10:31:57.000Z</time>
      </trkpt>
      <trkpt lat="30.511806" lon="79.177581">
        <ele>2588.918</ele>
        <time>2019-10-28T10:32:11.000Z</time>
      </trkpt>
      <trkpt lat="30.511817" lon="79.177524">
        <ele>2590.269</ele>
        <time>2019-10-28T10:32:24.000Z</time>
      </trkpt>
      <trkpt lat="30.511776" lon="79.177496">
        <ele>2587.965</ele>
        <time>2019-10-28T10:32:36.000Z</time>
      </trkpt>
      <trkpt lat="30.511774" lon="79.17744">
        <ele>2585.861</ele>
        <time>2019-10-28T10:32:45.000Z</time>
      </trkpt>
      <trkpt lat="30.511782" lon="79.177388">
        <ele>2584.949</ele>
        <time>2019-10-28T10:33:57.000Z</time>
      </trkpt>
      <trkpt lat="30.511743" lon="79.177421">
        <ele>2584.102</ele>
        <time>2019-10-28T10:34:11.000Z</time>
      </trkpt>
      <trkpt lat="30.511698" lon="79.177407">
        <ele>2583.922</ele>
        <time>2019-10-28T10:35:07.000Z</time>
      </trkpt>
      <trkpt lat="30.511687" lon="79.177352">
        <ele>2581.508</ele>
        <time>2019-10-28T10:35:21.000Z</time>
      </trkpt>
      <trkpt lat="30.511678" lon="79.177299">
        <ele>2578.148</ele>
        <time>2019-10-28T10:35:54.000Z</time>
      </trkpt>
      <trkpt lat="30.511653" lon="79.177255">
        <ele>2577.157</ele>
        <time>2019-10-28T10:36:06.000Z</time>
      </trkpt>
      <trkpt lat="30.51162" lon="79.177214">
        <ele>2575.537</ele>
        <time>2019-10-28T10:36:26.000Z</time>
      </trkpt>
      <trkpt lat="30.511604" lon="79.177159">
        <ele>2573.863</ele>
        <time>2019-10-28T10:37:08.000Z</time>
      </trkpt>
      <trkpt lat="30.511582" lon="79.177113">
        <ele>2572.618</ele>
        <time>2019-10-28T10:37:17.000Z</time>
      </trkpt>
      <trkpt lat="30.511587" lon="79.177058">
        <ele>2570.989</ele>
        <time>2019-10-28T10:39:14.000Z</time>
      </trkpt>
      <trkpt lat="30.51156" lon="79.177016">
        <ele>2570.165</ele>
        <time>2019-10-28T10:39:22.000Z</time>
      </trkpt>
      <trkpt lat="30.511522" lon="79.176983">
        <ele>2567.621</ele>
        <time>2019-10-28T10:39:44.000Z</time>
      </trkpt>
      <trkpt lat="30.511489" lon="79.176947">
        <ele>2567.331</ele>
        <time>2019-10-28T10:39:53.000Z</time>
      </trkpt>
      <trkpt lat="30.511461" lon="79.176989">
        <ele>2568.561</ele>
        <time>2019-10-28T10:40:30.000Z</time>
      </trkpt>
      <trkpt lat="30.511452" lon="79.17704">
        <ele>2567.707</ele>
        <time>2019-10-28T10:40:43.000Z</time>
      </trkpt>
      <trkpt lat="30.511439" lon="79.17709">
        <ele>2566.408</ele>
        <time>2019-10-28T10:40:58.000Z</time>
      </trkpt>
      <trkpt lat="30.511452" lon="79.177141">
        <ele>2565.747</ele>
        <time>2019-10-28T10:41:15.000Z</time>
      </trkpt>
      <trkpt lat="30.511459" lon="79.177195">
        <ele>2565.576</ele>
        <time>2019-10-28T10:41:29.000Z</time>
      </trkpt>
      <trkpt lat="30.511443" lon="79.17725">
        <ele>2565.836</ele>
        <time>2019-10-28T10:41:46.000Z</time>
      </trkpt>
      <trkpt lat="30.511431" lon="79.177308">
        <ele>2565.732</ele>
        <time>2019-10-28T10:42:17.000Z</time>
      </trkpt>
      <trkpt lat="30.511434" lon="79.177366">
        <ele>2566.957</ele>
        <time>2019-10-28T10:42:25.000Z</time>
      </trkpt>
      <trkpt lat="30.511434" lon="79.177428">
        <ele>2566.918</ele>
        <time>2019-10-28T10:42:32.000Z</time>
      </trkpt>
      <trkpt lat="30.5114" lon="79.177467">
        <ele>2562.844</ele>
        <time>2019-10-28T10:42:48.000Z</time>
      </trkpt>
      <trkpt lat="30.511353" lon="79.177478">
        <ele>2561.11</ele>
        <time>2019-10-28T10:43:18.000Z</time>
      </trkpt>
      <trkpt lat="30.511303" lon="79.177477">
        <ele>2560.142</ele>
        <time>2019-10-28T10:43:27.000Z</time>
      </trkpt>
      <trkpt lat="30.511257" lon="79.177493">
        <ele>2559.622</ele>
        <time>2019-10-28T10:43:36.000Z</time>
      </trkpt>
      <trkpt lat="30.51121" lon="79.177506">
        <ele>2558.914</ele>
        <time>2019-10-28T10:43:44.000Z</time>
      </trkpt>
      <trkpt lat="30.511185" lon="79.177555">
        <ele>2558.808</ele>
        <time>2019-10-28T10:43:52.000Z</time>
      </trkpt>
      <trkpt lat="30.511183" lon="79.177614">
        <ele>2559.058</ele>
        <time>2019-10-28T10:43:58.000Z</time>
      </trkpt>
      <trkpt lat="30.511159" lon="79.17766">
        <ele>2558.717</ele>
        <time>2019-10-28T10:44:13.000Z</time>
      </trkpt>
      <trkpt lat="30.511139" lon="79.177711">
        <ele>2557.137</ele>
        <time>2019-10-28T10:44:29.000Z</time>
      </trkpt>
      <trkpt lat="30.5111" lon="79.177741">
        <ele>2555.483</ele>
        <time>2019-10-28T10:44:49.000Z</time>
      </trkpt>
      <trkpt lat="30.511092" lon="79.177798">
        <ele>2554.318</ele>
        <time>2019-10-28T10:44:58.000Z</time>
      </trkpt>
      <trkpt lat="30.511094" lon="79.177855">
        <ele>2552.819</ele>
        <time>2019-10-28T10:45:04.000Z</time>
      </trkpt>
      <trkpt lat="30.511089" lon="79.177911">
        <ele>2551.515</ele>
        <time>2019-10-28T10:45:11.000Z</time>
      </trkpt>
      <trkpt lat="30.511087" lon="79.177969">
        <ele>2550.131</ele>
        <time>2019-10-28T10:45:36.000Z</time>
      </trkpt>
      <trkpt lat="30.511063" lon="79.178017">
        <ele>2550.054</ele>
        <time>2019-10-28T10:45:42.000Z</time>
      </trkpt>
      <trkpt lat="30.511036" lon="79.178062">
        <ele>2549.656</ele>
        <time>2019-10-28T10:45:51.000Z</time>
      </trkpt>
      <trkpt lat="30.511018" lon="79.178112">
        <ele>2549.111</ele>
        <time>2019-10-28T10:46:02.000Z</time>
      </trkpt>
      <trkpt lat="30.511004" lon="79.178167">
        <ele>2549.008</ele>
        <time>2019-10-28T10:46:11.000Z</time>
      </trkpt>
      <trkpt lat="30.510983" lon="79.178214">
        <ele>2549.279</ele>
        <time>2019-10-28T10:46:20.000Z</time>
      </trkpt>
      <trkpt lat="30.510968" lon="79.178265">
        <ele>2545.568</ele>
        <time>2019-10-28T10:46:50.000Z</time>
      </trkpt>
      <trkpt lat="30.510946" lon="79.178311">
        <ele>2542.718</ele>
        <time>2019-10-28T10:46:58.000Z</time>
      </trkpt>
      <trkpt lat="30.510927" lon="79.178362">
        <ele>2543.994</ele>
        <time>2019-10-28T10:47:09.000Z</time>
      </trkpt>
      <trkpt lat="30.510924" lon="79.178418">
        <ele>2546.219</ele>
        <time>2019-10-28T10:47:26.000Z</time>
      </trkpt>
      <trkpt lat="30.510914" lon="79.178473">
        <ele>2547.78</ele>
        <time>2019-10-28T10:47:36.000Z</time>
      </trkpt>
      <trkpt lat="30.510895" lon="79.178527">
        <ele>2548.456</ele>
        <time>2019-10-28T10:47:42.000Z</time>
      </trkpt>
      <trkpt lat="30.510873" lon="79.178576">
        <ele>2549.952</ele>
        <time>2019-10-28T10:47:53.000Z</time>
      </trkpt>
      <trkpt lat="30.510867" lon="79.178635">
        <ele>2550.235</ele>
        <time>2019-10-28T10:48:01.000Z</time>
      </trkpt>
      <trkpt lat="30.510894" lon="79.178691">
        <ele>2547.786</ele>
        <time>2019-10-28T10:48:14.000Z</time>
      </trkpt>
      <trkpt lat="30.510857" lon="79.178734">
        <ele>2546.514</ele>
        <time>2019-10-28T10:48:34.000Z</time>
      </trkpt>
      <trkpt lat="30.510819" lon="79.178771">
        <ele>2546.108</ele>
        <time>2019-10-28T10:48:41.000Z</time>
      </trkpt>
      <trkpt lat="30.510814" lon="79.178827">
        <ele>2544.937</ele>
        <time>2019-10-28T10:48:47.000Z</time>
      </trkpt>
      <trkpt lat="30.510831" lon="79.178881">
        <ele>2543.196</ele>
        <time>2019-10-28T10:48:57.000Z</time>
      </trkpt>
      <trkpt lat="30.510838" lon="79.178942">
        <ele>2541.886</ele>
        <time>2019-10-28T10:49:04.000Z</time>
      </trkpt>
      <trkpt lat="30.510813" lon="79.178986">
        <ele>2541.272</ele>
        <time>2019-10-28T10:49:12.000Z</time>
      </trkpt>
      <trkpt lat="30.51081" lon="79.179039">
        <ele>2539.497</ele>
        <time>2019-10-28T10:49:27.000Z</time>
      </trkpt>
      <trkpt lat="30.510791" lon="79.179092">
        <ele>2538.368</ele>
        <time>2019-10-28T10:50:14.000Z</time>
      </trkpt>
      <trkpt lat="30.510781" lon="79.179146">
        <ele>2536.974</ele>
        <time>2019-10-28T10:50:24.000Z</time>
      </trkpt>
      <trkpt lat="30.510757" lon="79.179193">
        <ele>2534.97</ele>
        <time>2019-10-28T10:50:34.000Z</time>
      </trkpt>
      <trkpt lat="30.51071" lon="79.179199">
        <ele>2531.722</ele>
        <time>2019-10-28T10:51:58.000Z</time>
      </trkpt>
      <trkpt lat="30.510677" lon="79.179156">
        <ele>2530.562</ele>
        <time>2019-10-28T10:52:13.000Z</time>
      </trkpt>
      <trkpt lat="30.510642" lon="79.179122">
        <ele>2528.708</ele>
        <time>2019-10-28T10:52:25.000Z</time>
      </trkpt>
      <trkpt lat="30.510627" lon="79.17907">
        <ele>2528.108</ele>
        <time>2019-10-28T10:52:36.000Z</time>
      </trkpt>
      <trkpt lat="30.510594" lon="79.179026">
        <ele>2526.686</ele>
        <time>2019-10-28T10:52:53.000Z</time>
      </trkpt>
      <trkpt lat="30.510574" lon="79.178976">
        <ele>2525.725</ele>
        <time>2019-10-28T10:52:59.000Z</time>
      </trkpt>
      <trkpt lat="30.510546" lon="79.178927">
        <ele>2525.195</ele>
        <time>2019-10-28T10:53:06.000Z</time>
      </trkpt>
      <trkpt lat="30.510565" lon="79.178876">
        <ele>2523.091</ele>
        <time>2019-10-28T10:53:21.000Z</time>
      </trkpt>
      <trkpt lat="30.510559" lon="79.178819">
        <ele>2522.356</ele>
        <time>2019-10-28T10:53:32.000Z</time>
      </trkpt>
      <trkpt lat="30.51057" lon="79.178764">
        <ele>2520.847</ele>
        <time>2019-10-28T10:53:45.000Z</time>
      </trkpt>
      <trkpt lat="30.51058" lon="79.178707">
        <ele>2520.523</ele>
        <time>2019-10-28T10:53:54.000Z</time>
      </trkpt>
      <trkpt lat="30.510587" lon="79.178649">
        <ele>2519.919</ele>
        <time>2019-10-28T10:54:02.000Z</time>
      </trkpt>
      <trkpt lat="30.510568" lon="79.178592">
        <ele>2519.137</ele>
        <time>2019-10-28T10:54:09.000Z</time>
      </trkpt>
      <trkpt lat="30.510554" lon="79.17854">
        <ele>2518.749</ele>
        <time>2019-10-28T10:54:16.000Z</time>
      </trkpt>
      <trkpt lat="30.51054" lon="79.178485">
        <ele>2518.413</ele>
        <time>2019-10-28T10:54:23.000Z</time>
      </trkpt>
      <trkpt lat="30.510522" lon="79.178437">
        <ele>2519.708</ele>
        <time>2019-10-28T10:54:34.000Z</time>
      </trkpt>
      <trkpt lat="30.510487" lon="79.178403">
        <ele>2518.527</ele>
        <time>2019-10-28T10:54:49.000Z</time>
      </trkpt>
      <trkpt lat="30.51046" lon="79.17836">
        <ele>2516.056</ele>
        <time>2019-10-28T10:55:06.000Z</time>
      </trkpt>
      <trkpt lat="30.51047" lon="79.178309">
        <ele>2515.986</ele>
        <time>2019-10-28T10:55:26.000Z</time>
      </trkpt>
      <trkpt lat="30.510498" lon="79.178268">
        <ele>2514.172</ele>
        <time>2019-10-28T10:55:45.000Z</time>
      </trkpt>
      <trkpt lat="30.510488" lon="79.178212">
        <ele>2509.747</ele>
        <time>2019-10-28T10:55:55.000Z</time>
      </trkpt>
      <trkpt lat="30.510437" lon="79.178212">
        <ele>2509.998</ele>
        <time>2019-10-28T10:56:13.000Z</time>
      </trkpt>
      <trkpt lat="30.510443" lon="79.17816">
        <ele>2506.564</ele>
        <time>2019-10-28T10:56:46.000Z</time>
      </trkpt>
      <trkpt lat="30.51045" lon="79.178107">
        <ele>2506.28</ele>
        <time>2019-10-28T10:56:53.000Z</time>
      </trkpt>
      <trkpt lat="30.510403" lon="79.178088">
        <ele>2505.913</ele>
        <time>2019-10-28T10:57:00.000Z</time>
      </trkpt>
      <trkpt lat="30.510389" lon="79.178036">
        <ele>2503.943</ele>
        <time>2019-10-28T10:57:16.000Z</time>
      </trkpt>
      <trkpt lat="30.510364" lon="79.177985">
        <ele>2502.507</ele>
        <time>2019-10-28T10:57:23.000Z</time>
      </trkpt>
      <trkpt lat="30.510337" lon="79.177941">
        <ele>2500.508</ele>
        <time>2019-10-28T10:57:47.000Z</time>
      </trkpt>
      <trkpt lat="30.510359" lon="79.177888">
        <ele>2498.445</ele>
        <time>2019-10-28T10:58:11.000Z</time>
      </trkpt>
      <trkpt lat="30.510352" lon="79.177836">
        <ele>2495.914</ele>
        <time>2019-10-28T10:58:24.000Z</time>
      </trkpt>
      <trkpt lat="30.510337" lon="79.177782">
        <ele>2495.534</ele>
        <time>2019-10-28T10:58:35.000Z</time>
      </trkpt>
      <trkpt lat="30.51027" lon="79.177796">
        <ele>2497.49</ele>
        <time>2019-10-28T10:59:00.000Z</time>
      </trkpt>
      <trkpt lat="30.510225" lon="79.177777">
        <ele>2496.995</ele>
        <time>2019-10-28T10:59:08.000Z</time>
      </trkpt>
      <trkpt lat="30.51021" lon="79.177723">
        <ele>2495.746</ele>
        <time>2019-10-28T10:59:22.000Z</time>
      </trkpt>
      <trkpt lat="30.510203" lon="79.17779">
        <ele>2493.982</ele>
        <time>2019-10-28T10:59:42.000Z</time>
      </trkpt>
      <trkpt lat="30.51017" lon="79.177825">
        <ele>2493.488</ele>
        <time>2019-10-28T10:59:52.000Z</time>
      </trkpt>
      <trkpt lat="30.510118" lon="79.177814">
        <ele>2492.119</ele>
        <time>2019-10-28T11:00:20.000Z</time>
      </trkpt>
      <trkpt lat="30.510068" lon="79.177819">
        <ele>2492.409</ele>
        <time>2019-10-28T11:00:28.000Z</time>
      </trkpt>
      <trkpt lat="30.510073" lon="79.177873">
        <ele>2486.919</ele>
        <time>2019-10-28T11:00:52.000Z</time>
      </trkpt>
      <trkpt lat="30.510093" lon="79.177923">
        <ele>2488.708</ele>
        <time>2019-10-28T11:01:10.000Z</time>
      </trkpt>
      <trkpt lat="30.510046" lon="79.17793">
        <ele>2483.425</ele>
        <time>2019-10-28T11:01:28.000Z</time>
      </trkpt>
      <trkpt lat="30.51" lon="79.177923">
        <ele>2483.454</ele>
        <time>2019-10-28T11:01:34.000Z</time>
      </trkpt>
      <trkpt lat="30.509998" lon="79.177864">
        <ele>2482.584</ele>
        <time>2019-10-28T11:02:16.000Z</time>
      </trkpt>
      <trkpt lat="30.509961" lon="79.17783">
        <ele>2479.29</ele>
        <time>2019-10-28T11:02:26.000Z</time>
      </trkpt>
      <trkpt lat="30.509937" lon="79.177881">
        <ele>2479.365</ele>
        <time>2019-10-28T11:02:38.000Z</time>
      </trkpt>
      <trkpt lat="30.509948" lon="79.177934">
        <ele>2478.616</ele>
        <time>2019-10-28T11:02:43.000Z</time>
      </trkpt>
      <trkpt lat="30.509922" lon="79.17798">
        <ele>2478.142</ele>
        <time>2019-10-28T11:02:55.000Z</time>
      </trkpt>
      <trkpt lat="30.50988" lon="79.178018">
        <ele>2478.858</ele>
        <time>2019-10-28T11:03:04.000Z</time>
      </trkpt>
      <trkpt lat="30.509864" lon="79.178085">
        <ele>2479.716</ele>
        <time>2019-10-28T11:03:32.000Z</time>
      </trkpt>
      <trkpt lat="30.509875" lon="79.178033">
        <ele>2475.076</ele>
        <time>2019-10-28T11:03:59.000Z</time>
      </trkpt>
      <trkpt lat="30.509858" lon="79.177984">
        <ele>2473.513</ele>
        <time>2019-10-28T11:04:14.000Z</time>
      </trkpt>
      <trkpt lat="30.509872" lon="79.177921">
        <ele>2473.208</ele>
        <time>2019-10-28T11:04:30.000Z</time>
      </trkpt>
      <trkpt lat="30.509863" lon="79.177866">
        <ele>2471.935</ele>
        <time>2019-10-28T11:04:40.000Z</time>
      </trkpt>
      <trkpt lat="30.509869" lon="79.177811">
        <ele>2469.224</ele>
        <time>2019-10-28T11:04:50.000Z</time>
      </trkpt>
      <trkpt lat="30.50989" lon="79.177762">
        <ele>2470.894</ele>
        <time>2019-10-28T11:05:00.000Z</time>
      </trkpt>
      <trkpt lat="30.509845" lon="79.177775">
        <ele>2471.21</ele>
        <time>2019-10-28T11:05:06.000Z</time>
      </trkpt>
      <trkpt lat="30.509777" lon="79.177748">
        <ele>2470.465</ele>
        <time>2019-10-28T11:05:08.000Z</time>
      </trkpt>
      <trkpt lat="30.509824" lon="79.177749">
        <ele>2471.596</ele>
        <time>2019-10-28T11:05:14.000Z</time>
      </trkpt>
      <trkpt lat="30.509793" lon="79.177706">
        <ele>2465.012</ele>
        <time>2019-10-28T11:05:30.000Z</time>
      </trkpt>
      <trkpt lat="30.509805" lon="79.177758">
        <ele>2456.978</ele>
        <time>2019-10-28T11:05:55.000Z</time>
      </trkpt>
      <trkpt lat="30.509743" lon="79.177755">
        <ele>2461.144</ele>
        <time>2019-10-28T11:06:17.000Z</time>
      </trkpt>
      <trkpt lat="30.509693" lon="79.177751">
        <ele>2457.505</ele>
        <time>2019-10-28T11:06:46.000Z</time>
      </trkpt>
      <trkpt lat="30.509663" lon="79.177699">
        <ele>2457.715</ele>
        <time>2019-10-28T11:07:09.000Z</time>
      </trkpt>
      <trkpt lat="30.5097" lon="79.17773">
        <ele>2453.608</ele>
        <time>2019-10-28T11:07:28.000Z</time>
      </trkpt>
      <trkpt lat="30.509747" lon="79.177702">
        <ele>2452.538</ele>
        <time>2019-10-28T11:08:01.000Z</time>
      </trkpt>
      <trkpt lat="30.509707" lon="79.177674">
        <ele>2448.787</ele>
        <time>2019-10-28T11:08:33.000Z</time>
      </trkpt>
      <trkpt lat="30.50968" lon="79.177623">
        <ele>2449.517</ele>
        <time>2019-10-28T11:08:40.000Z</time>
      </trkpt>
      <trkpt lat="30.509643" lon="79.177589">
        <ele>2447.123</ele>
        <time>2019-10-28T11:09:00.000Z</time>
      </trkpt>
      <trkpt lat="30.509593" lon="79.177575">
        <ele>2449.438</ele>
        <time>2019-10-28T11:09:08.000Z</time>
      </trkpt>
      <trkpt lat="30.509593" lon="79.177522">
        <ele>2448.469</ele>
        <time>2019-10-28T11:09:23.000Z</time>
      </trkpt>
      <trkpt lat="30.509534" lon="79.177476">
        <ele>2445.845</ele>
        <time>2019-10-28T11:09:59.000Z</time>
      </trkpt>
      <trkpt lat="30.509491" lon="79.177456">
        <ele>2445.711</ele>
        <time>2019-10-28T11:10:04.000Z</time>
      </trkpt>
      <trkpt lat="30.50945" lon="79.177487">
        <ele>2446.561</ele>
        <time>2019-10-28T11:10:12.000Z</time>
      </trkpt>
      <trkpt lat="30.509458" lon="79.177433">
        <ele>2445.521</ele>
        <time>2019-10-28T11:10:19.000Z</time>
      </trkpt>
      <trkpt lat="30.509443" lon="79.177382">
        <ele>2441.813</ele>
        <time>2019-10-28T11:10:33.000Z</time>
      </trkpt>
      <trkpt lat="30.509404" lon="79.177353">
        <ele>2438.808</ele>
        <time>2019-10-28T11:10:50.000Z</time>
      </trkpt>
      <trkpt lat="30.509361" lon="79.177336">
        <ele>2438.71</ele>
        <time>2019-10-28T11:11:00.000Z</time>
      </trkpt>
      <trkpt lat="30.509334" lon="79.177381">
        <ele>2435.859</ele>
        <time>2019-10-28T11:11:10.000Z</time>
      </trkpt>
      <trkpt lat="30.50929" lon="79.177359">
        <ele>2433.379</ele>
        <time>2019-10-28T11:11:23.000Z</time>
      </trkpt>
      <trkpt lat="30.509277" lon="79.177302">
        <ele>2429.485</ele>
        <time>2019-10-28T11:11:40.000Z</time>
      </trkpt>
      <trkpt lat="30.509238" lon="79.177275">
        <ele>2427.45</ele>
        <time>2019-10-28T11:11:48.000Z</time>
      </trkpt>
      <trkpt lat="30.509188" lon="79.177263">
        <ele>2425.721</ele>
        <time>2019-10-28T11:12:53.000Z</time>
      </trkpt>
      <trkpt lat="30.509151" lon="79.177298">
        <ele>2423.617</ele>
        <time>2019-10-28T11:17:49.000Z</time>
      </trkpt>
      <trkpt lat="30.50911" lon="79.177275">
        <ele>2422.133</ele>
        <time>2019-10-28T11:18:01.000Z</time>
      </trkpt>
      <trkpt lat="30.509072" lon="79.177244">
        <ele>2421.244</ele>
        <time>2019-10-28T11:18:09.000Z</time>
      </trkpt>
      <trkpt lat="30.50903" lon="79.177218">
        <ele>2418.405</ele>
        <time>2019-10-28T11:18:26.000Z</time>
      </trkpt>
      <trkpt lat="30.509062" lon="79.177178">
        <ele>2416.815</ele>
        <time>2019-10-28T11:19:01.000Z</time>
      </trkpt>
      <trkpt lat="30.50911" lon="79.177162">
        <ele>2415.708</ele>
        <time>2019-10-28T11:19:07.000Z</time>
      </trkpt>
      <trkpt lat="30.509141" lon="79.177115">
        <ele>2413.948</ele>
        <time>2019-10-28T11:19:12.000Z</time>
      </trkpt>
      <trkpt lat="30.50914" lon="79.177056">
        <ele>2412.747</ele>
        <time>2019-10-28T11:19:17.000Z</time>
      </trkpt>
      <trkpt lat="30.509116" lon="79.177003">
        <ele>2411.167</ele>
        <time>2019-10-28T11:19:23.000Z</time>
      </trkpt>
      <trkpt lat="30.50907" lon="79.176974">
        <ele>2409.333</ele>
        <time>2019-10-28T11:19:30.000Z</time>
      </trkpt>
      <trkpt lat="30.509024" lon="79.176979">
        <ele>2407.548</ele>
        <time>2019-10-28T11:19:36.000Z</time>
      </trkpt>
      <trkpt lat="30.509006" lon="79.17693">
        <ele>2406.949</ele>
        <time>2019-10-28T11:19:50.000Z</time>
      </trkpt>
      <trkpt lat="30.509028" lon="79.176878">
        <ele>2406.185</ele>
        <time>2019-10-28T11:19:57.000Z</time>
      </trkpt>
      <trkpt lat="30.509024" lon="79.176822">
        <ele>2404.421</ele>
        <time>2019-10-28T11:20:04.000Z</time>
      </trkpt>
      <trkpt lat="30.508997" lon="79.176778">
        <ele>2403.084</ele>
        <time>2019-10-28T11:20:12.000Z</time>
      </trkpt>
      <trkpt lat="30.508975" lon="79.176728">
        <ele>2401.107</ele>
        <time>2019-10-28T11:20:21.000Z</time>
      </trkpt>
      <trkpt lat="30.508943" lon="79.176688">
        <ele>2398.817</ele>
        <time>2019-10-28T11:20:31.000Z</time>
      </trkpt>
      <trkpt lat="30.5089" lon="79.176659">
        <ele>2397.408</ele>
        <time>2019-10-28T11:20:40.000Z</time>
      </trkpt>
      <trkpt lat="30.508863" lon="79.176623">
        <ele>2394.672</ele>
        <time>2019-10-28T11:20:51.000Z</time>
      </trkpt>
      <trkpt lat="30.508833" lon="79.176582">
        <ele>2393.231</ele>
        <time>2019-10-28T11:21:00.000Z</time>
      </trkpt>
      <trkpt lat="30.508814" lon="79.176529">
        <ele>2393.151</ele>
        <time>2019-10-28T11:21:09.000Z</time>
      </trkpt>
      <trkpt lat="30.508788" lon="79.17648">
        <ele>2391.317</ele>
        <time>2019-10-28T11:21:17.000Z</time>
      </trkpt>
      <trkpt lat="30.508768" lon="79.176431">
        <ele>2389.632</ele>
        <time>2019-10-28T11:21:33.000Z</time>
      </trkpt>
      <trkpt lat="30.508763" lon="79.176376">
        <ele>2387.233</ele>
        <time>2019-10-28T11:21:44.000Z</time>
      </trkpt>
      <trkpt lat="30.50872" lon="79.17636">
        <ele>2386.889</ele>
        <time>2019-10-28T11:21:57.000Z</time>
      </trkpt>
      <trkpt lat="30.508685" lon="79.176323">
        <ele>2384.765</ele>
        <time>2019-10-28T11:22:25.000Z</time>
      </trkpt>
      <trkpt lat="30.50864" lon="79.176305">
        <ele>2383.574</ele>
        <time>2019-10-28T11:22:32.000Z</time>
      </trkpt>
      <trkpt lat="30.508628" lon="79.176254">
        <ele>2378.156</ele>
        <time>2019-10-28T11:22:52.000Z</time>
      </trkpt>
      <trkpt lat="30.508608" lon="79.176206">
        <ele>2378.521</ele>
        <time>2019-10-28T11:23:04.000Z</time>
      </trkpt>
      <trkpt lat="30.508593" lon="79.176151">
        <ele>2377.008</ele>
        <time>2019-10-28T11:23:27.000Z</time>
      </trkpt>
      <trkpt lat="30.508595" lon="79.176096">
        <ele>2375.331</ele>
        <time>2019-10-28T11:23:42.000Z</time>
      </trkpt>
      <trkpt lat="30.508574" lon="79.176046">
        <ele>2373.56</ele>
        <time>2019-10-28T11:24:00.000Z</time>
      </trkpt>
      <trkpt lat="30.508532" lon="79.176019">
        <ele>2374.29</ele>
        <time>2019-10-28T11:24:15.000Z</time>
      </trkpt>
      <trkpt lat="30.508515" lon="79.175957">
        <ele>2370.926</ele>
        <time>2019-10-28T11:24:29.000Z</time>
      </trkpt>
      <trkpt lat="30.508473" lon="79.175937">
        <ele>2367.541</ele>
        <time>2019-10-28T11:25:19.000Z</time>
      </trkpt>
      <trkpt lat="30.508482" lon="79.175882">
        <ele>2366.592</ele>
        <time>2019-10-28T11:25:30.000Z</time>
      </trkpt>
      <trkpt lat="30.50848" lon="79.175829">
        <ele>2361.148</ele>
        <time>2019-10-28T11:25:52.000Z</time>
      </trkpt>
      <trkpt lat="30.50846" lon="79.17578">
        <ele>2361.354</ele>
        <time>2019-10-28T11:26:02.000Z</time>
      </trkpt>
      <trkpt lat="30.508452" lon="79.175729">
        <ele>2361.814</ele>
        <time>2019-10-28T11:26:11.000Z</time>
      </trkpt>
      <trkpt lat="30.508448" lon="79.175677">
        <ele>2359.254</ele>
        <time>2019-10-28T11:26:29.000Z</time>
      </trkpt>
      <trkpt lat="30.508461" lon="79.175627">
        <ele>2359.009</ele>
        <time>2019-10-28T11:26:37.000Z</time>
      </trkpt>
      <trkpt lat="30.508447" lon="79.175576">
        <ele>2357.208</ele>
        <time>2019-10-28T11:26:46.000Z</time>
      </trkpt>
      <trkpt lat="30.50845" lon="79.175524">
        <ele>2354.665</ele>
        <time>2019-10-28T11:27:01.000Z</time>
      </trkpt>
      <trkpt lat="30.508426" lon="79.17548">
        <ele>2350.334</ele>
        <time>2019-10-28T11:27:24.000Z</time>
      </trkpt>
      <trkpt lat="30.508415" lon="79.175425">
        <ele>2344.884</ele>
        <time>2019-10-28T11:28:05.000Z</time>
      </trkpt>
      <trkpt lat="30.50841" lon="79.175373">
        <ele>2342.53</ele>
        <time>2019-10-28T11:28:14.000Z</time>
      </trkpt>
      <trkpt lat="30.508429" lon="79.175324">
        <ele>2340.975</ele>
        <time>2019-10-28T11:28:26.000Z</time>
      </trkpt>
      <trkpt lat="30.50843" lon="79.175261">
        <ele>2339.486</ele>
        <time>2019-10-28T11:28:42.000Z</time>
      </trkpt>
      <trkpt lat="30.508406" lon="79.175212">
        <ele>2337.152</ele>
        <time>2019-10-28T11:28:48.000Z</time>
      </trkpt>
      <trkpt lat="30.508363" lon="79.17519">
        <ele>2337.328</ele>
        <time>2019-10-28T11:29:01.000Z</time>
      </trkpt>
      <trkpt lat="30.508324" lon="79.175163">
        <ele>2334.878</ele>
        <time>2019-10-28T11:29:09.000Z</time>
      </trkpt>
      <trkpt lat="30.508362" lon="79.175132">
        <ele>2334.633</ele>
        <time>2019-10-28T11:29:55.000Z</time>
      </trkpt>
      <trkpt lat="30.50832" lon="79.175159">
        <ele>2336.326</ele>
        <time>2019-10-28T11:40:53.000Z</time>
      </trkpt>
      <trkpt lat="30.508306" lon="79.17521">
        <ele>2336.408</ele>
        <time>2019-10-28T11:41:12.000Z</time>
      </trkpt>
      <trkpt lat="30.508354" lon="79.175211">
        <ele>2338.111</ele>
        <time>2019-10-28T11:41:20.000Z</time>
      </trkpt>
      <trkpt lat="30.508375" lon="79.17526">
        <ele>2338.01</ele>
        <time>2019-10-28T11:42:10.000Z</time>
      </trkpt>
      <trkpt lat="30.508394" lon="79.175212">
        <ele>2334.48</ele>
        <time>2019-10-28T11:42:48.000Z</time>
      </trkpt>
      <trkpt lat="30.508349" lon="79.175196">
        <ele>2334.886</ele>
        <time>2019-10-28T11:42:55.000Z</time>
      </trkpt>
      <trkpt lat="30.508348" lon="79.175141">
        <ele>2333.641</ele>
        <time>2019-10-28T11:43:02.000Z</time>
      </trkpt>
      <trkpt lat="30.508391" lon="79.175172">
        <ele>2335.532</ele>
        <time>2019-10-28T11:44:45.000Z</time>
      </trkpt>
      <trkpt lat="30.50688" lon="79.176804">
        <ele>2338.498</ele>
        <time>2019-10-29T03:47:05.000Z</time>
      </trkpt>
      <trkpt lat="30.506885" lon="79.176858">
        <ele>2338.324</ele>
        <time>2019-10-29T03:47:11.000Z</time>
      </trkpt>
      <trkpt lat="30.506912" lon="79.176901">
        <ele>2337.944</ele>
        <time>2019-10-29T03:47:18.000Z</time>
      </trkpt>
      <trkpt lat="30.506939" lon="79.176945">
        <ele>2338.405</ele>
        <time>2019-10-29T03:47:26.000Z</time>
      </trkpt>
      <trkpt lat="30.506908" lon="79.17699">
        <ele>2339.115</ele>
        <time>2019-10-29T03:47:50.000Z</time>
      </trkpt>
      <trkpt lat="30.506896" lon="79.177046">
        <ele>2337.808</ele>
        <time>2019-10-29T03:47:57.000Z</time>
      </trkpt>
      <trkpt lat="30.506934" lon="79.177076">
        <ele>2336.698</ele>
        <time>2019-10-29T03:48:18.000Z</time>
      </trkpt>
      <trkpt lat="30.506917" lon="79.177136">
        <ele>2335.147</ele>
        <time>2019-10-29T03:48:51.000Z</time>
      </trkpt>
      <trkpt lat="30.506886" lon="79.177185">
        <ele>2335.667</ele>
        <time>2019-10-29T03:48:58.000Z</time>
      </trkpt>
      <trkpt lat="30.50685" lon="79.177231">
        <ele>2335.093</ele>
        <time>2019-10-29T03:49:04.000Z</time>
      </trkpt>
      <trkpt lat="30.50682" lon="79.177282">
        <ele>2333.898</ele>
        <time>2019-10-29T03:49:10.000Z</time>
      </trkpt>
      <trkpt lat="30.506785" lon="79.177322">
        <ele>2334.129</ele>
        <time>2019-10-29T03:49:16.000Z</time>
      </trkpt>
      <trkpt lat="30.506766" lon="79.177377">
        <ele>2333.585</ele>
        <time>2019-10-29T03:49:22.000Z</time>
      </trkpt>
      <trkpt lat="30.506815" lon="79.177389">
        <ele>2333.291</ele>
        <time>2019-10-29T03:49:28.000Z</time>
      </trkpt>
      <trkpt lat="30.506793" lon="79.17744">
        <ele>2332.366</ele>
        <time>2019-10-29T03:49:35.000Z</time>
      </trkpt>
      <trkpt lat="30.506799" lon="79.177492">
        <ele>2331.929</ele>
        <time>2019-10-29T03:49:42.000Z</time>
      </trkpt>
      <trkpt lat="30.506788" lon="79.177549">
        <ele>2330.121</ele>
        <time>2019-10-29T03:49:48.000Z</time>
      </trkpt>
      <trkpt lat="30.50677" lon="79.177599">
        <ele>2328.508</ele>
        <time>2019-10-29T03:49:53.000Z</time>
      </trkpt>
      <trkpt lat="30.506752" lon="79.17765">
        <ele>2327.39</ele>
        <time>2019-10-29T03:50:00.000Z</time>
      </trkpt>
      <trkpt lat="30.506737" lon="79.177705">
        <ele>2325.939</ele>
        <time>2019-10-29T03:50:06.000Z</time>
      </trkpt>
      <trkpt lat="30.506711" lon="79.177754">
        <ele>2325.269</ele>
        <time>2019-10-29T03:50:12.000Z</time>
      </trkpt>
      <trkpt lat="30.506683" lon="79.177799">
        <ele>2324.545</ele>
        <time>2019-10-29T03:50:29.000Z</time>
      </trkpt>
      <trkpt lat="30.506666" lon="79.177849">
        <ele>2324.19</ele>
        <time>2019-10-29T03:50:35.000Z</time>
      </trkpt>
      <trkpt lat="30.50666" lon="79.177907">
        <ele>2323.851</ele>
        <time>2019-10-29T03:50:40.000Z</time>
      </trkpt>
      <trkpt lat="30.506637" lon="79.17796">
        <ele>2323.447</ele>
        <time>2019-10-29T03:50:49.000Z</time>
      </trkpt>
      <trkpt lat="30.50663" lon="79.178016">
        <ele>2322.623</ele>
        <time>2019-10-29T03:50:55.000Z</time>
      </trkpt>
      <trkpt lat="30.506638" lon="79.178068">
        <ele>2322.621</ele>
        <time>2019-10-29T03:51:00.000Z</time>
      </trkpt>
      <trkpt lat="30.506647" lon="79.178122">
        <ele>2322.341</ele>
        <time>2019-10-29T03:51:05.000Z</time>
      </trkpt>
      <trkpt lat="30.506651" lon="79.178174">
        <ele>2321.305</ele>
        <time>2019-10-29T03:51:13.000Z</time>
      </trkpt>
      <trkpt lat="30.50664" lon="79.17823">
        <ele>2320.408</ele>
        <time>2019-10-29T03:51:21.000Z</time>
      </trkpt>
      <trkpt lat="30.506614" lon="79.178284">
        <ele>2319.636</ele>
        <time>2019-10-29T03:51:28.000Z</time>
      </trkpt>
      <trkpt lat="30.50659" lon="79.178332">
        <ele>2319.925</ele>
        <time>2019-10-29T03:51:34.000Z</time>
      </trkpt>
      <trkpt lat="30.506561" lon="79.178374">
        <ele>2319.015</ele>
        <time>2019-10-29T03:51:39.000Z</time>
      </trkpt>
      <trkpt lat="30.506522" lon="79.178417">
        <ele>2318.871</ele>
        <time>2019-10-29T03:51:45.000Z</time>
      </trkpt>
      <trkpt lat="30.506483" lon="79.178454">
        <ele>2318.346</ele>
        <time>2019-10-29T03:51:51.000Z</time>
      </trkpt>
      <trkpt lat="30.506442" lon="79.178477">
        <ele>2315.937</ele>
        <time>2019-10-29T03:52:30.000Z</time>
      </trkpt>
      <trkpt lat="30.506395" lon="79.178491">
        <ele>2314.763</ele>
        <time>2019-10-29T03:52:41.000Z</time>
      </trkpt>
      <trkpt lat="30.506352" lon="79.178518">
        <ele>2314.299</ele>
        <time>2019-10-29T03:52:53.000Z</time>
      </trkpt>
      <trkpt lat="30.506308" lon="79.178534">
        <ele>2313.429</ele>
        <time>2019-10-29T03:53:01.000Z</time>
      </trkpt>
      <trkpt lat="30.506264" lon="79.178519">
        <ele>2310.7</ele>
        <time>2019-10-29T03:53:12.000Z</time>
      </trkpt>
      <trkpt lat="30.506228" lon="79.178487">
        <ele>2309.72</ele>
        <time>2019-10-29T03:53:42.000Z</time>
      </trkpt>
      <trkpt lat="30.506181" lon="79.178492">
        <ele>2309.108</ele>
        <time>2019-10-29T03:53:57.000Z</time>
      </trkpt>
      <trkpt lat="30.506136" lon="79.178523">
        <ele>2308.476</ele>
        <time>2019-10-29T03:54:13.000Z</time>
      </trkpt>
      <trkpt lat="30.50614" lon="79.178577">
        <ele>2307.965</ele>
        <time>2019-10-29T03:54:33.000Z</time>
      </trkpt>
      <trkpt lat="30.506112" lon="79.178619">
        <ele>2307.495</ele>
        <time>2019-10-29T03:54:55.000Z</time>
      </trkpt>
      <trkpt lat="30.506081" lon="79.178659">
        <ele>2306.271</ele>
        <time>2019-10-29T03:55:08.000Z</time>
      </trkpt>
      <trkpt lat="30.50605" lon="79.178701">
        <ele>2305.616</ele>
        <time>2019-10-29T03:55:20.000Z</time>
      </trkpt>
      <trkpt lat="30.506013" lon="79.178737">
        <ele>2304.257</ele>
        <time>2019-10-29T03:55:36.000Z</time>
      </trkpt>
      <trkpt lat="30.505994" lon="79.178785">
        <ele>2303.273</ele>
        <time>2019-10-29T03:55:46.000Z</time>
      </trkpt>
      <trkpt lat="30.505961" lon="79.178822">
        <ele>2302.229</ele>
        <time>2019-10-29T03:55:53.000Z</time>
      </trkpt>
      <trkpt lat="30.505916" lon="79.178849">
        <ele>2302.815</ele>
        <time>2019-10-29T03:56:02.000Z</time>
      </trkpt>
      <trkpt lat="30.505872" lon="79.178865">
        <ele>2301.065</ele>
        <time>2019-10-29T03:56:16.000Z</time>
      </trkpt>
      <trkpt lat="30.505835" lon="79.178904">
        <ele>2297.711</ele>
        <time>2019-10-29T03:56:35.000Z</time>
      </trkpt>
      <trkpt lat="30.505822" lon="79.178955">
        <ele>2295.708</ele>
        <time>2019-10-29T03:56:45.000Z</time>
      </trkpt>
      <trkpt lat="30.505773" lon="79.178959">
        <ele>2295.565</ele>
        <time>2019-10-29T03:57:02.000Z</time>
      </trkpt>
      <trkpt lat="30.505727" lon="79.178963">
        <ele>2295.094</ele>
        <time>2019-10-29T03:57:16.000Z</time>
      </trkpt>
      <trkpt lat="30.5057" lon="79.179007">
        <ele>2293.624</ele>
        <time>2019-10-29T03:57:30.000Z</time>
      </trkpt>
      <trkpt lat="30.505657" lon="79.178991">
        <ele>2291.51</ele>
        <time>2019-10-29T03:57:57.000Z</time>
      </trkpt>
      <trkpt lat="30.50567" lon="79.179043">
        <ele>2287.765</ele>
        <time>2019-10-29T03:58:30.000Z</time>
      </trkpt>
      <trkpt lat="30.505633" lon="79.179077">
        <ele>2286.386</ele>
        <time>2019-10-29T03:58:42.000Z</time>
      </trkpt>
      <trkpt lat="30.505587" lon="79.17907">
        <ele>2284.712</ele>
        <time>2019-10-29T03:58:48.000Z</time>
      </trkpt>
      <trkpt lat="30.505544" lon="79.179047">
        <ele>2279.718</ele>
        <time>2019-10-29T03:59:24.000Z</time>
      </trkpt>
      <trkpt lat="30.505501" lon="79.179066">
        <ele>2277.714</ele>
        <time>2019-10-29T03:59:51.000Z</time>
      </trkpt>
      <trkpt lat="30.505473" lon="79.179108">
        <ele>2275.254</ele>
        <time>2019-10-29T04:00:46.000Z</time>
      </trkpt>
      <trkpt lat="30.50548" lon="79.179163">
        <ele>2275.609</ele>
        <time>2019-10-29T04:02:04.000Z</time>
      </trkpt>
      <trkpt lat="30.505499" lon="79.179248">
        <ele>2272.508</ele>
        <time>2019-10-29T04:02:33.000Z</time>
      </trkpt>
      <trkpt lat="30.505513" lon="79.179298">
        <ele>2265.395</ele>
        <time>2019-10-29T04:03:28.000Z</time>
      </trkpt>
      <trkpt lat="30.505556" lon="79.179322">
        <ele>2266.354</ele>
        <time>2019-10-29T04:03:46.000Z</time>
      </trkpt>
      <trkpt lat="30.505596" lon="79.179349">
        <ele>2266.514</ele>
        <time>2019-10-29T04:03:51.000Z</time>
      </trkpt>
      <trkpt lat="30.505633" lon="79.179381">
        <ele>2267.11</ele>
        <time>2019-10-29T04:03:56.000Z</time>
      </trkpt>
      <trkpt lat="30.505675" lon="79.179414">
        <ele>2267.215</ele>
        <time>2019-10-29T04:04:04.000Z</time>
      </trkpt>
      <trkpt lat="30.505684" lon="79.179468">
        <ele>2268.716</ele>
        <time>2019-10-29T04:04:26.000Z</time>
      </trkpt>
      <trkpt lat="30.505642" lon="79.179489">
        <ele>2267.512</ele>
        <time>2019-10-29T04:04:31.000Z</time>
      </trkpt>
      <trkpt lat="30.505591" lon="79.179504">
        <ele>2267.538</ele>
        <time>2019-10-29T04:04:36.000Z</time>
      </trkpt>
      <trkpt lat="30.505542" lon="79.179511">
        <ele>2266.959</ele>
        <time>2019-10-29T04:04:45.000Z</time>
      </trkpt>
      <trkpt lat="30.505478" lon="79.179502">
        <ele>2267.503</ele>
        <time>2019-10-29T04:05:07.000Z</time>
      </trkpt>
      <trkpt lat="30.505505" lon="79.179551">
        <ele>2267.323</ele>
        <time>2019-10-29T04:05:49.000Z</time>
      </trkpt>
      <trkpt lat="30.505552" lon="79.179595">
        <ele>2264.908</ele>
        <time>2019-10-29T04:06:00.000Z</time>
      </trkpt>
      <trkpt lat="30.505504" lon="79.179597">
        <ele>2261.059</ele>
        <time>2019-10-29T04:06:07.000Z</time>
      </trkpt>
      <trkpt lat="30.505455" lon="79.179607">
        <ele>2261.938</ele>
        <time>2019-10-29T04:06:14.000Z</time>
      </trkpt>
      <trkpt lat="30.505405" lon="79.179601">
        <ele>2260.648</ele>
        <time>2019-10-29T04:06:25.000Z</time>
      </trkpt>
      <trkpt lat="30.505376" lon="79.179659">
        <ele>2259.064</ele>
        <time>2019-10-29T04:06:37.000Z</time>
      </trkpt>
      <trkpt lat="30.505333" lon="79.179696">
        <ele>2259.319</ele>
        <time>2019-10-29T04:06:43.000Z</time>
      </trkpt>
      <trkpt lat="30.505291" lon="79.179725">
        <ele>2259.58</ele>
        <time>2019-10-29T04:06:49.000Z</time>
      </trkpt>
      <trkpt lat="30.505243" lon="79.179744">
        <ele>2258.796</ele>
        <time>2019-10-29T04:06:55.000Z</time>
      </trkpt>
      <trkpt lat="30.505205" lon="79.179774">
        <ele>2258.112</ele>
        <time>2019-10-29T04:07:00.000Z</time>
      </trkpt>
      <trkpt lat="30.505172" lon="79.17981">
        <ele>2256.517</ele>
        <time>2019-10-29T04:07:06.000Z</time>
      </trkpt>
      <trkpt lat="30.505155" lon="79.17986">
        <ele>2255.487</ele>
        <time>2019-10-29T04:07:13.000Z</time>
      </trkpt>
      <trkpt lat="30.50512" lon="79.179895">
        <ele>2255.015</ele>
        <time>2019-10-29T04:07:22.000Z</time>
      </trkpt>
      <trkpt lat="30.505102" lon="79.179947">
        <ele>2255.108</ele>
        <time>2019-10-29T04:07:28.000Z</time>
      </trkpt>
      <trkpt lat="30.505086" lon="79.179997">
        <ele>2254.175</ele>
        <time>2019-10-29T04:07:39.000Z</time>
      </trkpt>
      <trkpt lat="30.505053" lon="79.180034">
        <ele>2254.084</ele>
        <time>2019-10-29T04:07:55.000Z</time>
      </trkpt>
      <trkpt lat="30.505086" lon="79.180082">
        <ele>2253.494</ele>
        <time>2019-10-29T04:08:13.000Z</time>
      </trkpt>
      <trkpt lat="30.505091" lon="79.180134">
        <ele>2252.55</ele>
        <time>2019-10-29T04:08:18.000Z</time>
      </trkpt>
      <trkpt lat="30.505074" lon="79.180188">
        <ele>2252.225</ele>
        <time>2019-10-29T04:08:24.000Z</time>
      </trkpt>
      <trkpt lat="30.505058" lon="79.180241">
        <ele>2252.416</ele>
        <time>2019-10-29T04:08:32.000Z</time>
      </trkpt>
      <trkpt lat="30.505054" lon="79.180298">
        <ele>2252.192</ele>
        <time>2019-10-29T04:08:41.000Z</time>
      </trkpt>
      <trkpt lat="30.50502" lon="79.180335">
        <ele>2250.598</ele>
        <time>2019-10-29T04:09:00.000Z</time>
      </trkpt>
      <trkpt lat="30.504996" lon="79.180384">
        <ele>2250.823</ele>
        <time>2019-10-29T04:09:13.000Z</time>
      </trkpt>
      <trkpt lat="30.504949" lon="79.180415">
        <ele>2249.483</ele>
        <time>2019-10-29T04:09:26.000Z</time>
      </trkpt>
      <trkpt lat="30.504914" lon="79.180455">
        <ele>2248.811</ele>
        <time>2019-10-29T04:09:34.000Z</time>
      </trkpt>
      <trkpt lat="30.504881" lon="79.180506">
        <ele>2249.408</ele>
        <time>2019-10-29T04:09:41.000Z</time>
      </trkpt>
      <trkpt lat="30.504871" lon="79.18056">
        <ele>2248.856</ele>
        <time>2019-10-29T04:09:46.000Z</time>
      </trkpt>
      <trkpt lat="30.504865" lon="79.180614">
        <ele>2248.865</ele>
        <time>2019-10-29T04:09:53.000Z</time>
      </trkpt>
      <trkpt lat="30.504855" lon="79.180667">
        <ele>2249.595</ele>
        <time>2019-10-29T04:10:04.000Z</time>
      </trkpt>
      <trkpt lat="30.5048" lon="79.180658">
        <ele>2249.441</ele>
        <time>2019-10-29T04:10:13.000Z</time>
      </trkpt>
      <trkpt lat="30.504748" lon="79.180655">
        <ele>2249.886</ele>
        <time>2019-10-29T04:10:19.000Z</time>
      </trkpt>
      <trkpt lat="30.504722" lon="79.180703">
        <ele>2249.897</ele>
        <time>2019-10-29T04:10:24.000Z</time>
      </trkpt>
      <trkpt lat="30.504674" lon="79.180691">
        <ele>2249.233</ele>
        <time>2019-10-29T04:10:33.000Z</time>
      </trkpt>
      <trkpt lat="30.504622" lon="79.180692">
        <ele>2249.169</ele>
        <time>2019-10-29T04:10:39.000Z</time>
      </trkpt>
      <trkpt lat="30.504582" lon="79.180722">
        <ele>2249.984</ele>
        <time>2019-10-29T04:10:44.000Z</time>
      </trkpt>
      <trkpt lat="30.50454" lon="79.180756">
        <ele>2250.007</ele>
        <time>2019-10-29T04:10:49.000Z</time>
      </trkpt>
      <trkpt lat="30.504493" lon="79.180772">
        <ele>2250.117</ele>
        <time>2019-10-29T04:10:54.000Z</time>
      </trkpt>
      <trkpt lat="30.504441" lon="79.180788">
        <ele>2250.208</ele>
        <time>2019-10-29T04:10:59.000Z</time>
      </trkpt>
      <trkpt lat="30.504404" lon="79.180824">
        <ele>2251.442</ele>
        <time>2019-10-29T04:11:06.000Z</time>
      </trkpt>
      <trkpt lat="30.504376" lon="79.180874">
        <ele>2252.291</ele>
        <time>2019-10-29T04:11:15.000Z</time>
      </trkpt>
      <trkpt lat="30.504361" lon="79.180926">
        <ele>2251.651</ele>
        <time>2019-10-29T04:11:21.000Z</time>
      </trkpt>
      <trkpt lat="30.504327" lon="79.180965">
        <ele>2252.047</ele>
        <time>2019-10-29T04:11:28.000Z</time>
      </trkpt>
      <trkpt lat="30.504299" lon="79.181011">
        <ele>2251.662</ele>
        <time>2019-10-29T04:11:36.000Z</time>
      </trkpt>
      <trkpt lat="30.504292" lon="79.181068">
        <ele>2252.393</ele>
        <time>2019-10-29T04:11:42.000Z</time>
      </trkpt>
      <trkpt lat="30.504295" lon="79.181122">
        <ele>2251.949</ele>
        <time>2019-10-29T04:11:49.000Z</time>
      </trkpt>
      <trkpt lat="30.504309" lon="79.181175">
        <ele>2252.115</ele>
        <time>2019-10-29T04:11:54.000Z</time>
      </trkpt>
      <trkpt lat="30.504315" lon="79.181229">
        <ele>2253.033</ele>
        <time>2019-10-29T04:12:00.000Z</time>
      </trkpt>
      <trkpt lat="30.504294" lon="79.181279">
        <ele>2254.323</ele>
        <time>2019-10-29T04:12:05.000Z</time>
      </trkpt>
      <trkpt lat="30.504279" lon="79.181337">
        <ele>2253.515</ele>
        <time>2019-10-29T04:12:10.000Z</time>
      </trkpt>
      <trkpt lat="30.504268" lon="79.181393">
        <ele>2254.908</ele>
        <time>2019-10-29T04:12:16.000Z</time>
      </trkpt>
      <trkpt lat="30.504249" lon="79.181443">
        <ele>2255.997</ele>
        <time>2019-10-29T04:12:22.000Z</time>
      </trkpt>
      <trkpt lat="30.504227" lon="79.18149">
        <ele>2255.396</ele>
        <time>2019-10-29T04:12:29.000Z</time>
      </trkpt>
      <trkpt lat="30.504203" lon="79.181542">
        <ele>2256.466</ele>
        <time>2019-10-29T04:12:37.000Z</time>
      </trkpt>
      <trkpt lat="30.504195" lon="79.181602">
        <ele>2257.012</ele>
        <time>2019-10-29T04:12:46.000Z</time>
      </trkpt>
      <trkpt lat="30.504201" lon="79.181656">
        <ele>2256.857</ele>
        <time>2019-10-29T04:12:52.000Z</time>
      </trkpt>
      <trkpt lat="30.504189" lon="79.181707">
        <ele>2256.398</ele>
        <time>2019-10-29T04:12:58.000Z</time>
      </trkpt>
      <trkpt lat="30.50417" lon="79.181761">
        <ele>2255.714</ele>
        <time>2019-10-29T04:14:03.000Z</time>
      </trkpt>
      <trkpt lat="30.504196" lon="79.181813">
        <ele>2256.09</ele>
        <time>2019-10-29T04:14:07.000Z</time>
      </trkpt>
      <trkpt lat="30.504243" lon="79.181835">
        <ele>2256.717</ele>
        <time>2019-10-29T04:14:12.000Z</time>
      </trkpt>
      <trkpt lat="30.504282" lon="79.181871">
        <ele>2258.087</ele>
        <time>2019-10-29T04:14:20.000Z</time>
      </trkpt>
      <trkpt lat="30.504305" lon="79.18192">
        <ele>2258.115</ele>
        <time>2019-10-29T04:14:28.000Z</time>
      </trkpt>
      <trkpt lat="30.504293" lon="79.181971">
        <ele>2257.808</ele>
        <time>2019-10-29T04:14:34.000Z</time>
      </trkpt>
      <trkpt lat="30.504315" lon="79.182019">
        <ele>2257.345</ele>
        <time>2019-10-29T04:14:44.000Z</time>
      </trkpt>
      <trkpt lat="30.50435" lon="79.182054">
        <ele>2257.864</ele>
        <time>2019-10-29T04:14:55.000Z</time>
      </trkpt>
      <trkpt lat="30.50433" lon="79.182108">
        <ele>2258.784</ele>
        <time>2019-10-29T04:15:06.000Z</time>
      </trkpt>
      <trkpt lat="30.5043" lon="79.182147">
        <ele>2262.11</ele>
        <time>2019-10-29T04:15:19.000Z</time>
      </trkpt>
      <trkpt lat="30.504317" lon="79.182198">
        <ele>2260.025</ele>
        <time>2019-10-29T04:15:33.000Z</time>
      </trkpt>
      <trkpt lat="30.504351" lon="79.182232">
        <ele>2260.146</ele>
        <time>2019-10-29T04:15:56.000Z</time>
      </trkpt>
      <trkpt lat="30.504322" lon="79.182277">
        <ele>2259.852</ele>
        <time>2019-10-29T04:16:04.000Z</time>
      </trkpt>
      <trkpt lat="30.504355" lon="79.182319">
        <ele>2259.398</ele>
        <time>2019-10-29T04:16:19.000Z</time>
      </trkpt>
      <trkpt lat="30.504358" lon="79.182373">
        <ele>2258.067</ele>
        <time>2019-10-29T04:16:29.000Z</time>
      </trkpt>
      <trkpt lat="30.504342" lon="79.182423">
        <ele>2256.981</ele>
        <time>2019-10-29T04:16:45.000Z</time>
      </trkpt>
      <trkpt lat="30.504322" lon="79.182475">
        <ele>2255.119</ele>
        <time>2019-10-29T04:17:01.000Z</time>
      </trkpt>
      <trkpt lat="30.504324" lon="79.182533">
        <ele>2254.108</ele>
        <time>2019-10-29T04:17:13.000Z</time>
      </trkpt>
      <trkpt lat="30.504337" lon="79.182585">
        <ele>2253.21</ele>
        <time>2019-10-29T04:17:19.000Z</time>
      </trkpt>
      <trkpt lat="30.504329" lon="79.182641">
        <ele>2252.219</ele>
        <time>2019-10-29T04:17:26.000Z</time>
      </trkpt>
      <trkpt lat="30.504314" lon="79.18269">
        <ele>2251.439</ele>
        <time>2019-10-29T04:17:33.000Z</time>
      </trkpt>
      <trkpt lat="30.504306" lon="79.182744">
        <ele>2252.955</ele>
        <time>2019-10-29T04:17:51.000Z</time>
      </trkpt>
      <trkpt lat="30.504258" lon="79.182763">
        <ele>2252.25</ele>
        <time>2019-10-29T04:17:58.000Z</time>
      </trkpt>
      <trkpt lat="30.504215" lon="79.182782">
        <ele>2250.991</ele>
        <time>2019-10-29T04:18:04.000Z</time>
      </trkpt>
      <trkpt lat="30.504172" lon="79.182817">
        <ele>2250.017</ele>
        <time>2019-10-29T04:18:11.000Z</time>
      </trkpt>
      <trkpt lat="30.504134" lon="79.182851">
        <ele>2249.773</ele>
        <time>2019-10-29T04:18:18.000Z</time>
      </trkpt>
      <trkpt lat="30.504098" lon="79.182887">
        <ele>2249.264</ele>
        <time>2019-10-29T04:18:27.000Z</time>
      </trkpt>
      <trkpt lat="30.504062" lon="79.182927">
        <ele>2248.906</ele>
        <time>2019-10-29T04:18:33.000Z</time>
      </trkpt>
      <trkpt lat="30.504058" lon="79.182985">
        <ele>2250.016</ele>
        <time>2019-10-29T04:18:42.000Z</time>
      </trkpt>
      <trkpt lat="30.504075" lon="79.18304">
        <ele>2249.208</ele>
        <time>2019-10-29T04:18:49.000Z</time>
      </trkpt>
      <trkpt lat="30.504069" lon="79.183099">
        <ele>2248.84</ele>
        <time>2019-10-29T04:18:55.000Z</time>
      </trkpt>
      <trkpt lat="30.504074" lon="79.183157">
        <ele>2248.079</ele>
        <time>2019-10-29T04:19:01.000Z</time>
      </trkpt>
      <trkpt lat="30.504052" lon="79.183206">
        <ele>2247.899</ele>
        <time>2019-10-29T04:19:06.000Z</time>
      </trkpt>
      <trkpt lat="30.504021" lon="79.183247">
        <ele>2248.085</ele>
        <time>2019-10-29T04:19:19.000Z</time>
      </trkpt>
      <trkpt lat="30.504018" lon="79.1833">
        <ele>2248.94</ele>
        <time>2019-10-29T04:19:27.000Z</time>
      </trkpt>
      <trkpt lat="30.504013" lon="79.183356">
        <ele>2247.511</ele>
        <time>2019-10-29T04:19:38.000Z</time>
      </trkpt>
      <trkpt lat="30.503981" lon="79.183405">
        <ele>2246.067</ele>
        <time>2019-10-29T04:19:48.000Z</time>
      </trkpt>
      <trkpt lat="30.503952" lon="79.183456">
        <ele>2245.363</ele>
        <time>2019-10-29T04:19:56.000Z</time>
      </trkpt>
      <trkpt lat="30.503936" lon="79.183507">
        <ele>2244.957</ele>
        <time>2019-10-29T04:20:02.000Z</time>
      </trkpt>
      <trkpt lat="30.503899" lon="79.183537">
        <ele>2246.9</ele>
        <time>2019-10-29T04:20:10.000Z</time>
      </trkpt>
      <trkpt lat="30.503856" lon="79.183563">
        <ele>2247.02</ele>
        <time>2019-10-29T04:20:16.000Z</time>
      </trkpt>
      <trkpt lat="30.503816" lon="79.183591">
        <ele>2245.808</ele>
        <time>2019-10-29T04:20:29.000Z</time>
      </trkpt>
      <trkpt lat="30.503786" lon="79.183641">
        <ele>2246.439</ele>
        <time>2019-10-29T04:20:37.000Z</time>
      </trkpt>
      <trkpt lat="30.503752" lon="79.183689">
        <ele>2247.018</ele>
        <time>2019-10-29T04:20:47.000Z</time>
      </trkpt>
      <trkpt lat="30.503729" lon="79.183736">
        <ele>2246.698</ele>
        <time>2019-10-29T04:20:53.000Z</time>
      </trkpt>
      <trkpt lat="30.503718" lon="79.183793">
        <ele>2243.984</ele>
        <time>2019-10-29T04:21:03.000Z</time>
      </trkpt>
      <trkpt lat="30.503702" lon="79.183842">
        <ele>2244.119</ele>
        <time>2019-10-29T04:21:13.000Z</time>
      </trkpt>
      <trkpt lat="30.503686" lon="79.183895">
        <ele>2244.16</ele>
        <time>2019-10-29T04:21:38.000Z</time>
      </trkpt>
      <trkpt lat="30.503655" lon="79.183934">
        <ele>2243.196</ele>
        <time>2019-10-29T04:21:48.000Z</time>
      </trkpt>
      <trkpt lat="30.503621" lon="79.183976">
        <ele>2242.442</ele>
        <time>2019-10-29T04:21:57.000Z</time>
      </trkpt>
      <trkpt lat="30.503598" lon="79.184021">
        <ele>2241.671</ele>
        <time>2019-10-29T04:22:14.000Z</time>
      </trkpt>
      <trkpt lat="30.503592" lon="79.184079">
        <ele>2244.341</ele>
        <time>2019-10-29T04:22:32.000Z</time>
      </trkpt>
      <trkpt lat="30.503589" lon="79.184135">
        <ele>2243.815</ele>
        <time>2019-10-29T04:22:36.000Z</time>
      </trkpt>
      <trkpt lat="30.503586" lon="79.184188">
        <ele>2241.808</ele>
        <time>2019-10-29T04:22:43.000Z</time>
      </trkpt>
      <trkpt lat="30.503579" lon="79.184246">
        <ele>2241.171</ele>
        <time>2019-10-29T04:22:54.000Z</time>
      </trkpt>
      <trkpt lat="30.503534" lon="79.184267">
        <ele>2242.66</ele>
        <time>2019-10-29T04:23:09.000Z</time>
      </trkpt>
      <trkpt lat="30.503486" lon="79.18428">
        <ele>2241.61</ele>
        <time>2019-10-29T04:23:17.000Z</time>
      </trkpt>
      <trkpt lat="30.503453" lon="79.184318">
        <ele>2241.546</ele>
        <time>2019-10-29T04:23:24.000Z</time>
      </trkpt>
      <trkpt lat="30.503432" lon="79.184372">
        <ele>2240.021</ele>
        <time>2019-10-29T04:23:33.000Z</time>
      </trkpt>
      <trkpt lat="30.503411" lon="79.184425">
        <ele>2237.652</ele>
        <time>2019-10-29T04:23:43.000Z</time>
      </trkpt>
      <trkpt lat="30.50339" lon="79.184477">
        <ele>2235.838</ele>
        <time>2019-10-29T04:23:50.000Z</time>
      </trkpt>
      <trkpt lat="30.503354" lon="79.184512">
        <ele>2233.664</ele>
        <time>2019-10-29T04:24:19.000Z</time>
      </trkpt>
      <trkpt lat="30.503335" lon="79.184563">
        <ele>2232.977</ele>
        <time>2019-10-29T04:24:26.000Z</time>
      </trkpt>
      <trkpt lat="30.503333" lon="79.184615">
        <ele>2231.261</ele>
        <time>2019-10-29T04:24:35.000Z</time>
      </trkpt>
      <trkpt lat="30.503287" lon="79.18464">
        <ele>2232.127</ele>
        <time>2019-10-29T04:24:46.000Z</time>
      </trkpt>
      <trkpt lat="30.503251" lon="79.184677">
        <ele>2232.308</ele>
        <time>2019-10-29T04:24:58.000Z</time>
      </trkpt>
      <trkpt lat="30.503225" lon="79.184728">
        <ele>2233.331</ele>
        <time>2019-10-29T04:25:04.000Z</time>
      </trkpt>
      <trkpt lat="30.503213" lon="79.184782">
        <ele>2233.18</ele>
        <time>2019-10-29T04:25:12.000Z</time>
      </trkpt>
      <trkpt lat="30.503217" lon="79.184836">
        <ele>2233.95</ele>
        <time>2019-10-29T04:25:19.000Z</time>
      </trkpt>
      <trkpt lat="30.503244" lon="79.184882">
        <ele>2234.616</ele>
        <time>2019-10-29T04:25:26.000Z</time>
      </trkpt>
      <trkpt lat="30.50324" lon="79.184935">
        <ele>2236.051</ele>
        <time>2019-10-29T04:25:43.000Z</time>
      </trkpt>
      <trkpt lat="30.50323" lon="79.18499">
        <ele>2236.022</ele>
        <time>2019-10-29T04:25:49.000Z</time>
      </trkpt>
      <trkpt lat="30.503244" lon="79.185044">
        <ele>2234.148</ele>
        <time>2019-10-29T04:26:04.000Z</time>
      </trkpt>
      <trkpt lat="30.503239" lon="79.1851">
        <ele>2232.624</ele>
        <time>2019-10-29T04:26:19.000Z</time>
      </trkpt>
      <trkpt lat="30.503237" lon="79.185153">
        <ele>2231.154</ele>
        <time>2019-10-29T04:26:35.000Z</time>
      </trkpt>
      <trkpt lat="30.503222" lon="79.185206">
        <ele>2231.056</ele>
        <time>2019-10-29T04:27:06.000Z</time>
      </trkpt>
      <trkpt lat="30.503186" lon="79.185242">
        <ele>2228.611</ele>
        <time>2019-10-29T04:27:26.000Z</time>
      </trkpt>
      <trkpt lat="30.503222" lon="79.185288">
        <ele>2229.508</ele>
        <time>2019-10-29T04:27:40.000Z</time>
      </trkpt>
      <trkpt lat="30.503268" lon="79.185318">
        <ele>2227.669</ele>
        <time>2019-10-29T04:28:04.000Z</time>
      </trkpt>
      <trkpt lat="30.503228" lon="79.185347">
        <ele>2225.918</ele>
        <time>2019-10-29T04:28:25.000Z</time>
      </trkpt>
      <trkpt lat="30.503195" lon="79.185387">
        <ele>2229.038</ele>
        <time>2019-10-29T04:28:39.000Z</time>
      </trkpt>
      <trkpt lat="30.503176" lon="79.18544">
        <ele>2228.584</ele>
        <time>2019-10-29T04:28:46.000Z</time>
      </trkpt>
      <trkpt lat="30.503195" lon="79.185493">
        <ele>2225.739</ele>
        <time>2019-10-29T04:28:57.000Z</time>
      </trkpt>
      <trkpt lat="30.503215" lon="79.185544">
        <ele>2222.42</ele>
        <time>2019-10-29T04:29:24.000Z</time>
      </trkpt>
      <trkpt lat="30.503174" lon="79.185571">
        <ele>2225.276</ele>
        <time>2019-10-29T04:29:43.000Z</time>
      </trkpt>
      <trkpt lat="30.503132" lon="79.185592">
        <ele>2226.772</ele>
        <time>2019-10-29T04:29:56.000Z</time>
      </trkpt>
      <trkpt lat="30.503089" lon="79.185576">
        <ele>2231.813</ele>
        <time>2019-10-29T04:30:07.000Z</time>
      </trkpt>
      <trkpt lat="30.503083" lon="79.185632">
        <ele>2229.343</ele>
        <time>2019-10-29T04:30:20.000Z</time>
      </trkpt>
      <trkpt lat="30.50306" lon="79.185678">
        <ele>2228.207</ele>
        <time>2019-10-29T04:30:42.000Z</time>
      </trkpt>
      <trkpt lat="30.503034" lon="79.185721">
        <ele>2228.708</ele>
        <time>2019-10-29T04:30:54.000Z</time>
      </trkpt>
      <trkpt lat="30.503" lon="79.185757">
        <ele>2227.755</ele>
        <time>2019-10-29T04:31:14.000Z</time>
      </trkpt>
      <trkpt lat="30.502961" lon="79.185785">
        <ele>2228.264</ele>
        <time>2019-10-29T04:31:32.000Z</time>
      </trkpt>
      <trkpt lat="30.502944" lon="79.18584">
        <ele>2228.164</ele>
        <time>2019-10-29T04:31:40.000Z</time>
      </trkpt>
      <trkpt lat="30.502933" lon="79.185893">
        <ele>2224.12</ele>
        <time>2019-10-29T04:32:11.000Z</time>
      </trkpt>
      <trkpt lat="30.502907" lon="79.185938">
        <ele>2223.325</ele>
        <time>2019-10-29T04:32:15.000Z</time>
      </trkpt>
      <trkpt lat="30.502882" lon="79.185984">
        <ele>2223.616</ele>
        <time>2019-10-29T04:32:19.000Z</time>
      </trkpt>
      <trkpt lat="30.502875" lon="79.186036">
        <ele>2223.232</ele>
        <time>2019-10-29T04:32:29.000Z</time>
      </trkpt>
      <trkpt lat="30.502914" lon="79.186001">
        <ele>2222.488</ele>
        <time>2019-10-29T04:32:53.000Z</time>
      </trkpt>
      <trkpt lat="30.50289" lon="79.186046">
        <ele>2223.498</ele>
        <time>2019-10-29T04:33:23.000Z</time>
      </trkpt>
      <trkpt lat="30.502928" lon="79.186014">
        <ele>2223.915</ele>
        <time>2019-10-29T04:34:12.000Z</time>
      </trkpt>
      <trkpt lat="30.502919" lon="79.186069">
        <ele>2220.026</ele>
        <time>2019-10-29T04:34:52.000Z</time>
      </trkpt>
      <trkpt lat="30.502921" lon="79.18613">
        <ele>2216.908</ele>
        <time>2019-10-29T04:35:23.000Z</time>
      </trkpt>
      <trkpt lat="30.502896" lon="79.186184">
        <ele>2217.563</ele>
        <time>2019-10-29T04:35:27.000Z</time>
      </trkpt>
      <trkpt lat="30.502891" lon="79.186244">
        <ele>2217.742</ele>
        <time>2019-10-29T04:35:33.000Z</time>
      </trkpt>
      <trkpt lat="30.502885" lon="79.186298">
        <ele>2217.312</ele>
        <time>2019-10-29T04:35:41.000Z</time>
      </trkpt>
      <trkpt lat="30.50286" lon="79.186343">
        <ele>2219.438</ele>
        <time>2019-10-29T04:36:01.000Z</time>
      </trkpt>
      <trkpt lat="30.502839" lon="79.186393">
        <ele>2220.233</ele>
        <time>2019-10-29T04:36:10.000Z</time>
      </trkpt>
      <trkpt lat="30.502819" lon="79.186442">
        <ele>2220.654</ele>
        <time>2019-10-29T04:36:28.000Z</time>
      </trkpt>
      <trkpt lat="30.502778" lon="79.186469">
        <ele>2218.98</ele>
        <time>2019-10-29T04:36:42.000Z</time>
      </trkpt>
      <trkpt lat="30.502774" lon="79.186521">
        <ele>2217.826</ele>
        <time>2019-10-29T04:36:50.000Z</time>
      </trkpt>
      <trkpt lat="30.502769" lon="79.186579">
        <ele>2216.262</ele>
        <time>2019-10-29T04:36:59.000Z</time>
      </trkpt>
      <trkpt lat="30.502738" lon="79.186625">
        <ele>2216.583</ele>
        <time>2019-10-29T04:37:15.000Z</time>
      </trkpt>
      <trkpt lat="30.502699" lon="79.186658">
        <ele>2213.911</ele>
        <time>2019-10-29T04:37:36.000Z</time>
      </trkpt>
      <trkpt lat="30.502654" lon="79.186676">
        <ele>2210.608</ele>
        <time>2019-10-29T04:37:47.000Z</time>
      </trkpt>
      <trkpt lat="30.502617" lon="79.186712">
        <ele>2209.94</ele>
        <time>2019-10-29T04:37:53.000Z</time>
      </trkpt>
      <trkpt lat="30.502625" lon="79.186795">
        <ele>2209.369</ele>
        <time>2019-10-29T04:38:11.000Z</time>
      </trkpt>
      <trkpt lat="30.50259" lon="79.186831">
        <ele>2206.959</ele>
        <time>2019-10-29T04:38:17.000Z</time>
      </trkpt>
      <trkpt lat="30.502575" lon="79.186884">
        <ele>2207.995</ele>
        <time>2019-10-29T04:38:22.000Z</time>
      </trkpt>
      <trkpt lat="30.502551" lon="79.186929">
        <ele>2207.89</ele>
        <time>2019-10-29T04:38:28.000Z</time>
      </trkpt>
      <trkpt lat="30.502509" lon="79.186962">
        <ele>2209.231</ele>
        <time>2019-10-29T04:38:57.000Z</time>
      </trkpt>
      <trkpt lat="30.502541" lon="79.186922">
        <ele>2209.187</ele>
        <time>2019-10-29T04:41:08.000Z</time>
      </trkpt>
      <trkpt lat="30.502525" lon="79.186972">
        <ele>2208.983</ele>
        <time>2019-10-29T04:47:04.000Z</time>
      </trkpt>
      <trkpt lat="30.502511" lon="79.18703">
        <ele>2211.081</ele>
        <time>2019-10-29T04:47:14.000Z</time>
      </trkpt>
      <trkpt lat="30.502512" lon="79.187084">
        <ele>2212.361</ele>
        <time>2019-10-29T04:47:24.000Z</time>
      </trkpt>
      <trkpt lat="30.502561" lon="79.187096">
        <ele>2212.117</ele>
        <time>2019-10-29T04:47:38.000Z</time>
      </trkpt>
      <trkpt lat="30.502607" lon="79.187071">
        <ele>2210.308</ele>
        <time>2019-10-29T04:47:56.000Z</time>
      </trkpt>
      <trkpt lat="30.502656" lon="79.18705">
        <ele>2209.422</ele>
        <time>2019-10-29T04:48:04.000Z</time>
      </trkpt>
      <trkpt lat="30.502706" lon="79.187047">
        <ele>2209.251</ele>
        <time>2019-10-29T04:48:11.000Z</time>
      </trkpt>
      <trkpt lat="30.502752" lon="79.187042">
        <ele>2210.661</ele>
        <time>2019-10-29T04:48:22.000Z</time>
      </trkpt>
      <trkpt lat="30.502781" lon="79.187084">
        <ele>2209.497</ele>
        <time>2019-10-29T04:48:37.000Z</time>
      </trkpt>
      <trkpt lat="30.502816" lon="79.187118">
        <ele>2209.722</ele>
        <time>2019-10-29T04:48:44.000Z</time>
      </trkpt>
      <trkpt lat="30.502859" lon="79.187145">
        <ele>2206.933</ele>
        <time>2019-10-29T04:48:58.000Z</time>
      </trkpt>
      <trkpt lat="30.502875" lon="79.187198">
        <ele>2206.559</ele>
        <time>2019-10-29T04:49:07.000Z</time>
      </trkpt>
      <trkpt lat="30.502869" lon="79.187265">
        <ele>2206.085</ele>
        <time>2019-10-29T04:49:16.000Z</time>
      </trkpt>
      <trkpt lat="30.502925" lon="79.187266">
        <ele>2206.651</ele>
        <time>2019-10-29T04:49:25.000Z</time>
      </trkpt>
      <trkpt lat="30.502973" lon="79.187264">
        <ele>2207.001</ele>
        <time>2019-10-29T04:49:31.000Z</time>
      </trkpt>
      <trkpt lat="30.503023" lon="79.187264">
        <ele>2206.911</ele>
        <time>2019-10-29T04:49:35.000Z</time>
      </trkpt>
      <trkpt lat="30.50307" lon="79.187254">
        <ele>2206.108</ele>
        <time>2019-10-29T04:49:49.000Z</time>
      </trkpt>
      <trkpt lat="30.503118" lon="79.187279">
        <ele>2206.949</ele>
        <time>2019-10-29T04:49:55.000Z</time>
      </trkpt>
      <trkpt lat="30.503166" lon="79.187265">
        <ele>2207.198</ele>
        <time>2019-10-29T04:49:59.000Z</time>
      </trkpt>
      <trkpt lat="30.503208" lon="79.187288">
        <ele>2207.728</ele>
        <time>2019-10-29T04:50:12.000Z</time>
      </trkpt>
      <trkpt lat="30.503227" lon="79.187337">
        <ele>2208.134</ele>
        <time>2019-10-29T04:50:22.000Z</time>
      </trkpt>
      <trkpt lat="30.503272" lon="79.18736">
        <ele>2208.719</ele>
        <time>2019-10-29T04:50:30.000Z</time>
      </trkpt>
      <trkpt lat="30.503308" lon="79.187395">
        <ele>2209.64</ele>
        <time>2019-10-29T04:50:39.000Z</time>
      </trkpt>
      <trkpt lat="30.50335" lon="79.187418">
        <ele>2207.916</ele>
        <time>2019-10-29T04:50:46.000Z</time>
      </trkpt>
      <trkpt lat="30.503403" lon="79.187429">
        <ele>2210.972</ele>
        <time>2019-10-29T04:50:50.000Z</time>
      </trkpt>
      <trkpt lat="30.503398" lon="79.187481">
        <ele>2203.777</ele>
        <time>2019-10-29T04:51:15.000Z</time>
      </trkpt>
      <trkpt lat="30.503379" lon="79.187531">
        <ele>2200.861</ele>
        <time>2019-10-29T04:51:41.000Z</time>
      </trkpt>
      <trkpt lat="30.503392" lon="79.187581">
        <ele>2201.527</ele>
        <time>2019-10-29T04:51:47.000Z</time>
      </trkpt>
      <trkpt lat="30.503427" lon="79.187615">
        <ele>2199.308</ele>
        <time>2019-10-29T04:51:58.000Z</time>
      </trkpt>
      <trkpt lat="30.50339" lon="79.187646">
        <ele>2191.651</ele>
        <time>2019-10-29T04:52:34.000Z</time>
      </trkpt>
      <trkpt lat="30.50334" lon="79.187658">
        <ele>2187.99</ele>
        <time>2019-10-29T04:52:40.000Z</time>
      </trkpt>
      <trkpt lat="30.503327" lon="79.187709">
        <ele>2186.73</ele>
        <time>2019-10-29T04:52:48.000Z</time>
      </trkpt>
      <trkpt lat="30.50336" lon="79.18775">
        <ele>2184.166</ele>
        <time>2019-10-29T04:52:59.000Z</time>
      </trkpt>
      <trkpt lat="30.503396" lon="79.187801">
        <ele>2184.171</ele>
        <time>2019-10-29T04:53:04.000Z</time>
      </trkpt>
      <trkpt lat="30.503444" lon="79.187815">
        <ele>2183.172</ele>
        <time>2019-10-29T04:53:06.000Z</time>
      </trkpt>
      <trkpt lat="30.50348" lon="79.187867">
        <ele>2180.988</ele>
        <time>2019-10-29T04:53:16.000Z</time>
      </trkpt>
      <trkpt lat="30.503436" lon="79.187888">
        <ele>2177.364</ele>
        <time>2019-10-29T04:53:37.000Z</time>
      </trkpt>
      <trkpt lat="30.503488" lon="79.187916">
        <ele>2174.938</ele>
        <time>2019-10-29T04:53:51.000Z</time>
      </trkpt>
      <trkpt lat="30.503499" lon="79.187967">
        <ele>2177.47</ele>
        <time>2019-10-29T04:54:01.000Z</time>
      </trkpt>
      <trkpt lat="30.503552" lon="79.187976">
        <ele>2179.617</ele>
        <time>2019-10-29T04:54:08.000Z</time>
      </trkpt>
      <trkpt lat="30.503605" lon="79.187984">
        <ele>2179.608</ele>
        <time>2019-10-29T04:54:11.000Z</time>
      </trkpt>
      <trkpt lat="30.50356" lon="79.187974">
        <ele>2179.587</ele>
        <time>2019-10-29T04:54:22.000Z</time>
      </trkpt>
      <trkpt lat="30.503515" lon="79.187998">
        <ele>2179.716</ele>
        <time>2019-10-29T04:54:30.000Z</time>
      </trkpt>
      <trkpt lat="30.50356" lon="79.188013">
        <ele>2178.766</ele>
        <time>2019-10-29T04:54:51.000Z</time>
      </trkpt>
      <trkpt lat="30.503571" lon="79.188066">
        <ele>2175.792</ele>
        <time>2019-10-29T04:55:00.000Z</time>
      </trkpt>
      <trkpt lat="30.503618" lon="79.188072">
        <ele>2174.517</ele>
        <time>2019-10-29T04:55:14.000Z</time>
      </trkpt>
      <trkpt lat="30.5036" lon="79.188129">
        <ele>2175.718</ele>
        <time>2019-10-29T04:55:21.000Z</time>
      </trkpt>
      <trkpt lat="30.503655" lon="79.188144">
        <ele>2173.074</ele>
        <time>2019-10-29T04:55:35.000Z</time>
      </trkpt>
      <trkpt lat="30.503694" lon="79.188172">
        <ele>2172.04</ele>
        <time>2019-10-29T04:55:42.000Z</time>
      </trkpt>
      <trkpt lat="30.50372" lon="79.188219">
        <ele>2171.558</ele>
        <time>2019-10-29T04:55:50.000Z</time>
      </trkpt>
      <trkpt lat="30.503697" lon="79.188273">
        <ele>2170.152</ele>
        <time>2019-10-29T04:56:05.000Z</time>
      </trkpt>
      <trkpt lat="30.503667" lon="79.188313">
        <ele>2170.217</ele>
        <time>2019-10-29T04:56:13.000Z</time>
      </trkpt>
      <trkpt lat="30.50364" lon="79.188356">
        <ele>2171.708</ele>
        <time>2019-10-29T04:56:20.000Z</time>
      </trkpt>
      <trkpt lat="30.503672" lon="79.188401">
        <ele>2170.779</ele>
        <time>2019-10-29T04:56:33.000Z</time>
      </trkpt>
      <trkpt lat="30.50371" lon="79.188429">
        <ele>2173.388</ele>
        <time>2019-10-29T04:56:55.000Z</time>
      </trkpt>
      <trkpt lat="30.503763" lon="79.188425">
        <ele>2170.398</ele>
        <time>2019-10-29T04:57:01.000Z</time>
      </trkpt>
      <trkpt lat="30.503805" lon="79.188403">
        <ele>2170.314</ele>
        <time>2019-10-29T04:57:03.000Z</time>
      </trkpt>
      <trkpt lat="30.503865" lon="79.188374">
        <ele>2170.139</ele>
        <time>2019-10-29T04:57:05.000Z</time>
      </trkpt>
      <trkpt lat="30.50382" lon="79.188376">
        <ele>2170.25</ele>
        <time>2019-10-29T04:59:27.000Z</time>
      </trkpt>
      <trkpt lat="30.503809" lon="79.188427">
        <ele>2170.056</ele>
        <time>2019-10-29T04:59:34.000Z</time>
      </trkpt>
      <trkpt lat="30.503775" lon="79.188469">
        <ele>2171.752</ele>
        <time>2019-10-29T04:59:47.000Z</time>
      </trkpt>
      <trkpt lat="30.503772" lon="79.188525">
        <ele>2172.543</ele>
        <time>2019-10-29T05:00:05.000Z</time>
      </trkpt>
      <trkpt lat="30.503742" lon="79.188565">
        <ele>2174.164</ele>
        <time>2019-10-29T05:00:13.000Z</time>
      </trkpt>
      <trkpt lat="30.503711" lon="79.188605">
        <ele>2172.41</ele>
        <time>2019-10-29T05:00:41.000Z</time>
      </trkpt>
      <trkpt lat="30.503676" lon="79.188639">
        <ele>2176.208</ele>
        <time>2019-10-29T05:01:12.000Z</time>
      </trkpt>
      <trkpt lat="30.503673" lon="79.188699">
        <ele>2178.578</ele>
        <time>2019-10-29T05:01:25.000Z</time>
      </trkpt>
      <trkpt lat="30.503638" lon="79.188751">
        <ele>2182.027</ele>
        <time>2019-10-29T05:01:40.000Z</time>
      </trkpt>
      <trkpt lat="30.503606" lon="79.188793">
        <ele>2184.037</ele>
        <time>2019-10-29T05:01:49.000Z</time>
      </trkpt>
      <trkpt lat="30.503581" lon="79.188842">
        <ele>2184.383</ele>
        <time>2019-10-29T05:01:55.000Z</time>
      </trkpt>
      <trkpt lat="30.50355" lon="79.188881">
        <ele>2186.578</ele>
        <time>2019-10-29T05:02:01.000Z</time>
      </trkpt>
      <trkpt lat="30.503529" lon="79.188937">
        <ele>2187.589</ele>
        <time>2019-10-29T05:02:09.000Z</time>
      </trkpt>
      <trkpt lat="30.503523" lon="79.188993">
        <ele>2185.955</ele>
        <time>2019-10-29T05:02:21.000Z</time>
      </trkpt>
      <trkpt lat="30.503564" lon="79.189018">
        <ele>2185.591</ele>
        <time>2019-10-29T05:02:30.000Z</time>
      </trkpt>
      <trkpt lat="30.503608" lon="79.189031">
        <ele>2182.778</ele>
        <time>2019-10-29T05:02:39.000Z</time>
      </trkpt>
      <trkpt lat="30.503583" lon="79.189074">
        <ele>2177.133</ele>
        <time>2019-10-29T05:03:04.000Z</time>
      </trkpt>
      <trkpt lat="30.503532" lon="79.189077">
        <ele>2176.626</ele>
        <time>2019-10-29T05:03:13.000Z</time>
      </trkpt>
      <trkpt lat="30.503581" lon="79.189072">
        <ele>2176.208</ele>
        <time>2019-10-29T05:03:27.000Z</time>
      </trkpt>
      <trkpt lat="30.503538" lon="79.18905">
        <ele>2175.571</ele>
        <time>2019-10-29T05:03:37.000Z</time>
      </trkpt>
      <trkpt lat="30.503492" lon="79.189032">
        <ele>2174.32</ele>
        <time>2019-10-29T05:03:46.000Z</time>
      </trkpt>
      <trkpt lat="30.503441" lon="79.189029">
        <ele>2173.54</ele>
        <time>2019-10-29T05:03:49.000Z</time>
      </trkpt>
      <trkpt lat="30.503388" lon="79.189047">
        <ele>2176.616</ele>
        <time>2019-10-29T05:04:02.000Z</time>
      </trkpt>
      <trkpt lat="30.503433" lon="79.189031">
        <ele>2176.381</ele>
        <time>2019-10-29T05:04:09.000Z</time>
      </trkpt>
      <trkpt lat="30.503391" lon="79.188966">
        <ele>2177.542</ele>
        <time>2019-10-29T05:04:22.000Z</time>
      </trkpt>
      <trkpt lat="30.503419" lon="79.189008">
        <ele>2171.968</ele>
        <time>2019-10-29T05:05:15.000Z</time>
      </trkpt>
      <trkpt lat="30.503401" lon="79.189059">
        <ele>2168.874</ele>
        <time>2019-10-29T05:16:43.000Z</time>
      </trkpt>
      <trkpt lat="30.503404" lon="79.189111">
        <ele>2160.855</ele>
        <time>2019-10-29T05:17:51.000Z</time>
      </trkpt>
      <trkpt lat="30.503359" lon="79.189102">
        <ele>2164.307</ele>
        <time>2019-10-29T05:27:34.000Z</time>
      </trkpt>
      <trkpt lat="30.503313" lon="79.189133">
        <ele>2164.417</ele>
        <time>2019-10-29T05:27:38.000Z</time>
      </trkpt>
      <trkpt lat="30.503363" lon="79.189138">
        <ele>2163.708</ele>
        <time>2019-10-29T05:27:48.000Z</time>
      </trkpt>
      <trkpt lat="30.503408" lon="79.189181">
        <ele>2162.499</ele>
        <time>2019-10-29T05:28:04.000Z</time>
      </trkpt>
      <trkpt lat="30.503435" lon="79.189133">
        <ele>2174.298</ele>
        <time>2019-10-29T05:29:47.000Z</time>
      </trkpt>
      <trkpt lat="30.503387" lon="79.189151">
        <ele>2171.518</ele>
        <time>2019-10-29T05:30:39.000Z</time>
      </trkpt>
      <trkpt lat="30.503352" lon="79.189117">
        <ele>2175.374</ele>
        <time>2019-10-29T05:30:53.000Z</time>
      </trkpt>
      <trkpt lat="30.5034" lon="79.189116">
        <ele>2177.369</ele>
        <time>2019-10-29T05:31:03.000Z</time>
      </trkpt>
      <trkpt lat="30.50339" lon="79.189062">
        <ele>2178.84</ele>
        <time>2019-10-29T05:31:17.000Z</time>
      </trkpt>
      <trkpt lat="30.503346" lon="79.189046">
        <ele>2177.126</ele>
        <time>2019-10-29T05:31:23.000Z</time>
      </trkpt>
      <trkpt lat="30.503307" lon="79.189014">
        <ele>2177.052</ele>
        <time>2019-10-29T05:31:30.000Z</time>
      </trkpt>
      <trkpt lat="30.50332" lon="79.189071">
        <ele>2177.967</ele>
        <time>2019-10-29T05:31:47.000Z</time>
      </trkpt>
      <trkpt lat="30.503337" lon="79.18912">
        <ele>2177.481</ele>
        <time>2019-10-29T05:31:55.000Z</time>
      </trkpt>
      <trkpt lat="30.503303" lon="79.189157">
        <ele>2176.519</ele>
        <time>2019-10-29T05:32:12.000Z</time>
      </trkpt>
      <trkpt lat="30.50326" lon="79.189186">
        <ele>2178.608</ele>
        <time>2019-10-29T05:32:20.000Z</time>
      </trkpt>
      <trkpt lat="30.503264" lon="79.189249">
        <ele>2176.02</ele>
        <time>2019-10-29T05:32:25.000Z</time>
      </trkpt>
      <trkpt lat="30.503216" lon="79.189262">
        <ele>2173.979</ele>
        <time>2019-10-29T05:32:41.000Z</time>
      </trkpt>
      <trkpt lat="30.503193" lon="79.189325">
        <ele>2176.089</ele>
        <time>2019-10-29T05:33:10.000Z</time>
      </trkpt>
      <trkpt lat="30.503158" lon="79.189383">
        <ele>2175.515</ele>
        <time>2019-10-29T05:33:20.000Z</time>
      </trkpt>
      <trkpt lat="30.503112" lon="79.189358">
        <ele>2177.38</ele>
        <time>2019-10-29T05:34:03.000Z</time>
      </trkpt>
      <trkpt lat="30.503086" lon="79.189412">
        <ele>2176.911</ele>
        <time>2019-10-29T05:34:07.000Z</time>
      </trkpt>
      <trkpt lat="30.503119" lon="79.189454">
        <ele>2176.687</ele>
        <time>2019-10-29T05:34:15.000Z</time>
      </trkpt>
      <trkpt lat="30.503174" lon="79.189479">
        <ele>2177.223</ele>
        <time>2019-10-29T05:34:17.000Z</time>
      </trkpt>
      <trkpt lat="30.503216" lon="79.18951">
        <ele>2177.458</ele>
        <time>2019-10-29T05:34:20.000Z</time>
      </trkpt>
      <trkpt lat="30.503161" lon="79.189501">
        <ele>2180.152</ele>
        <time>2019-10-29T05:34:24.000Z</time>
      </trkpt>
      <trkpt lat="30.503118" lon="79.189468">
        <ele>2180.917</ele>
        <time>2019-10-29T05:34:28.000Z</time>
      </trkpt>
      <trkpt lat="30.50307" lon="79.189471">
        <ele>2183.408</ele>
        <time>2019-10-29T05:35:00.000Z</time>
      </trkpt>
      <trkpt lat="30.503052" lon="79.189417">
        <ele>2186.929</ele>
        <time>2019-10-29T05:35:36.000Z</time>
      </trkpt>
      <trkpt lat="30.503005" lon="79.189408">
        <ele>2189.368</ele>
        <time>2019-10-29T05:36:02.000Z</time>
      </trkpt>
      <trkpt lat="30.50296" lon="79.189417">
        <ele>2188.548</ele>
        <time>2019-10-29T05:36:14.000Z</time>
      </trkpt>
      <trkpt lat="30.502916" lon="79.18939">
        <ele>2189.494</ele>
        <time>2019-10-29T05:36:27.000Z</time>
      </trkpt>
      <trkpt lat="30.502872" lon="79.189368">
        <ele>2190.369</ele>
        <time>2019-10-29T05:36:32.000Z</time>
      </trkpt>
      <trkpt lat="30.502851" lon="79.189322">
        <ele>2192.32</ele>
        <time>2019-10-29T05:36:53.000Z</time>
      </trkpt>
      <trkpt lat="30.502802" lon="79.189312">
        <ele>2192.386</ele>
        <time>2019-10-29T05:37:04.000Z</time>
      </trkpt>
      <trkpt lat="30.502758" lon="79.189331">
        <ele>2193.082</ele>
        <time>2019-10-29T05:37:13.000Z</time>
      </trkpt>
      <trkpt lat="30.502711" lon="79.189331">
        <ele>2195.181</ele>
        <time>2019-10-29T05:37:23.000Z</time>
      </trkpt>
      <trkpt lat="30.50267" lon="79.189355">
        <ele>2196.561</ele>
        <time>2019-10-29T05:37:40.000Z</time>
      </trkpt>
      <trkpt lat="30.502645" lon="79.189409">
        <ele>2194.717</ele>
        <time>2019-10-29T05:37:53.000Z</time>
      </trkpt>
      <trkpt lat="30.502595" lon="79.189401">
        <ele>2197.008</ele>
        <time>2019-10-29T05:38:00.000Z</time>
      </trkpt>
      <trkpt lat="30.502548" lon="79.189394">
        <ele>2196.392</ele>
        <time>2019-10-29T05:38:13.000Z</time>
      </trkpt>
      <trkpt lat="30.502503" lon="79.189412">
        <ele>2196.691</ele>
        <time>2019-10-29T05:38:45.000Z</time>
      </trkpt>
      <trkpt lat="30.502473" lon="79.189366">
        <ele>2199.711</ele>
        <time>2019-10-29T05:39:06.000Z</time>
      </trkpt>
      <trkpt lat="30.50242" lon="79.189369">
        <ele>2199.997</ele>
        <time>2019-10-29T05:39:12.000Z</time>
      </trkpt>
      <trkpt lat="30.502377" lon="79.18935">
        <ele>2199.742</ele>
        <time>2019-10-29T05:39:28.000Z</time>
      </trkpt>
      <trkpt lat="30.50235" lon="79.189393">
        <ele>2201.673</ele>
        <time>2019-10-29T05:39:36.000Z</time>
      </trkpt>
      <trkpt lat="30.502342" lon="79.18946">
        <ele>2204.789</ele>
        <time>2019-10-29T05:39:48.000Z</time>
      </trkpt>
      <trkpt lat="30.502311" lon="79.189498">
        <ele>2205.915</ele>
        <time>2019-10-29T05:40:03.000Z</time>
      </trkpt>
      <trkpt lat="30.502265" lon="79.18951">
        <ele>2205.145</ele>
        <time>2019-10-29T05:40:14.000Z</time>
      </trkpt>
      <trkpt lat="30.502221" lon="79.18948">
        <ele>2210.147</ele>
        <time>2019-10-29T05:40:36.000Z</time>
      </trkpt>
      <trkpt lat="30.502175" lon="79.189477">
        <ele>2212.311</ele>
        <time>2019-10-29T05:40:46.000Z</time>
      </trkpt>
      <trkpt lat="30.502125" lon="79.189466">
        <ele>2213.008</ele>
        <time>2019-10-29T05:40:56.000Z</time>
      </trkpt>
      <trkpt lat="30.502081" lon="79.189452">
        <ele>2213.888</ele>
        <time>2019-10-29T05:41:06.000Z</time>
      </trkpt>
      <trkpt lat="30.502036" lon="79.189471">
        <ele>2215.547</ele>
        <time>2019-10-29T05:41:16.000Z</time>
      </trkpt>
      <trkpt lat="30.501996" lon="79.189497">
        <ele>2216.637</ele>
        <time>2019-10-29T05:41:33.000Z</time>
      </trkpt>
      <trkpt lat="30.50195" lon="79.189502">
        <ele>2218.413</ele>
        <time>2019-10-29T05:41:49.000Z</time>
      </trkpt>
      <trkpt lat="30.501904" lon="79.189507">
        <ele>2218.668</ele>
        <time>2019-10-29T05:42:02.000Z</time>
      </trkpt>
      <trkpt lat="30.501877" lon="79.189455">
        <ele>2225.629</ele>
        <time>2019-10-29T05:43:42.000Z</time>
      </trkpt>
      <trkpt lat="30.501864" lon="79.189402">
        <ele>2225.875</ele>
        <time>2019-10-29T05:43:53.000Z</time>
      </trkpt>
      <trkpt lat="30.501813" lon="79.189406">
        <ele>2227.161</ele>
        <time>2019-10-29T05:44:01.000Z</time>
      </trkpt>
      <trkpt lat="30.501767" lon="79.189406">
        <ele>2229.344</ele>
        <time>2019-10-29T05:44:14.000Z</time>
      </trkpt>
      <trkpt lat="30.501718" lon="79.189417">
        <ele>2230.205</ele>
        <time>2019-10-29T05:44:27.000Z</time>
      </trkpt>
      <trkpt lat="30.501672" lon="79.189413">
        <ele>2233.115</ele>
        <time>2019-10-29T05:44:40.000Z</time>
      </trkpt>
      <trkpt lat="30.501631" lon="79.189378">
        <ele>2233.708</ele>
        <time>2019-10-29T05:44:48.000Z</time>
      </trkpt>
      <trkpt lat="30.501585" lon="79.189374">
        <ele>2236.798</ele>
        <time>2019-10-29T05:45:05.000Z</time>
      </trkpt>
      <trkpt lat="30.501539" lon="79.189374">
        <ele>2235.897</ele>
        <time>2019-10-29T05:45:19.000Z</time>
      </trkpt>
      <trkpt lat="30.501497" lon="79.189341">
        <ele>2236.257</ele>
        <time>2019-10-29T05:45:24.000Z</time>
      </trkpt>
      <trkpt lat="30.501441" lon="79.18933">
        <ele>2236.533</ele>
        <time>2019-10-29T05:45:31.000Z</time>
      </trkpt>
      <trkpt lat="30.501395" lon="79.189322">
        <ele>2236.678</ele>
        <time>2019-10-29T05:45:40.000Z</time>
      </trkpt>
      <trkpt lat="30.501352" lon="79.18934">
        <ele>2239.889</ele>
        <time>2019-10-29T05:46:03.000Z</time>
      </trkpt>
      <trkpt lat="30.501312" lon="79.189367">
        <ele>2241.365</ele>
        <time>2019-10-29T05:46:14.000Z</time>
      </trkpt>
      <trkpt lat="30.501262" lon="79.189375">
        <ele>2242.661</ele>
        <time>2019-10-29T05:46:24.000Z</time>
      </trkpt>
      <trkpt lat="30.501224" lon="79.189407">
        <ele>2242.621</ele>
        <time>2019-10-29T05:46:30.000Z</time>
      </trkpt>
      <trkpt lat="30.501171" lon="79.189407">
        <ele>2241.641</ele>
        <time>2019-10-29T05:46:45.000Z</time>
      </trkpt>
      <trkpt lat="30.501132" lon="79.189437">
        <ele>2243.205</ele>
        <time>2019-10-29T05:47:23.000Z</time>
      </trkpt>
      <trkpt lat="30.501087" lon="79.189446">
        <ele>2243.808</ele>
        <time>2019-10-29T05:47:29.000Z</time>
      </trkpt>
      <trkpt lat="30.501058" lon="79.189488">
        <ele>2245.456</ele>
        <time>2019-10-29T05:47:39.000Z</time>
      </trkpt>
      <trkpt lat="30.501041" lon="79.189539">
        <ele>2246.365</ele>
        <time>2019-10-29T05:47:49.000Z</time>
      </trkpt>
      <trkpt lat="30.501047" lon="79.189592">
        <ele>2247.125</ele>
        <time>2019-10-29T05:47:58.000Z</time>
      </trkpt>
      <trkpt lat="30.501066" lon="79.189643">
        <ele>2248.081</ele>
        <time>2019-10-29T05:48:13.000Z</time>
      </trkpt>
      <trkpt lat="30.501023" lon="79.18966">
        <ele>2250.636</ele>
        <time>2019-10-29T05:48:36.000Z</time>
      </trkpt>
      <trkpt lat="30.500974" lon="79.189651">
        <ele>2251.537</ele>
        <time>2019-10-29T05:48:44.000Z</time>
      </trkpt>
      <trkpt lat="30.500926" lon="79.189659">
        <ele>2253.113</ele>
        <time>2019-10-29T05:48:55.000Z</time>
      </trkpt>
      <trkpt lat="30.50088" lon="79.189648">
        <ele>2255.459</ele>
        <time>2019-10-29T05:49:03.000Z</time>
      </trkpt>
      <trkpt lat="30.500844" lon="79.189616">
        <ele>2257.682</ele>
        <time>2019-10-29T05:49:23.000Z</time>
      </trkpt>
      <trkpt lat="30.5008" lon="79.189602">
        <ele>2261.643</ele>
        <time>2019-10-29T05:49:40.000Z</time>
      </trkpt>
      <trkpt lat="30.500753" lon="79.18961">
        <ele>2261.617</ele>
        <time>2019-10-29T05:49:47.000Z</time>
      </trkpt>
      <trkpt lat="30.500708" lon="79.189599">
        <ele>2264.008</ele>
        <time>2019-10-29T05:50:00.000Z</time>
      </trkpt>
      <trkpt lat="30.500659" lon="79.189609">
        <ele>2264.722</ele>
        <time>2019-10-29T05:50:13.000Z</time>
      </trkpt>
      <trkpt lat="30.500635" lon="79.189655">
        <ele>2264.481</ele>
        <time>2019-10-29T05:50:29.000Z</time>
      </trkpt>
      <trkpt lat="30.500589" lon="79.189651">
        <ele>2265.851</ele>
        <time>2019-10-29T05:50:42.000Z</time>
      </trkpt>
      <trkpt lat="30.500544" lon="79.189654">
        <ele>2268.277</ele>
        <time>2019-10-29T05:50:51.000Z</time>
      </trkpt>
      <trkpt lat="30.500528" lon="79.189708">
        <ele>2269.192</ele>
        <time>2019-10-29T05:51:05.000Z</time>
      </trkpt>
      <trkpt lat="30.500536" lon="79.189764">
        <ele>2269.643</ele>
        <time>2019-10-29T05:51:12.000Z</time>
      </trkpt>
      <trkpt lat="30.500509" lon="79.189811">
        <ele>2274.259</ele>
        <time>2019-10-29T05:51:42.000Z</time>
      </trkpt>
      <trkpt lat="30.500514" lon="79.189864">
        <ele>2276.645</ele>
        <time>2019-10-29T05:52:04.000Z</time>
      </trkpt>
      <trkpt lat="30.500474" lon="79.189896">
        <ele>2277.164</ele>
        <time>2019-10-29T05:52:20.000Z</time>
      </trkpt>
      <trkpt lat="30.500433" lon="79.189929">
        <ele>2279.406</ele>
        <time>2019-10-29T05:52:40.000Z</time>
      </trkpt>
      <trkpt lat="30.50038" lon="79.189877">
        <ele>2282.616</ele>
        <time>2019-10-29T05:53:07.000Z</time>
      </trkpt>
      <trkpt lat="30.500342" lon="79.189925">
        <ele>2283.408</ele>
        <time>2019-10-29T05:54:35.000Z</time>
      </trkpt>
      <trkpt lat="30.500304" lon="79.189958">
        <ele>2281.97</ele>
        <time>2019-10-29T05:54:50.000Z</time>
      </trkpt>
      <trkpt lat="30.500254" lon="79.189957">
        <ele>2283.249</ele>
        <time>2019-10-29T05:55:09.000Z</time>
      </trkpt>
      <trkpt lat="30.50023" lon="79.190001">
        <ele>2284.959</ele>
        <time>2019-10-29T05:55:22.000Z</time>
      </trkpt>
      <trkpt lat="30.500185" lon="79.189994">
        <ele>2285.785</ele>
        <time>2019-10-29T05:55:31.000Z</time>
      </trkpt>
      <trkpt lat="30.500144" lon="79.190018">
        <ele>2286.43</ele>
        <time>2019-10-29T05:55:45.000Z</time>
      </trkpt>
      <trkpt lat="30.50009" lon="79.190015">
        <ele>2288.161</ele>
        <time>2019-10-29T05:55:57.000Z</time>
      </trkpt>
      <trkpt lat="30.500053" lon="79.190056">
        <ele>2289.117</ele>
        <time>2019-10-29T05:56:15.000Z</time>
      </trkpt>
      <trkpt lat="30.50003" lon="79.190104">
        <ele>2289.253</ele>
        <time>2019-10-29T05:56:25.000Z</time>
      </trkpt>
      <trkpt lat="30.500059" lon="79.190152">
        <ele>2288.362</ele>
        <time>2019-10-29T05:56:38.000Z</time>
      </trkpt>
      <trkpt lat="30.500093" lon="79.190194">
        <ele>2289.483</ele>
        <time>2019-10-29T05:57:08.000Z</time>
      </trkpt>
      <trkpt lat="30.50007" lon="79.190244">
        <ele>2289.811</ele>
        <time>2019-10-29T05:57:46.000Z</time>
      </trkpt>
      <trkpt lat="30.500069" lon="79.190299">
        <ele>2291.208</ele>
        <time>2019-10-29T05:57:53.000Z</time>
      </trkpt>
      <trkpt lat="30.500017" lon="79.190316">
        <ele>2295.14</ele>
        <time>2019-10-29T05:58:32.000Z</time>
      </trkpt>
      <trkpt lat="30.499984" lon="79.190369">
        <ele>2296.639</ele>
        <time>2019-10-29T05:58:54.000Z</time>
      </trkpt>
      <trkpt lat="30.499961" lon="79.190415">
        <ele>2297.719</ele>
        <time>2019-10-29T05:59:02.000Z</time>
      </trkpt>
      <trkpt lat="30.499916" lon="79.190406">
        <ele>2298.345</ele>
        <time>2019-10-29T05:59:09.000Z</time>
      </trkpt>
      <trkpt lat="30.499912" lon="79.190461">
        <ele>2303.36</ele>
        <time>2019-10-29T05:59:44.000Z</time>
      </trkpt>
      <trkpt lat="30.49987" lon="79.190499">
        <ele>2304.241</ele>
        <time>2019-10-29T06:00:03.000Z</time>
      </trkpt>
      <trkpt lat="30.499822" lon="79.190493">
        <ele>2305.587</ele>
        <time>2019-10-29T06:00:14.000Z</time>
      </trkpt>
      <trkpt lat="30.499776" lon="79.190494">
        <ele>2305.843</ele>
        <time>2019-10-29T06:00:23.000Z</time>
      </trkpt>
      <trkpt lat="30.499776" lon="79.190552">
        <ele>2309.579</ele>
        <time>2019-10-29T06:00:55.000Z</time>
      </trkpt>
      <trkpt lat="30.499774" lon="79.190607">
        <ele>2311.305</ele>
        <time>2019-10-29T06:01:07.000Z</time>
      </trkpt>
      <trkpt lat="30.499726" lon="79.190611">
        <ele>2315.725</ele>
        <time>2019-10-29T06:01:22.000Z</time>
      </trkpt>
      <trkpt lat="30.499673" lon="79.190601">
        <ele>2320.408</ele>
        <time>2019-10-29T06:01:30.000Z</time>
      </trkpt>
      <trkpt lat="30.499628" lon="79.190622">
        <ele>2320.031</ele>
        <time>2019-10-29T06:01:41.000Z</time>
      </trkpt>
      <trkpt lat="30.499583" lon="79.190604">
        <ele>2321.65</ele>
        <time>2019-10-29T06:02:02.000Z</time>
      </trkpt>
      <trkpt lat="30.499537" lon="79.190597">
        <ele>2322.28</ele>
        <time>2019-10-29T06:02:18.000Z</time>
      </trkpt>
      <trkpt lat="30.499533" lon="79.190653">
        <ele>2323.876</ele>
        <time>2019-10-29T06:02:33.000Z</time>
      </trkpt>
      <trkpt lat="30.499533" lon="79.190707">
        <ele>2324.381</ele>
        <time>2019-10-29T06:02:38.000Z</time>
      </trkpt>
      <trkpt lat="30.499526" lon="79.190765">
        <ele>2325.082</ele>
        <time>2019-10-29T06:02:43.000Z</time>
      </trkpt>
      <trkpt lat="30.499484" lon="79.190796">
        <ele>2325.018</ele>
        <time>2019-10-29T06:02:55.000Z</time>
      </trkpt>
      <trkpt lat="30.499483" lon="79.190744">
        <ele>2327.724</ele>
        <time>2019-10-29T06:03:14.000Z</time>
      </trkpt>
      <trkpt lat="30.499472" lon="79.190686">
        <ele>2327.619</ele>
        <time>2019-10-29T06:03:17.000Z</time>
      </trkpt>
      <trkpt lat="30.499453" lon="79.190601">
        <ele>2327.909</ele>
        <time>2019-10-29T06:03:19.000Z</time>
      </trkpt>
      <trkpt lat="30.499458" lon="79.190658">
        <ele>2326.919</ele>
        <time>2019-10-29T06:03:54.000Z</time>
      </trkpt>
      <trkpt lat="30.499435" lon="79.190703">
        <ele>2328.508</ele>
        <time>2019-10-29T06:04:02.000Z</time>
      </trkpt>
      <trkpt lat="30.49939" lon="79.190724">
        <ele>2329.875</ele>
        <time>2019-10-29T06:04:06.000Z</time>
      </trkpt>
      <trkpt lat="30.499348" lon="79.190762">
        <ele>2329.284</ele>
        <time>2019-10-29T06:04:13.000Z</time>
      </trkpt>
      <trkpt lat="30.499305" lon="79.190781">
        <ele>2328.714</ele>
        <time>2019-10-29T06:04:27.000Z</time>
      </trkpt>
      <trkpt lat="30.499259" lon="79.190819">
        <ele>2328.65</ele>
        <time>2019-10-29T06:05:03.000Z</time>
      </trkpt>
      <trkpt lat="30.499213" lon="79.19079">
        <ele>2329.245</ele>
        <time>2019-10-29T06:05:18.000Z</time>
      </trkpt>
      <trkpt lat="30.499165" lon="79.19079">
        <ele>2329.386</ele>
        <time>2019-10-29T06:05:23.000Z</time>
      </trkpt>
      <trkpt lat="30.499135" lon="79.190833">
        <ele>2331.612</ele>
        <time>2019-10-29T06:05:43.000Z</time>
      </trkpt>
      <trkpt lat="30.499102" lon="79.190879">
        <ele>2329.918</ele>
        <time>2019-10-29T06:06:03.000Z</time>
      </trkpt>
      <trkpt lat="30.499084" lon="79.190929">
        <ele>2329.279</ele>
        <time>2019-10-29T06:06:14.000Z</time>
      </trkpt>
      <trkpt lat="30.499038" lon="79.190965">
        <ele>2328.305</ele>
        <time>2019-10-29T06:06:39.000Z</time>
      </trkpt>
      <trkpt lat="30.498992" lon="79.190988">
        <ele>2329.825</ele>
        <time>2019-10-29T06:06:46.000Z</time>
      </trkpt>
      <trkpt lat="30.498958" lon="79.190952">
        <ele>2330.108</ele>
        <time>2019-10-29T06:06:56.000Z</time>
      </trkpt>
      <trkpt lat="30.498915" lon="79.190973">
        <ele>2330.031</ele>
        <time>2019-10-29T06:07:04.000Z</time>
      </trkpt>
      <trkpt lat="30.498871" lon="79.190996">
        <ele>2331.61</ele>
        <time>2019-10-29T06:07:13.000Z</time>
      </trkpt>
      <trkpt lat="30.498826" lon="79.190988">
        <ele>2331.97</ele>
        <time>2019-10-29T06:07:21.000Z</time>
      </trkpt>
      <trkpt lat="30.498812" lon="79.191038">
        <ele>2331.386</ele>
        <time>2019-10-29T06:07:30.000Z</time>
      </trkpt>
      <trkpt lat="30.49876" lon="79.191027">
        <ele>2333.831</ele>
        <time>2019-10-29T06:07:38.000Z</time>
      </trkpt>
      <trkpt lat="30.498714" lon="79.191033">
        <ele>2334.882</ele>
        <time>2019-10-29T06:07:50.000Z</time>
      </trkpt>
      <trkpt lat="30.498679" lon="79.19108">
        <ele>2334.748</ele>
        <time>2019-10-29T06:07:59.000Z</time>
      </trkpt>
      <trkpt lat="30.498692" lon="79.191145">
        <ele>2337.824</ele>
        <time>2019-10-29T06:09:26.000Z</time>
      </trkpt>
      <trkpt lat="30.498645" lon="79.191129">
        <ele>2338.857</ele>
        <time>2019-10-29T06:09:35.000Z</time>
      </trkpt>
      <trkpt lat="30.498635" lon="79.191071">
        <ele>2337.1</ele>
        <time>2019-10-29T06:09:48.000Z</time>
      </trkpt>
      <trkpt lat="30.498588" lon="79.19109">
        <ele>2337.42</ele>
        <time>2019-10-29T06:09:59.000Z</time>
      </trkpt>
      <trkpt lat="30.498554" lon="79.191127">
        <ele>2339.508</ele>
        <time>2019-10-29T06:10:20.000Z</time>
      </trkpt>
      <trkpt lat="30.498511" lon="79.191156">
        <ele>2340.599</ele>
        <time>2019-10-29T06:10:27.000Z</time>
      </trkpt>
      <trkpt lat="30.498479" lon="79.191198">
        <ele>2341.928</ele>
        <time>2019-10-29T06:10:45.000Z</time>
      </trkpt>
      <trkpt lat="30.498469" lon="79.191253">
        <ele>2341.098</ele>
        <time>2019-10-29T06:11:00.000Z</time>
      </trkpt>
      <trkpt lat="30.498401" lon="79.191243">
        <ele>2337.644</ele>
        <time>2019-10-29T06:11:30.000Z</time>
      </trkpt>
      <trkpt lat="30.498382" lon="79.19129">
        <ele>2337.649</ele>
        <time>2019-10-29T06:11:41.000Z</time>
      </trkpt>
      <trkpt lat="30.498405" lon="79.191242">
        <ele>2338.44</ele>
        <time>2019-10-29T06:12:08.000Z</time>
      </trkpt>
      <trkpt lat="30.498348" lon="79.191247">
        <ele>2344.696</ele>
        <time>2019-10-29T06:12:34.000Z</time>
      </trkpt>
      <trkpt lat="30.498298" lon="79.191266">
        <ele>2347.742</ele>
        <time>2019-10-29T06:12:45.000Z</time>
      </trkpt>
      <trkpt lat="30.498263" lon="79.191305">
        <ele>2351.446</ele>
        <time>2019-10-29T06:12:58.000Z</time>
      </trkpt>
      <trkpt lat="30.49822" lon="79.191321">
        <ele>2348.688</ele>
        <time>2019-10-29T06:13:15.000Z</time>
      </trkpt>
      <trkpt lat="30.498245" lon="79.191373">
        <ele>2348.316</ele>
        <time>2019-10-29T06:13:23.000Z</time>
      </trkpt>
      <trkpt lat="30.498207" lon="79.191403">
        <ele>2355.308</ele>
        <time>2019-10-29T06:14:23.000Z</time>
      </trkpt>
      <trkpt lat="30.498159" lon="79.191424">
        <ele>2356.078</ele>
        <time>2019-10-29T06:14:58.000Z</time>
      </trkpt>
      <trkpt lat="30.498138" lon="79.191471">
        <ele>2356.127</ele>
        <time>2019-10-29T06:15:10.000Z</time>
      </trkpt>
      <trkpt lat="30.498132" lon="79.191525">
        <ele>2355.917</ele>
        <time>2019-10-29T06:15:17.000Z</time>
      </trkpt>
      <trkpt lat="30.498108" lon="79.191573">
        <ele>2357.453</ele>
        <time>2019-10-29T06:15:24.000Z</time>
      </trkpt>
      <trkpt lat="30.498074" lon="79.19161">
        <ele>2358.628</ele>
        <time>2019-10-29T06:16:00.000Z</time>
      </trkpt>
      <trkpt lat="30.498029" lon="79.191584">
        <ele>2357.639</ele>
        <time>2019-10-29T06:16:14.000Z</time>
      </trkpt>
      <trkpt lat="30.497985" lon="79.191597">
        <ele>2355.935</ele>
        <time>2019-10-29T06:16:29.000Z</time>
      </trkpt>
      <trkpt lat="30.49794" lon="79.1916">
        <ele>2357.221</ele>
        <time>2019-10-29T06:16:35.000Z</time>
      </trkpt>
      <trkpt lat="30.497964" lon="79.191555">
        <ele>2363.292</ele>
        <time>2019-10-29T06:16:58.000Z</time>
      </trkpt>
      <trkpt lat="30.497946" lon="79.191456">
        <ele>2366.173</ele>
        <time>2019-10-29T06:17:57.000Z</time>
      </trkpt>
      <trkpt lat="30.497892" lon="79.191474">
        <ele>2372.22</ele>
        <time>2019-10-29T06:18:12.000Z</time>
      </trkpt>
      <trkpt lat="30.497855" lon="79.191517">
        <ele>2374.508</ele>
        <time>2019-10-29T06:18:22.000Z</time>
      </trkpt>
      <trkpt lat="30.49781" lon="79.191543">
        <ele>2375.263</ele>
        <time>2019-10-29T06:18:53.000Z</time>
      </trkpt>
      <trkpt lat="30.497765" lon="79.191565">
        <ele>2378.922</ele>
        <time>2019-10-29T06:19:10.000Z</time>
      </trkpt>
      <trkpt lat="30.497722" lon="79.191547">
        <ele>2380.132</ele>
        <time>2019-10-29T06:19:16.000Z</time>
      </trkpt>
      <trkpt lat="30.497768" lon="79.191565">
        <ele>2381.968</ele>
        <time>2019-10-29T06:19:34.000Z</time>
      </trkpt>
      <trkpt lat="30.49772" lon="79.191568">
        <ele>2383.513</ele>
        <time>2019-10-29T06:20:38.000Z</time>
      </trkpt>
      <trkpt lat="30.497671" lon="79.191587">
        <ele>2382.844</ele>
        <time>2019-10-29T06:22:15.000Z</time>
      </trkpt>
      <trkpt lat="30.49763" lon="79.191615">
        <ele>2380.99</ele>
        <time>2019-10-29T06:22:21.000Z</time>
      </trkpt>
      <trkpt lat="30.497583" lon="79.191614">
        <ele>2381.116</ele>
        <time>2019-10-29T06:22:26.000Z</time>
      </trkpt>
      <trkpt lat="30.497529" lon="79.191625">
        <ele>2380.767</ele>
        <time>2019-10-29T06:22:37.000Z</time>
      </trkpt>
      <trkpt lat="30.49758" lon="79.1916">
        <ele>2389.181</ele>
        <time>2019-10-29T06:22:44.000Z</time>
      </trkpt>
      <trkpt lat="30.497536" lon="79.191612">
        <ele>2389.119</ele>
        <time>2019-10-29T06:23:01.000Z</time>
      </trkpt>
      <trkpt lat="30.497484" lon="79.191632">
        <ele>2386.008</ele>
        <time>2019-10-29T06:23:11.000Z</time>
      </trkpt>
      <trkpt lat="30.497482" lon="79.191689">
        <ele>2388.69</ele>
        <time>2019-10-29T06:23:37.000Z</time>
      </trkpt>
      <trkpt lat="30.497448" lon="79.191734">
        <ele>2388.789</ele>
        <time>2019-10-29T06:23:43.000Z</time>
      </trkpt>
      <trkpt lat="30.497406" lon="79.191763">
        <ele>2390.949</ele>
        <time>2019-10-29T06:24:06.000Z</time>
      </trkpt>
      <trkpt lat="30.497362" lon="79.191741">
        <ele>2394.335</ele>
        <time>2019-10-29T06:24:12.000Z</time>
      </trkpt>
      <trkpt lat="30.497325" lon="79.191707">
        <ele>2395.51</ele>
        <time>2019-10-29T06:24:19.000Z</time>
      </trkpt>
      <trkpt lat="30.497282" lon="79.191691">
        <ele>2397.041</ele>
        <time>2019-10-29T06:24:27.000Z</time>
      </trkpt>
      <trkpt lat="30.497274" lon="79.191745">
        <ele>2398.297</ele>
        <time>2019-10-29T06:24:47.000Z</time>
      </trkpt>
      <trkpt lat="30.497236" lon="79.191781">
        <ele>2399.753</ele>
        <time>2019-10-29T06:24:54.000Z</time>
      </trkpt>
      <trkpt lat="30.497196" lon="79.191807">
        <ele>2400.665</ele>
        <time>2019-10-29T06:24:59.000Z</time>
      </trkpt>
      <trkpt lat="30.497197" lon="79.191861">
        <ele>2402.468</ele>
        <time>2019-10-29T06:25:11.000Z</time>
      </trkpt>
      <trkpt lat="30.497165" lon="79.191898">
        <ele>2404.114</ele>
        <time>2019-10-29T06:25:27.000Z</time>
      </trkpt>
      <trkpt lat="30.497119" lon="79.191877">
        <ele>2405.008</ele>
        <time>2019-10-29T06:25:35.000Z</time>
      </trkpt>
      <trkpt lat="30.497074" lon="79.191862">
        <ele>2404.61</ele>
        <time>2019-10-29T06:25:48.000Z</time>
      </trkpt>
      <trkpt lat="30.497018" lon="79.191847">
        <ele>2405.739</ele>
        <time>2019-10-29T06:25:54.000Z</time>
      </trkpt>
      <trkpt lat="30.49697" lon="79.191857">
        <ele>2404.489</ele>
        <time>2019-10-29T06:25:56.000Z</time>
      </trkpt>
      <trkpt lat="30.496922" lon="79.191853">
        <ele>2403.485</ele>
        <time>2019-10-29T06:26:12.000Z</time>
      </trkpt>
      <trkpt lat="30.49689" lon="79.191891">
        <ele>2403.05</ele>
        <time>2019-10-29T06:26:20.000Z</time>
      </trkpt>
      <trkpt lat="30.496861" lon="79.191931">
        <ele>2402.171</ele>
        <time>2019-10-29T06:26:27.000Z</time>
      </trkpt>
      <trkpt lat="30.496827" lon="79.191972">
        <ele>2402.417</ele>
        <time>2019-10-29T06:26:34.000Z</time>
      </trkpt>
      <trkpt lat="30.496795" lon="79.192016">
        <ele>2402.643</ele>
        <time>2019-10-29T06:26:45.000Z</time>
      </trkpt>
      <trkpt lat="30.496748" lon="79.192032">
        <ele>2403.694</ele>
        <time>2019-10-29T06:27:02.000Z</time>
      </trkpt>
      <trkpt lat="30.496705" lon="79.192059">
        <ele>2405.557</ele>
        <time>2019-10-29T06:27:10.000Z</time>
      </trkpt>
      <trkpt lat="30.496677" lon="79.192101">
        <ele>2407.222</ele>
        <time>2019-10-29T06:27:22.000Z</time>
      </trkpt>
      <trkpt lat="30.49664" lon="79.192131">
        <ele>2406.508</ele>
        <time>2019-10-29T06:27:31.000Z</time>
      </trkpt>
      <trkpt lat="30.496624" lon="79.19218">
        <ele>2409.833</ele>
        <time>2019-10-29T06:27:43.000Z</time>
      </trkpt>
      <trkpt lat="30.496637" lon="79.19212">
        <ele>2407.192</ele>
        <time>2019-10-29T06:27:48.000Z</time>
      </trkpt>
      <trkpt lat="30.496635" lon="79.192057">
        <ele>2406.612</ele>
        <time>2019-10-29T06:27:51.000Z</time>
      </trkpt>
      <trkpt lat="30.496588" lon="79.192075">
        <ele>2407.318</ele>
        <time>2019-10-29T06:28:22.000Z</time>
      </trkpt>
      <trkpt lat="30.49658" lon="79.19213">
        <ele>2407.653</ele>
        <time>2019-10-29T06:28:38.000Z</time>
      </trkpt>
      <trkpt lat="30.496543" lon="79.1921">
        <ele>2409.854</ele>
        <time>2019-10-29T06:29:09.000Z</time>
      </trkpt>
      <trkpt lat="30.496543" lon="79.192154">
        <ele>2409.95</ele>
        <time>2019-10-29T06:29:18.000Z</time>
      </trkpt>
      <trkpt lat="30.496586" lon="79.192134">
        <ele>2405.726</ele>
        <time>2019-10-29T06:30:53.000Z</time>
      </trkpt>
      <trkpt lat="30.49654" lon="79.192146">
        <ele>2406.527</ele>
        <time>2019-10-29T06:31:22.000Z</time>
      </trkpt>
      <trkpt lat="30.496501" lon="79.192188">
        <ele>2414.268</ele>
        <time>2019-10-29T06:33:31.000Z</time>
      </trkpt>
      <trkpt lat="30.496549" lon="79.1922">
        <ele>2424.014</ele>
        <time>2019-10-29T06:34:51.000Z</time>
      </trkpt>
      <trkpt lat="30.496589" lon="79.192143">
        <ele>2423.508</ele>
        <time>2019-10-29T06:34:58.000Z</time>
      </trkpt>
      <trkpt lat="30.496639" lon="79.192162">
        <ele>2428.296</ele>
        <time>2019-10-29T06:35:07.000Z</time>
      </trkpt>
      <trkpt lat="30.49669" lon="79.19214">
        <ele>2427.675</ele>
        <time>2019-10-29T06:37:17.000Z</time>
      </trkpt>
      <trkpt lat="30.496645" lon="79.192126">
        <ele>2423.125</ele>
        <time>2019-10-29T06:37:32.000Z</time>
      </trkpt>
      <trkpt lat="30.496593" lon="79.192139">
        <ele>2421.041</ele>
        <time>2019-10-29T06:37:37.000Z</time>
      </trkpt>
      <trkpt lat="30.49653" lon="79.19212">
        <ele>2419.826</ele>
        <time>2019-10-29T06:37:43.000Z</time>
      </trkpt>
      <trkpt lat="30.49648" lon="79.192132">
        <ele>2423.077</ele>
        <time>2019-10-29T06:37:48.000Z</time>
      </trkpt>
      <trkpt lat="30.496438" lon="79.19211">
        <ele>2419.843</ele>
        <time>2019-10-29T06:37:53.000Z</time>
      </trkpt>
      <trkpt lat="30.496399" lon="79.192137">
        <ele>2417.679</ele>
        <time>2019-10-29T06:37:58.000Z</time>
      </trkpt>
      <trkpt lat="30.496363" lon="79.192169">
        <ele>2418.685</ele>
        <time>2019-10-29T06:38:06.000Z</time>
      </trkpt>
      <trkpt lat="30.496314" lon="79.192189">
        <ele>2418.089</ele>
        <time>2019-10-29T06:38:16.000Z</time>
      </trkpt>
      <trkpt lat="30.496279" lon="79.192227">
        <ele>2417.917</ele>
        <time>2019-10-29T06:38:34.000Z</time>
      </trkpt>
      <trkpt lat="30.496232" lon="79.192254">
        <ele>2418.608</ele>
        <time>2019-10-29T06:38:41.000Z</time>
      </trkpt>
      <trkpt lat="30.496184" lon="79.192274">
        <ele>2417.732</ele>
        <time>2019-10-29T06:38:50.000Z</time>
      </trkpt>
      <trkpt lat="30.496136" lon="79.192291">
        <ele>2418.711</ele>
        <time>2019-10-29T06:38:58.000Z</time>
      </trkpt>
      <trkpt lat="30.496092" lon="79.192301">
        <ele>2419.321</ele>
        <time>2019-10-29T06:39:03.000Z</time>
      </trkpt>
      <trkpt lat="30.496044" lon="79.192303">
        <ele>2420.347</ele>
        <time>2019-10-29T06:39:14.000Z</time>
      </trkpt>
      <trkpt lat="30.495997" lon="79.192296">
        <ele>2422.752</ele>
        <time>2019-10-29T06:39:26.000Z</time>
      </trkpt>
      <trkpt lat="30.495951" lon="79.192273">
        <ele>2422.043</ele>
        <time>2019-10-29T06:39:46.000Z</time>
      </trkpt>
      <trkpt lat="30.495913" lon="79.192244">
        <ele>2421.599</ele>
        <time>2019-10-29T06:40:01.000Z</time>
      </trkpt>
      <trkpt lat="30.495868" lon="79.192244">
        <ele>2427.225</ele>
        <time>2019-10-29T06:40:07.000Z</time>
      </trkpt>
      <trkpt lat="30.495826" lon="79.192277">
        <ele>2429.255</ele>
        <time>2019-10-29T06:40:16.000Z</time>
      </trkpt>
      <trkpt lat="30.495818" lon="79.192329">
        <ele>2432.407</ele>
        <time>2019-10-29T06:40:24.000Z</time>
      </trkpt>
      <trkpt lat="30.49577" lon="79.192325">
        <ele>2441.317</ele>
        <time>2019-10-29T06:41:14.000Z</time>
      </trkpt>
      <trkpt lat="30.495729" lon="79.192357">
        <ele>2442.208</ele>
        <time>2019-10-29T06:41:20.000Z</time>
      </trkpt>
      <trkpt lat="30.495681" lon="79.192359">
        <ele>2442.859</ele>
        <time>2019-10-29T06:41:25.000Z</time>
      </trkpt>
      <trkpt lat="30.495635" lon="79.192361">
        <ele>2443.578</ele>
        <time>2019-10-29T06:41:34.000Z</time>
      </trkpt>
      <trkpt lat="30.495596" lon="79.192398">
        <ele>2444.088</ele>
        <time>2019-10-29T06:41:56.000Z</time>
      </trkpt>
      <trkpt lat="30.495558" lon="79.192428">
        <ele>2445.754</ele>
        <time>2019-10-29T06:42:30.000Z</time>
      </trkpt>
      <trkpt lat="30.495513" lon="79.192447">
        <ele>2446.779</ele>
        <time>2019-10-29T06:42:35.000Z</time>
      </trkpt>
      <trkpt lat="30.495478" lon="79.192406">
        <ele>2449.36</ele>
        <time>2019-10-29T06:43:24.000Z</time>
      </trkpt>
      <trkpt lat="30.495435" lon="79.192386">
        <ele>2449.396</ele>
        <time>2019-10-29T06:43:33.000Z</time>
      </trkpt>
      <trkpt lat="30.495388" lon="79.192379">
        <ele>2455.332</ele>
        <time>2019-10-29T06:44:26.000Z</time>
      </trkpt>
      <trkpt lat="30.495334" lon="79.192398">
        <ele>2456.355</ele>
        <time>2019-10-29T06:44:30.000Z</time>
      </trkpt>
      <trkpt lat="30.495288" lon="79.192396">
        <ele>2454.707</ele>
        <time>2019-10-29T06:44:35.000Z</time>
      </trkpt>
      <trkpt lat="30.495231" lon="79.192407">
        <ele>2456.417</ele>
        <time>2019-10-29T06:44:39.000Z</time>
      </trkpt>
      <trkpt lat="30.495187" lon="79.19238">
        <ele>2457.308</ele>
        <time>2019-10-29T06:44:45.000Z</time>
      </trkpt>
      <trkpt lat="30.495152" lon="79.192343">
        <ele>2457.269</ele>
        <time>2019-10-29T06:44:53.000Z</time>
      </trkpt>
      <trkpt lat="30.495099" lon="79.192312">
        <ele>2462.838</ele>
        <time>2019-10-29T06:45:13.000Z</time>
      </trkpt>
      <trkpt lat="30.495049" lon="79.192328">
        <ele>2461.618</ele>
        <time>2019-10-29T06:45:19.000Z</time>
      </trkpt>
      <trkpt lat="30.495002" lon="79.192344">
        <ele>2464.014</ele>
        <time>2019-10-29T06:45:29.000Z</time>
      </trkpt>
      <trkpt lat="30.494955" lon="79.192364">
        <ele>2464.299</ele>
        <time>2019-10-29T06:45:37.000Z</time>
      </trkpt>
      <trkpt lat="30.494909" lon="79.192368">
        <ele>2465.52</ele>
        <time>2019-10-29T06:46:04.000Z</time>
      </trkpt>
      <trkpt lat="30.494864" lon="79.192343">
        <ele>2466.166</ele>
        <time>2019-10-29T06:46:13.000Z</time>
      </trkpt>
      <trkpt lat="30.494816" lon="79.192347">
        <ele>2466.942</ele>
        <time>2019-10-29T06:46:23.000Z</time>
      </trkpt>
      <trkpt lat="30.49482" lon="79.192291">
        <ele>2461.244</ele>
        <time>2019-10-29T06:48:04.000Z</time>
      </trkpt>
      <trkpt lat="30.494774" lon="79.192311">
        <ele>2465.105</ele>
        <time>2019-10-29T06:48:27.000Z</time>
      </trkpt>
      <trkpt lat="30.49475" lon="79.192264">
        <ele>2462.115</ele>
        <time>2019-10-29T06:49:50.000Z</time>
      </trkpt>
      <trkpt lat="30.494706" lon="79.192243">
        <ele>2462.008</ele>
        <time>2019-10-29T06:50:01.000Z</time>
      </trkpt>
      <trkpt lat="30.49467" lon="79.192208">
        <ele>2462.898</ele>
        <time>2019-10-29T06:50:48.000Z</time>
      </trkpt>
      <trkpt lat="30.494632" lon="79.192239">
        <ele>2463.857</ele>
        <time>2019-10-29T06:50:58.000Z</time>
      </trkpt>
      <trkpt lat="30.494599" lon="79.192277">
        <ele>2461.327</ele>
        <time>2019-10-29T06:51:15.000Z</time>
      </trkpt>
      <trkpt lat="30.494562" lon="79.192311">
        <ele>2463.713</ele>
        <time>2019-10-29T06:51:46.000Z</time>
      </trkpt>
      <trkpt lat="30.494519" lon="79.19233">
        <ele>2464.088</ele>
        <time>2019-10-29T06:51:52.000Z</time>
      </trkpt>
      <trkpt lat="30.494473" lon="79.19234">
        <ele>2465.719</ele>
        <time>2019-10-29T06:52:18.000Z</time>
      </trkpt>
      <trkpt lat="30.49443" lon="79.192315">
        <ele>2467.595</ele>
        <time>2019-10-29T06:52:33.000Z</time>
      </trkpt>
      <trkpt lat="30.494383" lon="79.192316">
        <ele>2466.931</ele>
        <time>2019-10-29T06:52:39.000Z</time>
      </trkpt>
      <trkpt lat="30.494446" lon="79.19229">
        <ele>2465.667</ele>
        <time>2019-10-29T06:52:57.000Z</time>
      </trkpt>
      <trkpt lat="30.494431" lon="79.19224">
        <ele>2466.481</ele>
        <time>2019-10-29T06:54:36.000Z</time>
      </trkpt>
      <trkpt lat="30.494378" lon="79.192223">
        <ele>2465.019</ele>
        <time>2019-10-29T06:54:41.000Z</time>
      </trkpt>
      <trkpt lat="30.494328" lon="79.192226">
        <ele>2466.108</ele>
        <time>2019-10-29T06:54:46.000Z</time>
      </trkpt>
      <trkpt lat="30.494306" lon="79.192169">
        <ele>2468.36</ele>
        <time>2019-10-29T06:54:54.000Z</time>
      </trkpt>
      <trkpt lat="30.494282" lon="79.19212">
        <ele>2471.099</ele>
        <time>2019-10-29T06:55:04.000Z</time>
      </trkpt>
      <trkpt lat="30.494239" lon="79.192098">
        <ele>2471.539</ele>
        <time>2019-10-29T06:55:13.000Z</time>
      </trkpt>
      <trkpt lat="30.494191" lon="79.192077">
        <ele>2472.135</ele>
        <time>2019-10-29T06:55:21.000Z</time>
      </trkpt>
      <trkpt lat="30.49414" lon="79.192078">
        <ele>2473.11</ele>
        <time>2019-10-29T06:55:26.000Z</time>
      </trkpt>
      <trkpt lat="30.494107" lon="79.192034">
        <ele>2477.541</ele>
        <time>2019-10-29T06:55:40.000Z</time>
      </trkpt>
      <trkpt lat="30.494071" lon="79.191991">
        <ele>2475.517</ele>
        <time>2019-10-29T06:55:46.000Z</time>
      </trkpt>
      <trkpt lat="30.494046" lon="79.192035">
        <ele>2480.913</ele>
        <time>2019-10-29T06:56:05.000Z</time>
      </trkpt>
      <trkpt lat="30.494022" lon="79.192082">
        <ele>2482.074</ele>
        <time>2019-10-29T06:56:20.000Z</time>
      </trkpt>
      <trkpt lat="30.493983" lon="79.192115">
        <ele>2483.056</ele>
        <time>2019-10-29T06:56:41.000Z</time>
      </trkpt>
      <trkpt lat="30.493949" lon="79.192153">
        <ele>2484.521</ele>
        <time>2019-10-29T06:56:53.000Z</time>
      </trkpt>
      <trkpt lat="30.493908" lon="79.19213">
        <ele>2486.208</ele>
        <time>2019-10-29T06:57:02.000Z</time>
      </trkpt>
      <trkpt lat="30.493878" lon="79.192089">
        <ele>2486.791</ele>
        <time>2019-10-29T06:57:09.000Z</time>
      </trkpt>
      <trkpt lat="30.493807" lon="79.192098">
        <ele>2488.05</ele>
        <time>2019-10-29T06:57:40.000Z</time>
      </trkpt>
      <trkpt lat="30.493756" lon="79.192093">
        <ele>2489.43</ele>
        <time>2019-10-29T06:57:51.000Z</time>
      </trkpt>
      <trkpt lat="30.49371" lon="79.192087">
        <ele>2490.146</ele>
        <time>2019-10-29T06:57:59.000Z</time>
      </trkpt>
      <trkpt lat="30.493663" lon="79.192059">
        <ele>2490.711</ele>
        <time>2019-10-29T06:58:06.000Z</time>
      </trkpt>
      <trkpt lat="30.493626" lon="79.192019">
        <ele>2491.752</ele>
        <time>2019-10-29T06:58:11.000Z</time>
      </trkpt>
      <trkpt lat="30.493579" lon="79.192018">
        <ele>2492.348</ele>
        <time>2019-10-29T06:58:17.000Z</time>
      </trkpt>
      <trkpt lat="30.493536" lon="79.192001">
        <ele>2494.424</ele>
        <time>2019-10-29T06:58:25.000Z</time>
      </trkpt>
      <trkpt lat="30.493504" lon="79.191959">
        <ele>2495.153</ele>
        <time>2019-10-29T06:58:33.000Z</time>
      </trkpt>
      <trkpt lat="30.493462" lon="79.191941">
        <ele>2495.304</ele>
        <time>2019-10-29T06:58:41.000Z</time>
      </trkpt>
      <trkpt lat="30.493433" lon="79.191892">
        <ele>2495.914</ele>
        <time>2019-10-29T06:58:47.000Z</time>
      </trkpt>
      <trkpt lat="30.493407" lon="79.191941">
        <ele>2495.008</ele>
        <time>2019-10-29T06:58:57.000Z</time>
      </trkpt>
      <trkpt lat="30.493368" lon="79.191973">
        <ele>2495.499</ele>
        <time>2019-10-29T06:59:06.000Z</time>
      </trkpt>
      <trkpt lat="30.493319" lon="79.19196">
        <ele>2497.028</ele>
        <time>2019-10-29T06:59:14.000Z</time>
      </trkpt>
      <trkpt lat="30.493281" lon="79.191988">
        <ele>2497.128</ele>
        <time>2019-10-29T06:59:23.000Z</time>
      </trkpt>
      <trkpt lat="30.493231" lon="79.191991">
        <ele>2497.754</ele>
        <time>2019-10-29T06:59:30.000Z</time>
      </trkpt>
      <trkpt lat="30.493188" lon="79.191976">
        <ele>2496.949</ele>
        <time>2019-10-29T06:59:38.000Z</time>
      </trkpt>
      <trkpt lat="30.49315" lon="79.191938">
        <ele>2496.82</ele>
        <time>2019-10-29T06:59:48.000Z</time>
      </trkpt>
      <trkpt lat="30.493114" lon="79.191906">
        <ele>2496.926</ele>
        <time>2019-10-29T06:59:56.000Z</time>
      </trkpt>
      <trkpt lat="30.493068" lon="79.191898">
        <ele>2497.152</ele>
        <time>2019-10-29T07:00:05.000Z</time>
      </trkpt>
      <trkpt lat="30.493023" lon="79.191893">
        <ele>2497.357</ele>
        <time>2019-10-29T07:00:11.000Z</time>
      </trkpt>
      <trkpt lat="30.492997" lon="79.191848">
        <ele>2496.9</ele>
        <time>2019-10-29T07:00:16.000Z</time>
      </trkpt>
      <trkpt lat="30.492961" lon="79.191817">
        <ele>2496.82</ele>
        <time>2019-10-29T07:00:24.000Z</time>
      </trkpt>
      <trkpt lat="30.492924" lon="79.191786">
        <ele>2497.208</ele>
        <time>2019-10-29T07:00:33.000Z</time>
      </trkpt>
      <trkpt lat="30.492878" lon="79.191797">
        <ele>2497.859</ele>
        <time>2019-10-29T07:00:41.000Z</time>
      </trkpt>
      <trkpt lat="30.492827" lon="79.191801">
        <ele>2497.538</ele>
        <time>2019-10-29T07:00:58.000Z</time>
      </trkpt>
      <trkpt lat="30.492788" lon="79.191835">
        <ele>2498.168</ele>
        <time>2019-10-29T07:01:05.000Z</time>
      </trkpt>
      <trkpt lat="30.492741" lon="79.191815">
        <ele>2497.874</ele>
        <time>2019-10-29T07:01:14.000Z</time>
      </trkpt>
      <trkpt lat="30.49271" lon="79.191777">
        <ele>2497.749</ele>
        <time>2019-10-29T07:01:20.000Z</time>
      </trkpt>
      <trkpt lat="30.492668" lon="79.191751">
        <ele>2498.73</ele>
        <time>2019-10-29T07:01:27.000Z</time>
      </trkpt>
      <trkpt lat="30.492625" lon="79.191733">
        <ele>2499.476</ele>
        <time>2019-10-29T07:01:34.000Z</time>
      </trkpt>
      <trkpt lat="30.492576" lon="79.191734">
        <ele>2500.522</ele>
        <time>2019-10-29T07:01:45.000Z</time>
      </trkpt>
      <trkpt lat="30.49261" lon="79.191694">
        <ele>2499.878</ele>
        <time>2019-10-29T07:01:56.000Z</time>
      </trkpt>
      <trkpt lat="30.49262" lon="79.191641">
        <ele>2499.133</ele>
        <time>2019-10-29T07:02:08.000Z</time>
      </trkpt>
      <trkpt lat="30.492615" lon="79.191589">
        <ele>2499.026</ele>
        <time>2019-10-29T07:02:19.000Z</time>
      </trkpt>
      <trkpt lat="30.49258" lon="79.191551">
        <ele>2498.608</ele>
        <time>2019-10-29T07:02:28.000Z</time>
      </trkpt>
      <trkpt lat="30.492577" lon="79.191479">
        <ele>2498.711</ele>
        <time>2019-10-29T07:03:32.000Z</time>
      </trkpt>
      <trkpt lat="30.492565" lon="79.191426">
        <ele>2500.96</ele>
        <time>2019-10-29T07:03:43.000Z</time>
      </trkpt>
      <trkpt lat="30.492546" lon="79.191376">
        <ele>2502.46</ele>
        <time>2019-10-29T07:03:53.000Z</time>
      </trkpt>
      <trkpt lat="30.492518" lon="79.191335">
        <ele>2503.286</ele>
        <time>2019-10-29T07:04:02.000Z</time>
      </trkpt>
      <trkpt lat="30.492495" lon="79.191279">
        <ele>2503.721</ele>
        <time>2019-10-29T07:04:11.000Z</time>
      </trkpt>
      <trkpt lat="30.492479" lon="79.191225">
        <ele>2504.322</ele>
        <time>2019-10-29T07:04:18.000Z</time>
      </trkpt>
      <trkpt lat="30.492457" lon="79.191175">
        <ele>2504.128</ele>
        <time>2019-10-29T07:04:28.000Z</time>
      </trkpt>
      <trkpt lat="30.492432" lon="79.191131">
        <ele>2504.184</ele>
        <time>2019-10-29T07:04:38.000Z</time>
      </trkpt>
      <trkpt lat="30.492392" lon="79.1911">
        <ele>2504.227</ele>
        <time>2019-10-29T07:04:50.000Z</time>
      </trkpt>
      <trkpt lat="30.492345" lon="79.191106">
        <ele>2506.368</ele>
        <time>2019-10-29T07:05:09.000Z</time>
      </trkpt>
      <trkpt lat="30.492306" lon="79.191078">
        <ele>2506.914</ele>
        <time>2019-10-29T07:05:25.000Z</time>
      </trkpt>
      <trkpt lat="30.492301" lon="79.19102">
        <ele>2508.608</ele>
        <time>2019-10-29T07:05:55.000Z</time>
      </trkpt>
      <trkpt lat="30.492255" lon="79.191007">
        <ele>2508.836</ele>
        <time>2019-10-29T07:06:05.000Z</time>
      </trkpt>
      <trkpt lat="30.492206" lon="79.190996">
        <ele>2509.885</ele>
        <time>2019-10-29T07:06:15.000Z</time>
      </trkpt>
      <trkpt lat="30.492155" lon="79.191006">
        <ele>2510.225</ele>
        <time>2019-10-29T07:06:41.000Z</time>
      </trkpt>
      <trkpt lat="30.492145" lon="79.190946">
        <ele>2510.271</ele>
        <time>2019-10-29T07:08:25.000Z</time>
      </trkpt>
      <trkpt lat="30.492116" lon="79.190903">
        <ele>2510.436</ele>
        <time>2019-10-29T07:08:32.000Z</time>
      </trkpt>
      <trkpt lat="30.492105" lon="79.190958">
        <ele>2511.187</ele>
        <time>2019-10-29T07:11:21.000Z</time>
      </trkpt>
      <trkpt lat="30.492072" lon="79.190921">
        <ele>2512.063</ele>
        <time>2019-10-29T07:39:13.000Z</time>
      </trkpt>
      <trkpt lat="30.492028" lon="79.190902">
        <ele>2512.049</ele>
        <time>2019-10-29T07:39:22.000Z</time>
      </trkpt>
      <trkpt lat="30.491994" lon="79.190863">
        <ele>2511.697</ele>
        <time>2019-10-29T07:39:32.000Z</time>
      </trkpt>
      <trkpt lat="30.491974" lon="79.190812">
        <ele>2511.023</ele>
        <time>2019-10-29T07:39:42.000Z</time>
      </trkpt>
      <trkpt lat="30.491925" lon="79.190799">
        <ele>2510.825</ele>
        <time>2019-10-29T07:39:49.000Z</time>
      </trkpt>
      <trkpt lat="30.49189" lon="79.190758">
        <ele>2509.908</ele>
        <time>2019-10-29T07:39:57.000Z</time>
      </trkpt>
      <trkpt lat="30.491875" lon="79.190707">
        <ele>2509.623</ele>
        <time>2019-10-29T07:40:03.000Z</time>
      </trkpt>
      <trkpt lat="30.491853" lon="79.190661">
        <ele>2508.522</ele>
        <time>2019-10-29T07:40:10.000Z</time>
      </trkpt>
      <trkpt lat="30.491827" lon="79.190613">
        <ele>2508.512</ele>
        <time>2019-10-29T07:40:17.000Z</time>
      </trkpt>
      <trkpt lat="30.491794" lon="79.190575">
        <ele>2508.078</ele>
        <time>2019-10-29T07:40:26.000Z</time>
      </trkpt>
      <trkpt lat="30.491759" lon="79.190541">
        <ele>2507.663</ele>
        <time>2019-10-29T07:40:36.000Z</time>
      </trkpt>
      <trkpt lat="30.491708" lon="79.190523">
        <ele>2508.044</ele>
        <time>2019-10-29T07:40:57.000Z</time>
      </trkpt>
      <trkpt lat="30.491677" lon="79.190481">
        <ele>2507.69</ele>
        <time>2019-10-29T07:41:03.000Z</time>
      </trkpt>
      <trkpt lat="30.49169" lon="79.190429">
        <ele>2508.246</ele>
        <time>2019-10-29T07:41:15.000Z</time>
      </trkpt>
      <trkpt lat="30.491677" lon="79.190373">
        <ele>2508.678</ele>
        <time>2019-10-29T07:41:26.000Z</time>
      </trkpt>
      <trkpt lat="30.491702" lon="79.190324">
        <ele>2508.933</ele>
        <time>2019-10-29T07:41:34.000Z</time>
      </trkpt>
      <trkpt lat="30.491718" lon="79.190271">
        <ele>2510.226</ele>
        <time>2019-10-29T07:41:50.000Z</time>
      </trkpt>
      <trkpt lat="30.49174" lon="79.190221">
        <ele>2510.308</ele>
        <time>2019-10-29T07:41:58.000Z</time>
      </trkpt>
      <trkpt lat="30.491744" lon="79.190151">
        <ele>2510.431</ele>
        <time>2019-10-29T07:42:12.000Z</time>
      </trkpt>
      <trkpt lat="30.491753" lon="79.190098">
        <ele>2511.58</ele>
        <time>2019-10-29T07:42:26.000Z</time>
      </trkpt>
      <trkpt lat="30.491764" lon="79.190041">
        <ele>2512.32</ele>
        <time>2019-10-29T07:42:34.000Z</time>
      </trkpt>
      <trkpt lat="30.491778" lon="79.189989">
        <ele>2513.826</ele>
        <time>2019-10-29T07:42:44.000Z</time>
      </trkpt>
      <trkpt lat="30.491776" lon="79.189935">
        <ele>2515.331</ele>
        <time>2019-10-29T07:42:51.000Z</time>
      </trkpt>
      <trkpt lat="30.491773" lon="79.189883">
        <ele>2514.862</ele>
        <time>2019-10-29T07:43:00.000Z</time>
      </trkpt>
      <trkpt lat="30.49177" lon="79.189828">
        <ele>2515.798</ele>
        <time>2019-10-29T07:43:06.000Z</time>
      </trkpt>
      <trkpt lat="30.491766" lon="79.189769">
        <ele>2516.084</ele>
        <time>2019-10-29T07:43:11.000Z</time>
      </trkpt>
      <trkpt lat="30.491748" lon="79.189721">
        <ele>2516.337</ele>
        <time>2019-10-29T07:43:16.000Z</time>
      </trkpt>
      <trkpt lat="30.491731" lon="79.189664">
        <ele>2516.949</ele>
        <time>2019-10-29T07:43:22.000Z</time>
      </trkpt>
      <trkpt lat="30.491704" lon="79.189621">
        <ele>2517.813</ele>
        <time>2019-10-29T07:43:28.000Z</time>
      </trkpt>
      <trkpt lat="30.491668" lon="79.189583">
        <ele>2518.108</ele>
        <time>2019-10-29T07:43:35.000Z</time>
      </trkpt>
      <trkpt lat="30.491626" lon="79.189562">
        <ele>2519.477</ele>
        <time>2019-10-29T07:43:44.000Z</time>
      </trkpt>
      <trkpt lat="30.491583" lon="79.189542">
        <ele>2519.636</ele>
        <time>2019-10-29T07:43:51.000Z</time>
      </trkpt>
      <trkpt lat="30.491533" lon="79.189531">
        <ele>2520.036</ele>
        <time>2019-10-29T07:43:57.000Z</time>
      </trkpt>
      <trkpt lat="30.491494" lon="79.189498">
        <ele>2520.152</ele>
        <time>2019-10-29T07:44:02.000Z</time>
      </trkpt>
      <trkpt lat="30.49145" lon="79.189462">
        <ele>2520.387</ele>
        <time>2019-10-29T07:44:08.000Z</time>
      </trkpt>
      <trkpt lat="30.491416" lon="79.189416">
        <ele>2520.258</ele>
        <time>2019-10-29T07:44:16.000Z</time>
      </trkpt>
      <trkpt lat="30.491377" lon="79.189383">
        <ele>2520.684</ele>
        <time>2019-10-29T07:44:20.000Z</time>
      </trkpt>
      <trkpt lat="30.491329" lon="79.189375">
        <ele>2521.62</ele>
        <time>2019-10-29T07:44:26.000Z</time>
      </trkpt>
      <trkpt lat="30.491279" lon="79.189369">
        <ele>2521.469</ele>
        <time>2019-10-29T07:44:32.000Z</time>
      </trkpt>
      <trkpt lat="30.49123" lon="79.189359">
        <ele>2521.804</ele>
        <time>2019-10-29T07:44:39.000Z</time>
      </trkpt>
      <trkpt lat="30.491188" lon="79.189334">
        <ele>2521.024</ele>
        <time>2019-10-29T07:44:45.000Z</time>
      </trkpt>
      <trkpt lat="30.491144" lon="79.189315">
        <ele>2521.208</ele>
        <time>2019-10-29T07:44:50.000Z</time>
      </trkpt>
      <trkpt lat="30.491092" lon="79.189323">
        <ele>2520.78</ele>
        <time>2019-10-29T07:44:55.000Z</time>
      </trkpt>
      <trkpt lat="30.491046" lon="79.18931">
        <ele>2520.559</ele>
        <time>2019-10-29T07:45:00.000Z</time>
      </trkpt>
      <trkpt lat="30.491008" lon="79.189271">
        <ele>2521.339</ele>
        <time>2019-10-29T07:45:07.000Z</time>
      </trkpt>
      <trkpt lat="30.490967" lon="79.189246">
        <ele>2522.255</ele>
        <time>2019-10-29T07:45:14.000Z</time>
      </trkpt>
      <trkpt lat="30.490923" lon="79.189226">
        <ele>2522.85</ele>
        <time>2019-10-29T07:45:20.000Z</time>
      </trkpt>
      <trkpt lat="30.490876" lon="79.189211">
        <ele>2522.531</ele>
        <time>2019-10-29T07:45:27.000Z</time>
      </trkpt>
      <trkpt lat="30.490843" lon="79.189173">
        <ele>2522.037</ele>
        <time>2019-10-29T07:45:34.000Z</time>
      </trkpt>
      <trkpt lat="30.490815" lon="79.189129">
        <ele>2522.133</ele>
        <time>2019-10-29T07:45:41.000Z</time>
      </trkpt>
      <trkpt lat="30.490782" lon="79.189081">
        <ele>2521.766</ele>
        <time>2019-10-29T07:45:47.000Z</time>
      </trkpt>
      <trkpt lat="30.490763" lon="79.189028">
        <ele>2521.729</ele>
        <time>2019-10-29T07:45:52.000Z</time>
      </trkpt>
      <trkpt lat="30.490735" lon="79.188986">
        <ele>2522.021</ele>
        <time>2019-10-29T07:45:58.000Z</time>
      </trkpt>
      <trkpt lat="30.49071" lon="79.188943">
        <ele>2523.108</ele>
        <time>2019-10-29T07:46:08.000Z</time>
      </trkpt>
      <trkpt lat="30.490721" lon="79.188889">
        <ele>2523.15</ele>
        <time>2019-10-29T07:46:18.000Z</time>
      </trkpt>
      <trkpt lat="30.49069" lon="79.188848">
        <ele>2524.159</ele>
        <time>2019-10-29T07:46:28.000Z</time>
      </trkpt>
      <trkpt lat="30.490652" lon="79.188815">
        <ele>2524.199</ele>
        <time>2019-10-29T07:46:39.000Z</time>
      </trkpt>
      <trkpt lat="30.490627" lon="79.188769">
        <ele>2522.355</ele>
        <time>2019-10-29T07:46:48.000Z</time>
      </trkpt>
      <trkpt lat="30.490609" lon="79.188716">
        <ele>2522.67</ele>
        <time>2019-10-29T07:46:53.000Z</time>
      </trkpt>
      <trkpt lat="30.490588" lon="79.188666">
        <ele>2524.571</ele>
        <time>2019-10-29T07:47:06.000Z</time>
      </trkpt>
      <trkpt lat="30.490588" lon="79.18861">
        <ele>2524.657</ele>
        <time>2019-10-29T07:47:17.000Z</time>
      </trkpt>
      <trkpt lat="30.490573" lon="79.188556">
        <ele>2525.353</ele>
        <time>2019-10-29T07:47:28.000Z</time>
      </trkpt>
      <trkpt lat="30.490537" lon="79.188517">
        <ele>2526.644</ele>
        <time>2019-10-29T07:47:36.000Z</time>
      </trkpt>
      <trkpt lat="30.490525" lon="79.188463">
        <ele>2527.605</ele>
        <time>2019-10-29T07:47:45.000Z</time>
      </trkpt>
      <trkpt lat="30.49051" lon="79.188408">
        <ele>2529.115</ele>
        <time>2019-10-29T07:47:58.000Z</time>
      </trkpt>
      <trkpt lat="30.490499" lon="79.188354">
        <ele>2529.308</ele>
        <time>2019-10-29T07:48:05.000Z</time>
      </trkpt>
      <trkpt lat="30.490493" lon="79.188299">
        <ele>2529.568</ele>
        <time>2019-10-29T07:48:11.000Z</time>
      </trkpt>
      <trkpt lat="30.490483" lon="79.188243">
        <ele>2530.497</ele>
        <time>2019-10-29T07:48:18.000Z</time>
      </trkpt>
      <trkpt lat="30.490523" lon="79.188194">
        <ele>2530.397</ele>
        <time>2019-10-29T07:48:27.000Z</time>
      </trkpt>
      <trkpt lat="30.490502" lon="79.188141">
        <ele>2529.383</ele>
        <time>2019-10-29T07:48:33.000Z</time>
      </trkpt>
      <trkpt lat="30.490499" lon="79.188086">
        <ele>2529.638</ele>
        <time>2019-10-29T07:48:41.000Z</time>
      </trkpt>
      <trkpt lat="30.490523" lon="79.188034">
        <ele>2527.259</ele>
        <time>2019-10-29T07:49:01.000Z</time>
      </trkpt>
      <trkpt lat="30.490507" lon="79.187985">
        <ele>2524.185</ele>
        <time>2019-10-29T07:49:09.000Z</time>
      </trkpt>
      <trkpt lat="30.490465" lon="79.187954">
        <ele>2523.221</ele>
        <time>2019-10-29T07:49:16.000Z</time>
      </trkpt>
      <trkpt lat="30.490426" lon="79.187927">
        <ele>2522.129</ele>
        <time>2019-10-29T07:49:23.000Z</time>
      </trkpt>
      <trkpt lat="30.490391" lon="79.187874">
        <ele>2522.8</ele>
        <time>2019-10-29T07:49:31.000Z</time>
      </trkpt>
      <trkpt lat="30.490378" lon="79.187822">
        <ele>2522.62</ele>
        <time>2019-10-29T07:49:35.000Z</time>
      </trkpt>
      <trkpt lat="30.490352" lon="79.187773">
        <ele>2522.208</ele>
        <time>2019-10-29T07:49:41.000Z</time>
      </trkpt>
      <trkpt lat="30.490326" lon="79.187724">
        <ele>2521.896</ele>
        <time>2019-10-29T07:49:48.000Z</time>
      </trkpt>
      <trkpt lat="30.490301" lon="79.187679">
        <ele>2522.065</ele>
        <time>2019-10-29T07:49:58.000Z</time>
      </trkpt>
      <trkpt lat="30.490274" lon="79.18763">
        <ele>2522.335</ele>
        <time>2019-10-29T07:50:05.000Z</time>
      </trkpt>
      <trkpt lat="30.490254" lon="79.187574">
        <ele>2521.351</ele>
        <time>2019-10-29T07:50:13.000Z</time>
      </trkpt>
      <trkpt lat="30.490248" lon="79.187519">
        <ele>2519.636</ele>
        <time>2019-10-29T07:50:21.000Z</time>
      </trkpt>
      <trkpt lat="30.490216" lon="79.187481">
        <ele>2518.357</ele>
        <time>2019-10-29T07:50:27.000Z</time>
      </trkpt>
      <trkpt lat="30.49017" lon="79.187464">
        <ele>2518.713</ele>
        <time>2019-10-29T07:50:35.000Z</time>
      </trkpt>
      <trkpt lat="30.490125" lon="79.187446">
        <ele>2518.259</ele>
        <time>2019-10-29T07:50:44.000Z</time>
      </trkpt>
      <trkpt lat="30.490079" lon="79.187444">
        <ele>2517.917</ele>
        <time>2019-10-29T07:50:51.000Z</time>
      </trkpt>
      <trkpt lat="30.49003" lon="79.187444">
        <ele>2517.287</ele>
        <time>2019-10-29T07:51:00.000Z</time>
      </trkpt>
      <trkpt lat="30.489986" lon="79.187424">
        <ele>2517.715</ele>
        <time>2019-10-29T07:51:07.000Z</time>
      </trkpt>
      <trkpt lat="30.489964" lon="79.187375">
        <ele>2518.308</ele>
        <time>2019-10-29T07:51:13.000Z</time>
      </trkpt>
      <trkpt lat="30.489948" lon="79.187322">
        <ele>2520.415</ele>
        <time>2019-10-29T07:51:20.000Z</time>
      </trkpt>
      <trkpt lat="30.489917" lon="79.187282">
        <ele>2521.184</ele>
        <time>2019-10-29T07:51:26.000Z</time>
      </trkpt>
      <trkpt lat="30.489875" lon="79.187258">
        <ele>2521.434</ele>
        <time>2019-10-29T07:51:31.000Z</time>
      </trkpt>
      <trkpt lat="30.489843" lon="79.187212">
        <ele>2519.52</ele>
        <time>2019-10-29T07:51:41.000Z</time>
      </trkpt>
      <trkpt lat="30.489798" lon="79.187204">
        <ele>2518.015</ele>
        <time>2019-10-29T07:51:51.000Z</time>
      </trkpt>
      <trkpt lat="30.48977" lon="79.187159">
        <ele>2516.826</ele>
        <time>2019-10-29T07:52:07.000Z</time>
      </trkpt>
      <trkpt lat="30.489724" lon="79.187133">
        <ele>2518.582</ele>
        <time>2019-10-29T07:52:13.000Z</time>
      </trkpt>
      <trkpt lat="30.489687" lon="79.187097">
        <ele>2519.948</ele>
        <time>2019-10-29T07:52:21.000Z</time>
      </trkpt>
      <trkpt lat="30.489651" lon="79.187054">
        <ele>2520.187</ele>
        <time>2019-10-29T07:52:26.000Z</time>
      </trkpt>
      <trkpt lat="30.489613" lon="79.187012">
        <ele>2520.042</ele>
        <time>2019-10-29T07:52:32.000Z</time>
      </trkpt>
      <trkpt lat="30.489586" lon="79.18697">
        <ele>2518.726</ele>
        <time>2019-10-29T07:52:37.000Z</time>
      </trkpt>
      <trkpt lat="30.489569" lon="79.18692">
        <ele>2518.508</ele>
        <time>2019-10-29T07:52:45.000Z</time>
      </trkpt>
      <trkpt lat="30.489534" lon="79.186886">
        <ele>2517.152</ele>
        <time>2019-10-29T07:52:54.000Z</time>
      </trkpt>
      <trkpt lat="30.489483" lon="79.186863">
        <ele>2516.761</ele>
        <time>2019-10-29T07:53:02.000Z</time>
      </trkpt>
      <trkpt lat="30.489429" lon="79.186857">
        <ele>2516.371</ele>
        <time>2019-10-29T07:53:07.000Z</time>
      </trkpt>
      <trkpt lat="30.489384" lon="79.186845">
        <ele>2516.167</ele>
        <time>2019-10-29T07:53:13.000Z</time>
      </trkpt>
      <trkpt lat="30.489337" lon="79.186839">
        <ele>2516.652</ele>
        <time>2019-10-29T07:53:20.000Z</time>
      </trkpt>
      <trkpt lat="30.489292" lon="79.186829">
        <ele>2517.523</ele>
        <time>2019-10-29T07:53:26.000Z</time>
      </trkpt>
      <trkpt lat="30.489243" lon="79.186817">
        <ele>2518.319</ele>
        <time>2019-10-29T07:53:33.000Z</time>
      </trkpt>
      <trkpt lat="30.489194" lon="79.18683">
        <ele>2518.715</ele>
        <time>2019-10-29T07:53:40.000Z</time>
      </trkpt>
      <trkpt lat="30.489154" lon="79.186855">
        <ele>2519.633</ele>
        <time>2019-10-29T07:54:01.000Z</time>
      </trkpt>
      <trkpt lat="30.489103" lon="79.186855">
        <ele>2519.923</ele>
        <time>2019-10-29T07:54:11.000Z</time>
      </trkpt>
      <trkpt lat="30.489055" lon="79.186882">
        <ele>2521.115</ele>
        <time>2019-10-29T07:54:28.000Z</time>
      </trkpt>
      <trkpt lat="30.489014" lon="79.186903">
        <ele>2525.808</ele>
        <time>2019-10-29T07:54:40.000Z</time>
      </trkpt>
      <trkpt lat="30.488964" lon="79.186907">
        <ele>2525.037</ele>
        <time>2019-10-29T07:54:51.000Z</time>
      </trkpt>
      <trkpt lat="30.488937" lon="79.186864">
        <ele>2529.916</ele>
        <time>2019-10-29T07:55:00.000Z</time>
      </trkpt>
      <trkpt lat="30.488937" lon="79.186808">
        <ele>2532.736</ele>
        <time>2019-10-29T07:55:08.000Z</time>
      </trkpt>
      <trkpt lat="30.488895" lon="79.186787">
        <ele>2532.732</ele>
        <time>2019-10-29T07:55:27.000Z</time>
      </trkpt>
      <trkpt lat="30.488853" lon="79.186764">
        <ele>2534.227</ele>
        <time>2019-10-29T07:55:39.000Z</time>
      </trkpt>
      <trkpt lat="30.488823" lon="79.186723">
        <ele>2532.728</ele>
        <time>2019-10-29T07:55:53.000Z</time>
      </trkpt>
      <trkpt lat="30.48879" lon="79.186684">
        <ele>2534.014</ele>
        <time>2019-10-29T07:56:03.000Z</time>
      </trkpt>
      <trkpt lat="30.488752" lon="79.18665">
        <ele>2534.89</ele>
        <time>2019-10-29T07:56:13.000Z</time>
      </trkpt>
      <trkpt lat="30.488726" lon="79.186606">
        <ele>2534.142</ele>
        <time>2019-10-29T07:56:26.000Z</time>
      </trkpt>
      <trkpt lat="30.488679" lon="79.186601">
        <ele>2536.022</ele>
        <time>2019-10-29T07:56:35.000Z</time>
      </trkpt>
      <trkpt lat="30.488641" lon="79.186567">
        <ele>2534.714</ele>
        <time>2019-10-29T07:56:49.000Z</time>
      </trkpt>
      <trkpt lat="30.488601" lon="79.186542">
        <ele>2533.908</ele>
        <time>2019-10-29T07:57:00.000Z</time>
      </trkpt>
      <trkpt lat="30.488559" lon="79.186524">
        <ele>2534.238</ele>
        <time>2019-10-29T07:57:06.000Z</time>
      </trkpt>
      <trkpt lat="30.488507" lon="79.186504">
        <ele>2533.127</ele>
        <time>2019-10-29T07:57:11.000Z</time>
      </trkpt>
      <trkpt lat="30.488458" lon="79.186496">
        <ele>2532.527</ele>
        <time>2019-10-29T07:57:16.000Z</time>
      </trkpt>
      <trkpt lat="30.48841" lon="79.186477">
        <ele>2531.853</ele>
        <time>2019-10-29T07:57:22.000Z</time>
      </trkpt>
      <trkpt lat="30.488364" lon="79.186496">
        <ele>2531.398</ele>
        <time>2019-10-29T07:57:32.000Z</time>
      </trkpt>
      <trkpt lat="30.488318" lon="79.186497">
        <ele>2531.299</ele>
        <time>2019-10-29T07:57:46.000Z</time>
      </trkpt>
      <trkpt lat="30.488271" lon="79.186495">
        <ele>2533.095</ele>
        <time>2019-10-29T07:57:59.000Z</time>
      </trkpt>
      <trkpt lat="30.488219" lon="79.186508">
        <ele>2535.721</ele>
        <time>2019-10-29T07:58:10.000Z</time>
      </trkpt>
      <trkpt lat="30.488173" lon="79.186521">
        <ele>2534.379</ele>
        <time>2019-10-29T07:58:17.000Z</time>
      </trkpt>
      <trkpt lat="30.488127" lon="79.186515">
        <ele>2534.305</ele>
        <time>2019-10-29T07:58:27.000Z</time>
      </trkpt>
      <trkpt lat="30.488083" lon="79.186496">
        <ele>2535.325</ele>
        <time>2019-10-29T07:58:42.000Z</time>
      </trkpt>
      <trkpt lat="30.48804" lon="79.18647">
        <ele>2536.208</ele>
        <time>2019-10-29T07:58:58.000Z</time>
      </trkpt>
      <trkpt lat="30.487996" lon="79.186455">
        <ele>2536.411</ele>
        <time>2019-10-29T07:59:07.000Z</time>
      </trkpt>
      <trkpt lat="30.487954" lon="79.186435">
        <ele>2535.27</ele>
        <time>2019-10-29T07:59:17.000Z</time>
      </trkpt>
      <trkpt lat="30.48791" lon="79.186464">
        <ele>2535.28</ele>
        <time>2019-10-29T07:59:28.000Z</time>
      </trkpt>
      <trkpt lat="30.487874" lon="79.186507">
        <ele>2535.636</ele>
        <time>2019-10-29T07:59:43.000Z</time>
      </trkpt>
      <trkpt lat="30.487823" lon="79.186517">
        <ele>2536.871</ele>
        <time>2019-10-29T07:59:51.000Z</time>
      </trkpt>
      <trkpt lat="30.487774" lon="79.186539">
        <ele>2537.612</ele>
        <time>2019-10-29T08:00:01.000Z</time>
      </trkpt>
      <trkpt lat="30.487724" lon="79.186533">
        <ele>2539.238</ele>
        <time>2019-10-29T08:00:10.000Z</time>
      </trkpt>
      <trkpt lat="30.487672" lon="79.186537">
        <ele>2538.424</ele>
        <time>2019-10-29T08:00:16.000Z</time>
      </trkpt>
      <trkpt lat="30.487625" lon="79.186542">
        <ele>2543.776</ele>
        <time>2019-10-29T08:00:31.000Z</time>
      </trkpt>
      <trkpt lat="30.487574" lon="79.186553">
        <ele>2543.59</ele>
        <time>2019-10-29T08:00:37.000Z</time>
      </trkpt>
      <trkpt lat="30.487566" lon="79.186605">
        <ele>2541.119</ele>
        <time>2019-10-29T08:00:56.000Z</time>
      </trkpt>
      <trkpt lat="30.487523" lon="79.186639">
        <ele>2538.108</ele>
        <time>2019-10-29T08:01:14.000Z</time>
      </trkpt>
      <trkpt lat="30.487487" lon="79.186674">
        <ele>2540.731</ele>
        <time>2019-10-29T08:02:15.000Z</time>
      </trkpt>
      <trkpt lat="30.487441" lon="79.186689">
        <ele>2543.77</ele>
        <time>2019-10-29T08:02:36.000Z</time>
      </trkpt>
      <trkpt lat="30.487393" lon="79.186688">
        <ele>2544.52</ele>
        <time>2019-10-29T08:02:49.000Z</time>
      </trkpt>
      <trkpt lat="30.487346" lon="79.186706">
        <ele>2541.436</ele>
        <time>2019-10-29T08:03:00.000Z</time>
      </trkpt>
      <trkpt lat="30.487318" lon="79.186749">
        <ele>2538.491</ele>
        <time>2019-10-29T08:03:10.000Z</time>
      </trkpt>
      <trkpt lat="30.487291" lon="79.186793">
        <ele>2535.512</ele>
        <time>2019-10-29T08:03:28.000Z</time>
      </trkpt>
      <trkpt lat="30.487245" lon="79.186797">
        <ele>2536.368</ele>
        <time>2019-10-29T08:03:47.000Z</time>
      </trkpt>
      <trkpt lat="30.487196" lon="79.186816">
        <ele>2537.114</ele>
        <time>2019-10-29T08:03:57.000Z</time>
      </trkpt>
      <trkpt lat="30.487139" lon="79.186812">
        <ele>2540.715</ele>
        <time>2019-10-29T08:04:30.000Z</time>
      </trkpt>
      <trkpt lat="30.487098" lon="79.186849">
        <ele>2538.965</ele>
        <time>2019-10-29T08:04:50.000Z</time>
      </trkpt>
      <trkpt lat="30.487047" lon="79.186866">
        <ele>2544.311</ele>
        <time>2019-10-29T08:05:06.000Z</time>
      </trkpt>
      <trkpt lat="30.487004" lon="79.186901">
        <ele>2542.708</ele>
        <time>2019-10-29T08:05:12.000Z</time>
      </trkpt>
      <trkpt lat="30.486965" lon="79.186934">
        <ele>2539.885</ele>
        <time>2019-10-29T08:05:21.000Z</time>
      </trkpt>
      <trkpt lat="30.486969" lon="79.186876">
        <ele>2541.934</ele>
        <time>2019-10-29T08:05:33.000Z</time>
      </trkpt>
      <trkpt lat="30.486975" lon="79.186937">
        <ele>2540.464</ele>
        <time>2019-10-29T08:05:40.000Z</time>
      </trkpt>
      <trkpt lat="30.48696" lon="79.186995">
        <ele>2539.14</ele>
        <time>2019-10-29T08:05:45.000Z</time>
      </trkpt>
      <trkpt lat="30.486926" lon="79.18703">
        <ele>2538.845</ele>
        <time>2019-10-29T08:05:53.000Z</time>
      </trkpt>
      <trkpt lat="30.486884" lon="79.187049">
        <ele>2537.656</ele>
        <time>2019-10-29T08:06:05.000Z</time>
      </trkpt>
      <trkpt lat="30.486838" lon="79.18706">
        <ele>2535.052</ele>
        <time>2019-10-29T08:06:20.000Z</time>
      </trkpt>
      <trkpt lat="30.48682" lon="79.187108">
        <ele>2532.818</ele>
        <time>2019-10-29T08:06:34.000Z</time>
      </trkpt>
      <trkpt lat="30.486787" lon="79.187146">
        <ele>2531.617</ele>
        <time>2019-10-29T08:06:46.000Z</time>
      </trkpt>
      <trkpt lat="30.48677" lon="79.187197">
        <ele>2530.187</ele>
        <time>2019-10-29T08:06:56.000Z</time>
      </trkpt>
      <trkpt lat="30.48674" lon="79.187238">
        <ele>2530.315</ele>
        <time>2019-10-29T08:07:06.000Z</time>
      </trkpt>
      <trkpt lat="30.486718" lon="79.187284">
        <ele>2527.308</ele>
        <time>2019-10-29T08:07:19.000Z</time>
      </trkpt>
      <trkpt lat="30.486687" lon="79.18733">
        <ele>2528.485</ele>
        <time>2019-10-29T08:07:32.000Z</time>
      </trkpt>
      <trkpt lat="30.486662" lon="79.187376">
        <ele>2528.284</ele>
        <time>2019-10-29T08:07:40.000Z</time>
      </trkpt>
      <trkpt lat="30.48664" lon="79.187424">
        <ele>2529.464</ele>
        <time>2019-10-29T08:07:47.000Z</time>
      </trkpt>
      <trkpt lat="30.486626" lon="79.187475">
        <ele>2530.45</ele>
        <time>2019-10-29T08:07:58.000Z</time>
      </trkpt>
      <trkpt lat="30.486588" lon="79.187504">
        <ele>2529.575</ele>
        <time>2019-10-29T08:08:32.000Z</time>
      </trkpt>
      <trkpt lat="30.486544" lon="79.187523">
        <ele>2532.676</ele>
        <time>2019-10-29T08:09:43.000Z</time>
      </trkpt>
      <trkpt lat="30.486517" lon="79.187566">
        <ele>2533.742</ele>
        <time>2019-10-29T08:10:01.000Z</time>
      </trkpt>
      <trkpt lat="30.486468" lon="79.187553">
        <ele>2530.758</ele>
        <time>2019-10-29T08:10:29.000Z</time>
      </trkpt>
      <trkpt lat="30.486466" lon="79.187491">
        <ele>2542.974</ele>
        <time>2019-10-29T08:10:56.000Z</time>
      </trkpt>
      <trkpt lat="30.486424" lon="79.187458">
        <ele>2540.856</ele>
        <time>2019-10-29T08:11:44.000Z</time>
      </trkpt>
      <trkpt lat="30.486385" lon="79.187485">
        <ele>2541.121</ele>
        <time>2019-10-29T08:12:26.000Z</time>
      </trkpt>
      <trkpt lat="30.48639" lon="79.187539">
        <ele>2540.908</ele>
        <time>2019-10-29T08:12:50.000Z</time>
      </trkpt>
      <trkpt lat="30.486391" lon="79.187597">
        <ele>2541.241</ele>
        <time>2019-10-29T08:12:58.000Z</time>
      </trkpt>
      <trkpt lat="30.486361" lon="79.187644">
        <ele>2539.75</ele>
        <time>2019-10-29T08:13:13.000Z</time>
      </trkpt>
      <trkpt lat="30.486316" lon="79.187634">
        <ele>2545.42</ele>
        <time>2019-10-29T08:14:00.000Z</time>
      </trkpt>
      <trkpt lat="30.486282" lon="79.187596">
        <ele>2542.226</ele>
        <time>2019-10-29T08:14:45.000Z</time>
      </trkpt>
      <trkpt lat="30.48629" lon="79.187544">
        <ele>2542.791</ele>
        <time>2019-10-29T08:14:59.000Z</time>
      </trkpt>
      <trkpt lat="30.486302" lon="79.187493">
        <ele>2541.642</ele>
        <time>2019-10-29T08:15:11.000Z</time>
      </trkpt>
      <trkpt lat="30.486349" lon="79.187474">
        <ele>2542.588</ele>
        <time>2019-10-29T08:15:19.000Z</time>
      </trkpt>
      <trkpt lat="30.486306" lon="79.187446">
        <ele>2545.824</ele>
        <time>2019-10-29T08:15:35.000Z</time>
      </trkpt>
      <trkpt lat="30.486294" lon="79.187395">
        <ele>2544.983</ele>
        <time>2019-10-29T08:15:46.000Z</time>
      </trkpt>
      <trkpt lat="30.486299" lon="79.187341">
        <ele>2544.725</ele>
        <time>2019-10-29T08:15:58.000Z</time>
      </trkpt>
      <trkpt lat="30.48628" lon="79.187288">
        <ele>2540.517</ele>
        <time>2019-10-29T08:16:13.000Z</time>
      </trkpt>
      <trkpt lat="30.486248" lon="79.187249">
        <ele>2541.608</ele>
        <time>2019-10-29T08:16:30.000Z</time>
      </trkpt>
      <trkpt lat="30.486233" lon="79.187194">
        <ele>2543.332</ele>
        <time>2019-10-29T08:16:40.000Z</time>
      </trkpt>
      <trkpt lat="30.486209" lon="79.187148">
        <ele>2542.771</ele>
        <time>2019-10-29T08:16:48.000Z</time>
      </trkpt>
      <trkpt lat="30.486163" lon="79.187132">
        <ele>2546.471</ele>
        <time>2019-10-29T08:16:59.000Z</time>
      </trkpt>
      <trkpt lat="30.486114" lon="79.187127">
        <ele>2547.977</ele>
        <time>2019-10-29T08:17:12.000Z</time>
      </trkpt>
      <trkpt lat="30.486095" lon="79.187077">
        <ele>2551.572</ele>
        <time>2019-10-29T08:17:59.000Z</time>
      </trkpt>
      <trkpt lat="30.486067" lon="79.187028">
        <ele>2543.463</ele>
        <time>2019-10-29T08:20:33.000Z</time>
      </trkpt>
      <trkpt lat="30.486037" lon="79.186988">
        <ele>2544.139</ele>
        <time>2019-10-29T08:20:41.000Z</time>
      </trkpt>
      <trkpt lat="30.486033" lon="79.186931">
        <ele>2543.625</ele>
        <time>2019-10-29T08:20:54.000Z</time>
      </trkpt>
      <trkpt lat="30.486045" lon="79.186879">
        <ele>2543.751</ele>
        <time>2019-10-29T08:21:02.000Z</time>
      </trkpt>
      <trkpt lat="30.486045" lon="79.186821">
        <ele>2546.401</ele>
        <time>2019-10-29T08:21:28.000Z</time>
      </trkpt>
      <trkpt lat="30.486068" lon="79.186775">
        <ele>2547.411</ele>
        <time>2019-10-29T08:21:45.000Z</time>
      </trkpt>
      <trkpt lat="30.486078" lon="79.186721">
        <ele>2545.408</ele>
        <time>2019-10-29T08:21:52.000Z</time>
      </trkpt>
      <trkpt lat="30.486094" lon="79.186671">
        <ele>2543.429</ele>
        <time>2019-10-29T08:22:07.000Z</time>
      </trkpt>
      <trkpt lat="30.486111" lon="79.186618">
        <ele>2544.048</ele>
        <time>2019-10-29T08:22:15.000Z</time>
      </trkpt>
      <trkpt lat="30.486101" lon="79.186565">
        <ele>2544.368</ele>
        <time>2019-10-29T08:22:29.000Z</time>
      </trkpt>
      <trkpt lat="30.486074" lon="79.186515">
        <ele>2546.274</ele>
        <time>2019-10-29T08:22:56.000Z</time>
      </trkpt>
      <trkpt lat="30.486028" lon="79.186505">
        <ele>2547.479</ele>
        <time>2019-10-29T08:23:15.000Z</time>
      </trkpt>
      <trkpt lat="30.485983" lon="79.186507">
        <ele>2548.27</ele>
        <time>2019-10-29T08:23:23.000Z</time>
      </trkpt>
      <trkpt lat="30.485938" lon="79.186495">
        <ele>2548.766</ele>
        <time>2019-10-29T08:23:32.000Z</time>
      </trkpt>
      <trkpt lat="30.485891" lon="79.186496">
        <ele>2550.222</ele>
        <time>2019-10-29T08:23:41.000Z</time>
      </trkpt>
      <trkpt lat="30.485846" lon="79.186503">
        <ele>2551.516</ele>
        <time>2019-10-29T08:23:49.000Z</time>
      </trkpt>
      <trkpt lat="30.485802" lon="79.186482">
        <ele>2553.876</ele>
        <time>2019-10-29T08:23:59.000Z</time>
      </trkpt>
      <trkpt lat="30.485755" lon="79.186479">
        <ele>2554.413</ele>
        <time>2019-10-29T08:24:11.000Z</time>
      </trkpt>
      <trkpt lat="30.485704" lon="79.186477">
        <ele>2554.108</ele>
        <time>2019-10-29T08:25:02.000Z</time>
      </trkpt>
      <trkpt lat="30.485647" lon="79.186489">
        <ele>2555.955</ele>
        <time>2019-10-29T08:25:23.000Z</time>
      </trkpt>
      <trkpt lat="30.485629" lon="79.186439">
        <ele>2556.344</ele>
        <time>2019-10-29T08:27:08.000Z</time>
      </trkpt>
      <trkpt lat="30.485628" lon="79.186374">
        <ele>2553.074</ele>
        <time>2019-10-29T08:27:34.000Z</time>
      </trkpt>
      <trkpt lat="30.485598" lon="79.186331">
        <ele>2545.52</ele>
        <time>2019-10-29T08:28:26.000Z</time>
      </trkpt>
      <trkpt lat="30.485623" lon="79.186285">
        <ele>2550.725</ele>
        <time>2019-10-29T08:28:41.000Z</time>
      </trkpt>
      <trkpt lat="30.48558" lon="79.186259">
        <ele>2556.066</ele>
        <time>2019-10-29T08:29:31.000Z</time>
      </trkpt>
      <trkpt lat="30.485559" lon="79.186209">
        <ele>2556.512</ele>
        <time>2019-10-29T08:29:57.000Z</time>
      </trkpt>
      <trkpt lat="30.485551" lon="79.186154">
        <ele>2560.118</ele>
        <time>2019-10-29T08:30:08.000Z</time>
      </trkpt>
      <trkpt lat="30.485527" lon="79.186106">
        <ele>2562.577</ele>
        <time>2019-10-29T08:30:15.000Z</time>
      </trkpt>
      <trkpt lat="30.485515" lon="79.186052">
        <ele>2562.761</ele>
        <time>2019-10-29T08:30:21.000Z</time>
      </trkpt>
      <trkpt lat="30.485512" lon="79.185997">
        <ele>2562.827</ele>
        <time>2019-10-29T08:30:27.000Z</time>
      </trkpt>
      <trkpt lat="30.485505" lon="79.185939">
        <ele>2564.408</ele>
        <time>2019-10-29T08:30:35.000Z</time>
      </trkpt>
      <trkpt lat="30.485503" lon="79.185881">
        <ele>2564.431</ele>
        <time>2019-10-29T08:30:43.000Z</time>
      </trkpt>
      <trkpt lat="30.485482" lon="79.185829">
        <ele>2564.91</ele>
        <time>2019-10-29T08:30:51.000Z</time>
      </trkpt>
      <trkpt lat="30.48549" lon="79.185774">
        <ele>2561.59</ele>
        <time>2019-10-29T08:33:40.000Z</time>
      </trkpt>
      <trkpt lat="30.485499" lon="79.185719">
        <ele>2561.146</ele>
        <time>2019-10-29T08:33:57.000Z</time>
      </trkpt>
      <trkpt lat="30.485493" lon="79.185662">
        <ele>2559.961</ele>
        <time>2019-10-29T08:34:07.000Z</time>
      </trkpt>
      <trkpt lat="30.4855" lon="79.185602">
        <ele>2559.992</ele>
        <time>2019-10-29T08:34:14.000Z</time>
      </trkpt>
      <trkpt lat="30.485486" lon="79.185552">
        <ele>2560.798</ele>
        <time>2019-10-29T08:34:20.000Z</time>
      </trkpt>
      <trkpt lat="30.485464" lon="79.185503">
        <ele>2561.094</ele>
        <time>2019-10-29T08:34:27.000Z</time>
      </trkpt>
      <trkpt lat="30.485434" lon="79.185457">
        <ele>2562.685</ele>
        <time>2019-10-29T08:34:33.000Z</time>
      </trkpt>
      <trkpt lat="30.485413" lon="79.185401">
        <ele>2562.189</ele>
        <time>2019-10-29T08:34:39.000Z</time>
      </trkpt>
      <trkpt lat="30.485405" lon="79.185348">
        <ele>2561.517</ele>
        <time>2019-10-29T08:34:45.000Z</time>
      </trkpt>
      <trkpt lat="30.485378" lon="79.185301">
        <ele>2561.308</ele>
        <time>2019-10-29T08:34:52.000Z</time>
      </trkpt>
      <trkpt lat="30.485351" lon="79.185252">
        <ele>2560.892</ele>
        <time>2019-10-29T08:34:59.000Z</time>
      </trkpt>
      <trkpt lat="30.48533" lon="79.185204">
        <ele>2560.411</ele>
        <time>2019-10-29T08:35:05.000Z</time>
      </trkpt>
      <trkpt lat="30.4853" lon="79.185155">
        <ele>2560.341</ele>
        <time>2019-10-29T08:35:11.000Z</time>
      </trkpt>
      <trkpt lat="30.485267" lon="79.185115">
        <ele>2560.057</ele>
        <time>2019-10-29T08:35:16.000Z</time>
      </trkpt>
      <trkpt lat="30.485242" lon="79.18507">
        <ele>2560.392</ele>
        <time>2019-10-29T08:35:24.000Z</time>
      </trkpt>
      <trkpt lat="30.485222" lon="79.18502">
        <ele>2562.593</ele>
        <time>2019-10-29T08:35:32.000Z</time>
      </trkpt>
      <trkpt lat="30.48518" lon="79.184985">
        <ele>2563.549</ele>
        <time>2019-10-29T08:35:40.000Z</time>
      </trkpt>
      <trkpt lat="30.485142" lon="79.184956">
        <ele>2563.875</ele>
        <time>2019-10-29T08:35:47.000Z</time>
      </trkpt>
      <trkpt lat="30.485109" lon="79.184913">
        <ele>2563.671</ele>
        <time>2019-10-29T08:35:53.000Z</time>
      </trkpt>
      <trkpt lat="30.485072" lon="79.184883">
        <ele>2564.441</ele>
        <time>2019-10-29T08:35:59.000Z</time>
      </trkpt>
      <trkpt lat="30.485033" lon="79.184842">
        <ele>2563.515</ele>
        <time>2019-10-29T08:36:05.000Z</time>
      </trkpt>
      <trkpt lat="30.485003" lon="79.184797">
        <ele>2562.408</ele>
        <time>2019-10-29T08:36:14.000Z</time>
      </trkpt>
      <trkpt lat="30.484977" lon="79.184749">
        <ele>2561.571</ele>
        <time>2019-10-29T08:36:26.000Z</time>
      </trkpt>
      <trkpt lat="30.484937" lon="79.184722">
        <ele>2562.86</ele>
        <time>2019-10-29T08:36:33.000Z</time>
      </trkpt>
      <trkpt lat="30.484889" lon="79.184697">
        <ele>2562.63</ele>
        <time>2019-10-29T08:36:41.000Z</time>
      </trkpt>
      <trkpt lat="30.484841" lon="79.184671">
        <ele>2562.486</ele>
        <time>2019-10-29T08:36:50.000Z</time>
      </trkpt>
      <trkpt lat="30.484802" lon="79.184637">
        <ele>2561.621</ele>
        <time>2019-10-29T08:36:57.000Z</time>
      </trkpt>
      <trkpt lat="30.484766" lon="79.184599">
        <ele>2562.242</ele>
        <time>2019-10-29T08:37:08.000Z</time>
      </trkpt>
      <trkpt lat="30.484718" lon="79.184594">
        <ele>2562.298</ele>
        <time>2019-10-29T08:37:19.000Z</time>
      </trkpt>
      <trkpt lat="30.484679" lon="79.184631">
        <ele>2560.634</ele>
        <time>2019-10-29T08:37:40.000Z</time>
      </trkpt>
      <trkpt lat="30.484642" lon="79.184661">
        <ele>2558.629</ele>
        <time>2019-10-29T08:37:54.000Z</time>
      </trkpt>
      <trkpt lat="30.484586" lon="79.184652">
        <ele>2555.6</ele>
        <time>2019-10-29T08:38:38.000Z</time>
      </trkpt>
      <trkpt lat="30.48454" lon="79.184652">
        <ele>2556.02</ele>
        <time>2019-10-29T08:38:46.000Z</time>
      </trkpt>
      <trkpt lat="30.484494" lon="79.18466">
        <ele>2557.508</ele>
        <time>2019-10-29T08:38:57.000Z</time>
      </trkpt>
      <trkpt lat="30.484454" lon="79.184633">
        <ele>2558.696</ele>
        <time>2019-10-29T08:39:18.000Z</time>
      </trkpt>
      <trkpt lat="30.484455" lon="79.184579">
        <ele>2560.155</ele>
        <time>2019-10-29T08:39:26.000Z</time>
      </trkpt>
      <trkpt lat="30.484421" lon="79.18454">
        <ele>2558.665</ele>
        <time>2019-10-29T08:39:43.000Z</time>
      </trkpt>
      <trkpt lat="30.484407" lon="79.184489">
        <ele>2561.431</ele>
        <time>2019-10-29T08:40:03.000Z</time>
      </trkpt>
      <trkpt lat="30.484402" lon="79.184433">
        <ele>2561.886</ele>
        <time>2019-10-29T08:40:20.000Z</time>
      </trkpt>
      <trkpt lat="30.484414" lon="79.184381">
        <ele>2565.137</ele>
        <time>2019-10-29T08:40:33.000Z</time>
      </trkpt>
      <trkpt lat="30.484401" lon="79.184325">
        <ele>2563.543</ele>
        <time>2019-10-29T08:40:42.000Z</time>
      </trkpt>
      <trkpt lat="30.484381" lon="79.184277">
        <ele>2563.659</ele>
        <time>2019-10-29T08:40:50.000Z</time>
      </trkpt>
      <trkpt lat="30.484351" lon="79.184228">
        <ele>2562.644</ele>
        <time>2019-10-29T08:40:58.000Z</time>
      </trkpt>
      <trkpt lat="30.484332" lon="79.184175">
        <ele>2563.205</ele>
        <time>2019-10-29T08:41:16.000Z</time>
      </trkpt>
      <trkpt lat="30.484309" lon="79.184123">
        <ele>2563.815</ele>
        <time>2019-10-29T08:41:37.000Z</time>
      </trkpt>
      <trkpt lat="30.484269" lon="79.184092">
        <ele>2564.308</ele>
        <time>2019-10-29T08:41:45.000Z</time>
      </trkpt>
      <trkpt lat="30.484235" lon="79.184052">
        <ele>2563.948</ele>
        <time>2019-10-29T08:42:00.000Z</time>
      </trkpt>
      <trkpt lat="30.484253" lon="79.184004">
        <ele>2565.457</ele>
        <time>2019-10-29T08:42:26.000Z</time>
      </trkpt>
      <trkpt lat="30.484271" lon="79.183955">
        <ele>2566.587</ele>
        <time>2019-10-29T08:42:50.000Z</time>
      </trkpt>
      <trkpt lat="30.484255" lon="79.183906">
        <ele>2568.693</ele>
        <time>2019-10-29T08:43:12.000Z</time>
      </trkpt>
      <trkpt lat="30.48427" lon="79.183849">
        <ele>2568.478</ele>
        <time>2019-10-29T08:43:25.000Z</time>
      </trkpt>
      <trkpt lat="30.484253" lon="79.183799">
        <ele>2571.449</ele>
        <time>2019-10-29T08:43:45.000Z</time>
      </trkpt>
      <trkpt lat="30.484279" lon="79.183756">
        <ele>2573.095</ele>
        <time>2019-10-29T08:44:04.000Z</time>
      </trkpt>
      <trkpt lat="30.484278" lon="79.183701">
        <ele>2573.651</ele>
        <time>2019-10-29T08:46:17.000Z</time>
      </trkpt>
      <trkpt lat="30.484263" lon="79.183639">
        <ele>2571.555</ele>
        <time>2019-10-29T08:46:34.000Z</time>
      </trkpt>
      <trkpt lat="30.484225" lon="79.183606">
        <ele>2573.507</ele>
        <time>2019-10-29T08:46:58.000Z</time>
      </trkpt>
      <trkpt lat="30.48419" lon="79.183568">
        <ele>2572.717</ele>
        <time>2019-10-29T08:49:13.000Z</time>
      </trkpt>
      <trkpt lat="30.484161" lon="79.183527">
        <ele>2572.808</ele>
        <time>2019-10-29T08:49:27.000Z</time>
      </trkpt>
      <trkpt lat="30.484133" lon="79.183485">
        <ele>2574.529</ele>
        <time>2019-10-29T08:49:53.000Z</time>
      </trkpt>
      <trkpt lat="30.484097" lon="79.183446">
        <ele>2572.638</ele>
        <time>2019-10-29T08:52:36.000Z</time>
      </trkpt>
      <trkpt lat="30.484052" lon="79.183426">
        <ele>2573.088</ele>
        <time>2019-10-29T08:52:45.000Z</time>
      </trkpt>
      <trkpt lat="30.484008" lon="79.183402">
        <ele>2572.124</ele>
        <time>2019-10-29T08:52:52.000Z</time>
      </trkpt>
      <trkpt lat="30.483964" lon="79.183367">
        <ele>2572.319</ele>
        <time>2019-10-29T08:52:58.000Z</time>
      </trkpt>
      <trkpt lat="30.483928" lon="79.183323">
        <ele>2572.39</ele>
        <time>2019-10-29T08:53:04.000Z</time>
      </trkpt>
      <trkpt lat="30.483888" lon="79.183299">
        <ele>2572.266</ele>
        <time>2019-10-29T08:53:10.000Z</time>
      </trkpt>
      <trkpt lat="30.48384" lon="79.183285">
        <ele>2571.772</ele>
        <time>2019-10-29T08:53:35.000Z</time>
      </trkpt>
      <trkpt lat="30.483792" lon="79.183297">
        <ele>2571.112</ele>
        <time>2019-10-29T08:53:56.000Z</time>
      </trkpt>
      <trkpt lat="30.483746" lon="79.18329">
        <ele>2570.732</ele>
        <time>2019-10-29T08:54:04.000Z</time>
      </trkpt>
      <trkpt lat="30.483695" lon="79.183297">
        <ele>2570.505</ele>
        <time>2019-10-29T08:54:24.000Z</time>
      </trkpt>
      <trkpt lat="30.483653" lon="79.183267">
        <ele>2569.508</ele>
        <time>2019-10-29T08:54:30.000Z</time>
      </trkpt>
      <trkpt lat="30.483615" lon="79.183233">
        <ele>2569.135</ele>
        <time>2019-10-29T08:54:38.000Z</time>
      </trkpt>
      <trkpt lat="30.483582" lon="79.183195">
        <ele>2569.184</ele>
        <time>2019-10-29T08:55:24.000Z</time>
      </trkpt>
      <trkpt lat="30.483544" lon="79.183161">
        <ele>2568.814</ele>
        <time>2019-10-29T08:55:34.000Z</time>
      </trkpt>
      <trkpt lat="30.483538" lon="79.183105">
        <ele>2569.72</ele>
        <time>2019-10-29T08:55:42.000Z</time>
      </trkpt>
      <trkpt lat="30.483535" lon="79.183052">
        <ele>2567.775</ele>
        <time>2019-10-29T08:56:22.000Z</time>
      </trkpt>
      <trkpt lat="30.483508" lon="79.183004">
        <ele>2568.366</ele>
        <time>2019-10-29T08:56:30.000Z</time>
      </trkpt>
      <trkpt lat="30.483484" lon="79.182952">
        <ele>2568.842</ele>
        <time>2019-10-29T08:56:38.000Z</time>
      </trkpt>
      <trkpt lat="30.483469" lon="79.182902">
        <ele>2568.668</ele>
        <time>2019-10-29T08:56:44.000Z</time>
      </trkpt>
      <trkpt lat="30.483439" lon="79.182858">
        <ele>2569.154</ele>
        <time>2019-10-29T08:56:51.000Z</time>
      </trkpt>
      <trkpt lat="30.483409" lon="79.182814">
        <ele>2570.256</ele>
        <time>2019-10-29T08:57:01.000Z</time>
      </trkpt>
      <trkpt lat="30.483383" lon="79.182767">
        <ele>2572.611</ele>
        <time>2019-10-29T08:57:11.000Z</time>
      </trkpt>
      <trkpt lat="30.483352" lon="79.182722">
        <ele>2572.808</ele>
        <time>2019-10-29T08:57:19.000Z</time>
      </trkpt>
      <trkpt lat="30.483333" lon="79.182671">
        <ele>2573.239</ele>
        <time>2019-10-29T08:57:27.000Z</time>
      </trkpt>
      <trkpt lat="30.483316" lon="79.182622">
        <ele>2573.188</ele>
        <time>2019-10-29T08:57:34.000Z</time>
      </trkpt>
      <trkpt lat="30.483284" lon="79.182575">
        <ele>2573.658</ele>
        <time>2019-10-29T08:57:42.000Z</time>
      </trkpt>
      <trkpt lat="30.483243" lon="79.182548">
        <ele>2575.434</ele>
        <time>2019-10-29T08:57:49.000Z</time>
      </trkpt>
      <trkpt lat="30.483202" lon="79.182513">
        <ele>2575.749</ele>
        <time>2019-10-29T08:58:01.000Z</time>
      </trkpt>
      <trkpt lat="30.483188" lon="79.182462">
        <ele>2574.45</ele>
        <time>2019-10-29T08:58:08.000Z</time>
      </trkpt>
      <trkpt lat="30.483171" lon="79.182409">
        <ele>2574.646</ele>
        <time>2019-10-29T08:58:17.000Z</time>
      </trkpt>
      <trkpt lat="30.483144" lon="79.182365">
        <ele>2575.022</ele>
        <time>2019-10-29T08:58:25.000Z</time>
      </trkpt>
      <trkpt lat="30.483108" lon="79.182324">
        <ele>2574.754</ele>
        <time>2019-10-29T08:58:33.000Z</time>
      </trkpt>
      <trkpt lat="30.483072" lon="79.182292">
        <ele>2575.456</ele>
        <time>2019-10-29T08:58:43.000Z</time>
      </trkpt>
      <trkpt lat="30.483036" lon="79.182257">
        <ele>2577.511</ele>
        <time>2019-10-29T09:00:16.000Z</time>
      </trkpt>
      <trkpt lat="30.483071" lon="79.182213">
        <ele>2576.708</ele>
        <time>2019-10-29T09:00:31.000Z</time>
      </trkpt>
      <trkpt lat="30.483058" lon="79.18216">
        <ele>2575.399</ele>
        <time>2019-10-29T09:00:40.000Z</time>
      </trkpt>
      <trkpt lat="30.48304" lon="79.18211">
        <ele>2575.048</ele>
        <time>2019-10-29T09:00:46.000Z</time>
      </trkpt>
      <trkpt lat="30.483026" lon="79.182055">
        <ele>2574.758</ele>
        <time>2019-10-29T09:01:03.000Z</time>
      </trkpt>
      <trkpt lat="30.482996" lon="79.182012">
        <ele>2574.664</ele>
        <time>2019-10-29T09:01:10.000Z</time>
      </trkpt>
      <trkpt lat="30.482955" lon="79.181982">
        <ele>2575.349</ele>
        <time>2019-10-29T09:01:18.000Z</time>
      </trkpt>
      <trkpt lat="30.482919" lon="79.181946">
        <ele>2575.86</ele>
        <time>2019-10-29T09:01:24.000Z</time>
      </trkpt>
      <trkpt lat="30.48291" lon="79.181893">
        <ele>2575.796</ele>
        <time>2019-10-29T09:01:35.000Z</time>
      </trkpt>
      <trkpt lat="30.482949" lon="79.181865">
        <ele>2573.342</ele>
        <time>2019-10-29T09:02:25.000Z</time>
      </trkpt>
      <trkpt lat="30.482959" lon="79.181813">
        <ele>2573.211</ele>
        <time>2019-10-29T09:02:57.000Z</time>
      </trkpt>
      <trkpt lat="30.482988" lon="79.18177">
        <ele>2575.621</ele>
        <time>2019-10-29T09:04:04.000Z</time>
      </trkpt>
      <trkpt lat="30.483018" lon="79.18173">
        <ele>2576.803</ele>
        <time>2019-10-29T09:04:11.000Z</time>
      </trkpt>
      <trkpt lat="30.483054" lon="79.18169">
        <ele>2575.908</ele>
        <time>2019-10-29T09:04:17.000Z</time>
      </trkpt>
      <trkpt lat="30.483093" lon="79.181653">
        <ele>2576.775</ele>
        <time>2019-10-29T09:04:24.000Z</time>
      </trkpt>
      <trkpt lat="30.483118" lon="79.181603">
        <ele>2577.264</ele>
        <time>2019-10-29T09:04:31.000Z</time>
      </trkpt>
      <trkpt lat="30.483121" lon="79.181551">
        <ele>2578.614</ele>
        <time>2019-10-29T09:04:39.000Z</time>
      </trkpt>
      <trkpt lat="30.483137" lon="79.1815">
        <ele>2579.06</ele>
        <time>2019-10-29T09:04:46.000Z</time>
      </trkpt>
      <trkpt lat="30.483138" lon="79.181447">
        <ele>2577.965</ele>
        <time>2019-10-29T09:04:59.000Z</time>
      </trkpt>
      <trkpt lat="30.483126" lon="79.181391">
        <ele>2577.656</ele>
        <time>2019-10-29T09:05:08.000Z</time>
      </trkpt>
      <trkpt lat="30.483112" lon="79.181339">
        <ele>2578.362</ele>
        <time>2019-10-29T09:05:16.000Z</time>
      </trkpt>
      <trkpt lat="30.483117" lon="79.181286">
        <ele>2580.088</ele>
        <time>2019-10-29T09:05:27.000Z</time>
      </trkpt>
      <trkpt lat="30.483098" lon="79.181236">
        <ele>2581.753</ele>
        <time>2019-10-29T09:06:01.000Z</time>
      </trkpt>
      <trkpt lat="30.48309" lon="79.181184">
        <ele>2581.904</ele>
        <time>2019-10-29T09:06:34.000Z</time>
      </trkpt>
      <trkpt lat="30.483093" lon="79.181129">
        <ele>2581.914</ele>
        <time>2019-10-29T09:06:43.000Z</time>
      </trkpt>
      <trkpt lat="30.48309" lon="79.181072">
        <ele>2581.208</ele>
        <time>2019-10-29T09:06:52.000Z</time>
      </trkpt>
      <trkpt lat="30.483092" lon="79.181019">
        <ele>2582.289</ele>
        <time>2019-10-29T09:07:03.000Z</time>
      </trkpt>
      <trkpt lat="30.483056" lon="79.180986">
        <ele>2582.128</ele>
        <time>2019-10-29T09:07:12.000Z</time>
      </trkpt>
      <trkpt lat="30.483053" lon="79.180933">
        <ele>2584.358</ele>
        <time>2019-10-29T09:07:45.000Z</time>
      </trkpt>
      <trkpt lat="30.483018" lon="79.1809">
        <ele>2586.214</ele>
        <time>2019-10-29T09:07:55.000Z</time>
      </trkpt>
      <trkpt lat="30.482975" lon="79.180874">
        <ele>2587.049</ele>
        <time>2019-10-29T09:08:11.000Z</time>
      </trkpt>
      <trkpt lat="30.482932" lon="79.180849">
        <ele>2587.43</ele>
        <time>2019-10-29T09:08:21.000Z</time>
      </trkpt>
      <trkpt lat="30.482899" lon="79.180811">
        <ele>2587.276</ele>
        <time>2019-10-29T09:08:37.000Z</time>
      </trkpt>
      <trkpt lat="30.482899" lon="79.180759">
        <ele>2586.932</ele>
        <time>2019-10-29T09:08:45.000Z</time>
      </trkpt>
      <trkpt lat="30.482893" lon="79.180707">
        <ele>2587.189</ele>
        <time>2019-10-29T09:08:53.000Z</time>
      </trkpt>
      <trkpt lat="30.482885" lon="79.180649">
        <ele>2587.306</ele>
        <time>2019-10-29T09:09:03.000Z</time>
      </trkpt>
      <trkpt lat="30.482877" lon="79.180596">
        <ele>2587.126</ele>
        <time>2019-10-29T09:09:15.000Z</time>
      </trkpt>
      <trkpt lat="30.482864" lon="79.180541">
        <ele>2586.908</ele>
        <time>2019-10-29T09:09:31.000Z</time>
      </trkpt>
      <trkpt lat="30.482866" lon="79.180487">
        <ele>2586.992</ele>
        <time>2019-10-29T09:09:40.000Z</time>
      </trkpt>
      <trkpt lat="30.482883" lon="79.180434">
        <ele>2586.011</ele>
        <time>2019-10-29T09:09:55.000Z</time>
      </trkpt>
      <trkpt lat="30.482862" lon="79.180387">
        <ele>2586.021</ele>
        <time>2019-10-29T09:10:03.000Z</time>
      </trkpt>
      <trkpt lat="30.482821" lon="79.180355">
        <ele>2587.597</ele>
        <time>2019-10-29T09:10:12.000Z</time>
      </trkpt>
      <trkpt lat="30.482789" lon="79.180311">
        <ele>2588.122</ele>
        <time>2019-10-29T09:10:23.000Z</time>
      </trkpt>
      <trkpt lat="30.482777" lon="79.180252">
        <ele>2588.073</ele>
        <time>2019-10-29T09:10:30.000Z</time>
      </trkpt>
      <trkpt lat="30.48274" lon="79.180221">
        <ele>2587.859</ele>
        <time>2019-10-29T09:10:37.000Z</time>
      </trkpt>
      <trkpt lat="30.482696" lon="79.180208">
        <ele>2588.095</ele>
        <time>2019-10-29T09:10:44.000Z</time>
      </trkpt>
      <trkpt lat="30.482665" lon="79.180162">
        <ele>2588.062</ele>
        <time>2019-10-29T09:10:52.000Z</time>
      </trkpt>
      <trkpt lat="30.48264" lon="79.180119">
        <ele>2590.783</ele>
        <time>2019-10-29T09:11:16.000Z</time>
      </trkpt>
      <trkpt lat="30.482603" lon="79.180079">
        <ele>2592.211</ele>
        <time>2019-10-29T09:11:25.000Z</time>
      </trkpt>
      <trkpt lat="30.482614" lon="79.180027">
        <ele>2592.108</ele>
        <time>2019-10-29T09:11:34.000Z</time>
      </trkpt>
      <trkpt lat="30.482586" lon="79.179981">
        <ele>2594.87</ele>
        <time>2019-10-29T09:11:52.000Z</time>
      </trkpt>
      <trkpt lat="30.482629" lon="79.179957">
        <ele>2595.889</ele>
        <time>2019-10-29T09:12:06.000Z</time>
      </trkpt>
      <trkpt lat="30.482677" lon="79.179952">
        <ele>2595.919</ele>
        <time>2019-10-29T09:12:12.000Z</time>
      </trkpt>
      <trkpt lat="30.482729" lon="79.179944">
        <ele>2595.065</ele>
        <time>2019-10-29T09:12:19.000Z</time>
      </trkpt>
      <trkpt lat="30.482772" lon="79.179926">
        <ele>2594.52</ele>
        <time>2019-10-29T09:12:24.000Z</time>
      </trkpt>
      <trkpt lat="30.482821" lon="79.179923">
        <ele>2594.421</ele>
        <time>2019-10-29T09:12:29.000Z</time>
      </trkpt>
      <trkpt lat="30.48287" lon="79.179926">
        <ele>2594.687</ele>
        <time>2019-10-29T09:12:34.000Z</time>
      </trkpt>
      <trkpt lat="30.48292" lon="79.179926">
        <ele>2592.893</ele>
        <time>2019-10-29T09:12:39.000Z</time>
      </trkpt>
      <trkpt lat="30.482493" lon="79.189973">
        <ele>2623.512</ele>
        <time>2019-10-29T22:09:56.000Z</time>
      </trkpt>
      <trkpt lat="30.482491" lon="79.19006">
        <ele>2622.432</ele>
        <time>2019-10-29T22:09:57.000Z</time>
      </trkpt>
      <trkpt lat="30.482476" lon="79.190121">
        <ele>2622.105</ele>
        <time>2019-10-29T22:09:58.000Z</time>
      </trkpt>
      <trkpt lat="30.482487" lon="79.190234">
        <ele>2621.408</ele>
        <time>2019-10-29T22:09:59.000Z</time>
      </trkpt>
      <trkpt lat="30.482485" lon="79.190305">
        <ele>2620.915</ele>
        <time>2019-10-29T22:10:00.000Z</time>
      </trkpt>
      <trkpt lat="30.482481" lon="79.190383">
        <ele>2622.254</ele>
        <time>2019-10-29T22:10:01.000Z</time>
      </trkpt>
      <trkpt lat="30.482461" lon="79.190495">
        <ele>2626.774</ele>
        <time>2019-10-29T22:10:02.000Z</time>
      </trkpt>
      <trkpt lat="30.482458" lon="79.190576">
        <ele>2664.76</ele>
        <time>2019-10-29T22:10:03.000Z</time>
      </trkpt>
      <trkpt lat="30.482448" lon="79.190663">
        <ele>2664.275</ele>
        <time>2019-10-29T22:10:04.000Z</time>
      </trkpt>
      <trkpt lat="30.482403" lon="79.190742">
        <ele>2666.626</ele>
        <time>2019-10-29T22:10:05.000Z</time>
      </trkpt>
      <trkpt lat="30.482373" lon="79.190827">
        <ele>2667.342</ele>
        <time>2019-10-29T22:10:06.000Z</time>
      </trkpt>
      <trkpt lat="30.48235" lon="79.190882">
        <ele>2667.328</ele>
        <time>2019-10-29T22:10:07.000Z</time>
      </trkpt>
      <trkpt lat="30.482309" lon="79.191012">
        <ele>2667.829</ele>
        <time>2019-10-29T22:10:08.000Z</time>
      </trkpt>
      <trkpt lat="30.482289" lon="79.191128">
        <ele>2666.9</ele>
        <time>2019-10-29T22:10:09.000Z</time>
      </trkpt>
      <trkpt lat="30.482285" lon="79.191236">
        <ele>2665.62</ele>
        <time>2019-10-29T22:10:10.000Z</time>
      </trkpt>
      <trkpt lat="30.482331" lon="79.19132">
        <ele>2666.308</ele>
        <time>2019-10-29T22:10:11.000Z</time>
      </trkpt>
      <trkpt lat="30.48233" lon="79.191497">
        <ele>2666.076</ele>
        <time>2019-10-29T22:10:12.000Z</time>
      </trkpt>
      <trkpt lat="30.482427" lon="79.191501">
        <ele>2665.535</ele>
        <time>2019-10-29T22:10:13.000Z</time>
      </trkpt>
      <trkpt lat="30.482466" lon="79.191589">
        <ele>2666.925</ele>
        <time>2019-10-29T22:10:14.000Z</time>
      </trkpt>
      <trkpt lat="30.482497" lon="79.1917">
        <ele>2666.811</ele>
        <time>2019-10-29T22:10:15.000Z</time>
      </trkpt>
      <trkpt lat="30.482546" lon="79.191761">
        <ele>2668.366</ele>
        <time>2019-10-29T22:10:16.000Z</time>
      </trkpt>
      <trkpt lat="30.482602" lon="79.191869">
        <ele>2668.597</ele>
        <time>2019-10-29T22:10:17.000Z</time>
      </trkpt>
      <trkpt lat="30.48265" lon="79.191955">
        <ele>2667.513</ele>
        <time>2019-10-29T22:10:18.000Z</time>
      </trkpt>
      <trkpt lat="30.48268" lon="79.19205">
        <ele>2668.569</ele>
        <time>2019-10-29T22:10:19.000Z</time>
      </trkpt>
      <trkpt lat="30.482736" lon="79.192085">
        <ele>2667.449</ele>
        <time>2019-10-29T22:10:20.000Z</time>
      </trkpt>
      <trkpt lat="30.482811" lon="79.192155">
        <ele>2670.602</ele>
        <time>2019-10-29T22:10:21.000Z</time>
      </trkpt>
      <trkpt lat="30.482892" lon="79.192211">
        <ele>2672.922</ele>
        <time>2019-10-29T22:10:22.000Z</time>
      </trkpt>
      <trkpt lat="30.482952" lon="79.192271">
        <ele>2674.108</ele>
        <time>2019-10-29T22:10:23.000Z</time>
      </trkpt>
      <trkpt lat="30.483009" lon="79.19235">
        <ele>2675.448</ele>
        <time>2019-10-29T22:10:24.000Z</time>
      </trkpt>
      <trkpt lat="30.483071" lon="79.192398">
        <ele>2675.497</ele>
        <time>2019-10-29T22:10:25.000Z</time>
      </trkpt>
      <trkpt lat="30.483116" lon="79.192476">
        <ele>2675.237</ele>
        <time>2019-10-29T22:10:26.000Z</time>
      </trkpt>
      <trkpt lat="30.483178" lon="79.192546">
        <ele>2674.223</ele>
        <time>2019-10-29T22:10:27.000Z</time>
      </trkpt>
      <trkpt lat="30.483225" lon="79.19266">
        <ele>2671.428</ele>
        <time>2019-10-29T22:10:28.000Z</time>
      </trkpt>
      <trkpt lat="30.483296" lon="79.192749">
        <ele>2669.059</ele>
        <time>2019-10-29T22:10:29.000Z</time>
      </trkpt>
      <trkpt lat="30.483358" lon="79.192819">
        <ele>2664.955</ele>
        <time>2019-10-29T22:10:30.000Z</time>
      </trkpt>
      <trkpt lat="30.483411" lon="79.192898">
        <ele>2660.751</ele>
        <time>2019-10-29T22:10:31.000Z</time>
      </trkpt>
      <trkpt lat="30.483467" lon="79.192978">
        <ele>2659.026</ele>
        <time>2019-10-29T22:10:32.000Z</time>
      </trkpt>
      <trkpt lat="30.48351" lon="79.19309">
        <ele>2657.047</ele>
        <time>2019-10-29T22:10:33.000Z</time>
      </trkpt>
      <trkpt lat="30.483582" lon="79.193149">
        <ele>2655.111</ele>
        <time>2019-10-29T22:10:34.000Z</time>
      </trkpt>
      <trkpt lat="30.483667" lon="79.193196">
        <ele>2652.408</ele>
        <time>2019-10-29T22:10:35.000Z</time>
      </trkpt>
      <trkpt lat="30.483745" lon="79.19327">
        <ele>2650.276</ele>
        <time>2019-10-29T22:10:36.000Z</time>
      </trkpt>
      <trkpt lat="30.483822" lon="79.193316">
        <ele>2648.055</ele>
        <time>2019-10-29T22:10:37.000Z</time>
      </trkpt>
      <trkpt lat="30.483887" lon="79.193349">
        <ele>2648.665</ele>
        <time>2019-10-29T22:10:38.000Z</time>
      </trkpt>
      <trkpt lat="30.48392" lon="79.19343">
        <ele>2649.211</ele>
        <time>2019-10-29T22:10:39.000Z</time>
      </trkpt>
      <trkpt lat="30.483981" lon="79.193482">
        <ele>2647.786</ele>
        <time>2019-10-29T22:10:40.000Z</time>
      </trkpt>
      <trkpt lat="30.484048" lon="79.19354">
        <ele>2649.687</ele>
        <time>2019-10-29T22:10:41.000Z</time>
      </trkpt>
      <trkpt lat="30.484117" lon="79.193601">
        <ele>2674.413</ele>
        <time>2019-10-29T22:10:42.000Z</time>
      </trkpt>
      <trkpt lat="30.484198" lon="79.19369">
        <ele>2671.849</ele>
        <time>2019-10-29T22:10:43.000Z</time>
      </trkpt>
      <trkpt lat="30.484265" lon="79.193741">
        <ele>2687.744</ele>
        <time>2019-10-29T22:10:44.000Z</time>
      </trkpt>
      <trkpt lat="30.484315" lon="79.193794">
        <ele>2686.105</ele>
        <time>2019-10-29T22:10:45.000Z</time>
      </trkpt>
      <trkpt lat="30.484386" lon="79.193855">
        <ele>2683.615</ele>
        <time>2019-10-29T22:10:46.000Z</time>
      </trkpt>
      <trkpt lat="30.48442" lon="79.193921">
        <ele>2684.708</ele>
        <time>2019-10-29T22:10:47.000Z</time>
      </trkpt>
      <trkpt lat="30.484458" lon="79.193987">
        <ele>2685.538</ele>
        <time>2019-10-29T22:10:48.000Z</time>
      </trkpt>
      <trkpt lat="30.484502" lon="79.194098">
        <ele>2687.657</ele>
        <time>2019-10-29T22:10:49.000Z</time>
      </trkpt>
      <trkpt lat="30.484529" lon="79.1942">
        <ele>2689.457</ele>
        <time>2019-10-29T22:10:50.000Z</time>
      </trkpt>
      <trkpt lat="30.484572" lon="79.194294">
        <ele>2692.743</ele>
        <time>2019-10-29T22:10:51.000Z</time>
      </trkpt>
      <trkpt lat="30.484596" lon="79.194379">
        <ele>2694.088</ele>
        <time>2019-10-29T22:10:52.000Z</time>
      </trkpt>
      <trkpt lat="30.484629" lon="79.194488">
        <ele>2695.219</ele>
        <time>2019-10-29T22:10:53.000Z</time>
      </trkpt>
      <trkpt lat="30.484648" lon="79.194584">
        <ele>2698.475</ele>
        <time>2019-10-29T22:10:54.000Z</time>
      </trkpt>
      <trkpt lat="30.484696" lon="79.194677">
        <ele>2698.761</ele>
        <time>2019-10-29T22:10:55.000Z</time>
      </trkpt>
      <trkpt lat="30.484746" lon="79.194761">
        <ele>2700.266</ele>
        <time>2019-10-29T22:10:56.000Z</time>
      </trkpt>
      <trkpt lat="30.484812" lon="79.194834">
        <ele>2695.329</ele>
        <time>2019-10-29T22:10:57.000Z</time>
      </trkpt>
      <trkpt lat="30.484873" lon="79.194901">
        <ele>2692.521</ele>
        <time>2019-10-29T22:10:58.000Z</time>
      </trkpt>
      <trkpt lat="30.484933" lon="79.194974">
        <ele>2690.808</ele>
        <time>2019-10-29T22:10:59.000Z</time>
      </trkpt>
      <trkpt lat="30.485004" lon="79.195026">
        <ele>2687.72</ele>
        <time>2019-10-29T22:11:00.000Z</time>
      </trkpt>
      <trkpt lat="30.485061" lon="79.195088">
        <ele>2690.519</ele>
        <time>2019-10-29T22:11:01.000Z</time>
      </trkpt>
      <trkpt lat="30.485107" lon="79.195164">
        <ele>2688.429</ele>
        <time>2019-10-29T22:11:02.000Z</time>
      </trkpt>
      <trkpt lat="30.485183" lon="79.195242">
        <ele>2690.195</ele>
        <time>2019-10-29T22:11:03.000Z</time>
      </trkpt>
      <trkpt lat="30.485231" lon="79.195297">
        <ele>2692.45</ele>
        <time>2019-10-29T22:11:04.000Z</time>
      </trkpt>
      <trkpt lat="30.485293" lon="79.195333">
        <ele>2691.051</ele>
        <time>2019-10-29T22:11:05.000Z</time>
      </trkpt>
      <trkpt lat="30.485358" lon="79.195394">
        <ele>2700.567</ele>
        <time>2019-10-29T22:11:06.000Z</time>
      </trkpt>
      <trkpt lat="30.485398" lon="79.19546">
        <ele>2704.373</ele>
        <time>2019-10-29T22:11:07.000Z</time>
      </trkpt>
      <trkpt lat="30.48546" lon="79.195486">
        <ele>2705.044</ele>
        <time>2019-10-29T22:11:08.000Z</time>
      </trkpt>
      <trkpt lat="30.485527" lon="79.195508">
        <ele>2704.005</ele>
        <time>2019-10-29T22:11:09.000Z</time>
      </trkpt>
      <trkpt lat="30.485602" lon="79.195513">
        <ele>2703.115</ele>
        <time>2019-10-29T22:11:10.000Z</time>
      </trkpt>
      <trkpt lat="30.485674" lon="79.195463">
        <ele>2699.508</ele>
        <time>2019-10-29T22:11:11.000Z</time>
      </trkpt>
      <trkpt lat="30.485728" lon="79.195415">
        <ele>2704.688</ele>
        <time>2019-10-29T22:11:12.000Z</time>
      </trkpt>
      <trkpt lat="30.485822" lon="79.195359">
        <ele>2703.137</ele>
        <time>2019-10-29T22:11:13.000Z</time>
      </trkpt>
      <trkpt lat="30.485874" lon="79.195326">
        <ele>2700.987</ele>
        <time>2019-10-29T22:11:14.000Z</time>
      </trkpt>
      <trkpt lat="30.485945" lon="79.195304">
        <ele>2698.933</ele>
        <time>2019-10-29T22:11:15.000Z</time>
      </trkpt>
      <trkpt lat="30.485996" lon="79.195315">
        <ele>2698.488</ele>
        <time>2019-10-29T22:11:16.000Z</time>
      </trkpt>
      <trkpt lat="30.486097" lon="79.195365">
        <ele>2701.429</ele>
        <time>2019-10-29T22:11:17.000Z</time>
      </trkpt>
      <trkpt lat="30.486187" lon="79.195374">
        <ele>2700.385</ele>
        <time>2019-10-29T22:11:18.000Z</time>
      </trkpt>
      <trkpt lat="30.486269" lon="79.195395">
        <ele>2704.061</ele>
        <time>2019-10-29T22:11:19.000Z</time>
      </trkpt>
      <trkpt lat="30.486343" lon="79.19538">
        <ele>2706.023</ele>
        <time>2019-10-29T22:11:20.000Z</time>
      </trkpt>
      <trkpt lat="30.486392" lon="79.19534">
        <ele>2707.683</ele>
        <time>2019-10-29T22:11:21.000Z</time>
      </trkpt>
      <trkpt lat="30.486477" lon="79.195285">
        <ele>2709.911</ele>
        <time>2019-10-29T22:11:22.000Z</time>
      </trkpt>
      <trkpt lat="30.486538" lon="79.195339">
        <ele>2712.408</ele>
        <time>2019-10-29T22:11:23.000Z</time>
      </trkpt>
      <trkpt lat="30.486618" lon="79.195373">
        <ele>2707.816</ele>
        <time>2019-10-29T22:11:24.000Z</time>
      </trkpt>
      <trkpt lat="30.486705" lon="79.195386">
        <ele>2703.525</ele>
        <time>2019-10-29T22:11:25.000Z</time>
      </trkpt>
      <trkpt lat="30.486798" lon="79.195404">
        <ele>2706.635</ele>
        <time>2019-10-29T22:11:26.000Z</time>
      </trkpt>
      <trkpt lat="30.486886" lon="79.195409">
        <ele>2711.691</ele>
        <time>2019-10-29T22:11:27.000Z</time>
      </trkpt>
      <trkpt lat="30.486977" lon="79.195427">
        <ele>2712.766</ele>
        <time>2019-10-29T22:11:28.000Z</time>
      </trkpt>
      <trkpt lat="30.487056" lon="79.195488">
        <ele>2714.767</ele>
        <time>2019-10-29T22:11:29.000Z</time>
      </trkpt>
      <trkpt lat="30.487055" lon="79.195581">
        <ele>2717.013</ele>
        <time>2019-10-29T22:11:30.000Z</time>
      </trkpt>
      <trkpt lat="30.48711" lon="79.195619">
        <ele>2720.189</ele>
        <time>2019-10-29T22:11:31.000Z</time>
      </trkpt>
      <trkpt lat="30.487159" lon="79.195692">
        <ele>2720.659</ele>
        <time>2019-10-29T22:11:32.000Z</time>
      </trkpt>
      <trkpt lat="30.487224" lon="79.195675">
        <ele>2721.503</ele>
        <time>2019-10-29T22:11:33.000Z</time>
      </trkpt>
      <trkpt lat="30.487285" lon="79.195675">
        <ele>2720.023</ele>
        <time>2019-10-29T22:11:34.000Z</time>
      </trkpt>
      <trkpt lat="30.487336" lon="79.19571">
        <ele>2718.108</ele>
        <time>2019-10-29T22:11:35.000Z</time>
      </trkpt>
      <trkpt lat="30.487379" lon="79.195729">
        <ele>2716.479</ele>
        <time>2019-10-29T22:11:36.000Z</time>
      </trkpt>
      <trkpt lat="30.487428" lon="79.195753">
        <ele>2716.028</ele>
        <time>2019-10-29T22:11:37.000Z</time>
      </trkpt>
      <trkpt lat="30.48748" lon="79.195843">
        <ele>2711.058</ele>
        <time>2019-10-29T22:11:38.000Z</time>
      </trkpt>
      <trkpt lat="30.487535" lon="79.19589">
        <ele>2705.714</ele>
        <time>2019-10-29T22:11:39.000Z</time>
      </trkpt>
      <trkpt lat="30.487588" lon="79.195947">
        <ele>2708.129</ele>
        <time>2019-10-29T22:11:40.000Z</time>
      </trkpt>
      <trkpt lat="30.487662" lon="79.19601">
        <ele>2708.04</ele>
        <time>2019-10-29T22:11:41.000Z</time>
      </trkpt>
      <trkpt lat="30.487729" lon="79.196056">
        <ele>2707.756</ele>
        <time>2019-10-29T22:11:42.000Z</time>
      </trkpt>
      <trkpt lat="30.487786" lon="79.196091">
        <ele>2708.212</ele>
        <time>2019-10-29T22:11:43.000Z</time>
      </trkpt>
      <trkpt lat="30.487838" lon="79.196167">
        <ele>2708.668</ele>
        <time>2019-10-29T22:11:44.000Z</time>
      </trkpt>
      <trkpt lat="30.487917" lon="79.196202">
        <ele>2710.142</ele>
        <time>2019-10-29T22:11:45.000Z</time>
      </trkpt>
      <trkpt lat="30.487991" lon="79.196247">
        <ele>2710.226</ele>
        <time>2019-10-29T22:11:46.000Z</time>
      </trkpt>
      <trkpt lat="30.48805" lon="79.196324">
        <ele>2709.208</ele>
        <time>2019-10-29T22:11:47.000Z</time>
      </trkpt>
      <trkpt lat="30.488117" lon="79.19637">
        <ele>2709.98</ele>
        <time>2019-10-29T22:11:48.000Z</time>
      </trkpt>
      <trkpt lat="30.488199" lon="79.196409">
        <ele>2711.579</ele>
        <time>2019-10-29T22:11:49.000Z</time>
      </trkpt>
      <trkpt lat="30.488287" lon="79.196463">
        <ele>2714.559</ele>
        <time>2019-10-29T22:11:50.000Z</time>
      </trkpt>
      <trkpt lat="30.4884" lon="79.196514">
        <ele>2716.055</ele>
        <time>2019-10-29T22:11:51.000Z</time>
      </trkpt>
      <trkpt lat="30.488472" lon="79.196568">
        <ele>2716.23</ele>
        <time>2019-10-29T22:11:52.000Z</time>
      </trkpt>
      <trkpt lat="30.488563" lon="79.196633">
        <ele>2715.791</ele>
        <time>2019-10-29T22:11:53.000Z</time>
      </trkpt>
      <trkpt lat="30.488679" lon="79.196567">
        <ele>2716.257</ele>
        <time>2019-10-29T22:11:54.000Z</time>
      </trkpt>
      <trkpt lat="30.488776" lon="79.196545">
        <ele>2718.083</ele>
        <time>2019-10-29T22:11:55.000Z</time>
      </trkpt>
      <trkpt lat="30.488862" lon="79.196548">
        <ele>2717.528</ele>
        <time>2019-10-29T22:11:56.000Z</time>
      </trkpt>
      <trkpt lat="30.488966" lon="79.196517">
        <ele>2716.089</ele>
        <time>2019-10-29T22:11:57.000Z</time>
      </trkpt>
      <trkpt lat="30.489051" lon="79.196561">
        <ele>2716.717</ele>
        <time>2019-10-29T22:11:58.000Z</time>
      </trkpt>
      <trkpt lat="30.48914" lon="79.1966">
        <ele>2717.808</ele>
        <time>2019-10-29T22:11:59.000Z</time>
      </trkpt>
      <trkpt lat="30.489226" lon="79.19661">
        <ele>2718.456</ele>
        <time>2019-10-29T22:12:00.000Z</time>
      </trkpt>
      <trkpt lat="30.489353" lon="79.19663">
        <ele>2719.125</ele>
        <time>2019-10-29T22:12:01.000Z</time>
      </trkpt>
      <trkpt lat="30.489458" lon="79.196642">
        <ele>2718.525</ele>
        <time>2019-10-29T22:12:02.000Z</time>
      </trkpt>
      <trkpt lat="30.48955" lon="79.196637">
        <ele>2717.781</ele>
        <time>2019-10-29T22:12:03.000Z</time>
      </trkpt>
      <trkpt lat="30.489634" lon="79.196648">
        <ele>2717.436</ele>
        <time>2019-10-29T22:12:04.000Z</time>
      </trkpt>
      <trkpt lat="30.489723" lon="79.196683">
        <ele>2716.127</ele>
        <time>2019-10-29T22:12:05.000Z</time>
      </trkpt>
      <trkpt lat="30.489817" lon="79.19671">
        <ele>2716.943</ele>
        <time>2019-10-29T22:12:06.000Z</time>
      </trkpt>
      <trkpt lat="30.489917" lon="79.196744">
        <ele>2719.129</ele>
        <time>2019-10-29T22:12:07.000Z</time>
      </trkpt>
      <trkpt lat="30.489995" lon="79.196772">
        <ele>2718.768</ele>
        <time>2019-10-29T22:12:08.000Z</time>
      </trkpt>
      <trkpt lat="30.490079" lon="79.196827">
        <ele>2719.642</ele>
        <time>2019-10-29T22:12:09.000Z</time>
      </trkpt>
      <trkpt lat="30.490166" lon="79.196863">
        <ele>2721.426</ele>
        <time>2019-10-29T22:12:10.000Z</time>
      </trkpt>
      <trkpt lat="30.49027" lon="79.196936">
        <ele>2721.108</ele>
        <time>2019-10-29T22:12:11.000Z</time>
      </trkpt>
      <trkpt lat="30.490345" lon="79.196973">
        <ele>2723.36</ele>
        <time>2019-10-29T22:12:12.000Z</time>
      </trkpt>
      <trkpt lat="30.490429" lon="79.197015">
        <ele>2721.259</ele>
        <time>2019-10-29T22:12:13.000Z</time>
      </trkpt>
      <trkpt lat="30.490528" lon="79.197082">
        <ele>2721.169</ele>
        <time>2019-10-29T22:12:14.000Z</time>
      </trkpt>
      <trkpt lat="30.490611" lon="79.197149">
        <ele>2719.235</ele>
        <time>2019-10-29T22:12:15.000Z</time>
      </trkpt>
      <trkpt lat="30.49069" lon="79.197228">
        <ele>2721.76</ele>
        <time>2019-10-29T22:12:16.000Z</time>
      </trkpt>
      <trkpt lat="30.490762" lon="79.197308">
        <ele>2722.821</ele>
        <time>2019-10-29T22:12:17.000Z</time>
      </trkpt>
      <trkpt lat="30.490825" lon="79.197407">
        <ele>2722.247</ele>
        <time>2019-10-29T22:12:18.000Z</time>
      </trkpt>
      <trkpt lat="30.490878" lon="79.19751">
        <ele>2722.463</ele>
        <time>2019-10-29T22:12:19.000Z</time>
      </trkpt>
      <trkpt lat="30.490902" lon="79.197583">
        <ele>2723.538</ele>
        <time>2019-10-29T22:12:20.000Z</time>
      </trkpt>
      <trkpt lat="30.490897" lon="79.197649">
        <ele>2724.27</ele>
        <time>2019-10-29T22:12:21.000Z</time>
      </trkpt>
      <trkpt lat="30.49089" lon="79.197726">
        <ele>2724.717</ele>
        <time>2019-10-29T22:12:22.000Z</time>
      </trkpt>
      <trkpt lat="30.490886" lon="79.197801">
        <ele>2726.408</ele>
        <time>2019-10-29T22:12:23.000Z</time>
      </trkpt>
      <trkpt lat="30.490862" lon="79.19788">
        <ele>2726.897</ele>
        <time>2019-10-29T22:12:24.000Z</time>
      </trkpt>
      <trkpt lat="30.490792" lon="79.197941">
        <ele>2726.486</ele>
        <time>2019-10-29T22:12:25.000Z</time>
      </trkpt>
      <trkpt lat="30.490741" lon="79.197957">
        <ele>2723.436</ele>
        <time>2019-10-29T22:12:26.000Z</time>
      </trkpt>
      <trkpt lat="30.490705" lon="79.198032">
        <ele>2721.482</ele>
        <time>2019-10-29T22:12:27.000Z</time>
      </trkpt>
      <trkpt lat="30.490642" lon="79.198091">
        <ele>2720.637</ele>
        <time>2019-10-29T22:12:28.000Z</time>
      </trkpt>
      <trkpt lat="30.490577" lon="79.198147">
        <ele>2721.458</ele>
        <time>2019-10-29T22:12:29.000Z</time>
      </trkpt>
      <trkpt lat="30.490563" lon="79.19822">
        <ele>2721.884</ele>
        <time>2019-10-29T22:12:30.000Z</time>
      </trkpt>
      <trkpt lat="30.490545" lon="79.198283">
        <ele>2722.37</ele>
        <time>2019-10-29T22:12:31.000Z</time>
      </trkpt>
      <trkpt lat="30.490541" lon="79.198363">
        <ele>2722.885</ele>
        <time>2019-10-29T22:12:32.000Z</time>
      </trkpt>
      <trkpt lat="30.490592" lon="79.198425">
        <ele>2721.589</ele>
        <time>2019-10-29T22:12:33.000Z</time>
      </trkpt>
      <trkpt lat="30.490631" lon="79.198482">
        <ele>2732.417</ele>
        <time>2019-10-29T22:12:34.000Z</time>
      </trkpt>
      <trkpt lat="30.490665" lon="79.198589">
        <ele>2731.908</ele>
        <time>2019-10-29T22:12:35.000Z</time>
      </trkpt>
      <trkpt lat="30.490692" lon="79.198665">
        <ele>2732.462</ele>
        <time>2019-10-29T22:12:36.000Z</time>
      </trkpt>
      <trkpt lat="30.490669" lon="79.198735">
        <ele>2732.211</ele>
        <time>2019-10-29T22:12:37.000Z</time>
      </trkpt>
      <trkpt lat="30.490666" lon="79.198843">
        <ele>2731.891</ele>
        <time>2019-10-29T22:12:38.000Z</time>
      </trkpt>
      <trkpt lat="30.490648" lon="79.198927">
        <ele>2730.887</ele>
        <time>2019-10-29T22:12:39.000Z</time>
      </trkpt>
      <trkpt lat="30.490682" lon="79.199029">
        <ele>2728.732</ele>
        <time>2019-10-29T22:12:40.000Z</time>
      </trkpt>
      <trkpt lat="30.490731" lon="79.199079">
        <ele>2728.873</ele>
        <time>2019-10-29T22:12:41.000Z</time>
      </trkpt>
      <trkpt lat="30.490784" lon="79.199105">
        <ele>2729.199</ele>
        <time>2019-10-29T22:12:42.000Z</time>
      </trkpt>
      <trkpt lat="30.490823" lon="79.199162">
        <ele>2728.135</ele>
        <time>2019-10-29T22:12:43.000Z</time>
      </trkpt>
      <trkpt lat="30.490878" lon="79.199197">
        <ele>2728.035</ele>
        <time>2019-10-29T22:12:44.000Z</time>
      </trkpt>
      <trkpt lat="30.490933" lon="79.199213">
        <ele>2727.586</ele>
        <time>2019-10-29T22:12:45.000Z</time>
      </trkpt>
      <trkpt lat="30.490981" lon="79.199255">
        <ele>2726.914</ele>
        <time>2019-10-29T22:12:46.000Z</time>
      </trkpt>
      <trkpt lat="30.491078" lon="79.199134">
        <ele>2727.608</ele>
        <time>2019-10-29T22:12:47.000Z</time>
      </trkpt>
      <trkpt lat="30.491141" lon="79.199033">
        <ele>2728.747</ele>
        <time>2019-10-29T22:12:48.000Z</time>
      </trkpt>
      <trkpt lat="30.491188" lon="79.198963">
        <ele>2729.766</ele>
        <time>2019-10-29T22:12:49.000Z</time>
      </trkpt>
      <trkpt lat="30.491268" lon="79.19896">
        <ele>2730.596</ele>
        <time>2019-10-29T22:12:50.000Z</time>
      </trkpt>
      <trkpt lat="30.491362" lon="79.198968">
        <ele>2733.312</ele>
        <time>2019-10-29T22:12:51.000Z</time>
      </trkpt>
      <trkpt lat="30.491438" lon="79.198881">
        <ele>2732.827</ele>
        <time>2019-10-29T22:12:52.000Z</time>
      </trkpt>
      <trkpt lat="30.49153" lon="79.198854">
        <ele>2733.828</ele>
        <time>2019-10-29T22:12:53.000Z</time>
      </trkpt>
      <trkpt lat="30.4916" lon="79.198779">
        <ele>2733.014</ele>
        <time>2019-10-29T22:12:54.000Z</time>
      </trkpt>
      <trkpt lat="30.491671" lon="79.198748">
        <ele>2732.98</ele>
        <time>2019-10-29T22:12:55.000Z</time>
      </trkpt>
      <trkpt lat="30.491736" lon="79.198793">
        <ele>2731.926</ele>
        <time>2019-10-29T22:12:56.000Z</time>
      </trkpt>
      <trkpt lat="30.491773" lon="79.19886">
        <ele>2731.947</ele>
        <time>2019-10-29T22:12:57.000Z</time>
      </trkpt>
      <trkpt lat="30.491846" lon="79.198929">
        <ele>2731.111</ele>
        <time>2019-10-29T22:12:58.000Z</time>
      </trkpt>
      <trkpt lat="30.491921" lon="79.198999">
        <ele>2731.108</ele>
        <time>2019-10-29T22:12:59.000Z</time>
      </trkpt>
      <trkpt lat="30.49199" lon="79.199033">
        <ele>2732.286</ele>
        <time>2019-10-29T22:13:00.000Z</time>
      </trkpt>
      <trkpt lat="30.492091" lon="79.199063">
        <ele>2731.775</ele>
        <time>2019-10-29T22:13:01.000Z</time>
      </trkpt>
      <trkpt lat="30.492176" lon="79.199106">
        <ele>2731.695</ele>
        <time>2019-10-29T22:13:02.000Z</time>
      </trkpt>
      <trkpt lat="30.492272" lon="79.199125">
        <ele>2731.871</ele>
        <time>2019-10-29T22:13:03.000Z</time>
      </trkpt>
      <trkpt lat="30.492355" lon="79.199211">
        <ele>2732.536</ele>
        <time>2019-10-29T22:13:04.000Z</time>
      </trkpt>
      <trkpt lat="30.492442" lon="79.199285">
        <ele>2733.167</ele>
        <time>2019-10-29T22:13:05.000Z</time>
      </trkpt>
      <trkpt lat="30.492539" lon="79.199238">
        <ele>2733.553</ele>
        <time>2019-10-29T22:13:06.000Z</time>
      </trkpt>
      <trkpt lat="30.492594" lon="79.199195">
        <ele>2733.559</ele>
        <time>2019-10-29T22:13:07.000Z</time>
      </trkpt>
      <trkpt lat="30.492662" lon="79.19916">
        <ele>2733.385</ele>
        <time>2019-10-29T22:13:08.000Z</time>
      </trkpt>
      <trkpt lat="30.49273" lon="79.199148">
        <ele>2733.289</ele>
        <time>2019-10-29T22:13:09.000Z</time>
      </trkpt>
      <trkpt lat="30.492825" lon="79.199153">
        <ele>2734.317</ele>
        <time>2019-10-29T22:13:10.000Z</time>
      </trkpt>
      <trkpt lat="30.492897" lon="79.199098">
        <ele>2736.608</ele>
        <time>2019-10-29T22:13:11.000Z</time>
      </trkpt>
      <trkpt lat="30.492981" lon="79.199056">
        <ele>2738.092</ele>
        <time>2019-10-29T22:13:12.000Z</time>
      </trkpt>
      <trkpt lat="30.493057" lon="79.199027">
        <ele>2739.821</ele>
        <time>2019-10-29T22:13:13.000Z</time>
      </trkpt>
      <trkpt lat="30.493148" lon="79.19897">
        <ele>2765.231</ele>
        <time>2019-10-29T22:13:14.000Z</time>
      </trkpt>
      <trkpt lat="30.493236" lon="79.1989">
        <ele>2765.847</ele>
        <time>2019-10-29T22:13:15.000Z</time>
      </trkpt>
      <trkpt lat="30.493304" lon="79.198829">
        <ele>2766.142</ele>
        <time>2019-10-29T22:13:16.000Z</time>
      </trkpt>
      <trkpt lat="30.493379" lon="79.198786">
        <ele>2762.853</ele>
        <time>2019-10-29T22:13:17.000Z</time>
      </trkpt>
      <trkpt lat="30.493456" lon="79.198768">
        <ele>2761.919</ele>
        <time>2019-10-29T22:13:18.000Z</time>
      </trkpt>
      <trkpt lat="30.493534" lon="79.198743">
        <ele>2762.175</ele>
        <time>2019-10-29T22:13:19.000Z</time>
      </trkpt>
      <trkpt lat="30.493589" lon="79.19874">
        <ele>2765.329</ele>
        <time>2019-10-29T22:13:20.000Z</time>
      </trkpt>
      <trkpt lat="30.493665" lon="79.198626">
        <ele>2762.6</ele>
        <time>2019-10-29T22:13:21.000Z</time>
      </trkpt>
      <trkpt lat="30.493754" lon="79.198556">
        <ele>2764.42</ele>
        <time>2019-10-29T22:13:22.000Z</time>
      </trkpt>
      <trkpt lat="30.493834" lon="79.19852">
        <ele>2763.208</ele>
        <time>2019-10-29T22:13:23.000Z</time>
      </trkpt>
      <trkpt lat="30.493886" lon="79.198525">
        <ele>2764.416</ele>
        <time>2019-10-29T22:13:24.000Z</time>
      </trkpt>
      <trkpt lat="30.493939" lon="79.198516">
        <ele>2767.755</ele>
        <time>2019-10-29T22:13:25.000Z</time>
      </trkpt>
      <trkpt lat="30.494001" lon="79.198531">
        <ele>2768.185</ele>
        <time>2019-10-29T22:13:26.000Z</time>
      </trkpt>
      <trkpt lat="30.494061" lon="79.198532">
        <ele>2768.361</ele>
        <time>2019-10-29T22:13:27.000Z</time>
      </trkpt>
      <trkpt lat="30.494135" lon="79.198494">
        <ele>2767.526</ele>
        <time>2019-10-29T22:13:28.000Z</time>
      </trkpt>
      <trkpt lat="30.49421" lon="79.198418">
        <ele>2768.917</ele>
        <time>2019-10-29T22:13:29.000Z</time>
      </trkpt>
      <trkpt lat="30.494251" lon="79.19835">
        <ele>2768.923</ele>
        <time>2019-10-29T22:13:30.000Z</time>
      </trkpt>
      <trkpt lat="30.49431" lon="79.198289">
        <ele>2768.949</ele>
        <time>2019-10-29T22:13:31.000Z</time>
      </trkpt>
      <trkpt lat="30.49438" lon="79.198252">
        <ele>2769.543</ele>
        <time>2019-10-29T22:13:32.000Z</time>
      </trkpt>
      <trkpt lat="30.494451" lon="79.198215">
        <ele>2771.164</ele>
        <time>2019-10-29T22:13:33.000Z</time>
      </trkpt>
      <trkpt lat="30.494508" lon="79.198168">
        <ele>2771.81</ele>
        <time>2019-10-29T22:13:34.000Z</time>
      </trkpt>
      <trkpt lat="30.494582" lon="79.198131">
        <ele>2772.008</ele>
        <time>2019-10-29T22:13:35.000Z</time>
      </trkpt>
      <trkpt lat="30.494672" lon="79.198104">
        <ele>2771.118</ele>
        <time>2019-10-29T22:13:36.000Z</time>
      </trkpt>
      <trkpt lat="30.494756" lon="79.198081">
        <ele>2770.077</ele>
        <time>2019-10-29T22:13:37.000Z</time>
      </trkpt>
      <trkpt lat="30.494824" lon="79.198038">
        <ele>2770.857</ele>
        <time>2019-10-29T22:13:38.000Z</time>
      </trkpt>
      <trkpt lat="30.494878" lon="79.197984">
        <ele>2771.113</ele>
        <time>2019-10-29T22:13:39.000Z</time>
      </trkpt>
      <trkpt lat="30.494947" lon="79.197962">
        <ele>2771.528</ele>
        <time>2019-10-29T22:13:40.000Z</time>
      </trkpt>
      <trkpt lat="30.495015" lon="79.197921">
        <ele>2772.829</ele>
        <time>2019-10-29T22:13:41.000Z</time>
      </trkpt>
      <trkpt lat="30.495059" lon="79.1978">
        <ele>2773.535</ele>
        <time>2019-10-29T22:13:42.000Z</time>
      </trkpt>
      <trkpt lat="30.495067" lon="79.197887">
        <ele>2774.261</ele>
        <time>2019-10-29T22:13:43.000Z</time>
      </trkpt>
      <trkpt lat="30.495089" lon="79.197962">
        <ele>2775.414</ele>
        <time>2019-10-29T22:13:44.000Z</time>
      </trkpt>
      <trkpt lat="30.49508" lon="79.198079">
        <ele>2774.454</ele>
        <time>2019-10-29T22:13:45.000Z</time>
      </trkpt>
      <trkpt lat="30.495063" lon="79.198176">
        <ele>2774.909</ele>
        <time>2019-10-29T22:13:46.000Z</time>
      </trkpt>
      <trkpt lat="30.495035" lon="79.198232">
        <ele>2774.708</ele>
        <time>2019-10-29T22:13:47.000Z</time>
      </trkpt>
      <trkpt lat="30.495013" lon="79.198281">
        <ele>2773.625</ele>
        <time>2019-10-29T22:13:48.000Z</time>
      </trkpt>
      <trkpt lat="30.494974" lon="79.198346">
        <ele>2773.774</ele>
        <time>2019-10-29T22:13:49.000Z</time>
      </trkpt>
      <trkpt lat="30.494974" lon="79.198418">
        <ele>2773.444</ele>
        <time>2019-10-29T22:13:50.000Z</time>
      </trkpt>
      <trkpt lat="30.494975" lon="79.198519">
        <ele>2772.84</ele>
        <time>2019-10-29T22:13:51.000Z</time>
      </trkpt>
      <trkpt lat="30.495022" lon="79.1986">
        <ele>2781.385</ele>
        <time>2019-10-29T22:13:52.000Z</time>
      </trkpt>
      <trkpt lat="30.495018" lon="79.198681">
        <ele>2782.156</ele>
        <time>2019-10-29T22:13:53.000Z</time>
      </trkpt>
      <trkpt lat="30.494949" lon="79.198734">
        <ele>2781.382</ele>
        <time>2019-10-29T22:13:54.000Z</time>
      </trkpt>
      <trkpt lat="30.494911" lon="79.198768">
        <ele>2779.288</ele>
        <time>2019-10-29T22:13:55.000Z</time>
      </trkpt>
      <trkpt lat="30.494849" lon="79.198777">
        <ele>2778.996</ele>
        <time>2019-10-29T22:13:56.000Z</time>
      </trkpt>
      <trkpt lat="30.494792" lon="79.198718">
        <ele>2783.631</ele>
        <time>2019-10-29T22:13:58.000Z</time>
      </trkpt>
      <trkpt lat="30.494775" lon="79.198643">
        <ele>2783.724</ele>
        <time>2019-10-29T22:13:59.000Z</time>
      </trkpt>
      <trkpt lat="30.494757" lon="79.198594">
        <ele>2784.208</ele>
        <time>2019-10-29T22:14:00.000Z</time>
      </trkpt>
      <trkpt lat="30.494745" lon="79.198509">
        <ele>2786.633</ele>
        <time>2019-10-29T22:14:01.000Z</time>
      </trkpt>
      <trkpt lat="30.494705" lon="79.198434">
        <ele>2785.492</ele>
        <time>2019-10-29T22:14:02.000Z</time>
      </trkpt>
      <trkpt lat="30.494644" lon="79.198437">
        <ele>2785.042</ele>
        <time>2019-10-29T22:14:03.000Z</time>
      </trkpt>
      <trkpt lat="30.494596" lon="79.198423">
        <ele>2784.568</ele>
        <time>2019-10-29T22:14:04.000Z</time>
      </trkpt>
      <trkpt lat="30.494531" lon="79.198426">
        <ele>2782.983</ele>
        <time>2019-10-29T22:14:05.000Z</time>
      </trkpt>
      <trkpt lat="30.494482" lon="79.198451">
        <ele>2782.234</ele>
        <time>2019-10-29T22:14:06.000Z</time>
      </trkpt>
      <trkpt lat="30.494423" lon="79.198525">
        <ele>2785.07</ele>
        <time>2019-10-29T22:14:07.000Z</time>
      </trkpt>
      <trkpt lat="30.494365" lon="79.198558">
        <ele>2784.576</ele>
        <time>2019-10-29T22:14:08.000Z</time>
      </trkpt>
      <trkpt lat="30.494296" lon="79.198613">
        <ele>2785.552</ele>
        <time>2019-10-29T22:14:09.000Z</time>
      </trkpt>
      <trkpt lat="30.494256" lon="79.198648">
        <ele>2786.753</ele>
        <time>2019-10-29T22:14:10.000Z</time>
      </trkpt>
      <trkpt lat="30.494221" lon="79.198686">
        <ele>2786.208</ele>
        <time>2019-10-29T22:14:11.000Z</time>
      </trkpt>
      <trkpt lat="30.494176" lon="79.19872">
        <ele>2786.008</ele>
        <time>2019-10-29T22:14:12.000Z</time>
      </trkpt>
      <trkpt lat="30.494118" lon="79.19877">
        <ele>2786.969</ele>
        <time>2019-10-29T22:14:13.000Z</time>
      </trkpt>
      <trkpt lat="30.494065" lon="79.198838">
        <ele>2787.628</ele>
        <time>2019-10-29T22:14:14.000Z</time>
      </trkpt>
      <trkpt lat="30.494037" lon="79.198901">
        <ele>2788.768</ele>
        <time>2019-10-29T22:14:15.000Z</time>
      </trkpt>
      <trkpt lat="30.493988" lon="79.19898">
        <ele>2787.334</ele>
        <time>2019-10-29T22:14:16.000Z</time>
      </trkpt>
      <trkpt lat="30.493942" lon="79.199046">
        <ele>2787.339</ele>
        <time>2019-10-29T22:14:17.000Z</time>
      </trkpt>
      <trkpt lat="30.493888" lon="79.199112">
        <ele>2787.56</ele>
        <time>2019-10-29T22:14:18.000Z</time>
      </trkpt>
      <trkpt lat="30.493811" lon="79.199193">
        <ele>2786.746</ele>
        <time>2019-10-29T22:14:19.000Z</time>
      </trkpt>
      <trkpt lat="30.49373" lon="79.199237">
        <ele>2786.772</ele>
        <time>2019-10-29T22:14:20.000Z</time>
      </trkpt>
      <trkpt lat="30.493692" lon="79.199315">
        <ele>2786.078</ele>
        <time>2019-10-29T22:14:21.000Z</time>
      </trkpt>
      <trkpt lat="30.49362" lon="79.199382">
        <ele>2785.933</ele>
        <time>2019-10-29T22:14:22.000Z</time>
      </trkpt>
      <trkpt lat="30.493531" lon="79.19943">
        <ele>2786.126</ele>
        <time>2019-10-29T22:14:23.000Z</time>
      </trkpt>
      <trkpt lat="30.493431" lon="79.199505">
        <ele>2785.708</ele>
        <time>2019-10-29T22:14:24.000Z</time>
      </trkpt>
      <trkpt lat="30.493338" lon="79.199571">
        <ele>2789.161</ele>
        <time>2019-10-29T22:14:25.000Z</time>
      </trkpt>
      <trkpt lat="30.493255" lon="79.199626">
        <ele>2788.85</ele>
        <time>2019-10-29T22:14:26.000Z</time>
      </trkpt>
      <trkpt lat="30.493182" lon="79.199691">
        <ele>2788.42</ele>
        <time>2019-10-29T22:14:27.000Z</time>
      </trkpt>
      <trkpt lat="30.493119" lon="79.19974">
        <ele>2788.266</ele>
        <time>2019-10-29T22:14:28.000Z</time>
      </trkpt>
      <trkpt lat="30.493072" lon="79.199829">
        <ele>2788.771</ele>
        <time>2019-10-29T22:14:29.000Z</time>
      </trkpt>
      <trkpt lat="30.493037" lon="79.199935">
        <ele>2790.382</ele>
        <time>2019-10-29T22:14:30.000Z</time>
      </trkpt>
      <trkpt lat="30.492963" lon="79.199966">
        <ele>2790.248</ele>
        <time>2019-10-29T22:14:31.000Z</time>
      </trkpt>
      <trkpt lat="30.492882" lon="79.200031">
        <ele>2790.614</ele>
        <time>2019-10-29T22:14:32.000Z</time>
      </trkpt>
      <trkpt lat="30.492825" lon="79.200098">
        <ele>2793.767</ele>
        <time>2019-10-29T22:14:33.000Z</time>
      </trkpt>
      <trkpt lat="30.492762" lon="79.20015">
        <ele>2794.681</ele>
        <time>2019-10-29T22:14:34.000Z</time>
      </trkpt>
      <trkpt lat="30.492704" lon="79.200258">
        <ele>2797.219</ele>
        <time>2019-10-29T22:14:35.000Z</time>
      </trkpt>
      <trkpt lat="30.492659" lon="79.200355">
        <ele>2798.308</ele>
        <time>2019-10-29T22:14:36.000Z</time>
      </trkpt>
      <trkpt lat="30.492593" lon="79.200433">
        <ele>2798.19</ele>
        <time>2019-10-29T22:14:37.000Z</time>
      </trkpt>
      <trkpt lat="30.492517" lon="79.200495">
        <ele>2797.629</ele>
        <time>2019-10-29T22:14:38.000Z</time>
      </trkpt>
      <trkpt lat="30.492435" lon="79.200569">
        <ele>2797.949</ele>
        <time>2019-10-29T22:14:39.000Z</time>
      </trkpt>
      <trkpt lat="30.492348" lon="79.200638">
        <ele>2798.435</ele>
        <time>2019-10-29T22:14:40.000Z</time>
      </trkpt>
      <trkpt lat="30.492281" lon="79.2007">
        <ele>2798.67</ele>
        <time>2019-10-29T22:14:41.000Z</time>
      </trkpt>
      <trkpt lat="30.492213" lon="79.200786">
        <ele>2797.761</ele>
        <time>2019-10-29T22:14:42.000Z</time>
      </trkpt>
      <trkpt lat="30.492113" lon="79.200816">
        <ele>2797.557</ele>
        <time>2019-10-29T22:14:43.000Z</time>
      </trkpt>
      <trkpt lat="30.492011" lon="79.200854">
        <ele>2797.363</ele>
        <time>2019-10-29T22:14:44.000Z</time>
      </trkpt>
      <trkpt lat="30.491931" lon="79.200924">
        <ele>2797.552</ele>
        <time>2019-10-29T22:14:45.000Z</time>
      </trkpt>
      <trkpt lat="30.491844" lon="79.200964">
        <ele>2797.353</ele>
        <time>2019-10-29T22:14:46.000Z</time>
      </trkpt>
      <trkpt lat="30.491745" lon="79.200981">
        <ele>2797.208</ele>
        <time>2019-10-29T22:14:47.000Z</time>
      </trkpt>
      <trkpt lat="30.491594" lon="79.200914">
        <ele>2811.208</ele>
        <time>2019-10-29T22:14:48.000Z</time>
      </trkpt>
      <trkpt lat="30.491464" lon="79.200802">
        <ele>2817.539</ele>
        <time>2019-10-29T22:14:49.000Z</time>
      </trkpt>
      <trkpt lat="30.491309" lon="79.2008">
        <ele>2821.498</ele>
        <time>2019-10-29T22:14:50.000Z</time>
      </trkpt>
      <trkpt lat="30.491205" lon="79.200755">
        <ele>2822.688</ele>
        <time>2019-10-29T22:14:51.000Z</time>
      </trkpt>
      <trkpt lat="30.491118" lon="79.200679">
        <ele>2823.774</ele>
        <time>2019-10-29T22:14:52.000Z</time>
      </trkpt>
      <trkpt lat="30.491111" lon="79.200586">
        <ele>2826.019</ele>
        <time>2019-10-29T22:14:53.000Z</time>
      </trkpt>
      <trkpt lat="30.490986" lon="79.200565">
        <ele>2830.94</ele>
        <time>2019-10-29T22:14:54.000Z</time>
      </trkpt>
      <trkpt lat="30.490898" lon="79.200524">
        <ele>2830.096</ele>
        <time>2019-10-29T22:14:55.000Z</time>
      </trkpt>
      <trkpt lat="30.490817" lon="79.200535">
        <ele>2828.792</ele>
        <time>2019-10-29T22:14:56.000Z</time>
      </trkpt>
      <trkpt lat="30.49073" lon="79.20061">
        <ele>2825.674</ele>
        <time>2019-10-29T22:14:57.000Z</time>
      </trkpt>
      <trkpt lat="30.490655" lon="79.200659">
        <ele>2825.356</ele>
        <time>2019-10-29T22:14:58.000Z</time>
      </trkpt>
      <trkpt lat="30.490579" lon="79.20069">
        <ele>2822.821</ele>
        <time>2019-10-29T22:14:59.000Z</time>
      </trkpt>
      <trkpt lat="30.4905" lon="79.200722">
        <ele>2821.308</ele>
        <time>2019-10-29T22:15:00.000Z</time>
      </trkpt>
      <trkpt lat="30.490444" lon="79.200745">
        <ele>2816.141</ele>
        <time>2019-10-29T22:15:02.000Z</time>
      </trkpt>
      <trkpt lat="30.490394" lon="79.200728">
        <ele>2814.36</ele>
        <time>2019-10-29T22:15:03.000Z</time>
      </trkpt>
      <trkpt lat="30.49033" lon="79.200762">
        <ele>2814.69</ele>
        <time>2019-10-29T22:15:04.000Z</time>
      </trkpt>
      <trkpt lat="30.490294" lon="79.200723">
        <ele>2813.036</ele>
        <time>2019-10-29T22:15:05.000Z</time>
      </trkpt>
      <trkpt lat="30.490243" lon="79.200689">
        <ele>2812.321</ele>
        <time>2019-10-29T22:15:06.000Z</time>
      </trkpt>
      <trkpt lat="30.490165" lon="79.2006">
        <ele>2811.362</ele>
        <time>2019-10-29T22:15:07.000Z</time>
      </trkpt>
      <trkpt lat="30.490108" lon="79.20056">
        <ele>2814.518</ele>
        <time>2019-10-29T22:15:08.000Z</time>
      </trkpt>
      <trkpt lat="30.49005" lon="79.200508">
        <ele>2813.994</ele>
        <time>2019-10-29T22:15:09.000Z</time>
      </trkpt>
      <trkpt lat="30.489887" lon="79.200568">
        <ele>2815.614</ele>
        <time>2019-10-29T22:15:10.000Z</time>
      </trkpt>
      <trkpt lat="30.489827" lon="79.200534">
        <ele>2816.354</ele>
        <time>2019-10-29T22:15:11.000Z</time>
      </trkpt>
      <trkpt lat="30.489806" lon="79.200463">
        <ele>2814.809</ele>
        <time>2019-10-29T22:15:12.000Z</time>
      </trkpt>
      <trkpt lat="30.489729" lon="79.200428">
        <ele>2813.908</ele>
        <time>2019-10-29T22:15:13.000Z</time>
      </trkpt>
      <trkpt lat="30.48962" lon="79.200488">
        <ele>2813.015</ele>
        <time>2019-10-29T22:15:14.000Z</time>
      </trkpt>
      <trkpt lat="30.489518" lon="79.200526">
        <ele>2812.894</ele>
        <time>2019-10-29T22:15:15.000Z</time>
      </trkpt>
      <trkpt lat="30.489449" lon="79.200562">
        <ele>2808.334</ele>
        <time>2019-10-29T22:15:16.000Z</time>
      </trkpt>
      <trkpt lat="30.489376" lon="79.200585">
        <ele>2805.53</ele>
        <time>2019-10-29T22:15:17.000Z</time>
      </trkpt>
      <trkpt lat="30.489289" lon="79.200646">
        <ele>2803.895</ele>
        <time>2019-10-29T22:15:18.000Z</time>
      </trkpt>
      <trkpt lat="30.48921" lon="79.200751">
        <ele>2804.426</ele>
        <time>2019-10-29T22:15:19.000Z</time>
      </trkpt>
      <trkpt lat="30.489129" lon="79.200833">
        <ele>2805.772</ele>
        <time>2019-10-29T22:15:20.000Z</time>
      </trkpt>
      <trkpt lat="30.489074" lon="79.200885">
        <ele>2804.658</ele>
        <time>2019-10-29T22:15:21.000Z</time>
      </trkpt>
      <trkpt lat="30.488978" lon="79.200899">
        <ele>2830.168</ele>
        <time>2019-10-29T22:15:22.000Z</time>
      </trkpt>
      <trkpt lat="30.488899" lon="79.20088">
        <ele>2827.742</ele>
        <time>2019-10-29T22:15:23.000Z</time>
      </trkpt>
      <trkpt lat="30.488801" lon="79.200882">
        <ele>2823.426</ele>
        <time>2019-10-29T22:15:24.000Z</time>
      </trkpt>
      <trkpt lat="30.488695" lon="79.200886">
        <ele>2825.708</ele>
        <time>2019-10-29T22:15:25.000Z</time>
      </trkpt>
      <trkpt lat="30.488587" lon="79.200884">
        <ele>2826.49</ele>
        <time>2019-10-29T22:15:26.000Z</time>
      </trkpt>
      <trkpt lat="30.488488" lon="79.200886">
        <ele>2826.319</ele>
        <time>2019-10-29T22:15:27.000Z</time>
      </trkpt>
      <trkpt lat="30.488388" lon="79.2009">
        <ele>2825.849</ele>
        <time>2019-10-29T22:15:28.000Z</time>
      </trkpt>
      <trkpt lat="30.488308" lon="79.200865">
        <ele>2826.135</ele>
        <time>2019-10-29T22:15:29.000Z</time>
      </trkpt>
      <trkpt lat="30.488211" lon="79.200815">
        <ele>2828.35</ele>
        <time>2019-10-29T22:15:30.000Z</time>
      </trkpt>
      <trkpt lat="30.488105" lon="79.200799">
        <ele>2829.261</ele>
        <time>2019-10-29T22:15:31.000Z</time>
      </trkpt>
      <trkpt lat="30.48802" lon="79.200746">
        <ele>2830.727</ele>
        <time>2019-10-29T22:15:32.000Z</time>
      </trkpt>
      <trkpt lat="30.487938" lon="79.20066">
        <ele>2831.583</ele>
        <time>2019-10-29T22:15:33.000Z</time>
      </trkpt>
      <trkpt lat="30.487866" lon="79.200578">
        <ele>2831.063</ele>
        <time>2019-10-29T22:15:34.000Z</time>
      </trkpt>
      <trkpt lat="30.487815" lon="79.200513">
        <ele>2829.844</ele>
        <time>2019-10-29T22:15:35.000Z</time>
      </trkpt>
      <trkpt lat="30.487745" lon="79.200405">
        <ele>2828.318</ele>
        <time>2019-10-29T22:15:36.000Z</time>
      </trkpt>
      <trkpt lat="30.487632" lon="79.200322">
        <ele>2831.208</ele>
        <time>2019-10-29T22:15:37.000Z</time>
      </trkpt>
      <trkpt lat="30.487703" lon="79.200129">
        <ele>2833.67</ele>
        <time>2019-10-29T22:15:38.000Z</time>
      </trkpt>
      <trkpt lat="30.487707" lon="79.200039">
        <ele>2833.489</ele>
        <time>2019-10-29T22:15:39.000Z</time>
      </trkpt>
      <trkpt lat="30.487704" lon="79.199949">
        <ele>2833.619</ele>
        <time>2019-10-29T22:15:40.000Z</time>
      </trkpt>
      <trkpt lat="30.487688" lon="79.199841">
        <ele>2833.055</ele>
        <time>2019-10-29T22:15:41.000Z</time>
      </trkpt>
      <trkpt lat="30.48765" lon="79.199718">
        <ele>2832.63</ele>
        <time>2019-10-29T22:15:42.000Z</time>
      </trkpt>
      <trkpt lat="30.487583" lon="79.199596">
        <ele>2832.421</ele>
        <time>2019-10-29T22:15:43.000Z</time>
      </trkpt>
      <trkpt lat="30.487538" lon="79.1995">
        <ele>2833.417</ele>
        <time>2019-10-29T22:15:44.000Z</time>
      </trkpt>
      <trkpt lat="30.487465" lon="79.199492">
        <ele>2834.253</ele>
        <time>2019-10-29T22:15:45.000Z</time>
      </trkpt>
      <trkpt lat="30.487396" lon="79.199412">
        <ele>2834.758</ele>
        <time>2019-10-29T22:15:46.000Z</time>
      </trkpt>
      <trkpt lat="30.487331" lon="79.199348">
        <ele>2835.752</ele>
        <time>2019-10-29T22:15:47.000Z</time>
      </trkpt>
      <trkpt lat="30.487237" lon="79.199346">
        <ele>2835.217</ele>
        <time>2019-10-29T22:15:48.000Z</time>
      </trkpt>
      <trkpt lat="30.487162" lon="79.199347">
        <ele>2835.008</ele>
        <time>2019-10-29T22:15:49.000Z</time>
      </trkpt>
      <trkpt lat="30.487074" lon="79.199349">
        <ele>2835.889</ele>
        <time>2019-10-29T22:15:50.000Z</time>
      </trkpt>
      <trkpt lat="30.486984" lon="79.199364">
        <ele>2836.478</ele>
        <time>2019-10-29T22:15:51.000Z</time>
      </trkpt>
      <trkpt lat="30.486885" lon="79.199406">
        <ele>2835.688</ele>
        <time>2019-10-29T22:15:52.000Z</time>
      </trkpt>
      <trkpt lat="30.486796" lon="79.199445">
        <ele>2834.714</ele>
        <time>2019-10-29T22:15:53.000Z</time>
      </trkpt>
      <trkpt lat="30.486703" lon="79.199471">
        <ele>2834.169</ele>
        <time>2019-10-29T22:15:54.000Z</time>
      </trkpt>
      <trkpt lat="30.486613" lon="79.199504">
        <ele>2833.88</ele>
        <time>2019-10-29T22:15:55.000Z</time>
      </trkpt>
      <trkpt lat="30.486532" lon="79.199577">
        <ele>2833.836</ele>
        <time>2019-10-29T22:15:56.000Z</time>
      </trkpt>
      <trkpt lat="30.486457" lon="79.199629">
        <ele>2834.622</ele>
        <time>2019-10-29T22:15:57.000Z</time>
      </trkpt>
      <trkpt lat="30.486376" lon="79.199661">
        <ele>2835.123</ele>
        <time>2019-10-29T22:15:58.000Z</time>
      </trkpt>
      <trkpt lat="30.486298" lon="79.199699">
        <ele>2835.683</ele>
        <time>2019-10-29T22:15:59.000Z</time>
      </trkpt>
      <trkpt lat="30.486218" lon="79.199776">
        <ele>2837.011</ele>
        <time>2019-10-29T22:16:00.000Z</time>
      </trkpt>
      <trkpt lat="30.486123" lon="79.199849">
        <ele>2837.108</ele>
        <time>2019-10-29T22:16:01.000Z</time>
      </trkpt>
      <trkpt lat="30.485951" lon="79.199947">
        <ele>2833.996</ele>
        <time>2019-10-29T22:16:02.000Z</time>
      </trkpt>
      <trkpt lat="30.485845" lon="79.199951">
        <ele>2832.955</ele>
        <time>2019-10-29T22:16:03.000Z</time>
      </trkpt>
      <trkpt lat="30.48575" lon="79.199966">
        <ele>2832.135</ele>
        <time>2019-10-29T22:16:04.000Z</time>
      </trkpt>
      <trkpt lat="30.485673" lon="79.199897">
        <ele>2831.091</ele>
        <time>2019-10-29T22:16:05.000Z</time>
      </trkpt>
      <trkpt lat="30.485588" lon="79.199839">
        <ele>2842.146</ele>
        <time>2019-10-29T22:16:06.000Z</time>
      </trkpt>
      <trkpt lat="30.485508" lon="79.19981">
        <ele>2840.237</ele>
        <time>2019-10-29T22:16:07.000Z</time>
      </trkpt>
      <trkpt lat="30.485409" lon="79.199738">
        <ele>2837.913</ele>
        <time>2019-10-29T22:16:08.000Z</time>
      </trkpt>
      <trkpt lat="30.485322" lon="79.199725">
        <ele>2842.549</ele>
        <time>2019-10-29T22:16:09.000Z</time>
      </trkpt>
      <trkpt lat="30.485238" lon="79.199729">
        <ele>2841.684</ele>
        <time>2019-10-29T22:16:10.000Z</time>
      </trkpt>
      <trkpt lat="30.485164" lon="79.199717">
        <ele>2840.907</ele>
        <time>2019-10-29T22:16:11.000Z</time>
      </trkpt>
      <trkpt lat="30.485076" lon="79.199764">
        <ele>2840.217</ele>
        <time>2019-10-29T22:16:12.000Z</time>
      </trkpt>
      <trkpt lat="30.484998" lon="79.199842">
        <ele>2839.208</ele>
        <time>2019-10-29T22:16:13.000Z</time>
      </trkpt>
      <trkpt lat="30.48494" lon="79.199916">
        <ele>2841.622</ele>
        <time>2019-10-29T22:16:14.000Z</time>
      </trkpt>
      <trkpt lat="30.484891" lon="79.199968">
        <ele>2839.951</ele>
        <time>2019-10-29T22:16:15.000Z</time>
      </trkpt>
      <trkpt lat="30.484844" lon="79.200038">
        <ele>2838.371</ele>
        <time>2019-10-29T22:16:16.000Z</time>
      </trkpt>
      <trkpt lat="30.484802" lon="79.200098">
        <ele>2837.737</ele>
        <time>2019-10-29T22:16:17.000Z</time>
      </trkpt>
      <trkpt lat="30.484772" lon="79.200144">
        <ele>2834.252</ele>
        <time>2019-10-29T22:16:18.000Z</time>
      </trkpt>
      <trkpt lat="30.484731" lon="79.2002">
        <ele>2828.553</ele>
        <time>2019-10-29T22:16:20.000Z</time>
      </trkpt>
      <trkpt lat="30.484677" lon="79.200266">
        <ele>2825.489</ele>
        <time>2019-10-29T22:16:22.000Z</time>
      </trkpt>
      <trkpt lat="30.484634" lon="79.200293">
        <ele>2822.465</ele>
        <time>2019-10-29T22:16:23.000Z</time>
      </trkpt>
      <trkpt lat="30.484591" lon="79.200313">
        <ele>2823.138</ele>
        <time>2019-10-29T22:16:24.000Z</time>
      </trkpt>
      <trkpt lat="30.484536" lon="79.200289">
        <ele>2823.57</ele>
        <time>2019-10-29T22:16:26.000Z</time>
      </trkpt>
      <trkpt lat="30.484489" lon="79.200274">
        <ele>2822.417</ele>
        <time>2019-10-29T22:16:27.000Z</time>
      </trkpt>
      <trkpt lat="30.484449" lon="79.200242">
        <ele>2821.908</ele>
        <time>2019-10-29T22:16:28.000Z</time>
      </trkpt>
      <trkpt lat="30.484357" lon="79.200194">
        <ele>2822.267</ele>
        <time>2019-10-29T22:16:30.000Z</time>
      </trkpt>
      <trkpt lat="30.48431" lon="79.200157">
        <ele>2822.046</ele>
        <time>2019-10-29T22:16:31.000Z</time>
      </trkpt>
      <trkpt lat="30.48425" lon="79.200125">
        <ele>2822.136</ele>
        <time>2019-10-29T22:16:32.000Z</time>
      </trkpt>
      <trkpt lat="30.484187" lon="79.200079">
        <ele>2820.122</ele>
        <time>2019-10-29T22:16:33.000Z</time>
      </trkpt>
      <trkpt lat="30.484122" lon="79.200041">
        <ele>2819.387</ele>
        <time>2019-10-29T22:16:34.000Z</time>
      </trkpt>
      <trkpt lat="30.484055" lon="79.199994">
        <ele>2819.358</ele>
        <time>2019-10-29T22:16:35.000Z</time>
      </trkpt>
      <trkpt lat="30.483967" lon="79.199956">
        <ele>2818.184</ele>
        <time>2019-10-29T22:16:36.000Z</time>
      </trkpt>
      <trkpt lat="30.483885" lon="79.199914">
        <ele>2819.07</ele>
        <time>2019-10-29T22:16:37.000Z</time>
      </trkpt>
      <trkpt lat="30.48379" lon="79.199868">
        <ele>2818.923</ele>
        <time>2019-10-29T22:16:38.000Z</time>
      </trkpt>
      <trkpt lat="30.483712" lon="79.199814">
        <ele>2819.083</ele>
        <time>2019-10-29T22:16:39.000Z</time>
      </trkpt>
      <trkpt lat="30.483635" lon="79.199756">
        <ele>2818.811</ele>
        <time>2019-10-29T22:16:40.000Z</time>
      </trkpt>
      <trkpt lat="30.483596" lon="79.199687">
        <ele>2818.408</ele>
        <time>2019-10-29T22:16:41.000Z</time>
      </trkpt>
      <trkpt lat="30.483531" lon="79.199646">
        <ele>2817.716</ele>
        <time>2019-10-29T22:16:42.000Z</time>
      </trkpt>
      <trkpt lat="30.483477" lon="79.199576">
        <ele>2817.635</ele>
        <time>2019-10-29T22:16:43.000Z</time>
      </trkpt>
      <trkpt lat="30.483421" lon="79.199522">
        <ele>2818.085</ele>
        <time>2019-10-29T22:16:44.000Z</time>
      </trkpt>
      <trkpt lat="30.483336" lon="79.199447">
        <ele>2817.211</ele>
        <time>2019-10-29T22:16:45.000Z</time>
      </trkpt>
      <trkpt lat="30.483226" lon="79.199434">
        <ele>2817.746</ele>
        <time>2019-10-29T22:16:46.000Z</time>
      </trkpt>
      <trkpt lat="30.483147" lon="79.199386">
        <ele>2817.247</ele>
        <time>2019-10-29T22:16:47.000Z</time>
      </trkpt>
      <trkpt lat="30.483067" lon="79.199334">
        <ele>2817.083</ele>
        <time>2019-10-29T22:16:48.000Z</time>
      </trkpt>
      <trkpt lat="30.482962" lon="79.199311">
        <ele>2816.879</ele>
        <time>2019-10-29T22:16:49.000Z</time>
      </trkpt>
      <trkpt lat="30.482908" lon="79.199222">
        <ele>2817.255</ele>
        <time>2019-10-29T22:16:50.000Z</time>
      </trkpt>
      <trkpt lat="30.482848" lon="79.199103">
        <ele>2816.407</ele>
        <time>2019-10-29T22:16:51.000Z</time>
      </trkpt>
      <trkpt lat="30.482803" lon="79.198975">
        <ele>2816.917</ele>
        <time>2019-10-29T22:16:52.000Z</time>
      </trkpt>
      <trkpt lat="30.482728" lon="79.198834">
        <ele>2817.208</ele>
        <time>2019-10-29T22:16:53.000Z</time>
      </trkpt>
      <trkpt lat="30.482672" lon="79.198765">
        <ele>2817.369</ele>
        <time>2019-10-29T22:16:54.000Z</time>
      </trkpt>
      <trkpt lat="30.482613" lon="79.19869">
        <ele>2818.698</ele>
        <time>2019-10-29T22:16:55.000Z</time>
      </trkpt>
      <trkpt lat="30.482527" lon="79.198626">
        <ele>2818.498</ele>
        <time>2019-10-29T22:16:56.000Z</time>
      </trkpt>
      <trkpt lat="30.482454" lon="79.198545">
        <ele>2815.914</ele>
        <time>2019-10-29T22:16:57.000Z</time>
      </trkpt>
      <trkpt lat="30.482365" lon="79.198461">
        <ele>2815.269</ele>
        <time>2019-10-29T22:16:58.000Z</time>
      </trkpt>
      <trkpt lat="30.482288" lon="79.198378">
        <ele>2815.44</ele>
        <time>2019-10-29T22:16:59.000Z</time>
      </trkpt>
      <trkpt lat="30.482223" lon="79.198316">
        <ele>2815.516</ele>
        <time>2019-10-29T22:17:00.000Z</time>
      </trkpt>
      <trkpt lat="30.482152" lon="79.198241">
        <ele>2815.812</ele>
        <time>2019-10-29T22:17:01.000Z</time>
      </trkpt>
      <trkpt lat="30.482036" lon="79.198191">
        <ele>2815.438</ele>
        <time>2019-10-29T22:17:02.000Z</time>
      </trkpt>
      <trkpt lat="30.481855" lon="79.198236">
        <ele>2816.17</ele>
        <time>2019-10-29T22:17:03.000Z</time>
      </trkpt>
      <trkpt lat="30.481768" lon="79.198187">
        <ele>2816.217</ele>
        <time>2019-10-29T22:17:04.000Z</time>
      </trkpt>
      <trkpt lat="30.48168" lon="79.198139">
        <ele>2817.008</ele>
        <time>2019-10-29T22:17:05.000Z</time>
      </trkpt>
      <trkpt lat="30.481611" lon="79.197979">
        <ele>2817.037</ele>
        <time>2019-10-29T22:17:06.000Z</time>
      </trkpt>
      <trkpt lat="30.481563" lon="79.197883">
        <ele>2816.936</ele>
        <time>2019-10-29T22:17:07.000Z</time>
      </trkpt>
      <trkpt lat="30.481485" lon="79.197796">
        <ele>2817.136</ele>
        <time>2019-10-29T22:17:08.000Z</time>
      </trkpt>
      <trkpt lat="30.481391" lon="79.197731">
        <ele>2816.752</ele>
        <time>2019-10-29T22:17:09.000Z</time>
      </trkpt>
      <trkpt lat="30.481316" lon="79.197618">
        <ele>2816.927</ele>
        <time>2019-10-29T22:17:10.000Z</time>
      </trkpt>
      <trkpt lat="30.481154" lon="79.197604">
        <ele>2818.138</ele>
        <time>2019-10-29T22:17:11.000Z</time>
      </trkpt>
      <trkpt lat="30.481166" lon="79.197455">
        <ele>2818.454</ele>
        <time>2019-10-29T22:17:12.000Z</time>
      </trkpt>
      <trkpt lat="30.481082" lon="79.197387">
        <ele>2819.75</ele>
        <time>2019-10-29T22:17:13.000Z</time>
      </trkpt>
      <trkpt lat="30.481005" lon="79.197321">
        <ele>2820.083</ele>
        <time>2019-10-29T22:17:14.000Z</time>
      </trkpt>
      <trkpt lat="30.480944" lon="79.197171">
        <ele>2819.025</ele>
        <time>2019-10-29T22:17:15.000Z</time>
      </trkpt>
      <trkpt lat="30.480877" lon="79.197158">
        <ele>2820.517</ele>
        <time>2019-10-29T22:17:16.000Z</time>
      </trkpt>
      <trkpt lat="30.480815" lon="79.19709">
        <ele>2821.708</ele>
        <time>2019-10-29T22:17:17.000Z</time>
      </trkpt>
      <trkpt lat="30.480778" lon="79.197018">
        <ele>2821.932</ele>
        <time>2019-10-29T22:17:18.000Z</time>
      </trkpt>
      <trkpt lat="30.480716" lon="79.196952">
        <ele>2822.711</ele>
        <time>2019-10-29T22:17:19.000Z</time>
      </trkpt>
      <trkpt lat="30.480697" lon="79.196889">
        <ele>2821.871</ele>
        <time>2019-10-29T22:17:20.000Z</time>
      </trkpt>
      <trkpt lat="30.480593" lon="79.196903">
        <ele>2821.957</ele>
        <time>2019-10-29T22:17:22.000Z</time>
      </trkpt>
      <trkpt lat="30.48054" lon="79.196935">
        <ele>2822.762</ele>
        <time>2019-10-29T22:17:23.000Z</time>
      </trkpt>
      <trkpt lat="30.48048" lon="79.197009">
        <ele>2824.813</ele>
        <time>2019-10-29T22:17:24.000Z</time>
      </trkpt>
      <trkpt lat="30.480439" lon="79.197066">
        <ele>2825.529</ele>
        <time>2019-10-29T22:17:26.000Z</time>
      </trkpt>
    </trkseg>
  </trk>
</gpx>
