<?xml version="1.0" encoding="UTF-8"?>
<gpx creator="Garmin Connect" version="1.1"
  xsi:schemaLocation="http://www.topografix.com/GPX/1/1 http://www.topografix.com/GPX/11.xsd"
  xmlns:ns3="http://www.garmin.com/xmlschemas/TrackPointExtension/v1"
  xmlns="http://www.topografix.com/GPX/1/1"
  xmlns:xsi="http://www.w3.org/2001/XMLSchema-instance" xmlns:ns2="http://www.garmin.com/xmlschemas/GpxExtensions/v3">
  <metadata>
    <link href="connect.garmin.com">
      <text>Garmin Connect</text>
    </link>
    <time>2026-07-27T06:14:37.000Z</time>
  </metadata>
  <trk>
    <name>La Grave Randonnée</name>
    <type>hiking</type>
    <trkseg>
      <trkpt lat="45.053124837577342987060546875" lon="6.23816044069826602935791015625">
        <ele>2343.800048828125</ele>
        <time>2026-07-27T06:14:37.000Z</time>
        <extensions>
          <ns3:TrackPointExtension>
            <ns3:hr>132</ns3:hr>
            <ns3:cad>0</ns3:cad>
          </ns3:TrackPointExtension>
        </extensions>
      </trkpt>
      <trkpt lat="45.05313229747116565704345703125" lon="6.238160021603107452392578125">
        <ele>2343.800048828125</ele>
        <time>2026-07-27T06:14:38.000Z</time>
        <extensions>
          <ns3:TrackPointExtension>
            <ns3:hr>132</ns3:hr>
            <ns3:cad>0</ns3:cad>
          </ns3:TrackPointExtension>
        </extensions>
      </trkpt>
      <trkpt lat="45.05316884256899356842041015625" lon="6.23817603103816509246826171875">
        <ele>2343.60009765625</ele>
        <time>2026-07-27T06:14:42.000Z</time>
        <extensions>
          <ns3:TrackPointExtension>
            <ns3:hr>136</ns3:hr>
            <ns3:cad>0</ns3:cad>
          </ns3:TrackPointExtension>
        </extensions>
      </trkpt>
      <trkpt lat="45.0531706027686595916748046875" lon="6.23818525113165378570556640625">
        <ele>2343.199951171875</ele>
        <time>2026-07-27T06:14:46.000Z</time>
        <extensions>
          <ns3:TrackPointExtension>
            <ns3:hr>138</ns3:hr>
            <ns3:cad>0</ns3:cad>
          </ns3:TrackPointExtension>
        </extensions>
      </trkpt>
      <trkpt lat="45.05316783674061298370361328125" lon="6.23815608210861682891845703125">
        <ele>2343</ele>
        <time>2026-07-27T06:14:55.000Z</time>
        <extensions>
          <ns3:TrackPointExtension>
            <ns3:hr>141</ns3:hr>
            <ns3:cad>0</ns3:cad>
          </ns3:TrackPointExtension>
        </extensions>
      </trkpt>
      <trkpt lat="45.0531679205596446990966796875" lon="6.2381561659276485443115234375">
        <ele>2343</ele>
        <time>2026-07-27T06:14:56.000Z</time>
        <extensions>
          <ns3:TrackPointExtension>
            <ns3:hr>147</ns3:hr>
            <ns3:cad>0</ns3:cad>
          </ns3:TrackPointExtension>
        </extensions>
      </trkpt>
      <trkpt lat="45.0531679205596446990966796875" lon="6.2381561659276485443115234375">
        <ele>2343</ele>
        <time>2026-07-27T06:14:57.000Z</time>
        <extensions>
          <ns3:TrackPointExtension>
            <ns3:hr>155</ns3:hr>
            <ns3:cad>0</ns3:cad>
          </ns3:TrackPointExtension>
        </extensions>
      </trkpt>
      <trkpt lat="45.0531679205596446990966796875" lon="6.2381561659276485443115234375">
        <ele>2343</ele>
        <time>2026-07-27T06:14:58.000Z</time>
        <extensions>
          <ns3:TrackPointExtension>
            <ns3:hr>156</ns3:hr>
            <ns3:cad>0</ns3:cad>
          </ns3:TrackPointExtension>
        </extensions>
      </trkpt>
      <trkpt lat="45.0531679205596446990966796875" lon="6.2381561659276485443115234375">
        <ele>2343</ele>
        <time>2026-07-27T06:15:01.000Z</time>
        <extensions>
          <ns3:TrackPointExtension>
            <ns3:hr>153</ns3:hr>
            <ns3:cad>0</ns3:cad>
          </ns3:TrackPointExtension>
        </extensions>
      </trkpt>
      <trkpt lat="45.0531679205596446990966796875" lon="6.2381561659276485443115234375">
        <ele>2343</ele>
        <time>2026-07-27T06:15:03.000Z</time>
        <extensions>
          <ns3:TrackPointExtension>
            <ns3:hr>150</ns3:hr>
            <ns3:cad>0</ns3:cad>
          </ns3:TrackPointExtension>
        </extensions>
      </trkpt>
      <trkpt lat="45.0531679205596446990966796875" lon="6.2381581775844097137451171875">
        <ele>2343</ele>
        <time>2026-07-27T06:15:06.000Z</time>
        <extensions>
          <ns3:TrackPointExtension>
            <ns3:hr>147</ns3:hr>
            <ns3:cad>0</ns3:cad>
          </ns3:TrackPointExtension>
        </extensions>
      </trkpt>
      <trkpt lat="45.0531679205596446990966796875" lon="6.238159351050853729248046875">
        <ele>2343.199951171875</ele>
        <time>2026-07-27T06:15:08.000Z</time>
        <extensions>
          <ns3:TrackPointExtension>
            <ns3:hr>143</ns3:hr>
            <ns3:cad>0</ns3:cad>
          </ns3:TrackPointExtension>
        </extensions>
      </trkpt>
      <trkpt lat="45.05316548980772495269775390625" lon="6.2381650507450103759765625">
        <ele>2343.39990234375</ele>
        <time>2026-07-27T06:15:11.000Z</time>
        <extensions>
          <ns3:TrackPointExtension>
            <ns3:hr>140</ns3:hr>
            <ns3:cad>0</ns3:cad>
          </ns3:TrackPointExtension>
        </extensions>
      </trkpt>
      <trkpt lat="45.0531573593616485595703125" lon="6.238173432648181915283203125">
        <ele>2342.60009765625</ele>
        <time>2026-07-27T06:15:17.000Z</time>
        <extensions>
          <ns3:TrackPointExtension>
            <ns3:hr>139</ns3:hr>
            <ns3:cad>0</ns3:cad>
          </ns3:TrackPointExtension>
        </extensions>
      </trkpt>
      <trkpt lat="45.05321058444678783416748046875" lon="6.23821710236370563507080078125">
        <ele>2341.60009765625</ele>
        <time>2026-07-27T06:15:22.000Z</time>
        <extensions>
          <ns3:TrackPointExtension>
            <ns3:hr>140</ns3:hr>
            <ns3:cad>0</ns3:cad>
          </ns3:TrackPointExtension>
        </extensions>
      </trkpt>
      <trkpt lat="45.05330245010554790496826171875" lon="6.23827041126787662506103515625">
        <ele>2340.60009765625</ele>
        <time>2026-07-27T06:15:30.000Z</time>
        <extensions>
          <ns3:TrackPointExtension>
            <ns3:hr>138</ns3:hr>
            <ns3:cad>55</ns3:cad>
          </ns3:TrackPointExtension>
        </extensions>
      </trkpt>
      <trkpt lat="45.05335056222975254058837890625" lon="6.23830578289926052093505859375">
        <ele>2339.199951171875</ele>
        <time>2026-07-27T06:15:35.000Z</time>
        <extensions>
          <ns3:TrackPointExtension>
            <ns3:hr>138</ns3:hr>
            <ns3:cad>56</ns3:cad>
          </ns3:TrackPointExtension>
        </extensions>
      </trkpt>
      <trkpt lat="45.053447373211383819580078125" lon="6.238345764577388763427734375">
        <ele>2338</ele>
        <time>2026-07-27T06:15:44.000Z</time>
        <extensions>
          <ns3:TrackPointExtension>
            <ns3:hr>138</ns3:hr>
            <ns3:cad>54</ns3:cad>
          </ns3:TrackPointExtension>
        </extensions>
      </trkpt>
      <trkpt lat="45.0535015203058719635009765625" lon="6.2383697368204593658447265625">
        <ele>2336.800048828125</ele>
        <time>2026-07-27T06:15:50.000Z</time>
        <extensions>
          <ns3:TrackPointExtension>
            <ns3:hr>136</ns3:hr>
            <ns3:cad>55</ns3:cad>
          </ns3:TrackPointExtension>
        </extensions>
      </trkpt>
      <trkpt lat="45.053576789796352386474609375" lon="6.2383908592164516448974609375">
        <ele>2335.800048828125</ele>
        <time>2026-07-27T06:15:57.000Z</time>
        <extensions>
          <ns3:TrackPointExtension>
            <ns3:hr>137</ns3:hr>
            <ns3:cad>0</ns3:cad>
          </ns3:TrackPointExtension>
        </extensions>
      </trkpt>
      <trkpt lat="45.0536634586751461029052734375" lon="6.23843134380877017974853515625">
        <ele>2335</ele>
        <time>2026-07-27T06:16:05.000Z</time>
        <extensions>
          <ns3:TrackPointExtension>
            <ns3:hr>134</ns3:hr>
            <ns3:cad>55</ns3:cad>
          </ns3:TrackPointExtension>
        </extensions>
      </trkpt>
      <trkpt lat="45.05367326550185680389404296875" lon="6.23843469657003879547119140625">
        <ele>2335</ele>
        <time>2026-07-27T06:16:06.000Z</time>
        <extensions>
          <ns3:TrackPointExtension>
            <ns3:hr>134</ns3:hr>
            <ns3:cad>55</ns3:cad>
          </ns3:TrackPointExtension>
        </extensions>
      </trkpt>
      <trkpt lat="45.0536939688026905059814453125" lon="6.2384466826915740966796875">
        <ele>2334.800048828125</ele>
        <time>2026-07-27T06:16:08.000Z</time>
        <extensions>
          <ns3:TrackPointExtension>
            <ns3:hr>134</ns3:hr>
            <ns3:cad>55</ns3:cad>
          </ns3:TrackPointExtension>
        </extensions>
      </trkpt>
      <trkpt lat="45.053718276321887969970703125" lon="6.2384639494121074676513671875">
        <ele>2333.60009765625</ele>
        <time>2026-07-27T06:16:12.000Z</time>
        <extensions>
          <ns3:TrackPointExtension>
            <ns3:hr>133</ns3:hr>
            <ns3:cad>55</ns3:cad>
          </ns3:TrackPointExtension>
        </extensions>
      </trkpt>
      <trkpt lat="45.05372665822505950927734375" lon="6.23846135102212429046630859375">
        <ele>2333.39990234375</ele>
        <time>2026-07-27T06:16:13.000Z</time>
        <extensions>
          <ns3:TrackPointExtension>
            <ns3:hr>133</ns3:hr>
            <ns3:cad>50</ns3:cad>
          </ns3:TrackPointExtension>
        </extensions>
      </trkpt>
      <trkpt lat="45.05374409258365631103515625" lon="6.2384629435837268829345703125">
        <ele>2332.60009765625</ele>
        <time>2026-07-27T06:16:15.000Z</time>
        <extensions>
          <ns3:TrackPointExtension>
            <ns3:hr>133</ns3:hr>
            <ns3:cad>50</ns3:cad>
          </ns3:TrackPointExtension>
        </extensions>
      </trkpt>
      <trkpt lat="45.053761862218379974365234375" lon="6.2384662963449954986572265625">
        <ele>2332.39990234375</ele>
        <time>2026-07-27T06:16:17.000Z</time>
        <extensions>
          <ns3:TrackPointExtension>
            <ns3:hr>133</ns3:hr>
            <ns3:cad>53</ns3:cad>
          </ns3:TrackPointExtension>
        </extensions>
      </trkpt>
      <trkpt lat="45.05380134098231792449951171875" lon="6.23848549090325832366943359375">
        <ele>2331.60009765625</ele>
        <time>2026-07-27T06:16:21.000Z</time>
        <extensions>
          <ns3:TrackPointExtension>
            <ns3:hr>132</ns3:hr>
            <ns3:cad>0</ns3:cad>
          </ns3:TrackPointExtension>
        </extensions>
      </trkpt>
      <trkpt lat="45.05382497794926166534423828125" lon="6.2384941242635250091552734375">
        <ele>2331</ele>
        <time>2026-07-27T06:16:23.000Z</time>
        <extensions>
          <ns3:TrackPointExtension>
            <ns3:hr>132</ns3:hr>
            <ns3:cad>0</ns3:cad>
          </ns3:TrackPointExtension>
        </extensions>
      </trkpt>
      <trkpt lat="45.0538468547165393829345703125" lon="6.2385004945099353790283203125">
        <ele>2330.39990234375</ele>
        <time>2026-07-27T06:16:25.000Z</time>
        <extensions>
          <ns3:TrackPointExtension>
            <ns3:hr>132</ns3:hr>
            <ns3:cad>0</ns3:cad>
          </ns3:TrackPointExtension>
        </extensions>
      </trkpt>
      <trkpt lat="45.05389505065977573394775390625" lon="6.23853159137070178985595703125">
        <ele>2329.39990234375</ele>
        <time>2026-07-27T06:16:30.000Z</time>
        <extensions>
          <ns3:TrackPointExtension>
            <ns3:hr>131</ns3:hr>
            <ns3:cad>52</ns3:cad>
          </ns3:TrackPointExtension>
        </extensions>
      </trkpt>
      <trkpt lat="45.05394249223172664642333984375" lon="6.23855019919574260711669921875">
        <ele>2328.39990234375</ele>
        <time>2026-07-27T06:16:34.000Z</time>
        <extensions>
          <ns3:TrackPointExtension>
            <ns3:hr>130</ns3:hr>
            <ns3:cad>56</ns3:cad>
          </ns3:TrackPointExtension>
        </extensions>
      </trkpt>
      <trkpt lat="45.05395187996327877044677734375" lon="6.23855673708021640777587890625">
        <ele>2328.199951171875</ele>
        <time>2026-07-27T06:16:35.000Z</time>
        <extensions>
          <ns3:TrackPointExtension>
            <ns3:hr>130</ns3:hr>
            <ns3:cad>55</ns3:cad>
          </ns3:TrackPointExtension>
        </extensions>
      </trkpt>
      <trkpt lat="45.0539994053542613983154296875" lon="6.238582134246826171875">
        <ele>2326.800048828125</ele>
        <time>2026-07-27T06:16:40.000Z</time>
        <extensions>
          <ns3:TrackPointExtension>
            <ns3:hr>127</ns3:hr>
            <ns3:cad>55</ns3:cad>
          </ns3:TrackPointExtension>
        </extensions>
      </trkpt>
      <trkpt lat="45.05404575727880001068115234375" lon="6.23860199935734272003173828125">
        <ele>2326</ele>
        <time>2026-07-27T06:16:45.000Z</time>
        <extensions>
          <ns3:TrackPointExtension>
            <ns3:hr>126</ns3:hr>
            <ns3:cad>54</ns3:cad>
          </ns3:TrackPointExtension>
        </extensions>
      </trkpt>
      <trkpt lat="45.05405656993389129638671875" lon="6.23860619030892848968505859375">
        <ele>2325.60009765625</ele>
        <time>2026-07-27T06:16:46.000Z</time>
        <extensions>
          <ns3:TrackPointExtension>
            <ns3:hr>126</ns3:hr>
            <ns3:cad>54</ns3:cad>
          </ns3:TrackPointExtension>
        </extensions>
      </trkpt>
      <trkpt lat="45.0541522912681102752685546875" lon="6.238642148673534393310546875">
        <ele>2324.800048828125</ele>
        <time>2026-07-27T06:16:54.000Z</time>
        <extensions>
          <ns3:TrackPointExtension>
            <ns3:hr>126</ns3:hr>
            <ns3:cad>56</ns3:cad>
          </ns3:TrackPointExtension>
        </extensions>
      </trkpt>
      <trkpt lat="45.0541605055332183837890625" lon="6.23864323832094669342041015625">
        <ele>2324.60009765625</ele>
        <time>2026-07-27T06:16:55.000Z</time>
        <extensions>
          <ns3:TrackPointExtension>
            <ns3:hr>126</ns3:hr>
            <ns3:cad>59</ns3:cad>
          </ns3:TrackPointExtension>
        </extensions>
      </trkpt>
      <trkpt lat="45.05422697402536869049072265625" lon="6.2386892549693584442138671875">
        <ele>2323.60009765625</ele>
        <time>2026-07-27T06:17:02.000Z</time>
        <extensions>
          <ns3:TrackPointExtension>
            <ns3:hr>126</ns3:hr>
            <ns3:cad>0</ns3:cad>
          </ns3:TrackPointExtension>
        </extensions>
      </trkpt>
      <trkpt lat="45.054236948490142822265625" lon="6.2386999838054180145263671875">
        <ele>2323.39990234375</ele>
        <time>2026-07-27T06:17:03.000Z</time>
        <extensions>
          <ns3:TrackPointExtension>
            <ns3:hr>126</ns3:hr>
            <ns3:cad>0</ns3:cad>
          </ns3:TrackPointExtension>
        </extensions>
      </trkpt>
      <trkpt lat="45.05428313277661800384521484375" lon="6.23877902515232563018798828125">
        <ele>2322.39990234375</ele>
        <time>2026-07-27T06:17:09.000Z</time>
        <extensions>
          <ns3:TrackPointExtension>
            <ns3:hr>126</ns3:hr>
            <ns3:cad>54</ns3:cad>
          </ns3:TrackPointExtension>
        </extensions>
      </trkpt>
      <trkpt lat="45.05435488186776638031005859375" lon="6.2388706393539905548095703125">
        <ele>2321.39990234375</ele>
        <time>2026-07-27T06:17:17.000Z</time>
        <extensions>
          <ns3:TrackPointExtension>
            <ns3:hr>127</ns3:hr>
            <ns3:cad>52</ns3:cad>
          </ns3:TrackPointExtension>
        </extensions>
      </trkpt>
      <trkpt lat="45.0543621741235256195068359375" lon="6.238882541656494140625">
        <ele>2321.39990234375</ele>
        <time>2026-07-27T06:17:20.000Z</time>
        <extensions>
          <ns3:TrackPointExtension>
            <ns3:hr>130</ns3:hr>
            <ns3:cad>0</ns3:cad>
          </ns3:TrackPointExtension>
        </extensions>
      </trkpt>
      <trkpt lat="45.05436426959931850433349609375" lon="6.23888346366584300994873046875">
        <ele>2321.39990234375</ele>
        <time>2026-07-27T06:17:21.000Z</time>
        <extensions>
          <ns3:TrackPointExtension>
            <ns3:hr>131</ns3:hr>
            <ns3:cad>0</ns3:cad>
          </ns3:TrackPointExtension>
        </extensions>
      </trkpt>
      <trkpt lat="45.05437667481601238250732421875" lon="6.23889486305415630340576171875">
        <ele>2321.199951171875</ele>
        <time>2026-07-27T06:17:23.000Z</time>
        <extensions>
          <ns3:TrackPointExtension>
            <ns3:hr>131</ns3:hr>
            <ns3:cad>0</ns3:cad>
          </ns3:TrackPointExtension>
        </extensions>
      </trkpt>
      <trkpt lat="45.0544107891619205474853515625" lon="6.23893509618937969207763671875">
        <ele>2321.199951171875</ele>
        <time>2026-07-27T06:17:27.000Z</time>
        <extensions>
          <ns3:TrackPointExtension>
            <ns3:hr>128</ns3:hr>
            <ns3:cad>0</ns3:cad>
          </ns3:TrackPointExtension>
        </extensions>
      </trkpt>
      <trkpt lat="45.05444356240332126617431640625" lon="6.23898270539939403533935546875">
        <ele>2321.199951171875</ele>
        <time>2026-07-27T06:17:31.000Z</time>
        <extensions>
          <ns3:TrackPointExtension>
            <ns3:hr>128</ns3:hr>
            <ns3:cad>0</ns3:cad>
          </ns3:TrackPointExtension>
        </extensions>
      </trkpt>
      <trkpt lat="45.0545368529856204986572265625" lon="6.2390743196010589599609375">
        <ele>2320.199951171875</ele>
        <time>2026-07-27T06:17:40.000Z</time>
        <extensions>
          <ns3:TrackPointExtension>
            <ns3:hr>128</ns3:hr>
            <ns3:cad>53</ns3:cad>
          </ns3:TrackPointExtension>
        </extensions>
      </trkpt>
      <trkpt lat="45.05456677637994289398193359375" lon="6.23910323716700077056884765625">
        <ele>2320.199951171875</ele>
        <time>2026-07-27T06:17:43.000Z</time>
        <extensions>
          <ns3:TrackPointExtension>
            <ns3:hr>128</ns3:hr>
            <ns3:cad>53</ns3:cad>
          </ns3:TrackPointExtension>
        </extensions>
      </trkpt>
      <trkpt lat="45.05466652102768421173095703125" lon="6.23918822966516017913818359375">
        <ele>2320.199951171875</ele>
        <time>2026-07-27T06:17:54.000Z</time>
        <extensions>
          <ns3:TrackPointExtension>
            <ns3:hr>128</ns3:hr>
            <ns3:cad>0</ns3:cad>
          </ns3:TrackPointExtension>
        </extensions>
      </trkpt>
      <trkpt lat="45.05473474971950054168701171875" lon="6.23922779224812984466552734375">
        <ele>2320.39990234375</ele>
        <time>2026-07-27T06:18:02.000Z</time>
        <extensions>
          <ns3:TrackPointExtension>
            <ns3:hr>128</ns3:hr>
            <ns3:cad>0</ns3:cad>
          </ns3:TrackPointExtension>
        </extensions>
      </trkpt>
      <trkpt lat="45.0548476539552211761474609375" lon="6.23933675698935985565185546875">
        <ele>2320.39990234375</ele>
        <time>2026-07-27T06:18:13.000Z</time>
        <extensions>
          <ns3:TrackPointExtension>
            <ns3:hr>128</ns3:hr>
            <ns3:cad>52</ns3:cad>
          </ns3:TrackPointExtension>
        </extensions>
      </trkpt>
      <trkpt lat="45.05490414798259735107421875" lon="6.23938436619937419891357421875">
        <ele>2320.60009765625</ele>
        <time>2026-07-27T06:18:19.000Z</time>
        <extensions>
          <ns3:TrackPointExtension>
            <ns3:hr>124</ns3:hr>
            <ns3:cad>53</ns3:cad>
          </ns3:TrackPointExtension>
        </extensions>
      </trkpt>
      <trkpt lat="45.05495552904903888702392578125" lon="6.2394204922020435333251953125">
        <ele>2320.800048828125</ele>
        <time>2026-07-27T06:18:24.000Z</time>
        <extensions>
          <ns3:TrackPointExtension>
            <ns3:hr>125</ns3:hr>
            <ns3:cad>48</ns3:cad>
          </ns3:TrackPointExtension>
        </extensions>
      </trkpt>
      <trkpt lat="45.0550672598183155059814453125" lon="6.23951529152691364288330078125">
        <ele>2320.60009765625</ele>
        <time>2026-07-27T06:18:35.000Z</time>
        <extensions>
          <ns3:TrackPointExtension>
            <ns3:hr>127</ns3:hr>
            <ns3:cad>50</ns3:cad>
          </ns3:TrackPointExtension>
        </extensions>
      </trkpt>
      <trkpt lat="45.05517278797924518585205078125" lon="6.2395700253546237945556640625">
        <ele>2319.800048828125</ele>
        <time>2026-07-27T06:18:46.000Z</time>
        <extensions>
          <ns3:TrackPointExtension>
            <ns3:hr>128</ns3:hr>
            <ns3:cad>53</ns3:cad>
          </ns3:TrackPointExtension>
        </extensions>
      </trkpt>
      <trkpt lat="45.05525224842131137847900390625" lon="6.23959978111088275909423828125">
        <ele>2319.199951171875</ele>
        <time>2026-07-27T06:18:53.000Z</time>
        <extensions>
          <ns3:TrackPointExtension>
            <ns3:hr>128</ns3:hr>
            <ns3:cad>51</ns3:cad>
          </ns3:TrackPointExtension>
        </extensions>
      </trkpt>
      <trkpt lat="45.0552845187485218048095703125" lon="6.2396172992885112762451171875">
        <ele>2319</ele>
        <time>2026-07-27T06:18:56.000Z</time>
        <extensions>
          <ns3:TrackPointExtension>
            <ns3:hr>128</ns3:hr>
            <ns3:cad>54</ns3:cad>
          </ns3:TrackPointExtension>
        </extensions>
      </trkpt>
      <trkpt lat="45.0553723610937595367431640625" lon="6.2396541796624660491943359375">
        <ele>2318.199951171875</ele>
        <time>2026-07-27T06:19:04.000Z</time>
        <extensions>
          <ns3:TrackPointExtension>
            <ns3:hr>128</ns3:hr>
            <ns3:cad>48</ns3:cad>
          </ns3:TrackPointExtension>
        </extensions>
      </trkpt>
      <trkpt lat="45.05540278740227222442626953125" lon="6.2396786548197269439697265625">
        <ele>2317.800048828125</ele>
        <time>2026-07-27T06:19:07.000Z</time>
        <extensions>
          <ns3:TrackPointExtension>
            <ns3:hr>128</ns3:hr>
            <ns3:cad>51</ns3:cad>
          </ns3:TrackPointExtension>
        </extensions>
      </trkpt>
      <trkpt lat="45.05544519983232021331787109375" lon="6.23974529094994068145751953125">
        <ele>2317</ele>
        <time>2026-07-27T06:19:13.000Z</time>
        <extensions>
          <ns3:TrackPointExtension>
            <ns3:hr>129</ns3:hr>
            <ns3:cad>53</ns3:cad>
          </ns3:TrackPointExtension>
        </extensions>
      </trkpt>
      <trkpt lat="45.05546431057155132293701171875" lon="6.23976373113691806793212890625">
        <ele>2316.800048828125</ele>
        <time>2026-07-27T06:19:15.000Z</time>
        <extensions>
          <ns3:TrackPointExtension>
            <ns3:hr>129</ns3:hr>
            <ns3:cad>51</ns3:cad>
          </ns3:TrackPointExtension>
        </extensions>
      </trkpt>
      <trkpt lat="45.05549901165068149566650390625" lon="6.23979893513023853302001953125">
        <ele>2316</ele>
        <time>2026-07-27T06:19:19.000Z</time>
        <extensions>
          <ns3:TrackPointExtension>
            <ns3:hr>130</ns3:hr>
            <ns3:cad>52</ns3:cad>
          </ns3:TrackPointExtension>
        </extensions>
      </trkpt>
      <trkpt lat="45.05556472577154636383056640625" lon="6.2398462928831577301025390625">
        <ele>2315.199951171875</ele>
        <time>2026-07-27T06:19:26.000Z</time>
        <extensions>
          <ns3:TrackPointExtension>
            <ns3:hr>130</ns3:hr>
            <ns3:cad>47</ns3:cad>
          </ns3:TrackPointExtension>
        </extensions>
      </trkpt>
      <trkpt lat="45.05558266304433345794677734375" lon="6.2398630566895008087158203125">
        <ele>2315</ele>
        <time>2026-07-27T06:19:28.000Z</time>
        <extensions>
          <ns3:TrackPointExtension>
            <ns3:hr>131</ns3:hr>
            <ns3:cad>49</ns3:cad>
          </ns3:TrackPointExtension>
        </extensions>
      </trkpt>
      <trkpt lat="45.05566656589508056640625" lon="6.239951066672801971435546875">
        <ele>2313.60009765625</ele>
        <time>2026-07-27T06:19:38.000Z</time>
        <extensions>
          <ns3:TrackPointExtension>
            <ns3:hr>132</ns3:hr>
            <ns3:cad>51</ns3:cad>
          </ns3:TrackPointExtension>
        </extensions>
      </trkpt>
      <trkpt lat="45.05567000247538089752197265625" lon="6.23995869420468807220458984375">
        <ele>2313.60009765625</ele>
        <time>2026-07-27T06:19:39.000Z</time>
        <extensions>
          <ns3:TrackPointExtension>
            <ns3:hr>132</ns3:hr>
            <ns3:cad>51</ns3:cad>
          </ns3:TrackPointExtension>
        </extensions>
      </trkpt>
      <trkpt lat="45.0556684099137783050537109375" lon="6.23996338807046413421630859375">
        <ele>2313.39990234375</ele>
        <time>2026-07-27T06:19:43.000Z</time>
        <extensions>
          <ns3:TrackPointExtension>
            <ns3:hr>132</ns3:hr>
            <ns3:cad>0</ns3:cad>
          </ns3:TrackPointExtension>
        </extensions>
      </trkpt>
      <trkpt lat="45.05566849373281002044677734375" lon="6.23996078968048095703125">
        <ele>2313.39990234375</ele>
        <time>2026-07-27T06:19:47.000Z</time>
        <extensions>
          <ns3:TrackPointExtension>
            <ns3:hr>129</ns3:hr>
            <ns3:cad>0</ns3:cad>
          </ns3:TrackPointExtension>
        </extensions>
      </trkpt>
      <trkpt lat="45.05566857755184173583984375" lon="6.23995919711887836456298828125">
        <ele>2313.199951171875</ele>
        <time>2026-07-27T06:19:57.000Z</time>
        <extensions>
          <ns3:TrackPointExtension>
            <ns3:hr>126</ns3:hr>
            <ns3:cad>0</ns3:cad>
          </ns3:TrackPointExtension>
        </extensions>
      </trkpt>
      <trkpt lat="45.05566857755184173583984375" lon="6.23995919711887836456298828125">
        <ele>2313</ele>
        <time>2026-07-27T06:19:59.000Z</time>
        <extensions>
          <ns3:TrackPointExtension>
            <ns3:hr>122</ns3:hr>
            <ns3:cad>0</ns3:cad>
          </ns3:TrackPointExtension>
        </extensions>
      </trkpt>
      <trkpt lat="45.05566857755184173583984375" lon="6.23995919711887836456298828125">
        <ele>2313</ele>
        <time>2026-07-27T06:20:03.000Z</time>
        <extensions>
          <ns3:TrackPointExtension>
            <ns3:hr>119</ns3:hr>
            <ns3:cad>0</ns3:cad>
          </ns3:TrackPointExtension>
        </extensions>
      </trkpt>
      <trkpt lat="45.0556851737201213836669921875" lon="6.23996824957430362701416015625">
        <ele>2313</ele>
        <time>2026-07-27T06:20:09.000Z</time>
        <extensions>
          <ns3:TrackPointExtension>
            <ns3:hr>122</ns3:hr>
            <ns3:cad>0</ns3:cad>
          </ns3:TrackPointExtension>
        </extensions>
      </trkpt>
      <trkpt lat="45.05572029389441013336181640625" lon="6.2400021962821483612060546875">
        <ele>2313</ele>
        <time>2026-07-27T06:20:12.000Z</time>
        <extensions>
          <ns3:TrackPointExtension>
            <ns3:hr>125</ns3:hr>
            <ns3:cad>49</ns3:cad>
          </ns3:TrackPointExtension>
        </extensions>
      </trkpt>
      <trkpt lat="45.05574644543230533599853515625" lon="6.24002457596361637115478515625">
        <ele>2312.60009765625</ele>
        <time>2026-07-27T06:20:15.000Z</time>
        <extensions>
          <ns3:TrackPointExtension>
            <ns3:hr>124</ns3:hr>
            <ns3:cad>50</ns3:cad>
          </ns3:TrackPointExtension>
        </extensions>
      </trkpt>
      <trkpt lat="45.0557579286396503448486328125" lon="6.24002960510551929473876953125">
        <ele>2312.199951171875</ele>
        <time>2026-07-27T06:20:17.000Z</time>
        <extensions>
          <ns3:TrackPointExtension>
            <ns3:hr>123</ns3:hr>
            <ns3:cad>0</ns3:cad>
          </ns3:TrackPointExtension>
        </extensions>
      </trkpt>
      <trkpt lat="45.0558223016560077667236328125" lon="6.24008676968514919281005859375">
        <ele>2312.199951171875</ele>
        <time>2026-07-27T06:20:23.000Z</time>
        <extensions>
          <ns3:TrackPointExtension>
            <ns3:hr>121</ns3:hr>
            <ns3:cad>0</ns3:cad>
          </ns3:TrackPointExtension>
        </extensions>
      </trkpt>
      <trkpt lat="45.0559493713080883026123046875" lon="6.24019808135926723480224609375">
        <ele>2312.60009765625</ele>
        <time>2026-07-27T06:20:35.000Z</time>
        <extensions>
          <ns3:TrackPointExtension>
            <ns3:hr>120</ns3:hr>
            <ns3:cad>53</ns3:cad>
          </ns3:TrackPointExtension>
        </extensions>
      </trkpt>
      <trkpt lat="45.0560606829822063446044921875" lon="6.2402861751616001129150390625">
        <ele>2312.800048828125</ele>
        <time>2026-07-27T06:20:45.000Z</time>
        <extensions>
          <ns3:TrackPointExtension>
            <ns3:hr>121</ns3:hr>
            <ns3:cad>54</ns3:cad>
          </ns3:TrackPointExtension>
        </extensions>
      </trkpt>
      <trkpt lat="45.0561646185815334320068359375" lon="6.2403837405145168304443359375">
        <ele>2313.199951171875</ele>
        <time>2026-07-27T06:20:55.000Z</time>
        <extensions>
          <ns3:TrackPointExtension>
            <ns3:hr>122</ns3:hr>
            <ns3:cad>0</ns3:cad>
          </ns3:TrackPointExtension>
        </extensions>
      </trkpt>
      <trkpt lat="45.05619370378553867340087890625" lon="6.24041550792753696441650390625">
        <ele>2313.39990234375</ele>
        <time>2026-07-27T06:20:58.000Z</time>
        <extensions>
          <ns3:TrackPointExtension>
            <ns3:hr>126</ns3:hr>
            <ns3:cad>52</ns3:cad>
          </ns3:TrackPointExtension>
        </extensions>
      </trkpt>
      <trkpt lat="45.056212060153484344482421875" lon="6.24043344520032405853271484375">
        <ele>2313.39990234375</ele>
        <time>2026-07-27T06:21:00.000Z</time>
        <extensions>
          <ns3:TrackPointExtension>
            <ns3:hr>130</ns3:hr>
            <ns3:cad>53</ns3:cad>
          </ns3:TrackPointExtension>
        </extensions>
      </trkpt>
      <trkpt lat="45.05623410455882549285888671875" lon="6.2404591776430606842041015625">
        <ele>2313.39990234375</ele>
        <time>2026-07-27T06:21:03.000Z</time>
        <extensions>
          <ns3:TrackPointExtension>
            <ns3:hr>133</ns3:hr>
            <ns3:cad>53</ns3:cad>
          </ns3:TrackPointExtension>
        </extensions>
      </trkpt>
      <trkpt lat="45.05625321529805660247802734375" lon="6.24048055149614810943603515625">
        <ele>2313.800048828125</ele>
        <time>2026-07-27T06:21:05.000Z</time>
        <extensions>
          <ns3:TrackPointExtension>
            <ns3:hr>133</ns3:hr>
            <ns3:cad>52</ns3:cad>
          </ns3:TrackPointExtension>
        </extensions>
      </trkpt>
      <trkpt lat="45.05629277788102626800537109375" lon="6.240528412163257598876953125">
        <ele>2314.199951171875</ele>
        <time>2026-07-27T06:21:09.000Z</time>
        <extensions>
          <ns3:TrackPointExtension>
            <ns3:hr>136</ns3:hr>
            <ns3:cad>53</ns3:cad>
          </ns3:TrackPointExtension>
        </extensions>
      </trkpt>
      <trkpt lat="45.05630417726933956146240234375" lon="6.24053704552352428436279296875">
        <ele>2314.199951171875</ele>
        <time>2026-07-27T06:21:10.000Z</time>
        <extensions>
          <ns3:TrackPointExtension>
            <ns3:hr>137</ns3:hr>
            <ns3:cad>53</ns3:cad>
          </ns3:TrackPointExtension>
        </extensions>
      </trkpt>
      <trkpt lat="45.05633250810205936431884765625" lon="6.2405647896230220794677734375">
        <ele>2314.60009765625</ele>
        <time>2026-07-27T06:21:13.000Z</time>
        <extensions>
          <ns3:TrackPointExtension>
            <ns3:hr>140</ns3:hr>
            <ns3:cad>53</ns3:cad>
          </ns3:TrackPointExtension>
        </extensions>
      </trkpt>
      <trkpt lat="45.0563661195337772369384765625" lon="6.2405978143215179443359375">
        <ele>2314.800048828125</ele>
        <time>2026-07-27T06:21:16.000Z</time>
        <extensions>
          <ns3:TrackPointExtension>
            <ns3:hr>143</ns3:hr>
            <ns3:cad>53</ns3:cad>
          </ns3:TrackPointExtension>
        </extensions>
      </trkpt>
      <trkpt lat="45.0563761778175830841064453125" lon="6.240606866776943206787109375">
        <ele>2314.800048828125</ele>
        <time>2026-07-27T06:21:17.000Z</time>
        <extensions>
          <ns3:TrackPointExtension>
            <ns3:hr>143</ns3:hr>
            <ns3:cad>53</ns3:cad>
          </ns3:TrackPointExtension>
        </extensions>
      </trkpt>
      <trkpt lat="45.05642789416015148162841796875" lon="6.2406378798186779022216796875">
        <ele>2314.60009765625</ele>
        <time>2026-07-27T06:21:22.000Z</time>
        <extensions>
          <ns3:TrackPointExtension>
            <ns3:hr>142</ns3:hr>
            <ns3:cad>53</ns3:cad>
          </ns3:TrackPointExtension>
        </extensions>
      </trkpt>
      <trkpt lat="45.05656166933476924896240234375" lon="6.24072832055389881134033203125">
        <ele>2314</ele>
        <time>2026-07-27T06:21:34.000Z</time>
        <extensions>
          <ns3:TrackPointExtension>
            <ns3:hr>142</ns3:hr>
            <ns3:cad>55</ns3:cad>
          </ns3:TrackPointExtension>
        </extensions>
      </trkpt>
      <trkpt lat="45.05663685500621795654296875" lon="6.24078615568578243255615234375">
        <ele>2313.800048828125</ele>
        <time>2026-07-27T06:21:41.000Z</time>
        <extensions>
          <ns3:TrackPointExtension>
            <ns3:hr>140</ns3:hr>
            <ns3:cad>54</ns3:cad>
          </ns3:TrackPointExtension>
        </extensions>
      </trkpt>
      <trkpt lat="45.0566906668245792388916015625" lon="6.24084382317960262298583984375">
        <ele>2313.60009765625</ele>
        <time>2026-07-27T06:21:46.000Z</time>
        <extensions>
          <ns3:TrackPointExtension>
            <ns3:hr>139</ns3:hr>
            <ns3:cad>0</ns3:cad>
          </ns3:TrackPointExtension>
        </extensions>
      </trkpt>
      <trkpt lat="45.05679016001522541046142578125" lon="6.240934431552886962890625">
        <ele>2312.800048828125</ele>
        <time>2026-07-27T06:21:57.000Z</time>
        <extensions>
          <ns3:TrackPointExtension>
            <ns3:hr>138</ns3:hr>
            <ns3:cad>52</ns3:cad>
          </ns3:TrackPointExtension>
        </extensions>
      </trkpt>
      <trkpt lat="45.056801475584506988525390625" lon="6.2409416399896144866943359375">
        <ele>2312.60009765625</ele>
        <time>2026-07-27T06:21:58.000Z</time>
        <extensions>
          <ns3:TrackPointExtension>
            <ns3:hr>138</ns3:hr>
            <ns3:cad>51</ns3:cad>
          </ns3:TrackPointExtension>
        </extensions>
      </trkpt>
      <trkpt lat="45.0568663515150547027587890625" lon="6.24098111875355243682861328125">
        <ele>2311.60009765625</ele>
        <time>2026-07-27T06:22:05.000Z</time>
        <extensions>
          <ns3:TrackPointExtension>
            <ns3:hr>136</ns3:hr>
            <ns3:cad>53</ns3:cad>
          </ns3:TrackPointExtension>
        </extensions>
      </trkpt>
      <trkpt lat="45.05694488994777202606201171875" lon="6.24102721922099590301513671875">
        <ele>2310.800048828125</ele>
        <time>2026-07-27T06:22:13.000Z</time>
        <extensions>
          <ns3:TrackPointExtension>
            <ns3:hr>133</ns3:hr>
            <ns3:cad>51</ns3:cad>
          </ns3:TrackPointExtension>
        </extensions>
      </trkpt>
      <trkpt lat="45.056967772543430328369140625" lon="6.24103627167642116546630859375">
        <ele>2310.60009765625</ele>
        <time>2026-07-27T06:22:15.000Z</time>
        <extensions>
          <ns3:TrackPointExtension>
            <ns3:hr>131</ns3:hr>
            <ns3:cad>51</ns3:cad>
          </ns3:TrackPointExtension>
        </extensions>
      </trkpt>
      <trkpt lat="45.0569929182529449462890625" lon="6.24103526584804058074951171875">
        <ele>2310.39990234375</ele>
        <time>2026-07-27T06:22:20.000Z</time>
        <extensions>
          <ns3:TrackPointExtension>
            <ns3:hr>131</ns3:hr>
            <ns3:cad>0</ns3:cad>
          </ns3:TrackPointExtension>
        </extensions>
      </trkpt>
      <trkpt lat="45.0569950975477695465087890625" lon="6.241037361323833465576171875">
        <ele>2310.199951171875</ele>
        <time>2026-07-27T06:22:27.000Z</time>
        <extensions>
          <ns3:TrackPointExtension>
            <ns3:hr>130</ns3:hr>
            <ns3:cad>0</ns3:cad>
          </ns3:TrackPointExtension>
        </extensions>
      </trkpt>
      <trkpt lat="45.0569954328238964080810546875" lon="6.24103861860930919647216796875">
        <ele>2310.199951171875</ele>
        <time>2026-07-27T06:22:35.000Z</time>
        <extensions>
          <ns3:TrackPointExtension>
            <ns3:hr>131</ns3:hr>
            <ns3:cad>0</ns3:cad>
          </ns3:TrackPointExtension>
        </extensions>
      </trkpt>
      <trkpt lat="45.05699501372873783111572265625" lon="6.24103861860930919647216796875">
        <ele>2310</ele>
        <time>2026-07-27T06:22:43.000Z</time>
        <extensions>
          <ns3:TrackPointExtension>
            <ns3:hr>127</ns3:hr>
            <ns3:cad>0</ns3:cad>
          </ns3:TrackPointExtension>
        </extensions>
      </trkpt>
      <trkpt lat="45.05699501372873783111572265625" lon="6.24103861860930919647216796875">
        <ele>2310</ele>
        <time>2026-07-27T06:22:44.000Z</time>
        <extensions>
          <ns3:TrackPointExtension>
            <ns3:hr>123</ns3:hr>
            <ns3:cad>0</ns3:cad>
          </ns3:TrackPointExtension>
        </extensions>
      </trkpt>
      <trkpt lat="45.05699501372873783111572265625" lon="6.24103861860930919647216796875">
        <ele>2310</ele>
        <time>2026-07-27T06:22:45.000Z</time>
        <extensions>
          <ns3:TrackPointExtension>
            <ns3:hr>120</ns3:hr>
            <ns3:cad>0</ns3:cad>
          </ns3:TrackPointExtension>
        </extensions>
      </trkpt>
      <trkpt lat="45.05699501372873783111572265625" lon="6.24103861860930919647216796875">
        <ele>2310</ele>
        <time>2026-07-27T06:22:46.000Z</time>
        <extensions>
          <ns3:TrackPointExtension>
            <ns3:hr>120</ns3:hr>
            <ns3:cad>0</ns3:cad>
          </ns3:TrackPointExtension>
        </extensions>
      </trkpt>
      <trkpt lat="45.05699551664292812347412109375" lon="6.2410392053425312042236328125">
        <ele>2310.199951171875</ele>
        <time>2026-07-27T06:22:54.000Z</time>
        <extensions>
          <ns3:TrackPointExtension>
            <ns3:hr>118</ns3:hr>
            <ns3:cad>0</ns3:cad>
          </ns3:TrackPointExtension>
        </extensions>
      </trkpt>
      <trkpt lat="45.05699635483324527740478515625" lon="6.2410392053425312042236328125">
        <ele>2309.60009765625</ele>
        <time>2026-07-27T06:23:01.000Z</time>
        <extensions>
          <ns3:TrackPointExtension>
            <ns3:hr>115</ns3:hr>
            <ns3:cad>0</ns3:cad>
          </ns3:TrackPointExtension>
        </extensions>
      </trkpt>
      <trkpt lat="45.056998617947101593017578125" lon="6.24103526584804058074951171875">
        <ele>2310.39990234375</ele>
        <time>2026-07-27T06:23:14.000Z</time>
        <extensions>
          <ns3:TrackPointExtension>
            <ns3:hr>109</ns3:hr>
            <ns3:cad>0</ns3:cad>
          </ns3:TrackPointExtension>
        </extensions>
      </trkpt>
      <trkpt lat="45.05699870176613330841064453125" lon="6.2410338409245014190673828125">
        <ele>2310.199951171875</ele>
        <time>2026-07-27T06:23:19.000Z</time>
        <extensions>
          <ns3:TrackPointExtension>
            <ns3:hr>115</ns3:hr>
            <ns3:cad>0</ns3:cad>
          </ns3:TrackPointExtension>
        </extensions>
      </trkpt>
      <trkpt lat="45.05699870176613330841064453125" lon="6.2410338409245014190673828125">
        <ele>2309.800048828125</ele>
        <time>2026-07-27T06:23:20.000Z</time>
        <extensions>
          <ns3:TrackPointExtension>
            <ns3:hr>114</ns3:hr>
            <ns3:cad>0</ns3:cad>
          </ns3:TrackPointExtension>
        </extensions>
      </trkpt>
      <trkpt lat="45.05699601955711841583251953125" lon="6.24103358946740627288818359375">
        <ele>2309.199951171875</ele>
        <time>2026-07-27T06:23:54.000Z</time>
        <extensions>
          <ns3:TrackPointExtension>
            <ns3:hr>116</ns3:hr>
            <ns3:cad>0</ns3:cad>
          </ns3:TrackPointExtension>
        </extensions>
      </trkpt>
      <trkpt lat="45.05699585191905498504638671875" lon="6.2410365231335163116455078125">
        <ele>2308.60009765625</ele>
        <time>2026-07-27T06:24:00.000Z</time>
        <extensions>
          <ns3:TrackPointExtension>
            <ns3:hr>119</ns3:hr>
            <ns3:cad>0</ns3:cad>
          </ns3:TrackPointExtension>
        </extensions>
      </trkpt>
      <trkpt lat="45.05699233151972293853759765625" lon="6.24104197137057781219482421875">
        <ele>2308.39990234375</ele>
        <time>2026-07-27T06:24:07.000Z</time>
        <extensions>
          <ns3:TrackPointExtension>
            <ns3:hr>116</ns3:hr>
            <ns3:cad>0</ns3:cad>
          </ns3:TrackPointExtension>
        </extensions>
      </trkpt>
      <trkpt lat="45.0569920800626277923583984375" lon="6.24104230664670467376708984375">
        <ele>2308.39990234375</ele>
        <time>2026-07-27T06:24:08.000Z</time>
        <extensions>
          <ns3:TrackPointExtension>
            <ns3:hr>116</ns3:hr>
            <ns3:cad>0</ns3:cad>
          </ns3:TrackPointExtension>
        </extensions>
      </trkpt>
      <trkpt lat="45.05692359991371631622314453125" lon="6.2410941906273365020751953125">
        <ele>2308.60009765625</ele>
        <time>2026-07-27T06:24:22.000Z</time>
        <extensions>
          <ns3:TrackPointExtension>
            <ns3:hr>114</ns3:hr>
            <ns3:cad>0</ns3:cad>
          </ns3:TrackPointExtension>
        </extensions>
      </trkpt>
      <trkpt lat="45.05687967874109745025634765625" lon="6.24112688004970550537109375">
        <ele>2309</ele>
        <time>2026-07-27T06:24:28.000Z</time>
        <extensions>
          <ns3:TrackPointExtension>
            <ns3:hr>114</ns3:hr>
            <ns3:cad>43</ns3:cad>
          </ns3:TrackPointExtension>
        </extensions>
      </trkpt>
      <trkpt lat="45.05686777643859386444091796875" lon="6.2411216832697391510009765625">
        <ele>2308.60009765625</ele>
        <time>2026-07-27T06:24:36.000Z</time>
        <extensions>
          <ns3:TrackPointExtension>
            <ns3:hr>113</ns3:hr>
            <ns3:cad>0</ns3:cad>
          </ns3:TrackPointExtension>
        </extensions>
      </trkpt>
      <trkpt lat="45.05686777643859386444091796875" lon="6.2411216832697391510009765625">
        <ele>2308.60009765625</ele>
        <time>2026-07-27T06:24:38.000Z</time>
        <extensions>
          <ns3:TrackPointExtension>
            <ns3:hr>119</ns3:hr>
            <ns3:cad>0</ns3:cad>
          </ns3:TrackPointExtension>
        </extensions>
      </trkpt>
      <trkpt lat="45.05686777643859386444091796875" lon="6.2411216832697391510009765625">
        <ele>2308.60009765625</ele>
        <time>2026-07-27T06:24:39.000Z</time>
        <extensions>
          <ns3:TrackPointExtension>
            <ns3:hr>134</ns3:hr>
            <ns3:cad>0</ns3:cad>
          </ns3:TrackPointExtension>
        </extensions>
      </trkpt>
      <trkpt lat="45.05686777643859386444091796875" lon="6.2411216832697391510009765625">
        <ele>2308.39990234375</ele>
        <time>2026-07-27T06:24:40.000Z</time>
        <extensions>
          <ns3:TrackPointExtension>
            <ns3:hr>134</ns3:hr>
            <ns3:cad>0</ns3:cad>
          </ns3:TrackPointExtension>
        </extensions>
      </trkpt>
      <trkpt lat="45.05686350166797637939453125" lon="6.24112310819327831268310546875">
        <ele>2308</ele>
        <time>2026-07-27T06:24:59.000Z</time>
        <extensions>
          <ns3:TrackPointExtension>
            <ns3:hr>134</ns3:hr>
            <ns3:cad>0</ns3:cad>
          </ns3:TrackPointExtension>
        </extensions>
      </trkpt>
      <trkpt lat="45.05685084499418735504150390625" lon="6.24113232828676700592041015625">
        <ele>2307.800048828125</ele>
        <time>2026-07-27T06:25:05.000Z</time>
        <extensions>
          <ns3:TrackPointExtension>
            <ns3:hr>137</ns3:hr>
            <ns3:cad>0</ns3:cad>
          </ns3:TrackPointExtension>
        </extensions>
      </trkpt>
      <trkpt lat="45.05683408118784427642822265625" lon="6.24114356003701686859130859375">
        <ele>2307.60009765625</ele>
        <time>2026-07-27T06:25:12.000Z</time>
        <extensions>
          <ns3:TrackPointExtension>
            <ns3:hr>129</ns3:hr>
            <ns3:cad>0</ns3:cad>
          </ns3:TrackPointExtension>
        </extensions>
      </trkpt>
      <trkpt lat="45.056833662092685699462890625" lon="6.24114372767508029937744140625">
        <ele>2307.60009765625</ele>
        <time>2026-07-27T06:25:13.000Z</time>
        <extensions>
          <ns3:TrackPointExtension>
            <ns3:hr>125</ns3:hr>
            <ns3:cad>0</ns3:cad>
          </ns3:TrackPointExtension>
        </extensions>
      </trkpt>
      <trkpt lat="45.056831650435924530029296875" lon="6.24114389531314373016357421875">
        <ele>2307.199951171875</ele>
        <time>2026-07-27T06:25:27.000Z</time>
        <extensions>
          <ns3:TrackPointExtension>
            <ns3:hr>122</ns3:hr>
            <ns3:cad>0</ns3:cad>
          </ns3:TrackPointExtension>
        </extensions>
      </trkpt>
      <trkpt lat="45.05683039315044879913330078125" lon="6.24114456586539745330810546875">
        <ele>2307.199951171875</ele>
        <time>2026-07-27T06:25:37.000Z</time>
        <extensions>
          <ns3:TrackPointExtension>
            <ns3:hr>119</ns3:hr>
            <ns3:cad>0</ns3:cad>
          </ns3:TrackPointExtension>
        </extensions>
      </trkpt>
      <trkpt lat="45.05683173425495624542236328125" lon="6.24114523641765117645263671875">
        <ele>2307.199951171875</ele>
        <time>2026-07-27T06:25:47.000Z</time>
        <extensions>
          <ns3:TrackPointExtension>
            <ns3:hr>122</ns3:hr>
            <ns3:cad>0</ns3:cad>
          </ns3:TrackPointExtension>
        </extensions>
      </trkpt>
      <trkpt lat="45.05684346891939640045166015625" lon="6.24117256142199039459228515625">
        <ele>2307.39990234375</ele>
        <time>2026-07-27T06:25:59.000Z</time>
        <extensions>
          <ns3:TrackPointExtension>
            <ns3:hr>125</ns3:hr>
            <ns3:cad>0</ns3:cad>
          </ns3:TrackPointExtension>
        </extensions>
      </trkpt>
      <trkpt lat="45.05684606730937957763671875" lon="6.2411744892597198486328125">
        <ele>2307.199951171875</ele>
        <time>2026-07-27T06:26:03.000Z</time>
        <extensions>
          <ns3:TrackPointExtension>
            <ns3:hr>120</ns3:hr>
            <ns3:cad>0</ns3:cad>
          </ns3:TrackPointExtension>
        </extensions>
      </trkpt>
      <trkpt lat="45.0568797625601291656494140625" lon="6.24114825390279293060302734375">
        <ele>2307.199951171875</ele>
        <time>2026-07-27T06:26:11.000Z</time>
        <extensions>
          <ns3:TrackPointExtension>
            <ns3:hr>124</ns3:hr>
            <ns3:cad>45</ns3:cad>
          </ns3:TrackPointExtension>
        </extensions>
      </trkpt>
      <trkpt lat="45.056900717318058013916015625" lon="6.24112553894519805908203125">
        <ele>2307</ele>
        <time>2026-07-27T06:26:13.000Z</time>
        <extensions>
          <ns3:TrackPointExtension>
            <ns3:hr>128</ns3:hr>
            <ns3:cad>45</ns3:cad>
          </ns3:TrackPointExtension>
        </extensions>
      </trkpt>
      <trkpt lat="45.05696081556379795074462890625" lon="6.24105605296790599822998046875">
        <ele>2307</ele>
        <time>2026-07-27T06:26:20.000Z</time>
        <extensions>
          <ns3:TrackPointExtension>
            <ns3:hr>127</ns3:hr>
            <ns3:cad>0</ns3:cad>
          </ns3:TrackPointExtension>
        </extensions>
      </trkpt>
      <trkpt lat="45.0569615699350833892822265625" lon="6.2410589866340160369873046875">
        <ele>2307</ele>
        <time>2026-07-27T06:26:27.000Z</time>
        <extensions>
          <ns3:TrackPointExtension>
            <ns3:hr>128</ns3:hr>
            <ns3:cad>0</ns3:cad>
          </ns3:TrackPointExtension>
        </extensions>
      </trkpt>
      <trkpt lat="45.05696131847798824310302734375" lon="6.241059489548206329345703125">
        <ele>2307</ele>
        <time>2026-07-27T06:26:32.000Z</time>
        <extensions>
          <ns3:TrackPointExtension>
            <ns3:hr>125</ns3:hr>
            <ns3:cad>0</ns3:cad>
          </ns3:TrackPointExtension>
        </extensions>
      </trkpt>
      <trkpt lat="45.05696048028767108917236328125" lon="6.2410589866340160369873046875">
        <ele>2306.800048828125</ele>
        <time>2026-07-27T06:26:44.000Z</time>
        <extensions>
          <ns3:TrackPointExtension>
            <ns3:hr>121</ns3:hr>
            <ns3:cad>0</ns3:cad>
          </ns3:TrackPointExtension>
        </extensions>
      </trkpt>
      <trkpt lat="45.0569602288305759429931640625" lon="6.2410589866340160369873046875">
        <ele>2306.800048828125</ele>
        <time>2026-07-27T06:26:47.000Z</time>
        <extensions>
          <ns3:TrackPointExtension>
            <ns3:hr>118</ns3:hr>
            <ns3:cad>0</ns3:cad>
          </ns3:TrackPointExtension>
        </extensions>
      </trkpt>
      <trkpt lat="45.057016722857952117919921875" lon="6.241084635257720947265625">
        <ele>2306.800048828125</ele>
        <time>2026-07-27T06:27:36.000Z</time>
        <extensions>
          <ns3:TrackPointExtension>
            <ns3:hr>117</ns3:hr>
            <ns3:cad>0</ns3:cad>
          </ns3:TrackPointExtension>
        </extensions>
      </trkpt>
      <trkpt lat="45.05711085163056850433349609375" lon="6.24114909209311008453369140625">
        <ele>2306</ele>
        <time>2026-07-27T06:27:44.000Z</time>
        <extensions>
          <ns3:TrackPointExtension>
            <ns3:hr>116</ns3:hr>
            <ns3:cad>51</ns3:cad>
          </ns3:TrackPointExtension>
        </extensions>
      </trkpt>
      <trkpt lat="45.05713281221687793731689453125" lon="6.24123928137123584747314453125">
        <ele>2304.800048828125</ele>
        <time>2026-07-27T06:27:50.000Z</time>
        <extensions>
          <ns3:TrackPointExtension>
            <ns3:hr>117</ns3:hr>
            <ns3:cad>51</ns3:cad>
          </ns3:TrackPointExtension>
        </extensions>
      </trkpt>
      <trkpt lat="45.05714245140552520751953125" lon="6.24128622002899646759033203125">
        <ele>2304.39990234375</ele>
        <time>2026-07-27T06:27:53.000Z</time>
        <extensions>
          <ns3:TrackPointExtension>
            <ns3:hr>116</ns3:hr>
            <ns3:cad>51</ns3:cad>
          </ns3:TrackPointExtension>
        </extensions>
      </trkpt>
      <trkpt lat="45.057154856622219085693359375" lon="6.24135210178792476654052734375">
        <ele>2303.800048828125</ele>
        <time>2026-07-27T06:27:57.000Z</time>
        <extensions>
          <ns3:TrackPointExtension>
            <ns3:hr>115</ns3:hr>
            <ns3:cad>54</ns3:cad>
          </ns3:TrackPointExtension>
        </extensions>
      </trkpt>
      <trkpt lat="45.0571563653647899627685546875" lon="6.241476573050022125244140625">
        <ele>2302.60009765625</ele>
        <time>2026-07-27T06:28:04.000Z</time>
        <extensions>
          <ns3:TrackPointExtension>
            <ns3:hr>114</ns3:hr>
            <ns3:cad>61</ns3:cad>
          </ns3:TrackPointExtension>
        </extensions>
      </trkpt>
      <trkpt lat="45.05715846084058284759521484375" lon="6.24152761884033679962158203125">
        <ele>2301.60009765625</ele>
        <time>2026-07-27T06:28:07.000Z</time>
        <extensions>
          <ns3:TrackPointExtension>
            <ns3:hr>114</ns3:hr>
            <ns3:cad>61</ns3:cad>
          </ns3:TrackPointExtension>
        </extensions>
      </trkpt>
      <trkpt lat="45.05713935010135173797607421875" lon="6.2416644953191280364990234375">
        <ele>2300.800048828125</ele>
        <time>2026-07-27T06:28:15.000Z</time>
        <extensions>
          <ns3:TrackPointExtension>
            <ns3:hr>113</ns3:hr>
            <ns3:cad>52</ns3:cad>
          </ns3:TrackPointExtension>
        </extensions>
      </trkpt>
      <trkpt lat="45.05713767372071743011474609375" lon="6.24172962270677089691162109375">
        <ele>2300.39990234375</ele>
        <time>2026-07-27T06:28:19.000Z</time>
        <extensions>
          <ns3:TrackPointExtension>
            <ns3:hr>114</ns3:hr>
            <ns3:cad>52</ns3:cad>
          </ns3:TrackPointExtension>
        </extensions>
      </trkpt>
      <trkpt lat="45.057132728397846221923828125" lon="6.24182199127972126007080078125">
        <ele>2299.39990234375</ele>
        <time>2026-07-27T06:28:24.000Z</time>
        <extensions>
          <ns3:TrackPointExtension>
            <ns3:hr>114</ns3:hr>
            <ns3:cad>53</ns3:cad>
          </ns3:TrackPointExtension>
        </extensions>
      </trkpt>
      <trkpt lat="45.05713163875043392181396484375" lon="6.2418418563902378082275390625">
        <ele>2299.199951171875</ele>
        <time>2026-07-27T06:28:25.000Z</time>
        <extensions>
          <ns3:TrackPointExtension>
            <ns3:hr>115</ns3:hr>
            <ns3:cad>53</ns3:cad>
          </ns3:TrackPointExtension>
        </extensions>
      </trkpt>
      <trkpt lat="45.05712225101888179779052734375" lon="6.24190664850175380706787109375">
        <ele>2298.199951171875</ele>
        <time>2026-07-27T06:28:29.000Z</time>
        <extensions>
          <ns3:TrackPointExtension>
            <ns3:hr>116</ns3:hr>
            <ns3:cad>56</ns3:cad>
          </ns3:TrackPointExtension>
        </extensions>
      </trkpt>
      <trkpt lat="45.05712057463824748992919921875" lon="6.24200186692178249359130859375">
        <ele>2297.60009765625</ele>
        <time>2026-07-27T06:28:35.000Z</time>
        <extensions>
          <ns3:TrackPointExtension>
            <ns3:hr>117</ns3:hr>
            <ns3:cad>55</ns3:cad>
          </ns3:TrackPointExtension>
        </extensions>
      </trkpt>
      <trkpt lat="45.0571164675056934356689453125" lon="6.24204419553279876708984375">
        <ele>2297.199951171875</ele>
        <time>2026-07-27T06:28:38.000Z</time>
        <extensions>
          <ns3:TrackPointExtension>
            <ns3:hr>118</ns3:hr>
            <ns3:cad>53</ns3:cad>
          </ns3:TrackPointExtension>
        </extensions>
      </trkpt>
      <trkpt lat="45.0570966862142086029052734375" lon="6.2421928904950618743896484375">
        <ele>2296.39990234375</ele>
        <time>2026-07-27T06:28:47.000Z</time>
        <extensions>
          <ns3:TrackPointExtension>
            <ns3:hr>117</ns3:hr>
            <ns3:cad>0</ns3:cad>
          </ns3:TrackPointExtension>
        </extensions>
      </trkpt>
      <trkpt lat="45.05709542892873287200927734375" lon="6.24223924241960048675537109375">
        <ele>2296</ele>
        <time>2026-07-27T06:28:50.000Z</time>
        <extensions>
          <ns3:TrackPointExtension>
            <ns3:hr>117</ns3:hr>
            <ns3:cad>52</ns3:cad>
          </ns3:TrackPointExtension>
        </extensions>
      </trkpt>
      <trkpt lat="45.057108588516712188720703125" lon="6.24236597679555416107177734375">
        <ele>2295.199951171875</ele>
        <time>2026-07-27T06:28:57.000Z</time>
        <extensions>
          <ns3:TrackPointExtension>
            <ns3:hr>116</ns3:hr>
            <ns3:cad>54</ns3:cad>
          </ns3:TrackPointExtension>
        </extensions>
      </trkpt>
      <trkpt lat="45.0571127794682979583740234375" lon="6.24239682219922542572021484375">
        <ele>2295</ele>
        <time>2026-07-27T06:28:59.000Z</time>
        <extensions>
          <ns3:TrackPointExtension>
            <ns3:hr>117</ns3:hr>
            <ns3:cad>54</ns3:cad>
          </ns3:TrackPointExtension>
        </extensions>
      </trkpt>
      <trkpt lat="45.05711018107831478118896484375" lon="6.2424976564943790435791015625">
        <ele>2294.39990234375</ele>
        <time>2026-07-27T06:29:06.000Z</time>
        <extensions>
          <ns3:TrackPointExtension>
            <ns3:hr>117</ns3:hr>
            <ns3:cad>52</ns3:cad>
          </ns3:TrackPointExtension>
        </extensions>
      </trkpt>
      <trkpt lat="45.0571057386696338653564453125" lon="6.24254719354212284088134765625">
        <ele>2294</ele>
        <time>2026-07-27T06:29:09.000Z</time>
        <extensions>
          <ns3:TrackPointExtension>
            <ns3:hr>118</ns3:hr>
            <ns3:cad>52</ns3:cad>
          </ns3:TrackPointExtension>
        </extensions>
      </trkpt>
      <trkpt lat="45.05709978751838207244873046875" lon="6.242648027837276458740234375">
        <ele>2292.800048828125</ele>
        <time>2026-07-27T06:29:16.000Z</time>
        <extensions>
          <ns3:TrackPointExtension>
            <ns3:hr>118</ns3:hr>
            <ns3:cad>55</ns3:cad>
          </ns3:TrackPointExtension>
        </extensions>
      </trkpt>
      <trkpt lat="45.05710347555577754974365234375" lon="6.24266512691974639892578125">
        <ele>2292.60009765625</ele>
        <time>2026-07-27T06:29:17.000Z</time>
        <extensions>
          <ns3:TrackPointExtension>
            <ns3:hr>119</ns3:hr>
            <ns3:cad>55</ns3:cad>
          </ns3:TrackPointExtension>
        </extensions>
      </trkpt>
      <trkpt lat="45.05711085163056850433349609375" lon="6.24272773973643779754638671875">
        <ele>2291.800048828125</ele>
        <time>2026-07-27T06:29:21.000Z</time>
        <extensions>
          <ns3:TrackPointExtension>
            <ns3:hr>119</ns3:hr>
            <ns3:cad>55</ns3:cad>
          </ns3:TrackPointExtension>
        </extensions>
      </trkpt>
      <trkpt lat="45.05711705423891544342041015625" lon="6.24279445968568325042724609375">
        <ele>2290.60009765625</ele>
        <time>2026-07-27T06:29:25.000Z</time>
        <extensions>
          <ns3:TrackPointExtension>
            <ns3:hr>117</ns3:hr>
            <ns3:cad>58</ns3:cad>
          </ns3:TrackPointExtension>
        </extensions>
      </trkpt>
      <trkpt lat="45.05712099373340606689453125" lon="6.2428285740315914154052734375">
        <ele>2289.39990234375</ele>
        <time>2026-07-27T06:29:27.000Z</time>
        <extensions>
          <ns3:TrackPointExtension>
            <ns3:hr>117</ns3:hr>
            <ns3:cad>58</ns3:cad>
          </ns3:TrackPointExtension>
        </extensions>
      </trkpt>
      <trkpt lat="45.0571218319237232208251953125" lon="6.242895461618900299072265625">
        <ele>2288.60009765625</ele>
        <time>2026-07-27T06:29:31.000Z</time>
        <extensions>
          <ns3:TrackPointExtension>
            <ns3:hr>116</ns3:hr>
            <ns3:cad>58</ns3:cad>
          </ns3:TrackPointExtension>
        </extensions>
      </trkpt>
      <trkpt lat="45.05712308920919895172119140625" lon="6.24291348271071910858154296875">
        <ele>2288.39990234375</ele>
        <time>2026-07-27T06:29:32.000Z</time>
        <extensions>
          <ns3:TrackPointExtension>
            <ns3:hr>115</ns3:hr>
            <ns3:cad>58</ns3:cad>
          </ns3:TrackPointExtension>
        </extensions>
      </trkpt>
      <trkpt lat="45.05711504258215427398681640625" lon="6.242967210710048675537109375">
        <ele>2287.199951171875</ele>
        <time>2026-07-27T06:29:36.000Z</time>
        <extensions>
          <ns3:TrackPointExtension>
            <ns3:hr>115</ns3:hr>
            <ns3:cad>0</ns3:cad>
          </ns3:TrackPointExtension>
        </extensions>
      </trkpt>
      <trkpt lat="45.05710213445127010345458984375" lon="6.24302781186997890472412109375">
        <ele>2286</ele>
        <time>2026-07-27T06:29:40.000Z</time>
        <extensions>
          <ns3:TrackPointExtension>
            <ns3:hr>114</ns3:hr>
            <ns3:cad>0</ns3:cad>
          </ns3:TrackPointExtension>
        </extensions>
      </trkpt>
      <trkpt lat="45.05710029043257236480712890625" lon="6.24305941164493560791015625">
        <ele>2285.39990234375</ele>
        <time>2026-07-27T06:29:42.000Z</time>
        <extensions>
          <ns3:TrackPointExtension>
            <ns3:hr>114</ns3:hr>
            <ns3:cad>0</ns3:cad>
          </ns3:TrackPointExtension>
        </extensions>
      </trkpt>
      <trkpt lat="45.0571033917367458343505859375" lon="6.2431078590452671051025390625">
        <ele>2284.800048828125</ele>
        <time>2026-07-27T06:29:45.000Z</time>
        <extensions>
          <ns3:TrackPointExtension>
            <ns3:hr>113</ns3:hr>
            <ns3:cad>60</ns3:cad>
          </ns3:TrackPointExtension>
        </extensions>
      </trkpt>
      <trkpt lat="45.05711738951504230499267578125" lon="6.24317667447030544281005859375">
        <ele>2283.60009765625</ele>
        <time>2026-07-27T06:29:49.000Z</time>
        <extensions>
          <ns3:TrackPointExtension>
            <ns3:hr>113</ns3:hr>
            <ns3:cad>58</ns3:cad>
          </ns3:TrackPointExtension>
        </extensions>
      </trkpt>
      <trkpt lat="45.05712233483791351318359375" lon="6.24322839081287384033203125">
        <ele>2282</ele>
        <time>2026-07-27T06:29:52.000Z</time>
        <extensions>
          <ns3:TrackPointExtension>
            <ns3:hr>114</ns3:hr>
            <ns3:cad>61</ns3:cad>
          </ns3:TrackPointExtension>
        </extensions>
      </trkpt>
      <trkpt lat="45.05712392739951610565185546875" lon="6.24324180185794830322265625">
        <ele>2282</ele>
        <time>2026-07-27T06:29:53.000Z</time>
        <extensions>
          <ns3:TrackPointExtension>
            <ns3:hr>114</ns3:hr>
            <ns3:cad>61</ns3:cad>
          </ns3:TrackPointExtension>
        </extensions>
      </trkpt>
      <trkpt lat="45.057143457233905792236328125" lon="6.243318580090999603271484375">
        <ele>2281</ele>
        <time>2026-07-27T06:29:58.000Z</time>
        <extensions>
          <ns3:TrackPointExtension>
            <ns3:hr>114</ns3:hr>
            <ns3:cad>61</ns3:cad>
          </ns3:TrackPointExtension>
        </extensions>
      </trkpt>
      <trkpt lat="45.0571647472679615020751953125" lon="6.24343215487897396087646484375">
        <ele>2279.800048828125</ele>
        <time>2026-07-27T06:30:05.000Z</time>
        <extensions>
          <ns3:TrackPointExtension>
            <ns3:hr>112</ns3:hr>
            <ns3:cad>59</ns3:cad>
          </ns3:TrackPointExtension>
        </extensions>
      </trkpt>
      <trkpt lat="45.05716533400118350982666015625" lon="6.24344154261052608489990234375">
        <ele>2279.39990234375</ele>
        <time>2026-07-27T06:30:10.000Z</time>
        <extensions>
          <ns3:TrackPointExtension>
            <ns3:hr>111</ns3:hr>
            <ns3:cad>0</ns3:cad>
          </ns3:TrackPointExtension>
        </extensions>
      </trkpt>
      <trkpt lat="45.057166926562786102294921875" lon="6.2434384413063526153564453125">
        <ele>2279.39990234375</ele>
        <time>2026-07-27T06:30:14.000Z</time>
        <extensions>
          <ns3:TrackPointExtension>
            <ns3:hr>130</ns3:hr>
            <ns3:cad>0</ns3:cad>
          </ns3:TrackPointExtension>
        </extensions>
      </trkpt>
      <trkpt lat="45.0571670942008495330810546875" lon="6.243439279496669769287109375">
        <ele>2279.199951171875</ele>
        <time>2026-07-27T06:30:15.000Z</time>
        <extensions>
          <ns3:TrackPointExtension>
            <ns3:hr>134</ns3:hr>
            <ns3:cad>0</ns3:cad>
          </ns3:TrackPointExtension>
        </extensions>
      </trkpt>
      <trkpt lat="45.0571674294769763946533203125" lon="6.24343902803957462310791015625">
        <ele>2279.199951171875</ele>
        <time>2026-07-27T06:30:16.000Z</time>
        <extensions>
          <ns3:TrackPointExtension>
            <ns3:hr>134</ns3:hr>
            <ns3:cad>0</ns3:cad>
          </ns3:TrackPointExtension>
        </extensions>
      </trkpt>
      <trkpt lat="45.05716751329600811004638671875" lon="6.2434391118586063385009765625">
        <ele>2279.199951171875</ele>
        <time>2026-07-27T06:30:19.000Z</time>
        <extensions>
          <ns3:TrackPointExtension>
            <ns3:hr>133</ns3:hr>
            <ns3:cad>0</ns3:cad>
          </ns3:TrackPointExtension>
        </extensions>
      </trkpt>
      <trkpt lat="45.05716851912438869476318359375" lon="6.243444979190826416015625">
        <ele>2278.800048828125</ele>
        <time>2026-07-27T06:30:30.000Z</time>
        <extensions>
          <ns3:TrackPointExtension>
            <ns3:hr>134</ns3:hr>
            <ns3:cad>0</ns3:cad>
          </ns3:TrackPointExtension>
        </extensions>
      </trkpt>
      <trkpt lat="45.057177655398845672607421875" lon="6.24352318234741687774658203125">
        <ele>2278.60009765625</ele>
        <time>2026-07-27T06:30:33.000Z</time>
        <extensions>
          <ns3:TrackPointExtension>
            <ns3:hr>134</ns3:hr>
            <ns3:cad>0</ns3:cad>
          </ns3:TrackPointExtension>
        </extensions>
      </trkpt>
      <trkpt lat="45.05719752050936222076416015625" lon="6.24364547431468963623046875">
        <ele>2277.60009765625</ele>
        <time>2026-07-27T06:30:38.000Z</time>
        <extensions>
          <ns3:TrackPointExtension>
            <ns3:hr>133</ns3:hr>
            <ns3:cad>54</ns3:cad>
          </ns3:TrackPointExtension>
        </extensions>
      </trkpt>
      <trkpt lat="45.0572093389928340911865234375" lon="6.24374337494373321533203125">
        <ele>2277.199951171875</ele>
        <time>2026-07-27T06:30:43.000Z</time>
        <extensions>
          <ns3:TrackPointExtension>
            <ns3:hr>130</ns3:hr>
            <ns3:cad>55</ns3:cad>
          </ns3:TrackPointExtension>
        </extensions>
      </trkpt>
      <trkpt lat="45.057212524116039276123046875" lon="6.2437633238732814788818359375">
        <ele>2277.199951171875</ele>
        <time>2026-07-27T06:30:44.000Z</time>
        <extensions>
          <ns3:TrackPointExtension>
            <ns3:hr>128</ns3:hr>
            <ns3:cad>55</ns3:cad>
          </ns3:TrackPointExtension>
        </extensions>
      </trkpt>
      <trkpt lat="45.057235993444919586181640625" lon="6.2438675947487354278564453125">
        <ele>2276.800048828125</ele>
        <time>2026-07-27T06:30:50.000Z</time>
        <extensions>
          <ns3:TrackPointExtension>
            <ns3:hr>125</ns3:hr>
            <ns3:cad>55</ns3:cad>
          </ns3:TrackPointExtension>
        </extensions>
      </trkpt>
      <trkpt lat="45.05725149996578693389892578125" lon="6.24391905963420867919921875">
        <ele>2276.39990234375</ele>
        <time>2026-07-27T06:30:53.000Z</time>
        <extensions>
          <ns3:TrackPointExtension>
            <ns3:hr>125</ns3:hr>
            <ns3:cad>55</ns3:cad>
          </ns3:TrackPointExtension>
        </extensions>
      </trkpt>
      <trkpt lat="45.0572691857814788818359375" lon="6.2439923174679279327392578125">
        <ele>2276.39990234375</ele>
        <time>2026-07-27T06:30:57.000Z</time>
        <extensions>
          <ns3:TrackPointExtension>
            <ns3:hr>124</ns3:hr>
            <ns3:cad>55</ns3:cad>
          </ns3:TrackPointExtension>
        </extensions>
      </trkpt>
      <trkpt lat="45.0572727061808109283447265625" lon="6.24414394609630107879638671875">
        <ele>2276</ele>
        <time>2026-07-27T06:31:06.000Z</time>
        <extensions>
          <ns3:TrackPointExtension>
            <ns3:hr>123</ns3:hr>
            <ns3:cad>55</ns3:cad>
          </ns3:TrackPointExtension>
        </extensions>
      </trkpt>
      <trkpt lat="45.05726717412471771240234375" lon="6.24421083368360996246337890625">
        <ele>2275.199951171875</ele>
        <time>2026-07-27T06:31:10.000Z</time>
        <extensions>
          <ns3:TrackPointExtension>
            <ns3:hr>123</ns3:hr>
            <ns3:cad>51</ns3:cad>
          </ns3:TrackPointExtension>
        </extensions>
      </trkpt>
      <trkpt lat="45.05726088769733905792236328125" lon="6.24431074596941471099853515625">
        <ele>2274.199951171875</ele>
        <time>2026-07-27T06:31:16.000Z</time>
        <extensions>
          <ns3:TrackPointExtension>
            <ns3:hr>123</ns3:hr>
            <ns3:cad>56</ns3:cad>
          </ns3:TrackPointExtension>
        </extensions>
      </trkpt>
      <trkpt lat="45.05726239643990993499755859375" lon="6.244343183934688568115234375">
        <ele>2273.800048828125</ele>
        <time>2026-07-27T06:31:18.000Z</time>
        <extensions>
          <ns3:TrackPointExtension>
            <ns3:hr>123</ns3:hr>
            <ns3:cad>56</ns3:cad>
          </ns3:TrackPointExtension>
        </extensions>
      </trkpt>
      <trkpt lat="45.05726977251470088958740234375" lon="6.24440076760947704315185546875">
        <ele>2273</ele>
        <time>2026-07-27T06:31:21.000Z</time>
        <extensions>
          <ns3:TrackPointExtension>
            <ns3:hr>124</ns3:hr>
            <ns3:cad>57</ns3:cad>
          </ns3:TrackPointExtension>
        </extensions>
      </trkpt>
      <trkpt lat="45.05728201009333133697509765625" lon="6.24452230520546436309814453125">
        <ele>2272.199951171875</ele>
        <time>2026-07-27T06:31:28.000Z</time>
        <extensions>
          <ns3:TrackPointExtension>
            <ns3:hr>127</ns3:hr>
            <ns3:cad>58</ns3:cad>
          </ns3:TrackPointExtension>
        </extensions>
      </trkpt>
      <trkpt lat="45.05728301592171192169189453125" lon="6.24453571625053882598876953125">
        <ele>2271.800048828125</ele>
        <time>2026-07-27T06:31:29.000Z</time>
        <extensions>
          <ns3:TrackPointExtension>
            <ns3:hr>127</ns3:hr>
            <ns3:cad>55</ns3:cad>
          </ns3:TrackPointExtension>
        </extensions>
      </trkpt>
      <trkpt lat="45.05731419660151004791259765625" lon="6.24467116780579090118408203125">
        <ele>2270.60009765625</ele>
        <time>2026-07-27T06:31:38.000Z</time>
        <extensions>
          <ns3:TrackPointExtension>
            <ns3:hr>127</ns3:hr>
            <ns3:cad>54</ns3:cad>
          </ns3:TrackPointExtension>
        </extensions>
      </trkpt>
      <trkpt lat="45.05732475779950618743896484375" lon="6.2447262369096279144287109375">
        <ele>2270.199951171875</ele>
        <time>2026-07-27T06:31:41.000Z</time>
        <extensions>
          <ns3:TrackPointExtension>
            <ns3:hr>128</ns3:hr>
            <ns3:cad>0</ns3:cad>
          </ns3:TrackPointExtension>
        </extensions>
      </trkpt>
      <trkpt lat="45.05733531899750232696533203125" lon="6.244771666824817657470703125">
        <ele>2269.199951171875</ele>
        <time>2026-07-27T06:31:44.000Z</time>
        <extensions>
          <ns3:TrackPointExtension>
            <ns3:hr>127</ns3:hr>
            <ns3:cad>0</ns3:cad>
          </ns3:TrackPointExtension>
        </extensions>
      </trkpt>
      <trkpt lat="45.05734487436711788177490234375" lon="6.244817934930324554443359375">
        <ele>2268.199951171875</ele>
        <time>2026-07-27T06:31:47.000Z</time>
        <extensions>
          <ns3:TrackPointExtension>
            <ns3:hr>127</ns3:hr>
            <ns3:cad>0</ns3:cad>
          </ns3:TrackPointExtension>
        </extensions>
      </trkpt>
      <trkpt lat="45.057347975671291351318359375" lon="6.24487116001546382904052734375">
        <ele>2267</ele>
        <time>2026-07-27T06:31:51.000Z</time>
        <extensions>
          <ns3:TrackPointExtension>
            <ns3:hr>126</ns3:hr>
            <ns3:cad>57</ns3:cad>
          </ns3:TrackPointExtension>
        </extensions>
      </trkpt>
      <trkpt lat="45.05734671838581562042236328125" lon="6.244886331260204315185546875">
        <ele>2266.800048828125</ele>
        <time>2026-07-27T06:31:52.000Z</time>
        <extensions>
          <ns3:TrackPointExtension>
            <ns3:hr>126</ns3:hr>
            <ns3:cad>57</ns3:cad>
          </ns3:TrackPointExtension>
        </extensions>
      </trkpt>
      <trkpt lat="45.05733448080718517303466796875" lon="6.2449354492127895355224609375">
        <ele>2266</ele>
        <time>2026-07-27T06:31:56.000Z</time>
        <extensions>
          <ns3:TrackPointExtension>
            <ns3:hr>126</ns3:hr>
            <ns3:cad>17</ns3:cad>
          </ns3:TrackPointExtension>
        </extensions>
      </trkpt>
      <trkpt lat="45.0573035515844821929931640625" lon="6.244994960725307464599609375">
        <ele>2264.60009765625</ele>
        <time>2026-07-27T06:32:02.000Z</time>
        <extensions>
          <ns3:TrackPointExtension>
            <ns3:hr>126</ns3:hr>
            <ns3:cad>48</ns3:cad>
          </ns3:TrackPointExtension>
        </extensions>
      </trkpt>
      <trkpt lat="45.05729776807129383087158203125" lon="6.2450118921697139739990234375">
        <ele>2264.60009765625</ele>
        <time>2026-07-27T06:32:03.000Z</time>
        <extensions>
          <ns3:TrackPointExtension>
            <ns3:hr>126</ns3:hr>
            <ns3:cad>48</ns3:cad>
          </ns3:TrackPointExtension>
        </extensions>
      </trkpt>
      <trkpt lat="45.0572958402335643768310546875" lon="6.24502639286220073699951171875">
        <ele>2264.60009765625</ele>
        <time>2026-07-27T06:32:04.000Z</time>
        <extensions>
          <ns3:TrackPointExtension>
            <ns3:hr>126</ns3:hr>
            <ns3:cad>48</ns3:cad>
          </ns3:TrackPointExtension>
        </extensions>
      </trkpt>
      <trkpt lat="45.057282932102680206298828125" lon="6.24512027017772197723388671875">
        <ele>2265.39990234375</ele>
        <time>2026-07-27T06:32:11.000Z</time>
        <extensions>
          <ns3:TrackPointExtension>
            <ns3:hr>125</ns3:hr>
            <ns3:cad>0</ns3:cad>
          </ns3:TrackPointExtension>
        </extensions>
      </trkpt>
      <trkpt lat="45.057262144982814788818359375" lon="6.24526041559875011444091796875">
        <ele>2264.800048828125</ele>
        <time>2026-07-27T06:32:20.000Z</time>
        <extensions>
          <ns3:TrackPointExtension>
            <ns3:hr>125</ns3:hr>
            <ns3:cad>0</ns3:cad>
          </ns3:TrackPointExtension>
        </extensions>
      </trkpt>
      <trkpt lat="45.057259462773799896240234375" lon="6.2452673725783824920654296875">
        <ele>2264.60009765625</ele>
        <time>2026-07-27T06:32:25.000Z</time>
        <extensions>
          <ns3:TrackPointExtension>
            <ns3:hr>125</ns3:hr>
            <ns3:cad>0</ns3:cad>
          </ns3:TrackPointExtension>
        </extensions>
      </trkpt>
      <trkpt lat="45.05726038478314876556396484375" lon="6.24526779167354106903076171875">
        <ele>2264.39990234375</ele>
        <time>2026-07-27T06:32:28.000Z</time>
        <extensions>
          <ns3:TrackPointExtension>
            <ns3:hr>128</ns3:hr>
            <ns3:cad>0</ns3:cad>
          </ns3:TrackPointExtension>
        </extensions>
      </trkpt>
      <trkpt lat="45.057260803878307342529296875" lon="6.24526795931160449981689453125">
        <ele>2264.39990234375</ele>
        <time>2026-07-27T06:32:29.000Z</time>
        <extensions>
          <ns3:TrackPointExtension>
            <ns3:hr>140</ns3:hr>
            <ns3:cad>0</ns3:cad>
          </ns3:TrackPointExtension>
        </extensions>
      </trkpt>
      <trkpt lat="45.0572611391544342041015625" lon="6.24526846222579479217529296875">
        <ele>2264.39990234375</ele>
        <time>2026-07-27T06:32:30.000Z</time>
        <extensions>
          <ns3:TrackPointExtension>
            <ns3:hr>145</ns3:hr>
            <ns3:cad>0</ns3:cad>
          </ns3:TrackPointExtension>
        </extensions>
      </trkpt>
      <trkpt lat="45.057261474430561065673828125" lon="6.24526779167354106903076171875">
        <ele>2264.199951171875</ele>
        <time>2026-07-27T06:32:31.000Z</time>
        <extensions>
          <ns3:TrackPointExtension>
            <ns3:hr>144</ns3:hr>
            <ns3:cad>0</ns3:cad>
          </ns3:TrackPointExtension>
        </extensions>
      </trkpt>
      <trkpt lat="45.057261474430561065673828125" lon="6.24526728875935077667236328125">
        <ele>2264.199951171875</ele>
        <time>2026-07-27T06:32:35.000Z</time>
        <extensions>
          <ns3:TrackPointExtension>
            <ns3:hr>141</ns3:hr>
            <ns3:cad>0</ns3:cad>
          </ns3:TrackPointExtension>
        </extensions>
      </trkpt>
      <trkpt lat="45.057261474430561065673828125" lon="6.24526728875935077667236328125">
        <ele>2264</ele>
        <time>2026-07-27T06:32:38.000Z</time>
        <extensions>
          <ns3:TrackPointExtension>
            <ns3:hr>138</ns3:hr>
            <ns3:cad>0</ns3:cad>
          </ns3:TrackPointExtension>
        </extensions>
      </trkpt>
      <trkpt lat="45.057261474430561065673828125" lon="6.24526728875935077667236328125">
        <ele>2264</ele>
        <time>2026-07-27T06:32:40.000Z</time>
        <extensions>
          <ns3:TrackPointExtension>
            <ns3:hr>135</ns3:hr>
            <ns3:cad>0</ns3:cad>
          </ns3:TrackPointExtension>
        </extensions>
      </trkpt>
      <trkpt lat="45.05726122297346591949462890625" lon="6.24526728875935077667236328125">
        <ele>2264</ele>
        <time>2026-07-27T06:32:45.000Z</time>
        <extensions>
          <ns3:TrackPointExtension>
            <ns3:hr>132</ns3:hr>
            <ns3:cad>48</ns3:cad>
          </ns3:TrackPointExtension>
        </extensions>
      </trkpt>
      <trkpt lat="45.05725652910768985748291015625" lon="6.24529846943914890289306640625">
        <ele>2263.39990234375</ele>
        <time>2026-07-27T06:32:49.000Z</time>
        <extensions>
          <ns3:TrackPointExtension>
            <ns3:hr>134</ns3:hr>
            <ns3:cad>57</ns3:cad>
          </ns3:TrackPointExtension>
        </extensions>
      </trkpt>
      <trkpt lat="45.057250745594501495361328125" lon="6.2453501857817173004150390625">
        <ele>2263</ele>
        <time>2026-07-27T06:32:51.000Z</time>
        <extensions>
          <ns3:TrackPointExtension>
            <ns3:hr>134</ns3:hr>
            <ns3:cad>57</ns3:cad>
          </ns3:TrackPointExtension>
        </extensions>
      </trkpt>
      <trkpt lat="45.05723339505493640899658203125" lon="6.24541799537837505340576171875">
        <ele>2262.39990234375</ele>
        <time>2026-07-27T06:32:54.000Z</time>
        <extensions>
          <ns3:TrackPointExtension>
            <ns3:hr>133</ns3:hr>
            <ns3:cad>55</ns3:cad>
          </ns3:TrackPointExtension>
        </extensions>
      </trkpt>
      <trkpt lat="45.05721889436244964599609375" lon="6.245540790259838104248046875">
        <ele>2262</ele>
        <time>2026-07-27T06:33:00.000Z</time>
        <extensions>
          <ns3:TrackPointExtension>
            <ns3:hr>132</ns3:hr>
            <ns3:cad>55</ns3:cad>
          </ns3:TrackPointExtension>
        </extensions>
      </trkpt>
      <trkpt lat="45.0572133623063564300537109375" lon="6.2456083483994007110595703125">
        <ele>2261.39990234375</ele>
        <time>2026-07-27T06:33:04.000Z</time>
        <extensions>
          <ns3:TrackPointExtension>
            <ns3:hr>132</ns3:hr>
            <ns3:cad>0</ns3:cad>
          </ns3:TrackPointExtension>
        </extensions>
      </trkpt>
      <trkpt lat="45.05721126683056354522705078125" lon="6.2456961907446384429931640625">
        <ele>2260.39990234375</ele>
        <time>2026-07-27T06:33:09.000Z</time>
        <extensions>
          <ns3:TrackPointExtension>
            <ns3:hr>131</ns3:hr>
            <ns3:cad>52</ns3:cad>
          </ns3:TrackPointExtension>
        </extensions>
      </trkpt>
      <trkpt lat="45.05719131790101528167724609375" lon="6.24575997702777385711669921875">
        <ele>2259.60009765625</ele>
        <time>2026-07-27T06:33:13.000Z</time>
        <extensions>
          <ns3:TrackPointExtension>
            <ns3:hr>129</ns3:hr>
            <ns3:cad>56</ns3:cad>
          </ns3:TrackPointExtension>
        </extensions>
      </trkpt>
      <trkpt lat="45.057180337607860565185546875" lon="6.24579920433461666107177734375">
        <ele>2259.199951171875</ele>
        <time>2026-07-27T06:33:15.000Z</time>
        <extensions>
          <ns3:TrackPointExtension>
            <ns3:hr>128</ns3:hr>
            <ns3:cad>56</ns3:cad>
          </ns3:TrackPointExtension>
        </extensions>
      </trkpt>
      <trkpt lat="45.05715460516512393951416015625" lon="6.24588050879538059234619140625">
        <ele>2258.39990234375</ele>
        <time>2026-07-27T06:33:20.000Z</time>
        <extensions>
          <ns3:TrackPointExtension>
            <ns3:hr>125</ns3:hr>
            <ns3:cad>57</ns3:cad>
          </ns3:TrackPointExtension>
        </extensions>
      </trkpt>
      <trkpt lat="45.05714471451938152313232421875" lon="6.2459144555032253265380859375">
        <ele>2258.199951171875</ele>
        <time>2026-07-27T06:33:22.000Z</time>
        <extensions>
          <ns3:TrackPointExtension>
            <ns3:hr>125</ns3:hr>
            <ns3:cad>55</ns3:cad>
          </ns3:TrackPointExtension>
        </extensions>
      </trkpt>
      <trkpt lat="45.05714169703423976898193359375" lon="6.2459352426230907440185546875">
        <ele>2258</ele>
        <time>2026-07-27T06:33:23.000Z</time>
        <extensions>
          <ns3:TrackPointExtension>
            <ns3:hr>125</ns3:hr>
            <ns3:cad>55</ns3:cad>
          </ns3:TrackPointExtension>
        </extensions>
      </trkpt>
      <trkpt lat="45.05712769925594329833984375" lon="6.24607983045279979705810546875">
        <ele>2257.199951171875</ele>
        <time>2026-07-27T06:33:31.000Z</time>
        <extensions>
          <ns3:TrackPointExtension>
            <ns3:hr>124</ns3:hr>
            <ns3:cad>56</ns3:cad>
          </ns3:TrackPointExtension>
        </extensions>
      </trkpt>
      <trkpt lat="45.05712208338081836700439453125" lon="6.24611754901707172393798828125">
        <ele>2256.800048828125</ele>
        <time>2026-07-27T06:33:33.000Z</time>
        <extensions>
          <ns3:TrackPointExtension>
            <ns3:hr>124</ns3:hr>
            <ns3:cad>54</ns3:cad>
          </ns3:TrackPointExtension>
        </extensions>
      </trkpt>
      <trkpt lat="45.0571136176586151123046875" lon="6.24618276022374629974365234375">
        <ele>2256.199951171875</ele>
        <time>2026-07-27T06:33:37.000Z</time>
        <extensions>
          <ns3:TrackPointExtension>
            <ns3:hr>127</ns3:hr>
            <ns3:cad>55</ns3:cad>
          </ns3:TrackPointExtension>
        </extensions>
      </trkpt>
      <trkpt lat="45.0571087561547756195068359375" lon="6.24619717709720134735107421875">
        <ele>2256</ele>
        <time>2026-07-27T06:33:38.000Z</time>
        <extensions>
          <ns3:TrackPointExtension>
            <ns3:hr>127</ns3:hr>
            <ns3:cad>55</ns3:cad>
          </ns3:TrackPointExtension>
        </extensions>
      </trkpt>
      <trkpt lat="45.0571037270128726959228515625" lon="6.2462802417576313018798828125">
        <ele>2255.39990234375</ele>
        <time>2026-07-27T06:33:43.000Z</time>
        <extensions>
          <ns3:TrackPointExtension>
            <ns3:hr>128</ns3:hr>
            <ns3:cad>55</ns3:cad>
          </ns3:TrackPointExtension>
        </extensions>
      </trkpt>
      <trkpt lat="45.0571060739457607269287109375" lon="6.24638292007148265838623046875">
        <ele>2254.60009765625</ele>
        <time>2026-07-27T06:33:49.000Z</time>
        <extensions>
          <ns3:TrackPointExtension>
            <ns3:hr>127</ns3:hr>
            <ns3:cad>53</ns3:cad>
          </ns3:TrackPointExtension>
        </extensions>
      </trkpt>
      <trkpt lat="45.0571007095277309417724609375" lon="6.24652356840670108795166015625">
        <ele>2253.39990234375</ele>
        <time>2026-07-27T06:33:57.000Z</time>
        <extensions>
          <ns3:TrackPointExtension>
            <ns3:hr>127</ns3:hr>
            <ns3:cad>55</ns3:cad>
          </ns3:TrackPointExtension>
        </extensions>
      </trkpt>
      <trkpt lat="45.05709819495677947998046875" lon="6.24653932638466358184814453125">
        <ele>2253.39990234375</ele>
        <time>2026-07-27T06:33:58.000Z</time>
        <extensions>
          <ns3:TrackPointExtension>
            <ns3:hr>127</ns3:hr>
            <ns3:cad>53</ns3:cad>
          </ns3:TrackPointExtension>
        </extensions>
      </trkpt>
      <trkpt lat="45.05708880722522735595703125" lon="6.24661912210285663604736328125">
        <ele>2252.39990234375</ele>
        <time>2026-07-27T06:34:03.000Z</time>
        <extensions>
          <ns3:TrackPointExtension>
            <ns3:hr>128</ns3:hr>
            <ns3:cad>54</ns3:cad>
          </ns3:TrackPointExtension>
        </extensions>
      </trkpt>
      <trkpt lat="45.05708721466362476348876953125" lon="6.2467496283352375030517578125">
        <ele>2251.199951171875</ele>
        <time>2026-07-27T06:34:10.000Z</time>
        <extensions>
          <ns3:TrackPointExtension>
            <ns3:hr>128</ns3:hr>
            <ns3:cad>56</ns3:cad>
          </ns3:TrackPointExtension>
        </extensions>
      </trkpt>
      <trkpt lat="45.0570839457213878631591796875" lon="6.24676278792321681976318359375">
        <ele>2251.199951171875</ele>
        <time>2026-07-27T06:34:11.000Z</time>
        <extensions>
          <ns3:TrackPointExtension>
            <ns3:hr>128</ns3:hr>
            <ns3:cad>55</ns3:cad>
          </ns3:TrackPointExtension>
        </extensions>
      </trkpt>
      <trkpt lat="45.05708017386496067047119140625" lon="6.24683269299566745758056640625">
        <ele>2250.199951171875</ele>
        <time>2026-07-27T06:34:15.000Z</time>
        <extensions>
          <ns3:TrackPointExtension>
            <ns3:hr>128</ns3:hr>
            <ns3:cad>53</ns3:cad>
          </ns3:TrackPointExtension>
        </extensions>
      </trkpt>
      <trkpt lat="45.0570802576839923858642578125" lon="6.24690167605876922607421875">
        <ele>2249.199951171875</ele>
        <time>2026-07-27T06:34:19.000Z</time>
        <extensions>
          <ns3:TrackPointExtension>
            <ns3:hr>128</ns3:hr>
            <ns3:cad>53</ns3:cad>
          </ns3:TrackPointExtension>
        </extensions>
      </trkpt>
      <trkpt lat="45.05708034150302410125732421875" lon="6.24692020006477832794189453125">
        <ele>2249</ele>
        <time>2026-07-27T06:34:20.000Z</time>
        <extensions>
          <ns3:TrackPointExtension>
            <ns3:hr>128</ns3:hr>
            <ns3:cad>53</ns3:cad>
          </ns3:TrackPointExtension>
        </extensions>
      </trkpt>
      <trkpt lat="45.05705553106963634490966796875" lon="6.2470726668834686279296875">
        <ele>2248.60009765625</ele>
        <time>2026-07-27T06:34:29.000Z</time>
        <extensions>
          <ns3:TrackPointExtension>
            <ns3:hr>127</ns3:hr>
            <ns3:cad>0</ns3:cad>
          </ns3:TrackPointExtension>
        </extensions>
      </trkpt>
      <trkpt lat="45.05704144947230815887451171875" lon="6.247142069041728973388671875">
        <ele>2248</ele>
        <time>2026-07-27T06:34:33.000Z</time>
        <extensions>
          <ns3:TrackPointExtension>
            <ns3:hr>127</ns3:hr>
            <ns3:cad>57</ns3:cad>
          </ns3:TrackPointExtension>
        </extensions>
      </trkpt>
      <trkpt lat="45.0570326484739780426025390625" lon="6.247211806476116180419921875">
        <ele>2247.800048828125</ele>
        <time>2026-07-27T06:34:37.000Z</time>
        <extensions>
          <ns3:TrackPointExtension>
            <ns3:hr>127</ns3:hr>
            <ns3:cad>54</ns3:cad>
          </ns3:TrackPointExtension>
        </extensions>
      </trkpt>
      <trkpt lat="45.0569917447865009307861328125" lon="6.247370727360248565673828125">
        <ele>2247.39990234375</ele>
        <time>2026-07-27T06:34:47.000Z</time>
        <extensions>
          <ns3:TrackPointExtension>
            <ns3:hr>127</ns3:hr>
            <ns3:cad>0</ns3:cad>
          </ns3:TrackPointExtension>
        </extensions>
      </trkpt>
      <trkpt lat="45.05698026157915592193603515625" lon="6.24747072346508502960205078125">
        <ele>2246.800048828125</ele>
        <time>2026-07-27T06:34:53.000Z</time>
        <extensions>
          <ns3:TrackPointExtension>
            <ns3:hr>127</ns3:hr>
            <ns3:cad>53</ns3:cad>
          </ns3:TrackPointExtension>
        </extensions>
      </trkpt>
      <trkpt lat="45.056974478065967559814453125" lon="6.24751590192317962646484375">
        <ele>2246.39990234375</ele>
        <time>2026-07-27T06:34:56.000Z</time>
        <extensions>
          <ns3:TrackPointExtension>
            <ns3:hr>127</ns3:hr>
            <ns3:cad>52</ns3:cad>
          </ns3:TrackPointExtension>
        </extensions>
      </trkpt>
      <trkpt lat="45.0569491647183895111083984375" lon="6.247655041515827178955078125">
        <ele>2245.800048828125</ele>
        <time>2026-07-27T06:35:04.000Z</time>
        <extensions>
          <ns3:TrackPointExtension>
            <ns3:hr>128</ns3:hr>
            <ns3:cad>55</ns3:cad>
          </ns3:TrackPointExtension>
        </extensions>
      </trkpt>
      <trkpt lat="45.05692812614142894744873046875" lon="6.24782301485538482666015625">
        <ele>2244.60009765625</ele>
        <time>2026-07-27T06:35:13.000Z</time>
        <extensions>
          <ns3:TrackPointExtension>
            <ns3:hr>128</ns3:hr>
            <ns3:cad>55</ns3:cad>
          </ns3:TrackPointExtension>
        </extensions>
      </trkpt>
      <trkpt lat="45.056914128363132476806640625" lon="6.2478707917034626007080078125">
        <ele>2244.39990234375</ele>
        <time>2026-07-27T06:35:16.000Z</time>
        <extensions>
          <ns3:TrackPointExtension>
            <ns3:hr>128</ns3:hr>
            <ns3:cad>53</ns3:cad>
          </ns3:TrackPointExtension>
        </extensions>
      </trkpt>
      <trkpt lat="45.0569028966128826141357421875" lon="6.247961819171905517578125">
        <ele>2243.39990234375</ele>
        <time>2026-07-27T06:35:22.000Z</time>
        <extensions>
          <ns3:TrackPointExtension>
            <ns3:hr>129</ns3:hr>
            <ns3:cad>53</ns3:cad>
          </ns3:TrackPointExtension>
        </extensions>
      </trkpt>
      <trkpt lat="45.05689962767064571380615234375" lon="6.248004734516143798828125">
        <ele>2243.199951171875</ele>
        <time>2026-07-27T06:35:25.000Z</time>
        <extensions>
          <ns3:TrackPointExtension>
            <ns3:hr>128</ns3:hr>
            <ns3:cad>53</ns3:cad>
          </ns3:TrackPointExtension>
        </extensions>
      </trkpt>
      <trkpt lat="45.056906752288341522216796875" lon="6.24807422049343585968017578125">
        <ele>2242.60009765625</ele>
        <time>2026-07-27T06:35:29.000Z</time>
        <extensions>
          <ns3:TrackPointExtension>
            <ns3:hr>127</ns3:hr>
            <ns3:cad>52</ns3:cad>
          </ns3:TrackPointExtension>
        </extensions>
      </trkpt>
      <trkpt lat="45.05690415389835834503173828125" lon="6.24809123575687408447265625">
        <ele>2242.39990234375</ele>
        <time>2026-07-27T06:35:30.000Z</time>
        <extensions>
          <ns3:TrackPointExtension>
            <ns3:hr>127</ns3:hr>
            <ns3:cad>49</ns3:cad>
          </ns3:TrackPointExtension>
        </extensions>
      </trkpt>
      <trkpt lat="45.0568992085754871368408203125" lon="6.24812400899827480316162109375">
        <ele>2242</ele>
        <time>2026-07-27T06:35:32.000Z</time>
        <extensions>
          <ns3:TrackPointExtension>
            <ns3:hr>123</ns3:hr>
            <ns3:cad>51</ns3:cad>
          </ns3:TrackPointExtension>
        </extensions>
      </trkpt>
      <trkpt lat="45.05689845420420169830322265625" lon="6.2481410242617130279541015625">
        <ele>2241.800048828125</ele>
        <time>2026-07-27T06:35:33.000Z</time>
        <extensions>
          <ns3:TrackPointExtension>
            <ns3:hr>120</ns3:hr>
            <ns3:cad>51</ns3:cad>
          </ns3:TrackPointExtension>
        </extensions>
      </trkpt>
      <trkpt lat="45.05690013058483600616455078125" lon="6.24818050302565097808837890625">
        <ele>2241.199951171875</ele>
        <time>2026-07-27T06:35:35.000Z</time>
        <extensions>
          <ns3:TrackPointExtension>
            <ns3:hr>118</ns3:hr>
            <ns3:cad>51</ns3:cad>
          </ns3:TrackPointExtension>
        </extensions>
      </trkpt>
      <trkpt lat="45.0568727217614650726318359375" lon="6.2482697702944278717041015625">
        <ele>2240</ele>
        <time>2026-07-27T06:35:42.000Z</time>
        <extensions>
          <ns3:TrackPointExtension>
            <ns3:hr>117</ns3:hr>
            <ns3:cad>53</ns3:cad>
          </ns3:TrackPointExtension>
        </extensions>
      </trkpt>
      <trkpt lat="45.05686978809535503387451171875" lon="6.24828209169209003448486328125">
        <ele>2239.800048828125</ele>
        <time>2026-07-27T06:35:43.000Z</time>
        <extensions>
          <ns3:TrackPointExtension>
            <ns3:hr>117</ns3:hr>
            <ns3:cad>53</ns3:cad>
          </ns3:TrackPointExtension>
        </extensions>
      </trkpt>
      <trkpt lat="45.05685319192707538604736328125" lon="6.24833020381629467010498046875">
        <ele>2239</ele>
        <time>2026-07-27T06:35:47.000Z</time>
        <extensions>
          <ns3:TrackPointExtension>
            <ns3:hr>117</ns3:hr>
            <ns3:cad>53</ns3:cad>
          </ns3:TrackPointExtension>
        </extensions>
      </trkpt>
      <trkpt lat="45.05682720802724361419677734375" lon="6.24843095429241657257080078125">
        <ele>2238</ele>
        <time>2026-07-27T06:35:54.000Z</time>
        <extensions>
          <ns3:TrackPointExtension>
            <ns3:hr>115</ns3:hr>
            <ns3:cad>41</ns3:cad>
          </ns3:TrackPointExtension>
        </extensions>
      </trkpt>
      <trkpt lat="45.05680373869836330413818359375" lon="6.24851980246603488922119140625">
        <ele>2236.800048828125</ele>
        <time>2026-07-27T06:36:00.000Z</time>
        <extensions>
          <ns3:TrackPointExtension>
            <ns3:hr>114</ns3:hr>
            <ns3:cad>41</ns3:cad>
          </ns3:TrackPointExtension>
        </extensions>
      </trkpt>
      <trkpt lat="45.056790746748447418212890625" lon="6.2485772185027599334716796875">
        <ele>2235.800048828125</ele>
        <time>2026-07-27T06:36:04.000Z</time>
        <extensions>
          <ns3:TrackPointExtension>
            <ns3:hr>113</ns3:hr>
            <ns3:cad>56</ns3:cad>
          </ns3:TrackPointExtension>
        </extensions>
      </trkpt>
      <trkpt lat="45.05678529851138591766357421875" lon="6.24863832257688045501708984375">
        <ele>2234.800048828125</ele>
        <time>2026-07-27T06:36:08.000Z</time>
        <extensions>
          <ns3:TrackPointExtension>
            <ns3:hr>112</ns3:hr>
            <ns3:cad>0</ns3:cad>
          </ns3:TrackPointExtension>
        </extensions>
      </trkpt>
      <trkpt lat="45.0567915849387645721435546875" lon="6.24873152934014797210693359375">
        <ele>2234</ele>
        <time>2026-07-27T06:36:14.000Z</time>
        <extensions>
          <ns3:TrackPointExtension>
            <ns3:hr>111</ns3:hr>
            <ns3:cad>53</ns3:cad>
          </ns3:TrackPointExtension>
        </extensions>
      </trkpt>
      <trkpt lat="45.05679284222424030303955078125" lon="6.24876086600124835968017578125">
        <ele>2233.60009765625</ele>
        <time>2026-07-27T06:36:16.000Z</time>
        <extensions>
          <ns3:TrackPointExtension>
            <ns3:hr>111</ns3:hr>
            <ns3:cad>53</ns3:cad>
          </ns3:TrackPointExtension>
        </extensions>
      </trkpt>
      <trkpt lat="45.0567882321774959564208984375" lon="6.2488343752920627593994140625">
        <ele>2232.800048828125</ele>
        <time>2026-07-27T06:36:22.000Z</time>
        <extensions>
          <ns3:TrackPointExtension>
            <ns3:hr>114</ns3:hr>
            <ns3:cad>0</ns3:cad>
          </ns3:TrackPointExtension>
        </extensions>
      </trkpt>
      <trkpt lat="45.0567902438342571258544921875" lon="6.24884753488004207611083984375">
        <ele>2232.60009765625</ele>
        <time>2026-07-27T06:36:23.000Z</time>
        <extensions>
          <ns3:TrackPointExtension>
            <ns3:hr>114</ns3:hr>
            <ns3:cad>0</ns3:cad>
          </ns3:TrackPointExtension>
        </extensions>
      </trkpt>
      <trkpt lat="45.05679284222424030303955078125" lon="6.24886128120124340057373046875">
        <ele>2232.39990234375</ele>
        <time>2026-07-27T06:36:24.000Z</time>
        <extensions>
          <ns3:TrackPointExtension>
            <ns3:hr>114</ns3:hr>
            <ns3:cad>0</ns3:cad>
          </ns3:TrackPointExtension>
        </extensions>
      </trkpt>
      <trkpt lat="45.056820251047611236572265625" lon="6.24897410161793231964111328125">
        <ele>2231.39990234375</ele>
        <time>2026-07-27T06:36:32.000Z</time>
        <extensions>
          <ns3:TrackPointExtension>
            <ns3:hr>113</ns3:hr>
            <ns3:cad>53</ns3:cad>
          </ns3:TrackPointExtension>
        </extensions>
      </trkpt>
      <trkpt lat="45.05682921968400478363037109375" lon="6.2489959783852100372314453125">
        <ele>2231.39990234375</ele>
        <time>2026-07-27T06:36:33.000Z</time>
        <extensions>
          <ns3:TrackPointExtension>
            <ns3:hr>113</ns3:hr>
            <ns3:cad>0</ns3:cad>
          </ns3:TrackPointExtension>
        </extensions>
      </trkpt>
      <trkpt lat="45.0568790920078754425048828125" lon="6.24912128783762454986572265625">
        <ele>2230</ele>
        <time>2026-07-27T06:36:41.000Z</time>
        <extensions>
          <ns3:TrackPointExtension>
            <ns3:hr>114</ns3:hr>
            <ns3:cad>53</ns3:cad>
          </ns3:TrackPointExtension>
        </extensions>
      </trkpt>
      <trkpt lat="45.05688688717782497406005859375" lon="6.24913218431174755096435546875">
        <ele>2229.60009765625</ele>
        <time>2026-07-27T06:36:42.000Z</time>
        <extensions>
          <ns3:TrackPointExtension>
            <ns3:hr>115</ns3:hr>
            <ns3:cad>0</ns3:cad>
          </ns3:TrackPointExtension>
        </extensions>
      </trkpt>
      <trkpt lat="45.0568971969187259674072265625" lon="6.24920560978353023529052734375">
        <ele>2229</ele>
        <time>2026-07-27T06:36:47.000Z</time>
        <extensions>
          <ns3:TrackPointExtension>
            <ns3:hr>117</ns3:hr>
            <ns3:cad>0</ns3:cad>
          </ns3:TrackPointExtension>
        </extensions>
      </trkpt>
      <trkpt lat="45.05690700374543666839599609375" lon="6.24923712573945522308349609375">
        <ele>2228.60009765625</ele>
        <time>2026-07-27T06:36:49.000Z</time>
        <extensions>
          <ns3:TrackPointExtension>
            <ns3:hr>117</ns3:hr>
            <ns3:cad>0</ns3:cad>
          </ns3:TrackPointExtension>
        </extensions>
      </trkpt>
      <trkpt lat="45.05691848695278167724609375" lon="6.24926512129604816436767578125">
        <ele>2228</ele>
        <time>2026-07-27T06:36:51.000Z</time>
        <extensions>
          <ns3:TrackPointExtension>
            <ns3:hr>116</ns3:hr>
            <ns3:cad>0</ns3:cad>
          </ns3:TrackPointExtension>
        </extensions>
      </trkpt>
      <trkpt lat="45.05693919025361537933349609375" lon="6.2493399716913700103759765625">
        <ele>2227</ele>
        <time>2026-07-27T06:36:56.000Z</time>
        <extensions>
          <ns3:TrackPointExtension>
            <ns3:hr>114</ns3:hr>
            <ns3:cad>53</ns3:cad>
          </ns3:TrackPointExtension>
        </extensions>
      </trkpt>
      <trkpt lat="45.05695863626897335052490234375" lon="6.24938406050205230712890625">
        <ele>2226.800048828125</ele>
        <time>2026-07-27T06:36:59.000Z</time>
        <extensions>
          <ns3:TrackPointExtension>
            <ns3:hr>114</ns3:hr>
            <ns3:cad>53</ns3:cad>
          </ns3:TrackPointExtension>
        </extensions>
      </trkpt>
      <trkpt lat="45.0569686107337474822998046875" lon="6.24941230751574039459228515625">
        <ele>2226.60009765625</ele>
        <time>2026-07-27T06:37:01.000Z</time>
        <extensions>
          <ns3:TrackPointExtension>
            <ns3:hr>117</ns3:hr>
            <ns3:cad>53</ns3:cad>
          </ns3:TrackPointExtension>
        </extensions>
      </trkpt>
      <trkpt lat="45.05697623826563358306884765625" lon="6.24943904578685760498046875">
        <ele>2226.39990234375</ele>
        <time>2026-07-27T06:37:03.000Z</time>
        <extensions>
          <ns3:TrackPointExtension>
            <ns3:hr>120</ns3:hr>
            <ns3:cad>53</ns3:cad>
          </ns3:TrackPointExtension>
        </extensions>
      </trkpt>
      <trkpt lat="45.0569766573607921600341796875" lon="6.249453462660312652587890625">
        <ele>2226.39990234375</ele>
        <time>2026-07-27T06:37:04.000Z</time>
        <extensions>
          <ns3:TrackPointExtension>
            <ns3:hr>120</ns3:hr>
            <ns3:cad>54</ns3:cad>
          </ns3:TrackPointExtension>
        </extensions>
      </trkpt>
      <trkpt lat="45.056977160274982452392578125" lon="6.24948288314044475555419921875">
        <ele>2226.199951171875</ele>
        <time>2026-07-27T06:37:06.000Z</time>
        <extensions>
          <ns3:TrackPointExtension>
            <ns3:hr>120</ns3:hr>
            <ns3:cad>49</ns3:cad>
          </ns3:TrackPointExtension>
        </extensions>
      </trkpt>
      <trkpt lat="45.056978166103363037109375" lon="6.24966125003993511199951171875">
        <ele>2226.199951171875</ele>
        <time>2026-07-27T06:37:16.000Z</time>
        <extensions>
          <ns3:TrackPointExtension>
            <ns3:hr>123</ns3:hr>
            <ns3:cad>53</ns3:cad>
          </ns3:TrackPointExtension>
        </extensions>
      </trkpt>
      <trkpt lat="45.0569733045995235443115234375" lon="6.24969427473843097686767578125">
        <ele>2226.199951171875</ele>
        <time>2026-07-27T06:37:18.000Z</time>
        <extensions>
          <ns3:TrackPointExtension>
            <ns3:hr>123</ns3:hr>
            <ns3:cad>54</ns3:cad>
          </ns3:TrackPointExtension>
        </extensions>
      </trkpt>
      <trkpt lat="45.0569562055170536041259765625" lon="6.24976132996380329132080078125">
        <ele>2226.199951171875</ele>
        <time>2026-07-27T06:37:22.000Z</time>
        <extensions>
          <ns3:TrackPointExtension>
            <ns3:hr>126</ns3:hr>
            <ns3:cad>55</ns3:cad>
          </ns3:TrackPointExtension>
        </extensions>
      </trkpt>
      <trkpt lat="45.05692292936146259307861328125" lon="6.24987465329468250274658203125">
        <ele>2226.199951171875</ele>
        <time>2026-07-27T06:37:29.000Z</time>
        <extensions>
          <ns3:TrackPointExtension>
            <ns3:hr>127</ns3:hr>
            <ns3:cad>53</ns3:cad>
          </ns3:TrackPointExtension>
        </extensions>
      </trkpt>
      <trkpt lat="45.056907422840595245361328125" lon="6.24992050230503082275390625">
        <ele>2226</ele>
        <time>2026-07-27T06:37:36.000Z</time>
        <extensions>
          <ns3:TrackPointExtension>
            <ns3:hr>127</ns3:hr>
            <ns3:cad>0</ns3:cad>
          </ns3:TrackPointExtension>
        </extensions>
      </trkpt>
      <trkpt lat="45.05690641701221466064453125" lon="6.2499220110476016998291015625">
        <ele>2225.800048828125</ele>
        <time>2026-07-27T06:37:39.000Z</time>
        <extensions>
          <ns3:TrackPointExtension>
            <ns3:hr>129</ns3:hr>
            <ns3:cad>0</ns3:cad>
          </ns3:TrackPointExtension>
        </extensions>
      </trkpt>
      <trkpt lat="45.0569072552025318145751953125" lon="6.2499240227043628692626953125">
        <ele>2225.800048828125</ele>
        <time>2026-07-27T06:37:44.000Z</time>
        <extensions>
          <ns3:TrackPointExtension>
            <ns3:hr>126</ns3:hr>
            <ns3:cad>0</ns3:cad>
          </ns3:TrackPointExtension>
        </extensions>
      </trkpt>
      <trkpt lat="45.0569072552025318145751953125" lon="6.2499240227043628692626953125">
        <ele>2225.800048828125</ele>
        <time>2026-07-27T06:37:47.000Z</time>
        <extensions>
          <ns3:TrackPointExtension>
            <ns3:hr>123</ns3:hr>
            <ns3:cad>0</ns3:cad>
          </ns3:TrackPointExtension>
        </extensions>
      </trkpt>
      <trkpt lat="45.0569072552025318145751953125" lon="6.2499240227043628692626953125">
        <ele>2225.800048828125</ele>
        <time>2026-07-27T06:37:49.000Z</time>
        <extensions>
          <ns3:TrackPointExtension>
            <ns3:hr>120</ns3:hr>
            <ns3:cad>0</ns3:cad>
          </ns3:TrackPointExtension>
        </extensions>
      </trkpt>
      <trkpt lat="45.0569044053554534912109375" lon="6.2499558739364147186279296875">
        <ele>2225.60009765625</ele>
        <time>2026-07-27T06:38:03.000Z</time>
        <extensions>
          <ns3:TrackPointExtension>
            <ns3:hr>121</ns3:hr>
            <ns3:cad>0</ns3:cad>
          </ns3:TrackPointExtension>
        </extensions>
      </trkpt>
      <trkpt lat="45.05691790021955966949462890625" lon="6.25017103739082813262939453125">
        <ele>2225</ele>
        <time>2026-07-27T06:38:13.000Z</time>
        <extensions>
          <ns3:TrackPointExtension>
            <ns3:hr>122</ns3:hr>
            <ns3:cad>0</ns3:cad>
          </ns3:TrackPointExtension>
        </extensions>
      </trkpt>
      <trkpt lat="45.05692142061889171600341796875" lon="6.25019769184291362762451171875">
        <ele>2224.800048828125</ele>
        <time>2026-07-27T06:38:15.000Z</time>
        <extensions>
          <ns3:TrackPointExtension>
            <ns3:hr>122</ns3:hr>
            <ns3:cad>0</ns3:cad>
          </ns3:TrackPointExtension>
        </extensions>
      </trkpt>
      <trkpt lat="45.0569384358823299407958984375" lon="6.25029207207262516021728515625">
        <ele>2223.800048828125</ele>
        <time>2026-07-27T06:38:22.000Z</time>
        <extensions>
          <ns3:TrackPointExtension>
            <ns3:hr>122</ns3:hr>
            <ns3:cad>59</ns3:cad>
          </ns3:TrackPointExtension>
        </extensions>
      </trkpt>
      <trkpt lat="45.05694128572940826416015625" lon="6.25032140873372554779052734375">
        <ele>2223.39990234375</ele>
        <time>2026-07-27T06:38:24.000Z</time>
        <extensions>
          <ns3:TrackPointExtension>
            <ns3:hr>121</ns3:hr>
            <ns3:cad>53</ns3:cad>
          </ns3:TrackPointExtension>
        </extensions>
      </trkpt>
      <trkpt lat="45.05695779807865619659423828125" lon="6.25042869709432125091552734375">
        <ele>2222.60009765625</ele>
        <time>2026-07-27T06:38:31.000Z</time>
        <extensions>
          <ns3:TrackPointExtension>
            <ns3:hr>121</ns3:hr>
            <ns3:cad>55</ns3:cad>
          </ns3:TrackPointExtension>
        </extensions>
      </trkpt>
      <trkpt lat="45.0569763220846652984619140625" lon="6.25051000155508518218994140625">
        <ele>2221.199951171875</ele>
        <time>2026-07-27T06:38:37.000Z</time>
        <extensions>
          <ns3:TrackPointExtension>
            <ns3:hr>121</ns3:hr>
            <ns3:cad>55</ns3:cad>
          </ns3:TrackPointExtension>
        </extensions>
      </trkpt>
      <trkpt lat="45.056999623775482177734375" lon="6.25057186000049114227294921875">
        <ele>2220.199951171875</ele>
        <time>2026-07-27T06:38:43.000Z</time>
        <extensions>
          <ns3:TrackPointExtension>
            <ns3:hr>124</ns3:hr>
            <ns3:cad>0</ns3:cad>
          </ns3:TrackPointExtension>
        </extensions>
      </trkpt>
      <trkpt lat="45.05700306035578250885009765625" lon="6.250582672655582427978515625">
        <ele>2220.199951171875</ele>
        <time>2026-07-27T06:38:44.000Z</time>
        <extensions>
          <ns3:TrackPointExtension>
            <ns3:hr>124</ns3:hr>
            <ns3:cad>0</ns3:cad>
          </ns3:TrackPointExtension>
        </extensions>
      </trkpt>
      <trkpt lat="45.05704295821487903594970703125" lon="6.25068183057010173797607421875">
        <ele>2219.39990234375</ele>
        <time>2026-07-27T06:38:51.000Z</time>
        <extensions>
          <ns3:TrackPointExtension>
            <ns3:hr>125</ns3:hr>
            <ns3:cad>52</ns3:cad>
          </ns3:TrackPointExtension>
        </extensions>
      </trkpt>
      <trkpt lat="45.05706064403057098388671875" lon="6.250772438943386077880859375">
        <ele>2219</ele>
        <time>2026-07-27T06:38:57.000Z</time>
        <extensions>
          <ns3:TrackPointExtension>
            <ns3:hr>125</ns3:hr>
            <ns3:cad>53</ns3:cad>
          </ns3:TrackPointExtension>
        </extensions>
      </trkpt>
      <trkpt lat="45.05705418996512889862060546875" lon="6.25081728212535381317138671875">
        <ele>2218.800048828125</ele>
        <time>2026-07-27T06:39:00.000Z</time>
        <extensions>
          <ns3:TrackPointExtension>
            <ns3:hr>123</ns3:hr>
            <ns3:cad>53</ns3:cad>
          </ns3:TrackPointExtension>
        </extensions>
      </trkpt>
      <trkpt lat="45.05704362876713275909423828125" lon="6.2509583495557308197021484375">
        <ele>2218.199951171875</ele>
        <time>2026-07-27T06:39:09.000Z</time>
        <extensions>
          <ns3:TrackPointExtension>
            <ns3:hr>121</ns3:hr>
            <ns3:cad>53</ns3:cad>
          </ns3:TrackPointExtension>
        </extensions>
      </trkpt>
      <trkpt lat="45.05704731680452823638916015625" lon="6.2509725987911224365234375">
        <ele>2218</ele>
        <time>2026-07-27T06:39:10.000Z</time>
        <extensions>
          <ns3:TrackPointExtension>
            <ns3:hr>121</ns3:hr>
            <ns3:cad>53</ns3:cad>
          </ns3:TrackPointExtension>
        </extensions>
      </trkpt>
      <trkpt lat="45.05705553106963634490966796875" lon="6.251039318740367889404296875">
        <ele>2217</ele>
        <time>2026-07-27T06:39:15.000Z</time>
        <extensions>
          <ns3:TrackPointExtension>
            <ns3:hr>121</ns3:hr>
            <ns3:cad>0</ns3:cad>
          </ns3:TrackPointExtension>
        </extensions>
      </trkpt>
      <trkpt lat="45.0570588000118732452392578125" lon="6.2510572560131549835205078125">
        <ele>2217</ele>
        <time>2026-07-27T06:39:18.000Z</time>
        <extensions>
          <ns3:TrackPointExtension>
            <ns3:hr>124</ns3:hr>
            <ns3:cad>0</ns3:cad>
          </ns3:TrackPointExtension>
        </extensions>
      </trkpt>
      <trkpt lat="45.0570561178028583526611328125" lon="6.2510542385280132293701171875">
        <ele>2216.800048828125</ele>
        <time>2026-07-27T06:39:29.000Z</time>
        <extensions>
          <ns3:TrackPointExtension>
            <ns3:hr>121</ns3:hr>
            <ns3:cad>0</ns3:cad>
          </ns3:TrackPointExtension>
        </extensions>
      </trkpt>
      <trkpt lat="45.0570561178028583526611328125" lon="6.2510542385280132293701171875">
        <ele>2216.800048828125</ele>
        <time>2026-07-27T06:39:33.000Z</time>
        <extensions>
          <ns3:TrackPointExtension>
            <ns3:hr>118</ns3:hr>
            <ns3:cad>0</ns3:cad>
          </ns3:TrackPointExtension>
        </extensions>
      </trkpt>
      <trkpt lat="45.057055950164794921875" lon="6.25105700455605983734130859375">
        <ele>2216.199951171875</ele>
        <time>2026-07-27T06:39:48.000Z</time>
        <extensions>
          <ns3:TrackPointExtension>
            <ns3:hr>121</ns3:hr>
            <ns3:cad>0</ns3:cad>
          </ns3:TrackPointExtension>
        </extensions>
      </trkpt>
      <trkpt lat="45.057055950164794921875" lon="6.25105700455605983734130859375">
        <ele>2216.60009765625</ele>
        <time>2026-07-27T06:39:56.000Z</time>
        <extensions>
          <ns3:TrackPointExtension>
            <ns3:hr>118</ns3:hr>
            <ns3:cad>0</ns3:cad>
          </ns3:TrackPointExtension>
        </extensions>
      </trkpt>
      <trkpt lat="45.05705586634576320648193359375" lon="6.25105784274637699127197265625">
        <ele>2216.800048828125</ele>
        <time>2026-07-27T06:40:00.000Z</time>
        <extensions>
          <ns3:TrackPointExtension>
            <ns3:hr>115</ns3:hr>
            <ns3:cad>0</ns3:cad>
          </ns3:TrackPointExtension>
        </extensions>
      </trkpt>
      <trkpt lat="45.05705670453608036041259765625" lon="6.2510611116886138916015625">
        <ele>2215.800048828125</ele>
        <time>2026-07-27T06:40:16.000Z</time>
        <extensions>
          <ns3:TrackPointExtension>
            <ns3:hr>114</ns3:hr>
            <ns3:cad>0</ns3:cad>
          </ns3:TrackPointExtension>
        </extensions>
      </trkpt>
      <trkpt lat="45.057082436978816986083984375" lon="6.251130513846874237060546875">
        <ele>2215.39990234375</ele>
        <time>2026-07-27T06:40:20.000Z</time>
        <extensions>
          <ns3:TrackPointExtension>
            <ns3:hr>114</ns3:hr>
            <ns3:cad>52</ns3:cad>
          </ns3:TrackPointExtension>
        </extensions>
      </trkpt>
      <trkpt lat="45.05708880722522735595703125" lon="6.25114987604320049285888671875">
        <ele>2214.800048828125</ele>
        <time>2026-07-27T06:40:21.000Z</time>
        <extensions>
          <ns3:TrackPointExtension>
            <ns3:hr>114</ns3:hr>
            <ns3:cad>52</ns3:cad>
          </ns3:TrackPointExtension>
        </extensions>
      </trkpt>
      <trkpt lat="45.05710917524993419647216796875" lon="6.251267306506633758544921875">
        <ele>2213.800048828125</ele>
        <time>2026-07-27T06:40:27.000Z</time>
        <extensions>
          <ns3:TrackPointExtension>
            <ns3:hr>112</ns3:hr>
            <ns3:cad>55</ns3:cad>
          </ns3:TrackPointExtension>
        </extensions>
      </trkpt>
      <trkpt lat="45.05711118690669536590576171875" lon="6.25131902284920215606689453125">
        <ele>2213.60009765625</ele>
        <time>2026-07-27T06:40:30.000Z</time>
        <extensions>
          <ns3:TrackPointExtension>
            <ns3:hr>111</ns3:hr>
            <ns3:cad>54</ns3:cad>
          </ns3:TrackPointExtension>
        </extensions>
      </trkpt>
      <trkpt lat="45.05711588077247142791748046875" lon="6.251422204077243804931640625">
        <ele>2213.39990234375</ele>
        <time>2026-07-27T06:40:36.000Z</time>
        <extensions>
          <ns3:TrackPointExtension>
            <ns3:hr>114</ns3:hr>
            <ns3:cad>53</ns3:cad>
          </ns3:TrackPointExtension>
        </extensions>
      </trkpt>
      <trkpt lat="45.05711738951504230499267578125" lon="6.2515346892178058624267578125">
        <ele>2213.199951171875</ele>
        <time>2026-07-27T06:40:42.000Z</time>
        <extensions>
          <ns3:TrackPointExtension>
            <ns3:hr>117</ns3:hr>
            <ns3:cad>55</ns3:cad>
          </ns3:TrackPointExtension>
        </extensions>
      </trkpt>
      <trkpt lat="45.0571161322295665740966796875" lon="6.25161658041179180145263671875">
        <ele>2213</ele>
        <time>2026-07-27T06:40:47.000Z</time>
        <extensions>
          <ns3:TrackPointExtension>
            <ns3:hr>114</ns3:hr>
            <ns3:cad>0</ns3:cad>
          </ns3:TrackPointExtension>
        </extensions>
      </trkpt>
      <trkpt lat="45.0571178086102008819580078125" lon="6.2516446597874164581298828125">
        <ele>2212.800048828125</ele>
        <time>2026-07-27T06:40:49.000Z</time>
        <extensions>
          <ns3:TrackPointExtension>
            <ns3:hr>113</ns3:hr>
            <ns3:cad>0</ns3:cad>
          </ns3:TrackPointExtension>
        </extensions>
      </trkpt>
      <trkpt lat="45.057134740054607391357421875" lon="6.2516781874001026153564453125">
        <ele>2211.800048828125</ele>
        <time>2026-07-27T06:40:52.000Z</time>
        <extensions>
          <ns3:TrackPointExtension>
            <ns3:hr>112</ns3:hr>
            <ns3:cad>50</ns3:cad>
          </ns3:TrackPointExtension>
        </extensions>
      </trkpt>
      <trkpt lat="45.0571416132152080535888671875" lon="6.25168598257005214691162109375">
        <ele>2211.60009765625</ele>
        <time>2026-07-27T06:40:53.000Z</time>
        <extensions>
          <ns3:TrackPointExtension>
            <ns3:hr>113</ns3:hr>
            <ns3:cad>50</ns3:cad>
          </ns3:TrackPointExtension>
        </extensions>
      </trkpt>
      <trkpt lat="45.0571489892899990081787109375" lon="6.25168832950294017791748046875">
        <ele>2211.60009765625</ele>
        <time>2026-07-27T06:40:54.000Z</time>
        <extensions>
          <ns3:TrackPointExtension>
            <ns3:hr>113</ns3:hr>
            <ns3:cad>0</ns3:cad>
          </ns3:TrackPointExtension>
        </extensions>
      </trkpt>
      <trkpt lat="45.05716248415410518646240234375" lon="6.25165178440511226654052734375">
        <ele>2211.39990234375</ele>
        <time>2026-07-27T06:40:57.000Z</time>
        <extensions>
          <ns3:TrackPointExtension>
            <ns3:hr>113</ns3:hr>
            <ns3:cad>0</ns3:cad>
          </ns3:TrackPointExtension>
        </extensions>
      </trkpt>
      <trkpt lat="45.0571791641414165496826171875" lon="6.25163552351295948028564453125">
        <ele>2211</ele>
        <time>2026-07-27T06:40:59.000Z</time>
        <extensions>
          <ns3:TrackPointExtension>
            <ns3:hr>113</ns3:hr>
            <ns3:cad>0</ns3:cad>
          </ns3:TrackPointExtension>
        </extensions>
      </trkpt>
      <trkpt lat="45.0571955926716327667236328125" lon="6.25162697397172451019287109375">
        <ele>2210.60009765625</ele>
        <time>2026-07-27T06:41:01.000Z</time>
        <extensions>
          <ns3:TrackPointExtension>
            <ns3:hr>113</ns3:hr>
            <ns3:cad>0</ns3:cad>
          </ns3:TrackPointExtension>
        </extensions>
      </trkpt>
      <trkpt lat="45.057224594056606292724609375" lon="6.25162177719175815582275390625">
        <ele>2210.199951171875</ele>
        <time>2026-07-27T06:41:04.000Z</time>
        <extensions>
          <ns3:TrackPointExtension>
            <ns3:hr>113</ns3:hr>
            <ns3:cad>0</ns3:cad>
          </ns3:TrackPointExtension>
        </extensions>
      </trkpt>
      <trkpt lat="45.05723230540752410888671875" lon="6.2516248784959316253662109375">
        <ele>2209.60009765625</ele>
        <time>2026-07-27T06:41:05.000Z</time>
        <extensions>
          <ns3:TrackPointExtension>
            <ns3:hr>113</ns3:hr>
            <ns3:cad>0</ns3:cad>
          </ns3:TrackPointExtension>
        </extensions>
      </trkpt>
      <trkpt lat="45.0572787411510944366455078125" lon="6.251689754426479339599609375">
        <ele>2208.800048828125</ele>
        <time>2026-07-27T06:41:11.000Z</time>
        <extensions>
          <ns3:TrackPointExtension>
            <ns3:hr>114</ns3:hr>
            <ns3:cad>54</ns3:cad>
          </ns3:TrackPointExtension>
        </extensions>
      </trkpt>
      <trkpt lat="45.05727865733206272125244140625" lon="6.2517063505947589874267578125">
        <ele>2208.800048828125</ele>
        <time>2026-07-27T06:41:12.000Z</time>
        <extensions>
          <ns3:TrackPointExtension>
            <ns3:hr>114</ns3:hr>
            <ns3:cad>54</ns3:cad>
          </ns3:TrackPointExtension>
        </extensions>
      </trkpt>
      <trkpt lat="45.05726977251470088958740234375" lon="6.251762844622135162353515625">
        <ele>2209.199951171875</ele>
        <time>2026-07-27T06:41:20.000Z</time>
        <extensions>
          <ns3:TrackPointExtension>
            <ns3:hr>114</ns3:hr>
            <ns3:cad>0</ns3:cad>
          </ns3:TrackPointExtension>
        </extensions>
      </trkpt>
      <trkpt lat="45.05727178417146205902099609375" lon="6.2517623417079448699951171875">
        <ele>2209</ele>
        <time>2026-07-27T06:41:29.000Z</time>
        <extensions>
          <ns3:TrackPointExtension>
            <ns3:hr>114</ns3:hr>
            <ns3:cad>0</ns3:cad>
          </ns3:TrackPointExtension>
        </extensions>
      </trkpt>
      <trkpt lat="45.05727178417146205902099609375" lon="6.2517623417079448699951171875">
        <ele>2209</ele>
        <time>2026-07-27T06:41:34.000Z</time>
        <extensions>
          <ns3:TrackPointExtension>
            <ns3:hr>117</ns3:hr>
            <ns3:cad>0</ns3:cad>
          </ns3:TrackPointExtension>
        </extensions>
      </trkpt>
      <trkpt lat="45.05727178417146205902099609375" lon="6.2517623417079448699951171875">
        <ele>2209.39990234375</ele>
        <time>2026-07-27T06:41:37.000Z</time>
        <extensions>
          <ns3:TrackPointExtension>
            <ns3:hr>120</ns3:hr>
            <ns3:cad>0</ns3:cad>
          </ns3:TrackPointExtension>
        </extensions>
      </trkpt>
      <trkpt lat="45.05727278999984264373779296875" lon="6.25176594592630863189697265625">
        <ele>2208.800048828125</ele>
        <time>2026-07-27T06:41:50.000Z</time>
        <extensions>
          <ns3:TrackPointExtension>
            <ns3:hr>117</ns3:hr>
            <ns3:cad>0</ns3:cad>
          </ns3:TrackPointExtension>
        </extensions>
      </trkpt>
      <trkpt lat="45.05727295763790607452392578125" lon="6.25176510773599147796630859375">
        <ele>2208.800048828125</ele>
        <time>2026-07-27T06:41:52.000Z</time>
        <extensions>
          <ns3:TrackPointExtension>
            <ns3:hr>114</ns3:hr>
            <ns3:cad>0</ns3:cad>
          </ns3:TrackPointExtension>
        </extensions>
      </trkpt>
      <trkpt lat="45.05727312527596950531005859375" lon="6.25176376663148403167724609375">
        <ele>2208.39990234375</ele>
        <time>2026-07-27T06:41:55.000Z</time>
        <extensions>
          <ns3:TrackPointExtension>
            <ns3:hr>114</ns3:hr>
            <ns3:cad>0</ns3:cad>
          </ns3:TrackPointExtension>
        </extensions>
      </trkpt>
      <trkpt lat="45.05727999843657016754150390625" lon="6.25175781548023223876953125">
        <ele>2209</ele>
        <time>2026-07-27T06:42:12.000Z</time>
        <extensions>
          <ns3:TrackPointExtension>
            <ns3:hr>117</ns3:hr>
            <ns3:cad>0</ns3:cad>
          </ns3:TrackPointExtension>
        </extensions>
      </trkpt>
      <trkpt lat="45.05728502757847309112548828125" lon="6.2517485953867435455322265625">
        <ele>2208.800048828125</ele>
        <time>2026-07-27T06:42:14.000Z</time>
        <extensions>
          <ns3:TrackPointExtension>
            <ns3:hr>127</ns3:hr>
            <ns3:cad>0</ns3:cad>
          </ns3:TrackPointExtension>
        </extensions>
      </trkpt>
      <trkpt lat="45.0572854466736316680908203125" lon="6.2517428956925868988037109375">
        <ele>2208.800048828125</ele>
        <time>2026-07-27T06:42:15.000Z</time>
        <extensions>
          <ns3:TrackPointExtension>
            <ns3:hr>127</ns3:hr>
            <ns3:cad>0</ns3:cad>
          </ns3:TrackPointExtension>
        </extensions>
      </trkpt>
      <trkpt lat="45.0572825968265533447265625" lon="6.2517345137894153594970703125">
        <ele>2209</ele>
        <time>2026-07-27T06:42:41.000Z</time>
        <extensions>
          <ns3:TrackPointExtension>
            <ns3:hr>119</ns3:hr>
            <ns3:cad>0</ns3:cad>
          </ns3:TrackPointExtension>
        </extensions>
      </trkpt>
      <trkpt lat="45.0572825968265533447265625" lon="6.2517343461513519287109375">
        <ele>2209</ele>
        <time>2026-07-27T06:42:47.000Z</time>
        <extensions>
          <ns3:TrackPointExtension>
            <ns3:hr>116</ns3:hr>
            <ns3:cad>0</ns3:cad>
          </ns3:TrackPointExtension>
        </extensions>
      </trkpt>
      <trkpt lat="45.05728636868298053741455078125" lon="6.25173040665686130523681640625">
        <ele>2207.39990234375</ele>
        <time>2026-07-27T06:43:04.000Z</time>
        <extensions>
          <ns3:TrackPointExtension>
            <ns3:hr>118</ns3:hr>
            <ns3:cad>0</ns3:cad>
          </ns3:TrackPointExtension>
        </extensions>
      </trkpt>
      <trkpt lat="45.05727664567530155181884765625" lon="6.2517955340445041656494140625">
        <ele>2206.800048828125</ele>
        <time>2026-07-27T06:43:11.000Z</time>
        <extensions>
          <ns3:TrackPointExtension>
            <ns3:hr>123</ns3:hr>
            <ns3:cad>0</ns3:cad>
          </ns3:TrackPointExtension>
        </extensions>
      </trkpt>
      <trkpt lat="45.0572703592479228973388671875" lon="6.25181959010660648345947265625">
        <ele>2206.800048828125</ele>
        <time>2026-07-27T06:43:13.000Z</time>
        <extensions>
          <ns3:TrackPointExtension>
            <ns3:hr>126</ns3:hr>
            <ns3:cad>0</ns3:cad>
          </ns3:TrackPointExtension>
        </extensions>
      </trkpt>
      <trkpt lat="45.05726583302021026611328125" lon="6.2518361024558544158935546875">
        <ele>2207</ele>
        <time>2026-07-27T06:43:15.000Z</time>
        <extensions>
          <ns3:TrackPointExtension>
            <ns3:hr>129</ns3:hr>
            <ns3:cad>0</ns3:cad>
          </ns3:TrackPointExtension>
        </extensions>
      </trkpt>
      <trkpt lat="45.05726222880184650421142578125" lon="6.251872479915618896484375">
        <ele>2207</ele>
        <time>2026-07-27T06:43:17.000Z</time>
        <extensions>
          <ns3:TrackPointExtension>
            <ns3:hr>129</ns3:hr>
            <ns3:cad>45</ns3:cad>
          </ns3:TrackPointExtension>
        </extensions>
      </trkpt>
      <trkpt lat="45.05730338394641876220703125" lon="6.25198571942746639251708984375">
        <ele>2208.39990234375</ele>
        <time>2026-07-27T06:43:27.000Z</time>
        <extensions>
          <ns3:TrackPointExtension>
            <ns3:hr>131</ns3:hr>
            <ns3:cad>46</ns3:cad>
          </ns3:TrackPointExtension>
        </extensions>
      </trkpt>
      <trkpt lat="45.05731168203055858612060546875" lon="6.2519966997206211090087890625">
        <ele>2208.60009765625</ele>
        <time>2026-07-27T06:43:28.000Z</time>
        <extensions>
          <ns3:TrackPointExtension>
            <ns3:hr>131</ns3:hr>
            <ns3:cad>46</ns3:cad>
          </ns3:TrackPointExtension>
        </extensions>
      </trkpt>
      <trkpt lat="45.05735510028898715972900390625" lon="6.25208395533263683319091796875">
        <ele>2208.60009765625</ele>
        <time>2026-07-27T06:43:37.000Z</time>
        <extensions>
          <ns3:TrackPointExtension>
            <ns3:hr>130</ns3:hr>
            <ns3:cad>0</ns3:cad>
          </ns3:TrackPointExtension>
        </extensions>
      </trkpt>
      <trkpt lat="45.05737504921853542327880859375" lon="6.25213743187487125396728515625">
        <ele>2207.60009765625</ele>
        <time>2026-07-27T06:43:44.000Z</time>
        <extensions>
          <ns3:TrackPointExtension>
            <ns3:hr>131</ns3:hr>
            <ns3:cad>0</ns3:cad>
          </ns3:TrackPointExtension>
        </extensions>
      </trkpt>
      <trkpt lat="45.05737588740885257720947265625" lon="6.2521393597126007080078125">
        <ele>2207.60009765625</ele>
        <time>2026-07-27T06:43:45.000Z</time>
        <extensions>
          <ns3:TrackPointExtension>
            <ns3:hr>131</ns3:hr>
            <ns3:cad>0</ns3:cad>
          </ns3:TrackPointExtension>
        </extensions>
      </trkpt>
      <trkpt lat="45.05737588740885257720947265625" lon="6.2521733902394771575927734375">
        <ele>2206.60009765625</ele>
        <time>2026-07-27T06:43:53.000Z</time>
        <extensions>
          <ns3:TrackPointExtension>
            <ns3:hr>131</ns3:hr>
            <ns3:cad>0</ns3:cad>
          </ns3:TrackPointExtension>
        </extensions>
      </trkpt>
      <trkpt lat="45.057391226291656494140625" lon="6.25219057314097881317138671875">
        <ele>2206.60009765625</ele>
        <time>2026-07-27T06:43:55.000Z</time>
        <extensions>
          <ns3:TrackPointExtension>
            <ns3:hr>134</ns3:hr>
            <ns3:cad>0</ns3:cad>
          </ns3:TrackPointExtension>
        </extensions>
      </trkpt>
      <trkpt lat="45.0573984347283840179443359375" lon="6.25219962559640407562255859375">
        <ele>2206.60009765625</ele>
        <time>2026-07-27T06:43:56.000Z</time>
        <extensions>
          <ns3:TrackPointExtension>
            <ns3:hr>136</ns3:hr>
            <ns3:cad>0</ns3:cad>
          </ns3:TrackPointExtension>
        </extensions>
      </trkpt>
      <trkpt lat="45.0574011169373989105224609375" lon="6.25221915543079376220703125">
        <ele>2206.199951171875</ele>
        <time>2026-07-27T06:43:59.000Z</time>
        <extensions>
          <ns3:TrackPointExtension>
            <ns3:hr>138</ns3:hr>
            <ns3:cad>0</ns3:cad>
          </ns3:TrackPointExtension>
        </extensions>
      </trkpt>
      <trkpt lat="45.05739985965192317962646484375" lon="6.25223784707486629486083984375">
        <ele>2205.60009765625</ele>
        <time>2026-07-27T06:44:05.000Z</time>
        <extensions>
          <ns3:TrackPointExtension>
            <ns3:hr>138</ns3:hr>
            <ns3:cad>0</ns3:cad>
          </ns3:TrackPointExtension>
        </extensions>
      </trkpt>
      <trkpt lat="45.05739717744290828704833984375" lon="6.2522484920918941497802734375">
        <ele>2205.60009765625</ele>
        <time>2026-07-27T06:44:06.000Z</time>
        <extensions>
          <ns3:TrackPointExtension>
            <ns3:hr>138</ns3:hr>
            <ns3:cad>0</ns3:cad>
          </ns3:TrackPointExtension>
        </extensions>
      </trkpt>
      <trkpt lat="45.05738158710300922393798828125" lon="6.2522877193987369537353515625">
        <ele>2204.199951171875</ele>
        <time>2026-07-27T06:44:10.000Z</time>
        <extensions>
          <ns3:TrackPointExtension>
            <ns3:hr>138</ns3:hr>
            <ns3:cad>64</ns3:cad>
          </ns3:TrackPointExtension>
        </extensions>
      </trkpt>
      <trkpt lat="45.05737848579883575439453125" lon="6.2523044832050800323486328125">
        <ele>2203.800048828125</ele>
        <time>2026-07-27T06:44:12.000Z</time>
        <extensions>
          <ns3:TrackPointExtension>
            <ns3:hr>138</ns3:hr>
            <ns3:cad>65</ns3:cad>
          </ns3:TrackPointExtension>
        </extensions>
      </trkpt>
      <trkpt lat="45.05737940780818462371826171875" lon="6.2523405253887176513671875">
        <ele>2203.199951171875</ele>
        <time>2026-07-27T06:44:16.000Z</time>
        <extensions>
          <ns3:TrackPointExtension>
            <ns3:hr>137</ns3:hr>
            <ns3:cad>65</ns3:cad>
          </ns3:TrackPointExtension>
        </extensions>
      </trkpt>
      <trkpt lat="45.05737555213272571563720703125" lon="6.25236944295465946197509765625">
        <ele>2202</ele>
        <time>2026-07-27T06:44:20.000Z</time>
        <extensions>
          <ns3:TrackPointExtension>
            <ns3:hr>137</ns3:hr>
            <ns3:cad>0</ns3:cad>
          </ns3:TrackPointExtension>
        </extensions>
      </trkpt>
      <trkpt lat="45.0573783181607723236083984375" lon="6.25238117761909961700439453125">
        <ele>2201.800048828125</ele>
        <time>2026-07-27T06:44:21.000Z</time>
        <extensions>
          <ns3:TrackPointExtension>
            <ns3:hr>137</ns3:hr>
            <ns3:cad>0</ns3:cad>
          </ns3:TrackPointExtension>
        </extensions>
      </trkpt>
      <trkpt lat="45.0573820061981678009033203125" lon="6.25239676795899868011474609375">
        <ele>2201.800048828125</ele>
        <time>2026-07-27T06:44:22.000Z</time>
        <extensions>
          <ns3:TrackPointExtension>
            <ns3:hr>137</ns3:hr>
            <ns3:cad>0</ns3:cad>
          </ns3:TrackPointExtension>
        </extensions>
      </trkpt>
      <trkpt lat="45.05737571977078914642333984375" lon="6.2524330615997314453125">
        <ele>2201.800048828125</ele>
        <time>2026-07-27T06:44:25.000Z</time>
        <extensions>
          <ns3:TrackPointExtension>
            <ns3:hr>137</ns3:hr>
            <ns3:cad>0</ns3:cad>
          </ns3:TrackPointExtension>
        </extensions>
      </trkpt>
      <trkpt lat="45.057373456656932830810546875" lon="6.2524416111409664154052734375">
        <ele>2202</ele>
        <time>2026-07-27T06:44:27.000Z</time>
        <extensions>
          <ns3:TrackPointExtension>
            <ns3:hr>136</ns3:hr>
            <ns3:cad>0</ns3:cad>
          </ns3:TrackPointExtension>
        </extensions>
      </trkpt>
      <trkpt lat="45.05735493265092372894287109375" lon="6.25245259143412113189697265625">
        <ele>2203.199951171875</ele>
        <time>2026-07-27T06:44:34.000Z</time>
        <extensions>
          <ns3:TrackPointExtension>
            <ns3:hr>135</ns3:hr>
            <ns3:cad>0</ns3:cad>
          </ns3:TrackPointExtension>
        </extensions>
      </trkpt>
      <trkpt lat="45.0573266856372356414794921875" lon="6.2524556927382946014404296875">
        <ele>2204.199951171875</ele>
        <time>2026-07-27T06:44:38.000Z</time>
        <extensions>
          <ns3:TrackPointExtension>
            <ns3:hr>136</ns3:hr>
            <ns3:cad>41</ns3:cad>
          </ns3:TrackPointExtension>
        </extensions>
      </trkpt>
      <trkpt lat="45.05728670395910739898681640625" lon="6.25245250761508941650390625">
        <ele>2204.60009765625</ele>
        <time>2026-07-27T06:44:43.000Z</time>
        <extensions>
          <ns3:TrackPointExtension>
            <ns3:hr>137</ns3:hr>
            <ns3:cad>0</ns3:cad>
          </ns3:TrackPointExtension>
        </extensions>
      </trkpt>
      <trkpt lat="45.05723255686461925506591796875" lon="6.25244555063545703887939453125">
        <ele>2204.60009765625</ele>
        <time>2026-07-27T06:44:48.000Z</time>
        <extensions>
          <ns3:TrackPointExtension>
            <ns3:hr>140</ns3:hr>
            <ns3:cad>51</ns3:cad>
          </ns3:TrackPointExtension>
        </extensions>
      </trkpt>
      <trkpt lat="45.05719299428164958953857421875" lon="6.2524530105292797088623046875">
        <ele>2204.60009765625</ele>
        <time>2026-07-27T06:44:51.000Z</time>
        <extensions>
          <ns3:TrackPointExtension>
            <ns3:hr>141</ns3:hr>
            <ns3:cad>52</ns3:cad>
          </ns3:TrackPointExtension>
        </extensions>
      </trkpt>
      <trkpt lat="45.057106576859951019287109375" lon="6.25247530639171600341796875">
        <ele>2205</ele>
        <time>2026-07-27T06:44:58.000Z</time>
        <extensions>
          <ns3:TrackPointExtension>
            <ns3:hr>145</ns3:hr>
            <ns3:cad>0</ns3:cad>
          </ns3:TrackPointExtension>
        </extensions>
      </trkpt>
      <trkpt lat="45.05707967095077037811279296875" lon="6.25248025171458721160888671875">
        <ele>2205.199951171875</ele>
        <time>2026-07-27T06:45:00.000Z</time>
        <extensions>
          <ns3:TrackPointExtension>
            <ns3:hr>148</ns3:hr>
            <ns3:cad>55</ns3:cad>
          </ns3:TrackPointExtension>
        </extensions>
      </trkpt>
      <trkpt lat="45.05706709809601306915283203125" lon="6.25248469412326812744140625">
        <ele>2205.199951171875</ele>
        <time>2026-07-27T06:45:01.000Z</time>
        <extensions>
          <ns3:TrackPointExtension>
            <ns3:hr>149</ns3:hr>
            <ns3:cad>55</ns3:cad>
          </ns3:TrackPointExtension>
        </extensions>
      </trkpt>
      <trkpt lat="45.05703960545361042022705078125" lon="6.2524989433586597442626953125">
        <ele>2205.800048828125</ele>
        <time>2026-07-27T06:45:03.000Z</time>
        <extensions>
          <ns3:TrackPointExtension>
            <ns3:hr>153</ns3:hr>
            <ns3:cad>55</ns3:cad>
          </ns3:TrackPointExtension>
        </extensions>
      </trkpt>
      <trkpt lat="45.05703122355043888092041015625" lon="6.2525029666721820831298828125">
        <ele>2206</ele>
        <time>2026-07-27T06:45:04.000Z</time>
        <extensions>
          <ns3:TrackPointExtension>
            <ns3:hr>156</ns3:hr>
            <ns3:cad>55</ns3:cad>
          </ns3:TrackPointExtension>
        </extensions>
      </trkpt>
      <trkpt lat="45.057015381753444671630859375" lon="6.25251076184213161468505859375">
        <ele>2206.199951171875</ele>
        <time>2026-07-27T06:45:06.000Z</time>
        <extensions>
          <ns3:TrackPointExtension>
            <ns3:hr>158</ns3:hr>
            <ns3:cad>0</ns3:cad>
          </ns3:TrackPointExtension>
        </extensions>
      </trkpt>
      <trkpt lat="45.05701177753508090972900390625" lon="6.25251746736466884613037109375">
        <ele>2206.199951171875</ele>
        <time>2026-07-27T06:45:08.000Z</time>
        <extensions>
          <ns3:TrackPointExtension>
            <ns3:hr>159</ns3:hr>
            <ns3:cad>0</ns3:cad>
          </ns3:TrackPointExtension>
        </extensions>
      </trkpt>
      <trkpt lat="45.05699316971004009246826171875" lon="6.252522580325603485107421875">
        <ele>2206</ele>
        <time>2026-07-27T06:45:15.000Z</time>
        <extensions>
          <ns3:TrackPointExtension>
            <ns3:hr>159</ns3:hr>
            <ns3:cad>0</ns3:cad>
          </ns3:TrackPointExtension>
        </extensions>
      </trkpt>
      <trkpt lat="45.05695042200386524200439453125" lon="6.2525388412177562713623046875">
        <ele>2206</ele>
        <time>2026-07-27T06:45:20.000Z</time>
        <extensions>
          <ns3:TrackPointExtension>
            <ns3:hr>156</ns3:hr>
            <ns3:cad>41</ns3:cad>
          </ns3:TrackPointExtension>
        </extensions>
      </trkpt>
      <trkpt lat="45.0569246895611286163330078125" lon="6.2525572814047336578369140625">
        <ele>2206.199951171875</ele>
        <time>2026-07-27T06:45:24.000Z</time>
        <extensions>
          <ns3:TrackPointExtension>
            <ns3:hr>155</ns3:hr>
            <ns3:cad>42</ns3:cad>
          </ns3:TrackPointExtension>
        </extensions>
      </trkpt>
      <trkpt lat="45.05692309699952602386474609375" lon="6.252559125423431396484375">
        <ele>2206.39990234375</ele>
        <time>2026-07-27T06:45:25.000Z</time>
        <extensions>
          <ns3:TrackPointExtension>
            <ns3:hr>155</ns3:hr>
            <ns3:cad>0</ns3:cad>
          </ns3:TrackPointExtension>
        </extensions>
      </trkpt>
      <trkpt lat="45.056921504437923431396484375" lon="6.25255837105214595794677734375">
        <ele>2206.60009765625</ele>
        <time>2026-07-27T06:45:29.000Z</time>
        <extensions>
          <ns3:TrackPointExtension>
            <ns3:hr>152</ns3:hr>
            <ns3:cad>0</ns3:cad>
          </ns3:TrackPointExtension>
        </extensions>
      </trkpt>
      <trkpt lat="45.05692183971405029296875" lon="6.252561472356319427490234375">
        <ele>2206.60009765625</ele>
        <time>2026-07-27T06:45:31.000Z</time>
        <extensions>
          <ns3:TrackPointExtension>
            <ns3:hr>149</ns3:hr>
            <ns3:cad>0</ns3:cad>
          </ns3:TrackPointExtension>
        </extensions>
      </trkpt>
      <trkpt lat="45.05692359991371631622314453125" lon="6.252552755177021026611328125">
        <ele>2206.800048828125</ele>
        <time>2026-07-27T06:45:44.000Z</time>
        <extensions>
          <ns3:TrackPointExtension>
            <ns3:hr>146</ns3:hr>
            <ns3:cad>0</ns3:cad>
          </ns3:TrackPointExtension>
        </extensions>
      </trkpt>
      <trkpt lat="45.05692192353308200836181640625" lon="6.2525566108524799346923828125">
        <ele>2206.800048828125</ele>
        <time>2026-07-27T06:45:48.000Z</time>
        <extensions>
          <ns3:TrackPointExtension>
            <ns3:hr>143</ns3:hr>
            <ns3:cad>0</ns3:cad>
          </ns3:TrackPointExtension>
        </extensions>
      </trkpt>
      <trkpt lat="45.05692192353308200836181640625" lon="6.252556778490543365478515625">
        <ele>2206.60009765625</ele>
        <time>2026-07-27T06:45:50.000Z</time>
        <extensions>
          <ns3:TrackPointExtension>
            <ns3:hr>139</ns3:hr>
            <ns3:cad>0</ns3:cad>
          </ns3:TrackPointExtension>
        </extensions>
      </trkpt>
      <trkpt lat="45.05692183971405029296875" lon="6.252556778490543365478515625">
        <ele>2206.39990234375</ele>
        <time>2026-07-27T06:45:51.000Z</time>
        <extensions>
          <ns3:TrackPointExtension>
            <ns3:hr>136</ns3:hr>
            <ns3:cad>0</ns3:cad>
          </ns3:TrackPointExtension>
        </extensions>
      </trkpt>
      <trkpt lat="45.0569216720759868621826171875" lon="6.252556778490543365478515625">
        <ele>2206.39990234375</ele>
        <time>2026-07-27T06:45:52.000Z</time>
        <extensions>
          <ns3:TrackPointExtension>
            <ns3:hr>136</ns3:hr>
            <ns3:cad>0</ns3:cad>
          </ns3:TrackPointExtension>
        </extensions>
      </trkpt>
      <trkpt lat="45.05690147168934345245361328125" lon="6.2525569461286067962646484375">
        <ele>2206.199951171875</ele>
        <time>2026-07-27T06:46:09.000Z</time>
        <extensions>
          <ns3:TrackPointExtension>
            <ns3:hr>133</ns3:hr>
            <ns3:cad>0</ns3:cad>
          </ns3:TrackPointExtension>
        </extensions>
      </trkpt>
      <trkpt lat="45.05688739009201526641845703125" lon="6.25256004743278026580810546875">
        <ele>2205.199951171875</ele>
        <time>2026-07-27T06:46:19.000Z</time>
        <extensions>
          <ns3:TrackPointExtension>
            <ns3:hr>132</ns3:hr>
            <ns3:cad>0</ns3:cad>
          </ns3:TrackPointExtension>
        </extensions>
      </trkpt>
      <trkpt lat="45.05688521079719066619873046875" lon="6.25257463194429874420166015625">
        <ele>2205.39990234375</ele>
        <time>2026-07-27T06:46:28.000Z</time>
        <extensions>
          <ns3:TrackPointExtension>
            <ns3:hr>129</ns3:hr>
            <ns3:cad>0</ns3:cad>
          </ns3:TrackPointExtension>
        </extensions>
      </trkpt>
      <trkpt lat="45.0568851269781589508056640625" lon="6.25257463194429874420166015625">
        <ele>2205.39990234375</ele>
        <time>2026-07-27T06:46:29.000Z</time>
        <extensions>
          <ns3:TrackPointExtension>
            <ns3:hr>125</ns3:hr>
            <ns3:cad>0</ns3:cad>
          </ns3:TrackPointExtension>
        </extensions>
      </trkpt>
      <trkpt lat="45.0568847917020320892333984375" lon="6.2525750510394573211669921875">
        <ele>2205.39990234375</ele>
        <time>2026-07-27T06:46:32.000Z</time>
        <extensions>
          <ns3:TrackPointExtension>
            <ns3:hr>122</ns3:hr>
            <ns3:cad>0</ns3:cad>
          </ns3:TrackPointExtension>
        </extensions>
      </trkpt>
      <trkpt lat="45.056871213018894195556640625" lon="6.25258686952292919158935546875">
        <ele>2206.39990234375</ele>
        <time>2026-07-27T06:46:37.000Z</time>
        <extensions>
          <ns3:TrackPointExtension>
            <ns3:hr>123</ns3:hr>
            <ns3:cad>0</ns3:cad>
          </ns3:TrackPointExtension>
        </extensions>
      </trkpt>
      <trkpt lat="45.05686123855412006378173828125" lon="6.25260011292994022369384765625">
        <ele>2206.60009765625</ele>
        <time>2026-07-27T06:46:40.000Z</time>
        <extensions>
          <ns3:TrackPointExtension>
            <ns3:hr>124</ns3:hr>
            <ns3:cad>0</ns3:cad>
          </ns3:TrackPointExtension>
        </extensions>
      </trkpt>
      <trkpt lat="45.05686123855412006378173828125" lon="6.25260011292994022369384765625">
        <ele>2206.60009765625</ele>
        <time>2026-07-27T06:46:42.000Z</time>
        <extensions>
          <ns3:TrackPointExtension>
            <ns3:hr>128</ns3:hr>
            <ns3:cad>0</ns3:cad>
          </ns3:TrackPointExtension>
        </extensions>
      </trkpt>
      <trkpt lat="45.05686123855412006378173828125" lon="6.25260011292994022369384765625">
        <ele>2206.60009765625</ele>
        <time>2026-07-27T06:46:44.000Z</time>
        <extensions>
          <ns3:TrackPointExtension>
            <ns3:hr>133</ns3:hr>
            <ns3:cad>0</ns3:cad>
          </ns3:TrackPointExtension>
        </extensions>
      </trkpt>
      <trkpt lat="45.05686123855412006378173828125" lon="6.25260011292994022369384765625">
        <ele>2206.60009765625</ele>
        <time>2026-07-27T06:46:45.000Z</time>
        <extensions>
          <ns3:TrackPointExtension>
            <ns3:hr>133</ns3:hr>
            <ns3:cad>0</ns3:cad>
          </ns3:TrackPointExtension>
        </extensions>
      </trkpt>
      <trkpt lat="45.05686123855412006378173828125" lon="6.25260011292994022369384765625">
        <ele>2206.60009765625</ele>
        <time>2026-07-27T06:46:47.000Z</time>
        <extensions>
          <ns3:TrackPointExtension>
            <ns3:hr>130</ns3:hr>
            <ns3:cad>0</ns3:cad>
          </ns3:TrackPointExtension>
        </extensions>
      </trkpt>
      <trkpt lat="45.05685545504093170166015625" lon="6.252604387700557708740234375">
        <ele>2206.60009765625</ele>
        <time>2026-07-27T06:46:50.000Z</time>
        <extensions>
          <ns3:TrackPointExtension>
            <ns3:hr>127</ns3:hr>
            <ns3:cad>0</ns3:cad>
          </ns3:TrackPointExtension>
        </extensions>
      </trkpt>
      <trkpt lat="45.0568495877087116241455078125" lon="6.2526112608611583709716796875">
        <ele>2206.60009765625</ele>
        <time>2026-07-27T06:46:54.000Z</time>
        <extensions>
          <ns3:TrackPointExtension>
            <ns3:hr>124</ns3:hr>
            <ns3:cad>0</ns3:cad>
          </ns3:TrackPointExtension>
        </extensions>
      </trkpt>
      <trkpt lat="45.05683642812073230743408203125" lon="6.252630539238452911376953125">
        <ele>2206.800048828125</ele>
        <time>2026-07-27T06:47:25.000Z</time>
        <extensions>
          <ns3:TrackPointExtension>
            <ns3:hr>121</ns3:hr>
            <ns3:cad>0</ns3:cad>
          </ns3:TrackPointExtension>
        </extensions>
      </trkpt>
      <trkpt lat="45.056830309331417083740234375" lon="6.25263481400907039642333984375">
        <ele>2207</ele>
        <time>2026-07-27T06:47:33.000Z</time>
        <extensions>
          <ns3:TrackPointExtension>
            <ns3:hr>118</ns3:hr>
            <ns3:cad>0</ns3:cad>
          </ns3:TrackPointExtension>
        </extensions>
      </trkpt>
      <trkpt lat="45.0567917525768280029296875" lon="6.25267420895397663116455078125">
        <ele>2207.39990234375</ele>
        <time>2026-07-27T06:47:37.000Z</time>
        <extensions>
          <ns3:TrackPointExtension>
            <ns3:hr>118</ns3:hr>
            <ns3:cad>48</ns3:cad>
          </ns3:TrackPointExtension>
        </extensions>
      </trkpt>
      <trkpt lat="45.05678278394043445587158203125" lon="6.2526866979897022247314453125">
        <ele>2207.60009765625</ele>
        <time>2026-07-27T06:47:38.000Z</time>
        <extensions>
          <ns3:TrackPointExtension>
            <ns3:hr>118</ns3:hr>
            <ns3:cad>48</ns3:cad>
          </ns3:TrackPointExtension>
        </extensions>
      </trkpt>
      <trkpt lat="45.0567117892205715179443359375" lon="6.25275836326181888580322265625">
        <ele>2208</ele>
        <time>2026-07-27T06:47:44.000Z</time>
        <extensions>
          <ns3:TrackPointExtension>
            <ns3:hr>121</ns3:hr>
            <ns3:cad>50</ns3:cad>
          </ns3:TrackPointExtension>
        </extensions>
      </trkpt>
      <trkpt lat="45.056680105626583099365234375" lon="6.25277747400104999542236328125">
        <ele>2208.39990234375</ele>
        <time>2026-07-27T06:47:47.000Z</time>
        <extensions>
          <ns3:TrackPointExtension>
            <ns3:hr>124</ns3:hr>
            <ns3:cad>50</ns3:cad>
          </ns3:TrackPointExtension>
        </extensions>
      </trkpt>
      <trkpt lat="45.0566715560853481292724609375" lon="6.25278702937066555023193359375">
        <ele>2208.60009765625</ele>
        <time>2026-07-27T06:47:48.000Z</time>
        <extensions>
          <ns3:TrackPointExtension>
            <ns3:hr>125</ns3:hr>
            <ns3:cad>48</ns3:cad>
          </ns3:TrackPointExtension>
        </extensions>
      </trkpt>
      <trkpt lat="45.056650601327419281005859375" lon="6.25281016342341899871826171875">
        <ele>2208.60009765625</ele>
        <time>2026-07-27T06:47:51.000Z</time>
        <extensions>
          <ns3:TrackPointExtension>
            <ns3:hr>128</ns3:hr>
            <ns3:cad>0</ns3:cad>
          </ns3:TrackPointExtension>
        </extensions>
      </trkpt>
      <trkpt lat="45.056625120341777801513671875" lon="6.2528244964778423309326171875">
        <ele>2208.60009765625</ele>
        <time>2026-07-27T06:47:53.000Z</time>
        <extensions>
          <ns3:TrackPointExtension>
            <ns3:hr>131</ns3:hr>
            <ns3:cad>49</ns3:cad>
          </ns3:TrackPointExtension>
        </extensions>
      </trkpt>
      <trkpt lat="45.0565852224826812744140625" lon="6.25285341404378414154052734375">
        <ele>2208.60009765625</ele>
        <time>2026-07-27T06:47:57.000Z</time>
        <extensions>
          <ns3:TrackPointExtension>
            <ns3:hr>133</ns3:hr>
            <ns3:cad>0</ns3:cad>
          </ns3:TrackPointExtension>
        </extensions>
      </trkpt>
      <trkpt lat="45.05655898712575435638427734375" lon="6.25286414287984371185302734375">
        <ele>2208.800048828125</ele>
        <time>2026-07-27T06:48:04.000Z</time>
        <extensions>
          <ns3:TrackPointExtension>
            <ns3:hr>133</ns3:hr>
            <ns3:cad>0</ns3:cad>
          </ns3:TrackPointExtension>
        </extensions>
      </trkpt>
      <trkpt lat="45.05655328743159770965576171875" lon="6.2528586946427822113037109375">
        <ele>2208.800048828125</ele>
        <time>2026-07-27T06:48:08.000Z</time>
        <extensions>
          <ns3:TrackPointExtension>
            <ns3:hr>136</ns3:hr>
            <ns3:cad>0</ns3:cad>
          </ns3:TrackPointExtension>
        </extensions>
      </trkpt>
      <trkpt lat="45.05655311979353427886962890625" lon="6.2528613768517971038818359375">
        <ele>2208.60009765625</ele>
        <time>2026-07-27T06:48:12.000Z</time>
        <extensions>
          <ns3:TrackPointExtension>
            <ns3:hr>136</ns3:hr>
            <ns3:cad>0</ns3:cad>
          </ns3:TrackPointExtension>
        </extensions>
      </trkpt>
      <trkpt lat="45.05655345506966114044189453125" lon="6.25286146067082881927490234375">
        <ele>2208.39990234375</ele>
        <time>2026-07-27T06:48:28.000Z</time>
        <extensions>
          <ns3:TrackPointExtension>
            <ns3:hr>133</ns3:hr>
            <ns3:cad>0</ns3:cad>
          </ns3:TrackPointExtension>
        </extensions>
      </trkpt>
      <trkpt lat="45.05652763880789279937744140625" lon="6.25288300216197967529296875">
        <ele>2208.60009765625</ele>
        <time>2026-07-27T06:48:32.000Z</time>
        <extensions>
          <ns3:TrackPointExtension>
            <ns3:hr>130</ns3:hr>
            <ns3:cad>0</ns3:cad>
          </ns3:TrackPointExtension>
        </extensions>
      </trkpt>
      <trkpt lat="45.05652076564729213714599609375" lon="6.2528868578374385833740234375">
        <ele>2208.60009765625</ele>
        <time>2026-07-27T06:48:33.000Z</time>
        <extensions>
          <ns3:TrackPointExtension>
            <ns3:hr>130</ns3:hr>
            <ns3:cad>0</ns3:cad>
          </ns3:TrackPointExtension>
        </extensions>
      </trkpt>
      <trkpt lat="45.0565019063651561737060546875" lon="6.2529046274721622467041015625">
        <ele>2209</ele>
        <time>2026-07-27T06:48:42.000Z</time>
        <extensions>
          <ns3:TrackPointExtension>
            <ns3:hr>131</ns3:hr>
            <ns3:cad>0</ns3:cad>
          </ns3:TrackPointExtension>
        </extensions>
      </trkpt>
      <trkpt lat="45.0565005652606487274169921875" lon="6.25294796191155910491943359375">
        <ele>2209</ele>
        <time>2026-07-27T06:48:50.000Z</time>
        <extensions>
          <ns3:TrackPointExtension>
            <ns3:hr>132</ns3:hr>
            <ns3:cad>77</ns3:cad>
          </ns3:TrackPointExtension>
        </extensions>
      </trkpt>
      <trkpt lat="45.0564895011484622955322265625" lon="6.25299104489386081695556640625">
        <ele>2210</ele>
        <time>2026-07-27T06:48:54.000Z</time>
        <extensions>
          <ns3:TrackPointExtension>
            <ns3:hr>132</ns3:hr>
            <ns3:cad>77</ns3:cad>
          </ns3:TrackPointExtension>
        </extensions>
      </trkpt>
      <trkpt lat="45.05647097714245319366455078125" lon="6.25301585532724857330322265625">
        <ele>2211</ele>
        <time>2026-07-27T06:48:58.000Z</time>
        <extensions>
          <ns3:TrackPointExtension>
            <ns3:hr>132</ns3:hr>
            <ns3:cad>0</ns3:cad>
          </ns3:TrackPointExtension>
        </extensions>
      </trkpt>
      <trkpt lat="45.05646477453410625457763671875" lon="6.25301979482173919677734375">
        <ele>2211</ele>
        <time>2026-07-27T06:48:59.000Z</time>
        <extensions>
          <ns3:TrackPointExtension>
            <ns3:hr>132</ns3:hr>
            <ns3:cad>0</ns3:cad>
          </ns3:TrackPointExtension>
        </extensions>
      </trkpt>
      <trkpt lat="45.05643761716783046722412109375" lon="6.25305122695863246917724609375">
        <ele>2211.60009765625</ele>
        <time>2026-07-27T06:49:04.000Z</time>
        <extensions>
          <ns3:TrackPointExtension>
            <ns3:hr>128</ns3:hr>
            <ns3:cad>40</ns3:cad>
          </ns3:TrackPointExtension>
        </extensions>
      </trkpt>
      <trkpt lat="45.0564237870275974273681640625" lon="6.25304527580738067626953125">
        <ele>2211.800048828125</ele>
        <time>2026-07-27T06:49:07.000Z</time>
        <extensions>
          <ns3:TrackPointExtension>
            <ns3:hr>125</ns3:hr>
            <ns3:cad>0</ns3:cad>
          </ns3:TrackPointExtension>
        </extensions>
      </trkpt>
      <trkpt lat="45.0563624314963817596435546875" lon="6.2530890293419361114501953125">
        <ele>2211.800048828125</ele>
        <time>2026-07-27T06:49:17.000Z</time>
        <extensions>
          <ns3:TrackPointExtension>
            <ns3:hr>125</ns3:hr>
            <ns3:cad>79</ns3:cad>
          </ns3:TrackPointExtension>
        </extensions>
      </trkpt>
      <trkpt lat="45.0563248805701732635498046875" lon="6.2531118281185626983642578125">
        <ele>2212</ele>
        <time>2026-07-27T06:49:22.000Z</time>
        <extensions>
          <ns3:TrackPointExtension>
            <ns3:hr>128</ns3:hr>
            <ns3:cad>0</ns3:cad>
          </ns3:TrackPointExtension>
        </extensions>
      </trkpt>
      <trkpt lat="45.0563087873160839080810546875" lon="6.25313378870487213134765625">
        <ele>2212</ele>
        <time>2026-07-27T06:49:25.000Z</time>
        <extensions>
          <ns3:TrackPointExtension>
            <ns3:hr>129</ns3:hr>
            <ns3:cad>0</ns3:cad>
          </ns3:TrackPointExtension>
        </extensions>
      </trkpt>
      <trkpt lat="45.05630384199321269989013671875" lon="6.2531373091042041778564453125">
        <ele>2212</ele>
        <time>2026-07-27T06:49:26.000Z</time>
        <extensions>
          <ns3:TrackPointExtension>
            <ns3:hr>129</ns3:hr>
            <ns3:cad>0</ns3:cad>
          </ns3:TrackPointExtension>
        </extensions>
      </trkpt>
      <trkpt lat="45.0562789477407932281494140625" lon="6.253153569996356964111328125">
        <ele>2212</ele>
        <time>2026-07-27T06:49:33.000Z</time>
        <extensions>
          <ns3:TrackPointExtension>
            <ns3:hr>131</ns3:hr>
            <ns3:cad>0</ns3:cad>
          </ns3:TrackPointExtension>
        </extensions>
      </trkpt>
      <trkpt lat="45.05624634213745594024658203125" lon="6.2531827390193939208984375">
        <ele>2212.199951171875</ele>
        <time>2026-07-27T06:49:40.000Z</time>
        <extensions>
          <ns3:TrackPointExtension>
            <ns3:hr>131</ns3:hr>
            <ns3:cad>0</ns3:cad>
          </ns3:TrackPointExtension>
        </extensions>
      </trkpt>
      <trkpt lat="45.05621373653411865234375" lon="6.25320486724376678466796875">
        <ele>2212.60009765625</ele>
        <time>2026-07-27T06:49:47.000Z</time>
        <extensions>
          <ns3:TrackPointExtension>
            <ns3:hr>128</ns3:hr>
            <ns3:cad>0</ns3:cad>
          </ns3:TrackPointExtension>
        </extensions>
      </trkpt>
      <trkpt lat="45.056197308003902435302734375" lon="6.25321299768984317779541015625">
        <ele>2212.60009765625</ele>
        <time>2026-07-27T06:49:51.000Z</time>
        <extensions>
          <ns3:TrackPointExtension>
            <ns3:hr>127</ns3:hr>
            <ns3:cad>0</ns3:cad>
          </ns3:TrackPointExtension>
        </extensions>
      </trkpt>
      <trkpt lat="45.05618934519588947296142578125" lon="6.25322791747748851776123046875">
        <ele>2212.60009765625</ele>
        <time>2026-07-27T06:49:57.000Z</time>
        <extensions>
          <ns3:TrackPointExtension>
            <ns3:hr>125</ns3:hr>
            <ns3:cad>0</ns3:cad>
          </ns3:TrackPointExtension>
        </extensions>
      </trkpt>
      <trkpt lat="45.056189931929111480712890625" lon="6.25325046479701995849609375">
        <ele>2212.60009765625</ele>
        <time>2026-07-27T06:50:05.000Z</time>
        <extensions>
          <ns3:TrackPointExtension>
            <ns3:hr>124</ns3:hr>
            <ns3:cad>0</ns3:cad>
          </ns3:TrackPointExtension>
        </extensions>
      </trkpt>
      <trkpt lat="45.05619085393846035003662109375" lon="6.2532523088157176971435546875">
        <ele>2212.800048828125</ele>
        <time>2026-07-27T06:50:12.000Z</time>
        <extensions>
          <ns3:TrackPointExtension>
            <ns3:hr>147</ns3:hr>
            <ns3:cad>0</ns3:cad>
          </ns3:TrackPointExtension>
        </extensions>
      </trkpt>
      <trkpt lat="45.05619085393846035003662109375" lon="6.2532523088157176971435546875">
        <ele>2212.800048828125</ele>
        <time>2026-07-27T06:50:13.000Z</time>
        <extensions>
          <ns3:TrackPointExtension>
            <ns3:hr>157</ns3:hr>
            <ns3:cad>0</ns3:cad>
          </ns3:TrackPointExtension>
        </extensions>
      </trkpt>
      <trkpt lat="45.05619085393846035003662109375" lon="6.2532523088157176971435546875">
        <ele>2212.800048828125</ele>
        <time>2026-07-27T06:50:14.000Z</time>
        <extensions>
          <ns3:TrackPointExtension>
            <ns3:hr>157</ns3:hr>
            <ns3:cad>0</ns3:cad>
          </ns3:TrackPointExtension>
        </extensions>
      </trkpt>
      <trkpt lat="45.05619085393846035003662109375" lon="6.2532523088157176971435546875">
        <ele>2212.800048828125</ele>
        <time>2026-07-27T06:50:19.000Z</time>
        <extensions>
          <ns3:TrackPointExtension>
            <ns3:hr>154</ns3:hr>
            <ns3:cad>0</ns3:cad>
          </ns3:TrackPointExtension>
        </extensions>
      </trkpt>
      <trkpt lat="45.0561900995671749114990234375" lon="6.2532523088157176971435546875">
        <ele>2213</ele>
        <time>2026-07-27T06:50:24.000Z</time>
        <extensions>
          <ns3:TrackPointExtension>
            <ns3:hr>151</ns3:hr>
            <ns3:cad>0</ns3:cad>
          </ns3:TrackPointExtension>
        </extensions>
      </trkpt>
      <trkpt lat="45.05618984811007976531982421875" lon="6.25325239263474941253662109375">
        <ele>2213.199951171875</ele>
        <time>2026-07-27T06:50:27.000Z</time>
        <extensions>
          <ns3:TrackPointExtension>
            <ns3:hr>149</ns3:hr>
            <ns3:cad>0</ns3:cad>
          </ns3:TrackPointExtension>
        </extensions>
      </trkpt>
      <trkpt lat="45.05618984811007976531982421875" lon="6.25325306318700313568115234375">
        <ele>2213.39990234375</ele>
        <time>2026-07-27T06:50:34.000Z</time>
        <extensions>
          <ns3:TrackPointExtension>
            <ns3:hr>146</ns3:hr>
            <ns3:cad>0</ns3:cad>
          </ns3:TrackPointExtension>
        </extensions>
      </trkpt>
      <trkpt lat="45.05618800409138202667236328125" lon="6.25325373373925685882568359375">
        <ele>2213.39990234375</ele>
        <time>2026-07-27T06:50:39.000Z</time>
        <extensions>
          <ns3:TrackPointExtension>
            <ns3:hr>143</ns3:hr>
            <ns3:cad>0</ns3:cad>
          </ns3:TrackPointExtension>
        </extensions>
      </trkpt>
      <trkpt lat="45.05618758499622344970703125" lon="6.2532539851963520050048828125">
        <ele>2213.39990234375</ele>
        <time>2026-07-27T06:50:42.000Z</time>
        <extensions>
          <ns3:TrackPointExtension>
            <ns3:hr>140</ns3:hr>
            <ns3:cad>0</ns3:cad>
          </ns3:TrackPointExtension>
        </extensions>
      </trkpt>
      <trkpt lat="45.05618733353912830352783203125" lon="6.2532549910247325897216796875">
        <ele>2214.199951171875</ele>
        <time>2026-07-27T06:50:48.000Z</time>
        <extensions>
          <ns3:TrackPointExtension>
            <ns3:hr>140</ns3:hr>
            <ns3:cad>0</ns3:cad>
          </ns3:TrackPointExtension>
        </extensions>
      </trkpt>
      <trkpt lat="45.056128241121768951416015625" lon="6.2533163465559482574462890625">
        <ele>2214.39990234375</ele>
        <time>2026-07-27T06:51:05.000Z</time>
        <extensions>
          <ns3:TrackPointExtension>
            <ns3:hr>142</ns3:hr>
            <ns3:cad>0</ns3:cad>
          </ns3:TrackPointExtension>
        </extensions>
      </trkpt>
      <trkpt lat="45.0560694001615047454833984375" lon="6.2533461861312389373779296875">
        <ele>2214.39990234375</ele>
        <time>2026-07-27T06:51:12.000Z</time>
        <extensions>
          <ns3:TrackPointExtension>
            <ns3:hr>142</ns3:hr>
            <ns3:cad>0</ns3:cad>
          </ns3:TrackPointExtension>
        </extensions>
      </trkpt>
      <trkpt lat="45.05603092722594738006591796875" lon="6.2533612735569477081298828125">
        <ele>2214.39990234375</ele>
        <time>2026-07-27T06:51:21.000Z</time>
        <extensions>
          <ns3:TrackPointExtension>
            <ns3:hr>141</ns3:hr>
            <ns3:cad>77</ns3:cad>
          </ns3:TrackPointExtension>
        </extensions>
      </trkpt>
      <trkpt lat="45.05599421449005603790283203125" lon="6.25336471013724803924560546875">
        <ele>2213.800048828125</ele>
        <time>2026-07-27T06:51:29.000Z</time>
        <extensions>
          <ns3:TrackPointExtension>
            <ns3:hr>141</ns3:hr>
            <ns3:cad>0</ns3:cad>
          </ns3:TrackPointExtension>
        </extensions>
      </trkpt>
      <trkpt lat="45.0559758581221103668212890625" lon="6.253369487822055816650390625">
        <ele>2213.199951171875</ele>
        <time>2026-07-27T06:51:38.000Z</time>
        <extensions>
          <ns3:TrackPointExtension>
            <ns3:hr>141</ns3:hr>
            <ns3:cad>0</ns3:cad>
          </ns3:TrackPointExtension>
        </extensions>
      </trkpt>
      <trkpt lat="45.05597426556050777435302734375" lon="6.25337292440235614776611328125">
        <ele>2213.199951171875</ele>
        <time>2026-07-27T06:51:39.000Z</time>
        <extensions>
          <ns3:TrackPointExtension>
            <ns3:hr>141</ns3:hr>
            <ns3:cad>0</ns3:cad>
          </ns3:TrackPointExtension>
        </extensions>
      </trkpt>
      <trkpt lat="45.05597141571342945098876953125" lon="6.25338055193424224853515625">
        <ele>2213.199951171875</ele>
        <time>2026-07-27T06:51:47.000Z</time>
        <extensions>
          <ns3:TrackPointExtension>
            <ns3:hr>144</ns3:hr>
            <ns3:cad>0</ns3:cad>
          </ns3:TrackPointExtension>
        </extensions>
      </trkpt>
      <trkpt lat="45.05597141571342945098876953125" lon="6.25338055193424224853515625">
        <ele>2213.39990234375</ele>
        <time>2026-07-27T06:51:48.000Z</time>
        <extensions>
          <ns3:TrackPointExtension>
            <ns3:hr>149</ns3:hr>
            <ns3:cad>0</ns3:cad>
          </ns3:TrackPointExtension>
        </extensions>
      </trkpt>
      <trkpt lat="45.05597141571342945098876953125" lon="6.25338055193424224853515625">
        <ele>2213.39990234375</ele>
        <time>2026-07-27T06:51:49.000Z</time>
        <extensions>
          <ns3:TrackPointExtension>
            <ns3:hr>153</ns3:hr>
            <ns3:cad>0</ns3:cad>
          </ns3:TrackPointExtension>
        </extensions>
      </trkpt>
      <trkpt lat="45.05597141571342945098876953125" lon="6.25338055193424224853515625">
        <ele>2213.199951171875</ele>
        <time>2026-07-27T06:51:55.000Z</time>
        <extensions>
          <ns3:TrackPointExtension>
            <ns3:hr>149</ns3:hr>
            <ns3:cad>0</ns3:cad>
          </ns3:TrackPointExtension>
        </extensions>
      </trkpt>
      <trkpt lat="45.05597141571342945098876953125" lon="6.2533807195723056793212890625">
        <ele>2213.39990234375</ele>
        <time>2026-07-27T06:52:00.000Z</time>
        <extensions>
          <ns3:TrackPointExtension>
            <ns3:hr>146</ns3:hr>
            <ns3:cad>0</ns3:cad>
          </ns3:TrackPointExtension>
        </extensions>
      </trkpt>
      <trkpt lat="45.0559709966182708740234375" lon="6.2533807195723056793212890625">
        <ele>2212.199951171875</ele>
        <time>2026-07-27T06:52:09.000Z</time>
        <extensions>
          <ns3:TrackPointExtension>
            <ns3:hr>147</ns3:hr>
            <ns3:cad>0</ns3:cad>
          </ns3:TrackPointExtension>
        </extensions>
      </trkpt>
      <trkpt lat="45.05596764385700225830078125" lon="6.25337778590619564056396484375">
        <ele>2211</ele>
        <time>2026-07-27T06:52:17.000Z</time>
        <extensions>
          <ns3:TrackPointExtension>
            <ns3:hr>148</ns3:hr>
            <ns3:cad>0</ns3:cad>
          </ns3:TrackPointExtension>
        </extensions>
      </trkpt>
      <trkpt lat="45.05594886839389801025390625" lon="6.253369152545928955078125">
        <ele>2210.60009765625</ele>
        <time>2026-07-27T06:52:23.000Z</time>
        <extensions>
          <ns3:TrackPointExtension>
            <ns3:hr>145</ns3:hr>
            <ns3:cad>0</ns3:cad>
          </ns3:TrackPointExtension>
        </extensions>
      </trkpt>
      <trkpt lat="45.05592414177954196929931640625" lon="6.253352053463459014892578125">
        <ele>2210.199951171875</ele>
        <time>2026-07-27T06:52:32.000Z</time>
        <extensions>
          <ns3:TrackPointExtension>
            <ns3:hr>148</ns3:hr>
            <ns3:cad>0</ns3:cad>
          </ns3:TrackPointExtension>
        </extensions>
      </trkpt>
      <trkpt lat="45.05591668188571929931640625" lon="6.25334911979734897613525390625">
        <ele>2210</ele>
        <time>2026-07-27T06:52:41.000Z</time>
        <extensions>
          <ns3:TrackPointExtension>
            <ns3:hr>146</ns3:hr>
            <ns3:cad>0</ns3:cad>
          </ns3:TrackPointExtension>
        </extensions>
      </trkpt>
      <trkpt lat="45.0559148378670215606689453125" lon="6.25334828160703182220458984375">
        <ele>2208.800048828125</ele>
        <time>2026-07-27T06:52:46.000Z</time>
        <extensions>
          <ns3:TrackPointExtension>
            <ns3:hr>146</ns3:hr>
            <ns3:cad>0</ns3:cad>
          </ns3:TrackPointExtension>
        </extensions>
      </trkpt>
      <trkpt lat="45.0559114851057529449462890625" lon="6.25334702432155609130859375">
        <ele>2207.39990234375</ele>
        <time>2026-07-27T06:52:52.000Z</time>
        <extensions>
          <ns3:TrackPointExtension>
            <ns3:hr>146</ns3:hr>
            <ns3:cad>0</ns3:cad>
          </ns3:TrackPointExtension>
        </extensions>
      </trkpt>
      <trkpt lat="45.0558575056493282318115234375" lon="6.253323890268802642822265625">
        <ele>2206.199951171875</ele>
        <time>2026-07-27T06:53:04.000Z</time>
        <extensions>
          <ns3:TrackPointExtension>
            <ns3:hr>145</ns3:hr>
            <ns3:cad>0</ns3:cad>
          </ns3:TrackPointExtension>
        </extensions>
      </trkpt>
      <trkpt lat="45.0558259896934032440185546875" lon="6.25332883559167385101318359375">
        <ele>2205.199951171875</ele>
        <time>2026-07-27T06:53:12.000Z</time>
        <extensions>
          <ns3:TrackPointExtension>
            <ns3:hr>146</ns3:hr>
            <ns3:cad>0</ns3:cad>
          </ns3:TrackPointExtension>
        </extensions>
      </trkpt>
      <trkpt lat="45.0557666458189487457275390625" lon="6.25338147394359111785888671875">
        <ele>2205</ele>
        <time>2026-07-27T06:53:16.000Z</time>
        <extensions>
          <ns3:TrackPointExtension>
            <ns3:hr>145</ns3:hr>
            <ns3:cad>0</ns3:cad>
          </ns3:TrackPointExtension>
        </extensions>
      </trkpt>
      <trkpt lat="45.05567553453147411346435546875" lon="6.25347836874425411224365234375">
        <ele>2205.60009765625</ele>
        <time>2026-07-27T06:53:24.000Z</time>
        <extensions>
          <ns3:TrackPointExtension>
            <ns3:hr>145</ns3:hr>
            <ns3:cad>0</ns3:cad>
          </ns3:TrackPointExtension>
        </extensions>
      </trkpt>
      <trkpt lat="45.05557863973081111907958984375" lon="6.253535784780979156494140625">
        <ele>2205.60009765625</ele>
        <time>2026-07-27T06:53:34.000Z</time>
        <extensions>
          <ns3:TrackPointExtension>
            <ns3:hr>144</ns3:hr>
            <ns3:cad>49</ns3:cad>
          </ns3:TrackPointExtension>
        </extensions>
      </trkpt>
      <trkpt lat="45.0555701740086078643798828125" lon="6.2535423226654529571533203125">
        <ele>2205.60009765625</ele>
        <time>2026-07-27T06:53:39.000Z</time>
        <extensions>
          <ns3:TrackPointExtension>
            <ns3:hr>144</ns3:hr>
            <ns3:cad>0</ns3:cad>
          </ns3:TrackPointExtension>
        </extensions>
      </trkpt>
      <trkpt lat="45.05556941963732242584228515625" lon="6.25353922136127948760986328125">
        <ele>2206</ele>
        <time>2026-07-27T06:53:51.000Z</time>
        <extensions>
          <ns3:TrackPointExtension>
            <ns3:hr>143</ns3:hr>
            <ns3:cad>0</ns3:cad>
          </ns3:TrackPointExtension>
        </extensions>
      </trkpt>
      <trkpt lat="45.05556941963732242584228515625" lon="6.25353922136127948760986328125">
        <ele>2206</ele>
        <time>2026-07-27T06:53:54.000Z</time>
        <extensions>
          <ns3:TrackPointExtension>
            <ns3:hr>152</ns3:hr>
            <ns3:cad>0</ns3:cad>
          </ns3:TrackPointExtension>
        </extensions>
      </trkpt>
      <trkpt lat="45.05556941963732242584228515625" lon="6.25353922136127948760986328125">
        <ele>2206</ele>
        <time>2026-07-27T06:53:55.000Z</time>
        <extensions>
          <ns3:TrackPointExtension>
            <ns3:hr>155</ns3:hr>
            <ns3:cad>0</ns3:cad>
          </ns3:TrackPointExtension>
        </extensions>
      </trkpt>
      <trkpt lat="45.05556941963732242584228515625" lon="6.25353938899934291839599609375">
        <ele>2206.39990234375</ele>
        <time>2026-07-27T06:53:58.000Z</time>
        <extensions>
          <ns3:TrackPointExtension>
            <ns3:hr>152</ns3:hr>
            <ns3:cad>0</ns3:cad>
          </ns3:TrackPointExtension>
        </extensions>
      </trkpt>
      <trkpt lat="45.05552466027438640594482421875" lon="6.25358280725777149200439453125">
        <ele>2206.39990234375</ele>
        <time>2026-07-27T06:54:06.000Z</time>
        <extensions>
          <ns3:TrackPointExtension>
            <ns3:hr>153</ns3:hr>
            <ns3:cad>0</ns3:cad>
          </ns3:TrackPointExtension>
        </extensions>
      </trkpt>
      <trkpt lat="45.05546581931412220001220703125" lon="6.25362220220267772674560546875">
        <ele>2206.39990234375</ele>
        <time>2026-07-27T06:54:11.000Z</time>
        <extensions>
          <ns3:TrackPointExtension>
            <ns3:hr>150</ns3:hr>
            <ns3:cad>0</ns3:cad>
          </ns3:TrackPointExtension>
        </extensions>
      </trkpt>
      <trkpt lat="45.055421479046344757080078125" lon="6.25365287996828556060791015625">
        <ele>2206.199951171875</ele>
        <time>2026-07-27T06:54:16.000Z</time>
        <extensions>
          <ns3:TrackPointExtension>
            <ns3:hr>148</ns3:hr>
            <ns3:cad>47</ns3:cad>
          </ns3:TrackPointExtension>
        </extensions>
      </trkpt>
      <trkpt lat="45.055344365537166595458984375" lon="6.2536968849599361419677734375">
        <ele>2207.39990234375</ele>
        <time>2026-07-27T06:54:24.000Z</time>
        <extensions>
          <ns3:TrackPointExtension>
            <ns3:hr>150</ns3:hr>
            <ns3:cad>51</ns3:cad>
          </ns3:TrackPointExtension>
        </extensions>
      </trkpt>
      <trkpt lat="45.05531092174351215362548828125" lon="6.2537190131843090057373046875">
        <ele>2207.60009765625</ele>
        <time>2026-07-27T06:54:28.000Z</time>
        <extensions>
          <ns3:TrackPointExtension>
            <ns3:hr>152</ns3:hr>
            <ns3:cad>44</ns3:cad>
          </ns3:TrackPointExtension>
        </extensions>
      </trkpt>
      <trkpt lat="45.05527052097022533416748046875" lon="6.25374373979866504669189453125">
        <ele>2208.39990234375</ele>
        <time>2026-07-27T06:54:34.000Z</time>
        <extensions>
          <ns3:TrackPointExtension>
            <ns3:hr>154</ns3:hr>
            <ns3:cad>48</ns3:cad>
          </ns3:TrackPointExtension>
        </extensions>
      </trkpt>
      <trkpt lat="45.0552427768707275390625" lon="6.25377827323973178863525390625">
        <ele>2209</ele>
        <time>2026-07-27T06:54:38.000Z</time>
        <extensions>
          <ns3:TrackPointExtension>
            <ns3:hr>156</ns3:hr>
            <ns3:cad>44</ns3:cad>
          </ns3:TrackPointExtension>
        </extensions>
      </trkpt>
      <trkpt lat="45.0552333891391754150390625" lon="6.25379336066544055938720703125">
        <ele>2209.39990234375</ele>
        <time>2026-07-27T06:54:40.000Z</time>
        <extensions>
          <ns3:TrackPointExtension>
            <ns3:hr>157</ns3:hr>
            <ns3:cad>44</ns3:cad>
          </ns3:TrackPointExtension>
        </extensions>
      </trkpt>
      <trkpt lat="45.055217631161212921142578125" lon="6.2538291513919830322265625">
        <ele>2209.800048828125</ele>
        <time>2026-07-27T06:54:43.000Z</time>
        <extensions>
          <ns3:TrackPointExtension>
            <ns3:hr>159</ns3:hr>
            <ns3:cad>44</ns3:cad>
          </ns3:TrackPointExtension>
        </extensions>
      </trkpt>
      <trkpt lat="45.055195502936840057373046875" lon="6.2538772635161876678466796875">
        <ele>2210</ele>
        <time>2026-07-27T06:54:47.000Z</time>
        <extensions>
          <ns3:TrackPointExtension>
            <ns3:hr>163</ns3:hr>
            <ns3:cad>44</ns3:cad>
          </ns3:TrackPointExtension>
        </extensions>
      </trkpt>
      <trkpt lat="45.05516742356121540069580078125" lon="6.25391875393688678741455078125">
        <ele>2209.800048828125</ele>
        <time>2026-07-27T06:54:51.000Z</time>
        <extensions>
          <ns3:TrackPointExtension>
            <ns3:hr>163</ns3:hr>
            <ns3:cad>0</ns3:cad>
          </ns3:TrackPointExtension>
        </extensions>
      </trkpt>
      <trkpt lat="45.05509768612682819366455078125" lon="6.25398580916225910186767578125">
        <ele>2210.39990234375</ele>
        <time>2026-07-27T06:54:59.000Z</time>
        <extensions>
          <ns3:TrackPointExtension>
            <ns3:hr>165</ns3:hr>
            <ns3:cad>0</ns3:cad>
          </ns3:TrackPointExtension>
        </extensions>
      </trkpt>
      <trkpt lat="45.05503884516656398773193359375" lon="6.2539805285632610321044921875">
        <ele>2211.60009765625</ele>
        <time>2026-07-27T06:55:05.000Z</time>
        <extensions>
          <ns3:TrackPointExtension>
            <ns3:hr>165</ns3:hr>
            <ns3:cad>50</ns3:cad>
          </ns3:TrackPointExtension>
        </extensions>
      </trkpt>
      <trkpt lat="45.055005736649036407470703125" lon="6.25397642143070697784423828125">
        <ele>2212.199951171875</ele>
        <time>2026-07-27T06:55:08.000Z</time>
        <extensions>
          <ns3:TrackPointExtension>
            <ns3:hr>167</ns3:hr>
            <ns3:cad>52</ns3:cad>
          </ns3:TrackPointExtension>
        </extensions>
      </trkpt>
      <trkpt lat="45.05488998256623744964599609375" lon="6.2540100328624248504638671875">
        <ele>2211.800048828125</ele>
        <time>2026-07-27T06:55:19.000Z</time>
        <extensions>
          <ns3:TrackPointExtension>
            <ns3:hr>167</ns3:hr>
            <ns3:cad>50</ns3:cad>
          </ns3:TrackPointExtension>
        </extensions>
      </trkpt>
      <trkpt lat="45.05485712550580501556396484375" lon="6.25402294099330902099609375">
        <ele>2211.800048828125</ele>
        <time>2026-07-27T06:55:22.000Z</time>
        <extensions>
          <ns3:TrackPointExtension>
            <ns3:hr>164</ns3:hr>
            <ns3:cad>52</ns3:cad>
          </ns3:TrackPointExtension>
        </extensions>
      </trkpt>
      <trkpt lat="45.05477280355989933013916015625" lon="6.25404615886509418487548828125">
        <ele>2212.60009765625</ele>
        <time>2026-07-27T06:55:29.000Z</time>
        <extensions>
          <ns3:TrackPointExtension>
            <ns3:hr>161</ns3:hr>
            <ns3:cad>0</ns3:cad>
          </ns3:TrackPointExtension>
        </extensions>
      </trkpt>
      <trkpt lat="45.0547608174383640289306640625" lon="6.25404666177928447723388671875">
        <ele>2212.60009765625</ele>
        <time>2026-07-27T06:55:30.000Z</time>
        <extensions>
          <ns3:TrackPointExtension>
            <ns3:hr>160</ns3:hr>
            <ns3:cad>0</ns3:cad>
          </ns3:TrackPointExtension>
        </extensions>
      </trkpt>
      <trkpt lat="45.05474128760397434234619140625" lon="6.254055462777614593505859375">
        <ele>2212.60009765625</ele>
        <time>2026-07-27T06:55:32.000Z</time>
        <extensions>
          <ns3:TrackPointExtension>
            <ns3:hr>158</ns3:hr>
            <ns3:cad>0</ns3:cad>
          </ns3:TrackPointExtension>
        </extensions>
      </trkpt>
      <trkpt lat="45.0547199137508869171142578125" lon="6.2540757469832897186279296875">
        <ele>2212.60009765625</ele>
        <time>2026-07-27T06:55:34.000Z</time>
        <extensions>
          <ns3:TrackPointExtension>
            <ns3:hr>152</ns3:hr>
            <ns3:cad>51</ns3:cad>
          </ns3:TrackPointExtension>
        </extensions>
      </trkpt>
      <trkpt lat="45.05464489571750164031982421875" lon="6.2541200034320354461669921875">
        <ele>2212.199951171875</ele>
        <time>2026-07-27T06:55:41.000Z</time>
        <extensions>
          <ns3:TrackPointExtension>
            <ns3:hr>149</ns3:hr>
            <ns3:cad>55</ns3:cad>
          </ns3:TrackPointExtension>
        </extensions>
      </trkpt>
      <trkpt lat="45.05461002700030803680419921875" lon="6.25412913970649242401123046875">
        <ele>2212.199951171875</ele>
        <time>2026-07-27T06:55:44.000Z</time>
        <extensions>
          <ns3:TrackPointExtension>
            <ns3:hr>149</ns3:hr>
            <ns3:cad>55</ns3:cad>
          </ns3:TrackPointExtension>
        </extensions>
      </trkpt>
      <trkpt lat="45.0545271299779415130615234375" lon="6.2541552074253559112548828125">
        <ele>2213.60009765625</ele>
        <time>2026-07-27T06:55:52.000Z</time>
        <extensions>
          <ns3:TrackPointExtension>
            <ns3:hr>148</ns3:hr>
            <ns3:cad>47</ns3:cad>
          </ns3:TrackPointExtension>
        </extensions>
      </trkpt>
      <trkpt lat="45.054511539638042449951171875" lon="6.2541776709258556365966796875">
        <ele>2214.800048828125</ele>
        <time>2026-07-27T06:55:55.000Z</time>
        <extensions>
          <ns3:TrackPointExtension>
            <ns3:hr>149</ns3:hr>
            <ns3:cad>50</ns3:cad>
          </ns3:TrackPointExtension>
        </extensions>
      </trkpt>
      <trkpt lat="45.05445663817226886749267578125" lon="6.25420675612986087799072265625">
        <ele>2215.800048828125</ele>
        <time>2026-07-27T06:56:00.000Z</time>
        <extensions>
          <ns3:TrackPointExtension>
            <ns3:hr>151</ns3:hr>
            <ns3:cad>50</ns3:cad>
          </ns3:TrackPointExtension>
        </extensions>
      </trkpt>
      <trkpt lat="45.054421685636043548583984375" lon="6.25421379692852497100830078125">
        <ele>2216.60009765625</ele>
        <time>2026-07-27T06:56:04.000Z</time>
        <extensions>
          <ns3:TrackPointExtension>
            <ns3:hr>153</ns3:hr>
            <ns3:cad>50</ns3:cad>
          </ns3:TrackPointExtension>
        </extensions>
      </trkpt>
      <trkpt lat="45.05440383218228816986083984375" lon="6.25421480275690555572509765625">
        <ele>2217.199951171875</ele>
        <time>2026-07-27T06:56:06.000Z</time>
        <extensions>
          <ns3:TrackPointExtension>
            <ns3:hr>154</ns3:hr>
            <ns3:cad>50</ns3:cad>
          </ns3:TrackPointExtension>
        </extensions>
      </trkpt>
      <trkpt lat="45.05436594597995281219482421875" lon="6.2542259506881237030029296875">
        <ele>2217.800048828125</ele>
        <time>2026-07-27T06:56:10.000Z</time>
        <extensions>
          <ns3:TrackPointExtension>
            <ns3:hr>157</ns3:hr>
            <ns3:cad>47</ns3:cad>
          </ns3:TrackPointExtension>
        </extensions>
      </trkpt>
      <trkpt lat="45.05432269535958766937255859375" lon="6.25425738282501697540283203125">
        <ele>2218.199951171875</ele>
        <time>2026-07-27T06:56:15.000Z</time>
        <extensions>
          <ns3:TrackPointExtension>
            <ns3:hr>158</ns3:hr>
            <ns3:cad>0</ns3:cad>
          </ns3:TrackPointExtension>
        </extensions>
      </trkpt>
      <trkpt lat="45.05431666038930416107177734375" lon="6.2542583048343658447265625">
        <ele>2218.199951171875</ele>
        <time>2026-07-27T06:56:16.000Z</time>
        <extensions>
          <ns3:TrackPointExtension>
            <ns3:hr>159</ns3:hr>
            <ns3:cad>0</ns3:cad>
          </ns3:TrackPointExtension>
        </extensions>
      </trkpt>
      <trkpt lat="45.05424524657428264617919921875" lon="6.25429694540798664093017578125">
        <ele>2219.199951171875</ele>
        <time>2026-07-27T06:56:24.000Z</time>
        <extensions>
          <ns3:TrackPointExtension>
            <ns3:hr>160</ns3:hr>
            <ns3:cad>45</ns3:cad>
          </ns3:TrackPointExtension>
        </extensions>
      </trkpt>
      <trkpt lat="45.0542377866804599761962890625" lon="6.25430080108344554901123046875">
        <ele>2219.39990234375</ele>
        <time>2026-07-27T06:56:25.000Z</time>
        <extensions>
          <ns3:TrackPointExtension>
            <ns3:hr>160</ns3:hr>
            <ns3:cad>45</ns3:cad>
          </ns3:TrackPointExtension>
        </extensions>
      </trkpt>
      <trkpt lat="45.054194033145904541015625" lon="6.25432393513619899749755859375">
        <ele>2220.60009765625</ele>
        <time>2026-07-27T06:56:32.000Z</time>
        <extensions>
          <ns3:TrackPointExtension>
            <ns3:hr>163</ns3:hr>
            <ns3:cad>43</ns3:cad>
          </ns3:TrackPointExtension>
        </extensions>
      </trkpt>
      <trkpt lat="45.05418598651885986328125" lon="6.25433298759162425994873046875">
        <ele>2220.800048828125</ele>
        <time>2026-07-27T06:56:34.000Z</time>
        <extensions>
          <ns3:TrackPointExtension>
            <ns3:hr>162</ns3:hr>
            <ns3:cad>44</ns3:cad>
          </ns3:TrackPointExtension>
        </extensions>
      </trkpt>
      <trkpt lat="45.05413745529949665069580078125" lon="6.25434321351349353790283203125">
        <ele>2221.60009765625</ele>
        <time>2026-07-27T06:56:40.000Z</time>
        <extensions>
          <ns3:TrackPointExtension>
            <ns3:hr>157</ns3:hr>
            <ns3:cad>45</ns3:cad>
          </ns3:TrackPointExtension>
        </extensions>
      </trkpt>
      <trkpt lat="45.05413158796727657318115234375" lon="6.2543459795415401458740234375">
        <ele>2221.800048828125</ele>
        <time>2026-07-27T06:56:41.000Z</time>
        <extensions>
          <ns3:TrackPointExtension>
            <ns3:hr>153</ns3:hr>
            <ns3:cad>45</ns3:cad>
          </ns3:TrackPointExtension>
        </extensions>
      </trkpt>
      <trkpt lat="45.05410342477262020111083984375" lon="6.2543563731014728546142578125">
        <ele>2222.60009765625</ele>
        <time>2026-07-27T06:56:44.000Z</time>
        <extensions>
          <ns3:TrackPointExtension>
            <ns3:hr>152</ns3:hr>
            <ns3:cad>45</ns3:cad>
          </ns3:TrackPointExtension>
        </extensions>
      </trkpt>
      <trkpt lat="45.054079703986644744873046875" lon="6.2543682754039764404296875">
        <ele>2222.800048828125</ele>
        <time>2026-07-27T06:56:46.000Z</time>
        <extensions>
          <ns3:TrackPointExtension>
            <ns3:hr>148</ns3:hr>
            <ns3:cad>45</ns3:cad>
          </ns3:TrackPointExtension>
        </extensions>
      </trkpt>
      <trkpt lat="45.0540507026016712188720703125" lon="6.25437975861132144927978515625">
        <ele>2223.39990234375</ele>
        <time>2026-07-27T06:56:49.000Z</time>
        <extensions>
          <ns3:TrackPointExtension>
            <ns3:hr>146</ns3:hr>
            <ns3:cad>49</ns3:cad>
          </ns3:TrackPointExtension>
        </extensions>
      </trkpt>
      <trkpt lat="45.05403184331953525543212890625" lon="6.25438596121966838836669921875">
        <ele>2223.800048828125</ele>
        <time>2026-07-27T06:56:51.000Z</time>
        <extensions>
          <ns3:TrackPointExtension>
            <ns3:hr>146</ns3:hr>
            <ns3:cad>50</ns3:cad>
          </ns3:TrackPointExtension>
        </extensions>
      </trkpt>
      <trkpt lat="45.054014660418033599853515625" lon="6.25439107418060302734375">
        <ele>2224.199951171875</ele>
        <time>2026-07-27T06:56:56.000Z</time>
        <extensions>
          <ns3:TrackPointExtension>
            <ns3:hr>147</ns3:hr>
            <ns3:cad>0</ns3:cad>
          </ns3:TrackPointExtension>
        </extensions>
      </trkpt>
      <trkpt lat="45.054015330970287322998046875" lon="6.2543924152851104736328125">
        <ele>2224.199951171875</ele>
        <time>2026-07-27T06:57:01.000Z</time>
        <extensions>
          <ns3:TrackPointExtension>
            <ns3:hr>168</ns3:hr>
            <ns3:cad>0</ns3:cad>
          </ns3:TrackPointExtension>
        </extensions>
      </trkpt>
      <trkpt lat="45.05401541478931903839111328125" lon="6.25439300201833248138427734375">
        <ele>2224.199951171875</ele>
        <time>2026-07-27T06:57:02.000Z</time>
        <extensions>
          <ns3:TrackPointExtension>
            <ns3:hr>173</ns3:hr>
            <ns3:cad>0</ns3:cad>
          </ns3:TrackPointExtension>
        </extensions>
      </trkpt>
      <trkpt lat="45.0540148280560970306396484375" lon="6.2543939240276813507080078125">
        <ele>2224.199951171875</ele>
        <time>2026-07-27T06:57:03.000Z</time>
        <extensions>
          <ns3:TrackPointExtension>
            <ns3:hr>173</ns3:hr>
            <ns3:cad>0</ns3:cad>
          </ns3:TrackPointExtension>
        </extensions>
      </trkpt>
      <trkpt lat="45.05400636233389377593994140625" lon="6.2543959356844425201416015625">
        <ele>2224.39990234375</ele>
        <time>2026-07-27T06:57:06.000Z</time>
        <extensions>
          <ns3:TrackPointExtension>
            <ns3:hr>170</ns3:hr>
            <ns3:cad>0</ns3:cad>
          </ns3:TrackPointExtension>
        </extensions>
      </trkpt>
      <trkpt lat="45.05399697460234165191650390625" lon="6.25440171919763088226318359375">
        <ele>2224.60009765625</ele>
        <time>2026-07-27T06:57:10.000Z</time>
        <extensions>
          <ns3:TrackPointExtension>
            <ns3:hr>167</ns3:hr>
            <ns3:cad>0</ns3:cad>
          </ns3:TrackPointExtension>
        </extensions>
      </trkpt>
      <trkpt lat="45.0539947114884853363037109375" lon="6.254404149949550628662109375">
        <ele>2224.39990234375</ele>
        <time>2026-07-27T06:57:15.000Z</time>
        <extensions>
          <ns3:TrackPointExtension>
            <ns3:hr>163</ns3:hr>
            <ns3:cad>0</ns3:cad>
          </ns3:TrackPointExtension>
        </extensions>
      </trkpt>
      <trkpt lat="45.05398004315793514251708984375" lon="6.25441630370914936065673828125">
        <ele>2224.39990234375</ele>
        <time>2026-07-27T06:57:19.000Z</time>
        <extensions>
          <ns3:TrackPointExtension>
            <ns3:hr>160</ns3:hr>
            <ns3:cad>0</ns3:cad>
          </ns3:TrackPointExtension>
        </extensions>
      </trkpt>
      <trkpt lat="45.0539621897041797637939453125" lon="6.2544277869164943695068359375">
        <ele>2224.39990234375</ele>
        <time>2026-07-27T06:57:21.000Z</time>
        <extensions>
          <ns3:TrackPointExtension>
            <ns3:hr>160</ns3:hr>
            <ns3:cad>0</ns3:cad>
          </ns3:TrackPointExtension>
        </extensions>
      </trkpt>
      <trkpt lat="45.0538606010377407073974609375" lon="6.25447212718427181243896484375">
        <ele>2224.800048828125</ele>
        <time>2026-07-27T06:57:31.000Z</time>
        <extensions>
          <ns3:TrackPointExtension>
            <ns3:hr>159</ns3:hr>
            <ns3:cad>47</ns3:cad>
          </ns3:TrackPointExtension>
        </extensions>
      </trkpt>
      <trkpt lat="45.053849704563617706298828125" lon="6.254474222660064697265625">
        <ele>2225</ele>
        <time>2026-07-27T06:57:32.000Z</time>
        <extensions>
          <ns3:TrackPointExtension>
            <ns3:hr>158</ns3:hr>
            <ns3:cad>0</ns3:cad>
          </ns3:TrackPointExtension>
        </extensions>
      </trkpt>
      <trkpt lat="45.053800083696842193603515625" lon="6.2545032240450382232666015625">
        <ele>2225.60009765625</ele>
        <time>2026-07-27T06:57:37.000Z</time>
        <extensions>
          <ns3:TrackPointExtension>
            <ns3:hr>155</ns3:hr>
            <ns3:cad>52</ns3:cad>
          </ns3:TrackPointExtension>
        </extensions>
      </trkpt>
      <trkpt lat="45.05378164350986480712890625" lon="6.2545193172991275787353515625">
        <ele>2226</ele>
        <time>2026-07-27T06:57:39.000Z</time>
        <extensions>
          <ns3:TrackPointExtension>
            <ns3:hr>149</ns3:hr>
            <ns3:cad>52</ns3:cad>
          </ns3:TrackPointExtension>
        </extensions>
      </trkpt>
      <trkpt lat="45.0537740997970104217529296875" lon="6.25452660955488681793212890625">
        <ele>2226</ele>
        <time>2026-07-27T06:57:40.000Z</time>
        <extensions>
          <ns3:TrackPointExtension>
            <ns3:hr>149</ns3:hr>
            <ns3:cad>53</ns3:cad>
          </ns3:TrackPointExtension>
        </extensions>
      </trkpt>
      <trkpt lat="45.0537653826177120208740234375" lon="6.2545337341725826263427734375">
        <ele>2226.199951171875</ele>
        <time>2026-07-27T06:57:41.000Z</time>
        <extensions>
          <ns3:TrackPointExtension>
            <ns3:hr>151</ns3:hr>
            <ns3:cad>53</ns3:cad>
          </ns3:TrackPointExtension>
        </extensions>
      </trkpt>
      <trkpt lat="45.05372120998799800872802734375" lon="6.25455158762633800506591796875">
        <ele>2226.39990234375</ele>
        <time>2026-07-27T06:57:45.000Z</time>
        <extensions>
          <ns3:TrackPointExtension>
            <ns3:hr>154</ns3:hr>
            <ns3:cad>53</ns3:cad>
          </ns3:TrackPointExtension>
        </extensions>
      </trkpt>
      <trkpt lat="45.05361266434192657470703125" lon="6.2546128593385219573974609375">
        <ele>2227</ele>
        <time>2026-07-27T06:57:55.000Z</time>
        <extensions>
          <ns3:TrackPointExtension>
            <ns3:hr>154</ns3:hr>
            <ns3:cad>52</ns3:cad>
          </ns3:TrackPointExtension>
        </extensions>
      </trkpt>
      <trkpt lat="45.05345952697098255157470703125" lon="6.254738755524158477783203125">
        <ele>2228</ele>
        <time>2026-07-27T06:58:10.000Z</time>
        <extensions>
          <ns3:TrackPointExtension>
            <ns3:hr>154</ns3:hr>
            <ns3:cad>52</ns3:cad>
          </ns3:TrackPointExtension>
        </extensions>
      </trkpt>
      <trkpt lat="45.053444020450115203857421875" lon="6.254756189882755279541015625">
        <ele>2228.199951171875</ele>
        <time>2026-07-27T06:58:12.000Z</time>
        <extensions>
          <ns3:TrackPointExtension>
            <ns3:hr>154</ns3:hr>
            <ns3:cad>51</ns3:cad>
          </ns3:TrackPointExtension>
        </extensions>
      </trkpt>
      <trkpt lat="45.05335517227649688720703125" lon="6.25482433475553989410400390625">
        <ele>2228.39990234375</ele>
        <time>2026-07-27T06:58:20.000Z</time>
        <extensions>
          <ns3:TrackPointExtension>
            <ns3:hr>154</ns3:hr>
            <ns3:cad>54</ns3:cad>
          </ns3:TrackPointExtension>
        </extensions>
      </trkpt>
      <trkpt lat="45.05329976789653301239013671875" lon="6.2548891268670558929443359375">
        <ele>2228.60009765625</ele>
        <time>2026-07-27T06:58:29.000Z</time>
        <extensions>
          <ns3:TrackPointExtension>
            <ns3:hr>154</ns3:hr>
            <ns3:cad>0</ns3:cad>
          </ns3:TrackPointExtension>
        </extensions>
      </trkpt>
      <trkpt lat="45.053299851715564727783203125" lon="6.2548911385238170623779296875">
        <ele>2228.800048828125</ele>
        <time>2026-07-27T06:58:35.000Z</time>
        <extensions>
          <ns3:TrackPointExtension>
            <ns3:hr>151</ns3:hr>
            <ns3:cad>0</ns3:cad>
          </ns3:TrackPointExtension>
        </extensions>
      </trkpt>
      <trkpt lat="45.05327981896698474884033203125" lon="6.2549095787107944488525390625">
        <ele>2228.800048828125</ele>
        <time>2026-07-27T06:58:38.000Z</time>
        <extensions>
          <ns3:TrackPointExtension>
            <ns3:hr>148</ns3:hr>
            <ns3:cad>0</ns3:cad>
          </ns3:TrackPointExtension>
        </extensions>
      </trkpt>
      <trkpt lat="45.0532084889709949493408203125" lon="6.2549985945224761962890625">
        <ele>2229</ele>
        <time>2026-07-27T06:58:47.000Z</time>
        <extensions>
          <ns3:TrackPointExtension>
            <ns3:hr>147</ns3:hr>
            <ns3:cad>55</ns3:cad>
          </ns3:TrackPointExtension>
        </extensions>
      </trkpt>
      <trkpt lat="45.0531732849776744842529296875" lon="6.25501644797623157501220703125">
        <ele>2229.39990234375</ele>
        <time>2026-07-27T06:58:50.000Z</time>
        <extensions>
          <ns3:TrackPointExtension>
            <ns3:hr>148</ns3:hr>
            <ns3:cad>55</ns3:cad>
          </ns3:TrackPointExtension>
        </extensions>
      </trkpt>
      <trkpt lat="45.05309633910655975341796875" lon="6.25511619262397289276123046875">
        <ele>2229.800048828125</ele>
        <time>2026-07-27T06:58:58.000Z</time>
        <extensions>
          <ns3:TrackPointExtension>
            <ns3:hr>149</ns3:hr>
            <ns3:cad>55</ns3:cad>
          </ns3:TrackPointExtension>
        </extensions>
      </trkpt>
      <trkpt lat="45.05301830358803272247314453125" lon="6.255214847624301910400390625">
        <ele>2230.39990234375</ele>
        <time>2026-07-27T06:59:06.000Z</time>
        <extensions>
          <ns3:TrackPointExtension>
            <ns3:hr>150</ns3:hr>
            <ns3:cad>53</ns3:cad>
          </ns3:TrackPointExtension>
        </extensions>
      </trkpt>
      <trkpt lat="45.0529587082564830780029296875" lon="6.25526471994817256927490234375">
        <ele>2231</ele>
        <time>2026-07-27T06:59:11.000Z</time>
        <extensions>
          <ns3:TrackPointExtension>
            <ns3:hr>152</ns3:hr>
            <ns3:cad>53</ns3:cad>
          </ns3:TrackPointExtension>
        </extensions>
      </trkpt>
      <trkpt lat="45.0528971850872039794921875" lon="6.2553166039288043975830078125">
        <ele>2231.60009765625</ele>
        <time>2026-07-27T06:59:17.000Z</time>
        <extensions>
          <ns3:TrackPointExtension>
            <ns3:hr>155</ns3:hr>
            <ns3:cad>52</ns3:cad>
          </ns3:TrackPointExtension>
        </extensions>
      </trkpt>
      <trkpt lat="45.05284295417368412017822265625" lon="6.25535356812179088592529296875">
        <ele>2232.199951171875</ele>
        <time>2026-07-27T06:59:22.000Z</time>
        <extensions>
          <ns3:TrackPointExtension>
            <ns3:hr>156</ns3:hr>
            <ns3:cad>52</ns3:cad>
          </ns3:TrackPointExtension>
        </extensions>
      </trkpt>
      <trkpt lat="45.05274538882076740264892578125" lon="6.25547259114682674407958984375">
        <ele>2232.39990234375</ele>
        <time>2026-07-27T06:59:34.000Z</time>
        <extensions>
          <ns3:TrackPointExtension>
            <ns3:hr>157</ns3:hr>
            <ns3:cad>52</ns3:cad>
          </ns3:TrackPointExtension>
        </extensions>
      </trkpt>
      <trkpt lat="45.05271152593195438385009765625" lon="6.25553646124899387359619140625">
        <ele>2232.800048828125</ele>
        <time>2026-07-27T06:59:38.000Z</time>
        <extensions>
          <ns3:TrackPointExtension>
            <ns3:hr>157</ns3:hr>
            <ns3:cad>53</ns3:cad>
          </ns3:TrackPointExtension>
        </extensions>
      </trkpt>
      <trkpt lat="45.05266894586384296417236328125" lon="6.25560049898922443389892578125">
        <ele>2233.199951171875</ele>
        <time>2026-07-27T06:59:43.000Z</time>
        <extensions>
          <ns3:TrackPointExtension>
            <ns3:hr>157</ns3:hr>
            <ns3:cad>0</ns3:cad>
          </ns3:TrackPointExtension>
        </extensions>
      </trkpt>
      <trkpt lat="45.052616894245147705078125" lon="6.2556917779147624969482421875">
        <ele>2233.39990234375</ele>
        <time>2026-07-27T06:59:50.000Z</time>
        <extensions>
          <ns3:TrackPointExtension>
            <ns3:hr>160</ns3:hr>
            <ns3:cad>53</ns3:cad>
          </ns3:TrackPointExtension>
        </extensions>
      </trkpt>
      <trkpt lat="45.052606165409088134765625" lon="6.2557041831314563751220703125">
        <ele>2233.39990234375</ele>
        <time>2026-07-27T06:59:51.000Z</time>
        <extensions>
          <ns3:TrackPointExtension>
            <ns3:hr>160</ns3:hr>
            <ns3:cad>53</ns3:cad>
          </ns3:TrackPointExtension>
        </extensions>
      </trkpt>
      <trkpt lat="45.05252460949122905731201171875" lon="6.25585623085498809814453125">
        <ele>2232.800048828125</ele>
        <time>2026-07-27T07:00:02.000Z</time>
        <extensions>
          <ns3:TrackPointExtension>
            <ns3:hr>159</ns3:hr>
            <ns3:cad>0</ns3:cad>
          </ns3:TrackPointExtension>
        </extensions>
      </trkpt>
      <trkpt lat="45.0524474121630191802978515625" lon="6.25598439015448093414306640625">
        <ele>2232.39990234375</ele>
        <time>2026-07-27T07:00:12.000Z</time>
        <extensions>
          <ns3:TrackPointExtension>
            <ns3:hr>156</ns3:hr>
            <ns3:cad>0</ns3:cad>
          </ns3:TrackPointExtension>
        </extensions>
      </trkpt>
      <trkpt lat="45.05243224091827869415283203125" lon="6.2560097873210906982421875">
        <ele>2232.39990234375</ele>
        <time>2026-07-27T07:00:14.000Z</time>
        <extensions>
          <ns3:TrackPointExtension>
            <ns3:hr>144</ns3:hr>
            <ns3:cad>0</ns3:cad>
          </ns3:TrackPointExtension>
        </extensions>
      </trkpt>
      <trkpt lat="45.052344314754009246826171875" lon="6.25614196993410587310791015625">
        <ele>2232</ele>
        <time>2026-07-27T07:00:24.000Z</time>
        <extensions>
          <ns3:TrackPointExtension>
            <ns3:hr>145</ns3:hr>
            <ns3:cad>55</ns3:cad>
          </ns3:TrackPointExtension>
        </extensions>
      </trkpt>
      <trkpt lat="45.0522794388234615325927734375" lon="6.25626937486231327056884765625">
        <ele>2231.60009765625</ele>
        <time>2026-07-27T07:00:33.000Z</time>
        <extensions>
          <ns3:TrackPointExtension>
            <ns3:hr>144</ns3:hr>
            <ns3:cad>53</ns3:cad>
          </ns3:TrackPointExtension>
        </extensions>
      </trkpt>
      <trkpt lat="45.052250437438488006591796875" lon="6.25633676536381244659423828125">
        <ele>2231.39990234375</ele>
        <time>2026-07-27T07:00:38.000Z</time>
        <extensions>
          <ns3:TrackPointExtension>
            <ns3:hr>144</ns3:hr>
            <ns3:cad>53</ns3:cad>
          </ns3:TrackPointExtension>
        </extensions>
      </trkpt>
      <trkpt lat="45.05218614824116230010986328125" lon="6.25648395158350467681884765625">
        <ele>2231.199951171875</ele>
        <time>2026-07-27T07:00:49.000Z</time>
        <extensions>
          <ns3:TrackPointExtension>
            <ns3:hr>141</ns3:hr>
            <ns3:cad>56</ns3:cad>
          </ns3:TrackPointExtension>
        </extensions>
      </trkpt>
      <trkpt lat="45.05217969417572021484375" lon="6.25649468041956424713134765625">
        <ele>2231.199951171875</ele>
        <time>2026-07-27T07:00:50.000Z</time>
        <extensions>
          <ns3:TrackPointExtension>
            <ns3:hr>141</ns3:hr>
            <ns3:cad>56</ns3:cad>
          </ns3:TrackPointExtension>
        </extensions>
      </trkpt>
      <trkpt lat="45.05209160037338733673095703125" lon="6.2566439621150493621826171875">
        <ele>2230.60009765625</ele>
        <time>2026-07-27T07:01:01.000Z</time>
        <extensions>
          <ns3:TrackPointExtension>
            <ns3:hr>141</ns3:hr>
            <ns3:cad>53</ns3:cad>
          </ns3:TrackPointExtension>
        </extensions>
      </trkpt>
      <trkpt lat="45.05208606831729412078857421875" lon="6.2566550262272357940673828125">
        <ele>2230.39990234375</ele>
        <time>2026-07-27T07:01:02.000Z</time>
        <extensions>
          <ns3:TrackPointExtension>
            <ns3:hr>140</ns3:hr>
            <ns3:cad>53</ns3:cad>
          </ns3:TrackPointExtension>
        </extensions>
      </trkpt>
      <trkpt lat="45.052005350589752197265625" lon="6.2568561919033527374267578125">
        <ele>2229.60009765625</ele>
        <time>2026-07-27T07:01:16.000Z</time>
        <extensions>
          <ns3:TrackPointExtension>
            <ns3:hr>138</ns3:hr>
            <ns3:cad>55</ns3:cad>
          </ns3:TrackPointExtension>
        </extensions>
      </trkpt>
      <trkpt lat="45.05197257734835147857666015625" lon="6.2570209801197052001953125">
        <ele>2229.39990234375</ele>
        <time>2026-07-27T07:01:26.000Z</time>
        <extensions>
          <ns3:TrackPointExtension>
            <ns3:hr>137</ns3:hr>
            <ns3:cad>55</ns3:cad>
          </ns3:TrackPointExtension>
        </extensions>
      </trkpt>
      <trkpt lat="45.051954053342342376708984375" lon="6.25706733204424381256103515625">
        <ele>2229.199951171875</ele>
        <time>2026-07-27T07:01:29.000Z</time>
        <extensions>
          <ns3:TrackPointExtension>
            <ns3:hr>136</ns3:hr>
            <ns3:cad>0</ns3:cad>
          </ns3:TrackPointExtension>
        </extensions>
      </trkpt>
      <trkpt lat="45.0519183464348316192626953125" lon="6.25717646442353725433349609375">
        <ele>2228.39990234375</ele>
        <time>2026-07-27T07:01:36.000Z</time>
        <extensions>
          <ns3:TrackPointExtension>
            <ns3:hr>134</ns3:hr>
            <ns3:cad>53</ns3:cad>
          </ns3:TrackPointExtension>
        </extensions>
      </trkpt>
      <trkpt lat="45.05191071890294551849365234375" lon="6.25720479525625705718994140625">
        <ele>2228.199951171875</ele>
        <time>2026-07-27T07:01:38.000Z</time>
        <extensions>
          <ns3:TrackPointExtension>
            <ns3:hr>134</ns3:hr>
            <ns3:cad>53</ns3:cad>
          </ns3:TrackPointExtension>
        </extensions>
      </trkpt>
      <trkpt lat="45.05187132395803928375244140625" lon="6.2573601119220256805419921875">
        <ele>2227.39990234375</ele>
        <time>2026-07-27T07:01:48.000Z</time>
        <extensions>
          <ns3:TrackPointExtension>
            <ns3:hr>134</ns3:hr>
            <ns3:cad>53</ns3:cad>
          </ns3:TrackPointExtension>
        </extensions>
      </trkpt>
      <trkpt lat="45.05187031812965869903564453125" lon="6.257379055023193359375">
        <ele>2227.199951171875</ele>
        <time>2026-07-27T07:01:49.000Z</time>
        <extensions>
          <ns3:TrackPointExtension>
            <ns3:hr>134</ns3:hr>
            <ns3:cad>52</ns3:cad>
          </ns3:TrackPointExtension>
        </extensions>
      </trkpt>
      <trkpt lat="45.05186461843550205230712890625" lon="6.2575042806565761566162109375">
        <ele>2226.60009765625</ele>
        <time>2026-07-27T07:01:57.000Z</time>
        <extensions>
          <ns3:TrackPointExtension>
            <ns3:hr>132</ns3:hr>
            <ns3:cad>52</ns3:cad>
          </ns3:TrackPointExtension>
        </extensions>
      </trkpt>
      <trkpt lat="45.05186579190194606781005859375" lon="6.25760561786592006683349609375">
        <ele>2226</ele>
        <time>2026-07-27T07:02:04.000Z</time>
        <extensions>
          <ns3:TrackPointExtension>
            <ns3:hr>133</ns3:hr>
            <ns3:cad>0</ns3:cad>
          </ns3:TrackPointExtension>
        </extensions>
      </trkpt>
      <trkpt lat="45.051862187683582305908203125" lon="6.2576229684054851531982421875">
        <ele>2225.60009765625</ele>
        <time>2026-07-27T07:02:05.000Z</time>
        <extensions>
          <ns3:TrackPointExtension>
            <ns3:hr>133</ns3:hr>
            <ns3:cad>0</ns3:cad>
          </ns3:TrackPointExtension>
        </extensions>
      </trkpt>
      <trkpt lat="45.0518538057804107666015625" lon="6.25770452432334423065185546875">
        <ele>2224.800048828125</ele>
        <time>2026-07-27T07:02:10.000Z</time>
        <extensions>
          <ns3:TrackPointExtension>
            <ns3:hr>132</ns3:hr>
            <ns3:cad>57</ns3:cad>
          </ns3:TrackPointExtension>
        </extensions>
      </trkpt>
      <trkpt lat="45.051854141056537628173828125" lon="6.2577882595360279083251953125">
        <ele>2224</ele>
        <time>2026-07-27T07:02:15.000Z</time>
        <extensions>
          <ns3:TrackPointExtension>
            <ns3:hr>131</ns3:hr>
            <ns3:cad>0</ns3:cad>
          </ns3:TrackPointExtension>
        </extensions>
      </trkpt>
      <trkpt lat="45.05187987349927425384521484375" lon="6.2579106353223323822021484375">
        <ele>2223.800048828125</ele>
        <time>2026-07-27T07:02:23.000Z</time>
        <extensions>
          <ns3:TrackPointExtension>
            <ns3:hr>130</ns3:hr>
            <ns3:cad>55</ns3:cad>
          </ns3:TrackPointExtension>
        </extensions>
      </trkpt>
      <trkpt lat="45.05189194343984127044677734375" lon="6.2580162473022937774658203125">
        <ele>2222.60009765625</ele>
        <time>2026-07-27T07:02:29.000Z</time>
        <extensions>
          <ns3:TrackPointExtension>
            <ns3:hr>131</ns3:hr>
            <ns3:cad>53</ns3:cad>
          </ns3:TrackPointExtension>
        </extensions>
      </trkpt>
      <trkpt lat="45.05189898423850536346435546875" lon="6.25818841159343719482421875">
        <ele>2221.60009765625</ele>
        <time>2026-07-27T07:02:40.000Z</time>
        <extensions>
          <ns3:TrackPointExtension>
            <ns3:hr>132</ns3:hr>
            <ns3:cad>57</ns3:cad>
          </ns3:TrackPointExtension>
        </extensions>
      </trkpt>
      <trkpt lat="45.05190753377974033355712890625" lon="6.258219592273235321044921875">
        <ele>2221.39990234375</ele>
        <time>2026-07-27T07:02:42.000Z</time>
        <extensions>
          <ns3:TrackPointExtension>
            <ns3:hr>132</ns3:hr>
            <ns3:cad>53</ns3:cad>
          </ns3:TrackPointExtension>
        </extensions>
      </trkpt>
      <trkpt lat="45.051915831863880157470703125" lon="6.25827935524284839630126953125">
        <ele>2221.199951171875</ele>
        <time>2026-07-27T07:02:46.000Z</time>
        <extensions>
          <ns3:TrackPointExtension>
            <ns3:hr>132</ns3:hr>
            <ns3:cad>0</ns3:cad>
          </ns3:TrackPointExtension>
        </extensions>
      </trkpt>
      <trkpt lat="45.051940977573394775390625" lon="6.25833517871797084808349609375">
        <ele>2220.60009765625</ele>
        <time>2026-07-27T07:02:51.000Z</time>
        <extensions>
          <ns3:TrackPointExtension>
            <ns3:hr>132</ns3:hr>
            <ns3:cad>53</ns3:cad>
          </ns3:TrackPointExtension>
        </extensions>
      </trkpt>
      <trkpt lat="45.05194877274334430694580078125" lon="6.25836015678942203521728515625">
        <ele>2220.60009765625</ele>
        <time>2026-07-27T07:02:53.000Z</time>
        <extensions>
          <ns3:TrackPointExtension>
            <ns3:hr>132</ns3:hr>
            <ns3:cad>53</ns3:cad>
          </ns3:TrackPointExtension>
        </extensions>
      </trkpt>
      <trkpt lat="45.051963441073894500732421875" lon="6.25845638103783130645751953125">
        <ele>2219.39990234375</ele>
        <time>2026-07-27T07:03:00.000Z</time>
        <extensions>
          <ns3:TrackPointExtension>
            <ns3:hr>132</ns3:hr>
            <ns3:cad>54</ns3:cad>
          </ns3:TrackPointExtension>
        </extensions>
      </trkpt>
      <trkpt lat="45.0519693084061145782470703125" lon="6.258481778204441070556640625">
        <ele>2219.199951171875</ele>
        <time>2026-07-27T07:03:02.000Z</time>
        <extensions>
          <ns3:TrackPointExtension>
            <ns3:hr>132</ns3:hr>
            <ns3:cad>58</ns3:cad>
          </ns3:TrackPointExtension>
        </extensions>
      </trkpt>
      <trkpt lat="45.0519786961376667022705078125" lon="6.25856232829391956329345703125">
        <ele>2218.39990234375</ele>
        <time>2026-07-27T07:03:07.000Z</time>
        <extensions>
          <ns3:TrackPointExtension>
            <ns3:hr>132</ns3:hr>
            <ns3:cad>54</ns3:cad>
          </ns3:TrackPointExtension>
        </extensions>
      </trkpt>
      <trkpt lat="45.0519827194511890411376953125" lon="6.2586331553757190704345703125">
        <ele>2217.39990234375</ele>
        <time>2026-07-27T07:03:12.000Z</time>
        <extensions>
          <ns3:TrackPointExtension>
            <ns3:hr>131</ns3:hr>
            <ns3:cad>56</ns3:cad>
          </ns3:TrackPointExtension>
        </extensions>
      </trkpt>
      <trkpt lat="45.05199822597205638885498046875" lon="6.25876014120876789093017578125">
        <ele>2216.39990234375</ele>
        <time>2026-07-27T07:03:19.000Z</time>
        <extensions>
          <ns3:TrackPointExtension>
            <ns3:hr>133</ns3:hr>
            <ns3:cad>53</ns3:cad>
          </ns3:TrackPointExtension>
        </extensions>
      </trkpt>
      <trkpt lat="45.0520061887800693511962890625" lon="6.2588071636855602264404296875">
        <ele>2216.199951171875</ele>
        <time>2026-07-27T07:03:22.000Z</time>
        <extensions>
          <ns3:TrackPointExtension>
            <ns3:hr>133</ns3:hr>
            <ns3:cad>55</ns3:cad>
          </ns3:TrackPointExtension>
        </extensions>
      </trkpt>
      <trkpt lat="45.05201767198741436004638671875" lon="6.25891537405550479888916015625">
        <ele>2215.39990234375</ele>
        <time>2026-07-27T07:03:28.000Z</time>
        <extensions>
          <ns3:TrackPointExtension>
            <ns3:hr>132</ns3:hr>
            <ns3:cad>55</ns3:cad>
          </ns3:TrackPointExtension>
        </extensions>
      </trkpt>
      <trkpt lat="45.0520182587206363677978515625" lon="6.25894479453563690185546875">
        <ele>2215.199951171875</ele>
        <time>2026-07-27T07:03:30.000Z</time>
        <extensions>
          <ns3:TrackPointExtension>
            <ns3:hr>132</ns3:hr>
            <ns3:cad>0</ns3:cad>
          </ns3:TrackPointExtension>
        </extensions>
      </trkpt>
      <trkpt lat="45.05201968364417552947998046875" lon="6.2589821778237819671630859375">
        <ele>2215</ele>
        <time>2026-07-27T07:03:33.000Z</time>
        <extensions>
          <ns3:TrackPointExtension>
            <ns3:hr>132</ns3:hr>
            <ns3:cad>0</ns3:cad>
          </ns3:TrackPointExtension>
        </extensions>
      </trkpt>
      <trkpt lat="45.05204700864851474761962890625" lon="6.25907781533896923065185546875">
        <ele>2214.199951171875</ele>
        <time>2026-07-27T07:03:40.000Z</time>
        <extensions>
          <ns3:TrackPointExtension>
            <ns3:hr>130</ns3:hr>
            <ns3:cad>0</ns3:cad>
          </ns3:TrackPointExtension>
        </extensions>
      </trkpt>
      <trkpt lat="45.05204952321946620941162109375" lon="6.25909239985048770904541015625">
        <ele>2214</ele>
        <time>2026-07-27T07:03:41.000Z</time>
        <extensions>
          <ns3:TrackPointExtension>
            <ns3:hr>130</ns3:hr>
            <ns3:cad>0</ns3:cad>
          </ns3:TrackPointExtension>
        </extensions>
      </trkpt>
      <trkpt lat="45.05206997506320476531982421875" lon="6.25915694050490856170654296875">
        <ele>2213.199951171875</ele>
        <time>2026-07-27T07:03:46.000Z</time>
        <extensions>
          <ns3:TrackPointExtension>
            <ns3:hr>129</ns3:hr>
            <ns3:cad>58</ns3:cad>
          </ns3:TrackPointExtension>
        </extensions>
      </trkpt>
      <trkpt lat="45.0520953722298145294189453125" lon="6.25923220999538898468017578125">
        <ele>2212.199951171875</ele>
        <time>2026-07-27T07:03:51.000Z</time>
        <extensions>
          <ns3:TrackPointExtension>
            <ns3:hr>129</ns3:hr>
            <ns3:cad>57</ns3:cad>
          </ns3:TrackPointExtension>
        </extensions>
      </trkpt>
      <trkpt lat="45.05210258066654205322265625" lon="6.25924461521208286285400390625">
        <ele>2211.800048828125</ele>
        <time>2026-07-27T07:03:52.000Z</time>
        <extensions>
          <ns3:TrackPointExtension>
            <ns3:hr>128</ns3:hr>
            <ns3:cad>53</ns3:cad>
          </ns3:TrackPointExtension>
        </extensions>
      </trkpt>
      <trkpt lat="45.05212898366153240203857421875" lon="6.25934368930757045745849609375">
        <ele>2211</ele>
        <time>2026-07-27T07:03:59.000Z</time>
        <extensions>
          <ns3:TrackPointExtension>
            <ns3:hr>128</ns3:hr>
            <ns3:cad>55</ns3:cad>
          </ns3:TrackPointExtension>
        </extensions>
      </trkpt>
      <trkpt lat="45.0521288998425006866455078125" lon="6.2593499757349491119384765625">
        <ele>2210.60009765625</ele>
        <time>2026-07-27T07:04:01.000Z</time>
        <extensions>
          <ns3:TrackPointExtension>
            <ns3:hr>128</ns3:hr>
            <ns3:cad>0</ns3:cad>
          </ns3:TrackPointExtension>
        </extensions>
      </trkpt>
      <trkpt lat="45.0521319173276424407958984375" lon="6.25935240648686885833740234375">
        <ele>2210.39990234375</ele>
        <time>2026-07-27T07:04:03.000Z</time>
        <extensions>
          <ns3:TrackPointExtension>
            <ns3:hr>131</ns3:hr>
            <ns3:cad>0</ns3:cad>
          </ns3:TrackPointExtension>
        </extensions>
      </trkpt>
      <trkpt lat="45.05213384516537189483642578125" lon="6.259358190000057220458984375">
        <ele>2210</ele>
        <time>2026-07-27T07:04:06.000Z</time>
        <extensions>
          <ns3:TrackPointExtension>
            <ns3:hr>132</ns3:hr>
            <ns3:cad>0</ns3:cad>
          </ns3:TrackPointExtension>
        </extensions>
      </trkpt>
      <trkpt lat="45.0521339289844036102294921875" lon="6.2594190426170825958251953125">
        <ele>2209.39990234375</ele>
        <time>2026-07-27T07:04:10.000Z</time>
        <extensions>
          <ns3:TrackPointExtension>
            <ns3:hr>131</ns3:hr>
            <ns3:cad>0</ns3:cad>
          </ns3:TrackPointExtension>
        </extensions>
      </trkpt>
      <trkpt lat="45.05214013159275054931640625" lon="6.25946380198001861572265625">
        <ele>2208.800048828125</ele>
        <time>2026-07-27T07:04:13.000Z</time>
        <extensions>
          <ns3:TrackPointExtension>
            <ns3:hr>131</ns3:hr>
            <ns3:cad>56</ns3:cad>
          </ns3:TrackPointExtension>
        </extensions>
      </trkpt>
      <trkpt lat="45.0521449930965900421142578125" lon="6.25954829156398773193359375">
        <ele>2208.39990234375</ele>
        <time>2026-07-27T07:04:18.000Z</time>
        <extensions>
          <ns3:TrackPointExtension>
            <ns3:hr>130</ns3:hr>
            <ns3:cad>55</ns3:cad>
          </ns3:TrackPointExtension>
        </extensions>
      </trkpt>
      <trkpt lat="45.05216318182647228240966796875" lon="6.259661614894866943359375">
        <ele>2207.800048828125</ele>
        <time>2026-07-27T07:04:25.000Z</time>
        <extensions>
          <ns3:TrackPointExtension>
            <ns3:hr>130</ns3:hr>
            <ns3:cad>54</ns3:cad>
          </ns3:TrackPointExtension>
        </extensions>
      </trkpt>
      <trkpt lat="45.05217189900577068328857421875" lon="6.25973495654761791229248046875">
        <ele>2207.39990234375</ele>
        <time>2026-07-27T07:04:29.000Z</time>
        <extensions>
          <ns3:TrackPointExtension>
            <ns3:hr>129</ns3:hr>
            <ns3:cad>53</ns3:cad>
          </ns3:TrackPointExtension>
        </extensions>
      </trkpt>
      <trkpt lat="45.0521828792989253997802734375" lon="6.25983319245278835296630859375">
        <ele>2206.800048828125</ele>
        <time>2026-07-27T07:04:35.000Z</time>
        <extensions>
          <ns3:TrackPointExtension>
            <ns3:hr>127</ns3:hr>
            <ns3:cad>54</ns3:cad>
          </ns3:TrackPointExtension>
        </extensions>
      </trkpt>
      <trkpt lat="45.05219100974500179290771484375" lon="6.2599481083452701568603515625">
        <ele>2205.60009765625</ele>
        <time>2026-07-27T07:04:42.000Z</time>
        <extensions>
          <ns3:TrackPointExtension>
            <ns3:hr>127</ns3:hr>
            <ns3:cad>53</ns3:cad>
          </ns3:TrackPointExtension>
        </extensions>
      </trkpt>
      <trkpt lat="45.05219302140176296234130859375" lon="6.25997878611087799072265625">
        <ele>2205.39990234375</ele>
        <time>2026-07-27T07:04:44.000Z</time>
        <extensions>
          <ns3:TrackPointExtension>
            <ns3:hr>127</ns3:hr>
            <ns3:cad>53</ns3:cad>
          </ns3:TrackPointExtension>
        </extensions>
      </trkpt>
      <trkpt lat="45.05220911465585231781005859375" lon="6.26014248467981815338134765625">
        <ele>2204.60009765625</ele>
        <time>2026-07-27T07:04:54.000Z</time>
        <extensions>
          <ns3:TrackPointExtension>
            <ns3:hr>128</ns3:hr>
            <ns3:cad>58</ns3:cad>
          </ns3:TrackPointExtension>
        </extensions>
      </trkpt>
      <trkpt lat="45.05223811604082584381103515625" lon="6.26026234589517116546630859375">
        <ele>2203.39990234375</ele>
        <time>2026-07-27T07:05:02.000Z</time>
        <extensions>
          <ns3:TrackPointExtension>
            <ns3:hr>129</ns3:hr>
            <ns3:cad>55</ns3:cad>
          </ns3:TrackPointExtension>
        </extensions>
      </trkpt>
      <trkpt lat="45.0522499345242977142333984375" lon="6.2603397108614444732666015625">
        <ele>2202.800048828125</ele>
        <time>2026-07-27T07:05:06.000Z</time>
        <extensions>
          <ns3:TrackPointExtension>
            <ns3:hr>129</ns3:hr>
            <ns3:cad>56</ns3:cad>
          </ns3:TrackPointExtension>
        </extensions>
      </trkpt>
      <trkpt lat="45.0522653572261333465576171875" lon="6.26038908027112483978271484375">
        <ele>2202.39990234375</ele>
        <time>2026-07-27T07:05:09.000Z</time>
        <extensions>
          <ns3:TrackPointExtension>
            <ns3:hr>130</ns3:hr>
            <ns3:cad>56</ns3:cad>
          </ns3:TrackPointExtension>
        </extensions>
      </trkpt>
      <trkpt lat="45.05229628644883632659912109375" lon="6.26047633588314056396484375">
        <ele>2201.199951171875</ele>
        <time>2026-07-27T07:05:15.000Z</time>
        <extensions>
          <ns3:TrackPointExtension>
            <ns3:hr>130</ns3:hr>
            <ns3:cad>57</ns3:cad>
          </ns3:TrackPointExtension>
        </extensions>
      </trkpt>
      <trkpt lat="45.05230114795267581939697265625" lon="6.260489411652088165283203125">
        <ele>2201.199951171875</ele>
        <time>2026-07-27T07:05:16.000Z</time>
        <extensions>
          <ns3:TrackPointExtension>
            <ns3:hr>130</ns3:hr>
            <ns3:cad>57</ns3:cad>
          </ns3:TrackPointExtension>
        </extensions>
      </trkpt>
      <trkpt lat="45.052322186529636383056640625" lon="6.2605668604373931884765625">
        <ele>2200.199951171875</ele>
        <time>2026-07-27T07:05:21.000Z</time>
        <extensions>
          <ns3:TrackPointExtension>
            <ns3:hr>131</ns3:hr>
            <ns3:cad>54</ns3:cad>
          </ns3:TrackPointExtension>
        </extensions>
      </trkpt>
      <trkpt lat="45.0523392856121063232421875" lon="6.26062762923538684844970703125">
        <ele>2199.199951171875</ele>
        <time>2026-07-27T07:05:25.000Z</time>
        <extensions>
          <ns3:TrackPointExtension>
            <ns3:hr>132</ns3:hr>
            <ns3:cad>55</ns3:cad>
          </ns3:TrackPointExtension>
        </extensions>
      </trkpt>
      <trkpt lat="45.05234674550592899322509765625" lon="6.260659061372280120849609375">
        <ele>2199.199951171875</ele>
        <time>2026-07-27T07:05:27.000Z</time>
        <extensions>
          <ns3:TrackPointExtension>
            <ns3:hr>132</ns3:hr>
            <ns3:cad>56</ns3:cad>
          </ns3:TrackPointExtension>
        </extensions>
      </trkpt>
      <trkpt lat="45.05237256176769733428955078125" lon="6.2607557885348796844482421875">
        <ele>2198.199951171875</ele>
        <time>2026-07-27T07:05:33.000Z</time>
        <extensions>
          <ns3:TrackPointExtension>
            <ns3:hr>132</ns3:hr>
            <ns3:cad>56</ns3:cad>
          </ns3:TrackPointExtension>
        </extensions>
      </trkpt>
      <trkpt lat="45.05238957703113555908203125" lon="6.2608808465301990509033203125">
        <ele>2197.199951171875</ele>
        <time>2026-07-27T07:05:40.000Z</time>
        <extensions>
          <ns3:TrackPointExtension>
            <ns3:hr>132</ns3:hr>
            <ns3:cad>54</ns3:cad>
          </ns3:TrackPointExtension>
        </extensions>
      </trkpt>
      <trkpt lat="45.052403323352336883544921875" lon="6.26098838634788990020751953125">
        <ele>2196</ele>
        <time>2026-07-27T07:05:47.000Z</time>
        <extensions>
          <ns3:TrackPointExtension>
            <ns3:hr>130</ns3:hr>
            <ns3:cad>53</ns3:cad>
          </ns3:TrackPointExtension>
        </extensions>
      </trkpt>
      <trkpt lat="45.0524162314832210540771484375" lon="6.26105259172618389129638671875">
        <ele>2195.60009765625</ele>
        <time>2026-07-27T07:05:51.000Z</time>
        <extensions>
          <ns3:TrackPointExtension>
            <ns3:hr>130</ns3:hr>
            <ns3:cad>56</ns3:cad>
          </ns3:TrackPointExtension>
        </extensions>
      </trkpt>
      <trkpt lat="45.05242452956736087799072265625" lon="6.26109600998461246490478515625">
        <ele>2194.800048828125</ele>
        <time>2026-07-27T07:05:54.000Z</time>
        <extensions>
          <ns3:TrackPointExtension>
            <ns3:hr>130</ns3:hr>
            <ns3:cad>57</ns3:cad>
          </ns3:TrackPointExtension>
        </extensions>
      </trkpt>
      <trkpt lat="45.05243894644081592559814453125" lon="6.261186115443706512451171875">
        <ele>2193.800048828125</ele>
        <time>2026-07-27T07:06:01.000Z</time>
        <extensions>
          <ns3:TrackPointExtension>
            <ns3:hr>130</ns3:hr>
            <ns3:cad>0</ns3:cad>
          </ns3:TrackPointExtension>
        </extensions>
      </trkpt>
      <trkpt lat="45.05243911407887935638427734375" lon="6.261179409921169281005859375">
        <ele>2193.60009765625</ele>
        <time>2026-07-27T07:06:09.000Z</time>
        <extensions>
          <ns3:TrackPointExtension>
            <ns3:hr>130</ns3:hr>
            <ns3:cad>0</ns3:cad>
          </ns3:TrackPointExtension>
        </extensions>
      </trkpt>
      <trkpt lat="45.05243442021310329437255859375" lon="6.2611842714250087738037109375">
        <ele>2193.60009765625</ele>
        <time>2026-07-27T07:06:19.000Z</time>
        <extensions>
          <ns3:TrackPointExtension>
            <ns3:hr>130</ns3:hr>
            <ns3:cad>0</ns3:cad>
          </ns3:TrackPointExtension>
        </extensions>
      </trkpt>
      <trkpt lat="45.05243525840342044830322265625" lon="6.26118435524404048919677734375">
        <ele>2192.60009765625</ele>
        <time>2026-07-27T07:06:30.000Z</time>
        <extensions>
          <ns3:TrackPointExtension>
            <ns3:hr>130</ns3:hr>
            <ns3:cad>0</ns3:cad>
          </ns3:TrackPointExtension>
        </extensions>
      </trkpt>
      <trkpt lat="45.05245797336101531982421875" lon="6.2612198106944561004638671875">
        <ele>2192.39990234375</ele>
        <time>2026-07-27T07:06:48.000Z</time>
        <extensions>
          <ns3:TrackPointExtension>
            <ns3:hr>127</ns3:hr>
            <ns3:cad>0</ns3:cad>
          </ns3:TrackPointExtension>
        </extensions>
      </trkpt>
      <trkpt lat="45.05245839245617389678955078125" lon="6.2612211517989635467529296875">
        <ele>2192.39990234375</ele>
        <time>2026-07-27T07:06:50.000Z</time>
        <extensions>
          <ns3:TrackPointExtension>
            <ns3:hr>124</ns3:hr>
            <ns3:cad>0</ns3:cad>
          </ns3:TrackPointExtension>
        </extensions>
      </trkpt>
      <trkpt lat="45.05247565917670726776123046875" lon="6.2612506560981273651123046875">
        <ele>2192.199951171875</ele>
        <time>2026-07-27T07:07:02.000Z</time>
        <extensions>
          <ns3:TrackPointExtension>
            <ns3:hr>121</ns3:hr>
            <ns3:cad>55</ns3:cad>
          </ns3:TrackPointExtension>
        </extensions>
      </trkpt>
      <trkpt lat="45.05248571746051311492919921875" lon="6.26127638854086399078369140625">
        <ele>2191.60009765625</ele>
        <time>2026-07-27T07:07:04.000Z</time>
        <extensions>
          <ns3:TrackPointExtension>
            <ns3:hr>121</ns3:hr>
            <ns3:cad>54</ns3:cad>
          </ns3:TrackPointExtension>
        </extensions>
      </trkpt>
      <trkpt lat="45.05249208770692348480224609375" lon="6.26128829084336757659912109375">
        <ele>2191.199951171875</ele>
        <time>2026-07-27T07:07:05.000Z</time>
        <extensions>
          <ns3:TrackPointExtension>
            <ns3:hr>121</ns3:hr>
            <ns3:cad>0</ns3:cad>
          </ns3:TrackPointExtension>
        </extensions>
      </trkpt>
      <trkpt lat="45.05252511240541934967041015625" lon="6.261352412402629852294921875">
        <ele>2190.60009765625</ele>
        <time>2026-07-27T07:07:09.000Z</time>
        <extensions>
          <ns3:TrackPointExtension>
            <ns3:hr>121</ns3:hr>
            <ns3:cad>57</ns3:cad>
          </ns3:TrackPointExtension>
        </extensions>
      </trkpt>
      <trkpt lat="45.05254246294498443603515625" lon="6.2614001892507076263427734375">
        <ele>2189.60009765625</ele>
        <time>2026-07-27T07:07:13.000Z</time>
        <extensions>
          <ns3:TrackPointExtension>
            <ns3:hr>120</ns3:hr>
            <ns3:cad>57</ns3:cad>
          </ns3:TrackPointExtension>
        </extensions>
      </trkpt>
      <trkpt lat="45.052546150982379913330078125" lon="6.26143396832048892974853515625">
        <ele>2188.800048828125</ele>
        <time>2026-07-27T07:07:16.000Z</time>
        <extensions>
          <ns3:TrackPointExtension>
            <ns3:hr>119</ns3:hr>
            <ns3:cad>52</ns3:cad>
          </ns3:TrackPointExtension>
        </extensions>
      </trkpt>
      <trkpt lat="45.05255143158137798309326171875" lon="6.2614662386476993560791015625">
        <ele>2188.39990234375</ele>
        <time>2026-07-27T07:07:18.000Z</time>
        <extensions>
          <ns3:TrackPointExtension>
            <ns3:hr>120</ns3:hr>
            <ns3:cad>52</ns3:cad>
          </ns3:TrackPointExtension>
        </extensions>
      </trkpt>
      <trkpt lat="45.05257188342511653900146484375" lon="6.261545531451702117919921875">
        <ele>2187.199951171875</ele>
        <time>2026-07-27T07:07:24.000Z</time>
        <extensions>
          <ns3:TrackPointExtension>
            <ns3:hr>120</ns3:hr>
            <ns3:cad>0</ns3:cad>
          </ns3:TrackPointExtension>
        </extensions>
      </trkpt>
      <trkpt lat="45.052585043013095855712890625" lon="6.26157511956989765167236328125">
        <ele>2186.60009765625</ele>
        <time>2026-07-27T07:07:26.000Z</time>
        <extensions>
          <ns3:TrackPointExtension>
            <ns3:hr>120</ns3:hr>
            <ns3:cad>53</ns3:cad>
          </ns3:TrackPointExtension>
        </extensions>
      </trkpt>
      <trkpt lat="45.0525949336588382720947265625" lon="6.26160345040261745452880859375">
        <ele>2186</ele>
        <time>2026-07-27T07:07:28.000Z</time>
        <extensions>
          <ns3:TrackPointExtension>
            <ns3:hr>120</ns3:hr>
            <ns3:cad>54</ns3:cad>
          </ns3:TrackPointExtension>
        </extensions>
      </trkpt>
      <trkpt lat="45.05262636579573154449462890625" lon="6.26167754642665386199951171875">
        <ele>2185.39990234375</ele>
        <time>2026-07-27T07:07:33.000Z</time>
        <extensions>
          <ns3:TrackPointExtension>
            <ns3:hr>123</ns3:hr>
            <ns3:cad>54</ns3:cad>
          </ns3:TrackPointExtension>
        </extensions>
      </trkpt>
      <trkpt lat="45.05263105966150760650634765625" lon="6.26170151866972446441650390625">
        <ele>2185.199951171875</ele>
        <time>2026-07-27T07:07:34.000Z</time>
        <extensions>
          <ns3:TrackPointExtension>
            <ns3:hr>124</ns3:hr>
            <ns3:cad>55</ns3:cad>
          </ns3:TrackPointExtension>
        </extensions>
      </trkpt>
      <trkpt lat="45.0526257790625095367431640625" lon="6.261737644672393798828125">
        <ele>2185</ele>
        <time>2026-07-27T07:07:36.000Z</time>
        <extensions>
          <ns3:TrackPointExtension>
            <ns3:hr>125</ns3:hr>
            <ns3:cad>54</ns3:cad>
          </ns3:TrackPointExtension>
        </extensions>
      </trkpt>
      <trkpt lat="45.05257942713797092437744140625" lon="6.2618799693882465362548828125">
        <ele>2185.39990234375</ele>
        <time>2026-07-27T07:07:45.000Z</time>
        <extensions>
          <ns3:TrackPointExtension>
            <ns3:hr>127</ns3:hr>
            <ns3:cad>57</ns3:cad>
          </ns3:TrackPointExtension>
        </extensions>
      </trkpt>
      <trkpt lat="45.05255763418972492218017578125" lon="6.26205624081194400787353515625">
        <ele>2184.60009765625</ele>
        <time>2026-07-27T07:07:55.000Z</time>
        <extensions>
          <ns3:TrackPointExtension>
            <ns3:hr>126</ns3:hr>
            <ns3:cad>55</ns3:cad>
          </ns3:TrackPointExtension>
        </extensions>
      </trkpt>
      <trkpt lat="45.05254874937236309051513671875" lon="6.26211206428706645965576171875">
        <ele>2183.800048828125</ele>
        <time>2026-07-27T07:07:58.000Z</time>
        <extensions>
          <ns3:TrackPointExtension>
            <ns3:hr>126</ns3:hr>
            <ns3:cad>57</ns3:cad>
          </ns3:TrackPointExtension>
        </extensions>
      </trkpt>
      <trkpt lat="45.05255746655166149139404296875" lon="6.26222019083797931671142578125">
        <ele>2183.39990234375</ele>
        <time>2026-07-27T07:08:04.000Z</time>
        <extensions>
          <ns3:TrackPointExtension>
            <ns3:hr>127</ns3:hr>
            <ns3:cad>0</ns3:cad>
          </ns3:TrackPointExtension>
        </extensions>
      </trkpt>
      <trkpt lat="45.05259501747786998748779296875" lon="6.2624123878777027130126953125">
        <ele>2182.800048828125</ele>
        <time>2026-07-27T07:08:15.000Z</time>
        <extensions>
          <ns3:TrackPointExtension>
            <ns3:hr>129</ns3:hr>
            <ns3:cad>54</ns3:cad>
          </ns3:TrackPointExtension>
        </extensions>
      </trkpt>
      <trkpt lat="45.0526110269129276275634765625" lon="6.26249193213880062103271484375">
        <ele>2182.60009765625</ele>
        <time>2026-07-27T07:08:19.000Z</time>
        <extensions>
          <ns3:TrackPointExtension>
            <ns3:hr>128</ns3:hr>
            <ns3:cad>56</ns3:cad>
          </ns3:TrackPointExtension>
        </extensions>
      </trkpt>
      <trkpt lat="45.0526291318237781524658203125" lon="6.2626557983458042144775390625">
        <ele>2182</ele>
        <time>2026-07-27T07:08:29.000Z</time>
        <extensions>
          <ns3:TrackPointExtension>
            <ns3:hr>127</ns3:hr>
            <ns3:cad>55</ns3:cad>
          </ns3:TrackPointExtension>
        </extensions>
      </trkpt>
      <trkpt lat="45.0526515953242778778076171875" lon="6.262769289314746856689453125">
        <ele>2181.60009765625</ele>
        <time>2026-07-27T07:08:36.000Z</time>
        <extensions>
          <ns3:TrackPointExtension>
            <ns3:hr>125</ns3:hr>
            <ns3:cad>51</ns3:cad>
          </ns3:TrackPointExtension>
        </extensions>
      </trkpt>
      <trkpt lat="45.0526522658765316009521484375" lon="6.26283022575080394744873046875">
        <ele>2181.199951171875</ele>
        <time>2026-07-27T07:08:40.000Z</time>
        <extensions>
          <ns3:TrackPointExtension>
            <ns3:hr>126</ns3:hr>
            <ns3:cad>54</ns3:cad>
          </ns3:TrackPointExtension>
        </extensions>
      </trkpt>
      <trkpt lat="45.05265050567686557769775390625" lon="6.26287557184696197509765625">
        <ele>2180.60009765625</ele>
        <time>2026-07-27T07:08:43.000Z</time>
        <extensions>
          <ns3:TrackPointExtension>
            <ns3:hr>126</ns3:hr>
            <ns3:cad>54</ns3:cad>
          </ns3:TrackPointExtension>
        </extensions>
      </trkpt>
      <trkpt lat="45.0526613183319568634033203125" lon="6.2629702873528003692626953125">
        <ele>2180.199951171875</ele>
        <time>2026-07-27T07:08:49.000Z</time>
        <extensions>
          <ns3:TrackPointExtension>
            <ns3:hr>126</ns3:hr>
            <ns3:cad>54</ns3:cad>
          </ns3:TrackPointExtension>
        </extensions>
      </trkpt>
      <trkpt lat="45.05265620537102222442626953125" lon="6.2630423717200756072998046875">
        <ele>2179.60009765625</ele>
        <time>2026-07-27T07:08:54.000Z</time>
        <extensions>
          <ns3:TrackPointExtension>
            <ns3:hr>124</ns3:hr>
            <ns3:cad>0</ns3:cad>
          </ns3:TrackPointExtension>
        </extensions>
      </trkpt>
      <trkpt lat="45.052658803761005401611328125" lon="6.26306039281189441680908203125">
        <ele>2179.60009765625</ele>
        <time>2026-07-27T07:08:55.000Z</time>
        <extensions>
          <ns3:TrackPointExtension>
            <ns3:hr>123</ns3:hr>
            <ns3:cad>57</ns3:cad>
          </ns3:TrackPointExtension>
        </extensions>
      </trkpt>
      <trkpt lat="45.0526616536080837249755859375" lon="6.26308302395045757293701171875">
        <ele>2179.39990234375</ele>
        <time>2026-07-27T07:08:57.000Z</time>
        <extensions>
          <ns3:TrackPointExtension>
            <ns3:hr>123</ns3:hr>
            <ns3:cad>57</ns3:cad>
          </ns3:TrackPointExtension>
        </extensions>
      </trkpt>
      <trkpt lat="45.05265687592327594757080078125" lon="6.26315427012741565704345703125">
        <ele>2178.39990234375</ele>
        <time>2026-07-27T07:09:03.000Z</time>
        <extensions>
          <ns3:TrackPointExtension>
            <ns3:hr>123</ns3:hr>
            <ns3:cad>52</ns3:cad>
          </ns3:TrackPointExtension>
        </extensions>
      </trkpt>
      <trkpt lat="45.05265419371426105499267578125" lon="6.2631835229694843292236328125">
        <ele>2177.800048828125</ele>
        <time>2026-07-27T07:09:06.000Z</time>
        <extensions>
          <ns3:TrackPointExtension>
            <ns3:hr>122</ns3:hr>
            <ns3:cad>0</ns3:cad>
          </ns3:TrackPointExtension>
        </extensions>
      </trkpt>
      <trkpt lat="45.0526475720107555389404296875" lon="6.26320682466030120849609375">
        <ele>2177.199951171875</ele>
        <time>2026-07-27T07:09:08.000Z</time>
        <extensions>
          <ns3:TrackPointExtension>
            <ns3:hr>122</ns3:hr>
            <ns3:cad>0</ns3:cad>
          </ns3:TrackPointExtension>
        </extensions>
      </trkpt>
      <trkpt lat="45.05266525782644748687744140625" lon="6.26325049437582492828369140625">
        <ele>2176</ele>
        <time>2026-07-27T07:09:12.000Z</time>
        <extensions>
          <ns3:TrackPointExtension>
            <ns3:hr>122</ns3:hr>
            <ns3:cad>52</ns3:cad>
          </ns3:TrackPointExtension>
        </extensions>
      </trkpt>
      <trkpt lat="45.0527152977883815765380859375" lon="6.263306401669979095458984375">
        <ele>2175</ele>
        <time>2026-07-27T07:09:17.000Z</time>
        <extensions>
          <ns3:TrackPointExtension>
            <ns3:hr>121</ns3:hr>
            <ns3:cad>52</ns3:cad>
          </ns3:TrackPointExtension>
        </extensions>
      </trkpt>
      <trkpt lat="45.05276449955999851226806640625" lon="6.26335979439318180084228515625">
        <ele>2174.800048828125</ele>
        <time>2026-07-27T07:09:22.000Z</time>
        <extensions>
          <ns3:TrackPointExtension>
            <ns3:hr>119</ns3:hr>
            <ns3:cad>0</ns3:cad>
          </ns3:TrackPointExtension>
        </extensions>
      </trkpt>
      <trkpt lat="45.05283038131892681121826171875" lon="6.263427771627902984619140625">
        <ele>2174</ele>
        <time>2026-07-27T07:09:28.000Z</time>
        <extensions>
          <ns3:TrackPointExtension>
            <ns3:hr>119</ns3:hr>
            <ns3:cad>57</ns3:cad>
          </ns3:TrackPointExtension>
        </extensions>
      </trkpt>
      <trkpt lat="45.05291520617902278900146484375" lon="6.26350698061287403106689453125">
        <ele>2173.60009765625</ele>
        <time>2026-07-27T07:09:35.000Z</time>
        <extensions>
          <ns3:TrackPointExtension>
            <ns3:hr>122</ns3:hr>
            <ns3:cad>55</ns3:cad>
          </ns3:TrackPointExtension>
        </extensions>
      </trkpt>
      <trkpt lat="45.05294973962008953094482421875" lon="6.263544447720050811767578125">
        <ele>2173.60009765625</ele>
        <time>2026-07-27T07:09:39.000Z</time>
        <extensions>
          <ns3:TrackPointExtension>
            <ns3:hr>124</ns3:hr>
            <ns3:cad>53</ns3:cad>
          </ns3:TrackPointExtension>
        </extensions>
      </trkpt>
      <trkpt lat="45.05300254561007022857666015625" lon="6.26372206024825572967529296875">
        <ele>2173.60009765625</ele>
        <time>2026-07-27T07:09:49.000Z</time>
        <extensions>
          <ns3:TrackPointExtension>
            <ns3:hr>124</ns3:hr>
            <ns3:cad>55</ns3:cad>
          </ns3:TrackPointExtension>
        </extensions>
      </trkpt>
      <trkpt lat="45.05298444069921970367431640625" lon="6.26384661532938480377197265625">
        <ele>2173.199951171875</ele>
        <time>2026-07-27T07:09:56.000Z</time>
        <extensions>
          <ns3:TrackPointExtension>
            <ns3:hr>127</ns3:hr>
            <ns3:cad>55</ns3:cad>
          </ns3:TrackPointExtension>
        </extensions>
      </trkpt>
      <trkpt lat="45.052982680499553680419921875" lon="6.26392741687595844268798828125">
        <ele>2173</ele>
        <time>2026-07-27T07:10:00.000Z</time>
        <extensions>
          <ns3:TrackPointExtension>
            <ns3:hr>129</ns3:hr>
            <ns3:cad>57</ns3:cad>
          </ns3:TrackPointExtension>
        </extensions>
      </trkpt>
      <trkpt lat="45.05300573073327541351318359375" lon="6.26407393254339694976806640625">
        <ele>2172.39990234375</ele>
        <time>2026-07-27T07:10:09.000Z</time>
        <extensions>
          <ns3:TrackPointExtension>
            <ns3:hr>132</ns3:hr>
            <ns3:cad>0</ns3:cad>
          </ns3:TrackPointExtension>
        </extensions>
      </trkpt>
      <trkpt lat="45.05301059223711490631103515625" lon="6.26408281736075878143310546875">
        <ele>2172.199951171875</ele>
        <time>2026-07-27T07:10:10.000Z</time>
        <extensions>
          <ns3:TrackPointExtension>
            <ns3:hr>132</ns3:hr>
            <ns3:cad>0</ns3:cad>
          </ns3:TrackPointExtension>
        </extensions>
      </trkpt>
      <trkpt lat="45.0530234165489673614501953125" lon="6.26421776600182056427001953125">
        <ele>2172</ele>
        <time>2026-07-27T07:10:18.000Z</time>
        <extensions>
          <ns3:TrackPointExtension>
            <ns3:hr>130</ns3:hr>
            <ns3:cad>53</ns3:cad>
          </ns3:TrackPointExtension>
        </extensions>
      </trkpt>
      <trkpt lat="45.0530281104147434234619140625" lon="6.26425665803253650665283203125">
        <ele>2171.800048828125</ele>
        <time>2026-07-27T07:10:20.000Z</time>
        <extensions>
          <ns3:TrackPointExtension>
            <ns3:hr>130</ns3:hr>
            <ns3:cad>53</ns3:cad>
          </ns3:TrackPointExtension>
        </extensions>
      </trkpt>
      <trkpt lat="45.053057111799716949462890625" lon="6.264375261962413787841796875">
        <ele>2171.199951171875</ele>
        <time>2026-07-27T07:10:27.000Z</time>
        <extensions>
          <ns3:TrackPointExtension>
            <ns3:hr>130</ns3:hr>
            <ns3:cad>57</ns3:cad>
          </ns3:TrackPointExtension>
        </extensions>
      </trkpt>
      <trkpt lat="45.05309340544044971466064453125" lon="6.26447140239179134368896484375">
        <ele>2171.39990234375</ele>
        <time>2026-07-27T07:10:32.000Z</time>
        <extensions>
          <ns3:TrackPointExtension>
            <ns3:hr>131</ns3:hr>
            <ns3:cad>56</ns3:cad>
          </ns3:TrackPointExtension>
        </extensions>
      </trkpt>
      <trkpt lat="45.0530981831252574920654296875" lon="6.2645045109093189239501953125">
        <ele>2171.39990234375</ele>
        <time>2026-07-27T07:10:34.000Z</time>
        <extensions>
          <ns3:TrackPointExtension>
            <ns3:hr>131</ns3:hr>
            <ns3:cad>56</ns3:cad>
          </ns3:TrackPointExtension>
        </extensions>
      </trkpt>
      <trkpt lat="45.0530998595058917999267578125" lon="6.26452739350497722625732421875">
        <ele>2171</ele>
        <time>2026-07-27T07:10:36.000Z</time>
        <extensions>
          <ns3:TrackPointExtension>
            <ns3:hr>131</ns3:hr>
            <ns3:cad>55</ns3:cad>
          </ns3:TrackPointExtension>
        </extensions>
      </trkpt>
      <trkpt lat="45.0531058944761753082275390625" lon="6.2645631842315196990966796875">
        <ele>2170.60009765625</ele>
        <time>2026-07-27T07:10:38.000Z</time>
        <extensions>
          <ns3:TrackPointExtension>
            <ns3:hr>131</ns3:hr>
            <ns3:cad>0</ns3:cad>
          </ns3:TrackPointExtension>
        </extensions>
      </trkpt>
      <trkpt lat="45.053115785121917724609375" lon="6.26462261192500591278076171875">
        <ele>2169.800048828125</ele>
        <time>2026-07-27T07:10:42.000Z</time>
        <extensions>
          <ns3:TrackPointExtension>
            <ns3:hr>131</ns3:hr>
            <ns3:cad>0</ns3:cad>
          </ns3:TrackPointExtension>
        </extensions>
      </trkpt>
      <trkpt lat="45.05313514731824398040771484375" lon="6.264661587774753570556640625">
        <ele>2169.800048828125</ele>
        <time>2026-07-27T07:10:45.000Z</time>
        <extensions>
          <ns3:TrackPointExtension>
            <ns3:hr>133</ns3:hr>
            <ns3:cad>54</ns3:cad>
          </ns3:TrackPointExtension>
        </extensions>
      </trkpt>
      <trkpt lat="45.05314403213560581207275390625" lon="6.26469687558710575103759765625">
        <ele>2169.60009765625</ele>
        <time>2026-07-27T07:10:47.000Z</time>
        <extensions>
          <ns3:TrackPointExtension>
            <ns3:hr>133</ns3:hr>
            <ns3:cad>53</ns3:cad>
          </ns3:TrackPointExtension>
        </extensions>
      </trkpt>
      <trkpt lat="45.05315828137099742889404296875" lon="6.26474783755838871002197265625">
        <ele>2168.800048828125</ele>
        <time>2026-07-27T07:10:50.000Z</time>
        <extensions>
          <ns3:TrackPointExtension>
            <ns3:hr>131</ns3:hr>
            <ns3:cad>53</ns3:cad>
          </ns3:TrackPointExtension>
        </extensions>
      </trkpt>
      <trkpt lat="45.05316607654094696044921875" lon="6.2647992186248302459716796875">
        <ele>2168.60009765625</ele>
        <time>2026-07-27T07:10:53.000Z</time>
        <extensions>
          <ns3:TrackPointExtension>
            <ns3:hr>131</ns3:hr>
            <ns3:cad>53</ns3:cad>
          </ns3:TrackPointExtension>
        </extensions>
      </trkpt>
      <trkpt lat="45.05317144095897674560546875" lon="6.26481623388826847076416015625">
        <ele>2168.39990234375</ele>
        <time>2026-07-27T07:10:54.000Z</time>
        <extensions>
          <ns3:TrackPointExtension>
            <ns3:hr>131</ns3:hr>
            <ns3:cad>53</ns3:cad>
          </ns3:TrackPointExtension>
        </extensions>
      </trkpt>
      <trkpt lat="45.053197257220745086669921875" lon="6.26489569433033466339111328125">
        <ele>2167.39990234375</ele>
        <time>2026-07-27T07:10:59.000Z</time>
        <extensions>
          <ns3:TrackPointExtension>
            <ns3:hr>131</ns3:hr>
            <ns3:cad>0</ns3:cad>
          </ns3:TrackPointExtension>
        </extensions>
      </trkpt>
      <trkpt lat="45.0532110035419464111328125" lon="6.264959983527660369873046875">
        <ele>2166.800048828125</ele>
        <time>2026-07-27T07:11:03.000Z</time>
        <extensions>
          <ns3:TrackPointExtension>
            <ns3:hr>131</ns3:hr>
            <ns3:cad>0</ns3:cad>
          </ns3:TrackPointExtension>
        </extensions>
      </trkpt>
      <trkpt lat="45.0532289408147335052490234375" lon="6.2650580517947673797607421875">
        <ele>2166.199951171875</ele>
        <time>2026-07-27T07:11:09.000Z</time>
        <extensions>
          <ns3:TrackPointExtension>
            <ns3:hr>131</ns3:hr>
            <ns3:cad>61</ns3:cad>
          </ns3:TrackPointExtension>
        </extensions>
      </trkpt>
      <trkpt lat="45.053236484527587890625" lon="6.26512988470494747161865234375">
        <ele>2166</ele>
        <time>2026-07-27T07:11:13.000Z</time>
        <extensions>
          <ns3:TrackPointExtension>
            <ns3:hr>131</ns3:hr>
            <ns3:cad>60</ns3:cad>
          </ns3:TrackPointExtension>
        </extensions>
      </trkpt>
      <trkpt lat="45.053284429013729095458984375" lon="6.2653366662561893463134765625">
        <ele>2165.800048828125</ele>
        <time>2026-07-27T07:11:25.000Z</time>
        <extensions>
          <ns3:TrackPointExtension>
            <ns3:hr>130</ns3:hr>
            <ns3:cad>56</ns3:cad>
          </ns3:TrackPointExtension>
        </extensions>
      </trkpt>
      <trkpt lat="45.05332809872925281524658203125" lon="6.26559491269290447235107421875">
        <ele>2165.800048828125</ele>
        <time>2026-07-27T07:11:39.000Z</time>
        <extensions>
          <ns3:TrackPointExtension>
            <ns3:hr>130</ns3:hr>
            <ns3:cad>54</ns3:cad>
          </ns3:TrackPointExtension>
        </extensions>
      </trkpt>
      <trkpt lat="45.05333681590855121612548828125" lon="6.26578149385750293731689453125">
        <ele>2165.800048828125</ele>
        <time>2026-07-27T07:11:50.000Z</time>
        <extensions>
          <ns3:TrackPointExtension>
            <ns3:hr>131</ns3:hr>
            <ns3:cad>53</ns3:cad>
          </ns3:TrackPointExtension>
        </extensions>
      </trkpt>
      <trkpt lat="45.05333597771823406219482421875" lon="6.265798844397068023681640625">
        <ele>2165.800048828125</ele>
        <time>2026-07-27T07:11:51.000Z</time>
        <extensions>
          <ns3:TrackPointExtension>
            <ns3:hr>131</ns3:hr>
            <ns3:cad>53</ns3:cad>
          </ns3:TrackPointExtension>
        </extensions>
      </trkpt>
      <trkpt lat="45.05330027081072330474853515625" lon="6.26596589572727680206298828125">
        <ele>2166</ele>
        <time>2026-07-27T07:12:01.000Z</time>
        <extensions>
          <ns3:TrackPointExtension>
            <ns3:hr>132</ns3:hr>
            <ns3:cad>53</ns3:cad>
          </ns3:TrackPointExtension>
        </extensions>
      </trkpt>
      <trkpt lat="45.05324763245880603790283203125" lon="6.26613453961908817291259765625">
        <ele>2166.39990234375</ele>
        <time>2026-07-27T07:12:11.000Z</time>
        <extensions>
          <ns3:TrackPointExtension>
            <ns3:hr>132</ns3:hr>
            <ns3:cad>53</ns3:cad>
          </ns3:TrackPointExtension>
        </extensions>
      </trkpt>
      <trkpt lat="45.05325031466782093048095703125" lon="6.26622322015464305877685546875">
        <ele>2167.39990234375</ele>
        <time>2026-07-27T07:12:17.000Z</time>
        <extensions>
          <ns3:TrackPointExtension>
            <ns3:hr>135</ns3:hr>
            <ns3:cad>54</ns3:cad>
          </ns3:TrackPointExtension>
        </extensions>
      </trkpt>
      <trkpt lat="45.05324696190655231475830078125" lon="6.26625255681574344635009765625">
        <ele>2167.800048828125</ele>
        <time>2026-07-27T07:12:19.000Z</time>
        <extensions>
          <ns3:TrackPointExtension>
            <ns3:hr>136</ns3:hr>
            <ns3:cad>50</ns3:cad>
          </ns3:TrackPointExtension>
        </extensions>
      </trkpt>
      <trkpt lat="45.0532443635165691375732421875" lon="6.2662992440164089202880859375">
        <ele>2167.800048828125</ele>
        <time>2026-07-27T07:12:22.000Z</time>
        <extensions>
          <ns3:TrackPointExtension>
            <ns3:hr>139</ns3:hr>
            <ns3:cad>48</ns3:cad>
          </ns3:TrackPointExtension>
        </extensions>
      </trkpt>
      <trkpt lat="45.05323707126080989837646484375" lon="6.2663523852825164794921875">
        <ele>2167.39990234375</ele>
        <time>2026-07-27T07:12:26.000Z</time>
        <extensions>
          <ns3:TrackPointExtension>
            <ns3:hr>141</ns3:hr>
            <ns3:cad>60</ns3:cad>
          </ns3:TrackPointExtension>
        </extensions>
      </trkpt>
      <trkpt lat="45.0532430224120616912841796875" lon="6.26643083989620208740234375">
        <ele>2166.199951171875</ele>
        <time>2026-07-27T07:12:31.000Z</time>
        <extensions>
          <ns3:TrackPointExtension>
            <ns3:hr>142</ns3:hr>
            <ns3:cad>58</ns3:cad>
          </ns3:TrackPointExtension>
        </extensions>
      </trkpt>
      <trkpt lat="45.053228437900543212890625" lon="6.266531758010387420654296875">
        <ele>2165.199951171875</ele>
        <time>2026-07-27T07:12:38.000Z</time>
        <extensions>
          <ns3:TrackPointExtension>
            <ns3:hr>142</ns3:hr>
            <ns3:cad>53</ns3:cad>
          </ns3:TrackPointExtension>
        </extensions>
      </trkpt>
      <trkpt lat="45.05321360193192958831787109375" lon="6.26659822650253772735595703125">
        <ele>2164</ele>
        <time>2026-07-27T07:12:44.000Z</time>
        <extensions>
          <ns3:TrackPointExtension>
            <ns3:hr>141</ns3:hr>
            <ns3:cad>0</ns3:cad>
          </ns3:TrackPointExtension>
        </extensions>
      </trkpt>
      <trkpt lat="45.05320874042809009552001953125" lon="6.26661985181272029876708984375">
        <ele>2163.199951171875</ele>
        <time>2026-07-27T07:12:47.000Z</time>
        <extensions>
          <ns3:TrackPointExtension>
            <ns3:hr>141</ns3:hr>
            <ns3:cad>0</ns3:cad>
          </ns3:TrackPointExtension>
        </extensions>
      </trkpt>
      <trkpt lat="45.053208656609058380126953125" lon="6.26662102527916431427001953125">
        <ele>2163</ele>
        <time>2026-07-27T07:12:48.000Z</time>
        <extensions>
          <ns3:TrackPointExtension>
            <ns3:hr>141</ns3:hr>
            <ns3:cad>0</ns3:cad>
          </ns3:TrackPointExtension>
        </extensions>
      </trkpt>
      <trkpt lat="45.05320656113326549530029296875" lon="6.26662270165979862213134765625">
        <ele>2162.800048828125</ele>
        <time>2026-07-27T07:12:53.000Z</time>
        <extensions>
          <ns3:TrackPointExtension>
            <ns3:hr>138</ns3:hr>
            <ns3:cad>0</ns3:cad>
          </ns3:TrackPointExtension>
        </extensions>
      </trkpt>
      <trkpt lat="45.053207986056804656982421875" lon="6.26662186346948146820068359375">
        <ele>2162.800048828125</ele>
        <time>2026-07-27T07:12:54.000Z</time>
        <extensions>
          <ns3:TrackPointExtension>
            <ns3:hr>134</ns3:hr>
            <ns3:cad>0</ns3:cad>
          </ns3:TrackPointExtension>
        </extensions>
      </trkpt>
      <trkpt lat="45.05321301519870758056640625" lon="6.26661725342273712158203125">
        <ele>2163</ele>
        <time>2026-07-27T07:13:01.000Z</time>
        <extensions>
          <ns3:TrackPointExtension>
            <ns3:hr>131</ns3:hr>
            <ns3:cad>0</ns3:cad>
          </ns3:TrackPointExtension>
        </extensions>
      </trkpt>
      <trkpt lat="45.05321301519870758056640625" lon="6.26661725342273712158203125">
        <ele>2163</ele>
        <time>2026-07-27T07:13:04.000Z</time>
        <extensions>
          <ns3:TrackPointExtension>
            <ns3:hr>131</ns3:hr>
            <ns3:cad>0</ns3:cad>
          </ns3:TrackPointExtension>
        </extensions>
      </trkpt>
      <trkpt lat="45.05321301519870758056640625" lon="6.26661901362240314483642578125">
        <ele>2163</ele>
        <time>2026-07-27T07:13:12.000Z</time>
        <extensions>
          <ns3:TrackPointExtension>
            <ns3:hr>127</ns3:hr>
            <ns3:cad>0</ns3:cad>
          </ns3:TrackPointExtension>
        </extensions>
      </trkpt>
      <trkpt lat="45.053212679922580718994140625" lon="6.2666194327175617218017578125">
        <ele>2163</ele>
        <time>2026-07-27T07:13:14.000Z</time>
        <extensions>
          <ns3:TrackPointExtension>
            <ns3:hr>124</ns3:hr>
            <ns3:cad>0</ns3:cad>
          </ns3:TrackPointExtension>
        </extensions>
      </trkpt>
      <trkpt lat="45.05321259610354900360107421875" lon="6.26661951653659343719482421875">
        <ele>2162.800048828125</ele>
        <time>2026-07-27T07:13:15.000Z</time>
        <extensions>
          <ns3:TrackPointExtension>
            <ns3:hr>121</ns3:hr>
            <ns3:cad>0</ns3:cad>
          </ns3:TrackPointExtension>
        </extensions>
      </trkpt>
      <trkpt lat="45.0532125122845172882080078125" lon="6.26662035472691059112548828125">
        <ele>2162.800048828125</ele>
        <time>2026-07-27T07:13:16.000Z</time>
        <extensions>
          <ns3:TrackPointExtension>
            <ns3:hr>121</ns3:hr>
            <ns3:cad>0</ns3:cad>
          </ns3:TrackPointExtension>
        </extensions>
      </trkpt>
      <trkpt lat="45.053212679922580718994140625" lon="6.26662152819335460662841796875">
        <ele>2162.800048828125</ele>
        <time>2026-07-27T07:13:25.000Z</time>
        <extensions>
          <ns3:TrackPointExtension>
            <ns3:hr>118</ns3:hr>
            <ns3:cad>0</ns3:cad>
          </ns3:TrackPointExtension>
        </extensions>
      </trkpt>
      <trkpt lat="45.0532101653516292572021484375" lon="6.2666258029639720916748046875">
        <ele>2161.800048828125</ele>
        <time>2026-07-27T07:13:42.000Z</time>
        <extensions>
          <ns3:TrackPointExtension>
            <ns3:hr>118</ns3:hr>
            <ns3:cad>83</ns3:cad>
          </ns3:TrackPointExtension>
        </extensions>
      </trkpt>
      <trkpt lat="45.05317923612892627716064453125" lon="6.2666901759803295135498046875">
        <ele>2161</ele>
        <time>2026-07-27T07:13:46.000Z</time>
        <extensions>
          <ns3:TrackPointExtension>
            <ns3:hr>118</ns3:hr>
            <ns3:cad>83</ns3:cad>
          </ns3:TrackPointExtension>
        </extensions>
      </trkpt>
      <trkpt lat="45.05317001603543758392333984375" lon="6.2667216919362545013427734375">
        <ele>2160.39990234375</ele>
        <time>2026-07-27T07:13:48.000Z</time>
        <extensions>
          <ns3:TrackPointExtension>
            <ns3:hr>118</ns3:hr>
            <ns3:cad>83</ns3:cad>
          </ns3:TrackPointExtension>
        </extensions>
      </trkpt>
      <trkpt lat="45.0531511567533016204833984375" lon="6.2668209336698055267333984375">
        <ele>2159.800048828125</ele>
        <time>2026-07-27T07:13:54.000Z</time>
        <extensions>
          <ns3:TrackPointExtension>
            <ns3:hr>121</ns3:hr>
            <ns3:cad>62</ns3:cad>
          </ns3:TrackPointExtension>
        </extensions>
      </trkpt>
      <trkpt lat="45.053148306906223297119140625" lon="6.26683585345745086669921875">
        <ele>2159.60009765625</ele>
        <time>2026-07-27T07:13:55.000Z</time>
        <extensions>
          <ns3:TrackPointExtension>
            <ns3:hr>122</ns3:hr>
            <ns3:cad>61</ns3:cad>
          </ns3:TrackPointExtension>
        </extensions>
      </trkpt>
      <trkpt lat="45.05314503796398639678955078125" lon="6.26684968359768390655517578125">
        <ele>2159.199951171875</ele>
        <time>2026-07-27T07:13:56.000Z</time>
        <extensions>
          <ns3:TrackPointExtension>
            <ns3:hr>125</ns3:hr>
            <ns3:cad>61</ns3:cad>
          </ns3:TrackPointExtension>
        </extensions>
      </trkpt>
      <trkpt lat="45.05314051173627376556396484375" lon="6.26692009158432483673095703125">
        <ele>2158.199951171875</ele>
        <time>2026-07-27T07:14:01.000Z</time>
        <extensions>
          <ns3:TrackPointExtension>
            <ns3:hr>127</ns3:hr>
            <ns3:cad>61</ns3:cad>
          </ns3:TrackPointExtension>
        </extensions>
      </trkpt>
      <trkpt lat="45.05313531495630741119384765625" lon="6.2669781781733036041259765625">
        <ele>2157.199951171875</ele>
        <time>2026-07-27T07:14:05.000Z</time>
        <extensions>
          <ns3:TrackPointExtension>
            <ns3:hr>126</ns3:hr>
            <ns3:cad>61</ns3:cad>
          </ns3:TrackPointExtension>
        </extensions>
      </trkpt>
      <trkpt lat="45.053134895861148834228515625" lon="6.266993768513202667236328125">
        <ele>2157</ele>
        <time>2026-07-27T07:14:06.000Z</time>
        <extensions>
          <ns3:TrackPointExtension>
            <ns3:hr>126</ns3:hr>
            <ns3:cad>64</ns3:cad>
          </ns3:TrackPointExtension>
        </extensions>
      </trkpt>
      <trkpt lat="45.05313313566148281097412109375" lon="6.2670425511896610260009765625">
        <ele>2155.800048828125</ele>
        <time>2026-07-27T07:14:10.000Z</time>
        <extensions>
          <ns3:TrackPointExtension>
            <ns3:hr>124</ns3:hr>
            <ns3:cad>64</ns3:cad>
          </ns3:TrackPointExtension>
        </extensions>
      </trkpt>
      <trkpt lat="45.05314453504979610443115234375" lon="6.2670804373919963836669921875">
        <ele>2154.60009765625</ele>
        <time>2026-07-27T07:14:13.000Z</time>
        <extensions>
          <ns3:TrackPointExtension>
            <ns3:hr>123</ns3:hr>
            <ns3:cad>64</ns3:cad>
          </ns3:TrackPointExtension>
        </extensions>
      </trkpt>
      <trkpt lat="45.053148977458477020263671875" lon="6.2671109475195407867431640625">
        <ele>2154.39990234375</ele>
        <time>2026-07-27T07:14:15.000Z</time>
        <extensions>
          <ns3:TrackPointExtension>
            <ns3:hr>122</ns3:hr>
            <ns3:cad>58</ns3:cad>
          </ns3:TrackPointExtension>
        </extensions>
      </trkpt>
      <trkpt lat="45.05314704962074756622314453125" lon="6.26713768579065799713134765625">
        <ele>2153.60009765625</ele>
        <time>2026-07-27T07:14:17.000Z</time>
        <extensions>
          <ns3:TrackPointExtension>
            <ns3:hr>122</ns3:hr>
            <ns3:cad>57</ns3:cad>
          </ns3:TrackPointExtension>
        </extensions>
      </trkpt>
      <trkpt lat="45.05314654670655727386474609375" lon="6.26720725558698177337646484375">
        <ele>2152.39990234375</ele>
        <time>2026-07-27T07:14:21.000Z</time>
        <extensions>
          <ns3:TrackPointExtension>
            <ns3:hr>122</ns3:hr>
            <ns3:cad>60</ns3:cad>
          </ns3:TrackPointExtension>
        </extensions>
      </trkpt>
      <trkpt lat="45.0531360693275928497314453125" lon="6.2672697007656097412109375">
        <ele>2151</ele>
        <time>2026-07-27T07:14:25.000Z</time>
        <extensions>
          <ns3:TrackPointExtension>
            <ns3:hr>121</ns3:hr>
            <ns3:cad>57</ns3:cad>
          </ns3:TrackPointExtension>
        </extensions>
      </trkpt>
      <trkpt lat="45.0531239993870258331298828125" lon="6.26728906296193599700927734375">
        <ele>2150.39990234375</ele>
        <time>2026-07-27T07:14:27.000Z</time>
        <extensions>
          <ns3:TrackPointExtension>
            <ns3:hr>121</ns3:hr>
            <ns3:cad>60</ns3:cad>
          </ns3:TrackPointExtension>
        </extensions>
      </trkpt>
      <trkpt lat="45.05311779677867889404296875" lon="6.2673007138073444366455078125">
        <ele>2150</ele>
        <time>2026-07-27T07:14:28.000Z</time>
        <extensions>
          <ns3:TrackPointExtension>
            <ns3:hr>121</ns3:hr>
            <ns3:cad>60</ns3:cad>
          </ns3:TrackPointExtension>
        </extensions>
      </trkpt>
      <trkpt lat="45.05309893749654293060302734375" lon="6.26734723336994647979736328125">
        <ele>2149</ele>
        <time>2026-07-27T07:14:31.000Z</time>
        <extensions>
          <ns3:TrackPointExtension>
            <ns3:hr>121</ns3:hr>
            <ns3:cad>62</ns3:cad>
          </ns3:TrackPointExtension>
        </extensions>
      </trkpt>
      <trkpt lat="45.05308133549988269805908203125" lon="6.26739266328513622283935546875">
        <ele>2148</ele>
        <time>2026-07-27T07:14:34.000Z</time>
        <extensions>
          <ns3:TrackPointExtension>
            <ns3:hr>121</ns3:hr>
            <ns3:cad>68</ns3:cad>
          </ns3:TrackPointExtension>
        </extensions>
      </trkpt>
      <trkpt lat="45.05306406877934932708740234375" lon="6.26744278706610202789306640625">
        <ele>2147</ele>
        <time>2026-07-27T07:14:38.000Z</time>
        <extensions>
          <ns3:TrackPointExtension>
            <ns3:hr>121</ns3:hr>
            <ns3:cad>68</ns3:cad>
          </ns3:TrackPointExtension>
        </extensions>
      </trkpt>
      <trkpt lat="45.0530670024454593658447265625" lon="6.267469860613346099853515625">
        <ele>2146.60009765625</ele>
        <time>2026-07-27T07:14:40.000Z</time>
        <extensions>
          <ns3:TrackPointExtension>
            <ns3:hr>120</ns3:hr>
            <ns3:cad>68</ns3:cad>
          </ns3:TrackPointExtension>
        </extensions>
      </trkpt>
      <trkpt lat="45.05310170352458953857421875" lon="6.26750246621668338775634765625">
        <ele>2145.800048828125</ele>
        <time>2026-07-27T07:14:44.000Z</time>
        <extensions>
          <ns3:TrackPointExtension>
            <ns3:hr>120</ns3:hr>
            <ns3:cad>0</ns3:cad>
          </ns3:TrackPointExtension>
        </extensions>
      </trkpt>
      <trkpt lat="45.05312290973961353302001953125" lon="6.26751638017594814300537109375">
        <ele>2144.800048828125</ele>
        <time>2026-07-27T07:14:46.000Z</time>
        <extensions>
          <ns3:TrackPointExtension>
            <ns3:hr>120</ns3:hr>
            <ns3:cad>0</ns3:cad>
          </ns3:TrackPointExtension>
        </extensions>
      </trkpt>
      <trkpt lat="45.05313162691891193389892578125" lon="6.26752761192619800567626953125">
        <ele>2144.60009765625</ele>
        <time>2026-07-27T07:14:47.000Z</time>
        <extensions>
          <ns3:TrackPointExtension>
            <ns3:hr>120</ns3:hr>
            <ns3:cad>0</ns3:cad>
          </ns3:TrackPointExtension>
        </extensions>
      </trkpt>
      <trkpt lat="45.05316901020705699920654296875" lon="6.26761629246175289154052734375">
        <ele>2143.39990234375</ele>
        <time>2026-07-27T07:14:55.000Z</time>
        <extensions>
          <ns3:TrackPointExtension>
            <ns3:hr>120</ns3:hr>
            <ns3:cad>57</ns3:cad>
          </ns3:TrackPointExtension>
        </extensions>
      </trkpt>
      <trkpt lat="45.05316347815096378326416015625" lon="6.267627775669097900390625">
        <ele>2143</ele>
        <time>2026-07-27T07:14:56.000Z</time>
        <extensions>
          <ns3:TrackPointExtension>
            <ns3:hr>120</ns3:hr>
            <ns3:cad>57</ns3:cad>
          </ns3:TrackPointExtension>
        </extensions>
      </trkpt>
      <trkpt lat="45.05312156863510608673095703125" lon="6.2676923163235187530517578125">
        <ele>2142.199951171875</ele>
        <time>2026-07-27T07:15:01.000Z</time>
        <extensions>
          <ns3:TrackPointExtension>
            <ns3:hr>119</ns3:hr>
            <ns3:cad>57</ns3:cad>
          </ns3:TrackPointExtension>
        </extensions>
      </trkpt>
      <trkpt lat="45.0531099177896976470947265625" lon="6.26770866103470325469970703125">
        <ele>2141.800048828125</ele>
        <time>2026-07-27T07:15:02.000Z</time>
        <extensions>
          <ns3:TrackPointExtension>
            <ns3:hr>119</ns3:hr>
            <ns3:cad>57</ns3:cad>
          </ns3:TrackPointExtension>
        </extensions>
      </trkpt>
      <trkpt lat="45.05308284424245357513427734375" lon="6.2677489779889583587646484375">
        <ele>2141.199951171875</ele>
        <time>2026-07-27T07:15:05.000Z</time>
        <extensions>
          <ns3:TrackPointExtension>
            <ns3:hr>119</ns3:hr>
            <ns3:cad>0</ns3:cad>
          </ns3:TrackPointExtension>
        </extensions>
      </trkpt>
      <trkpt lat="45.0530602969229221343994140625" lon="6.2678034603595733642578125">
        <ele>2140.199951171875</ele>
        <time>2026-07-27T07:15:09.000Z</time>
        <extensions>
          <ns3:TrackPointExtension>
            <ns3:hr>119</ns3:hr>
            <ns3:cad>57</ns3:cad>
          </ns3:TrackPointExtension>
        </extensions>
      </trkpt>
      <trkpt lat="45.05304898135364055633544921875" lon="6.26783422194421291351318359375">
        <ele>2139.60009765625</ele>
        <time>2026-07-27T07:15:11.000Z</time>
        <extensions>
          <ns3:TrackPointExtension>
            <ns3:hr>119</ns3:hr>
            <ns3:cad>57</ns3:cad>
          </ns3:TrackPointExtension>
        </extensions>
      </trkpt>
      <trkpt lat="45.0530234165489673614501953125" lon="6.2678777240216732025146484375">
        <ele>2138.800048828125</ele>
        <time>2026-07-27T07:15:14.000Z</time>
        <extensions>
          <ns3:TrackPointExtension>
            <ns3:hr>120</ns3:hr>
            <ns3:cad>55</ns3:cad>
          </ns3:TrackPointExtension>
        </extensions>
      </trkpt>
      <trkpt lat="45.05299315787851810455322265625" lon="6.26792591996490955352783203125">
        <ele>2137.60009765625</ele>
        <time>2026-07-27T07:15:18.000Z</time>
        <extensions>
          <ns3:TrackPointExtension>
            <ns3:hr>119</ns3:hr>
            <ns3:cad>57</ns3:cad>
          </ns3:TrackPointExtension>
        </extensions>
      </trkpt>
      <trkpt lat="45.05296633578836917877197265625" lon="6.267954669892787933349609375">
        <ele>2137</ele>
        <time>2026-07-27T07:15:21.000Z</time>
        <extensions>
          <ns3:TrackPointExtension>
            <ns3:hr>119</ns3:hr>
            <ns3:cad>57</ns3:cad>
          </ns3:TrackPointExtension>
        </extensions>
      </trkpt>
      <trkpt lat="45.05294806323945522308349609375" lon="6.267976798117160797119140625">
        <ele>2136.39990234375</ele>
        <time>2026-07-27T07:15:23.000Z</time>
        <extensions>
          <ns3:TrackPointExtension>
            <ns3:hr>118</ns3:hr>
            <ns3:cad>58</ns3:cad>
          </ns3:TrackPointExtension>
        </extensions>
      </trkpt>
      <trkpt lat="45.0529087521135807037353515625" lon="6.26803622581064701080322265625">
        <ele>2135.199951171875</ele>
        <time>2026-07-27T07:15:28.000Z</time>
        <extensions>
          <ns3:TrackPointExtension>
            <ns3:hr>118</ns3:hr>
            <ns3:cad>52</ns3:cad>
          </ns3:TrackPointExtension>
        </extensions>
      </trkpt>
      <trkpt lat="45.052895843982696533203125" lon="6.2681013531982898712158203125">
        <ele>2134</ele>
        <time>2026-07-27T07:15:32.000Z</time>
        <extensions>
          <ns3:TrackPointExtension>
            <ns3:hr>118</ns3:hr>
            <ns3:cad>0</ns3:cad>
          </ns3:TrackPointExtension>
        </extensions>
      </trkpt>
      <trkpt lat="45.0528903119266033172607421875" lon="6.2681171111762523651123046875">
        <ele>2133.800048828125</ele>
        <time>2026-07-27T07:15:33.000Z</time>
        <extensions>
          <ns3:TrackPointExtension>
            <ns3:hr>118</ns3:hr>
            <ns3:cad>0</ns3:cad>
          </ns3:TrackPointExtension>
        </extensions>
      </trkpt>
      <trkpt lat="45.0528725422918796539306640625" lon="6.2682130001485347747802734375">
        <ele>2133</ele>
        <time>2026-07-27T07:15:39.000Z</time>
        <extensions>
          <ns3:TrackPointExtension>
            <ns3:hr>118</ns3:hr>
            <ns3:cad>0</ns3:cad>
          </ns3:TrackPointExtension>
        </extensions>
      </trkpt>
      <trkpt lat="45.0528648309409618377685546875" lon="6.2682817317545413970947265625">
        <ele>2132.199951171875</ele>
        <time>2026-07-27T07:15:43.000Z</time>
        <extensions>
          <ns3:TrackPointExtension>
            <ns3:hr>117</ns3:hr>
            <ns3:cad>0</ns3:cad>
          </ns3:TrackPointExtension>
        </extensions>
      </trkpt>
      <trkpt lat="45.0528601370751857757568359375" lon="6.2683001719415187835693359375">
        <ele>2131.800048828125</ele>
        <time>2026-07-27T07:15:44.000Z</time>
        <extensions>
          <ns3:TrackPointExtension>
            <ns3:hr>117</ns3:hr>
            <ns3:cad>0</ns3:cad>
          </ns3:TrackPointExtension>
        </extensions>
      </trkpt>
      <trkpt lat="45.05287111736834049224853515625" lon="6.26844425685703754425048828125">
        <ele>2130.60009765625</ele>
        <time>2026-07-27T07:15:52.000Z</time>
        <extensions>
          <ns3:TrackPointExtension>
            <ns3:hr>117</ns3:hr>
            <ns3:cad>57</ns3:cad>
          </ns3:TrackPointExtension>
        </extensions>
      </trkpt>
      <trkpt lat="45.0528722070157527923583984375" lon="6.2684577517211437225341796875">
        <ele>2130.39990234375</ele>
        <time>2026-07-27T07:15:53.000Z</time>
        <extensions>
          <ns3:TrackPointExtension>
            <ns3:hr>117</ns3:hr>
            <ns3:cad>57</ns3:cad>
          </ns3:TrackPointExtension>
        </extensions>
      </trkpt>
      <trkpt lat="45.05287346430122852325439453125" lon="6.26846940256655216217041015625">
        <ele>2130.199951171875</ele>
        <time>2026-07-27T07:15:58.000Z</time>
        <extensions>
          <ns3:TrackPointExtension>
            <ns3:hr>117</ns3:hr>
            <ns3:cad>0</ns3:cad>
          </ns3:TrackPointExtension>
        </extensions>
      </trkpt>
      <trkpt lat="45.0528735481202602386474609375" lon="6.26847091130912303924560546875">
        <ele>2130.199951171875</ele>
        <time>2026-07-27T07:16:00.000Z</time>
        <extensions>
          <ns3:TrackPointExtension>
            <ns3:hr>121</ns3:hr>
            <ns3:cad>0</ns3:cad>
          </ns3:TrackPointExtension>
        </extensions>
      </trkpt>
      <trkpt lat="45.05287371575832366943359375" lon="6.2684713304042816162109375">
        <ele>2130.199951171875</ele>
        <time>2026-07-27T07:16:01.000Z</time>
        <extensions>
          <ns3:TrackPointExtension>
            <ns3:hr>128</ns3:hr>
            <ns3:cad>0</ns3:cad>
          </ns3:TrackPointExtension>
        </extensions>
      </trkpt>
      <trkpt lat="45.052874386310577392578125" lon="6.26847200095653533935546875">
        <ele>2130</ele>
        <time>2026-07-27T07:16:03.000Z</time>
        <extensions>
          <ns3:TrackPointExtension>
            <ns3:hr>131</ns3:hr>
            <ns3:cad>0</ns3:cad>
          </ns3:TrackPointExtension>
        </extensions>
      </trkpt>
      <trkpt lat="45.05287430249154567718505859375" lon="6.26847208477556705474853515625">
        <ele>2129.60009765625</ele>
        <time>2026-07-27T07:16:13.000Z</time>
        <extensions>
          <ns3:TrackPointExtension>
            <ns3:hr>129</ns3:hr>
            <ns3:cad>0</ns3:cad>
          </ns3:TrackPointExtension>
        </extensions>
      </trkpt>
      <trkpt lat="45.05286843515932559967041015625" lon="6.26855707727372646331787109375">
        <ele>2128.800048828125</ele>
        <time>2026-07-27T07:16:22.000Z</time>
        <extensions>
          <ns3:TrackPointExtension>
            <ns3:hr>127</ns3:hr>
            <ns3:cad>53</ns3:cad>
          </ns3:TrackPointExtension>
        </extensions>
      </trkpt>
      <trkpt lat="45.05286742933094501495361328125" lon="6.2685767747461795806884765625">
        <ele>2128.39990234375</ele>
        <time>2026-07-27T07:16:23.000Z</time>
        <extensions>
          <ns3:TrackPointExtension>
            <ns3:hr>127</ns3:hr>
            <ns3:cad>53</ns3:cad>
          </ns3:TrackPointExtension>
        </extensions>
      </trkpt>
      <trkpt lat="45.0528651662170886993408203125" lon="6.26868632622063159942626953125">
        <ele>2128.199951171875</ele>
        <time>2026-07-27T07:16:29.000Z</time>
        <extensions>
          <ns3:TrackPointExtension>
            <ns3:hr>124</ns3:hr>
            <ns3:cad>0</ns3:cad>
          </ns3:TrackPointExtension>
        </extensions>
      </trkpt>
      <trkpt lat="45.05286323837935924530029296875" lon="6.2687578238546848297119140625">
        <ele>2128.199951171875</ele>
        <time>2026-07-27T07:16:34.000Z</time>
        <extensions>
          <ns3:TrackPointExtension>
            <ns3:hr>121</ns3:hr>
            <ns3:cad>0</ns3:cad>
          </ns3:TrackPointExtension>
        </extensions>
      </trkpt>
      <trkpt lat="45.05286374129354953765869140625" lon="6.268770396709442138671875">
        <ele>2128.199951171875</ele>
        <time>2026-07-27T07:16:35.000Z</time>
        <extensions>
          <ns3:TrackPointExtension>
            <ns3:hr>121</ns3:hr>
            <ns3:cad>0</ns3:cad>
          </ns3:TrackPointExtension>
        </extensions>
      </trkpt>
      <trkpt lat="45.05285921506583690643310546875" lon="6.26883544027805328369140625">
        <ele>2127.199951171875</ele>
        <time>2026-07-27T07:16:39.000Z</time>
        <extensions>
          <ns3:TrackPointExtension>
            <ns3:hr>122</ns3:hr>
            <ns3:cad>0</ns3:cad>
          </ns3:TrackPointExtension>
        </extensions>
      </trkpt>
      <trkpt lat="45.05282786674797534942626953125" lon="6.2689278088510036468505859375">
        <ele>2126.199951171875</ele>
        <time>2026-07-27T07:16:45.000Z</time>
        <extensions>
          <ns3:TrackPointExtension>
            <ns3:hr>122</ns3:hr>
            <ns3:cad>0</ns3:cad>
          </ns3:TrackPointExtension>
        </extensions>
      </trkpt>
      <trkpt lat="45.05281764082610607147216796875" lon="6.268973238766193389892578125">
        <ele>2126</ele>
        <time>2026-07-27T07:16:49.000Z</time>
        <extensions>
          <ns3:TrackPointExtension>
            <ns3:hr>122</ns3:hr>
            <ns3:cad>0</ns3:cad>
          </ns3:TrackPointExtension>
        </extensions>
      </trkpt>
      <trkpt lat="45.0528091751039028167724609375" lon="6.2690153159201145172119140625">
        <ele>2125</ele>
        <time>2026-07-27T07:16:53.000Z</time>
        <extensions>
          <ns3:TrackPointExtension>
            <ns3:hr>122</ns3:hr>
            <ns3:cad>0</ns3:cad>
          </ns3:TrackPointExtension>
        </extensions>
      </trkpt>
      <trkpt lat="45.0527966022491455078125" lon="6.26906585879623889923095703125">
        <ele>2124</ele>
        <time>2026-07-27T07:16:57.000Z</time>
        <extensions>
          <ns3:TrackPointExtension>
            <ns3:hr>122</ns3:hr>
            <ns3:cad>0</ns3:cad>
          </ns3:TrackPointExtension>
        </extensions>
      </trkpt>
      <trkpt lat="45.05276986397802829742431640625" lon="6.26913123764097690582275390625">
        <ele>2123</ele>
        <time>2026-07-27T07:17:05.000Z</time>
        <extensions>
          <ns3:TrackPointExtension>
            <ns3:hr>121</ns3:hr>
            <ns3:cad>0</ns3:cad>
          </ns3:TrackPointExtension>
        </extensions>
      </trkpt>
      <trkpt lat="45.0527672655880451202392578125" lon="6.26913878135383129119873046875">
        <ele>2122.800048828125</ele>
        <time>2026-07-27T07:17:06.000Z</time>
        <extensions>
          <ns3:TrackPointExtension>
            <ns3:hr>121</ns3:hr>
            <ns3:cad>0</ns3:cad>
          </ns3:TrackPointExtension>
        </extensions>
      </trkpt>
      <trkpt lat="45.052777826786041259765625" lon="6.269170381128787994384765625">
        <ele>2121.800048828125</ele>
        <time>2026-07-27T07:17:12.000Z</time>
        <extensions>
          <ns3:TrackPointExtension>
            <ns3:hr>120</ns3:hr>
            <ns3:cad>51</ns3:cad>
          </ns3:TrackPointExtension>
        </extensions>
      </trkpt>
      <trkpt lat="45.05278344266116619110107421875" lon="6.26917465589940547943115234375">
        <ele>2121.60009765625</ele>
        <time>2026-07-27T07:17:13.000Z</time>
        <extensions>
          <ns3:TrackPointExtension>
            <ns3:hr>120</ns3:hr>
            <ns3:cad>0</ns3:cad>
          </ns3:TrackPointExtension>
        </extensions>
      </trkpt>
      <trkpt lat="45.0527967698872089385986328125" lon="6.26921170391142368316650390625">
        <ele>2120.39990234375</ele>
        <time>2026-07-27T07:17:17.000Z</time>
        <extensions>
          <ns3:TrackPointExtension>
            <ns3:hr>119</ns3:hr>
            <ns3:cad>0</ns3:cad>
          </ns3:TrackPointExtension>
        </extensions>
      </trkpt>
      <trkpt lat="45.052789561450481414794921875" lon="6.26924053765833377838134765625">
        <ele>2119.60009765625</ele>
        <time>2026-07-27T07:17:20.000Z</time>
        <extensions>
          <ns3:TrackPointExtension>
            <ns3:hr>119</ns3:hr>
            <ns3:cad>55</ns3:cad>
          </ns3:TrackPointExtension>
        </extensions>
      </trkpt>
      <trkpt lat="45.0527858734130859375" lon="6.26925579272210597991943359375">
        <ele>2119.199951171875</ele>
        <time>2026-07-27T07:17:21.000Z</time>
        <extensions>
          <ns3:TrackPointExtension>
            <ns3:hr>119</ns3:hr>
            <ns3:cad>55</ns3:cad>
          </ns3:TrackPointExtension>
        </extensions>
      </trkpt>
      <trkpt lat="45.052756369113922119140625" lon="6.26932703889906406402587890625">
        <ele>2118.199951171875</ele>
        <time>2026-07-27T07:17:27.000Z</time>
        <extensions>
          <ns3:TrackPointExtension>
            <ns3:hr>118</ns3:hr>
            <ns3:cad>53</ns3:cad>
          </ns3:TrackPointExtension>
        </extensions>
      </trkpt>
      <trkpt lat="45.05273013375699520111083984375" lon="6.2693841196596622467041015625">
        <ele>2117</ele>
        <time>2026-07-27T07:17:31.000Z</time>
        <extensions>
          <ns3:TrackPointExtension>
            <ns3:hr>118</ns3:hr>
            <ns3:cad>53</ns3:cad>
          </ns3:TrackPointExtension>
        </extensions>
      </trkpt>
      <trkpt lat="45.0527226738631725311279296875" lon="6.26939794979989528656005859375">
        <ele>2117</ele>
        <time>2026-07-27T07:17:32.000Z</time>
        <extensions>
          <ns3:TrackPointExtension>
            <ns3:hr>117</ns3:hr>
            <ns3:cad>53</ns3:cad>
          </ns3:TrackPointExtension>
        </extensions>
      </trkpt>
      <trkpt lat="45.05267389118671417236328125" lon="6.26948176883161067962646484375">
        <ele>2116</ele>
        <time>2026-07-27T07:17:39.000Z</time>
        <extensions>
          <ns3:TrackPointExtension>
            <ns3:hr>116</ns3:hr>
            <ns3:cad>52</ns3:cad>
          </ns3:TrackPointExtension>
        </extensions>
      </trkpt>
      <trkpt lat="45.052642039954662322998046875" lon="6.269506998360157012939453125">
        <ele>2115.60009765625</ele>
        <time>2026-07-27T07:17:42.000Z</time>
        <extensions>
          <ns3:TrackPointExtension>
            <ns3:hr>113</ns3:hr>
            <ns3:cad>0</ns3:cad>
          </ns3:TrackPointExtension>
        </extensions>
      </trkpt>
      <trkpt lat="45.0526207499206066131591796875" lon="6.26951982267200946807861328125">
        <ele>2115.39990234375</ele>
        <time>2026-07-27T07:17:44.000Z</time>
        <extensions>
          <ns3:TrackPointExtension>
            <ns3:hr>109</ns3:hr>
            <ns3:cad>57</ns3:cad>
          </ns3:TrackPointExtension>
        </extensions>
      </trkpt>
      <trkpt lat="45.0526036508381366729736328125" lon="6.2695319764316082000732421875">
        <ele>2115</ele>
        <time>2026-07-27T07:17:46.000Z</time>
        <extensions>
          <ns3:TrackPointExtension>
            <ns3:hr>108</ns3:hr>
            <ns3:cad>55</ns3:cad>
          </ns3:TrackPointExtension>
        </extensions>
      </trkpt>
      <trkpt lat="45.05257540382444858551025390625" lon="6.26960456371307373046875">
        <ele>2114</ele>
        <time>2026-07-27T07:17:51.000Z</time>
        <extensions>
          <ns3:TrackPointExtension>
            <ns3:hr>108</ns3:hr>
            <ns3:cad>54</ns3:cad>
          </ns3:TrackPointExtension>
        </extensions>
      </trkpt>
      <trkpt lat="45.05256685428321361541748046875" lon="6.2696157954633235931396484375">
        <ele>2114</ele>
        <time>2026-07-27T07:17:52.000Z</time>
        <extensions>
          <ns3:TrackPointExtension>
            <ns3:hr>108</ns3:hr>
            <ns3:cad>54</ns3:cad>
          </ns3:TrackPointExtension>
        </extensions>
      </trkpt>
      <trkpt lat="45.0525329075753688812255859375" lon="6.2696590460836887359619140625">
        <ele>2112.800048828125</ele>
        <time>2026-07-27T07:17:56.000Z</time>
        <extensions>
          <ns3:TrackPointExtension>
            <ns3:hr>108</ns3:hr>
            <ns3:cad>53</ns3:cad>
          </ns3:TrackPointExtension>
        </extensions>
      </trkpt>
      <trkpt lat="45.05249954760074615478515625" lon="6.26970942132174968719482421875">
        <ele>2112.199951171875</ele>
        <time>2026-07-27T07:18:00.000Z</time>
        <extensions>
          <ns3:TrackPointExtension>
            <ns3:hr>109</ns3:hr>
            <ns3:cad>53</ns3:cad>
          </ns3:TrackPointExtension>
        </extensions>
      </trkpt>
      <trkpt lat="45.0524943508207798004150390625" lon="6.2697217427194118499755859375">
        <ele>2111.60009765625</ele>
        <time>2026-07-27T07:18:01.000Z</time>
        <extensions>
          <ns3:TrackPointExtension>
            <ns3:hr>108</ns3:hr>
            <ns3:cad>53</ns3:cad>
          </ns3:TrackPointExtension>
        </extensions>
      </trkpt>
      <trkpt lat="45.05243609659373760223388671875" lon="6.26982492394745349884033203125">
        <ele>2110.60009765625</ele>
        <time>2026-07-27T07:18:08.000Z</time>
        <extensions>
          <ns3:TrackPointExtension>
            <ns3:hr>109</ns3:hr>
            <ns3:cad>79</ns3:cad>
          </ns3:TrackPointExtension>
        </extensions>
      </trkpt>
      <trkpt lat="45.05242369137704372406005859375" lon="6.269851662218570709228515625">
        <ele>2110.199951171875</ele>
        <time>2026-07-27T07:18:10.000Z</time>
        <extensions>
          <ns3:TrackPointExtension>
            <ns3:hr>108</ns3:hr>
            <ns3:cad>53</ns3:cad>
          </ns3:TrackPointExtension>
        </extensions>
      </trkpt>
      <trkpt lat="45.05241899751126766204833984375" lon="6.26987613737583160400390625">
        <ele>2109.800048828125</ele>
        <time>2026-07-27T07:18:12.000Z</time>
        <extensions>
          <ns3:TrackPointExtension>
            <ns3:hr>108</ns3:hr>
            <ns3:cad>53</ns3:cad>
          </ns3:TrackPointExtension>
        </extensions>
      </trkpt>
      <trkpt lat="45.05240969359874725341796875" lon="6.26990924589335918426513671875">
        <ele>2109.60009765625</ele>
        <time>2026-07-27T07:18:14.000Z</time>
        <extensions>
          <ns3:TrackPointExtension>
            <ns3:hr>109</ns3:hr>
            <ns3:cad>53</ns3:cad>
          </ns3:TrackPointExtension>
        </extensions>
      </trkpt>
      <trkpt lat="45.0523914210498332977294921875" lon="6.26993506215512752532958984375">
        <ele>2109.199951171875</ele>
        <time>2026-07-27T07:18:16.000Z</time>
        <extensions>
          <ns3:TrackPointExtension>
            <ns3:hr>109</ns3:hr>
            <ns3:cad>53</ns3:cad>
          </ns3:TrackPointExtension>
        </extensions>
      </trkpt>
      <trkpt lat="45.05236971192061901092529296875" lon="6.269956938922405242919921875">
        <ele>2108.39990234375</ele>
        <time>2026-07-27T07:18:18.000Z</time>
        <extensions>
          <ns3:TrackPointExtension>
            <ns3:hr>109</ns3:hr>
            <ns3:cad>53</ns3:cad>
          </ns3:TrackPointExtension>
        </extensions>
      </trkpt>
      <trkpt lat="45.05230869166553020477294921875" lon="6.27001293003559112548828125">
        <ele>2107.199951171875</ele>
        <time>2026-07-27T07:18:23.000Z</time>
        <extensions>
          <ns3:TrackPointExtension>
            <ns3:hr>112</ns3:hr>
            <ns3:cad>55</ns3:cad>
          </ns3:TrackPointExtension>
        </extensions>
      </trkpt>
      <trkpt lat="45.0522985495626926422119140625" lon="6.270026005804538726806640625">
        <ele>2107</ele>
        <time>2026-07-27T07:18:24.000Z</time>
        <extensions>
          <ns3:TrackPointExtension>
            <ns3:hr>116</ns3:hr>
            <ns3:cad>55</ns3:cad>
          </ns3:TrackPointExtension>
        </extensions>
      </trkpt>
      <trkpt lat="45.05228119902312755584716796875" lon="6.27005341462790966033935546875">
        <ele>2106.60009765625</ele>
        <time>2026-07-27T07:18:26.000Z</time>
        <extensions>
          <ns3:TrackPointExtension>
            <ns3:hr>121</ns3:hr>
            <ns3:cad>56</ns3:cad>
          </ns3:TrackPointExtension>
        </extensions>
      </trkpt>
      <trkpt lat="45.05226225592195987701416015625" lon="6.27008275128901004791259765625">
        <ele>2106.199951171875</ele>
        <time>2026-07-27T07:18:28.000Z</time>
        <extensions>
          <ns3:TrackPointExtension>
            <ns3:hr>125</ns3:hr>
            <ns3:cad>56</ns3:cad>
          </ns3:TrackPointExtension>
        </extensions>
      </trkpt>
      <trkpt lat="45.0522542931139469146728515625" lon="6.27009834162890911102294921875">
        <ele>2106</ele>
        <time>2026-07-27T07:18:29.000Z</time>
        <extensions>
          <ns3:TrackPointExtension>
            <ns3:hr>125</ns3:hr>
            <ns3:cad>56</ns3:cad>
          </ns3:TrackPointExtension>
        </extensions>
      </trkpt>
      <trkpt lat="45.0522093661129474639892578125" lon="6.2701991759240627288818359375">
        <ele>2105.199951171875</ele>
        <time>2026-07-27T07:18:35.000Z</time>
        <extensions>
          <ns3:TrackPointExtension>
            <ns3:hr>127</ns3:hr>
            <ns3:cad>57</ns3:cad>
          </ns3:TrackPointExtension>
        </extensions>
      </trkpt>
      <trkpt lat="45.0522036664187908172607421875" lon="6.2702176161110401153564453125">
        <ele>2105</ele>
        <time>2026-07-27T07:18:36.000Z</time>
        <extensions>
          <ns3:TrackPointExtension>
            <ns3:hr>128</ns3:hr>
            <ns3:cad>57</ns3:cad>
          </ns3:TrackPointExtension>
        </extensions>
      </trkpt>
      <trkpt lat="45.0521858967840671539306640625" lon="6.27029296942055225372314453125">
        <ele>2104</ele>
        <time>2026-07-27T07:18:40.000Z</time>
        <extensions>
          <ns3:TrackPointExtension>
            <ns3:hr>128</ns3:hr>
            <ns3:cad>58</ns3:cad>
          </ns3:TrackPointExtension>
        </extensions>
      </trkpt>
      <trkpt lat="45.05215697921812534332275390625" lon="6.27038517035543918609619140625">
        <ele>2103.60009765625</ele>
        <time>2026-07-27T07:18:45.000Z</time>
        <extensions>
          <ns3:TrackPointExtension>
            <ns3:hr>129</ns3:hr>
            <ns3:cad>57</ns3:cad>
          </ns3:TrackPointExtension>
        </extensions>
      </trkpt>
      <trkpt lat="45.05213585682213306427001953125" lon="6.270485334098339080810546875">
        <ele>2102.800048828125</ele>
        <time>2026-07-27T07:18:51.000Z</time>
        <extensions>
          <ns3:TrackPointExtension>
            <ns3:hr>130</ns3:hr>
            <ns3:cad>56</ns3:cad>
          </ns3:TrackPointExtension>
        </extensions>
      </trkpt>
      <trkpt lat="45.052119679749011993408203125" lon="6.27052866853773593902587890625">
        <ele>2102.199951171875</ele>
        <time>2026-07-27T07:18:54.000Z</time>
        <extensions>
          <ns3:TrackPointExtension>
            <ns3:hr>130</ns3:hr>
            <ns3:cad>56</ns3:cad>
          </ns3:TrackPointExtension>
        </extensions>
      </trkpt>
      <trkpt lat="45.052118003368377685546875" lon="6.270545013248920440673828125">
        <ele>2101.800048828125</ele>
        <time>2026-07-27T07:18:55.000Z</time>
        <extensions>
          <ns3:TrackPointExtension>
            <ns3:hr>130</ns3:hr>
            <ns3:cad>56</ns3:cad>
          </ns3:TrackPointExtension>
        </extensions>
      </trkpt>
      <trkpt lat="45.05210115574300289154052734375" lon="6.27058960497379302978515625">
        <ele>2100.800048828125</ele>
        <time>2026-07-27T07:18:58.000Z</time>
        <extensions>
          <ns3:TrackPointExtension>
            <ns3:hr>130</ns3:hr>
            <ns3:cad>56</ns3:cad>
          </ns3:TrackPointExtension>
        </extensions>
      </trkpt>
      <trkpt lat="45.05209361203014850616455078125" lon="6.2706300057470798492431640625">
        <ele>2099.39990234375</ele>
        <time>2026-07-27T07:19:01.000Z</time>
        <extensions>
          <ns3:TrackPointExtension>
            <ns3:hr>130</ns3:hr>
            <ns3:cad>0</ns3:cad>
          </ns3:TrackPointExtension>
        </extensions>
      </trkpt>
      <trkpt lat="45.05209989845752716064453125" lon="6.2706859968602657318115234375">
        <ele>2098.60009765625</ele>
        <time>2026-07-27T07:19:05.000Z</time>
        <extensions>
          <ns3:TrackPointExtension>
            <ns3:hr>129</ns3:hr>
            <ns3:cad>0</ns3:cad>
          </ns3:TrackPointExtension>
        </extensions>
      </trkpt>
      <trkpt lat="45.05210123956203460693359375" lon="6.27070317976176738739013671875">
        <ele>2098</ele>
        <time>2026-07-27T07:19:06.000Z</time>
        <extensions>
          <ns3:TrackPointExtension>
            <ns3:hr>129</ns3:hr>
            <ns3:cad>0</ns3:cad>
          </ns3:TrackPointExtension>
        </extensions>
      </trkpt>
      <trkpt lat="45.05208439193665981292724609375" lon="6.2708234600722789764404296875">
        <ele>2097.199951171875</ele>
        <time>2026-07-27T07:19:13.000Z</time>
        <extensions>
          <ns3:TrackPointExtension>
            <ns3:hr>126</ns3:hr>
            <ns3:cad>0</ns3:cad>
          </ns3:TrackPointExtension>
        </extensions>
      </trkpt>
      <trkpt lat="45.0520725734531879425048828125" lon="6.2708492763340473175048828125">
        <ele>2096.800048828125</ele>
        <time>2026-07-27T07:19:15.000Z</time>
        <extensions>
          <ns3:TrackPointExtension>
            <ns3:hr>127</ns3:hr>
            <ns3:cad>54</ns3:cad>
          </ns3:TrackPointExtension>
        </extensions>
      </trkpt>
      <trkpt lat="45.0520013272762298583984375" lon="6.27095899544656276702880859375">
        <ele>2095.800048828125</ele>
        <time>2026-07-27T07:19:23.000Z</time>
        <extensions>
          <ns3:TrackPointExtension>
            <ns3:hr>125</ns3:hr>
            <ns3:cad>57</ns3:cad>
          </ns3:TrackPointExtension>
        </extensions>
      </trkpt>
      <trkpt lat="45.05197140388190746307373046875" lon="6.27103895880281925201416015625">
        <ele>2094.60009765625</ele>
        <time>2026-07-27T07:19:28.000Z</time>
        <extensions>
          <ns3:TrackPointExtension>
            <ns3:hr>124</ns3:hr>
            <ns3:cad>58</ns3:cad>
          </ns3:TrackPointExtension>
        </extensions>
      </trkpt>
      <trkpt lat="45.051956735551357269287109375" lon="6.27112043090164661407470703125">
        <ele>2094.39990234375</ele>
        <time>2026-07-27T07:19:32.000Z</time>
        <extensions>
          <ns3:TrackPointExtension>
            <ns3:hr>124</ns3:hr>
            <ns3:cad>54</ns3:cad>
          </ns3:TrackPointExtension>
        </extensions>
      </trkpt>
      <trkpt lat="45.0519203580915927886962890625" lon="6.27128371037542819976806640625">
        <ele>2093.800048828125</ele>
        <time>2026-07-27T07:19:41.000Z</time>
        <extensions>
          <ns3:TrackPointExtension>
            <ns3:hr>125</ns3:hr>
            <ns3:cad>56</ns3:cad>
          </ns3:TrackPointExtension>
        </extensions>
      </trkpt>
      <trkpt lat="45.0519106350839138031005859375" lon="6.27131120301783084869384765625">
        <ele>2093.60009765625</ele>
        <time>2026-07-27T07:19:43.000Z</time>
        <extensions>
          <ns3:TrackPointExtension>
            <ns3:hr>125</ns3:hr>
            <ns3:cad>55</ns3:cad>
          </ns3:TrackPointExtension>
        </extensions>
      </trkpt>
      <trkpt lat="45.05187727510929107666015625" lon="6.2714309804141521453857421875">
        <ele>2093.199951171875</ele>
        <time>2026-07-27T07:19:50.000Z</time>
        <extensions>
          <ns3:TrackPointExtension>
            <ns3:hr>127</ns3:hr>
            <ns3:cad>52</ns3:cad>
          </ns3:TrackPointExtension>
        </extensions>
      </trkpt>
      <trkpt lat="45.05184517242014408111572265625" lon="6.2715342454612255096435546875">
        <ele>2092.60009765625</ele>
        <time>2026-07-27T07:19:57.000Z</time>
        <extensions>
          <ns3:TrackPointExtension>
            <ns3:hr>129</ns3:hr>
            <ns3:cad>55</ns3:cad>
          </ns3:TrackPointExtension>
        </extensions>
      </trkpt>
      <trkpt lat="45.05183042027056217193603515625" lon="6.2715831957757472991943359375">
        <ele>2092.39990234375</ele>
        <time>2026-07-27T07:20:00.000Z</time>
        <extensions>
          <ns3:TrackPointExtension>
            <ns3:hr>129</ns3:hr>
            <ns3:cad>54</ns3:cad>
          </ns3:TrackPointExtension>
        </extensions>
      </trkpt>
      <trkpt lat="45.05180041305720806121826171875" lon="6.271742619574069976806640625">
        <ele>2091.60009765625</ele>
        <time>2026-07-27T07:20:10.000Z</time>
        <extensions>
          <ns3:TrackPointExtension>
            <ns3:hr>129</ns3:hr>
            <ns3:cad>55</ns3:cad>
          </ns3:TrackPointExtension>
        </extensions>
      </trkpt>
      <trkpt lat="45.05180083215236663818359375" lon="6.27175913192331790924072265625">
        <ele>2091.60009765625</ele>
        <time>2026-07-27T07:20:11.000Z</time>
        <extensions>
          <ns3:TrackPointExtension>
            <ns3:hr>129</ns3:hr>
            <ns3:cad>55</ns3:cad>
          </ns3:TrackPointExtension>
        </extensions>
      </trkpt>
      <trkpt lat="45.0518009997904300689697265625" lon="6.27180322073400020599365234375">
        <ele>2090.39990234375</ele>
        <time>2026-07-27T07:20:14.000Z</time>
        <extensions>
          <ns3:TrackPointExtension>
            <ns3:hr>129</ns3:hr>
            <ns3:cad>57</ns3:cad>
          </ns3:TrackPointExtension>
        </extensions>
      </trkpt>
      <trkpt lat="45.05179907195270061492919921875" lon="6.27187840640544891357421875">
        <ele>2088.800048828125</ele>
        <time>2026-07-27T07:20:19.000Z</time>
        <extensions>
          <ns3:TrackPointExtension>
            <ns3:hr>129</ns3:hr>
            <ns3:cad>57</ns3:cad>
          </ns3:TrackPointExtension>
        </extensions>
      </trkpt>
      <trkpt lat="45.05180108360946178436279296875" lon="6.2719302065670490264892578125">
        <ele>2088.39990234375</ele>
        <time>2026-07-27T07:20:22.000Z</time>
        <extensions>
          <ns3:TrackPointExtension>
            <ns3:hr>127</ns3:hr>
            <ns3:cad>57</ns3:cad>
          </ns3:TrackPointExtension>
        </extensions>
      </trkpt>
      <trkpt lat="45.0518020056188106536865234375" lon="6.27196549437940120697021484375">
        <ele>2088.199951171875</ele>
        <time>2026-07-27T07:20:24.000Z</time>
        <extensions>
          <ns3:TrackPointExtension>
            <ns3:hr>123</ns3:hr>
            <ns3:cad>58</ns3:cad>
          </ns3:TrackPointExtension>
        </extensions>
      </trkpt>
      <trkpt lat="45.0517936237156391143798828125" lon="6.2720244191586971282958984375">
        <ele>2088.39990234375</ele>
        <time>2026-07-27T07:20:28.000Z</time>
        <extensions>
          <ns3:TrackPointExtension>
            <ns3:hr>120</ns3:hr>
            <ns3:cad>55</ns3:cad>
          </ns3:TrackPointExtension>
        </extensions>
      </trkpt>
      <trkpt lat="45.0517919473350048065185546875" lon="6.27205518074333667755126953125">
        <ele>2088.199951171875</ele>
        <time>2026-07-27T07:20:30.000Z</time>
        <extensions>
          <ns3:TrackPointExtension>
            <ns3:hr>120</ns3:hr>
            <ns3:cad>55</ns3:cad>
          </ns3:TrackPointExtension>
        </extensions>
      </trkpt>
      <trkpt lat="45.0517892651259899139404296875" lon="6.2720837630331516265869140625">
        <ele>2087</ele>
        <time>2026-07-27T07:20:32.000Z</time>
        <extensions>
          <ns3:TrackPointExtension>
            <ns3:hr>120</ns3:hr>
            <ns3:cad>55</ns3:cad>
          </ns3:TrackPointExtension>
        </extensions>
      </trkpt>
      <trkpt lat="45.05178180523216724395751953125" lon="6.2721320427954196929931640625">
        <ele>2086.60009765625</ele>
        <time>2026-07-27T07:20:35.000Z</time>
        <extensions>
          <ns3:TrackPointExtension>
            <ns3:hr>122</ns3:hr>
            <ns3:cad>0</ns3:cad>
          </ns3:TrackPointExtension>
        </extensions>
      </trkpt>
      <trkpt lat="45.0517748482525348663330078125" lon="6.27214738167822360992431640625">
        <ele>2086.199951171875</ele>
        <time>2026-07-27T07:20:36.000Z</time>
        <extensions>
          <ns3:TrackPointExtension>
            <ns3:hr>126</ns3:hr>
            <ns3:cad>0</ns3:cad>
          </ns3:TrackPointExtension>
        </extensions>
      </trkpt>
      <trkpt lat="45.05175934173166751861572265625" lon="6.27217076718807220458984375">
        <ele>2086</ele>
        <time>2026-07-27T07:20:38.000Z</time>
        <extensions>
          <ns3:TrackPointExtension>
            <ns3:hr>126</ns3:hr>
            <ns3:cad>57</ns3:cad>
          </ns3:TrackPointExtension>
        </extensions>
      </trkpt>
      <trkpt lat="45.05174794234335422515869140625" lon="6.272183172404766082763671875">
        <ele>2086</ele>
        <time>2026-07-27T07:20:39.000Z</time>
        <extensions>
          <ns3:TrackPointExtension>
            <ns3:hr>126</ns3:hr>
            <ns3:cad>57</ns3:cad>
          </ns3:TrackPointExtension>
        </extensions>
      </trkpt>
      <trkpt lat="45.0516875088214874267578125" lon="6.2722218967974185943603515625">
        <ele>2084.800048828125</ele>
        <time>2026-07-27T07:20:44.000Z</time>
        <extensions>
          <ns3:TrackPointExtension>
            <ns3:hr>123</ns3:hr>
            <ns3:cad>54</ns3:cad>
          </ns3:TrackPointExtension>
        </extensions>
      </trkpt>
      <trkpt lat="45.05164350382983684539794921875" lon="6.27226942218840122222900390625">
        <ele>2084.39990234375</ele>
        <time>2026-07-27T07:20:48.000Z</time>
        <extensions>
          <ns3:TrackPointExtension>
            <ns3:hr>122</ns3:hr>
            <ns3:cad>59</ns3:cad>
          </ns3:TrackPointExtension>
        </extensions>
      </trkpt>
      <trkpt lat="45.05158499814569950103759765625" lon="6.27241074107587337493896484375">
        <ele>2083.800048828125</ele>
        <time>2026-07-27T07:20:57.000Z</time>
        <extensions>
          <ns3:TrackPointExtension>
            <ns3:hr>124</ns3:hr>
            <ns3:cad>55</ns3:cad>
          </ns3:TrackPointExtension>
        </extensions>
      </trkpt>
      <trkpt lat="45.051560103893280029296875" lon="6.2724616192281246185302734375">
        <ele>2083.39990234375</ele>
        <time>2026-07-27T07:21:00.000Z</time>
        <extensions>
          <ns3:TrackPointExtension>
            <ns3:hr>125</ns3:hr>
            <ns3:cad>53</ns3:cad>
          </ns3:TrackPointExtension>
        </extensions>
      </trkpt>
      <trkpt lat="45.05153395235538482666015625" lon="6.27252121455967426300048828125">
        <ele>2082.800048828125</ele>
        <time>2026-07-27T07:21:04.000Z</time>
        <extensions>
          <ns3:TrackPointExtension>
            <ns3:hr>126</ns3:hr>
            <ns3:cad>56</ns3:cad>
          </ns3:TrackPointExtension>
        </extensions>
      </trkpt>
      <trkpt lat="45.0515019334852695465087890625" lon="6.2726319395005702972412109375">
        <ele>2081.800048828125</ele>
        <time>2026-07-27T07:21:11.000Z</time>
        <extensions>
          <ns3:TrackPointExtension>
            <ns3:hr>127</ns3:hr>
            <ns3:cad>56</ns3:cad>
          </ns3:TrackPointExtension>
        </extensions>
      </trkpt>
      <trkpt lat="45.0514895282685756683349609375" lon="6.2727006711065769195556640625">
        <ele>2080.60009765625</ele>
        <time>2026-07-27T07:21:15.000Z</time>
        <extensions>
          <ns3:TrackPointExtension>
            <ns3:hr>127</ns3:hr>
            <ns3:cad>57</ns3:cad>
          </ns3:TrackPointExtension>
        </extensions>
      </trkpt>
      <trkpt lat="45.0514724291861057281494140625" lon="6.27281441353261470794677734375">
        <ele>2079.60009765625</ele>
        <time>2026-07-27T07:21:22.000Z</time>
        <extensions>
          <ns3:TrackPointExtension>
            <ns3:hr>126</ns3:hr>
            <ns3:cad>59</ns3:cad>
          </ns3:TrackPointExtension>
        </extensions>
      </trkpt>
      <trkpt lat="45.051457844674587249755859375" lon="6.2728889286518096923828125">
        <ele>2078.39990234375</ele>
        <time>2026-07-27T07:21:27.000Z</time>
        <extensions>
          <ns3:TrackPointExtension>
            <ns3:hr>125</ns3:hr>
            <ns3:cad>55</ns3:cad>
          </ns3:TrackPointExtension>
        </extensions>
      </trkpt>
      <trkpt lat="45.05141668953001499176025390625" lon="6.27299881540238857269287109375">
        <ele>2077.60009765625</ele>
        <time>2026-07-27T07:21:34.000Z</time>
        <extensions>
          <ns3:TrackPointExtension>
            <ns3:hr>124</ns3:hr>
            <ns3:cad>53</ns3:cad>
          </ns3:TrackPointExtension>
        </extensions>
      </trkpt>
      <trkpt lat="45.0513979978859424591064453125" lon="6.27304743044078350067138671875">
        <ele>2077.39990234375</ele>
        <time>2026-07-27T07:21:37.000Z</time>
        <extensions>
          <ns3:TrackPointExtension>
            <ns3:hr>124</ns3:hr>
            <ns3:cad>54</ns3:cad>
          </ns3:TrackPointExtension>
        </extensions>
      </trkpt>
      <trkpt lat="45.051334463059902191162109375" lon="6.27315505407750606536865234375">
        <ele>2076.39990234375</ele>
        <time>2026-07-27T07:21:46.000Z</time>
        <extensions>
          <ns3:TrackPointExtension>
            <ns3:hr>122</ns3:hr>
            <ns3:cad>53</ns3:cad>
          </ns3:TrackPointExtension>
        </extensions>
      </trkpt>
      <trkpt lat="45.05132834427058696746826171875" lon="6.2731656990945339202880859375">
        <ele>2076.39990234375</ele>
        <time>2026-07-27T07:21:47.000Z</time>
        <extensions>
          <ns3:TrackPointExtension>
            <ns3:hr>121</ns3:hr>
            <ns3:cad>53</ns3:cad>
          </ns3:TrackPointExtension>
        </extensions>
      </trkpt>
      <trkpt lat="45.0513215549290180206298828125" lon="6.2731737457215785980224609375">
        <ele>2076.199951171875</ele>
        <time>2026-07-27T07:21:48.000Z</time>
        <extensions>
          <ns3:TrackPointExtension>
            <ns3:hr>118</ns3:hr>
            <ns3:cad>53</ns3:cad>
          </ns3:TrackPointExtension>
        </extensions>
      </trkpt>
      <trkpt lat="45.05130303092300891876220703125" lon="6.2731920182704925537109375">
        <ele>2075.60009765625</ele>
        <time>2026-07-27T07:21:50.000Z</time>
        <extensions>
          <ns3:TrackPointExtension>
            <ns3:hr>115</ns3:hr>
            <ns3:cad>0</ns3:cad>
          </ns3:TrackPointExtension>
        </extensions>
      </trkpt>
      <trkpt lat="45.0512933917343616485595703125" lon="6.2732000648975372314453125">
        <ele>2075.199951171875</ele>
        <time>2026-07-27T07:21:51.000Z</time>
        <extensions>
          <ns3:TrackPointExtension>
            <ns3:hr>115</ns3:hr>
            <ns3:cad>0</ns3:cad>
          </ns3:TrackPointExtension>
        </extensions>
      </trkpt>
      <trkpt lat="45.05124988965690135955810546875" lon="6.27324289642274379730224609375">
        <ele>2074.199951171875</ele>
        <time>2026-07-27T07:21:56.000Z</time>
        <extensions>
          <ns3:TrackPointExtension>
            <ns3:hr>112</ns3:hr>
            <ns3:cad>55</ns3:cad>
          </ns3:TrackPointExtension>
        </extensions>
      </trkpt>
      <trkpt lat="45.0512109138071537017822265625" lon="6.27326636575162410736083984375">
        <ele>2073.199951171875</ele>
        <time>2026-07-27T07:22:00.000Z</time>
        <extensions>
          <ns3:TrackPointExtension>
            <ns3:hr>112</ns3:hr>
            <ns3:cad>56</ns3:cad>
          </ns3:TrackPointExtension>
        </extensions>
      </trkpt>
      <trkpt lat="45.05119959823787212371826171875" lon="6.273270808160305023193359375">
        <ele>2073</ele>
        <time>2026-07-27T07:22:01.000Z</time>
        <extensions>
          <ns3:TrackPointExtension>
            <ns3:hr>112</ns3:hr>
            <ns3:cad>56</ns3:cad>
          </ns3:TrackPointExtension>
        </extensions>
      </trkpt>
      <trkpt lat="45.0511475466191768646240234375" lon="6.273290924727916717529296875">
        <ele>2072</ele>
        <time>2026-07-27T07:22:05.000Z</time>
        <extensions>
          <ns3:TrackPointExtension>
            <ns3:hr>112</ns3:hr>
            <ns3:cad>56</ns3:cad>
          </ns3:TrackPointExtension>
        </extensions>
      </trkpt>
      <trkpt lat="45.05109901539981365203857421875" lon="6.273324787616729736328125">
        <ele>2071</ele>
        <time>2026-07-27T07:22:10.000Z</time>
        <extensions>
          <ns3:TrackPointExtension>
            <ns3:hr>112</ns3:hr>
            <ns3:cad>53</ns3:cad>
          </ns3:TrackPointExtension>
        </extensions>
      </trkpt>
      <trkpt lat="45.05107529461383819580078125" lon="6.27334515564143657684326171875">
        <ele>2070.60009765625</ele>
        <time>2026-07-27T07:22:13.000Z</time>
        <extensions>
          <ns3:TrackPointExtension>
            <ns3:hr>112</ns3:hr>
            <ns3:cad>55</ns3:cad>
          </ns3:TrackPointExtension>
        </extensions>
      </trkpt>
      <trkpt lat="45.05106900818645954132080078125" lon="6.27335018478333950042724609375">
        <ele>2070</ele>
        <time>2026-07-27T07:22:14.000Z</time>
        <extensions>
          <ns3:TrackPointExtension>
            <ns3:hr>112</ns3:hr>
            <ns3:cad>55</ns3:cad>
          </ns3:TrackPointExtension>
        </extensions>
      </trkpt>
      <trkpt lat="45.0510261766612529754638671875" lon="6.2733876518905162811279296875">
        <ele>2068.800048828125</ele>
        <time>2026-07-27T07:22:19.000Z</time>
        <extensions>
          <ns3:TrackPointExtension>
            <ns3:hr>112</ns3:hr>
            <ns3:cad>54</ns3:cad>
          </ns3:TrackPointExtension>
        </extensions>
      </trkpt>
      <trkpt lat="45.0509946607053279876708984375" lon="6.27342729829251766204833984375">
        <ele>2067.800048828125</ele>
        <time>2026-07-27T07:22:23.000Z</time>
        <extensions>
          <ns3:TrackPointExtension>
            <ns3:hr>114</ns3:hr>
            <ns3:cad>53</ns3:cad>
          </ns3:TrackPointExtension>
        </extensions>
      </trkpt>
      <trkpt lat="45.05093716084957122802734375" lon="6.273530311882495880126953125">
        <ele>2066.39990234375</ele>
        <time>2026-07-27T07:22:31.000Z</time>
        <extensions>
          <ns3:TrackPointExtension>
            <ns3:hr>114</ns3:hr>
            <ns3:cad>55</ns3:cad>
          </ns3:TrackPointExtension>
        </extensions>
      </trkpt>
      <trkpt lat="45.050916709005832672119140625" lon="6.2735415436327457427978515625">
        <ele>2066.199951171875</ele>
        <time>2026-07-27T07:22:33.000Z</time>
        <extensions>
          <ns3:TrackPointExtension>
            <ns3:hr>114</ns3:hr>
            <ns3:cad>57</ns3:cad>
          </ns3:TrackPointExtension>
        </extensions>
      </trkpt>
      <trkpt lat="45.050887875258922576904296875" lon="6.2735552899539470672607421875">
        <ele>2065.60009765625</ele>
        <time>2026-07-27T07:22:36.000Z</time>
        <extensions>
          <ns3:TrackPointExtension>
            <ns3:hr>118</ns3:hr>
            <ns3:cad>55</ns3:cad>
          </ns3:TrackPointExtension>
        </extensions>
      </trkpt>
      <trkpt lat="45.050879158079624176025390625" lon="6.273560486733913421630859375">
        <ele>2065.199951171875</ele>
        <time>2026-07-27T07:22:37.000Z</time>
        <extensions>
          <ns3:TrackPointExtension>
            <ns3:hr>119</ns3:hr>
            <ns3:cad>54</ns3:cad>
          </ns3:TrackPointExtension>
        </extensions>
      </trkpt>
      <trkpt lat="45.0508587062358856201171875" lon="6.27357867546379566192626953125">
        <ele>2064.39990234375</ele>
        <time>2026-07-27T07:22:40.000Z</time>
        <extensions>
          <ns3:TrackPointExtension>
            <ns3:hr>120</ns3:hr>
            <ns3:cad>0</ns3:cad>
          </ns3:TrackPointExtension>
        </extensions>
      </trkpt>
      <trkpt lat="45.05085728131234645843505859375" lon="6.273590661585330963134765625">
        <ele>2064.199951171875</ele>
        <time>2026-07-27T07:22:41.000Z</time>
        <extensions>
          <ns3:TrackPointExtension>
            <ns3:hr>120</ns3:hr>
            <ns3:cad>0</ns3:cad>
          </ns3:TrackPointExtension>
        </extensions>
      </trkpt>
      <trkpt lat="45.05086474120616912841796875" lon="6.27361119724810123443603515625">
        <ele>2064</ele>
        <time>2026-07-27T07:22:43.000Z</time>
        <extensions>
          <ns3:TrackPointExtension>
            <ns3:hr>119</ns3:hr>
            <ns3:cad>46</ns3:cad>
          </ns3:TrackPointExtension>
        </extensions>
      </trkpt>
      <trkpt lat="45.0508997775614261627197265625" lon="6.27363282255828380584716796875">
        <ele>2062.800048828125</ele>
        <time>2026-07-27T07:22:46.000Z</time>
        <extensions>
          <ns3:TrackPointExtension>
            <ns3:hr>119</ns3:hr>
            <ns3:cad>0</ns3:cad>
          </ns3:TrackPointExtension>
        </extensions>
      </trkpt>
      <trkpt lat="45.050950907170772552490234375" lon="6.273659728467464447021484375">
        <ele>2061.800048828125</ele>
        <time>2026-07-27T07:22:51.000Z</time>
        <extensions>
          <ns3:TrackPointExtension>
            <ns3:hr>120</ns3:hr>
            <ns3:cad>54</ns3:cad>
          </ns3:TrackPointExtension>
        </extensions>
      </trkpt>
      <trkpt lat="45.0509504042565822601318359375" lon="6.273689903318881988525390625">
        <ele>2061</ele>
        <time>2026-07-27T07:22:53.000Z</time>
        <extensions>
          <ns3:TrackPointExtension>
            <ns3:hr>120</ns3:hr>
            <ns3:cad>55</ns3:cad>
          </ns3:TrackPointExtension>
        </extensions>
      </trkpt>
      <trkpt lat="45.05094227381050586700439453125" lon="6.27370339818298816680908203125">
        <ele>2060.60009765625</ele>
        <time>2026-07-27T07:22:54.000Z</time>
        <extensions>
          <ns3:TrackPointExtension>
            <ns3:hr>121</ns3:hr>
            <ns3:cad>55</ns3:cad>
          </ns3:TrackPointExtension>
        </extensions>
      </trkpt>
      <trkpt lat="45.05090623162686824798583984375" lon="6.273722089827060699462890625">
        <ele>2060.199951171875</ele>
        <time>2026-07-27T07:22:58.000Z</time>
        <extensions>
          <ns3:TrackPointExtension>
            <ns3:hr>124</ns3:hr>
            <ns3:cad>54</ns3:cad>
          </ns3:TrackPointExtension>
        </extensions>
      </trkpt>
      <trkpt lat="45.05088997073471546173095703125" lon="6.2737577967345714569091796875">
        <ele>2059.60009765625</ele>
        <time>2026-07-27T07:23:02.000Z</time>
        <extensions>
          <ns3:TrackPointExtension>
            <ns3:hr>123</ns3:hr>
            <ns3:cad>54</ns3:cad>
          </ns3:TrackPointExtension>
        </extensions>
      </trkpt>
      <trkpt lat="45.0508883781731128692626953125" lon="6.27375989221036434173583984375">
        <ele>2059.60009765625</ele>
        <time>2026-07-27T07:23:04.000Z</time>
        <extensions>
          <ns3:TrackPointExtension>
            <ns3:hr>123</ns3:hr>
            <ns3:cad>54</ns3:cad>
          </ns3:TrackPointExtension>
        </extensions>
      </trkpt>
      <trkpt lat="45.0508779846131801605224609375" lon="6.27377481199800968170166015625">
        <ele>2059.199951171875</ele>
        <time>2026-07-27T07:23:12.000Z</time>
        <extensions>
          <ns3:TrackPointExtension>
            <ns3:hr>122</ns3:hr>
            <ns3:cad>60</ns3:cad>
          </ns3:TrackPointExtension>
        </extensions>
      </trkpt>
      <trkpt lat="45.05086281336843967437744140625" lon="6.2737859599292278289794921875">
        <ele>2058.60009765625</ele>
        <time>2026-07-27T07:23:16.000Z</time>
        <extensions>
          <ns3:TrackPointExtension>
            <ns3:hr>121</ns3:hr>
            <ns3:cad>0</ns3:cad>
          </ns3:TrackPointExtension>
        </extensions>
      </trkpt>
      <trkpt lat="45.05085728131234645843505859375" lon="6.27379056997597217559814453125">
        <ele>2058.199951171875</ele>
        <time>2026-07-27T07:23:21.000Z</time>
        <extensions>
          <ns3:TrackPointExtension>
            <ns3:hr>122</ns3:hr>
            <ns3:cad>0</ns3:cad>
          </ns3:TrackPointExtension>
        </extensions>
      </trkpt>
      <trkpt lat="45.0508337281644344329833984375" lon="6.27379761077463626861572265625">
        <ele>2057.60009765625</ele>
        <time>2026-07-27T07:23:30.000Z</time>
        <extensions>
          <ns3:TrackPointExtension>
            <ns3:hr>124</ns3:hr>
            <ns3:cad>45</ns3:cad>
          </ns3:TrackPointExtension>
        </extensions>
      </trkpt>
      <trkpt lat="45.05078368820250034332275390625" lon="6.27381085418164730072021484375">
        <ele>2056.800048828125</ele>
        <time>2026-07-27T07:23:33.000Z</time>
        <extensions>
          <ns3:TrackPointExtension>
            <ns3:hr>124</ns3:hr>
            <ns3:cad>0</ns3:cad>
          </ns3:TrackPointExtension>
        </extensions>
      </trkpt>
      <trkpt lat="45.05073172040283679962158203125" lon="6.27382409758865833282470703125">
        <ele>2056.199951171875</ele>
        <time>2026-07-27T07:23:36.000Z</time>
        <extensions>
          <ns3:TrackPointExtension>
            <ns3:hr>123</ns3:hr>
            <ns3:cad>0</ns3:cad>
          </ns3:TrackPointExtension>
        </extensions>
      </trkpt>
      <trkpt lat="45.050671957433223724365234375" lon="6.27383147366344928741455078125">
        <ele>2055.199951171875</ele>
        <time>2026-07-27T07:23:40.000Z</time>
        <extensions>
          <ns3:TrackPointExtension>
            <ns3:hr>124</ns3:hr>
            <ns3:cad>57</ns3:cad>
          </ns3:TrackPointExtension>
        </extensions>
      </trkpt>
      <trkpt lat="45.05063650198280811309814453125" lon="6.27382225356996059417724609375">
        <ele>2054.60009765625</ele>
        <time>2026-07-27T07:23:43.000Z</time>
        <extensions>
          <ns3:TrackPointExtension>
            <ns3:hr>125</ns3:hr>
            <ns3:cad>56</ns3:cad>
          </ns3:TrackPointExtension>
        </extensions>
      </trkpt>
      <trkpt lat="45.050599873065948486328125" lon="6.27380766905844211578369140625">
        <ele>2054</ele>
        <time>2026-07-27T07:23:46.000Z</time>
        <extensions>
          <ns3:TrackPointExtension>
            <ns3:hr>128</ns3:hr>
            <ns3:cad>57</ns3:cad>
          </ns3:TrackPointExtension>
        </extensions>
      </trkpt>
      <trkpt lat="45.0505551137030124664306640625" lon="6.2738104350864887237548828125">
        <ele>2052.800048828125</ele>
        <time>2026-07-27T07:23:50.000Z</time>
        <extensions>
          <ns3:TrackPointExtension>
            <ns3:hr>128</ns3:hr>
            <ns3:cad>0</ns3:cad>
          </ns3:TrackPointExtension>
        </extensions>
      </trkpt>
      <trkpt lat="45.0505158863961696624755859375" lon="6.27383708953857421875">
        <ele>2052.39990234375</ele>
        <time>2026-07-27T07:23:53.000Z</time>
        <extensions>
          <ns3:TrackPointExtension>
            <ns3:hr>129</ns3:hr>
            <ns3:cad>0</ns3:cad>
          </ns3:TrackPointExtension>
        </extensions>
      </trkpt>
      <trkpt lat="45.050491578876972198486328125" lon="6.2738610617816448211669921875">
        <ele>2051.800048828125</ele>
        <time>2026-07-27T07:23:55.000Z</time>
        <extensions>
          <ns3:TrackPointExtension>
            <ns3:hr>129</ns3:hr>
            <ns3:cad>0</ns3:cad>
          </ns3:TrackPointExtension>
        </extensions>
      </trkpt>
      <trkpt lat="45.0504387728869915008544921875" lon="6.27394261769950389862060546875">
        <ele>2050.800048828125</ele>
        <time>2026-07-27T07:24:01.000Z</time>
        <extensions>
          <ns3:TrackPointExtension>
            <ns3:hr>128</ns3:hr>
            <ns3:cad>59</ns3:cad>
          </ns3:TrackPointExtension>
        </extensions>
      </trkpt>
      <trkpt lat="45.05042083561420440673828125" lon="6.2740411050617694854736328125">
        <ele>2050.60009765625</ele>
        <time>2026-07-27T07:24:07.000Z</time>
        <extensions>
          <ns3:TrackPointExtension>
            <ns3:hr>128</ns3:hr>
            <ns3:cad>59</ns3:cad>
          </ns3:TrackPointExtension>
        </extensions>
      </trkpt>
      <trkpt lat="45.0504268705844879150390625" lon="6.27405175007879734039306640625">
        <ele>2050.39990234375</ele>
        <time>2026-07-27T07:24:08.000Z</time>
        <extensions>
          <ns3:TrackPointExtension>
            <ns3:hr>128</ns3:hr>
            <ns3:cad>0</ns3:cad>
          </ns3:TrackPointExtension>
        </extensions>
      </trkpt>
      <trkpt lat="45.05044807679951190948486328125" lon="6.274111010134220123291015625">
        <ele>2049.800048828125</ele>
        <time>2026-07-27T07:24:12.000Z</time>
        <extensions>
          <ns3:TrackPointExtension>
            <ns3:hr>128</ns3:hr>
            <ns3:cad>59</ns3:cad>
          </ns3:TrackPointExtension>
        </extensions>
      </trkpt>
      <trkpt lat="45.05047724582254886627197265625" lon="6.2741470523178577423095703125">
        <ele>2048.60009765625</ele>
        <time>2026-07-27T07:24:15.000Z</time>
        <extensions>
          <ns3:TrackPointExtension>
            <ns3:hr>128</ns3:hr>
            <ns3:cad>59</ns3:cad>
          </ns3:TrackPointExtension>
        </extensions>
      </trkpt>
      <trkpt lat="45.05048445425927639007568359375" lon="6.274156607687473297119140625">
        <ele>2048.39990234375</ele>
        <time>2026-07-27T07:24:16.000Z</time>
        <extensions>
          <ns3:TrackPointExtension>
            <ns3:hr>127</ns3:hr>
            <ns3:cad>59</ns3:cad>
          </ns3:TrackPointExtension>
        </extensions>
      </trkpt>
      <trkpt lat="45.05051261745393276214599609375" lon="6.27420497126877307891845703125">
        <ele>2047.4000244140625</ele>
        <time>2026-07-27T07:24:20.000Z</time>
        <extensions>
          <ns3:TrackPointExtension>
            <ns3:hr>126</ns3:hr>
            <ns3:cad>56</ns3:cad>
          </ns3:TrackPointExtension>
        </extensions>
      </trkpt>
      <trkpt lat="45.0505349971354007720947265625" lon="6.2742540054023265838623046875">
        <ele>2046.199951171875</ele>
        <time>2026-07-27T07:24:24.000Z</time>
        <extensions>
          <ns3:TrackPointExtension>
            <ns3:hr>126</ns3:hr>
            <ns3:cad>56</ns3:cad>
          </ns3:TrackPointExtension>
        </extensions>
      </trkpt>
      <trkpt lat="45.05053508095443248748779296875" lon="6.2742756307125091552734375">
        <ele>2045.5999755859375</ele>
        <time>2026-07-27T07:24:26.000Z</time>
        <extensions>
          <ns3:TrackPointExtension>
            <ns3:hr>126</ns3:hr>
            <ns3:cad>56</ns3:cad>
          </ns3:TrackPointExtension>
        </extensions>
      </trkpt>
      <trkpt lat="45.05053223110735416412353515625" lon="6.274283342063426971435546875">
        <ele>2045.199951171875</ele>
        <time>2026-07-27T07:24:27.000Z</time>
        <extensions>
          <ns3:TrackPointExtension>
            <ns3:hr>126</ns3:hr>
            <ns3:cad>56</ns3:cad>
          </ns3:TrackPointExtension>
        </extensions>
      </trkpt>
      <trkpt lat="45.0505282916128635406494140625" lon="6.27429096959531307220458984375">
        <ele>2044.5999755859375</ele>
        <time>2026-07-27T07:24:30.000Z</time>
        <extensions>
          <ns3:TrackPointExtension>
            <ns3:hr>126</ns3:hr>
            <ns3:cad>54</ns3:cad>
          </ns3:TrackPointExtension>
        </extensions>
      </trkpt>
      <trkpt lat="45.05050339736044406890869140625" lon="6.27431594766676425933837890625">
        <ele>2044.5999755859375</ele>
        <time>2026-07-27T07:24:37.000Z</time>
        <extensions>
          <ns3:TrackPointExtension>
            <ns3:hr>123</ns3:hr>
            <ns3:cad>0</ns3:cad>
          </ns3:TrackPointExtension>
        </extensions>
      </trkpt>
      <trkpt lat="45.050502307713031768798828125" lon="6.27431477420032024383544921875">
        <ele>2044.5999755859375</ele>
        <time>2026-07-27T07:24:38.000Z</time>
        <extensions>
          <ns3:TrackPointExtension>
            <ns3:hr>122</ns3:hr>
            <ns3:cad>0</ns3:cad>
          </ns3:TrackPointExtension>
        </extensions>
      </trkpt>
      <trkpt lat="45.05050172097980976104736328125" lon="6.27431393601000308990478515625">
        <ele>2044.5999755859375</ele>
        <time>2026-07-27T07:24:42.000Z</time>
        <extensions>
          <ns3:TrackPointExtension>
            <ns3:hr>121</ns3:hr>
            <ns3:cad>0</ns3:cad>
          </ns3:TrackPointExtension>
        </extensions>
      </trkpt>
      <trkpt lat="45.05050172097980976104736328125" lon="6.27431393601000308990478515625">
        <ele>2044.5999755859375</ele>
        <time>2026-07-27T07:24:43.000Z</time>
        <extensions>
          <ns3:TrackPointExtension>
            <ns3:hr>121</ns3:hr>
            <ns3:cad>0</ns3:cad>
          </ns3:TrackPointExtension>
        </extensions>
      </trkpt>
      <trkpt lat="45.05050172097980976104736328125" lon="6.27431393601000308990478515625">
        <ele>2044.800048828125</ele>
        <time>2026-07-27T07:24:50.000Z</time>
        <extensions>
          <ns3:TrackPointExtension>
            <ns3:hr>125</ns3:hr>
            <ns3:cad>0</ns3:cad>
          </ns3:TrackPointExtension>
        </extensions>
      </trkpt>
      <trkpt lat="45.05050188861787319183349609375" lon="6.274313516914844512939453125">
        <ele>2044.5999755859375</ele>
        <time>2026-07-27T07:24:53.000Z</time>
        <extensions>
          <ns3:TrackPointExtension>
            <ns3:hr>129</ns3:hr>
            <ns3:cad>0</ns3:cad>
          </ns3:TrackPointExtension>
        </extensions>
      </trkpt>
      <trkpt lat="45.05050289444625377655029296875" lon="6.2743120081722736358642578125">
        <ele>2044.199951171875</ele>
        <time>2026-07-27T07:24:57.000Z</time>
        <extensions>
          <ns3:TrackPointExtension>
            <ns3:hr>127</ns3:hr>
            <ns3:cad>0</ns3:cad>
          </ns3:TrackPointExtension>
        </extensions>
      </trkpt>
      <trkpt lat="45.050500296056270599365234375" lon="6.27431544475257396697998046875">
        <ele>2043</ele>
        <time>2026-07-27T07:25:01.000Z</time>
        <extensions>
          <ns3:TrackPointExtension>
            <ns3:hr>127</ns3:hr>
            <ns3:cad>0</ns3:cad>
          </ns3:TrackPointExtension>
        </extensions>
      </trkpt>
      <trkpt lat="45.0504498369991779327392578125" lon="6.27435768954455852508544921875">
        <ele>2042</ele>
        <time>2026-07-27T07:25:05.000Z</time>
        <extensions>
          <ns3:TrackPointExtension>
            <ns3:hr>128</ns3:hr>
            <ns3:cad>0</ns3:cad>
          </ns3:TrackPointExtension>
        </extensions>
      </trkpt>
      <trkpt lat="45.05039510317146778106689453125" lon="6.2743874453008174896240234375">
        <ele>2041</ele>
        <time>2026-07-27T07:25:09.000Z</time>
        <extensions>
          <ns3:TrackPointExtension>
            <ns3:hr>130</ns3:hr>
            <ns3:cad>0</ns3:cad>
          </ns3:TrackPointExtension>
        </extensions>
      </trkpt>
      <trkpt lat="45.05037062801420688629150390625" lon="6.27439356409013271331787109375">
        <ele>2040.4000244140625</ele>
        <time>2026-07-27T07:25:11.000Z</time>
        <extensions>
          <ns3:TrackPointExtension>
            <ns3:hr>130</ns3:hr>
            <ns3:cad>0</ns3:cad>
          </ns3:TrackPointExtension>
        </extensions>
      </trkpt>
      <trkpt lat="45.05032368935644626617431640625" lon="6.274410076439380645751953125">
        <ele>2040</ele>
        <time>2026-07-27T07:25:16.000Z</time>
        <extensions>
          <ns3:TrackPointExtension>
            <ns3:hr>130</ns3:hr>
            <ns3:cad>55</ns3:cad>
          </ns3:TrackPointExtension>
        </extensions>
      </trkpt>
      <trkpt lat="45.05031715147197246551513671875" lon="6.27443991601467132568359375">
        <ele>2039.199951171875</ele>
        <time>2026-07-27T07:25:19.000Z</time>
        <extensions>
          <ns3:TrackPointExtension>
            <ns3:hr>129</ns3:hr>
            <ns3:cad>55</ns3:cad>
          </ns3:TrackPointExtension>
        </extensions>
      </trkpt>
      <trkpt lat="45.05033374764025211334228515625" lon="6.27445676364004611968994140625">
        <ele>2038.800048828125</ele>
        <time>2026-07-27T07:25:21.000Z</time>
        <extensions>
          <ns3:TrackPointExtension>
            <ns3:hr>129</ns3:hr>
            <ns3:cad>52</ns3:cad>
          </ns3:TrackPointExtension>
        </extensions>
      </trkpt>
      <trkpt lat="45.0503797642886638641357421875" lon="6.2745071388781070709228515625">
        <ele>2038.199951171875</ele>
        <time>2026-07-27T07:25:26.000Z</time>
        <extensions>
          <ns3:TrackPointExtension>
            <ns3:hr>130</ns3:hr>
            <ns3:cad>52</ns3:cad>
          </ns3:TrackPointExtension>
        </extensions>
      </trkpt>
      <trkpt lat="45.05038789473474025726318359375" lon="6.27453421242535114288330078125">
        <ele>2037.5999755859375</ele>
        <time>2026-07-27T07:25:28.000Z</time>
        <extensions>
          <ns3:TrackPointExtension>
            <ns3:hr>130</ns3:hr>
            <ns3:cad>52</ns3:cad>
          </ns3:TrackPointExtension>
        </extensions>
      </trkpt>
      <trkpt lat="45.0504109449684619903564453125" lon="6.27458064816892147064208984375">
        <ele>2036.800048828125</ele>
        <time>2026-07-27T07:25:32.000Z</time>
        <extensions>
          <ns3:TrackPointExtension>
            <ns3:hr>126</ns3:hr>
            <ns3:cad>52</ns3:cad>
          </ns3:TrackPointExtension>
        </extensions>
      </trkpt>
      <trkpt lat="45.05042083561420440673828125" lon="6.27458333037793636322021484375">
        <ele>2036.199951171875</ele>
        <time>2026-07-27T07:25:33.000Z</time>
        <extensions>
          <ns3:TrackPointExtension>
            <ns3:hr>122</ns3:hr>
            <ns3:cad>52</ns3:cad>
          </ns3:TrackPointExtension>
        </extensions>
      </trkpt>
      <trkpt lat="45.05043097771704196929931640625" lon="6.2745812349021434783935546875">
        <ele>2036.199951171875</ele>
        <time>2026-07-27T07:25:34.000Z</time>
        <extensions>
          <ns3:TrackPointExtension>
            <ns3:hr>121</ns3:hr>
            <ns3:cad>52</ns3:cad>
          </ns3:TrackPointExtension>
        </extensions>
      </trkpt>
      <trkpt lat="45.05046735517680644989013671875" lon="6.2745745293796062469482421875">
        <ele>2036</ele>
        <time>2026-07-27T07:25:37.000Z</time>
        <extensions>
          <ns3:TrackPointExtension>
            <ns3:hr>120</ns3:hr>
            <ns3:cad>0</ns3:cad>
          </ns3:TrackPointExtension>
        </extensions>
      </trkpt>
      <trkpt lat="45.0505046546459197998046875" lon="6.27461157739162445068359375">
        <ele>2035.199951171875</ele>
        <time>2026-07-27T07:25:42.000Z</time>
        <extensions>
          <ns3:TrackPointExtension>
            <ns3:hr>120</ns3:hr>
            <ns3:cad>56</ns3:cad>
          </ns3:TrackPointExtension>
        </extensions>
      </trkpt>
      <trkpt lat="45.0505098514258861541748046875" lon="6.2746372260153293609619140625">
        <ele>2033.800048828125</ele>
        <time>2026-07-27T07:25:44.000Z</time>
        <extensions>
          <ns3:TrackPointExtension>
            <ns3:hr>120</ns3:hr>
            <ns3:cad>56</ns3:cad>
          </ns3:TrackPointExtension>
        </extensions>
      </trkpt>
      <trkpt lat="45.0504966080188751220703125" lon="6.27465759404003620147705078125">
        <ele>2033.199951171875</ele>
        <time>2026-07-27T07:25:46.000Z</time>
        <extensions>
          <ns3:TrackPointExtension>
            <ns3:hr>120</ns3:hr>
            <ns3:cad>56</ns3:cad>
          </ns3:TrackPointExtension>
        </extensions>
      </trkpt>
      <trkpt lat="45.050483532249927520751953125" lon="6.274667568504810333251953125">
        <ele>2033</ele>
        <time>2026-07-27T07:25:47.000Z</time>
        <extensions>
          <ns3:TrackPointExtension>
            <ns3:hr>120</ns3:hr>
            <ns3:cad>56</ns3:cad>
          </ns3:TrackPointExtension>
        </extensions>
      </trkpt>
      <trkpt lat="45.05045964382588863372802734375" lon="6.2747022695839405059814453125">
        <ele>2032.800048828125</ele>
        <time>2026-07-27T07:25:50.000Z</time>
        <extensions>
          <ns3:TrackPointExtension>
            <ns3:hr>121</ns3:hr>
            <ns3:cad>52</ns3:cad>
          </ns3:TrackPointExtension>
        </extensions>
      </trkpt>
      <trkpt lat="45.05044003017246723175048828125" lon="6.27473135478794574737548828125">
        <ele>2032.199951171875</ele>
        <time>2026-07-27T07:25:53.000Z</time>
        <extensions>
          <ns3:TrackPointExtension>
            <ns3:hr>124</ns3:hr>
            <ns3:cad>49</ns3:cad>
          </ns3:TrackPointExtension>
        </extensions>
      </trkpt>
      <trkpt lat="45.0504375994205474853515625" lon="6.27474241890013217926025390625">
        <ele>2032</ele>
        <time>2026-07-27T07:25:54.000Z</time>
        <extensions>
          <ns3:TrackPointExtension>
            <ns3:hr>124</ns3:hr>
            <ns3:cad>49</ns3:cad>
          </ns3:TrackPointExtension>
        </extensions>
      </trkpt>
      <trkpt lat="45.050436593592166900634765625" lon="6.2747552432119846343994140625">
        <ele>2031.199951171875</ele>
        <time>2026-07-27T07:25:55.000Z</time>
        <extensions>
          <ns3:TrackPointExtension>
            <ns3:hr>124</ns3:hr>
            <ns3:cad>49</ns3:cad>
          </ns3:TrackPointExtension>
        </extensions>
      </trkpt>
      <trkpt lat="45.0504407845437526702880859375" lon="6.2747676484286785125732421875">
        <ele>2031.199951171875</ele>
        <time>2026-07-27T07:25:56.000Z</time>
        <extensions>
          <ns3:TrackPointExtension>
            <ns3:hr>124</ns3:hr>
            <ns3:cad>49</ns3:cad>
          </ns3:TrackPointExtension>
        </extensions>
      </trkpt>
      <trkpt lat="45.050471127033233642578125" lon="6.274811737239360809326171875">
        <ele>2030.4000244140625</ele>
        <time>2026-07-27T07:26:00.000Z</time>
        <extensions>
          <ns3:TrackPointExtension>
            <ns3:hr>121</ns3:hr>
            <ns3:cad>59</ns3:cad>
          </ns3:TrackPointExtension>
        </extensions>
      </trkpt>
      <trkpt lat="45.05047339014708995819091796875" lon="6.27482615411281585693359375">
        <ele>2030</ele>
        <time>2026-07-27T07:26:01.000Z</time>
        <extensions>
          <ns3:TrackPointExtension>
            <ns3:hr>120</ns3:hr>
            <ns3:cad>59</ns3:cad>
          </ns3:TrackPointExtension>
        </extensions>
      </trkpt>
      <trkpt lat="45.050457380712032318115234375" lon="6.27487711608409881591796875">
        <ele>2029.4000244140625</ele>
        <time>2026-07-27T07:26:05.000Z</time>
        <extensions>
          <ns3:TrackPointExtension>
            <ns3:hr>120</ns3:hr>
            <ns3:cad>54</ns3:cad>
          </ns3:TrackPointExtension>
        </extensions>
      </trkpt>
      <trkpt lat="45.05044690333306789398193359375" lon="6.27488256432116031646728515625">
        <ele>2029.199951171875</ele>
        <time>2026-07-27T07:26:06.000Z</time>
        <extensions>
          <ns3:TrackPointExtension>
            <ns3:hr>120</ns3:hr>
            <ns3:cad>54</ns3:cad>
          </ns3:TrackPointExtension>
        </extensions>
      </trkpt>
      <trkpt lat="45.05042779259383678436279296875" lon="6.27488390542566776275634765625">
        <ele>2028.5999755859375</ele>
        <time>2026-07-27T07:26:08.000Z</time>
        <extensions>
          <ns3:TrackPointExtension>
            <ns3:hr>120</ns3:hr>
            <ns3:cad>0</ns3:cad>
          </ns3:TrackPointExtension>
        </extensions>
      </trkpt>
      <trkpt lat="45.0504005514085292816162109375" lon="6.2748903594911098480224609375">
        <ele>2028.199951171875</ele>
        <time>2026-07-27T07:26:11.000Z</time>
        <extensions>
          <ns3:TrackPointExtension>
            <ns3:hr>120</ns3:hr>
            <ns3:cad>0</ns3:cad>
          </ns3:TrackPointExtension>
        </extensions>
      </trkpt>
      <trkpt lat="45.05039359442889690399169921875" lon="6.27491977997124195098876953125">
        <ele>2027.5999755859375</ele>
        <time>2026-07-27T07:26:14.000Z</time>
        <extensions>
          <ns3:TrackPointExtension>
            <ns3:hr>120</ns3:hr>
            <ns3:cad>0</ns3:cad>
          </ns3:TrackPointExtension>
        </extensions>
      </trkpt>
      <trkpt lat="45.050409100949764251708984375" lon="6.27498851157724857330322265625">
        <ele>2026.5999755859375</ele>
        <time>2026-07-27T07:26:19.000Z</time>
        <extensions>
          <ns3:TrackPointExtension>
            <ns3:hr>120</ns3:hr>
            <ns3:cad>48</ns3:cad>
          </ns3:TrackPointExtension>
        </extensions>
      </trkpt>
      <trkpt lat="45.05043081007897853851318359375" lon="6.27503578551113605499267578125">
        <ele>2026.199951171875</ele>
        <time>2026-07-27T07:26:23.000Z</time>
        <extensions>
          <ns3:TrackPointExtension>
            <ns3:hr>119</ns3:hr>
            <ns3:cad>56</ns3:cad>
          </ns3:TrackPointExtension>
        </extensions>
      </trkpt>
      <trkpt lat="45.05049769766628742218017578125" lon="6.2751015834510326385498046875">
        <ele>2025.4000244140625</ele>
        <time>2026-07-27T07:26:31.000Z</time>
        <extensions>
          <ns3:TrackPointExtension>
            <ns3:hr>118</ns3:hr>
            <ns3:cad>51</ns3:cad>
          </ns3:TrackPointExtension>
        </extensions>
      </trkpt>
      <trkpt lat="45.05053080618381500244140625" lon="6.27511071972548961639404296875">
        <ele>2025.199951171875</ele>
        <time>2026-07-27T07:26:34.000Z</time>
        <extensions>
          <ns3:TrackPointExtension>
            <ns3:hr>118</ns3:hr>
            <ns3:cad>56</ns3:cad>
          </ns3:TrackPointExtension>
        </extensions>
      </trkpt>
      <trkpt lat="45.05056810565292835235595703125" lon="6.27509596757590770721435546875">
        <ele>2024.4000244140625</ele>
        <time>2026-07-27T07:26:38.000Z</time>
        <extensions>
          <ns3:TrackPointExtension>
            <ns3:hr>118</ns3:hr>
            <ns3:cad>49</ns3:cad>
          </ns3:TrackPointExtension>
        </extensions>
      </trkpt>
      <trkpt lat="45.0506174750626087188720703125" lon="6.27508406527340412139892578125">
        <ele>2023.4000244140625</ele>
        <time>2026-07-27T07:26:42.000Z</time>
        <extensions>
          <ns3:TrackPointExtension>
            <ns3:hr>119</ns3:hr>
            <ns3:cad>51</ns3:cad>
          </ns3:TrackPointExtension>
        </extensions>
      </trkpt>
      <trkpt lat="45.050640441477298736572265625" lon="6.27507249824702739715576171875">
        <ele>2023</ele>
        <time>2026-07-27T07:26:44.000Z</time>
        <extensions>
          <ns3:TrackPointExtension>
            <ns3:hr>119</ns3:hr>
            <ns3:cad>51</ns3:cad>
          </ns3:TrackPointExtension>
        </extensions>
      </trkpt>
      <trkpt lat="45.05070783197879791259765625" lon="6.2750709056854248046875">
        <ele>2022</ele>
        <time>2026-07-27T07:26:50.000Z</time>
        <extensions>
          <ns3:TrackPointExtension>
            <ns3:hr>121</ns3:hr>
            <ns3:cad>52</ns3:cad>
          </ns3:TrackPointExtension>
        </extensions>
      </trkpt>
      <trkpt lat="45.0507210753858089447021484375" lon="6.2750761024653911590576171875">
        <ele>2021.5999755859375</ele>
        <time>2026-07-27T07:26:51.000Z</time>
        <extensions>
          <ns3:TrackPointExtension>
            <ns3:hr>120</ns3:hr>
            <ns3:cad>52</ns3:cad>
          </ns3:TrackPointExtension>
        </extensions>
      </trkpt>
      <trkpt lat="45.05076843313872814178466796875" lon="6.275112815201282501220703125">
        <ele>2020.800048828125</ele>
        <time>2026-07-27T07:26:55.000Z</time>
        <extensions>
          <ns3:TrackPointExtension>
            <ns3:hr>121</ns3:hr>
            <ns3:cad>52</ns3:cad>
          </ns3:TrackPointExtension>
        </extensions>
      </trkpt>
      <trkpt lat="45.05083951167762279510498046875" lon="6.275177858769893646240234375">
        <ele>2020</ele>
        <time>2026-07-27T07:27:02.000Z</time>
        <extensions>
          <ns3:TrackPointExtension>
            <ns3:hr>121</ns3:hr>
            <ns3:cad>55</ns3:cad>
          </ns3:TrackPointExtension>
        </extensions>
      </trkpt>
      <trkpt lat="45.05086180754005908966064453125" lon="6.27519805915653705596923828125">
        <ele>2019.800048828125</ele>
        <time>2026-07-27T07:27:04.000Z</time>
        <extensions>
          <ns3:TrackPointExtension>
            <ns3:hr>121</ns3:hr>
            <ns3:cad>55</ns3:cad>
          </ns3:TrackPointExtension>
        </extensions>
      </trkpt>
      <trkpt lat="45.05086549557745456695556640625" lon="6.275213398039340972900390625">
        <ele>2019.199951171875</ele>
        <time>2026-07-27T07:27:05.000Z</time>
        <extensions>
          <ns3:TrackPointExtension>
            <ns3:hr>121</ns3:hr>
            <ns3:cad>55</ns3:cad>
          </ns3:TrackPointExtension>
        </extensions>
      </trkpt>
      <trkpt lat="45.05086130462586879730224609375" lon="6.27526310272514820098876953125">
        <ele>2018.800048828125</ele>
        <time>2026-07-27T07:27:08.000Z</time>
        <extensions>
          <ns3:TrackPointExtension>
            <ns3:hr>121</ns3:hr>
            <ns3:cad>55</ns3:cad>
          </ns3:TrackPointExtension>
        </extensions>
      </trkpt>
      <trkpt lat="45.05086046643555164337158203125" lon="6.2752826325595378875732421875">
        <ele>2018.5999755859375</ele>
        <time>2026-07-27T07:27:09.000Z</time>
        <extensions>
          <ns3:TrackPointExtension>
            <ns3:hr>121</ns3:hr>
            <ns3:cad>55</ns3:cad>
          </ns3:TrackPointExtension>
        </extensions>
      </trkpt>
      <trkpt lat="45.05083884112536907196044921875" lon="6.2753672897815704345703125">
        <ele>2017.199951171875</ele>
        <time>2026-07-27T07:27:15.000Z</time>
        <extensions>
          <ns3:TrackPointExtension>
            <ns3:hr>124</ns3:hr>
            <ns3:cad>0</ns3:cad>
          </ns3:TrackPointExtension>
        </extensions>
      </trkpt>
      <trkpt lat="45.0508411042392253875732421875" lon="6.27539402805268764495849609375">
        <ele>2017</ele>
        <time>2026-07-27T07:27:17.000Z</time>
        <extensions>
          <ns3:TrackPointExtension>
            <ns3:hr>125</ns3:hr>
            <ns3:cad>0</ns3:cad>
          </ns3:TrackPointExtension>
        </extensions>
      </trkpt>
      <trkpt lat="45.0508947484195232391357421875" lon="6.27545001916587352752685546875">
        <ele>2016.199951171875</ele>
        <time>2026-07-27T07:27:23.000Z</time>
        <extensions>
          <ns3:TrackPointExtension>
            <ns3:hr>128</ns3:hr>
            <ns3:cad>0</ns3:cad>
          </ns3:TrackPointExtension>
        </extensions>
      </trkpt>
      <trkpt lat="45.05090137012302875518798828125" lon="6.275456137955188751220703125">
        <ele>2016</ele>
        <time>2026-07-27T07:27:24.000Z</time>
        <extensions>
          <ns3:TrackPointExtension>
            <ns3:hr>128</ns3:hr>
            <ns3:cad>57</ns3:cad>
          </ns3:TrackPointExtension>
        </extensions>
      </trkpt>
      <trkpt lat="45.0509071536362171173095703125" lon="6.2754660286009311676025390625">
        <ele>2015.800048828125</ele>
        <time>2026-07-27T07:27:25.000Z</time>
        <extensions>
          <ns3:TrackPointExtension>
            <ns3:hr>128</ns3:hr>
            <ns3:cad>57</ns3:cad>
          </ns3:TrackPointExtension>
        </extensions>
      </trkpt>
      <trkpt lat="45.05094260908663272857666015625" lon="6.27549779601395130157470703125">
        <ele>2015.199951171875</ele>
        <time>2026-07-27T07:27:29.000Z</time>
        <extensions>
          <ns3:TrackPointExtension>
            <ns3:hr>129</ns3:hr>
            <ns3:cad>53</ns3:cad>
          </ns3:TrackPointExtension>
        </extensions>
      </trkpt>
      <trkpt lat="45.05096356384456157684326171875" lon="6.27548974938690662384033203125">
        <ele>2014.800048828125</ele>
        <time>2026-07-27T07:27:31.000Z</time>
        <extensions>
          <ns3:TrackPointExtension>
            <ns3:hr>129</ns3:hr>
            <ns3:cad>53</ns3:cad>
          </ns3:TrackPointExtension>
        </extensions>
      </trkpt>
      <trkpt lat="45.05097429268062114715576171875" lon="6.27548061311244964599609375">
        <ele>2014.800048828125</ele>
        <time>2026-07-27T07:27:32.000Z</time>
        <extensions>
          <ns3:TrackPointExtension>
            <ns3:hr>129</ns3:hr>
            <ns3:cad>53</ns3:cad>
          </ns3:TrackPointExtension>
        </extensions>
      </trkpt>
      <trkpt lat="45.05101737566292285919189453125" lon="6.275446414947509765625">
        <ele>2014.199951171875</ele>
        <time>2026-07-27T07:27:37.000Z</time>
        <extensions>
          <ns3:TrackPointExtension>
            <ns3:hr>128</ns3:hr>
            <ns3:cad>48</ns3:cad>
          </ns3:TrackPointExtension>
        </extensions>
      </trkpt>
      <trkpt lat="45.05103916861116886138916015625" lon="6.27545915544033050537109375">
        <ele>2013.800048828125</ele>
        <time>2026-07-27T07:27:39.000Z</time>
        <extensions>
          <ns3:TrackPointExtension>
            <ns3:hr>128</ns3:hr>
            <ns3:cad>48</ns3:cad>
          </ns3:TrackPointExtension>
        </extensions>
      </trkpt>
      <trkpt lat="45.05104838870465755462646484375" lon="6.275476254522800445556640625">
        <ele>2013.5999755859375</ele>
        <time>2026-07-27T07:27:40.000Z</time>
        <extensions>
          <ns3:TrackPointExtension>
            <ns3:hr>128</ns3:hr>
            <ns3:cad>48</ns3:cad>
          </ns3:TrackPointExtension>
        </extensions>
      </trkpt>
      <trkpt lat="45.05105978809297084808349609375" lon="6.27554766833782196044921875">
        <ele>2012.800048828125</ele>
        <time>2026-07-27T07:27:44.000Z</time>
        <extensions>
          <ns3:TrackPointExtension>
            <ns3:hr>128</ns3:hr>
            <ns3:cad>56</ns3:cad>
          </ns3:TrackPointExtension>
        </extensions>
      </trkpt>
      <trkpt lat="45.05105115473270416259765625" lon="6.275584883987903594970703125">
        <ele>2012.199951171875</ele>
        <time>2026-07-27T07:27:47.000Z</time>
        <extensions>
          <ns3:TrackPointExtension>
            <ns3:hr>128</ns3:hr>
            <ns3:cad>59</ns3:cad>
          </ns3:TrackPointExtension>
        </extensions>
      </trkpt>
      <trkpt lat="45.05099239759147167205810546875" lon="6.2756623327732086181640625">
        <ele>2011.800048828125</ele>
        <time>2026-07-27T07:27:54.000Z</time>
        <extensions>
          <ns3:TrackPointExtension>
            <ns3:hr>130</ns3:hr>
            <ns3:cad>55</ns3:cad>
          </ns3:TrackPointExtension>
        </extensions>
      </trkpt>
      <trkpt lat="45.05098602734506130218505859375" lon="6.2756730616092681884765625">
        <ele>2011.4000244140625</ele>
        <time>2026-07-27T07:27:55.000Z</time>
        <extensions>
          <ns3:TrackPointExtension>
            <ns3:hr>130</ns3:hr>
            <ns3:cad>0</ns3:cad>
          </ns3:TrackPointExtension>
        </extensions>
      </trkpt>
      <trkpt lat="45.0509882904589176177978515625" lon="6.2757634185254573822021484375">
        <ele>2011.199951171875</ele>
        <time>2026-07-27T07:28:01.000Z</time>
        <extensions>
          <ns3:TrackPointExtension>
            <ns3:hr>129</ns3:hr>
            <ns3:cad>55</ns3:cad>
          </ns3:TrackPointExtension>
        </extensions>
      </trkpt>
      <trkpt lat="45.0509973429143428802490234375" lon="6.275771297514438629150390625">
        <ele>2010.4000244140625</ele>
        <time>2026-07-27T07:28:02.000Z</time>
        <extensions>
          <ns3:TrackPointExtension>
            <ns3:hr>129</ns3:hr>
            <ns3:cad>55</ns3:cad>
          </ns3:TrackPointExtension>
        </extensions>
      </trkpt>
      <trkpt lat="45.0510265119373798370361328125" lon="6.27578143961727619171142578125">
        <ele>2009.800048828125</ele>
        <time>2026-07-27T07:28:06.000Z</time>
        <extensions>
          <ns3:TrackPointExtension>
            <ns3:hr>129</ns3:hr>
            <ns3:cad>59</ns3:cad>
          </ns3:TrackPointExtension>
        </extensions>
      </trkpt>
      <trkpt lat="45.05109331570565700531005859375" lon="6.275782026350498199462890625">
        <ele>2009</ele>
        <time>2026-07-27T07:28:12.000Z</time>
        <extensions>
          <ns3:TrackPointExtension>
            <ns3:hr>128</ns3:hr>
            <ns3:cad>0</ns3:cad>
          </ns3:TrackPointExtension>
        </extensions>
      </trkpt>
      <trkpt lat="45.0511307828128337860107421875" lon="6.2758049927651882171630859375">
        <ele>2008.4000244140625</ele>
        <time>2026-07-27T07:28:15.000Z</time>
        <extensions>
          <ns3:TrackPointExtension>
            <ns3:hr>129</ns3:hr>
            <ns3:cad>55</ns3:cad>
          </ns3:TrackPointExtension>
        </extensions>
      </trkpt>
      <trkpt lat="45.05113941617310047149658203125" lon="6.27583122812211513519287109375">
        <ele>2008</ele>
        <time>2026-07-27T07:28:17.000Z</time>
        <extensions>
          <ns3:TrackPointExtension>
            <ns3:hr>130</ns3:hr>
            <ns3:cad>55</ns3:cad>
          </ns3:TrackPointExtension>
        </extensions>
      </trkpt>
      <trkpt lat="45.05113740451633930206298828125" lon="6.27584748901426792144775390625">
        <ele>2007.5999755859375</ele>
        <time>2026-07-27T07:28:18.000Z</time>
        <extensions>
          <ns3:TrackPointExtension>
            <ns3:hr>130</ns3:hr>
            <ns3:cad>55</ns3:cad>
          </ns3:TrackPointExtension>
        </extensions>
      </trkpt>
      <trkpt lat="45.0511267594993114471435546875" lon="6.2758703716099262237548828125">
        <ele>2007.199951171875</ele>
        <time>2026-07-27T07:28:20.000Z</time>
        <extensions>
          <ns3:TrackPointExtension>
            <ns3:hr>130</ns3:hr>
            <ns3:cad>54</ns3:cad>
          </ns3:TrackPointExtension>
        </extensions>
      </trkpt>
      <trkpt lat="45.05110890604555606842041015625" lon="6.27589509822428226470947265625">
        <ele>2007</ele>
        <time>2026-07-27T07:28:22.000Z</time>
        <extensions>
          <ns3:TrackPointExtension>
            <ns3:hr>129</ns3:hr>
            <ns3:cad>54</ns3:cad>
          </ns3:TrackPointExtension>
        </extensions>
      </trkpt>
      <trkpt lat="45.051065571606159210205078125" lon="6.27596341073513031005859375">
        <ele>2005.800048828125</ele>
        <time>2026-07-27T07:28:27.000Z</time>
        <extensions>
          <ns3:TrackPointExtension>
            <ns3:hr>127</ns3:hr>
            <ns3:cad>55</ns3:cad>
          </ns3:TrackPointExtension>
        </extensions>
      </trkpt>
      <trkpt lat="45.05102835595607757568359375" lon="6.27599433995783329010009765625">
        <ele>2005.4000244140625</ele>
        <time>2026-07-27T07:28:31.000Z</time>
        <extensions>
          <ns3:TrackPointExtension>
            <ns3:hr>127</ns3:hr>
            <ns3:cad>52</ns3:cad>
          </ns3:TrackPointExtension>
        </extensions>
      </trkpt>
      <trkpt lat="45.0510013662278652191162109375" lon="6.27601428888738155364990234375">
        <ele>2004.800048828125</ele>
        <time>2026-07-27T07:28:34.000Z</time>
        <extensions>
          <ns3:TrackPointExtension>
            <ns3:hr>127</ns3:hr>
            <ns3:cad>52</ns3:cad>
          </ns3:TrackPointExtension>
        </extensions>
      </trkpt>
      <trkpt lat="45.0509976781904697418212890625" lon="6.27603675238788127899169921875">
        <ele>2004.5999755859375</ele>
        <time>2026-07-27T07:28:36.000Z</time>
        <extensions>
          <ns3:TrackPointExtension>
            <ns3:hr>126</ns3:hr>
            <ns3:cad>0</ns3:cad>
          </ns3:TrackPointExtension>
        </extensions>
      </trkpt>
      <trkpt lat="45.05100295878946781158447265625" lon="6.276046894490718841552734375">
        <ele>2004.5999755859375</ele>
        <time>2026-07-27T07:28:37.000Z</time>
        <extensions>
          <ns3:TrackPointExtension>
            <ns3:hr>126</ns3:hr>
            <ns3:cad>0</ns3:cad>
          </ns3:TrackPointExtension>
        </extensions>
      </trkpt>
      <trkpt lat="45.05104185082018375396728515625" lon="6.2760780751705169677734375">
        <ele>2003.800048828125</ele>
        <time>2026-07-27T07:28:41.000Z</time>
        <extensions>
          <ns3:TrackPointExtension>
            <ns3:hr>127</ns3:hr>
            <ns3:cad>57</ns3:cad>
          </ns3:TrackPointExtension>
        </extensions>
      </trkpt>
      <trkpt lat="45.05106381140649318695068359375" lon="6.27609056420624256134033203125">
        <ele>2003.5999755859375</ele>
        <time>2026-07-27T07:28:43.000Z</time>
        <extensions>
          <ns3:TrackPointExtension>
            <ns3:hr>131</ns3:hr>
            <ns3:cad>58</ns3:cad>
          </ns3:TrackPointExtension>
        </extensions>
      </trkpt>
      <trkpt lat="45.051109492778778076171875" lon="6.2761134468019008636474609375">
        <ele>2002.5999755859375</ele>
        <time>2026-07-27T07:28:47.000Z</time>
        <extensions>
          <ns3:TrackPointExtension>
            <ns3:hr>132</ns3:hr>
            <ns3:cad>55</ns3:cad>
          </ns3:TrackPointExtension>
        </extensions>
      </trkpt>
      <trkpt lat="45.0511981733143329620361328125" lon="6.27615988254547119140625">
        <ele>2001.199951171875</ele>
        <time>2026-07-27T07:28:55.000Z</time>
        <extensions>
          <ns3:TrackPointExtension>
            <ns3:hr>129</ns3:hr>
            <ns3:cad>55</ns3:cad>
          </ns3:TrackPointExtension>
        </extensions>
      </trkpt>
      <trkpt lat="45.05125139839947223663330078125" lon="6.27616398967802524566650390625">
        <ele>2000.800048828125</ele>
        <time>2026-07-27T07:29:00.000Z</time>
        <extensions>
          <ns3:TrackPointExtension>
            <ns3:hr>126</ns3:hr>
            <ns3:cad>54</ns3:cad>
          </ns3:TrackPointExtension>
        </extensions>
      </trkpt>
      <trkpt lat="45.05130336619913578033447265625" lon="6.2761265225708484649658203125">
        <ele>2000.4000244140625</ele>
        <time>2026-07-27T07:29:06.000Z</time>
        <extensions>
          <ns3:TrackPointExtension>
            <ns3:hr>124</ns3:hr>
            <ns3:cad>0</ns3:cad>
          </ns3:TrackPointExtension>
        </extensions>
      </trkpt>
      <trkpt lat="45.05131267011165618896484375" lon="6.27612945623695850372314453125">
        <ele>2000.199951171875</ele>
        <time>2026-07-27T07:29:07.000Z</time>
        <extensions>
          <ns3:TrackPointExtension>
            <ns3:hr>124</ns3:hr>
            <ns3:cad>0</ns3:cad>
          </ns3:TrackPointExtension>
        </extensions>
      </trkpt>
      <trkpt lat="45.0513200461864471435546875" lon="6.276134736835956573486328125">
        <ele>2000</ele>
        <time>2026-07-27T07:29:08.000Z</time>
        <extensions>
          <ns3:TrackPointExtension>
            <ns3:hr>124</ns3:hr>
            <ns3:cad>0</ns3:cad>
          </ns3:TrackPointExtension>
        </extensions>
      </trkpt>
      <trkpt lat="45.05133253522217273712158203125" lon="6.276158206164836883544921875">
        <ele>1999.800048828125</ele>
        <time>2026-07-27T07:29:10.000Z</time>
        <extensions>
          <ns3:TrackPointExtension>
            <ns3:hr>124</ns3:hr>
            <ns3:cad>0</ns3:cad>
          </ns3:TrackPointExtension>
        </extensions>
      </trkpt>
      <trkpt lat="45.05133521743118762969970703125" lon="6.2762046419084072113037109375">
        <ele>1999</ele>
        <time>2026-07-27T07:29:13.000Z</time>
        <extensions>
          <ns3:TrackPointExtension>
            <ns3:hr>124</ns3:hr>
            <ns3:cad>0</ns3:cad>
          </ns3:TrackPointExtension>
        </extensions>
      </trkpt>
      <trkpt lat="45.05132013000547885894775390625" lon="6.27628661692142486572265625">
        <ele>1998</ele>
        <time>2026-07-27T07:29:19.000Z</time>
        <extensions>
          <ns3:TrackPointExtension>
            <ns3:hr>124</ns3:hr>
            <ns3:cad>0</ns3:cad>
          </ns3:TrackPointExtension>
        </extensions>
      </trkpt>
      <trkpt lat="45.05130722187459468841552734375" lon="6.276313103735446929931640625">
        <ele>1997.5999755859375</ele>
        <time>2026-07-27T07:29:21.000Z</time>
        <extensions>
          <ns3:TrackPointExtension>
            <ns3:hr>124</ns3:hr>
            <ns3:cad>57</ns3:cad>
          </ns3:TrackPointExtension>
        </extensions>
      </trkpt>
      <trkpt lat="45.05129246972501277923583984375" lon="6.2763853557407855987548828125">
        <ele>1996.800048828125</ele>
        <time>2026-07-27T07:29:26.000Z</time>
        <extensions>
          <ns3:TrackPointExtension>
            <ns3:hr>124</ns3:hr>
            <ns3:cad>0</ns3:cad>
          </ns3:TrackPointExtension>
        </extensions>
      </trkpt>
      <trkpt lat="45.05128744058310985565185546875" lon="6.27645199187099933624267578125">
        <ele>1996.199951171875</ele>
        <time>2026-07-27T07:29:30.000Z</time>
        <extensions>
          <ns3:TrackPointExtension>
            <ns3:hr>124</ns3:hr>
            <ns3:cad>53</ns3:cad>
          </ns3:TrackPointExtension>
        </extensions>
      </trkpt>
      <trkpt lat="45.0512853451073169708251953125" lon="6.27650178037583827972412109375">
        <ele>1995.5999755859375</ele>
        <time>2026-07-27T07:29:33.000Z</time>
        <extensions>
          <ns3:TrackPointExtension>
            <ns3:hr>124</ns3:hr>
            <ns3:cad>53</ns3:cad>
          </ns3:TrackPointExtension>
        </extensions>
      </trkpt>
      <trkpt lat="45.05129389464855194091796875" lon="6.27657889388501644134521484375">
        <ele>1994.800048828125</ele>
        <time>2026-07-27T07:29:38.000Z</time>
        <extensions>
          <ns3:TrackPointExtension>
            <ns3:hr>124</ns3:hr>
            <ns3:cad>55</ns3:cad>
          </ns3:TrackPointExtension>
        </extensions>
      </trkpt>
      <trkpt lat="45.0512907095253467559814453125" lon="6.2766344659030437469482421875">
        <ele>1994.5999755859375</ele>
        <time>2026-07-27T07:29:41.000Z</time>
        <extensions>
          <ns3:TrackPointExtension>
            <ns3:hr>123</ns3:hr>
            <ns3:cad>55</ns3:cad>
          </ns3:TrackPointExtension>
        </extensions>
      </trkpt>
      <trkpt lat="45.05129112862050533294677734375" lon="6.276702694594860076904296875">
        <ele>1994</ele>
        <time>2026-07-27T07:29:45.000Z</time>
        <extensions>
          <ns3:TrackPointExtension>
            <ns3:hr>123</ns3:hr>
            <ns3:cad>53</ns3:cad>
          </ns3:TrackPointExtension>
        </extensions>
      </trkpt>
      <trkpt lat="45.05128660239279270172119140625" lon="6.27674586139619350433349609375">
        <ele>1993.199951171875</ele>
        <time>2026-07-27T07:29:48.000Z</time>
        <extensions>
          <ns3:TrackPointExtension>
            <ns3:hr>122</ns3:hr>
            <ns3:cad>55</ns3:cad>
          </ns3:TrackPointExtension>
        </extensions>
      </trkpt>
      <trkpt lat="45.05126816220581531524658203125" lon="6.27678475342690944671630859375">
        <ele>1993</ele>
        <time>2026-07-27T07:29:51.000Z</time>
        <extensions>
          <ns3:TrackPointExtension>
            <ns3:hr>122</ns3:hr>
            <ns3:cad>55</ns3:cad>
          </ns3:TrackPointExtension>
        </extensions>
      </trkpt>
      <trkpt lat="45.05124972201883792877197265625" lon="6.27679816447198390960693359375">
        <ele>1992.800048828125</ele>
        <time>2026-07-27T07:29:53.000Z</time>
        <extensions>
          <ns3:TrackPointExtension>
            <ns3:hr>122</ns3:hr>
            <ns3:cad>51</ns3:cad>
          </ns3:TrackPointExtension>
        </extensions>
      </trkpt>
      <trkpt lat="45.05121937952935695648193359375" lon="6.276822723448276519775390625">
        <ele>1992.199951171875</ele>
        <time>2026-07-27T07:29:57.000Z</time>
        <extensions>
          <ns3:TrackPointExtension>
            <ns3:hr>123</ns3:hr>
            <ns3:cad>0</ns3:cad>
          </ns3:TrackPointExtension>
        </extensions>
      </trkpt>
      <trkpt lat="45.05120378918945789337158203125" lon="6.27683378756046295166015625">
        <ele>1991.4000244140625</ele>
        <time>2026-07-27T07:30:00.000Z</time>
        <extensions>
          <ns3:TrackPointExtension>
            <ns3:hr>125</ns3:hr>
            <ns3:cad>0</ns3:cad>
          </ns3:TrackPointExtension>
        </extensions>
      </trkpt>
      <trkpt lat="45.05120412446558475494384765625" lon="6.27683571539819240570068359375">
        <ele>1991.4000244140625</ele>
        <time>2026-07-27T07:30:07.000Z</time>
        <extensions>
          <ns3:TrackPointExtension>
            <ns3:hr>125</ns3:hr>
            <ns3:cad>0</ns3:cad>
          </ns3:TrackPointExtension>
        </extensions>
      </trkpt>
      <trkpt lat="45.05120580084621906280517578125" lon="6.27683269791305065155029296875">
        <ele>1991.199951171875</ele>
        <time>2026-07-27T07:30:17.000Z</time>
        <extensions>
          <ns3:TrackPointExtension>
            <ns3:hr>126</ns3:hr>
            <ns3:cad>0</ns3:cad>
          </ns3:TrackPointExtension>
        </extensions>
      </trkpt>
      <trkpt lat="45.05123061127960681915283203125" lon="6.27686236985027790069580078125">
        <ele>1989.800048828125</ele>
        <time>2026-07-27T07:30:21.000Z</time>
        <extensions>
          <ns3:TrackPointExtension>
            <ns3:hr>128</ns3:hr>
            <ns3:cad>0</ns3:cad>
          </ns3:TrackPointExtension>
        </extensions>
      </trkpt>
      <trkpt lat="45.05125768482685089111328125" lon="6.27688944339752197265625">
        <ele>1989.800048828125</ele>
        <time>2026-07-27T07:30:23.000Z</time>
        <extensions>
          <ns3:TrackPointExtension>
            <ns3:hr>130</ns3:hr>
            <ns3:cad>0</ns3:cad>
          </ns3:TrackPointExtension>
        </extensions>
      </trkpt>
      <trkpt lat="45.05136497318744659423828125" lon="6.2769258208572864532470703125">
        <ele>1988.800048828125</ele>
        <time>2026-07-27T07:30:31.000Z</time>
        <extensions>
          <ns3:TrackPointExtension>
            <ns3:hr>131</ns3:hr>
            <ns3:cad>52</ns3:cad>
          </ns3:TrackPointExtension>
        </extensions>
      </trkpt>
      <trkpt lat="45.05145256407558917999267578125" lon="6.27693797461688518524169921875">
        <ele>1988.199951171875</ele>
        <time>2026-07-27T07:30:40.000Z</time>
        <extensions>
          <ns3:TrackPointExtension>
            <ns3:hr>131</ns3:hr>
            <ns3:cad>52</ns3:cad>
          </ns3:TrackPointExtension>
        </extensions>
      </trkpt>
      <trkpt lat="45.05148123018443584442138671875" lon="6.2769352085888385772705078125">
        <ele>1987.5999755859375</ele>
        <time>2026-07-27T07:30:43.000Z</time>
        <extensions>
          <ns3:TrackPointExtension>
            <ns3:hr>131</ns3:hr>
            <ns3:cad>52</ns3:cad>
          </ns3:TrackPointExtension>
        </extensions>
      </trkpt>
      <trkpt lat="45.05149983800947666168212890625" lon="6.27697636373341083526611328125">
        <ele>1987</ele>
        <time>2026-07-27T07:30:47.000Z</time>
        <extensions>
          <ns3:TrackPointExtension>
            <ns3:hr>131</ns3:hr>
            <ns3:cad>52</ns3:cad>
          </ns3:TrackPointExtension>
        </extensions>
      </trkpt>
      <trkpt lat="45.0514945574104785919189453125" lon="6.276999078691005706787109375">
        <ele>1986.4000244140625</ele>
        <time>2026-07-27T07:30:49.000Z</time>
        <extensions>
          <ns3:TrackPointExtension>
            <ns3:hr>131</ns3:hr>
            <ns3:cad>0</ns3:cad>
          </ns3:TrackPointExtension>
        </extensions>
      </trkpt>
      <trkpt lat="45.0514908693730831146240234375" lon="6.27703855745494365692138671875">
        <ele>1985.199951171875</ele>
        <time>2026-07-27T07:30:52.000Z</time>
        <extensions>
          <ns3:TrackPointExtension>
            <ns3:hr>130</ns3:hr>
            <ns3:cad>0</ns3:cad>
          </ns3:TrackPointExtension>
        </extensions>
      </trkpt>
      <trkpt lat="45.0514764524996280670166015625" lon="6.2770968116819858551025390625">
        <ele>1983.800048828125</ele>
        <time>2026-07-27T07:30:57.000Z</time>
        <extensions>
          <ns3:TrackPointExtension>
            <ns3:hr>128</ns3:hr>
            <ns3:cad>0</ns3:cad>
          </ns3:TrackPointExtension>
        </extensions>
      </trkpt>
      <trkpt lat="45.051468573510646820068359375" lon="6.27712924964725971221923828125">
        <ele>1983.199951171875</ele>
        <time>2026-07-27T07:30:59.000Z</time>
        <extensions>
          <ns3:TrackPointExtension>
            <ns3:hr>126</ns3:hr>
            <ns3:cad>0</ns3:cad>
          </ns3:TrackPointExtension>
        </extensions>
      </trkpt>
      <trkpt lat="45.05145239643752574920654296875" lon="6.2771521322429180145263671875">
        <ele>1983</ele>
        <time>2026-07-27T07:31:01.000Z</time>
        <extensions>
          <ns3:TrackPointExtension>
            <ns3:hr>124</ns3:hr>
            <ns3:cad>55</ns3:cad>
          </ns3:TrackPointExtension>
        </extensions>
      </trkpt>
      <trkpt lat="45.05143764428794384002685546875" lon="6.2771692313253879547119140625">
        <ele>1982.5999755859375</ele>
        <time>2026-07-27T07:31:03.000Z</time>
        <extensions>
          <ns3:TrackPointExtension>
            <ns3:hr>123</ns3:hr>
            <ns3:cad>55</ns3:cad>
          </ns3:TrackPointExtension>
        </extensions>
      </trkpt>
      <trkpt lat="45.0514301843941211700439453125" lon="6.2772046029567718505859375">
        <ele>1981.800048828125</ele>
        <time>2026-07-27T07:31:06.000Z</time>
        <extensions>
          <ns3:TrackPointExtension>
            <ns3:hr>122</ns3:hr>
            <ns3:cad>0</ns3:cad>
          </ns3:TrackPointExtension>
        </extensions>
      </trkpt>
      <trkpt lat="45.051444433629512786865234375" lon="6.27721055410802364349365234375">
        <ele>1981.5999755859375</ele>
        <time>2026-07-27T07:31:09.000Z</time>
        <extensions>
          <ns3:TrackPointExtension>
            <ns3:hr>123</ns3:hr>
            <ns3:cad>53</ns3:cad>
          </ns3:TrackPointExtension>
        </extensions>
      </trkpt>
      <trkpt lat="45.05145373754203319549560546875" lon="6.27720904536545276641845703125">
        <ele>1981.5999755859375</ele>
        <time>2026-07-27T07:31:10.000Z</time>
        <extensions>
          <ns3:TrackPointExtension>
            <ns3:hr>123</ns3:hr>
            <ns3:cad>53</ns3:cad>
          </ns3:TrackPointExtension>
        </extensions>
      </trkpt>
      <trkpt lat="45.0514633767306804656982421875" lon="6.2772074528038501739501953125">
        <ele>1981.4000244140625</ele>
        <time>2026-07-27T07:31:11.000Z</time>
        <extensions>
          <ns3:TrackPointExtension>
            <ns3:hr>123</ns3:hr>
            <ns3:cad>53</ns3:cad>
          </ns3:TrackPointExtension>
        </extensions>
      </trkpt>
      <trkpt lat="45.05150620825588703155517578125" lon="6.27718247473239898681640625">
        <ele>1980.5999755859375</ele>
        <time>2026-07-27T07:31:16.000Z</time>
        <extensions>
          <ns3:TrackPointExtension>
            <ns3:hr>125</ns3:hr>
            <ns3:cad>55</ns3:cad>
          </ns3:TrackPointExtension>
        </extensions>
      </trkpt>
      <trkpt lat="45.05154912360012531280517578125" lon="6.2771702371537685394287109375">
        <ele>1980</ele>
        <time>2026-07-27T07:31:21.000Z</time>
        <extensions>
          <ns3:TrackPointExtension>
            <ns3:hr>126</ns3:hr>
            <ns3:cad>53</ns3:cad>
          </ns3:TrackPointExtension>
        </extensions>
      </trkpt>
      <trkpt lat="45.0515582598745822906494140625" lon="6.27716713584959506988525390625">
        <ele>1979.4000244140625</ele>
        <time>2026-07-27T07:31:22.000Z</time>
        <extensions>
          <ns3:TrackPointExtension>
            <ns3:hr>127</ns3:hr>
            <ns3:cad>53</ns3:cad>
          </ns3:TrackPointExtension>
        </extensions>
      </trkpt>
      <trkpt lat="45.0516199506819248199462890625" lon="6.27712254412472248077392578125">
        <ele>1979</ele>
        <time>2026-07-27T07:31:29.000Z</time>
        <extensions>
          <ns3:TrackPointExtension>
            <ns3:hr>131</ns3:hr>
            <ns3:cad>55</ns3:cad>
          </ns3:TrackPointExtension>
        </extensions>
      </trkpt>
      <trkpt lat="45.05164987407624721527099609375" lon="6.27710066735744476318359375">
        <ele>1978.4000244140625</ele>
        <time>2026-07-27T07:31:32.000Z</time>
        <extensions>
          <ns3:TrackPointExtension>
            <ns3:hr>132</ns3:hr>
            <ns3:cad>51</ns3:cad>
          </ns3:TrackPointExtension>
        </extensions>
      </trkpt>
      <trkpt lat="45.05170351825654506683349609375" lon="6.2770367972552776336669921875">
        <ele>1977.199951171875</ele>
        <time>2026-07-27T07:31:38.000Z</time>
        <extensions>
          <ns3:TrackPointExtension>
            <ns3:hr>131</ns3:hr>
            <ns3:cad>56</ns3:cad>
          </ns3:TrackPointExtension>
        </extensions>
      </trkpt>
      <trkpt lat="45.05172832868993282318115234375" lon="6.27700452692806720733642578125">
        <ele>1977</ele>
        <time>2026-07-27T07:31:41.000Z</time>
        <extensions>
          <ns3:TrackPointExtension>
            <ns3:hr>132</ns3:hr>
            <ns3:cad>52</ns3:cad>
          </ns3:TrackPointExtension>
        </extensions>
      </trkpt>
      <trkpt lat="45.05174660123884677886962890625" lon="6.27697435207664966583251953125">
        <ele>1976.199951171875</ele>
        <time>2026-07-27T07:31:45.000Z</time>
        <extensions>
          <ns3:TrackPointExtension>
            <ns3:hr>133</ns3:hr>
            <ns3:cad>52</ns3:cad>
          </ns3:TrackPointExtension>
        </extensions>
      </trkpt>
      <trkpt lat="45.05174450576305389404296875" lon="6.2769739329814910888671875">
        <ele>1976.199951171875</ele>
        <time>2026-07-27T07:31:47.000Z</time>
        <extensions>
          <ns3:TrackPointExtension>
            <ns3:hr>132</ns3:hr>
            <ns3:cad>0</ns3:cad>
          </ns3:TrackPointExtension>
        </extensions>
      </trkpt>
      <trkpt lat="45.05174576304852962493896484375" lon="6.2769727595150470733642578125">
        <ele>1976</ele>
        <time>2026-07-27T07:31:48.000Z</time>
        <extensions>
          <ns3:TrackPointExtension>
            <ns3:hr>132</ns3:hr>
            <ns3:cad>0</ns3:cad>
          </ns3:TrackPointExtension>
        </extensions>
      </trkpt>
      <trkpt lat="45.05177224986255168914794921875" lon="6.276948116719722747802734375">
        <ele>1975.5999755859375</ele>
        <time>2026-07-27T07:31:52.000Z</time>
        <extensions>
          <ns3:TrackPointExtension>
            <ns3:hr>132</ns3:hr>
            <ns3:cad>0</ns3:cad>
          </ns3:TrackPointExtension>
        </extensions>
      </trkpt>
      <trkpt lat="45.05179085768759250640869140625" lon="6.27692422829568386077880859375">
        <ele>1975</ele>
        <time>2026-07-27T07:31:54.000Z</time>
        <extensions>
          <ns3:TrackPointExtension>
            <ns3:hr>132</ns3:hr>
            <ns3:cad>0</ns3:cad>
          </ns3:TrackPointExtension>
        </extensions>
      </trkpt>
      <trkpt lat="45.0517996586859226226806640625" lon="6.27691215835511684417724609375">
        <ele>1974.800048828125</ele>
        <time>2026-07-27T07:31:55.000Z</time>
        <extensions>
          <ns3:TrackPointExtension>
            <ns3:hr>132</ns3:hr>
            <ns3:cad>0</ns3:cad>
          </ns3:TrackPointExtension>
        </extensions>
      </trkpt>
      <trkpt lat="45.05183829925954341888427734375" lon="6.2768674828112125396728515625">
        <ele>1974</ele>
        <time>2026-07-27T07:31:59.000Z</time>
        <extensions>
          <ns3:TrackPointExtension>
            <ns3:hr>131</ns3:hr>
            <ns3:cad>53</ns3:cad>
          </ns3:TrackPointExtension>
        </extensions>
      </trkpt>
      <trkpt lat="45.05186746828258037567138671875" lon="6.27684493549168109893798828125">
        <ele>1973.4000244140625</ele>
        <time>2026-07-27T07:32:02.000Z</time>
        <extensions>
          <ns3:TrackPointExtension>
            <ns3:hr>131</ns3:hr>
            <ns3:cad>52</ns3:cad>
          </ns3:TrackPointExtension>
        </extensions>
      </trkpt>
      <trkpt lat="45.05190074443817138671875" lon="6.27680688165128231048583984375">
        <ele>1972.800048828125</ele>
        <time>2026-07-27T07:32:06.000Z</time>
        <extensions>
          <ns3:TrackPointExtension>
            <ns3:hr>131</ns3:hr>
            <ns3:cad>54</ns3:cad>
          </ns3:TrackPointExtension>
        </extensions>
      </trkpt>
      <trkpt lat="45.05194709636270999908447265625" lon="6.2767588533461093902587890625">
        <ele>1971.800048828125</ele>
        <time>2026-07-27T07:32:11.000Z</time>
        <extensions>
          <ns3:TrackPointExtension>
            <ns3:hr>131</ns3:hr>
            <ns3:cad>55</ns3:cad>
          </ns3:TrackPointExtension>
        </extensions>
      </trkpt>
      <trkpt lat="45.051970817148685455322265625" lon="6.27672842703759670257568359375">
        <ele>1970.800048828125</ele>
        <time>2026-07-27T07:32:14.000Z</time>
        <extensions>
          <ns3:TrackPointExtension>
            <ns3:hr>131</ns3:hr>
            <ns3:cad>55</ns3:cad>
          </ns3:TrackPointExtension>
        </extensions>
      </trkpt>
      <trkpt lat="45.05198054015636444091796875" lon="6.27672071568667888641357421875">
        <ele>1970.4000244140625</ele>
        <time>2026-07-27T07:32:15.000Z</time>
        <extensions>
          <ns3:TrackPointExtension>
            <ns3:hr>131</ns3:hr>
            <ns3:cad>55</ns3:cad>
          </ns3:TrackPointExtension>
        </extensions>
      </trkpt>
      <trkpt lat="45.05206611938774585723876953125" lon="6.27669389359652996063232421875">
        <ele>1969.4000244140625</ele>
        <time>2026-07-27T07:32:24.000Z</time>
        <extensions>
          <ns3:TrackPointExtension>
            <ns3:hr>131</ns3:hr>
            <ns3:cad>52</ns3:cad>
          </ns3:TrackPointExtension>
        </extensions>
      </trkpt>
      <trkpt lat="45.05213635973632335662841796875" lon="6.27667578868567943572998046875">
        <ele>1968.4000244140625</ele>
        <time>2026-07-27T07:32:30.000Z</time>
        <extensions>
          <ns3:TrackPointExtension>
            <ns3:hr>130</ns3:hr>
            <ns3:cad>0</ns3:cad>
          </ns3:TrackPointExtension>
        </extensions>
      </trkpt>
      <trkpt lat="45.052192769944667816162109375" lon="6.276667825877666473388671875">
        <ele>1967.5999755859375</ele>
        <time>2026-07-27T07:32:35.000Z</time>
        <extensions>
          <ns3:TrackPointExtension>
            <ns3:hr>129</ns3:hr>
            <ns3:cad>53</ns3:cad>
          </ns3:TrackPointExtension>
        </extensions>
      </trkpt>
      <trkpt lat="45.05222487263381481170654296875" lon="6.27666221000254154205322265625">
        <ele>1967.199951171875</ele>
        <time>2026-07-27T07:32:38.000Z</time>
        <extensions>
          <ns3:TrackPointExtension>
            <ns3:hr>129</ns3:hr>
            <ns3:cad>52</ns3:cad>
          </ns3:TrackPointExtension>
        </extensions>
      </trkpt>
      <trkpt lat="45.0523015670478343963623046875" lon="6.27666975371539592742919921875">
        <ele>1966</ele>
        <time>2026-07-27T07:32:45.000Z</time>
        <extensions>
          <ns3:TrackPointExtension>
            <ns3:hr>129</ns3:hr>
            <ns3:cad>53</ns3:cad>
          </ns3:TrackPointExtension>
        </extensions>
      </trkpt>
      <trkpt lat="45.05236317403614521026611328125" lon="6.27665282227098941802978515625">
        <ele>1965</ele>
        <time>2026-07-27T07:32:51.000Z</time>
        <extensions>
          <ns3:TrackPointExtension>
            <ns3:hr>130</ns3:hr>
            <ns3:cad>53</ns3:cad>
          </ns3:TrackPointExtension>
        </extensions>
      </trkpt>
      <trkpt lat="45.0523816980421543121337890625" lon="6.2766351364552974700927734375">
        <ele>1964.800048828125</ele>
        <time>2026-07-27T07:32:53.000Z</time>
        <extensions>
          <ns3:TrackPointExtension>
            <ns3:hr>130</ns3:hr>
            <ns3:cad>53</ns3:cad>
          </ns3:TrackPointExtension>
        </extensions>
      </trkpt>
      <trkpt lat="45.0524323247373104095458984375" lon="6.27662993967533111572265625">
        <ele>1964</ele>
        <time>2026-07-27T07:32:58.000Z</time>
        <extensions>
          <ns3:TrackPointExtension>
            <ns3:hr>129</ns3:hr>
            <ns3:cad>49</ns3:cad>
          </ns3:TrackPointExtension>
        </extensions>
      </trkpt>
      <trkpt lat="45.05246610380709171295166015625" lon="6.276622228324413299560546875">
        <ele>1963.199951171875</ele>
        <time>2026-07-27T07:33:01.000Z</time>
        <extensions>
          <ns3:TrackPointExtension>
            <ns3:hr>130</ns3:hr>
            <ns3:cad>48</ns3:cad>
          </ns3:TrackPointExtension>
        </extensions>
      </trkpt>
      <trkpt lat="45.0524762459099292755126953125" lon="6.27662231214344501495361328125">
        <ele>1962.800048828125</ele>
        <time>2026-07-27T07:33:02.000Z</time>
        <extensions>
          <ns3:TrackPointExtension>
            <ns3:hr>130</ns3:hr>
            <ns3:cad>48</ns3:cad>
          </ns3:TrackPointExtension>
        </extensions>
      </trkpt>
      <trkpt lat="45.0524849630892276763916015625" lon="6.27662968821823596954345703125">
        <ele>1962.800048828125</ele>
        <time>2026-07-27T07:33:03.000Z</time>
        <extensions>
          <ns3:TrackPointExtension>
            <ns3:hr>130</ns3:hr>
            <ns3:cad>50</ns3:cad>
          </ns3:TrackPointExtension>
        </extensions>
      </trkpt>
      <trkpt lat="45.0525168143212795257568359375" lon="6.276681907474994659423828125">
        <ele>1962.199951171875</ele>
        <time>2026-07-27T07:33:07.000Z</time>
        <extensions>
          <ns3:TrackPointExtension>
            <ns3:hr>130</ns3:hr>
            <ns3:cad>51</ns3:cad>
          </ns3:TrackPointExtension>
        </extensions>
      </trkpt>
      <trkpt lat="45.05252712406218051910400390625" lon="6.2767129205167293548583984375">
        <ele>1961.800048828125</ele>
        <time>2026-07-27T07:33:09.000Z</time>
        <extensions>
          <ns3:TrackPointExtension>
            <ns3:hr>130</ns3:hr>
            <ns3:cad>53</ns3:cad>
          </ns3:TrackPointExtension>
        </extensions>
      </trkpt>
      <trkpt lat="45.05253165028989315032958984375" lon="6.276801265776157379150390625">
        <ele>1960.800048828125</ele>
        <time>2026-07-27T07:33:15.000Z</time>
        <extensions>
          <ns3:TrackPointExtension>
            <ns3:hr>130</ns3:hr>
            <ns3:cad>55</ns3:cad>
          </ns3:TrackPointExtension>
        </extensions>
      </trkpt>
      <trkpt lat="45.05252812989056110382080078125" lon="6.2768161855638027191162109375">
        <ele>1960.5999755859375</ele>
        <time>2026-07-27T07:33:16.000Z</time>
        <extensions>
          <ns3:TrackPointExtension>
            <ns3:hr>129</ns3:hr>
            <ns3:cad>55</ns3:cad>
          </ns3:TrackPointExtension>
        </extensions>
      </trkpt>
      <trkpt lat="45.05249150097370147705078125" lon="6.27691299654543399810791015625">
        <ele>1959.5999755859375</ele>
        <time>2026-07-27T07:33:23.000Z</time>
        <extensions>
          <ns3:TrackPointExtension>
            <ns3:hr>130</ns3:hr>
            <ns3:cad>53</ns3:cad>
          </ns3:TrackPointExtension>
        </extensions>
      </trkpt>
      <trkpt lat="45.0524608232080936431884765625" lon="6.27694283612072467803955078125">
        <ele>1959</ele>
        <time>2026-07-27T07:33:26.000Z</time>
        <extensions>
          <ns3:TrackPointExtension>
            <ns3:hr>130</ns3:hr>
            <ns3:cad>54</ns3:cad>
          </ns3:TrackPointExtension>
        </extensions>
      </trkpt>
      <trkpt lat="45.05241866223514080047607421875" lon="6.27699178643524646759033203125">
        <ele>1958.199951171875</ele>
        <time>2026-07-27T07:33:31.000Z</time>
        <extensions>
          <ns3:TrackPointExtension>
            <ns3:hr>131</ns3:hr>
            <ns3:cad>54</ns3:cad>
          </ns3:TrackPointExtension>
        </extensions>
      </trkpt>
      <trkpt lat="45.05239653401076793670654296875" lon="6.2770461849868297576904296875">
        <ele>1957.4000244140625</ele>
        <time>2026-07-27T07:33:35.000Z</time>
        <extensions>
          <ns3:TrackPointExtension>
            <ns3:hr>129</ns3:hr>
            <ns3:cad>54</ns3:cad>
          </ns3:TrackPointExtension>
        </extensions>
      </trkpt>
      <trkpt lat="45.05238949321210384368896484375" lon="6.277056746184825897216796875">
        <ele>1957</ele>
        <time>2026-07-27T07:33:36.000Z</time>
        <extensions>
          <ns3:TrackPointExtension>
            <ns3:hr>129</ns3:hr>
            <ns3:cad>54</ns3:cad>
          </ns3:TrackPointExtension>
        </extensions>
      </trkpt>
      <trkpt lat="45.05233593285083770751953125" lon="6.27708935178816318511962890625">
        <ele>1956</ele>
        <time>2026-07-27T07:33:42.000Z</time>
        <extensions>
          <ns3:TrackPointExtension>
            <ns3:hr>127</ns3:hr>
            <ns3:cad>54</ns3:cad>
          </ns3:TrackPointExtension>
        </extensions>
      </trkpt>
      <trkpt lat="45.05232528783380985260009765625" lon="6.277095973491668701171875">
        <ele>1955.800048828125</ele>
        <time>2026-07-27T07:33:43.000Z</time>
        <extensions>
          <ns3:TrackPointExtension>
            <ns3:hr>127</ns3:hr>
            <ns3:cad>54</ns3:cad>
          </ns3:TrackPointExtension>
        </extensions>
      </trkpt>
      <trkpt lat="45.052315481007099151611328125" lon="6.2771065346896648406982421875">
        <ele>1955.5999755859375</ele>
        <time>2026-07-27T07:33:44.000Z</time>
        <extensions>
          <ns3:TrackPointExtension>
            <ns3:hr>128</ns3:hr>
            <ns3:cad>54</ns3:cad>
          </ns3:TrackPointExtension>
        </extensions>
      </trkpt>
      <trkpt lat="45.0522978790104389190673828125" lon="6.27715087495744228363037109375">
        <ele>1955</ele>
        <time>2026-07-27T07:33:47.000Z</time>
        <extensions>
          <ns3:TrackPointExtension>
            <ns3:hr>128</ns3:hr>
            <ns3:cad>54</ns3:cad>
          </ns3:TrackPointExtension>
        </extensions>
      </trkpt>
      <trkpt lat="45.05227130837738513946533203125" lon="6.27718876115977764129638671875">
        <ele>1954</ele>
        <time>2026-07-27T07:33:51.000Z</time>
        <extensions>
          <ns3:TrackPointExtension>
            <ns3:hr>128</ns3:hr>
            <ns3:cad>0</ns3:cad>
          </ns3:TrackPointExtension>
        </extensions>
      </trkpt>
      <trkpt lat="45.05225119180977344512939453125" lon="6.2772647850215435028076171875">
        <ele>1953</ele>
        <time>2026-07-27T07:33:56.000Z</time>
        <extensions>
          <ns3:TrackPointExtension>
            <ns3:hr>129</ns3:hr>
            <ns3:cad>52</ns3:cad>
          </ns3:TrackPointExtension>
        </extensions>
      </trkpt>
      <trkpt lat="45.05223778076469898223876953125" lon="6.27733225934207439422607421875">
        <ele>1951.800048828125</ele>
        <time>2026-07-27T07:34:00.000Z</time>
        <extensions>
          <ns3:TrackPointExtension>
            <ns3:hr>129</ns3:hr>
            <ns3:cad>54</ns3:cad>
          </ns3:TrackPointExtension>
        </extensions>
      </trkpt>
      <trkpt lat="45.05223258398473262786865234375" lon="6.277348101139068603515625">
        <ele>1951.4000244140625</ele>
        <time>2026-07-27T07:34:01.000Z</time>
        <extensions>
          <ns3:TrackPointExtension>
            <ns3:hr>129</ns3:hr>
            <ns3:cad>55</ns3:cad>
          </ns3:TrackPointExtension>
        </extensions>
      </trkpt>
      <trkpt lat="45.052232332527637481689453125" lon="6.277412474155426025390625">
        <ele>1951.199951171875</ele>
        <time>2026-07-27T07:34:07.000Z</time>
        <extensions>
          <ns3:TrackPointExtension>
            <ns3:hr>129</ns3:hr>
            <ns3:cad>60</ns3:cad>
          </ns3:TrackPointExtension>
        </extensions>
      </trkpt>
      <trkpt lat="45.05225437693297863006591796875" lon="6.277463771402835845947265625">
        <ele>1950.800048828125</ele>
        <time>2026-07-27T07:34:11.000Z</time>
        <extensions>
          <ns3:TrackPointExtension>
            <ns3:hr>127</ns3:hr>
            <ns3:cad>60</ns3:cad>
          </ns3:TrackPointExtension>
        </extensions>
      </trkpt>
      <trkpt lat="45.05228052847087383270263671875" lon="6.277512721717357635498046875">
        <ele>1950.199951171875</ele>
        <time>2026-07-27T07:34:15.000Z</time>
        <extensions>
          <ns3:TrackPointExtension>
            <ns3:hr>125</ns3:hr>
            <ns3:cad>44</ns3:cad>
          </ns3:TrackPointExtension>
        </extensions>
      </trkpt>
      <trkpt lat="45.052301399409770965576171875" lon="6.277573406696319580078125">
        <ele>1949.5999755859375</ele>
        <time>2026-07-27T07:34:20.000Z</time>
        <extensions>
          <ns3:TrackPointExtension>
            <ns3:hr>124</ns3:hr>
            <ns3:cad>0</ns3:cad>
          </ns3:TrackPointExtension>
        </extensions>
      </trkpt>
      <trkpt lat="45.05231983959674835205078125" lon="6.2776252068579196929931640625">
        <ele>1948.5999755859375</ele>
        <time>2026-07-27T07:34:24.000Z</time>
        <extensions>
          <ns3:TrackPointExtension>
            <ns3:hr>123</ns3:hr>
            <ns3:cad>52</ns3:cad>
          </ns3:TrackPointExtension>
        </extensions>
      </trkpt>
      <trkpt lat="45.0523210130631923675537109375" lon="6.27763685770332813262939453125">
        <ele>1948.4000244140625</ele>
        <time>2026-07-27T07:34:25.000Z</time>
        <extensions>
          <ns3:TrackPointExtension>
            <ns3:hr>123</ns3:hr>
            <ns3:cad>52</ns3:cad>
          </ns3:TrackPointExtension>
        </extensions>
      </trkpt>
      <trkpt lat="45.0523196719586849212646484375" lon="6.27768027596175670623779296875">
        <ele>1947.800048828125</ele>
        <time>2026-07-27T07:34:28.000Z</time>
        <extensions>
          <ns3:TrackPointExtension>
            <ns3:hr>123</ns3:hr>
            <ns3:cad>0</ns3:cad>
          </ns3:TrackPointExtension>
        </extensions>
      </trkpt>
      <trkpt lat="45.0522938556969165802001953125" lon="6.2777110375463962554931640625">
        <ele>1947.4000244140625</ele>
        <time>2026-07-27T07:34:31.000Z</time>
        <extensions>
          <ns3:TrackPointExtension>
            <ns3:hr>123</ns3:hr>
            <ns3:cad>52</ns3:cad>
          </ns3:TrackPointExtension>
        </extensions>
      </trkpt>
      <trkpt lat="45.05228589288890361785888671875" lon="6.27771598286926746368408203125">
        <ele>1947.199951171875</ele>
        <time>2026-07-27T07:34:32.000Z</time>
        <extensions>
          <ns3:TrackPointExtension>
            <ns3:hr>123</ns3:hr>
            <ns3:cad>52</ns3:cad>
          </ns3:TrackPointExtension>
        </extensions>
      </trkpt>
      <trkpt lat="45.0522677041590213775634765625" lon="6.277741380035877227783203125">
        <ele>1946.199951171875</ele>
        <time>2026-07-27T07:34:35.000Z</time>
        <extensions>
          <ns3:TrackPointExtension>
            <ns3:hr>123</ns3:hr>
            <ns3:cad>53</ns3:cad>
          </ns3:TrackPointExtension>
        </extensions>
      </trkpt>
      <trkpt lat="45.0522646866738796234130859375" lon="6.2777495943009853363037109375">
        <ele>1945.5999755859375</ele>
        <time>2026-07-27T07:34:36.000Z</time>
        <extensions>
          <ns3:TrackPointExtension>
            <ns3:hr>123</ns3:hr>
            <ns3:cad>53</ns3:cad>
          </ns3:TrackPointExtension>
        </extensions>
      </trkpt>
      <trkpt lat="45.052279271185398101806640625" lon="6.2777745723724365234375">
        <ele>1945.4000244140625</ele>
        <time>2026-07-27T07:34:39.000Z</time>
        <extensions>
          <ns3:TrackPointExtension>
            <ns3:hr>123</ns3:hr>
            <ns3:cad>0</ns3:cad>
          </ns3:TrackPointExtension>
        </extensions>
      </trkpt>
      <trkpt lat="45.05231858231127262115478515625" lon="6.2777965329587459564208984375">
        <ele>1945</ele>
        <time>2026-07-27T07:34:43.000Z</time>
        <extensions>
          <ns3:TrackPointExtension>
            <ns3:hr>123</ns3:hr>
            <ns3:cad>52</ns3:cad>
          </ns3:TrackPointExtension>
        </extensions>
      </trkpt>
      <trkpt lat="45.0523381121456623077392578125" lon="6.2778025679290294647216796875">
        <ele>1944.800048828125</ele>
        <time>2026-07-27T07:34:45.000Z</time>
        <extensions>
          <ns3:TrackPointExtension>
            <ns3:hr>123</ns3:hr>
            <ns3:cad>52</ns3:cad>
          </ns3:TrackPointExtension>
        </extensions>
      </trkpt>
      <trkpt lat="45.05237407051026821136474609375" lon="6.2778153084218502044677734375">
        <ele>1944</ele>
        <time>2026-07-27T07:34:49.000Z</time>
        <extensions>
          <ns3:TrackPointExtension>
            <ns3:hr>122</ns3:hr>
            <ns3:cad>54</ns3:cad>
          </ns3:TrackPointExtension>
        </extensions>
      </trkpt>
      <trkpt lat="45.05240298807621002197265625" lon="6.2778188288211822509765625">
        <ele>1943.199951171875</ele>
        <time>2026-07-27T07:34:52.000Z</time>
        <extensions>
          <ns3:TrackPointExtension>
            <ns3:hr>122</ns3:hr>
            <ns3:cad>52</ns3:cad>
          </ns3:TrackPointExtension>
        </extensions>
      </trkpt>
      <trkpt lat="45.05242084152996540069580078125" lon="6.2778243608772754669189453125">
        <ele>1942.800048828125</ele>
        <time>2026-07-27T07:34:54.000Z</time>
        <extensions>
          <ns3:TrackPointExtension>
            <ns3:hr>122</ns3:hr>
            <ns3:cad>53</ns3:cad>
          </ns3:TrackPointExtension>
        </extensions>
      </trkpt>
      <trkpt lat="45.05246677435934543609619140625" lon="6.27783500589430332183837890625">
        <ele>1941.800048828125</ele>
        <time>2026-07-27T07:34:59.000Z</time>
        <extensions>
          <ns3:TrackPointExtension>
            <ns3:hr>122</ns3:hr>
            <ns3:cad>56</ns3:cad>
          </ns3:TrackPointExtension>
        </extensions>
      </trkpt>
      <trkpt lat="45.05249284207820892333984375" lon="6.27783584408462047576904296875">
        <ele>1941.199951171875</ele>
        <time>2026-07-27T07:35:02.000Z</time>
        <extensions>
          <ns3:TrackPointExtension>
            <ns3:hr>123</ns3:hr>
            <ns3:cad>0</ns3:cad>
          </ns3:TrackPointExtension>
        </extensions>
      </trkpt>
      <trkpt lat="45.05251052789390087127685546875" lon="6.27784003503620624542236328125">
        <ele>1940.5999755859375</ele>
        <time>2026-07-27T07:35:04.000Z</time>
        <extensions>
          <ns3:TrackPointExtension>
            <ns3:hr>123</ns3:hr>
            <ns3:cad>53</ns3:cad>
          </ns3:TrackPointExtension>
        </extensions>
      </trkpt>
      <trkpt lat="45.05255545489490032196044921875" lon="6.277825869619846343994140625">
        <ele>1939.5999755859375</ele>
        <time>2026-07-27T07:35:09.000Z</time>
        <extensions>
          <ns3:TrackPointExtension>
            <ns3:hr>123</ns3:hr>
            <ns3:cad>49</ns3:cad>
          </ns3:TrackPointExtension>
        </extensions>
      </trkpt>
      <trkpt lat="45.0525842048227787017822265625" lon="6.27781388349831104278564453125">
        <ele>1939.199951171875</ele>
        <time>2026-07-27T07:35:12.000Z</time>
        <extensions>
          <ns3:TrackPointExtension>
            <ns3:hr>124</ns3:hr>
            <ns3:cad>50</ns3:cad>
          </ns3:TrackPointExtension>
        </extensions>
      </trkpt>
      <trkpt lat="45.05264765582978725433349609375" lon="6.27778597176074981689453125">
        <ele>1938.4000244140625</ele>
        <time>2026-07-27T07:35:19.000Z</time>
        <extensions>
          <ns3:TrackPointExtension>
            <ns3:hr>124</ns3:hr>
            <ns3:cad>51</ns3:cad>
          </ns3:TrackPointExtension>
        </extensions>
      </trkpt>
      <trkpt lat="45.0526603125035762786865234375" lon="6.27777658402919769287109375">
        <ele>1937.800048828125</ele>
        <time>2026-07-27T07:35:22.000Z</time>
        <extensions>
          <ns3:TrackPointExtension>
            <ns3:hr>124</ns3:hr>
            <ns3:cad>0</ns3:cad>
          </ns3:TrackPointExtension>
        </extensions>
      </trkpt>
      <trkpt lat="45.052668862044811248779296875" lon="6.277777254581451416015625">
        <ele>1937.5999755859375</ele>
        <time>2026-07-27T07:35:29.000Z</time>
        <extensions>
          <ns3:TrackPointExtension>
            <ns3:hr>127</ns3:hr>
            <ns3:cad>0</ns3:cad>
          </ns3:TrackPointExtension>
        </extensions>
      </trkpt>
      <trkpt lat="45.0526690296828746795654296875" lon="6.2777744047343730926513671875">
        <ele>1937.4000244140625</ele>
        <time>2026-07-27T07:35:30.000Z</time>
        <extensions>
          <ns3:TrackPointExtension>
            <ns3:hr>130</ns3:hr>
            <ns3:cad>0</ns3:cad>
          </ns3:TrackPointExtension>
        </extensions>
      </trkpt>
      <trkpt lat="45.05266911350190639495849609375" lon="6.2777754105627536773681640625">
        <ele>1937.4000244140625</ele>
        <time>2026-07-27T07:35:31.000Z</time>
        <extensions>
          <ns3:TrackPointExtension>
            <ns3:hr>130</ns3:hr>
            <ns3:cad>0</ns3:cad>
          </ns3:TrackPointExtension>
        </extensions>
      </trkpt>
      <trkpt lat="45.05267598666250705718994140625" lon="6.27776375971734523773193359375">
        <ele>1937.4000244140625</ele>
        <time>2026-07-27T07:35:33.000Z</time>
        <extensions>
          <ns3:TrackPointExtension>
            <ns3:hr>130</ns3:hr>
            <ns3:cad>0</ns3:cad>
          </ns3:TrackPointExtension>
        </extensions>
      </trkpt>
      <trkpt lat="45.0527094304561614990234375" lon="6.27773023210465908050537109375">
        <ele>1936.4000244140625</ele>
        <time>2026-07-27T07:35:37.000Z</time>
        <extensions>
          <ns3:TrackPointExtension>
            <ns3:hr>129</ns3:hr>
            <ns3:cad>53</ns3:cad>
          </ns3:TrackPointExtension>
        </extensions>
      </trkpt>
      <trkpt lat="45.05276449955999851226806640625" lon="6.27766736783087253570556640625">
        <ele>1935.199951171875</ele>
        <time>2026-07-27T07:35:44.000Z</time>
        <extensions>
          <ns3:TrackPointExtension>
            <ns3:hr>128</ns3:hr>
            <ns3:cad>50</ns3:cad>
          </ns3:TrackPointExtension>
        </extensions>
      </trkpt>
      <trkpt lat="45.05280171521008014678955078125" lon="6.27761858515441417694091796875">
        <ele>1934.4000244140625</ele>
        <time>2026-07-27T07:35:49.000Z</time>
        <extensions>
          <ns3:TrackPointExtension>
            <ns3:hr>128</ns3:hr>
            <ns3:cad>55</ns3:cad>
          </ns3:TrackPointExtension>
        </extensions>
      </trkpt>
      <trkpt lat="45.05281931720674037933349609375" lon="6.2776040844619274139404296875">
        <ele>1934</ele>
        <time>2026-07-27T07:35:51.000Z</time>
        <extensions>
          <ns3:TrackPointExtension>
            <ns3:hr>129</ns3:hr>
            <ns3:cad>53</ns3:cad>
          </ns3:TrackPointExtension>
        </extensions>
      </trkpt>
      <trkpt lat="45.0528676807880401611328125" lon="6.27759360708296298980712890625">
        <ele>1933</ele>
        <time>2026-07-27T07:35:56.000Z</time>
        <extensions>
          <ns3:TrackPointExtension>
            <ns3:hr>129</ns3:hr>
            <ns3:cad>0</ns3:cad>
          </ns3:TrackPointExtension>
        </extensions>
      </trkpt>
      <trkpt lat="45.0528785772621631622314453125" lon="6.2775873206555843353271484375">
        <ele>1932.5999755859375</ele>
        <time>2026-07-27T07:35:57.000Z</time>
        <extensions>
          <ns3:TrackPointExtension>
            <ns3:hr>129</ns3:hr>
            <ns3:cad>0</ns3:cad>
          </ns3:TrackPointExtension>
        </extensions>
      </trkpt>
      <trkpt lat="45.05291855894029140472412109375" lon="6.2775635160505771636962890625">
        <ele>1931.800048828125</ele>
        <time>2026-07-27T07:36:01.000Z</time>
        <extensions>
          <ns3:TrackPointExtension>
            <ns3:hr>129</ns3:hr>
            <ns3:cad>0</ns3:cad>
          </ns3:TrackPointExtension>
        </extensions>
      </trkpt>
      <trkpt lat="45.0529865361750125885009765625" lon="6.277511380612850189208984375">
        <ele>1930.5999755859375</ele>
        <time>2026-07-27T07:36:08.000Z</time>
        <extensions>
          <ns3:TrackPointExtension>
            <ns3:hr>129</ns3:hr>
            <ns3:cad>0</ns3:cad>
          </ns3:TrackPointExtension>
        </extensions>
      </trkpt>
      <trkpt lat="45.052991397678852081298828125" lon="6.27749956212937831878662109375">
        <ele>1930.4000244140625</ele>
        <time>2026-07-27T07:36:09.000Z</time>
        <extensions>
          <ns3:TrackPointExtension>
            <ns3:hr>129</ns3:hr>
            <ns3:cad>0</ns3:cad>
          </ns3:TrackPointExtension>
        </extensions>
      </trkpt>
      <trkpt lat="45.05299969576299190521240234375" lon="6.27749017439782619476318359375">
        <ele>1930.4000244140625</ele>
        <time>2026-07-27T07:36:10.000Z</time>
        <extensions>
          <ns3:TrackPointExtension>
            <ns3:hr>129</ns3:hr>
            <ns3:cad>0</ns3:cad>
          </ns3:TrackPointExtension>
        </extensions>
      </trkpt>
      <trkpt lat="45.053054429590702056884765625" lon="6.2774310819804668426513671875">
        <ele>1929.199951171875</ele>
        <time>2026-07-27T07:36:17.000Z</time>
        <extensions>
          <ns3:TrackPointExtension>
            <ns3:hr>129</ns3:hr>
            <ns3:cad>51</ns3:cad>
          </ns3:TrackPointExtension>
        </extensions>
      </trkpt>
      <trkpt lat="45.05305652506649494171142578125" lon="6.27741809003055095672607421875">
        <ele>1929</ele>
        <time>2026-07-27T07:36:18.000Z</time>
        <extensions>
          <ns3:TrackPointExtension>
            <ns3:hr>129</ns3:hr>
            <ns3:cad>51</ns3:cad>
          </ns3:TrackPointExtension>
        </extensions>
      </trkpt>
      <trkpt lat="45.05308561027050018310546875" lon="6.2773553095757961273193359375">
        <ele>1928</ele>
        <time>2026-07-27T07:36:24.000Z</time>
        <extensions>
          <ns3:TrackPointExtension>
            <ns3:hr>128</ns3:hr>
            <ns3:cad>53</ns3:cad>
          </ns3:TrackPointExtension>
        </extensions>
      </trkpt>
      <trkpt lat="45.0530955009162425994873046875" lon="6.277355141937732696533203125">
        <ele>1928</ele>
        <time>2026-07-27T07:36:25.000Z</time>
        <extensions>
          <ns3:TrackPointExtension>
            <ns3:hr>128</ns3:hr>
            <ns3:cad>53</ns3:cad>
          </ns3:TrackPointExtension>
        </extensions>
      </trkpt>
      <trkpt lat="45.053108073770999908447265625" lon="6.2773710675537586212158203125">
        <ele>1927.4000244140625</ele>
        <time>2026-07-27T07:36:27.000Z</time>
        <extensions>
          <ns3:TrackPointExtension>
            <ns3:hr>129</ns3:hr>
            <ns3:cad>0</ns3:cad>
          </ns3:TrackPointExtension>
        </extensions>
      </trkpt>
      <trkpt lat="45.05311469547450542449951171875" lon="6.2773931957781314849853515625">
        <ele>1927</ele>
        <time>2026-07-27T07:36:29.000Z</time>
        <extensions>
          <ns3:TrackPointExtension>
            <ns3:hr>129</ns3:hr>
            <ns3:cad>0</ns3:cad>
          </ns3:TrackPointExtension>
        </extensions>
      </trkpt>
      <trkpt lat="45.05312860943377017974853515625" lon="6.27745480276644229888916015625">
        <ele>1926.4000244140625</ele>
        <time>2026-07-27T07:36:34.000Z</time>
        <extensions>
          <ns3:TrackPointExtension>
            <ns3:hr>128</ns3:hr>
            <ns3:cad>0</ns3:cad>
          </ns3:TrackPointExtension>
        </extensions>
      </trkpt>
      <trkpt lat="45.053136907517910003662109375" lon="6.27747911028563976287841796875">
        <ele>1926</ele>
        <time>2026-07-27T07:36:36.000Z</time>
        <extensions>
          <ns3:TrackPointExtension>
            <ns3:hr>128</ns3:hr>
            <ns3:cad>0</ns3:cad>
          </ns3:TrackPointExtension>
        </extensions>
      </trkpt>
      <trkpt lat="45.05313615314662456512451171875" lon="6.27749453298747539520263671875">
        <ele>1925.800048828125</ele>
        <time>2026-07-27T07:36:37.000Z</time>
        <extensions>
          <ns3:TrackPointExtension>
            <ns3:hr>128</ns3:hr>
            <ns3:cad>0</ns3:cad>
          </ns3:TrackPointExtension>
        </extensions>
      </trkpt>
      <trkpt lat="45.053123496472835540771484375" lon="6.27754281274974346160888671875">
        <ele>1925</ele>
        <time>2026-07-27T07:36:40.000Z</time>
        <extensions>
          <ns3:TrackPointExtension>
            <ns3:hr>128</ns3:hr>
            <ns3:cad>0</ns3:cad>
          </ns3:TrackPointExtension>
        </extensions>
      </trkpt>
      <trkpt lat="45.05311913788318634033203125" lon="6.2775621749460697174072265625">
        <ele>1924.800048828125</ele>
        <time>2026-07-27T07:36:41.000Z</time>
        <extensions>
          <ns3:TrackPointExtension>
            <ns3:hr>128</ns3:hr>
            <ns3:cad>56</ns3:cad>
          </ns3:TrackPointExtension>
        </extensions>
      </trkpt>
      <trkpt lat="45.05308250896632671356201171875" lon="6.27770860679447650909423828125">
        <ele>1923.5999755859375</ele>
        <time>2026-07-27T07:36:51.000Z</time>
        <extensions>
          <ns3:TrackPointExtension>
            <ns3:hr>127</ns3:hr>
            <ns3:cad>53</ns3:cad>
          </ns3:TrackPointExtension>
        </extensions>
      </trkpt>
      <trkpt lat="45.05306624807417392730712890625" lon="6.27778052352368831634521484375">
        <ele>1922.800048828125</ele>
        <time>2026-07-27T07:36:58.000Z</time>
        <extensions>
          <ns3:TrackPointExtension>
            <ns3:hr>128</ns3:hr>
            <ns3:cad>0</ns3:cad>
          </ns3:TrackPointExtension>
        </extensions>
      </trkpt>
      <trkpt lat="45.0530693493783473968505859375" lon="6.27779225818812847137451171875">
        <ele>1922.5999755859375</ele>
        <time>2026-07-27T07:36:59.000Z</time>
        <extensions>
          <ns3:TrackPointExtension>
            <ns3:hr>128</ns3:hr>
            <ns3:cad>0</ns3:cad>
          </ns3:TrackPointExtension>
        </extensions>
      </trkpt>
      <trkpt lat="45.05308686755597591400146484375" lon="6.2777824513614177703857421875">
        <ele>1921.800048828125</ele>
        <time>2026-07-27T07:37:03.000Z</time>
        <extensions>
          <ns3:TrackPointExtension>
            <ns3:hr>128</ns3:hr>
            <ns3:cad>0</ns3:cad>
          </ns3:TrackPointExtension>
        </extensions>
      </trkpt>
      <trkpt lat="45.05309893749654293060302734375" lon="6.2777650170028209686279296875">
        <ele>1921.4000244140625</ele>
        <time>2026-07-27T07:37:05.000Z</time>
        <extensions>
          <ns3:TrackPointExtension>
            <ns3:hr>128</ns3:hr>
            <ns3:cad>0</ns3:cad>
          </ns3:TrackPointExtension>
        </extensions>
      </trkpt>
      <trkpt lat="45.05312793888151645660400390625" lon="6.27772562205791473388671875">
        <ele>1920.4000244140625</ele>
        <time>2026-07-27T07:37:10.000Z</time>
        <extensions>
          <ns3:TrackPointExtension>
            <ns3:hr>130</ns3:hr>
            <ns3:cad>43</ns3:cad>
          </ns3:TrackPointExtension>
        </extensions>
      </trkpt>
      <trkpt lat="45.05315794609487056732177734375" lon="6.27769016660749912261962890625">
        <ele>1919.4000244140625</ele>
        <time>2026-07-27T07:37:15.000Z</time>
        <extensions>
          <ns3:TrackPointExtension>
            <ns3:hr>131</ns3:hr>
            <ns3:cad>0</ns3:cad>
          </ns3:TrackPointExtension>
        </extensions>
      </trkpt>
      <trkpt lat="45.05316473543643951416015625" lon="6.27768044359982013702392578125">
        <ele>1919.199951171875</ele>
        <time>2026-07-27T07:37:16.000Z</time>
        <extensions>
          <ns3:TrackPointExtension>
            <ns3:hr>131</ns3:hr>
            <ns3:cad>68</ns3:cad>
          </ns3:TrackPointExtension>
        </extensions>
      </trkpt>
      <trkpt lat="45.05317923612892627716064453125" lon="6.27766552381217479705810546875">
        <ele>1919</ele>
        <time>2026-07-27T07:37:18.000Z</time>
        <extensions>
          <ns3:TrackPointExtension>
            <ns3:hr>131</ns3:hr>
            <ns3:cad>48</ns3:cad>
          </ns3:TrackPointExtension>
        </extensions>
      </trkpt>
      <trkpt lat="45.05319532938301563262939453125" lon="6.2776449881494045257568359375">
        <ele>1918.5999755859375</ele>
        <time>2026-07-27T07:37:21.000Z</time>
        <extensions>
          <ns3:TrackPointExtension>
            <ns3:hr>130</ns3:hr>
            <ns3:cad>0</ns3:cad>
          </ns3:TrackPointExtension>
        </extensions>
      </trkpt>
      <trkpt lat="45.05321008153259754180908203125" lon="6.27762981690466403961181640625">
        <ele>1918.199951171875</ele>
        <time>2026-07-27T07:37:23.000Z</time>
        <extensions>
          <ns3:TrackPointExtension>
            <ns3:hr>130</ns3:hr>
            <ns3:cad>0</ns3:cad>
          </ns3:TrackPointExtension>
        </extensions>
      </trkpt>
      <trkpt lat="45.053225420415401458740234375" lon="6.27760953269898891448974609375">
        <ele>1917.800048828125</ele>
        <time>2026-07-27T07:37:26.000Z</time>
        <extensions>
          <ns3:TrackPointExtension>
            <ns3:hr>135</ns3:hr>
            <ns3:cad>0</ns3:cad>
          </ns3:TrackPointExtension>
        </extensions>
      </trkpt>
      <trkpt lat="45.05325685255229473114013671875" lon="6.277598552405834197998046875">
        <ele>1917.199951171875</ele>
        <time>2026-07-27T07:37:30.000Z</time>
        <extensions>
          <ns3:TrackPointExtension>
            <ns3:hr>135</ns3:hr>
            <ns3:cad>0</ns3:cad>
          </ns3:TrackPointExtension>
        </extensions>
      </trkpt>
      <trkpt lat="45.05327478982508182525634765625" lon="6.27761187963187694549560546875">
        <ele>1916.800048828125</ele>
        <time>2026-07-27T07:37:32.000Z</time>
        <extensions>
          <ns3:TrackPointExtension>
            <ns3:hr>135</ns3:hr>
            <ns3:cad>0</ns3:cad>
          </ns3:TrackPointExtension>
        </extensions>
      </trkpt>
      <trkpt lat="45.05327462218701839447021484375" lon="6.2776469998061656951904296875">
        <ele>1916.199951171875</ele>
        <time>2026-07-27T07:37:35.000Z</time>
        <extensions>
          <ns3:TrackPointExtension>
            <ns3:hr>134</ns3:hr>
            <ns3:cad>0</ns3:cad>
          </ns3:TrackPointExtension>
        </extensions>
      </trkpt>
      <trkpt lat="45.0532718561589717864990234375" lon="6.27765722572803497314453125">
        <ele>1916</ele>
        <time>2026-07-27T07:37:36.000Z</time>
        <extensions>
          <ns3:TrackPointExtension>
            <ns3:hr>134</ns3:hr>
            <ns3:cad>0</ns3:cad>
          </ns3:TrackPointExtension>
        </extensions>
      </trkpt>
      <trkpt lat="45.05325919948518276214599609375" lon="6.27777465619146823883056640625">
        <ele>1914.5999755859375</ele>
        <time>2026-07-27T07:37:44.000Z</time>
        <extensions>
          <ns3:TrackPointExtension>
            <ns3:hr>136</ns3:hr>
            <ns3:cad>47</ns3:cad>
          </ns3:TrackPointExtension>
        </extensions>
      </trkpt>
      <trkpt lat="45.05325919948518276214599609375" lon="6.27778840251266956329345703125">
        <ele>1914.4000244140625</ele>
        <time>2026-07-27T07:37:45.000Z</time>
        <extensions>
          <ns3:TrackPointExtension>
            <ns3:hr>136</ns3:hr>
            <ns3:cad>47</ns3:cad>
          </ns3:TrackPointExtension>
        </extensions>
      </trkpt>
      <trkpt lat="45.05325383506715297698974609375" lon="6.2778474949300289154052734375">
        <ele>1913.199951171875</ele>
        <time>2026-07-27T07:37:49.000Z</time>
        <extensions>
          <ns3:TrackPointExtension>
            <ns3:hr>136</ns3:hr>
            <ns3:cad>48</ns3:cad>
          </ns3:TrackPointExtension>
        </extensions>
      </trkpt>
      <trkpt lat="45.053236484527587890625" lon="6.2779427133500576019287109375">
        <ele>1912.199951171875</ele>
        <time>2026-07-27T07:37:55.000Z</time>
        <extensions>
          <ns3:TrackPointExtension>
            <ns3:hr>136</ns3:hr>
            <ns3:cad>55</ns3:cad>
          </ns3:TrackPointExtension>
        </extensions>
      </trkpt>
      <trkpt lat="45.0532296113669872283935546875" lon="6.27795620821416378021240234375">
        <ele>1912.199951171875</ele>
        <time>2026-07-27T07:37:56.000Z</time>
        <extensions>
          <ns3:TrackPointExtension>
            <ns3:hr>136</ns3:hr>
            <ns3:cad>55</ns3:cad>
          </ns3:TrackPointExtension>
        </extensions>
      </trkpt>
      <trkpt lat="45.0531960837543010711669921875" lon="6.27807238139212131500244140625">
        <ele>1911.199951171875</ele>
        <time>2026-07-27T07:38:04.000Z</time>
        <extensions>
          <ns3:TrackPointExtension>
            <ns3:hr>133</ns3:hr>
            <ns3:cad>55</ns3:cad>
          </ns3:TrackPointExtension>
        </extensions>
      </trkpt>
      <trkpt lat="45.05318962968885898590087890625" lon="6.27812032587826251983642578125">
        <ele>1910.4000244140625</ele>
        <time>2026-07-27T07:38:07.000Z</time>
        <extensions>
          <ns3:TrackPointExtension>
            <ns3:hr>132</ns3:hr>
            <ns3:cad>56</ns3:cad>
          </ns3:TrackPointExtension>
        </extensions>
      </trkpt>
      <trkpt lat="45.0531887076795101165771484375" lon="6.27813239581882953643798828125">
        <ele>1910</ele>
        <time>2026-07-27T07:38:08.000Z</time>
        <extensions>
          <ns3:TrackPointExtension>
            <ns3:hr>132</ns3:hr>
            <ns3:cad>56</ns3:cad>
          </ns3:TrackPointExtension>
        </extensions>
      </trkpt>
      <trkpt lat="45.05317890085279941558837890625" lon="6.27822325564920902252197265625">
        <ele>1908.800048828125</ele>
        <time>2026-07-27T07:38:14.000Z</time>
        <extensions>
          <ns3:TrackPointExtension>
            <ns3:hr>132</ns3:hr>
            <ns3:cad>56</ns3:cad>
          </ns3:TrackPointExtension>
        </extensions>
      </trkpt>
      <trkpt lat="45.05317823030054569244384765625" lon="6.278257034718990325927734375">
        <ele>1908.5999755859375</ele>
        <time>2026-07-27T07:38:16.000Z</time>
        <extensions>
          <ns3:TrackPointExtension>
            <ns3:hr>132</ns3:hr>
            <ns3:cad>56</ns3:cad>
          </ns3:TrackPointExtension>
        </extensions>
      </trkpt>
      <trkpt lat="45.05315962247550487518310546875" lon="6.2783718667924404144287109375">
        <ele>1907.800048828125</ele>
        <time>2026-07-27T07:38:23.000Z</time>
        <extensions>
          <ns3:TrackPointExtension>
            <ns3:hr>131</ns3:hr>
            <ns3:cad>53</ns3:cad>
          </ns3:TrackPointExtension>
        </extensions>
      </trkpt>
      <trkpt lat="45.0531558506190776824951171875" lon="6.27838804386556148529052734375">
        <ele>1907.5999755859375</ele>
        <time>2026-07-27T07:38:24.000Z</time>
        <extensions>
          <ns3:TrackPointExtension>
            <ns3:hr>131</ns3:hr>
            <ns3:cad>53</ns3:cad>
          </ns3:TrackPointExtension>
        </extensions>
      </trkpt>
      <trkpt lat="45.05313330329954624176025390625" lon="6.27848896197974681854248046875">
        <ele>1906.5999755859375</ele>
        <time>2026-07-27T07:38:30.000Z</time>
        <extensions>
          <ns3:TrackPointExtension>
            <ns3:hr>131</ns3:hr>
            <ns3:cad>0</ns3:cad>
          </ns3:TrackPointExtension>
        </extensions>
      </trkpt>
      <trkpt lat="45.05311000160872936248779296875" lon="6.2785690091550350189208984375">
        <ele>1905.5999755859375</ele>
        <time>2026-07-27T07:38:36.000Z</time>
        <extensions>
          <ns3:TrackPointExtension>
            <ns3:hr>131</ns3:hr>
            <ns3:cad>59</ns3:cad>
          </ns3:TrackPointExtension>
        </extensions>
      </trkpt>
      <trkpt lat="45.0531117618083953857421875" lon="6.27857680432498455047607421875">
        <ele>1905.5999755859375</ele>
        <time>2026-07-27T07:38:37.000Z</time>
        <extensions>
          <ns3:TrackPointExtension>
            <ns3:hr>131</ns3:hr>
            <ns3:cad>59</ns3:cad>
          </ns3:TrackPointExtension>
        </extensions>
      </trkpt>
      <trkpt lat="45.0531132705509662628173828125" lon="6.27857998944818973541259765625">
        <ele>1905.4000244140625</ele>
        <time>2026-07-27T07:38:38.000Z</time>
        <extensions>
          <ns3:TrackPointExtension>
            <ns3:hr>131</ns3:hr>
            <ns3:cad>0</ns3:cad>
          </ns3:TrackPointExtension>
        </extensions>
      </trkpt>
      <trkpt lat="45.0531387515366077423095703125" lon="6.2785686738789081573486328125">
        <ele>1905</ele>
        <time>2026-07-27T07:38:41.000Z</time>
        <extensions>
          <ns3:TrackPointExtension>
            <ns3:hr>129</ns3:hr>
            <ns3:cad>0</ns3:cad>
          </ns3:TrackPointExtension>
        </extensions>
      </trkpt>
      <trkpt lat="45.05314688198268413543701171875" lon="6.2785626389086246490478515625">
        <ele>1904.4000244140625</ele>
        <time>2026-07-27T07:38:42.000Z</time>
        <extensions>
          <ns3:TrackPointExtension>
            <ns3:hr>129</ns3:hr>
            <ns3:cad>0</ns3:cad>
          </ns3:TrackPointExtension>
        </extensions>
      </trkpt>
      <trkpt lat="45.05317873321473598480224609375" lon="6.27853858284652233123779296875">
        <ele>1903.4000244140625</ele>
        <time>2026-07-27T07:38:46.000Z</time>
        <extensions>
          <ns3:TrackPointExtension>
            <ns3:hr>129</ns3:hr>
            <ns3:cad>55</ns3:cad>
          </ns3:TrackPointExtension>
        </extensions>
      </trkpt>
      <trkpt lat="45.05321645177900791168212890625" lon="6.27850622870028018951416015625">
        <ele>1902</ele>
        <time>2026-07-27T07:38:50.000Z</time>
        <extensions>
          <ns3:TrackPointExtension>
            <ns3:hr>128</ns3:hr>
            <ns3:cad>55</ns3:cad>
          </ns3:TrackPointExtension>
        </extensions>
      </trkpt>
      <trkpt lat="45.05322416312992572784423828125" lon="6.2784999422729015350341796875">
        <ele>1902</ele>
        <time>2026-07-27T07:38:51.000Z</time>
        <extensions>
          <ns3:TrackPointExtension>
            <ns3:hr>127</ns3:hr>
            <ns3:cad>54</ns3:cad>
          </ns3:TrackPointExtension>
        </extensions>
      </trkpt>
      <trkpt lat="45.0532406754791736602783203125" lon="6.27850019372999668121337890625">
        <ele>1901.5999755859375</ele>
        <time>2026-07-27T07:38:54.000Z</time>
        <extensions>
          <ns3:TrackPointExtension>
            <ns3:hr>127</ns3:hr>
            <ns3:cad>53</ns3:cad>
          </ns3:TrackPointExtension>
        </extensions>
      </trkpt>
      <trkpt lat="45.05324277095496654510498046875" lon="6.278495080769062042236328125">
        <ele>1901.4000244140625</ele>
        <time>2026-07-27T07:39:02.000Z</time>
        <extensions>
          <ns3:TrackPointExtension>
            <ns3:hr>127</ns3:hr>
            <ns3:cad>0</ns3:cad>
          </ns3:TrackPointExtension>
        </extensions>
      </trkpt>
      <trkpt lat="45.053264982998371124267578125" lon="6.2784680910408496856689453125">
        <ele>1900.800048828125</ele>
        <time>2026-07-27T07:39:05.000Z</time>
        <extensions>
          <ns3:TrackPointExtension>
            <ns3:hr>130</ns3:hr>
            <ns3:cad>0</ns3:cad>
          </ns3:TrackPointExtension>
        </extensions>
      </trkpt>
      <trkpt lat="45.05327210761606693267822265625" lon="6.27845392562448978424072265625">
        <ele>1900.199951171875</ele>
        <time>2026-07-27T07:39:06.000Z</time>
        <extensions>
          <ns3:TrackPointExtension>
            <ns3:hr>133</ns3:hr>
            <ns3:cad>0</ns3:cad>
          </ns3:TrackPointExtension>
        </extensions>
      </trkpt>
      <trkpt lat="45.05329607985913753509521484375" lon="6.2784183025360107421875">
        <ele>1899.800048828125</ele>
        <time>2026-07-27T07:39:09.000Z</time>
        <extensions>
          <ns3:TrackPointExtension>
            <ns3:hr>135</ns3:hr>
            <ns3:cad>0</ns3:cad>
          </ns3:TrackPointExtension>
        </extensions>
      </trkpt>
      <trkpt lat="45.05330680869519710540771484375" lon="6.27840665169060230255126953125">
        <ele>1899.5999755859375</ele>
        <time>2026-07-27T07:39:10.000Z</time>
        <extensions>
          <ns3:TrackPointExtension>
            <ns3:hr>135</ns3:hr>
            <ns3:cad>55</ns3:cad>
          </ns3:TrackPointExtension>
        </extensions>
      </trkpt>
      <trkpt lat="45.05335894413292407989501953125" lon="6.2783145345747470855712890625">
        <ele>1898.5999755859375</ele>
        <time>2026-07-27T07:39:17.000Z</time>
        <extensions>
          <ns3:TrackPointExtension>
            <ns3:hr>135</ns3:hr>
            <ns3:cad>55</ns3:cad>
          </ns3:TrackPointExtension>
        </extensions>
      </trkpt>
      <trkpt lat="45.05337755195796489715576171875" lon="6.27827472053468227386474609375">
        <ele>1898.199951171875</ele>
        <time>2026-07-27T07:39:20.000Z</time>
        <extensions>
          <ns3:TrackPointExtension>
            <ns3:hr>133</ns3:hr>
            <ns3:cad>53</ns3:cad>
          </ns3:TrackPointExtension>
        </extensions>
      </trkpt>
      <trkpt lat="45.0534163601696491241455078125" lon="6.27821655012667179107666015625">
        <ele>1897.5999755859375</ele>
        <time>2026-07-27T07:39:25.000Z</time>
        <extensions>
          <ns3:TrackPointExtension>
            <ns3:hr>132</ns3:hr>
            <ns3:cad>0</ns3:cad>
          </ns3:TrackPointExtension>
        </extensions>
      </trkpt>
      <trkpt lat="45.0534669868648052215576171875" lon="6.27815787680447101593017578125">
        <ele>1896.5999755859375</ele>
        <time>2026-07-27T07:39:31.000Z</time>
        <extensions>
          <ns3:TrackPointExtension>
            <ns3:hr>132</ns3:hr>
            <ns3:cad>0</ns3:cad>
          </ns3:TrackPointExtension>
        </extensions>
      </trkpt>
      <trkpt lat="45.05348919890820980072021484375" lon="6.27812795341014862060546875">
        <ele>1896</ele>
        <time>2026-07-27T07:39:34.000Z</time>
        <extensions>
          <ns3:TrackPointExtension>
            <ns3:hr>131</ns3:hr>
            <ns3:cad>0</ns3:cad>
          </ns3:TrackPointExtension>
        </extensions>
      </trkpt>
      <trkpt lat="45.05351166240870952606201171875" lon="6.278090737760066986083984375">
        <ele>1895.4000244140625</ele>
        <time>2026-07-27T07:39:37.000Z</time>
        <extensions>
          <ns3:TrackPointExtension>
            <ns3:hr>131</ns3:hr>
            <ns3:cad>55</ns3:cad>
          </ns3:TrackPointExtension>
        </extensions>
      </trkpt>
      <trkpt lat="45.053582154214382171630859375" lon="6.2779842875897884368896484375">
        <ele>1894.199951171875</ele>
        <time>2026-07-27T07:39:47.000Z</time>
        <extensions>
          <ns3:TrackPointExtension>
            <ns3:hr>129</ns3:hr>
            <ns3:cad>0</ns3:cad>
          </ns3:TrackPointExtension>
        </extensions>
      </trkpt>
      <trkpt lat="45.05360595881938934326171875" lon="6.27794765867292881011962890625">
        <ele>1893.5999755859375</ele>
        <time>2026-07-27T07:39:51.000Z</time>
        <extensions>
          <ns3:TrackPointExtension>
            <ns3:hr>127</ns3:hr>
            <ns3:cad>49</ns3:cad>
          </ns3:TrackPointExtension>
        </extensions>
      </trkpt>
      <trkpt lat="45.0536161847412586212158203125" lon="6.27791027538478374481201171875">
        <ele>1893.4000244140625</ele>
        <time>2026-07-27T07:39:54.000Z</time>
        <extensions>
          <ns3:TrackPointExtension>
            <ns3:hr>127</ns3:hr>
            <ns3:cad>49</ns3:cad>
          </ns3:TrackPointExtension>
        </extensions>
      </trkpt>
      <trkpt lat="45.053647868335247039794921875" lon="6.277914382517337799072265625">
        <ele>1893.199951171875</ele>
        <time>2026-07-27T07:39:57.000Z</time>
        <extensions>
          <ns3:TrackPointExtension>
            <ns3:hr>127</ns3:hr>
            <ns3:cad>49</ns3:cad>
          </ns3:TrackPointExtension>
        </extensions>
      </trkpt>
      <trkpt lat="45.0536456890404224395751953125" lon="6.2779430486261844635009765625">
        <ele>1893</ele>
        <time>2026-07-27T07:39:59.000Z</time>
        <extensions>
          <ns3:TrackPointExtension>
            <ns3:hr>127</ns3:hr>
            <ns3:cad>0</ns3:cad>
          </ns3:TrackPointExtension>
        </extensions>
      </trkpt>
      <trkpt lat="45.053641498088836669921875" lon="6.2779842875897884368896484375">
        <ele>1892</ele>
        <time>2026-07-27T07:40:02.000Z</time>
        <extensions>
          <ns3:TrackPointExtension>
            <ns3:hr>126</ns3:hr>
            <ns3:cad>0</ns3:cad>
          </ns3:TrackPointExtension>
        </extensions>
      </trkpt>
      <trkpt lat="45.05363035015761852264404296875" lon="6.27807958982884883880615234375">
        <ele>1891.199951171875</ele>
        <time>2026-07-27T07:40:09.000Z</time>
        <extensions>
          <ns3:TrackPointExtension>
            <ns3:hr>125</ns3:hr>
            <ns3:cad>49</ns3:cad>
          </ns3:TrackPointExtension>
        </extensions>
      </trkpt>
      <trkpt lat="45.05362607538700103759765625" lon="6.27809174358844757080078125">
        <ele>1891</ele>
        <time>2026-07-27T07:40:10.000Z</time>
        <extensions>
          <ns3:TrackPointExtension>
            <ns3:hr>125</ns3:hr>
            <ns3:cad>49</ns3:cad>
          </ns3:TrackPointExtension>
        </extensions>
      </trkpt>
      <trkpt lat="45.0536160171031951904296875" lon="6.2781230919063091278076171875">
        <ele>1890.199951171875</ele>
        <time>2026-07-27T07:40:16.000Z</time>
        <extensions>
          <ns3:TrackPointExtension>
            <ns3:hr>125</ns3:hr>
            <ns3:cad>0</ns3:cad>
          </ns3:TrackPointExtension>
        </extensions>
      </trkpt>
      <trkpt lat="45.05360436625778675079345703125" lon="6.278159134089946746826171875">
        <ele>1889.800048828125</ele>
        <time>2026-07-27T07:40:19.000Z</time>
        <extensions>
          <ns3:TrackPointExtension>
            <ns3:hr>126</ns3:hr>
            <ns3:cad>0</ns3:cad>
          </ns3:TrackPointExtension>
        </extensions>
      </trkpt>
      <trkpt lat="45.053593218326568603515625" lon="6.2782104313373565673828125">
        <ele>1889.4000244140625</ele>
        <time>2026-07-27T07:40:24.000Z</time>
        <extensions>
          <ns3:TrackPointExtension>
            <ns3:hr>127</ns3:hr>
            <ns3:cad>55</ns3:cad>
          </ns3:TrackPointExtension>
        </extensions>
      </trkpt>
      <trkpt lat="45.0535940565168857574462890625" lon="6.2782508321106433868408203125">
        <ele>1889</ele>
        <time>2026-07-27T07:40:27.000Z</time>
        <extensions>
          <ns3:TrackPointExtension>
            <ns3:hr>127</ns3:hr>
            <ns3:cad>52</ns3:cad>
          </ns3:TrackPointExtension>
        </extensions>
      </trkpt>
      <trkpt lat="45.05358693189918994903564453125" lon="6.27827522344887256622314453125">
        <ele>1888.800048828125</ele>
        <time>2026-07-27T07:40:29.000Z</time>
        <extensions>
          <ns3:TrackPointExtension>
            <ns3:hr>127</ns3:hr>
            <ns3:cad>52</ns3:cad>
          </ns3:TrackPointExtension>
        </extensions>
      </trkpt>
      <trkpt lat="45.053588859736919403076171875" lon="6.27832165919244289398193359375">
        <ele>1888.199951171875</ele>
        <time>2026-07-27T07:40:32.000Z</time>
        <extensions>
          <ns3:TrackPointExtension>
            <ns3:hr>126</ns3:hr>
            <ns3:cad>0</ns3:cad>
          </ns3:TrackPointExtension>
        </extensions>
      </trkpt>
      <trkpt lat="45.0535826571285724639892578125" lon="6.27834387123584747314453125">
        <ele>1887.800048828125</ele>
        <time>2026-07-27T07:40:34.000Z</time>
        <extensions>
          <ns3:TrackPointExtension>
            <ns3:hr>125</ns3:hr>
            <ns3:cad>0</ns3:cad>
          </ns3:TrackPointExtension>
        </extensions>
      </trkpt>
      <trkpt lat="45.0535819865763187408447265625" lon="6.27835015766322612762451171875">
        <ele>1886.800048828125</ele>
        <time>2026-07-27T07:40:39.000Z</time>
        <extensions>
          <ns3:TrackPointExtension>
            <ns3:hr>128</ns3:hr>
            <ns3:cad>0</ns3:cad>
          </ns3:TrackPointExtension>
        </extensions>
      </trkpt>
      <trkpt lat="45.05358240567147731781005859375" lon="6.27834999002516269683837890625">
        <ele>1886.800048828125</ele>
        <time>2026-07-27T07:40:40.000Z</time>
        <extensions>
          <ns3:TrackPointExtension>
            <ns3:hr>127</ns3:hr>
            <ns3:cad>0</ns3:cad>
          </ns3:TrackPointExtension>
        </extensions>
      </trkpt>
      <trkpt lat="45.05358341149985790252685546875" lon="6.27835233695805072784423828125">
        <ele>1886.5999755859375</ele>
        <time>2026-07-27T07:40:43.000Z</time>
        <extensions>
          <ns3:TrackPointExtension>
            <ns3:hr>126</ns3:hr>
            <ns3:cad>0</ns3:cad>
          </ns3:TrackPointExtension>
        </extensions>
      </trkpt>
      <trkpt lat="45.05358274094760417938232421875" lon="6.27837295643985271453857421875">
        <ele>1886.199951171875</ele>
        <time>2026-07-27T07:40:51.000Z</time>
        <extensions>
          <ns3:TrackPointExtension>
            <ns3:hr>127</ns3:hr>
            <ns3:cad>0</ns3:cad>
          </ns3:TrackPointExtension>
        </extensions>
      </trkpt>
      <trkpt lat="45.0535731017589569091796875" lon="6.27839424647390842437744140625">
        <ele>1885.4000244140625</ele>
        <time>2026-07-27T07:40:56.000Z</time>
        <extensions>
          <ns3:TrackPointExtension>
            <ns3:hr>128</ns3:hr>
            <ns3:cad>0</ns3:cad>
          </ns3:TrackPointExtension>
        </extensions>
      </trkpt>
      <trkpt lat="45.05356178618967533111572265625" lon="6.2784466333687305450439453125">
        <ele>1884.800048828125</ele>
        <time>2026-07-27T07:40:59.000Z</time>
        <extensions>
          <ns3:TrackPointExtension>
            <ns3:hr>128</ns3:hr>
            <ns3:cad>0</ns3:cad>
          </ns3:TrackPointExtension>
        </extensions>
      </trkpt>
      <trkpt lat="45.0535524822771549224853515625" lon="6.278495080769062042236328125">
        <ele>1884.4000244140625</ele>
        <time>2026-07-27T07:41:02.000Z</time>
        <extensions>
          <ns3:TrackPointExtension>
            <ns3:hr>128</ns3:hr>
            <ns3:cad>0</ns3:cad>
          </ns3:TrackPointExtension>
        </extensions>
      </trkpt>
      <trkpt lat="45.053547285497188568115234375" lon="6.27856289036571979522705078125">
        <ele>1883.199951171875</ele>
        <time>2026-07-27T07:41:07.000Z</time>
        <extensions>
          <ns3:TrackPointExtension>
            <ns3:hr>128</ns3:hr>
            <ns3:cad>0</ns3:cad>
          </ns3:TrackPointExtension>
        </extensions>
      </trkpt>
      <trkpt lat="45.05354636348783969879150390625" lon="6.2785757146775722503662109375">
        <ele>1883.199951171875</ele>
        <time>2026-07-27T07:41:08.000Z</time>
        <extensions>
          <ns3:TrackPointExtension>
            <ns3:hr>128</ns3:hr>
            <ns3:cad>0</ns3:cad>
          </ns3:TrackPointExtension>
        </extensions>
      </trkpt>
      <trkpt lat="45.053537227213382720947265625" lon="6.27865006215870380401611328125">
        <ele>1882</ele>
        <time>2026-07-27T07:41:13.000Z</time>
        <extensions>
          <ns3:TrackPointExtension>
            <ns3:hr>127</ns3:hr>
            <ns3:cad>0</ns3:cad>
          </ns3:TrackPointExtension>
        </extensions>
      </trkpt>
      <trkpt lat="45.0535373948514461517333984375" lon="6.2786789797246456146240234375">
        <ele>1881.800048828125</ele>
        <time>2026-07-27T07:41:15.000Z</time>
        <extensions>
          <ns3:TrackPointExtension>
            <ns3:hr>127</ns3:hr>
            <ns3:cad>52</ns3:cad>
          </ns3:TrackPointExtension>
        </extensions>
      </trkpt>
      <trkpt lat="45.053546614944934844970703125" lon="6.27874980680644512176513671875">
        <ele>1880.800048828125</ele>
        <time>2026-07-27T07:41:20.000Z</time>
        <extensions>
          <ns3:TrackPointExtension>
            <ns3:hr>127</ns3:hr>
            <ns3:cad>62</ns3:cad>
          </ns3:TrackPointExtension>
        </extensions>
      </trkpt>
      <trkpt lat="45.05354502238333225250244140625" lon="6.2788045406341552734375">
        <ele>1879.800048828125</ele>
        <time>2026-07-27T07:41:24.000Z</time>
        <extensions>
          <ns3:TrackPointExtension>
            <ns3:hr>127</ns3:hr>
            <ns3:cad>0</ns3:cad>
          </ns3:TrackPointExtension>
        </extensions>
      </trkpt>
      <trkpt lat="45.0535283423960208892822265625" lon="6.27889732830226421356201171875">
        <ele>1878.5999755859375</ele>
        <time>2026-07-27T07:41:31.000Z</time>
        <extensions>
          <ns3:TrackPointExtension>
            <ns3:hr>127</ns3:hr>
            <ns3:cad>0</ns3:cad>
          </ns3:TrackPointExtension>
        </extensions>
      </trkpt>
      <trkpt lat="45.0535261631011962890625" lon="6.27890319563448429107666015625">
        <ele>1878.4000244140625</ele>
        <time>2026-07-27T07:41:32.000Z</time>
        <extensions>
          <ns3:TrackPointExtension>
            <ns3:hr>127</ns3:hr>
            <ns3:cad>0</ns3:cad>
          </ns3:TrackPointExtension>
        </extensions>
      </trkpt>
      <trkpt lat="45.05352121777832508087158203125" lon="6.27891073934733867645263671875">
        <ele>1878</ele>
        <time>2026-07-27T07:41:38.000Z</time>
        <extensions>
          <ns3:TrackPointExtension>
            <ns3:hr>128</ns3:hr>
            <ns3:cad>0</ns3:cad>
          </ns3:TrackPointExtension>
        </extensions>
      </trkpt>
      <trkpt lat="45.053523816168308258056640625" lon="6.27891476266086101531982421875">
        <ele>1877.800048828125</ele>
        <time>2026-07-27T07:41:47.000Z</time>
        <extensions>
          <ns3:TrackPointExtension>
            <ns3:hr>129</ns3:hr>
            <ns3:cad>0</ns3:cad>
          </ns3:TrackPointExtension>
        </extensions>
      </trkpt>
      <trkpt lat="45.0535221397876739501953125" lon="6.27891476266086101531982421875">
        <ele>1877.5999755859375</ele>
        <time>2026-07-27T07:41:54.000Z</time>
        <extensions>
          <ns3:TrackPointExtension>
            <ns3:hr>130</ns3:hr>
            <ns3:cad>0</ns3:cad>
          </ns3:TrackPointExtension>
        </extensions>
      </trkpt>
      <trkpt lat="45.05352037958800792694091796875" lon="6.27891526557505130767822265625">
        <ele>1877.5999755859375</ele>
        <time>2026-07-27T07:42:05.000Z</time>
        <extensions>
          <ns3:TrackPointExtension>
            <ns3:hr>126</ns3:hr>
            <ns3:cad>0</ns3:cad>
          </ns3:TrackPointExtension>
        </extensions>
      </trkpt>
      <trkpt lat="45.053521133959293365478515625" lon="6.27891526557505130767822265625">
        <ele>1877.5999755859375</ele>
        <time>2026-07-27T07:42:07.000Z</time>
        <extensions>
          <ns3:TrackPointExtension>
            <ns3:hr>123</ns3:hr>
            <ns3:cad>0</ns3:cad>
          </ns3:TrackPointExtension>
        </extensions>
      </trkpt>
      <trkpt lat="45.05352825857698917388916015625" lon="6.2789096496999263763427734375">
        <ele>1877.199951171875</ele>
        <time>2026-07-27T07:42:41.000Z</time>
        <extensions>
          <ns3:TrackPointExtension>
            <ns3:hr>119</ns3:hr>
            <ns3:cad>0</ns3:cad>
          </ns3:TrackPointExtension>
        </extensions>
      </trkpt>
      <trkpt lat="45.053523816168308258056640625" lon="6.27891392447054386138916015625">
        <ele>1878</ele>
        <time>2026-07-27T07:42:51.000Z</time>
        <extensions>
          <ns3:TrackPointExtension>
            <ns3:hr>115</ns3:hr>
            <ns3:cad>0</ns3:cad>
          </ns3:TrackPointExtension>
        </extensions>
      </trkpt>
      <trkpt lat="45.0535236485302448272705078125" lon="6.278914175927639007568359375">
        <ele>1878.199951171875</ele>
        <time>2026-07-27T07:42:54.000Z</time>
        <extensions>
          <ns3:TrackPointExtension>
            <ns3:hr>112</ns3:hr>
            <ns3:cad>0</ns3:cad>
          </ns3:TrackPointExtension>
        </extensions>
      </trkpt>
      <trkpt lat="45.053523480892181396484375" lon="6.27891425974667072296142578125">
        <ele>1877.800048828125</ele>
        <time>2026-07-27T07:42:57.000Z</time>
        <extensions>
          <ns3:TrackPointExtension>
            <ns3:hr>109</ns3:hr>
            <ns3:cad>0</ns3:cad>
          </ns3:TrackPointExtension>
        </extensions>
      </trkpt>
      <trkpt lat="45.053522475063800811767578125" lon="6.2789153493940830230712890625">
        <ele>1878.4000244140625</ele>
        <time>2026-07-27T07:43:04.000Z</time>
        <extensions>
          <ns3:TrackPointExtension>
            <ns3:hr>106</ns3:hr>
            <ns3:cad>0</ns3:cad>
          </ns3:TrackPointExtension>
        </extensions>
      </trkpt>
      <trkpt lat="45.0535219721496105194091796875" lon="6.27891694195568561553955078125">
        <ele>1877.4000244140625</ele>
        <time>2026-07-27T07:43:09.000Z</time>
        <extensions>
          <ns3:TrackPointExtension>
            <ns3:hr>102</ns3:hr>
            <ns3:cad>0</ns3:cad>
          </ns3:TrackPointExtension>
        </extensions>
      </trkpt>
      <trkpt lat="45.05352004431188106536865234375" lon="6.278921552002429962158203125">
        <ele>1876.5999755859375</ele>
        <time>2026-07-27T07:43:23.000Z</time>
        <extensions>
          <ns3:TrackPointExtension>
            <ns3:hr>107</ns3:hr>
            <ns3:cad>0</ns3:cad>
          </ns3:TrackPointExtension>
        </extensions>
      </trkpt>
      <trkpt lat="45.05351719446480274200439453125" lon="6.2789212167263031005859375">
        <ele>1876.5999755859375</ele>
        <time>2026-07-27T07:43:26.000Z</time>
        <extensions>
          <ns3:TrackPointExtension>
            <ns3:hr>111</ns3:hr>
            <ns3:cad>0</ns3:cad>
          </ns3:TrackPointExtension>
        </extensions>
      </trkpt>
      <trkpt lat="45.05351685918867588043212890625" lon="6.27892146818339824676513671875">
        <ele>1876.800048828125</ele>
        <time>2026-07-27T07:43:28.000Z</time>
        <extensions>
          <ns3:TrackPointExtension>
            <ns3:hr>114</ns3:hr>
            <ns3:cad>0</ns3:cad>
          </ns3:TrackPointExtension>
        </extensions>
      </trkpt>
      <trkpt lat="45.05351669155061244964599609375" lon="6.278921552002429962158203125">
        <ele>1876.800048828125</ele>
        <time>2026-07-27T07:43:37.000Z</time>
        <extensions>
          <ns3:TrackPointExtension>
            <ns3:hr>117</ns3:hr>
            <ns3:cad>0</ns3:cad>
          </ns3:TrackPointExtension>
        </extensions>
      </trkpt>
      <trkpt lat="45.05351736210286617279052734375" lon="6.278920210897922515869140625">
        <ele>1876.800048828125</ele>
        <time>2026-07-27T07:43:40.000Z</time>
        <extensions>
          <ns3:TrackPointExtension>
            <ns3:hr>120</ns3:hr>
            <ns3:cad>0</ns3:cad>
          </ns3:TrackPointExtension>
        </extensions>
      </trkpt>
      <trkpt lat="45.053527168929576873779296875" lon="6.27891107462346553802490234375">
        <ele>1876.800048828125</ele>
        <time>2026-07-27T07:43:50.000Z</time>
        <extensions>
          <ns3:TrackPointExtension>
            <ns3:hr>117</ns3:hr>
            <ns3:cad>0</ns3:cad>
          </ns3:TrackPointExtension>
        </extensions>
      </trkpt>
      <trkpt lat="45.05352809093892574310302734375" lon="6.27891090698540210723876953125">
        <ele>1877</ele>
        <time>2026-07-27T07:43:54.000Z</time>
        <extensions>
          <ns3:TrackPointExtension>
            <ns3:hr>114</ns3:hr>
            <ns3:cad>0</ns3:cad>
          </ns3:TrackPointExtension>
        </extensions>
      </trkpt>
      <trkpt lat="45.053531862795352935791015625" lon="6.278912164270877838134765625">
        <ele>1876.5999755859375</ele>
        <time>2026-07-27T07:44:04.000Z</time>
        <extensions>
          <ns3:TrackPointExtension>
            <ns3:hr>113</ns3:hr>
            <ns3:cad>0</ns3:cad>
          </ns3:TrackPointExtension>
        </extensions>
      </trkpt>
      <trkpt lat="45.0535293482244014739990234375" lon="6.27899967133998870849609375">
        <ele>1875.800048828125</ele>
        <time>2026-07-27T07:44:09.000Z</time>
        <extensions>
          <ns3:TrackPointExtension>
            <ns3:hr>114</ns3:hr>
            <ns3:cad>50</ns3:cad>
          </ns3:TrackPointExtension>
        </extensions>
      </trkpt>
      <trkpt lat="45.05353077314794063568115234375" lon="6.27906111069023609161376953125">
        <ele>1875.4000244140625</ele>
        <time>2026-07-27T07:44:12.000Z</time>
        <extensions>
          <ns3:TrackPointExtension>
            <ns3:hr>113</ns3:hr>
            <ns3:cad>50</ns3:cad>
          </ns3:TrackPointExtension>
        </extensions>
      </trkpt>
      <trkpt lat="45.053533874452114105224609375" lon="6.27908256836235523223876953125">
        <ele>1875</ele>
        <time>2026-07-27T07:44:13.000Z</time>
        <extensions>
          <ns3:TrackPointExtension>
            <ns3:hr>113</ns3:hr>
            <ns3:cad>50</ns3:cad>
          </ns3:TrackPointExtension>
        </extensions>
      </trkpt>
      <trkpt lat="45.05352658219635486602783203125" lon="6.2791503779590129852294921875">
        <ele>1874.199951171875</ele>
        <time>2026-07-27T07:44:17.000Z</time>
        <extensions>
          <ns3:TrackPointExtension>
            <ns3:hr>113</ns3:hr>
            <ns3:cad>50</ns3:cad>
          </ns3:TrackPointExtension>
        </extensions>
      </trkpt>
      <trkpt lat="45.0535008497536182403564453125" lon="6.27919547259807586669921875">
        <ele>1873.199951171875</ele>
        <time>2026-07-27T07:44:21.000Z</time>
        <extensions>
          <ns3:TrackPointExtension>
            <ns3:hr>113</ns3:hr>
            <ns3:cad>0</ns3:cad>
          </ns3:TrackPointExtension>
        </extensions>
      </trkpt>
      <trkpt lat="45.05349137820303440093994140625" lon="6.2792157568037509918212890625">
        <ele>1873</ele>
        <time>2026-07-27T07:44:24.000Z</time>
        <extensions>
          <ns3:TrackPointExtension>
            <ns3:hr>113</ns3:hr>
            <ns3:cad>0</ns3:cad>
          </ns3:TrackPointExtension>
        </extensions>
      </trkpt>
      <trkpt lat="45.05349456332623958587646484375" lon="6.2792281620204448699951171875">
        <ele>1873</ele>
        <time>2026-07-27T07:44:25.000Z</time>
        <extensions>
          <ns3:TrackPointExtension>
            <ns3:hr>113</ns3:hr>
            <ns3:cad>0</ns3:cad>
          </ns3:TrackPointExtension>
        </extensions>
      </trkpt>
      <trkpt lat="45.053519792854785919189453125" lon="6.27923377789556980133056640625">
        <ele>1872.199951171875</ele>
        <time>2026-07-27T07:44:29.000Z</time>
        <extensions>
          <ns3:TrackPointExtension>
            <ns3:hr>112</ns3:hr>
            <ns3:cad>0</ns3:cad>
          </ns3:TrackPointExtension>
        </extensions>
      </trkpt>
      <trkpt lat="45.05352624692022800445556640625" lon="6.27923143096268177032470703125">
        <ele>1872</ele>
        <time>2026-07-27T07:44:30.000Z</time>
        <extensions>
          <ns3:TrackPointExtension>
            <ns3:hr>112</ns3:hr>
            <ns3:cad>0</ns3:cad>
          </ns3:TrackPointExtension>
        </extensions>
      </trkpt>
      <trkpt lat="45.05355021916329860687255859375" lon="6.2792162597179412841796875">
        <ele>1871.4000244140625</ele>
        <time>2026-07-27T07:44:33.000Z</time>
        <extensions>
          <ns3:TrackPointExtension>
            <ns3:hr>111</ns3:hr>
            <ns3:cad>0</ns3:cad>
          </ns3:TrackPointExtension>
        </extensions>
      </trkpt>
      <trkpt lat="45.05359129048883914947509765625" lon="6.27919337712228298187255859375">
        <ele>1870.800048828125</ele>
        <time>2026-07-27T07:44:37.000Z</time>
        <extensions>
          <ns3:TrackPointExtension>
            <ns3:hr>111</ns3:hr>
            <ns3:cad>0</ns3:cad>
          </ns3:TrackPointExtension>
        </extensions>
      </trkpt>
      <trkpt lat="45.05360051058232784271240234375" lon="6.2791889347136020660400390625">
        <ele>1870.5999755859375</ele>
        <time>2026-07-27T07:44:38.000Z</time>
        <extensions>
          <ns3:TrackPointExtension>
            <ns3:hr>111</ns3:hr>
            <ns3:cad>0</ns3:cad>
          </ns3:TrackPointExtension>
        </extensions>
      </trkpt>
      <trkpt lat="45.0536356307566165924072265625" lon="6.27916689030826091766357421875">
        <ele>1869.800048828125</ele>
        <time>2026-07-27T07:44:42.000Z</time>
        <extensions>
          <ns3:TrackPointExtension>
            <ns3:hr>111</ns3:hr>
            <ns3:cad>0</ns3:cad>
          </ns3:TrackPointExtension>
        </extensions>
      </trkpt>
      <trkpt lat="45.05366857163608074188232421875" lon="6.27911098301410675048828125">
        <ele>1868.4000244140625</ele>
        <time>2026-07-27T07:44:48.000Z</time>
        <extensions>
          <ns3:TrackPointExtension>
            <ns3:hr>110</ns3:hr>
            <ns3:cad>0</ns3:cad>
          </ns3:TrackPointExtension>
        </extensions>
      </trkpt>
      <trkpt lat="45.05367393605411052703857421875" lon="6.2790836580097675323486328125">
        <ele>1868.199951171875</ele>
        <time>2026-07-27T07:44:54.000Z</time>
        <extensions>
          <ns3:TrackPointExtension>
            <ns3:hr>107</ns3:hr>
            <ns3:cad>0</ns3:cad>
          </ns3:TrackPointExtension>
        </extensions>
      </trkpt>
      <trkpt lat="45.05371483974158763885498046875" lon="6.2790068797767162322998046875">
        <ele>1867.4000244140625</ele>
        <time>2026-07-27T07:45:00.000Z</time>
        <extensions>
          <ns3:TrackPointExtension>
            <ns3:hr>105</ns3:hr>
            <ns3:cad>0</ns3:cad>
          </ns3:TrackPointExtension>
        </extensions>
      </trkpt>
      <trkpt lat="45.05375842563807964324951171875" lon="6.27890571020543575286865234375">
        <ele>1866.199951171875</ele>
        <time>2026-07-27T07:45:08.000Z</time>
        <extensions>
          <ns3:TrackPointExtension>
            <ns3:hr>106</ns3:hr>
            <ns3:cad>57</ns3:cad>
          </ns3:TrackPointExtension>
        </extensions>
      </trkpt>
      <trkpt lat="45.05375993438065052032470703125" lon="6.27890118397772312164306640625">
        <ele>1866</ele>
        <time>2026-07-27T07:45:09.000Z</time>
        <extensions>
          <ns3:TrackPointExtension>
            <ns3:hr>106</ns3:hr>
            <ns3:cad>54</ns3:cad>
          </ns3:TrackPointExtension>
        </extensions>
      </trkpt>
      <trkpt lat="45.05378424189984798431396484375" lon="6.2788466177880764007568359375">
        <ele>1866</ele>
        <time>2026-07-27T07:45:15.000Z</time>
        <extensions>
          <ns3:TrackPointExtension>
            <ns3:hr>105</ns3:hr>
            <ns3:cad>45</ns3:cad>
          </ns3:TrackPointExtension>
        </extensions>
      </trkpt>
      <trkpt lat="45.053822211921215057373046875" lon="6.2787500582635402679443359375">
        <ele>1865</ele>
        <time>2026-07-27T07:45:22.000Z</time>
        <extensions>
          <ns3:TrackPointExtension>
            <ns3:hr>106</ns3:hr>
            <ns3:cad>53</ns3:cad>
          </ns3:TrackPointExtension>
        </extensions>
      </trkpt>
      <trkpt lat="45.05383872427046298980712890625" lon="6.2787252478301525115966796875">
        <ele>1864.800048828125</ele>
        <time>2026-07-27T07:45:24.000Z</time>
        <extensions>
          <ns3:TrackPointExtension>
            <ns3:hr>109</ns3:hr>
            <ns3:cad>55</ns3:cad>
          </ns3:TrackPointExtension>
        </extensions>
      </trkpt>
      <trkpt lat="45.05389370955526828765869140625" lon="6.27865324728190898895263671875">
        <ele>1864</ele>
        <time>2026-07-27T07:45:32.000Z</time>
        <extensions>
          <ns3:TrackPointExtension>
            <ns3:hr>110</ns3:hr>
            <ns3:cad>52</ns3:cad>
          </ns3:TrackPointExtension>
        </extensions>
      </trkpt>
      <trkpt lat="45.05389940924942493438720703125" lon="6.278642602264881134033203125">
        <ele>1863.800048828125</ele>
        <time>2026-07-27T07:45:33.000Z</time>
        <extensions>
          <ns3:TrackPointExtension>
            <ns3:hr>110</ns3:hr>
            <ns3:cad>50</ns3:cad>
          </ns3:TrackPointExtension>
        </extensions>
      </trkpt>
      <trkpt lat="45.05392975173890590667724609375" lon="6.278565824031829833984375">
        <ele>1863.5999755859375</ele>
        <time>2026-07-27T07:45:40.000Z</time>
        <extensions>
          <ns3:TrackPointExtension>
            <ns3:hr>111</ns3:hr>
            <ns3:cad>47</ns3:cad>
          </ns3:TrackPointExtension>
        </extensions>
      </trkpt>
      <trkpt lat="45.0539571605622768402099609375" lon="6.2785079888999462127685546875">
        <ele>1863</ele>
        <time>2026-07-27T07:45:47.000Z</time>
        <extensions>
          <ns3:TrackPointExtension>
            <ns3:hr>112</ns3:hr>
            <ns3:cad>0</ns3:cad>
          </ns3:TrackPointExtension>
        </extensions>
      </trkpt>
      <trkpt lat="45.0539615191519260406494140625" lon="6.27850270830094814300537109375">
        <ele>1863</ele>
        <time>2026-07-27T07:45:48.000Z</time>
        <extensions>
          <ns3:TrackPointExtension>
            <ns3:hr>112</ns3:hr>
            <ns3:cad>0</ns3:cad>
          </ns3:TrackPointExtension>
        </extensions>
      </trkpt>
      <trkpt lat="45.05399345420300960540771484375" lon="6.2784352339804172515869140625">
        <ele>1862.199951171875</ele>
        <time>2026-07-27T07:45:54.000Z</time>
        <extensions>
          <ns3:TrackPointExtension>
            <ns3:hr>108</ns3:hr>
            <ns3:cad>0</ns3:cad>
          </ns3:TrackPointExtension>
        </extensions>
      </trkpt>
      <trkpt lat="45.05400233902037143707275390625" lon="6.2784198112785816192626953125">
        <ele>1862.199951171875</ele>
        <time>2026-07-27T07:45:55.000Z</time>
        <extensions>
          <ns3:TrackPointExtension>
            <ns3:hr>107</ns3:hr>
            <ns3:cad>0</ns3:cad>
          </ns3:TrackPointExtension>
        </extensions>
      </trkpt>
      <trkpt lat="45.054014660418033599853515625" lon="6.27839173190295696258544921875">
        <ele>1861.800048828125</ele>
        <time>2026-07-27T07:45:57.000Z</time>
        <extensions>
          <ns3:TrackPointExtension>
            <ns3:hr>105</ns3:hr>
            <ns3:cad>51</ns3:cad>
          </ns3:TrackPointExtension>
        </extensions>
      </trkpt>
      <trkpt lat="45.05403486080467700958251953125" lon="6.278347559273242950439453125">
        <ele>1861.5999755859375</ele>
        <time>2026-07-27T07:46:00.000Z</time>
        <extensions>
          <ns3:TrackPointExtension>
            <ns3:hr>102</ns3:hr>
            <ns3:cad>52</ns3:cad>
          </ns3:TrackPointExtension>
        </extensions>
      </trkpt>
      <trkpt lat="45.0540372915565967559814453125" lon="6.27833138220012187957763671875">
        <ele>1861.5999755859375</ele>
        <time>2026-07-27T07:46:01.000Z</time>
        <extensions>
          <ns3:TrackPointExtension>
            <ns3:hr>102</ns3:hr>
            <ns3:cad>52</ns3:cad>
          </ns3:TrackPointExtension>
        </extensions>
      </trkpt>
      <trkpt lat="45.05408783443272113800048828125" lon="6.2782870419323444366455078125">
        <ele>1860.800048828125</ele>
        <time>2026-07-27T07:46:08.000Z</time>
        <extensions>
          <ns3:TrackPointExtension>
            <ns3:hr>101</ns3:hr>
            <ns3:cad>52</ns3:cad>
          </ns3:TrackPointExtension>
        </extensions>
      </trkpt>
      <trkpt lat="45.05409319885075092315673828125" lon="6.27829802222549915313720703125">
        <ele>1860.800048828125</ele>
        <time>2026-07-27T07:46:09.000Z</time>
        <extensions>
          <ns3:TrackPointExtension>
            <ns3:hr>100</ns3:hr>
            <ns3:cad>52</ns3:cad>
          </ns3:TrackPointExtension>
        </extensions>
      </trkpt>
      <trkpt lat="45.05409412086009979248046875" lon="6.2783101759850978851318359375">
        <ele>1860.5999755859375</ele>
        <time>2026-07-27T07:46:10.000Z</time>
        <extensions>
          <ns3:TrackPointExtension>
            <ns3:hr>100</ns3:hr>
            <ns3:cad>52</ns3:cad>
          </ns3:TrackPointExtension>
        </extensions>
      </trkpt>
      <trkpt lat="45.05408297292888164520263671875" lon="6.278333477675914764404296875">
        <ele>1859.800048828125</ele>
        <time>2026-07-27T07:46:13.000Z</time>
        <extensions>
          <ns3:TrackPointExtension>
            <ns3:hr>100</ns3:hr>
            <ns3:cad>52</ns3:cad>
          </ns3:TrackPointExtension>
        </extensions>
      </trkpt>
      <trkpt lat="45.0540815480053424835205078125" lon="6.2783430330455303192138671875">
        <ele>1859.5999755859375</ele>
        <time>2026-07-27T07:46:14.000Z</time>
        <extensions>
          <ns3:TrackPointExtension>
            <ns3:hr>100</ns3:hr>
            <ns3:cad>52</ns3:cad>
          </ns3:TrackPointExtension>
        </extensions>
      </trkpt>
      <trkpt lat="45.05408766679465770721435546875" lon="6.27839659340679645538330078125">
        <ele>1859</ele>
        <time>2026-07-27T07:46:20.000Z</time>
        <extensions>
          <ns3:TrackPointExtension>
            <ns3:hr>100</ns3:hr>
            <ns3:cad>0</ns3:cad>
          </ns3:TrackPointExtension>
        </extensions>
      </trkpt>
      <trkpt lat="45.05408062599599361419677734375" lon="6.27841436304152011871337890625">
        <ele>1858.4000244140625</ele>
        <time>2026-07-27T07:46:22.000Z</time>
        <extensions>
          <ns3:TrackPointExtension>
            <ns3:hr>100</ns3:hr>
            <ns3:cad>0</ns3:cad>
          </ns3:TrackPointExtension>
        </extensions>
      </trkpt>
      <trkpt lat="45.05409219302237033843994140625" lon="6.27846901305019855499267578125">
        <ele>1857.800048828125</ele>
        <time>2026-07-27T07:46:26.000Z</time>
        <extensions>
          <ns3:TrackPointExtension>
            <ns3:hr>100</ns3:hr>
            <ns3:cad>54</ns3:cad>
          </ns3:TrackPointExtension>
        </extensions>
      </trkpt>
      <trkpt lat="45.05409638397395610809326171875" lon="6.278485357761383056640625">
        <ele>1857.800048828125</ele>
        <time>2026-07-27T07:46:27.000Z</time>
        <extensions>
          <ns3:TrackPointExtension>
            <ns3:hr>101</ns3:hr>
            <ns3:cad>54</ns3:cad>
          </ns3:TrackPointExtension>
        </extensions>
      </trkpt>
      <trkpt lat="45.0540996529161930084228515625" lon="6.27849885262548923492431640625">
        <ele>1857.199951171875</ele>
        <time>2026-07-27T07:46:28.000Z</time>
        <extensions>
          <ns3:TrackPointExtension>
            <ns3:hr>101</ns3:hr>
            <ns3:cad>53</ns3:cad>
          </ns3:TrackPointExtension>
        </extensions>
      </trkpt>
      <trkpt lat="45.054109878838062286376953125" lon="6.27853137440979480743408203125">
        <ele>1856.4000244140625</ele>
        <time>2026-07-27T07:46:31.000Z</time>
        <extensions>
          <ns3:TrackPointExtension>
            <ns3:hr>101</ns3:hr>
            <ns3:cad>53</ns3:cad>
          </ns3:TrackPointExtension>
        </extensions>
      </trkpt>
      <trkpt lat="45.05411130376160144805908203125" lon="6.278542019426822662353515625">
        <ele>1856</ele>
        <time>2026-07-27T07:46:32.000Z</time>
        <extensions>
          <ns3:TrackPointExtension>
            <ns3:hr>100</ns3:hr>
            <ns3:cad>53</ns3:cad>
          </ns3:TrackPointExtension>
        </extensions>
      </trkpt>
      <trkpt lat="45.05411021411418914794921875" lon="6.27856959588825702667236328125">
        <ele>1855.4000244140625</ele>
        <time>2026-07-27T07:46:34.000Z</time>
        <extensions>
          <ns3:TrackPointExtension>
            <ns3:hr>101</ns3:hr>
            <ns3:cad>53</ns3:cad>
          </ns3:TrackPointExtension>
        </extensions>
      </trkpt>
      <trkpt lat="45.0541110523045063018798828125" lon="6.27860027365386486053466796875">
        <ele>1855</ele>
        <time>2026-07-27T07:46:36.000Z</time>
        <extensions>
          <ns3:TrackPointExtension>
            <ns3:hr>101</ns3:hr>
            <ns3:cad>53</ns3:cad>
          </ns3:TrackPointExtension>
        </extensions>
      </trkpt>
      <trkpt lat="45.05412152968347072601318359375" lon="6.2786521576344966888427734375">
        <ele>1854</ele>
        <time>2026-07-27T07:46:40.000Z</time>
        <extensions>
          <ns3:TrackPointExtension>
            <ns3:hr>100</ns3:hr>
            <ns3:cad>0</ns3:cad>
          </ns3:TrackPointExtension>
        </extensions>
      </trkpt>
      <trkpt lat="45.0541217811405658721923828125" lon="6.2787014432251453399658203125">
        <ele>1853</ele>
        <time>2026-07-27T07:46:44.000Z</time>
        <extensions>
          <ns3:TrackPointExtension>
            <ns3:hr>101</ns3:hr>
            <ns3:cad>0</ns3:cad>
          </ns3:TrackPointExtension>
        </extensions>
      </trkpt>
      <trkpt lat="45.05412069149315357208251953125" lon="6.2787138484418392181396484375">
        <ele>1852.800048828125</ele>
        <time>2026-07-27T07:46:45.000Z</time>
        <extensions>
          <ns3:TrackPointExtension>
            <ns3:hr>101</ns3:hr>
            <ns3:cad>56</ns3:cad>
          </ns3:TrackPointExtension>
        </extensions>
      </trkpt>
      <trkpt lat="45.05411247722804546356201171875" lon="6.27877092920243740081787109375">
        <ele>1851.5999755859375</ele>
        <time>2026-07-27T07:46:50.000Z</time>
        <extensions>
          <ns3:TrackPointExtension>
            <ns3:hr>101</ns3:hr>
            <ns3:cad>54</ns3:cad>
          </ns3:TrackPointExtension>
        </extensions>
      </trkpt>
      <trkpt lat="45.0541095435619354248046875" lon="6.27885474823415279388427734375">
        <ele>1850.800048828125</ele>
        <time>2026-07-27T07:46:56.000Z</time>
        <extensions>
          <ns3:TrackPointExtension>
            <ns3:hr>101</ns3:hr>
            <ns3:cad>53</ns3:cad>
          </ns3:TrackPointExtension>
        </extensions>
      </trkpt>
      <trkpt lat="45.05411088466644287109375" lon="6.278868578374385833740234375">
        <ele>1850.5999755859375</ele>
        <time>2026-07-27T07:46:57.000Z</time>
        <extensions>
          <ns3:TrackPointExtension>
            <ns3:hr>102</ns3:hr>
            <ns3:cad>53</ns3:cad>
          </ns3:TrackPointExtension>
        </extensions>
      </trkpt>
      <trkpt lat="45.05410677753388881683349609375" lon="6.2789699994027614593505859375">
        <ele>1849.5999755859375</ele>
        <time>2026-07-27T07:47:05.000Z</time>
        <extensions>
          <ns3:TrackPointExtension>
            <ns3:hr>101</ns3:hr>
            <ns3:cad>47</ns3:cad>
          </ns3:TrackPointExtension>
        </extensions>
      </trkpt>
      <trkpt lat="45.0541050173342227935791015625" lon="6.2790031917393207550048828125">
        <ele>1849</ele>
        <time>2026-07-27T07:47:08.000Z</time>
        <extensions>
          <ns3:TrackPointExtension>
            <ns3:hr>101</ns3:hr>
            <ns3:cad>47</ns3:cad>
          </ns3:TrackPointExtension>
        </extensions>
      </trkpt>
      <trkpt lat="45.05410929210484027862548828125" lon="6.27905842848122119903564453125">
        <ele>1848.4000244140625</ele>
        <time>2026-07-27T07:47:13.000Z</time>
        <extensions>
          <ns3:TrackPointExtension>
            <ns3:hr>100</ns3:hr>
            <ns3:cad>0</ns3:cad>
          </ns3:TrackPointExtension>
        </extensions>
      </trkpt>
      <trkpt lat="45.05411021411418914794921875" lon="6.27909095026552677154541015625">
        <ele>1848</ele>
        <time>2026-07-27T07:47:16.000Z</time>
        <extensions>
          <ns3:TrackPointExtension>
            <ns3:hr>100</ns3:hr>
            <ns3:cad>0</ns3:cad>
          </ns3:TrackPointExtension>
        </extensions>
      </trkpt>
      <trkpt lat="45.05411415360867977142333984375" lon="6.279096566140651702880859375">
        <ele>1847.4000244140625</ele>
        <time>2026-07-27T07:47:19.000Z</time>
        <extensions>
          <ns3:TrackPointExtension>
            <ns3:hr>104</ns3:hr>
            <ns3:cad>0</ns3:cad>
          </ns3:TrackPointExtension>
        </extensions>
      </trkpt>
      <trkpt lat="45.0541133992373943328857421875" lon="6.279097236692905426025390625">
        <ele>1847.4000244140625</ele>
        <time>2026-07-27T07:47:20.000Z</time>
        <extensions>
          <ns3:TrackPointExtension>
            <ns3:hr>107</ns3:hr>
            <ns3:cad>0</ns3:cad>
          </ns3:TrackPointExtension>
        </extensions>
      </trkpt>
      <trkpt lat="45.05411247722804546356201171875" lon="6.27909891307353973388671875">
        <ele>1847.4000244140625</ele>
        <time>2026-07-27T07:47:21.000Z</time>
        <extensions>
          <ns3:TrackPointExtension>
            <ns3:hr>113</ns3:hr>
            <ns3:cad>0</ns3:cad>
          </ns3:TrackPointExtension>
        </extensions>
      </trkpt>
      <trkpt lat="45.05411113612353801727294921875" lon="6.279107630252838134765625">
        <ele>1847.5999755859375</ele>
        <time>2026-07-27T07:47:22.000Z</time>
        <extensions>
          <ns3:TrackPointExtension>
            <ns3:hr>116</ns3:hr>
            <ns3:cad>0</ns3:cad>
          </ns3:TrackPointExtension>
        </extensions>
      </trkpt>
      <trkpt lat="45.05411423742771148681640625" lon="6.27913000993430614471435546875">
        <ele>1847.5999755859375</ele>
        <time>2026-07-27T07:47:24.000Z</time>
        <extensions>
          <ns3:TrackPointExtension>
            <ns3:hr>119</ns3:hr>
            <ns3:cad>0</ns3:cad>
          </ns3:TrackPointExtension>
        </extensions>
      </trkpt>
      <trkpt lat="45.05412069149315357208251953125" lon="6.2791681475937366485595703125">
        <ele>1847.199951171875</ele>
        <time>2026-07-27T07:47:27.000Z</time>
        <extensions>
          <ns3:TrackPointExtension>
            <ns3:hr>120</ns3:hr>
            <ns3:cad>0</ns3:cad>
          </ns3:TrackPointExtension>
        </extensions>
      </trkpt>
      <trkpt lat="45.05412169732153415679931640625" lon="6.27927585504949092864990234375">
        <ele>1846</ele>
        <time>2026-07-27T07:47:36.000Z</time>
        <extensions>
          <ns3:TrackPointExtension>
            <ns3:hr>122</ns3:hr>
            <ns3:cad>49</ns3:cad>
          </ns3:TrackPointExtension>
        </extensions>
      </trkpt>
      <trkpt lat="45.05412538535892963409423828125" lon="6.2792844884097576141357421875">
        <ele>1846</ele>
        <time>2026-07-27T07:47:37.000Z</time>
        <extensions>
          <ns3:TrackPointExtension>
            <ns3:hr>122</ns3:hr>
            <ns3:cad>47</ns3:cad>
          </ns3:TrackPointExtension>
        </extensions>
      </trkpt>
      <trkpt lat="45.05413628183305263519287109375" lon="6.279348693788051605224609375">
        <ele>1845</ele>
        <time>2026-07-27T07:47:43.000Z</time>
        <extensions>
          <ns3:TrackPointExtension>
            <ns3:hr>123</ns3:hr>
            <ns3:cad>0</ns3:cad>
          </ns3:TrackPointExtension>
        </extensions>
      </trkpt>
      <trkpt lat="45.05413527600467205047607421875" lon="6.27938079647719860076904296875">
        <ele>1844.199951171875</ele>
        <time>2026-07-27T07:47:46.000Z</time>
        <extensions>
          <ns3:TrackPointExtension>
            <ns3:hr>125</ns3:hr>
            <ns3:cad>0</ns3:cad>
          </ns3:TrackPointExtension>
        </extensions>
      </trkpt>
      <trkpt lat="45.0541298277676105499267578125" lon="6.27939353697001934051513671875">
        <ele>1844</ele>
        <time>2026-07-27T07:47:53.000Z</time>
        <extensions>
          <ns3:TrackPointExtension>
            <ns3:hr>127</ns3:hr>
            <ns3:cad>0</ns3:cad>
          </ns3:TrackPointExtension>
        </extensions>
      </trkpt>
      <trkpt lat="45.0541496090590953826904296875" lon="6.2793636135756969451904296875">
        <ele>1843.800048828125</ele>
        <time>2026-07-27T07:48:14.000Z</time>
        <extensions>
          <ns3:TrackPointExtension>
            <ns3:hr>126</ns3:hr>
            <ns3:cad>0</ns3:cad>
          </ns3:TrackPointExtension>
        </extensions>
      </trkpt>
      <trkpt lat="45.0541670434176921844482421875" lon="6.279331929981708526611328125">
        <ele>1843.5999755859375</ele>
        <time>2026-07-27T07:48:16.000Z</time>
        <extensions>
          <ns3:TrackPointExtension>
            <ns3:hr>126</ns3:hr>
            <ns3:cad>52</ns3:cad>
          </ns3:TrackPointExtension>
        </extensions>
      </trkpt>
      <trkpt lat="45.05421808920800685882568359375" lon="6.27925288863480091094970703125">
        <ele>1842.800048828125</ele>
        <time>2026-07-27T07:48:22.000Z</time>
        <extensions>
          <ns3:TrackPointExtension>
            <ns3:hr>125</ns3:hr>
            <ns3:cad>53</ns3:cad>
          </ns3:TrackPointExtension>
        </extensions>
      </trkpt>
      <trkpt lat="45.05425161682069301605224609375" lon="6.27922338433563709259033203125">
        <ele>1842</ele>
        <time>2026-07-27T07:48:27.000Z</time>
        <extensions>
          <ns3:TrackPointExtension>
            <ns3:hr>124</ns3:hr>
            <ns3:cad>48</ns3:cad>
          </ns3:TrackPointExtension>
        </extensions>
      </trkpt>
      <trkpt lat="45.0542572326958179473876953125" lon="6.2792189419269561767578125">
        <ele>1841.5999755859375</ele>
        <time>2026-07-27T07:48:28.000Z</time>
        <extensions>
          <ns3:TrackPointExtension>
            <ns3:hr>124</ns3:hr>
            <ns3:cad>48</ns3:cad>
          </ns3:TrackPointExtension>
        </extensions>
      </trkpt>
      <trkpt lat="45.0542833842337131500244140625" lon="6.279233358800411224365234375">
        <ele>1841.4000244140625</ele>
        <time>2026-07-27T07:48:35.000Z</time>
        <extensions>
          <ns3:TrackPointExtension>
            <ns3:hr>123</ns3:hr>
            <ns3:cad>0</ns3:cad>
          </ns3:TrackPointExtension>
        </extensions>
      </trkpt>
      <trkpt lat="45.05429855547845363616943359375" lon="6.2792905233800411224365234375">
        <ele>1840.800048828125</ele>
        <time>2026-07-27T07:48:41.000Z</time>
        <extensions>
          <ns3:TrackPointExtension>
            <ns3:hr>120</ns3:hr>
            <ns3:cad>0</ns3:cad>
          </ns3:TrackPointExtension>
        </extensions>
      </trkpt>
      <trkpt lat="45.05429796874523162841796875" lon="6.27930318005383014678955078125">
        <ele>1840.5999755859375</ele>
        <time>2026-07-27T07:48:42.000Z</time>
        <extensions>
          <ns3:TrackPointExtension>
            <ns3:hr>120</ns3:hr>
            <ns3:cad>0</ns3:cad>
          </ns3:TrackPointExtension>
        </extensions>
      </trkpt>
      <trkpt lat="45.054299645125865936279296875" lon="6.27931022085249423980712890625">
        <ele>1840.4000244140625</ele>
        <time>2026-07-27T07:48:43.000Z</time>
        <extensions>
          <ns3:TrackPointExtension>
            <ns3:hr>119</ns3:hr>
            <ns3:cad>0</ns3:cad>
          </ns3:TrackPointExtension>
        </extensions>
      </trkpt>
      <trkpt lat="45.05432344973087310791015625" lon="6.27935565076768398284912109375">
        <ele>1839.5999755859375</ele>
        <time>2026-07-27T07:48:49.000Z</time>
        <extensions>
          <ns3:TrackPointExtension>
            <ns3:hr>119</ns3:hr>
            <ns3:cad>0</ns3:cad>
          </ns3:TrackPointExtension>
        </extensions>
      </trkpt>
      <trkpt lat="45.05432118661701679229736328125" lon="6.2793669663369655609130859375">
        <ele>1839.4000244140625</ele>
        <time>2026-07-27T07:48:50.000Z</time>
        <extensions>
          <ns3:TrackPointExtension>
            <ns3:hr>119</ns3:hr>
            <ns3:cad>41</ns3:cad>
          </ns3:TrackPointExtension>
        </extensions>
      </trkpt>
      <trkpt lat="45.05434934981167316436767578125" lon="6.27937241457402706146240234375">
        <ele>1838.800048828125</ele>
        <time>2026-07-27T07:48:55.000Z</time>
        <extensions>
          <ns3:TrackPointExtension>
            <ns3:hr>117</ns3:hr>
            <ns3:cad>0</ns3:cad>
          </ns3:TrackPointExtension>
        </extensions>
      </trkpt>
      <trkpt lat="45.05436963401734828948974609375" lon="6.27935028634965419769287109375">
        <ele>1838</ele>
        <time>2026-07-27T07:48:58.000Z</time>
        <extensions>
          <ns3:TrackPointExtension>
            <ns3:hr>117</ns3:hr>
            <ns3:cad>53</ns3:cad>
          </ns3:TrackPointExtension>
        </extensions>
      </trkpt>
      <trkpt lat="45.0543879903852939605712890625" lon="6.27934810705482959747314453125">
        <ele>1837.5999755859375</ele>
        <time>2026-07-27T07:49:04.000Z</time>
        <extensions>
          <ns3:TrackPointExtension>
            <ns3:hr>116</ns3:hr>
            <ns3:cad>0</ns3:cad>
          </ns3:TrackPointExtension>
        </extensions>
      </trkpt>
      <trkpt lat="45.05439008586108684539794921875" lon="6.2793632782995700836181640625">
        <ele>1837.4000244140625</ele>
        <time>2026-07-27T07:49:09.000Z</time>
        <extensions>
          <ns3:TrackPointExtension>
            <ns3:hr>116</ns3:hr>
            <ns3:cad>0</ns3:cad>
          </ns3:TrackPointExtension>
        </extensions>
      </trkpt>
      <trkpt lat="45.0543906725943088531494140625" lon="6.2793632782995700836181640625">
        <ele>1837.199951171875</ele>
        <time>2026-07-27T07:49:19.000Z</time>
        <extensions>
          <ns3:TrackPointExtension>
            <ns3:hr>119</ns3:hr>
            <ns3:cad>0</ns3:cad>
          </ns3:TrackPointExtension>
        </extensions>
      </trkpt>
      <trkpt lat="45.05439075641334056854248046875" lon="6.27935866825282573699951171875">
        <ele>1837</ele>
        <time>2026-07-27T07:49:27.000Z</time>
        <extensions>
          <ns3:TrackPointExtension>
            <ns3:hr>120</ns3:hr>
            <ns3:cad>0</ns3:cad>
          </ns3:TrackPointExtension>
        </extensions>
      </trkpt>
      <trkpt lat="45.05439461208879947662353515625" lon="6.27935632131993770599365234375">
        <ele>1837</ele>
        <time>2026-07-27T07:49:31.000Z</time>
        <extensions>
          <ns3:TrackPointExtension>
            <ns3:hr>121</ns3:hr>
            <ns3:cad>0</ns3:cad>
          </ns3:TrackPointExtension>
        </extensions>
      </trkpt>
      <trkpt lat="45.05439628846943378448486328125" lon="6.27935732714831829071044921875">
        <ele>1837</ele>
        <time>2026-07-27T07:49:37.000Z</time>
        <extensions>
          <ns3:TrackPointExtension>
            <ns3:hr>118</ns3:hr>
            <ns3:cad>0</ns3:cad>
          </ns3:TrackPointExtension>
        </extensions>
      </trkpt>
      <trkpt lat="45.05439695902168750762939453125" lon="6.27935682423412799835205078125">
        <ele>1836.800048828125</ele>
        <time>2026-07-27T07:49:43.000Z</time>
        <extensions>
          <ns3:TrackPointExtension>
            <ns3:hr>115</ns3:hr>
            <ns3:cad>0</ns3:cad>
          </ns3:TrackPointExtension>
        </extensions>
      </trkpt>
      <trkpt lat="45.05439779721200466156005859375" lon="6.27935732714831829071044921875">
        <ele>1836</ele>
        <time>2026-07-27T07:50:00.000Z</time>
        <extensions>
          <ns3:TrackPointExtension>
            <ns3:hr>116</ns3:hr>
            <ns3:cad>0</ns3:cad>
          </ns3:TrackPointExtension>
        </extensions>
      </trkpt>
      <trkpt lat="45.05439746193587779998779296875" lon="6.27936889417469501495361328125">
        <ele>1835</ele>
        <time>2026-07-27T07:50:10.000Z</time>
        <extensions>
          <ns3:TrackPointExtension>
            <ns3:hr>115</ns3:hr>
            <ns3:cad>50</ns3:cad>
          </ns3:TrackPointExtension>
        </extensions>
      </trkpt>
      <trkpt lat="45.0543564744293689727783203125" lon="6.27946679480373859405517578125">
        <ele>1834.5999755859375</ele>
        <time>2026-07-27T07:50:14.000Z</time>
        <extensions>
          <ns3:TrackPointExtension>
            <ns3:hr>115</ns3:hr>
            <ns3:cad>50</ns3:cad>
          </ns3:TrackPointExtension>
        </extensions>
      </trkpt>
      <trkpt lat="45.05430174060165882110595703125" lon="6.27958967350423336029052734375">
        <ele>1833.800048828125</ele>
        <time>2026-07-27T07:50:21.000Z</time>
        <extensions>
          <ns3:TrackPointExtension>
            <ns3:hr>116</ns3:hr>
            <ns3:cad>55</ns3:cad>
          </ns3:TrackPointExtension>
        </extensions>
      </trkpt>
      <trkpt lat="45.054288916289806365966796875" lon="6.27960744313895702362060546875">
        <ele>1833.5999755859375</ele>
        <time>2026-07-27T07:50:23.000Z</time>
        <extensions>
          <ns3:TrackPointExtension>
            <ns3:hr>117</ns3:hr>
            <ns3:cad>51</ns3:cad>
          </ns3:TrackPointExtension>
        </extensions>
      </trkpt>
      <trkpt lat="45.05426217801868915557861328125" lon="6.2796325050294399261474609375">
        <ele>1832.800048828125</ele>
        <time>2026-07-27T07:50:26.000Z</time>
        <extensions>
          <ns3:TrackPointExtension>
            <ns3:hr>117</ns3:hr>
            <ns3:cad>51</ns3:cad>
          </ns3:TrackPointExtension>
        </extensions>
      </trkpt>
      <trkpt lat="45.054245330393314361572265625" lon="6.2796445749700069427490234375">
        <ele>1832.4000244140625</ele>
        <time>2026-07-27T07:50:31.000Z</time>
        <extensions>
          <ns3:TrackPointExtension>
            <ns3:hr>117</ns3:hr>
            <ns3:cad>0</ns3:cad>
          </ns3:TrackPointExtension>
        </extensions>
      </trkpt>
      <trkpt lat="45.0542168319225311279296875" lon="6.27971758134663105010986328125">
        <ele>1831.800048828125</ele>
        <time>2026-07-27T07:50:38.000Z</time>
        <extensions>
          <ns3:TrackPointExtension>
            <ns3:hr>120</ns3:hr>
            <ns3:cad>0</ns3:cad>
          </ns3:TrackPointExtension>
        </extensions>
      </trkpt>
      <trkpt lat="45.05421088077127933502197265625" lon="6.2797287292778491973876953125">
        <ele>1831.800048828125</ele>
        <time>2026-07-27T07:50:39.000Z</time>
        <extensions>
          <ns3:TrackPointExtension>
            <ns3:hr>124</ns3:hr>
            <ns3:cad>0</ns3:cad>
          </ns3:TrackPointExtension>
        </extensions>
      </trkpt>
      <trkpt lat="45.054202415049076080322265625" lon="6.27974457107484340667724609375">
        <ele>1831.4000244140625</ele>
        <time>2026-07-27T07:50:40.000Z</time>
        <extensions>
          <ns3:TrackPointExtension>
            <ns3:hr>124</ns3:hr>
            <ns3:cad>0</ns3:cad>
          </ns3:TrackPointExtension>
        </extensions>
      </trkpt>
      <trkpt lat="45.05418397486209869384765625" lon="6.2797733210027217864990234375">
        <ele>1830.5999755859375</ele>
        <time>2026-07-27T07:50:43.000Z</time>
        <extensions>
          <ns3:TrackPointExtension>
            <ns3:hr>122</ns3:hr>
            <ns3:cad>55</ns3:cad>
          </ns3:TrackPointExtension>
        </extensions>
      </trkpt>
      <trkpt lat="45.0541687197983264923095703125" lon="6.279802657663822174072265625">
        <ele>1830.4000244140625</ele>
        <time>2026-07-27T07:50:46.000Z</time>
        <extensions>
          <ns3:TrackPointExtension>
            <ns3:hr>121</ns3:hr>
            <ns3:cad>55</ns3:cad>
          </ns3:TrackPointExtension>
        </extensions>
      </trkpt>
      <trkpt lat="45.05413728766143321990966796875" lon="6.27986158244311809539794921875">
        <ele>1829.4000244140625</ele>
        <time>2026-07-27T07:50:51.000Z</time>
        <extensions>
          <ns3:TrackPointExtension>
            <ns3:hr>120</ns3:hr>
            <ns3:cad>47</ns3:cad>
          </ns3:TrackPointExtension>
        </extensions>
      </trkpt>
      <trkpt lat="45.0541160814464092254638671875" lon="6.2798940204083919525146484375">
        <ele>1828.5999755859375</ele>
        <time>2026-07-27T07:50:54.000Z</time>
        <extensions>
          <ns3:TrackPointExtension>
            <ns3:hr>120</ns3:hr>
            <ns3:cad>0</ns3:cad>
          </ns3:TrackPointExtension>
        </extensions>
      </trkpt>
      <trkpt lat="45.05408942699432373046875" lon="6.2799473293125629425048828125">
        <ele>1828.199951171875</ele>
        <time>2026-07-27T07:50:58.000Z</time>
        <extensions>
          <ns3:TrackPointExtension>
            <ns3:hr>120</ns3:hr>
            <ns3:cad>0</ns3:cad>
          </ns3:TrackPointExtension>
        </extensions>
      </trkpt>
      <trkpt lat="45.05405078642070293426513671875" lon="6.2800103612244129180908203125">
        <ele>1827.199951171875</ele>
        <time>2026-07-27T07:51:03.000Z</time>
        <extensions>
          <ns3:TrackPointExtension>
            <ns3:hr>120</ns3:hr>
            <ns3:cad>0</ns3:cad>
          </ns3:TrackPointExtension>
        </extensions>
      </trkpt>
      <trkpt lat="45.054023377597332000732421875" lon="6.2800589762628078460693359375">
        <ele>1826.4000244140625</ele>
        <time>2026-07-27T07:51:07.000Z</time>
        <extensions>
          <ns3:TrackPointExtension>
            <ns3:hr>121</ns3:hr>
            <ns3:cad>53</ns3:cad>
          </ns3:TrackPointExtension>
        </extensions>
      </trkpt>
      <trkpt lat="45.0540076196193695068359375" lon="6.2800871394574642181396484375">
        <ele>1826</ele>
        <time>2026-07-27T07:51:09.000Z</time>
        <extensions>
          <ns3:TrackPointExtension>
            <ns3:hr>122</ns3:hr>
            <ns3:cad>53</ns3:cad>
          </ns3:TrackPointExtension>
        </extensions>
      </trkpt>
      <trkpt lat="45.05397601984441280364990234375" lon="6.28014757297933101654052734375">
        <ele>1825</ele>
        <time>2026-07-27T07:51:13.000Z</time>
        <extensions>
          <ns3:TrackPointExtension>
            <ns3:hr>123</ns3:hr>
            <ns3:cad>55</ns3:cad>
          </ns3:TrackPointExtension>
        </extensions>
      </trkpt>
      <trkpt lat="45.05395255051553249359130859375" lon="6.2802339904010295867919921875">
        <ele>1824</ele>
        <time>2026-07-27T07:51:19.000Z</time>
        <extensions>
          <ns3:TrackPointExtension>
            <ns3:hr>122</ns3:hr>
            <ns3:cad>53</ns3:cad>
          </ns3:TrackPointExtension>
        </extensions>
      </trkpt>
      <trkpt lat="45.05394919775426387786865234375" lon="6.280247233808040618896484375">
        <ele>1823.800048828125</ele>
        <time>2026-07-27T07:51:20.000Z</time>
        <extensions>
          <ns3:TrackPointExtension>
            <ns3:hr>122</ns3:hr>
            <ns3:cad>53</ns3:cad>
          </ns3:TrackPointExtension>
        </extensions>
      </trkpt>
      <trkpt lat="45.05391499958932399749755859375" lon="6.28035292960703372955322265625">
        <ele>1823</ele>
        <time>2026-07-27T07:51:27.000Z</time>
        <extensions>
          <ns3:TrackPointExtension>
            <ns3:hr>122</ns3:hr>
            <ns3:cad>58</ns3:cad>
          </ns3:TrackPointExtension>
        </extensions>
      </trkpt>
      <trkpt lat="45.05390770733356475830078125" lon="6.2803965993225574493408203125">
        <ele>1822.800048828125</ele>
        <time>2026-07-27T07:51:30.000Z</time>
        <extensions>
          <ns3:TrackPointExtension>
            <ns3:hr>122</ns3:hr>
            <ns3:cad>54</ns3:cad>
          </ns3:TrackPointExtension>
        </extensions>
      </trkpt>
      <trkpt lat="45.0538947992026805877685546875" lon="6.28047396428883075714111328125">
        <ele>1821.5999755859375</ele>
        <time>2026-07-27T07:51:35.000Z</time>
        <extensions>
          <ns3:TrackPointExtension>
            <ns3:hr>121</ns3:hr>
            <ns3:cad>54</ns3:cad>
          </ns3:TrackPointExtension>
        </extensions>
      </trkpt>
      <trkpt lat="45.0538958050310611724853515625" lon="6.28048217855393886566162109375">
        <ele>1821.5999755859375</ele>
        <time>2026-07-27T07:51:36.000Z</time>
        <extensions>
          <ns3:TrackPointExtension>
            <ns3:hr>120</ns3:hr>
            <ns3:cad>54</ns3:cad>
          </ns3:TrackPointExtension>
        </extensions>
      </trkpt>
      <trkpt lat="45.053906701505184173583984375" lon="6.28049542196094989776611328125">
        <ele>1821.4000244140625</ele>
        <time>2026-07-27T07:51:38.000Z</time>
        <extensions>
          <ns3:TrackPointExtension>
            <ns3:hr>120</ns3:hr>
            <ns3:cad>0</ns3:cad>
          </ns3:TrackPointExtension>
        </extensions>
      </trkpt>
      <trkpt lat="45.05392690189182758331298828125" lon="6.28049341030418872833251953125">
        <ele>1820.800048828125</ele>
        <time>2026-07-27T07:51:41.000Z</time>
        <extensions>
          <ns3:TrackPointExtension>
            <ns3:hr>120</ns3:hr>
            <ns3:cad>0</ns3:cad>
          </ns3:TrackPointExtension>
        </extensions>
      </trkpt>
      <trkpt lat="45.05393377505242824554443359375" lon="6.28049458377063274383544921875">
        <ele>1820.5999755859375</ele>
        <time>2026-07-27T07:51:42.000Z</time>
        <extensions>
          <ns3:TrackPointExtension>
            <ns3:hr>120</ns3:hr>
            <ns3:cad>0</ns3:cad>
          </ns3:TrackPointExtension>
        </extensions>
      </trkpt>
      <trkpt lat="45.05398171953856945037841796875" lon="6.28050304949283599853515625">
        <ele>1819.199951171875</ele>
        <time>2026-07-27T07:51:48.000Z</time>
        <extensions>
          <ns3:TrackPointExtension>
            <ns3:hr>119</ns3:hr>
            <ns3:cad>0</ns3:cad>
          </ns3:TrackPointExtension>
        </extensions>
      </trkpt>
      <trkpt lat="45.05399697460234165191650390625" lon="6.28048921935260295867919921875">
        <ele>1818.5999755859375</ele>
        <time>2026-07-27T07:51:50.000Z</time>
        <extensions>
          <ns3:TrackPointExtension>
            <ns3:hr>119</ns3:hr>
            <ns3:cad>41</ns3:cad>
          </ns3:TrackPointExtension>
        </extensions>
      </trkpt>
      <trkpt lat="45.05401172675192356109619140625" lon="6.28047890961170196533203125">
        <ele>1818</ele>
        <time>2026-07-27T07:51:52.000Z</time>
        <extensions>
          <ns3:TrackPointExtension>
            <ns3:hr>118</ns3:hr>
            <ns3:cad>45</ns3:cad>
          </ns3:TrackPointExtension>
        </extensions>
      </trkpt>
      <trkpt lat="45.0540272332727909088134765625" lon="6.28046994097530841827392578125">
        <ele>1817.199951171875</ele>
        <time>2026-07-27T07:51:55.000Z</time>
        <extensions>
          <ns3:TrackPointExtension>
            <ns3:hr>115</ns3:hr>
            <ns3:cad>46</ns3:cad>
          </ns3:TrackPointExtension>
        </extensions>
      </trkpt>
      <trkpt lat="45.0540342740714550018310546875" lon="6.28046826459467411041259765625">
        <ele>1816.800048828125</ele>
        <time>2026-07-27T07:51:56.000Z</time>
        <extensions>
          <ns3:TrackPointExtension>
            <ns3:hr>114</ns3:hr>
            <ns3:cad>46</ns3:cad>
          </ns3:TrackPointExtension>
        </extensions>
      </trkpt>
      <trkpt lat="45.054046176373958587646484375" lon="6.2804643251001834869384765625">
        <ele>1816.800048828125</ele>
        <time>2026-07-27T07:51:57.000Z</time>
        <extensions>
          <ns3:TrackPointExtension>
            <ns3:hr>114</ns3:hr>
            <ns3:cad>0</ns3:cad>
          </ns3:TrackPointExtension>
        </extensions>
      </trkpt>
      <trkpt lat="45.0540708191692829132080078125" lon="6.28046843223273754119873046875">
        <ele>1816.199951171875</ele>
        <time>2026-07-27T07:51:59.000Z</time>
        <extensions>
          <ns3:TrackPointExtension>
            <ns3:hr>114</ns3:hr>
            <ns3:cad>0</ns3:cad>
          </ns3:TrackPointExtension>
        </extensions>
      </trkpt>
      <trkpt lat="45.05409001372754573822021484375" lon="6.28048117272555828094482421875">
        <ele>1815.5999755859375</ele>
        <time>2026-07-27T07:52:01.000Z</time>
        <extensions>
          <ns3:TrackPointExtension>
            <ns3:hr>113</ns3:hr>
            <ns3:cad>0</ns3:cad>
          </ns3:TrackPointExtension>
        </extensions>
      </trkpt>
      <trkpt lat="45.05411582998931407928466796875" lon="6.28048360347747802734375">
        <ele>1815</ele>
        <time>2026-07-27T07:52:04.000Z</time>
        <extensions>
          <ns3:TrackPointExtension>
            <ns3:hr>111</ns3:hr>
            <ns3:cad>55</ns3:cad>
          </ns3:TrackPointExtension>
        </extensions>
      </trkpt>
      <trkpt lat="45.05412505008280277252197265625" lon="6.28047731705009937286376953125">
        <ele>1814.5999755859375</ele>
        <time>2026-07-27T07:52:05.000Z</time>
        <extensions>
          <ns3:TrackPointExtension>
            <ns3:hr>111</ns3:hr>
            <ns3:cad>56</ns3:cad>
          </ns3:TrackPointExtension>
        </extensions>
      </trkpt>
      <trkpt lat="45.054135359823703765869140625" lon="6.28047488629817962646484375">
        <ele>1814.5999755859375</ele>
        <time>2026-07-27T07:52:06.000Z</time>
        <extensions>
          <ns3:TrackPointExtension>
            <ns3:hr>111</ns3:hr>
            <ns3:cad>56</ns3:cad>
          </ns3:TrackPointExtension>
        </extensions>
      </trkpt>
      <trkpt lat="45.05415556021034717559814453125" lon="6.280467845499515533447265625">
        <ele>1814.199951171875</ele>
        <time>2026-07-27T07:52:08.000Z</time>
        <extensions>
          <ns3:TrackPointExtension>
            <ns3:hr>111</ns3:hr>
            <ns3:cad>55</ns3:cad>
          </ns3:TrackPointExtension>
        </extensions>
      </trkpt>
      <trkpt lat="45.05417366512119770050048828125" lon="6.28045451827347278594970703125">
        <ele>1813</ele>
        <time>2026-07-27T07:52:10.000Z</time>
        <extensions>
          <ns3:TrackPointExtension>
            <ns3:hr>110</ns3:hr>
            <ns3:cad>55</ns3:cad>
          </ns3:TrackPointExtension>
        </extensions>
      </trkpt>
      <trkpt lat="45.05418724380433559417724609375" lon="6.2804287858307361602783203125">
        <ele>1813</ele>
        <time>2026-07-27T07:52:12.000Z</time>
        <extensions>
          <ns3:TrackPointExtension>
            <ns3:hr>116</ns3:hr>
            <ns3:cad>55</ns3:cad>
          </ns3:TrackPointExtension>
        </extensions>
      </trkpt>
      <trkpt lat="45.05419428460299968719482421875" lon="6.28041545860469341278076171875">
        <ele>1813</ele>
        <time>2026-07-27T07:52:13.000Z</time>
        <extensions>
          <ns3:TrackPointExtension>
            <ns3:hr>128</ns3:hr>
            <ns3:cad>55</ns3:cad>
          </ns3:TrackPointExtension>
        </extensions>
      </trkpt>
      <trkpt lat="45.05420099012553691864013671875" lon="6.28040741197764873504638671875">
        <ele>1812.800048828125</ele>
        <time>2026-07-27T07:52:14.000Z</time>
        <extensions>
          <ns3:TrackPointExtension>
            <ns3:hr>134</ns3:hr>
            <ns3:cad>55</ns3:cad>
          </ns3:TrackPointExtension>
        </extensions>
      </trkpt>
      <trkpt lat="45.05421859212219715118408203125" lon="6.28039802424609661102294921875">
        <ele>1812.800048828125</ele>
        <time>2026-07-27T07:52:16.000Z</time>
        <extensions>
          <ns3:TrackPointExtension>
            <ns3:hr>137</ns3:hr>
            <ns3:cad>55</ns3:cad>
          </ns3:TrackPointExtension>
        </extensions>
      </trkpt>
      <trkpt lat="45.054244659841060638427734375" lon="6.280384361743927001953125">
        <ele>1812</ele>
        <time>2026-07-27T07:52:19.000Z</time>
        <extensions>
          <ns3:TrackPointExtension>
            <ns3:hr>137</ns3:hr>
            <ns3:cad>0</ns3:cad>
          </ns3:TrackPointExtension>
        </extensions>
      </trkpt>
      <trkpt lat="45.054276846349239349365234375" lon="6.28036935813724994659423828125">
        <ele>1811.4000244140625</ele>
        <time>2026-07-27T07:52:23.000Z</time>
        <extensions>
          <ns3:TrackPointExtension>
            <ns3:hr>136</ns3:hr>
            <ns3:cad>0</ns3:cad>
          </ns3:TrackPointExtension>
        </extensions>
      </trkpt>
      <trkpt lat="45.0542847253382205963134765625" lon="6.2803640775382518768310546875">
        <ele>1811</ele>
        <time>2026-07-27T07:52:24.000Z</time>
        <extensions>
          <ns3:TrackPointExtension>
            <ns3:hr>136</ns3:hr>
            <ns3:cad>0</ns3:cad>
          </ns3:TrackPointExtension>
        </extensions>
      </trkpt>
      <trkpt lat="45.0543108768761157989501953125" lon="6.2803261913359165191650390625">
        <ele>1809.5999755859375</ele>
        <time>2026-07-27T07:52:29.000Z</time>
        <extensions>
          <ns3:TrackPointExtension>
            <ns3:hr>136</ns3:hr>
            <ns3:cad>49</ns3:cad>
          </ns3:TrackPointExtension>
        </extensions>
      </trkpt>
      <trkpt lat="45.054316408932209014892578125" lon="6.2803288735449314117431640625">
        <ele>1809.5999755859375</ele>
        <time>2026-07-27T07:52:30.000Z</time>
        <extensions>
          <ns3:TrackPointExtension>
            <ns3:hr>136</ns3:hr>
            <ns3:cad>49</ns3:cad>
          </ns3:TrackPointExtension>
        </extensions>
      </trkpt>
      <trkpt lat="45.05436376668512821197509765625" lon="6.28031956963241100311279296875">
        <ele>1808.4000244140625</ele>
        <time>2026-07-27T07:52:35.000Z</time>
        <extensions>
          <ns3:TrackPointExtension>
            <ns3:hr>136</ns3:hr>
            <ns3:cad>0</ns3:cad>
          </ns3:TrackPointExtension>
        </extensions>
      </trkpt>
      <trkpt lat="45.054392181336879730224609375" lon="6.28030858933925628662109375">
        <ele>1807.199951171875</ele>
        <time>2026-07-27T07:52:38.000Z</time>
        <extensions>
          <ns3:TrackPointExtension>
            <ns3:hr>136</ns3:hr>
            <ns3:cad>0</ns3:cad>
          </ns3:TrackPointExtension>
        </extensions>
      </trkpt>
      <trkpt lat="45.0544459931552410125732421875" lon="6.2802752293646335601806640625">
        <ele>1806</ele>
        <time>2026-07-27T07:52:44.000Z</time>
        <extensions>
          <ns3:TrackPointExtension>
            <ns3:hr>136</ns3:hr>
            <ns3:cad>0</ns3:cad>
          </ns3:TrackPointExtension>
        </extensions>
      </trkpt>
      <trkpt lat="45.05448245443403720855712890625" lon="6.28025092184543609619140625">
        <ele>1805</ele>
        <time>2026-07-27T07:52:48.000Z</time>
        <extensions>
          <ns3:TrackPointExtension>
            <ns3:hr>136</ns3:hr>
            <ns3:cad>0</ns3:cad>
          </ns3:TrackPointExtension>
        </extensions>
      </trkpt>
      <trkpt lat="45.05451254546642303466796875" lon="6.280237846076488494873046875">
        <ele>1804.5999755859375</ele>
        <time>2026-07-27T07:52:51.000Z</time>
        <extensions>
          <ns3:TrackPointExtension>
            <ns3:hr>136</ns3:hr>
            <ns3:cad>55</ns3:cad>
          </ns3:TrackPointExtension>
        </extensions>
      </trkpt>
      <trkpt lat="45.05454473197460174560546875" lon="6.2802247703075408935546875">
        <ele>1803.800048828125</ele>
        <time>2026-07-27T07:52:54.000Z</time>
        <extensions>
          <ns3:TrackPointExtension>
            <ns3:hr>136</ns3:hr>
            <ns3:cad>51</ns3:cad>
          </ns3:TrackPointExtension>
        </extensions>
      </trkpt>
      <trkpt lat="45.05457582883536815643310546875" lon="6.2802229262888431549072265625">
        <ele>1802.800048828125</ele>
        <time>2026-07-27T07:52:57.000Z</time>
        <extensions>
          <ns3:TrackPointExtension>
            <ns3:hr>136</ns3:hr>
            <ns3:cad>52</ns3:cad>
          </ns3:TrackPointExtension>
        </extensions>
      </trkpt>
      <trkpt lat="45.05461036227643489837646484375" lon="6.2801900692284107208251953125">
        <ele>1802.199951171875</ele>
        <time>2026-07-27T07:53:01.000Z</time>
        <extensions>
          <ns3:TrackPointExtension>
            <ns3:hr>134</ns3:hr>
            <ns3:cad>52</ns3:cad>
          </ns3:TrackPointExtension>
        </extensions>
      </trkpt>
      <trkpt lat="45.0546411238610744476318359375" lon="6.28017204813659191131591796875">
        <ele>1801.5999755859375</ele>
        <time>2026-07-27T07:53:05.000Z</time>
        <extensions>
          <ns3:TrackPointExtension>
            <ns3:hr>134</ns3:hr>
            <ns3:cad>53</ns3:cad>
          </ns3:TrackPointExtension>
        </extensions>
      </trkpt>
      <trkpt lat="45.05467708222568035125732421875" lon="6.28015478141605854034423828125">
        <ele>1800.800048828125</ele>
        <time>2026-07-27T07:53:09.000Z</time>
        <extensions>
          <ns3:TrackPointExtension>
            <ns3:hr>132</ns3:hr>
            <ns3:cad>53</ns3:cad>
          </ns3:TrackPointExtension>
        </extensions>
      </trkpt>
      <trkpt lat="45.05469384603202342987060546875" lon="6.2801471538841724395751953125">
        <ele>1800.4000244140625</ele>
        <time>2026-07-27T07:53:11.000Z</time>
        <extensions>
          <ns3:TrackPointExtension>
            <ns3:hr>131</ns3:hr>
            <ns3:cad>53</ns3:cad>
          </ns3:TrackPointExtension>
        </extensions>
      </trkpt>
      <trkpt lat="45.05472150631248950958251953125" lon="6.28012477420270442962646484375">
        <ele>1799.800048828125</ele>
        <time>2026-07-27T07:53:14.000Z</time>
        <extensions>
          <ns3:TrackPointExtension>
            <ns3:hr>131</ns3:hr>
            <ns3:cad>53</ns3:cad>
          </ns3:TrackPointExtension>
        </extensions>
      </trkpt>
      <trkpt lat="45.05474799312651157379150390625" lon="6.28010583110153675079345703125">
        <ele>1799.199951171875</ele>
        <time>2026-07-27T07:53:17.000Z</time>
        <extensions>
          <ns3:TrackPointExtension>
            <ns3:hr>131</ns3:hr>
            <ns3:cad>0</ns3:cad>
          </ns3:TrackPointExtension>
        </extensions>
      </trkpt>
      <trkpt lat="45.0547598116099834442138671875" lon="6.28010432235896587371826171875">
        <ele>1799</ele>
        <time>2026-07-27T07:53:18.000Z</time>
        <extensions>
          <ns3:TrackPointExtension>
            <ns3:hr>131</ns3:hr>
            <ns3:cad>0</ns3:cad>
          </ns3:TrackPointExtension>
        </extensions>
      </trkpt>
      <trkpt lat="45.05480180494487285614013671875" lon="6.280095688998699188232421875">
        <ele>1798.199951171875</ele>
        <time>2026-07-27T07:53:22.000Z</time>
        <extensions>
          <ns3:TrackPointExtension>
            <ns3:hr>131</ns3:hr>
            <ns3:cad>55</ns3:cad>
          </ns3:TrackPointExtension>
        </extensions>
      </trkpt>
      <trkpt lat="45.05486869253218173980712890625" lon="6.28009258769452571868896484375">
        <ele>1797</ele>
        <time>2026-07-27T07:53:28.000Z</time>
        <extensions>
          <ns3:TrackPointExtension>
            <ns3:hr>133</ns3:hr>
            <ns3:cad>54</ns3:cad>
          </ns3:TrackPointExtension>
        </extensions>
      </trkpt>
      <trkpt lat="45.0549690239131450653076171875" lon="6.2801335752010345458984375">
        <ele>1796</ele>
        <time>2026-07-27T07:53:36.000Z</time>
        <extensions>
          <ns3:TrackPointExtension>
            <ns3:hr>131</ns3:hr>
            <ns3:cad>55</ns3:cad>
          </ns3:TrackPointExtension>
        </extensions>
      </trkpt>
      <trkpt lat="45.05499073304235935211181640625" lon="6.28014991991221904754638671875">
        <ele>1795.800048828125</ele>
        <time>2026-07-27T07:53:38.000Z</time>
        <extensions>
          <ns3:TrackPointExtension>
            <ns3:hr>130</ns3:hr>
            <ns3:cad>55</ns3:cad>
          </ns3:TrackPointExtension>
        </extensions>
      </trkpt>
      <trkpt lat="45.0549968518316745758056640625" lon="6.28016014583408832550048828125">
        <ele>1795.800048828125</ele>
        <time>2026-07-27T07:53:39.000Z</time>
        <extensions>
          <ns3:TrackPointExtension>
            <ns3:hr>129</ns3:hr>
            <ns3:cad>55</ns3:cad>
          </ns3:TrackPointExtension>
        </extensions>
      </trkpt>
      <trkpt lat="45.0550545193254947662353515625" lon="6.28021211363375186920166015625">
        <ele>1795</ele>
        <time>2026-07-27T07:53:45.000Z</time>
        <extensions>
          <ns3:TrackPointExtension>
            <ns3:hr>131</ns3:hr>
            <ns3:cad>52</ns3:cad>
          </ns3:TrackPointExtension>
        </extensions>
      </trkpt>
      <trkpt lat="45.05509466864168643951416015625" lon="6.28021412529051303863525390625">
        <ele>1794</ele>
        <time>2026-07-27T07:53:49.000Z</time>
        <extensions>
          <ns3:TrackPointExtension>
            <ns3:hr>131</ns3:hr>
            <ns3:cad>53</ns3:cad>
          </ns3:TrackPointExtension>
        </extensions>
      </trkpt>
      <trkpt lat="45.0551034696400165557861328125" lon="6.28020842559635639190673828125">
        <ele>1793.800048828125</ele>
        <time>2026-07-27T07:53:50.000Z</time>
        <extensions>
          <ns3:TrackPointExtension>
            <ns3:hr>131</ns3:hr>
            <ns3:cad>53</ns3:cad>
          </ns3:TrackPointExtension>
        </extensions>
      </trkpt>
      <trkpt lat="45.0551395118236541748046875" lon="6.2801899015903472900390625">
        <ele>1793.4000244140625</ele>
        <time>2026-07-27T07:53:53.000Z</time>
        <extensions>
          <ns3:TrackPointExtension>
            <ns3:hr>130</ns3:hr>
            <ns3:cad>52</ns3:cad>
          </ns3:TrackPointExtension>
        </extensions>
      </trkpt>
      <trkpt lat="45.055152587592601776123046875" lon="6.28020775504410266876220703125">
        <ele>1793.199951171875</ele>
        <time>2026-07-27T07:53:55.000Z</time>
        <extensions>
          <ns3:TrackPointExtension>
            <ns3:hr>129</ns3:hr>
            <ns3:cad>52</ns3:cad>
          </ns3:TrackPointExtension>
        </extensions>
      </trkpt>
      <trkpt lat="45.05515359342098236083984375" lon="6.28023541532456874847412109375">
        <ele>1793</ele>
        <time>2026-07-27T07:53:57.000Z</time>
        <extensions>
          <ns3:TrackPointExtension>
            <ns3:hr>129</ns3:hr>
            <ns3:cad>51</ns3:cad>
          </ns3:TrackPointExtension>
        </extensions>
      </trkpt>
      <trkpt lat="45.05514881573617458343505859375" lon="6.28024698235094547271728515625">
        <ele>1792.800048828125</ele>
        <time>2026-07-27T07:53:58.000Z</time>
        <extensions>
          <ns3:TrackPointExtension>
            <ns3:hr>129</ns3:hr>
            <ns3:cad>51</ns3:cad>
          </ns3:TrackPointExtension>
        </extensions>
      </trkpt>
      <trkpt lat="45.0551349855959415435791015625" lon="6.2802661769092082977294921875">
        <ele>1792</ele>
        <time>2026-07-27T07:54:00.000Z</time>
        <extensions>
          <ns3:TrackPointExtension>
            <ns3:hr>130</ns3:hr>
            <ns3:cad>48</ns3:cad>
          </ns3:TrackPointExtension>
        </extensions>
      </trkpt>
      <trkpt lat="45.05512677133083343505859375" lon="6.28026994876563549041748046875">
        <ele>1791.4000244140625</ele>
        <time>2026-07-27T07:54:01.000Z</time>
        <extensions>
          <ns3:TrackPointExtension>
            <ns3:hr>130</ns3:hr>
            <ns3:cad>48</ns3:cad>
          </ns3:TrackPointExtension>
        </extensions>
      </trkpt>
      <trkpt lat="45.05511763505637645721435546875" lon="6.2802886404097080230712890625">
        <ele>1790.800048828125</ele>
        <time>2026-07-27T07:54:05.000Z</time>
        <extensions>
          <ns3:TrackPointExtension>
            <ns3:hr>130</ns3:hr>
            <ns3:cad>0</ns3:cad>
          </ns3:TrackPointExtension>
        </extensions>
      </trkpt>
      <trkpt lat="45.05512551404535770416259765625" lon="6.28029383718967437744140625">
        <ele>1790.5999755859375</ele>
        <time>2026-07-27T07:54:06.000Z</time>
        <extensions>
          <ns3:TrackPointExtension>
            <ns3:hr>130</ns3:hr>
            <ns3:cad>0</ns3:cad>
          </ns3:TrackPointExtension>
        </extensions>
      </trkpt>
      <trkpt lat="45.05515065975487232208251953125" lon="6.28030548803508281707763671875">
        <ele>1790.199951171875</ele>
        <time>2026-07-27T07:54:09.000Z</time>
        <extensions>
          <ns3:TrackPointExtension>
            <ns3:hr>130</ns3:hr>
            <ns3:cad>0</ns3:cad>
          </ns3:TrackPointExtension>
        </extensions>
      </trkpt>
      <trkpt lat="45.05518955178558826446533203125" lon="6.280314959585666656494140625">
        <ele>1789.5999755859375</ele>
        <time>2026-07-27T07:54:13.000Z</time>
        <extensions>
          <ns3:TrackPointExtension>
            <ns3:hr>131</ns3:hr>
            <ns3:cad>0</ns3:cad>
          </ns3:TrackPointExtension>
        </extensions>
      </trkpt>
      <trkpt lat="45.05521620623767375946044921875" lon="6.28032241947948932647705078125">
        <ele>1789</ele>
        <time>2026-07-27T07:54:16.000Z</time>
        <extensions>
          <ns3:TrackPointExtension>
            <ns3:hr>131</ns3:hr>
            <ns3:cad>0</ns3:cad>
          </ns3:TrackPointExtension>
        </extensions>
      </trkpt>
      <trkpt lat="45.05524923093616962432861328125" lon="6.2803007103502750396728515625">
        <ele>1787.800048828125</ele>
        <time>2026-07-27T07:54:20.000Z</time>
        <extensions>
          <ns3:TrackPointExtension>
            <ns3:hr>132</ns3:hr>
            <ns3:cad>53</ns3:cad>
          </ns3:TrackPointExtension>
        </extensions>
      </trkpt>
      <trkpt lat="45.05527085624635219573974609375" lon="6.28026969730854034423828125">
        <ele>1787.4000244140625</ele>
        <time>2026-07-27T07:54:23.000Z</time>
        <extensions>
          <ns3:TrackPointExtension>
            <ns3:hr>132</ns3:hr>
            <ns3:cad>0</ns3:cad>
          </ns3:TrackPointExtension>
        </extensions>
      </trkpt>
      <trkpt lat="45.05529516376554965972900390625" lon="6.28021538257598876953125">
        <ele>1786.800048828125</ele>
        <time>2026-07-27T07:54:27.000Z</time>
        <extensions>
          <ns3:TrackPointExtension>
            <ns3:hr>132</ns3:hr>
            <ns3:cad>0</ns3:cad>
          </ns3:TrackPointExtension>
        </extensions>
      </trkpt>
      <trkpt lat="45.05530103109776973724365234375" lon="6.28021060489118099212646484375">
        <ele>1786.5999755859375</ele>
        <time>2026-07-27T07:54:28.000Z</time>
        <extensions>
          <ns3:TrackPointExtension>
            <ns3:hr>131</ns3:hr>
            <ns3:cad>0</ns3:cad>
          </ns3:TrackPointExtension>
        </extensions>
      </trkpt>
      <trkpt lat="45.055316202342510223388671875" lon="6.2802194058895111083984375">
        <ele>1786.4000244140625</ele>
        <time>2026-07-27T07:54:30.000Z</time>
        <extensions>
          <ns3:TrackPointExtension>
            <ns3:hr>130</ns3:hr>
            <ns3:cad>0</ns3:cad>
          </ns3:TrackPointExtension>
        </extensions>
      </trkpt>
      <trkpt lat="45.05531762726604938507080078125" lon="6.28025687299668788909912109375">
        <ele>1785.5999755859375</ele>
        <time>2026-07-27T07:54:33.000Z</time>
        <extensions>
          <ns3:TrackPointExtension>
            <ns3:hr>130</ns3:hr>
            <ns3:cad>0</ns3:cad>
          </ns3:TrackPointExtension>
        </extensions>
      </trkpt>
      <trkpt lat="45.05531377159059047698974609375" lon="6.280279420316219329833984375">
        <ele>1785.199951171875</ele>
        <time>2026-07-27T07:54:35.000Z</time>
        <extensions>
          <ns3:TrackPointExtension>
            <ns3:hr>130</ns3:hr>
            <ns3:cad>0</ns3:cad>
          </ns3:TrackPointExtension>
        </extensions>
      </trkpt>
      <trkpt lat="45.05531175993382930755615234375" lon="6.28030397929251194000244140625">
        <ele>1784.4000244140625</ele>
        <time>2026-07-27T07:54:38.000Z</time>
        <extensions>
          <ns3:TrackPointExtension>
            <ns3:hr>130</ns3:hr>
            <ns3:cad>51</ns3:cad>
          </ns3:TrackPointExtension>
        </extensions>
      </trkpt>
      <trkpt lat="45.055321566760540008544921875" lon="6.2803711183369159698486328125">
        <ele>1783.5999755859375</ele>
        <time>2026-07-27T07:54:43.000Z</time>
        <extensions>
          <ns3:TrackPointExtension>
            <ns3:hr>130</ns3:hr>
            <ns3:cad>56</ns3:cad>
          </ns3:TrackPointExtension>
        </extensions>
      </trkpt>
      <trkpt lat="45.05532248876988887786865234375" lon="6.2803808413445949554443359375">
        <ele>1783.4000244140625</ele>
        <time>2026-07-27T07:54:44.000Z</time>
        <extensions>
          <ns3:TrackPointExtension>
            <ns3:hr>130</ns3:hr>
            <ns3:cad>56</ns3:cad>
          </ns3:TrackPointExtension>
        </extensions>
      </trkpt>
      <trkpt lat="45.0553120113909244537353515625" lon="6.2804257683455944061279296875">
        <ele>1782.199951171875</ele>
        <time>2026-07-27T07:54:49.000Z</time>
        <extensions>
          <ns3:TrackPointExtension>
            <ns3:hr>130</ns3:hr>
            <ns3:cad>51</ns3:cad>
          </ns3:TrackPointExtension>
        </extensions>
      </trkpt>
      <trkpt lat="45.05529684014618396759033203125" lon="6.28044177778065204620361328125">
        <ele>1781.800048828125</ele>
        <time>2026-07-27T07:54:51.000Z</time>
        <extensions>
          <ns3:TrackPointExtension>
            <ns3:hr>130</ns3:hr>
            <ns3:cad>47</ns3:cad>
          </ns3:TrackPointExtension>
        </extensions>
      </trkpt>
      <trkpt lat="45.05528024397790431976318359375" lon="6.28045267425477504730224609375">
        <ele>1781</ele>
        <time>2026-07-27T07:54:54.000Z</time>
        <extensions>
          <ns3:TrackPointExtension>
            <ns3:hr>130</ns3:hr>
            <ns3:cad>47</ns3:cad>
          </ns3:TrackPointExtension>
        </extensions>
      </trkpt>
      <trkpt lat="45.0552789866924285888671875" lon="6.28045569173991680145263671875">
        <ele>1781</ele>
        <time>2026-07-27T07:54:58.000Z</time>
        <extensions>
          <ns3:TrackPointExtension>
            <ns3:hr>130</ns3:hr>
            <ns3:cad>0</ns3:cad>
          </ns3:TrackPointExtension>
        </extensions>
      </trkpt>
      <trkpt lat="45.05532500334084033966064453125" lon="6.280449740588665008544921875">
        <ele>1780.5999755859375</ele>
        <time>2026-07-27T07:55:05.000Z</time>
        <extensions>
          <ns3:TrackPointExtension>
            <ns3:hr>129</ns3:hr>
            <ns3:cad>0</ns3:cad>
          </ns3:TrackPointExtension>
        </extensions>
      </trkpt>
      <trkpt lat="45.055348388850688934326171875" lon="6.280443035066127777099609375">
        <ele>1780</ele>
        <time>2026-07-27T07:55:08.000Z</time>
        <extensions>
          <ns3:TrackPointExtension>
            <ns3:hr>130</ns3:hr>
            <ns3:cad>0</ns3:cad>
          </ns3:TrackPointExtension>
        </extensions>
      </trkpt>
      <trkpt lat="45.055383928120136260986328125" lon="6.280405819416046142578125">
        <ele>1779</ele>
        <time>2026-07-27T07:55:13.000Z</time>
        <extensions>
          <ns3:TrackPointExtension>
            <ns3:hr>130</ns3:hr>
            <ns3:cad>41</ns3:cad>
          </ns3:TrackPointExtension>
        </extensions>
      </trkpt>
      <trkpt lat="45.05538887344300746917724609375" lon="6.2803992815315723419189453125">
        <ele>1778.800048828125</ele>
        <time>2026-07-27T07:55:14.000Z</time>
        <extensions>
          <ns3:TrackPointExtension>
            <ns3:hr>130</ns3:hr>
            <ns3:cad>41</ns3:cad>
          </ns3:TrackPointExtension>
        </extensions>
      </trkpt>
      <trkpt lat="45.05543882958590984344482421875" lon="6.28034756518900394439697265625">
        <ele>1777.5999755859375</ele>
        <time>2026-07-27T07:55:20.000Z</time>
        <extensions>
          <ns3:TrackPointExtension>
            <ns3:hr>129</ns3:hr>
            <ns3:cad>0</ns3:cad>
          </ns3:TrackPointExtension>
        </extensions>
      </trkpt>
      <trkpt lat="45.0554479658603668212890625" lon="6.2803124450147151947021484375">
        <ele>1777</ele>
        <time>2026-07-27T07:55:23.000Z</time>
        <extensions>
          <ns3:TrackPointExtension>
            <ns3:hr>130</ns3:hr>
            <ns3:cad>0</ns3:cad>
          </ns3:TrackPointExtension>
        </extensions>
      </trkpt>
      <trkpt lat="45.05546514876186847686767578125" lon="6.28025921992957592010498046875">
        <ele>1776.5999755859375</ele>
        <time>2026-07-27T07:55:27.000Z</time>
        <extensions>
          <ns3:TrackPointExtension>
            <ns3:hr>130</ns3:hr>
            <ns3:cad>0</ns3:cad>
          </ns3:TrackPointExtension>
        </extensions>
      </trkpt>
      <trkpt lat="45.055509321391582489013671875" lon="6.28022619523108005523681640625">
        <ele>1775.800048828125</ele>
        <time>2026-07-27T07:55:32.000Z</time>
        <extensions>
          <ns3:TrackPointExtension>
            <ns3:hr>130</ns3:hr>
            <ns3:cad>51</ns3:cad>
          </ns3:TrackPointExtension>
        </extensions>
      </trkpt>
      <trkpt lat="45.05551837384700775146484375" lon="6.2802209146320819854736328125">
        <ele>1775.5999755859375</ele>
        <time>2026-07-27T07:55:33.000Z</time>
        <extensions>
          <ns3:TrackPointExtension>
            <ns3:hr>130</ns3:hr>
            <ns3:cad>53</ns3:cad>
          </ns3:TrackPointExtension>
        </extensions>
      </trkpt>
      <trkpt lat="45.055596493184566497802734375" lon="6.28018780611455440521240234375">
        <ele>1774.5999755859375</ele>
        <time>2026-07-27T07:55:42.000Z</time>
        <extensions>
          <ns3:TrackPointExtension>
            <ns3:hr>128</ns3:hr>
            <ns3:cad>41</ns3:cad>
          </ns3:TrackPointExtension>
        </extensions>
      </trkpt>
      <trkpt lat="45.05560286343097686767578125" lon="6.28018881194293498992919921875">
        <ele>1774.4000244140625</ele>
        <time>2026-07-27T07:55:43.000Z</time>
        <extensions>
          <ns3:TrackPointExtension>
            <ns3:hr>128</ns3:hr>
            <ns3:cad>41</ns3:cad>
          </ns3:TrackPointExtension>
        </extensions>
      </trkpt>
      <trkpt lat="45.0556342117488384246826171875" lon="6.2801816873252391815185546875">
        <ele>1773.5999755859375</ele>
        <time>2026-07-27T07:55:48.000Z</time>
        <extensions>
          <ns3:TrackPointExtension>
            <ns3:hr>126</ns3:hr>
            <ns3:cad>0</ns3:cad>
          </ns3:TrackPointExtension>
        </extensions>
      </trkpt>
      <trkpt lat="45.05566463805735111236572265625" lon="6.280153356492519378662109375">
        <ele>1773.199951171875</ele>
        <time>2026-07-27T07:55:56.000Z</time>
        <extensions>
          <ns3:TrackPointExtension>
            <ns3:hr>126</ns3:hr>
            <ns3:cad>0</ns3:cad>
          </ns3:TrackPointExtension>
        </extensions>
      </trkpt>
      <trkpt lat="45.055674277245998382568359375" lon="6.28014807589352130889892578125">
        <ele>1773</ele>
        <time>2026-07-27T07:55:57.000Z</time>
        <extensions>
          <ns3:TrackPointExtension>
            <ns3:hr>126</ns3:hr>
            <ns3:cad>0</ns3:cad>
          </ns3:TrackPointExtension>
        </extensions>
      </trkpt>
      <trkpt lat="45.0557136721909046173095703125" lon="6.280111111700534820556640625">
        <ele>1772</ele>
        <time>2026-07-27T07:56:02.000Z</time>
        <extensions>
          <ns3:TrackPointExtension>
            <ns3:hr>127</ns3:hr>
            <ns3:cad>51</ns3:cad>
          </ns3:TrackPointExtension>
        </extensions>
      </trkpt>
      <trkpt lat="45.0557411648333072662353515625" lon="6.280073560774326324462890625">
        <ele>1771</ele>
        <time>2026-07-27T07:56:06.000Z</time>
        <extensions>
          <ns3:TrackPointExtension>
            <ns3:hr>126</ns3:hr>
            <ns3:cad>57</ns3:cad>
          </ns3:TrackPointExtension>
        </extensions>
      </trkpt>
      <trkpt lat="45.055750720202922821044921875" lon="6.28006174229085445404052734375">
        <ele>1771</ele>
        <time>2026-07-27T07:56:07.000Z</time>
        <extensions>
          <ns3:TrackPointExtension>
            <ns3:hr>126</ns3:hr>
            <ns3:cad>57</ns3:cad>
          </ns3:TrackPointExtension>
        </extensions>
      </trkpt>
      <trkpt lat="45.0558073818683624267578125" lon="6.2799791805446147918701171875">
        <ele>1769.800048828125</ele>
        <time>2026-07-27T07:56:15.000Z</time>
        <extensions>
          <ns3:TrackPointExtension>
            <ns3:hr>127</ns3:hr>
            <ns3:cad>54</ns3:cad>
          </ns3:TrackPointExtension>
        </extensions>
      </trkpt>
      <trkpt lat="45.055831857025623321533203125" lon="6.2799141369760036468505859375">
        <ele>1768.199951171875</ele>
        <time>2026-07-27T07:56:21.000Z</time>
        <extensions>
          <ns3:TrackPointExtension>
            <ns3:hr>126</ns3:hr>
            <ns3:cad>50</ns3:cad>
          </ns3:TrackPointExtension>
        </extensions>
      </trkpt>
      <trkpt lat="45.0558420829474925994873046875" lon="6.27989687025547027587890625">
        <ele>1768.199951171875</ele>
        <time>2026-07-27T07:56:23.000Z</time>
        <extensions>
          <ns3:TrackPointExtension>
            <ns3:hr>126</ns3:hr>
            <ns3:cad>50</ns3:cad>
          </ns3:TrackPointExtension>
        </extensions>
      </trkpt>
      <trkpt lat="45.05587703548371791839599609375" lon="6.27987541258335113525390625">
        <ele>1767</ele>
        <time>2026-07-27T07:56:28.000Z</time>
        <extensions>
          <ns3:TrackPointExtension>
            <ns3:hr>126</ns3:hr>
            <ns3:cad>0</ns3:cad>
          </ns3:TrackPointExtension>
        </extensions>
      </trkpt>
      <trkpt lat="45.0559067912399768829345703125" lon="6.27985973842442035675048828125">
        <ele>1766</ele>
        <time>2026-07-27T07:56:32.000Z</time>
        <extensions>
          <ns3:TrackPointExtension>
            <ns3:hr>128</ns3:hr>
            <ns3:cad>0</ns3:cad>
          </ns3:TrackPointExtension>
        </extensions>
      </trkpt>
      <trkpt lat="45.0559383071959018707275390625" lon="6.27984263934195041656494140625">
        <ele>1765</ele>
        <time>2026-07-27T07:56:36.000Z</time>
        <extensions>
          <ns3:TrackPointExtension>
            <ns3:hr>128</ns3:hr>
            <ns3:cad>0</ns3:cad>
          </ns3:TrackPointExtension>
        </extensions>
      </trkpt>
      <trkpt lat="45.055975019931793212890625" lon="6.2798195891082286834716796875">
        <ele>1763.800048828125</ele>
        <time>2026-07-27T07:56:41.000Z</time>
        <extensions>
          <ns3:TrackPointExtension>
            <ns3:hr>128</ns3:hr>
            <ns3:cad>0</ns3:cad>
          </ns3:TrackPointExtension>
        </extensions>
      </trkpt>
      <trkpt lat="45.05600611679255962371826171875" lon="6.27980844117701053619384765625">
        <ele>1762.5999755859375</ele>
        <time>2026-07-27T07:56:45.000Z</time>
        <extensions>
          <ns3:TrackPointExtension>
            <ns3:hr>128</ns3:hr>
            <ns3:cad>0</ns3:cad>
          </ns3:TrackPointExtension>
        </extensions>
      </trkpt>
      <trkpt lat="45.0560365431010723114013671875" lon="6.27981514669954776763916015625">
        <ele>1761.5999755859375</ele>
        <time>2026-07-27T07:56:49.000Z</time>
        <extensions>
          <ns3:TrackPointExtension>
            <ns3:hr>131</ns3:hr>
            <ns3:cad>0</ns3:cad>
          </ns3:TrackPointExtension>
        </extensions>
      </trkpt>
      <trkpt lat="45.05606143735349178314208984375" lon="6.2798172421753406524658203125">
        <ele>1760.4000244140625</ele>
        <time>2026-07-27T07:56:52.000Z</time>
        <extensions>
          <ns3:TrackPointExtension>
            <ns3:hr>132</ns3:hr>
            <ns3:cad>0</ns3:cad>
          </ns3:TrackPointExtension>
        </extensions>
      </trkpt>
      <trkpt lat="45.0560841523110866546630859375" lon="6.27982269041240215301513671875">
        <ele>1760.199951171875</ele>
        <time>2026-07-27T07:56:54.000Z</time>
        <extensions>
          <ns3:TrackPointExtension>
            <ns3:hr>132</ns3:hr>
            <ns3:cad>59</ns3:cad>
          </ns3:TrackPointExtension>
        </extensions>
      </trkpt>
      <trkpt lat="45.0561019219458103179931640625" lon="6.2798370234668254852294921875">
        <ele>1759.4000244140625</ele>
        <time>2026-07-27T07:56:57.000Z</time>
        <extensions>
          <ns3:TrackPointExtension>
            <ns3:hr>133</ns3:hr>
            <ns3:cad>59</ns3:cad>
          </ns3:TrackPointExtension>
        </extensions>
      </trkpt>
      <trkpt lat="45.0561367906630039215087890625" lon="6.27985320053994655609130859375">
        <ele>1758.4000244140625</ele>
        <time>2026-07-27T07:57:01.000Z</time>
        <extensions>
          <ns3:TrackPointExtension>
            <ns3:hr>133</ns3:hr>
            <ns3:cad>0</ns3:cad>
          </ns3:TrackPointExtension>
        </extensions>
      </trkpt>
      <trkpt lat="45.0561480224132537841796875" lon="6.27985755912959575653076171875">
        <ele>1758</ele>
        <time>2026-07-27T07:57:02.000Z</time>
        <extensions>
          <ns3:TrackPointExtension>
            <ns3:hr>133</ns3:hr>
            <ns3:cad>0</ns3:cad>
          </ns3:TrackPointExtension>
        </extensions>
      </trkpt>
      <trkpt lat="45.0561609305441379547119140625" lon="6.2798601575195789337158203125">
        <ele>1757.800048828125</ele>
        <time>2026-07-27T07:57:03.000Z</time>
        <extensions>
          <ns3:TrackPointExtension>
            <ns3:hr>133</ns3:hr>
            <ns3:cad>0</ns3:cad>
          </ns3:TrackPointExtension>
        </extensions>
      </trkpt>
      <trkpt lat="45.05617015063762664794921875" lon="6.2798678688704967498779296875">
        <ele>1757.4000244140625</ele>
        <time>2026-07-27T07:57:04.000Z</time>
        <extensions>
          <ns3:TrackPointExtension>
            <ns3:hr>133</ns3:hr>
            <ns3:cad>0</ns3:cad>
          </ns3:TrackPointExtension>
        </extensions>
      </trkpt>
      <trkpt lat="45.0561775267124176025390625" lon="6.279869712889194488525390625">
        <ele>1757.199951171875</ele>
        <time>2026-07-27T07:57:05.000Z</time>
        <extensions>
          <ns3:TrackPointExtension>
            <ns3:hr>133</ns3:hr>
            <ns3:cad>0</ns3:cad>
          </ns3:TrackPointExtension>
        </extensions>
      </trkpt>
      <trkpt lat="45.0561989843845367431640625" lon="6.279882453382015228271484375">
        <ele>1756.4000244140625</ele>
        <time>2026-07-27T07:57:08.000Z</time>
        <extensions>
          <ns3:TrackPointExtension>
            <ns3:hr>135</ns3:hr>
            <ns3:cad>0</ns3:cad>
          </ns3:TrackPointExtension>
        </extensions>
      </trkpt>
      <trkpt lat="45.0562150776386260986328125" lon="6.27988354302942752838134765625">
        <ele>1755.800048828125</ele>
        <time>2026-07-27T07:57:10.000Z</time>
        <extensions>
          <ns3:TrackPointExtension>
            <ns3:hr>137</ns3:hr>
            <ns3:cad>0</ns3:cad>
          </ns3:TrackPointExtension>
        </extensions>
      </trkpt>
      <trkpt lat="45.05625505931675434112548828125" lon="6.27990600652992725372314453125">
        <ele>1754.5999755859375</ele>
        <time>2026-07-27T07:57:15.000Z</time>
        <extensions>
          <ns3:TrackPointExtension>
            <ns3:hr>139</ns3:hr>
            <ns3:cad>0</ns3:cad>
          </ns3:TrackPointExtension>
        </extensions>
      </trkpt>
      <trkpt lat="45.05628121085464954376220703125" lon="6.27990894019603729248046875">
        <ele>1754</ele>
        <time>2026-07-27T07:57:18.000Z</time>
        <extensions>
          <ns3:TrackPointExtension>
            <ns3:hr>138</ns3:hr>
            <ns3:cad>53</ns3:cad>
          </ns3:TrackPointExtension>
        </extensions>
      </trkpt>
      <trkpt lat="45.05629487335681915283203125" lon="6.27990701235830783843994140625">
        <ele>1753.800048828125</ele>
        <time>2026-07-27T07:57:19.000Z</time>
        <extensions>
          <ns3:TrackPointExtension>
            <ns3:hr>138</ns3:hr>
            <ns3:cad>57</ns3:cad>
          </ns3:TrackPointExtension>
        </extensions>
      </trkpt>
      <trkpt lat="45.05630518309772014617919921875" lon="6.2799030728638172149658203125">
        <ele>1753.4000244140625</ele>
        <time>2026-07-27T07:57:20.000Z</time>
        <extensions>
          <ns3:TrackPointExtension>
            <ns3:hr>138</ns3:hr>
            <ns3:cad>57</ns3:cad>
          </ns3:TrackPointExtension>
        </extensions>
      </trkpt>
      <trkpt lat="45.0563473440706729888916015625" lon="6.27990625798702239990234375">
        <ele>1752.5999755859375</ele>
        <time>2026-07-27T07:57:24.000Z</time>
        <extensions>
          <ns3:TrackPointExtension>
            <ns3:hr>138</ns3:hr>
            <ns3:cad>56</ns3:cad>
          </ns3:TrackPointExtension>
        </extensions>
      </trkpt>
      <trkpt lat="45.056358911097049713134765625" lon="6.279902569949626922607421875">
        <ele>1752.4000244140625</ele>
        <time>2026-07-27T07:57:25.000Z</time>
        <extensions>
          <ns3:TrackPointExtension>
            <ns3:hr>138</ns3:hr>
            <ns3:cad>56</ns3:cad>
          </ns3:TrackPointExtension>
        </extensions>
      </trkpt>
      <trkpt lat="45.056421272456645965576171875" lon="6.279901564121246337890625">
        <ele>1751.4000244140625</ele>
        <time>2026-07-27T07:57:32.000Z</time>
        <extensions>
          <ns3:TrackPointExtension>
            <ns3:hr>138</ns3:hr>
            <ns3:cad>53</ns3:cad>
          </ns3:TrackPointExtension>
        </extensions>
      </trkpt>
      <trkpt lat="45.05643174983561038970947265625" lon="6.27990332432091236114501953125">
        <ele>1751.199951171875</ele>
        <time>2026-07-27T07:57:33.000Z</time>
        <extensions>
          <ns3:TrackPointExtension>
            <ns3:hr>137</ns3:hr>
            <ns3:cad>53</ns3:cad>
          </ns3:TrackPointExtension>
        </extensions>
      </trkpt>
      <trkpt lat="45.05647969432175159454345703125" lon="6.27991304732859134674072265625">
        <ele>1750.199951171875</ele>
        <time>2026-07-27T07:57:37.000Z</time>
        <extensions>
          <ns3:TrackPointExtension>
            <ns3:hr>137</ns3:hr>
            <ns3:cad>54</ns3:cad>
          </ns3:TrackPointExtension>
        </extensions>
      </trkpt>
      <trkpt lat="45.05653015337884426116943359375" lon="6.279948167502880096435546875">
        <ele>1749.199951171875</ele>
        <time>2026-07-27T07:57:42.000Z</time>
        <extensions>
          <ns3:TrackPointExtension>
            <ns3:hr>136</ns3:hr>
            <ns3:cad>52</ns3:cad>
          </ns3:TrackPointExtension>
        </extensions>
      </trkpt>
      <trkpt lat="45.05655077286064624786376953125" lon="6.27996032126247882843017578125">
        <ele>1748.800048828125</ele>
        <time>2026-07-27T07:57:44.000Z</time>
        <extensions>
          <ns3:TrackPointExtension>
            <ns3:hr>136</ns3:hr>
            <ns3:cad>55</ns3:cad>
          </ns3:TrackPointExtension>
        </extensions>
      </trkpt>
      <trkpt lat="45.05660575814545154571533203125" lon="6.279987059533596038818359375">
        <ele>1748.199951171875</ele>
        <time>2026-07-27T07:57:49.000Z</time>
        <extensions>
          <ns3:TrackPointExtension>
            <ns3:hr>135</ns3:hr>
            <ns3:cad>56</ns3:cad>
          </ns3:TrackPointExtension>
        </extensions>
      </trkpt>
      <trkpt lat="45.056649260222911834716796875" lon="6.2800123728811740875244140625">
        <ele>1747</ele>
        <time>2026-07-27T07:57:55.000Z</time>
        <extensions>
          <ns3:TrackPointExtension>
            <ns3:hr>132</ns3:hr>
            <ns3:cad>51</ns3:cad>
          </ns3:TrackPointExtension>
        </extensions>
      </trkpt>
      <trkpt lat="45.05669879727065563201904296875" lon="6.28004849888384342193603515625">
        <ele>1746.199951171875</ele>
        <time>2026-07-27T07:58:00.000Z</time>
        <extensions>
          <ns3:TrackPointExtension>
            <ns3:hr>128</ns3:hr>
            <ns3:cad>50</ns3:cad>
          </ns3:TrackPointExtension>
        </extensions>
      </trkpt>
      <trkpt lat="45.056737773120403289794921875" lon="6.2800683639943599700927734375">
        <ele>1745.800048828125</ele>
        <time>2026-07-27T07:58:03.000Z</time>
        <extensions>
          <ns3:TrackPointExtension>
            <ns3:hr>127</ns3:hr>
            <ns3:cad>53</ns3:cad>
          </ns3:TrackPointExtension>
        </extensions>
      </trkpt>
      <trkpt lat="45.05678580142557621002197265625" lon="6.2800904922187328338623046875">
        <ele>1745.4000244140625</ele>
        <time>2026-07-27T07:58:06.000Z</time>
        <extensions>
          <ns3:TrackPointExtension>
            <ns3:hr>127</ns3:hr>
            <ns3:cad>55</ns3:cad>
          </ns3:TrackPointExtension>
        </extensions>
      </trkpt>
      <trkpt lat="45.0568281300365924835205078125" lon="6.28010683692991733551025390625">
        <ele>1744.800048828125</ele>
        <time>2026-07-27T07:58:09.000Z</time>
        <extensions>
          <ns3:TrackPointExtension>
            <ns3:hr>128</ns3:hr>
            <ns3:cad>55</ns3:cad>
          </ns3:TrackPointExtension>
        </extensions>
      </trkpt>
      <trkpt lat="45.05685277283191680908203125" lon="6.2801045738160610198974609375">
        <ele>1744.5999755859375</ele>
        <time>2026-07-27T07:58:12.000Z</time>
        <extensions>
          <ns3:TrackPointExtension>
            <ns3:hr>127</ns3:hr>
            <ns3:cad>57</ns3:cad>
          </ns3:TrackPointExtension>
        </extensions>
      </trkpt>
      <trkpt lat="45.05685520358383655548095703125" lon="6.28010876476764678955078125">
        <ele>1744.4000244140625</ele>
        <time>2026-07-27T07:58:20.000Z</time>
        <extensions>
          <ns3:TrackPointExtension>
            <ns3:hr>129</ns3:hr>
            <ns3:cad>0</ns3:cad>
          </ns3:TrackPointExtension>
        </extensions>
      </trkpt>
      <trkpt lat="45.0568549521267414093017578125" lon="6.2801106087863445281982421875">
        <ele>1744</ele>
        <time>2026-07-27T07:58:33.000Z</time>
        <extensions>
          <ns3:TrackPointExtension>
            <ns3:hr>125</ns3:hr>
            <ns3:cad>0</ns3:cad>
          </ns3:TrackPointExtension>
        </extensions>
      </trkpt>
      <trkpt lat="45.0568549521267414093017578125" lon="6.2801106087863445281982421875">
        <ele>1744</ele>
        <time>2026-07-27T07:58:36.000Z</time>
        <extensions>
          <ns3:TrackPointExtension>
            <ns3:hr>122</ns3:hr>
            <ns3:cad>0</ns3:cad>
          </ns3:TrackPointExtension>
        </extensions>
      </trkpt>
      <trkpt lat="45.0568549521267414093017578125" lon="6.2801106087863445281982421875">
        <ele>1743.800048828125</ele>
        <time>2026-07-27T07:58:41.000Z</time>
        <extensions>
          <ns3:TrackPointExtension>
            <ns3:hr>119</ns3:hr>
            <ns3:cad>0</ns3:cad>
          </ns3:TrackPointExtension>
        </extensions>
      </trkpt>
      <trkpt lat="45.0568549521267414093017578125" lon="6.28010985441505908966064453125">
        <ele>1744.199951171875</ele>
        <time>2026-07-27T07:58:44.000Z</time>
        <extensions>
          <ns3:TrackPointExtension>
            <ns3:hr>120</ns3:hr>
            <ns3:cad>0</ns3:cad>
          </ns3:TrackPointExtension>
        </extensions>
      </trkpt>
      <trkpt lat="45.0568549521267414093017578125" lon="6.28010985441505908966064453125">
        <ele>1744.4000244140625</ele>
        <time>2026-07-27T07:58:45.000Z</time>
        <extensions>
          <ns3:TrackPointExtension>
            <ns3:hr>119</ns3:hr>
            <ns3:cad>0</ns3:cad>
          </ns3:TrackPointExtension>
        </extensions>
      </trkpt>
      <trkpt lat="45.05685486830770969390869140625" lon="6.2801119498908519744873046875">
        <ele>1744</ele>
        <time>2026-07-27T07:58:56.000Z</time>
        <extensions>
          <ns3:TrackPointExtension>
            <ns3:hr>116</ns3:hr>
            <ns3:cad>0</ns3:cad>
          </ns3:TrackPointExtension>
        </extensions>
      </trkpt>
      <trkpt lat="45.05685537122189998626708984375" lon="6.2801119498908519744873046875">
        <ele>1743.5999755859375</ele>
        <time>2026-07-27T07:58:59.000Z</time>
        <extensions>
          <ns3:TrackPointExtension>
            <ns3:hr>116</ns3:hr>
            <ns3:cad>0</ns3:cad>
          </ns3:TrackPointExtension>
        </extensions>
      </trkpt>
      <trkpt lat="45.0569169782102108001708984375" lon="6.28008739091455936431884765625">
        <ele>1743.4000244140625</ele>
        <time>2026-07-27T07:59:08.000Z</time>
        <extensions>
          <ns3:TrackPointExtension>
            <ns3:hr>117</ns3:hr>
            <ns3:cad>52</ns3:cad>
          </ns3:TrackPointExtension>
        </extensions>
      </trkpt>
      <trkpt lat="45.057001300156116485595703125" lon="6.28007984720170497894287109375">
        <ele>1743</ele>
        <time>2026-07-27T07:59:14.000Z</time>
        <extensions>
          <ns3:TrackPointExtension>
            <ns3:hr>118</ns3:hr>
            <ns3:cad>48</ns3:cad>
          </ns3:TrackPointExtension>
        </extensions>
      </trkpt>
      <trkpt lat="45.0570098496973514556884765625" lon="6.28008822910487651824951171875">
        <ele>1743</ele>
        <time>2026-07-27T07:59:15.000Z</time>
        <extensions>
          <ns3:TrackPointExtension>
            <ns3:hr>119</ns3:hr>
            <ns3:cad>50</ns3:cad>
          </ns3:TrackPointExtension>
        </extensions>
      </trkpt>
      <trkpt lat="45.0570385158061981201171875" lon="6.2801578827202320098876953125">
        <ele>1742.800048828125</ele>
        <time>2026-07-27T07:59:23.000Z</time>
        <extensions>
          <ns3:TrackPointExtension>
            <ns3:hr>120</ns3:hr>
            <ns3:cad>0</ns3:cad>
          </ns3:TrackPointExtension>
        </extensions>
      </trkpt>
      <trkpt lat="45.05703792907297611236572265625" lon="6.280158720910549163818359375">
        <ele>1742.5999755859375</ele>
        <time>2026-07-27T07:59:25.000Z</time>
        <extensions>
          <ns3:TrackPointExtension>
            <ns3:hr>120</ns3:hr>
            <ns3:cad>0</ns3:cad>
          </ns3:TrackPointExtension>
        </extensions>
      </trkpt>
      <trkpt lat="45.05705301649868488311767578125" lon="6.2801719643175601959228515625">
        <ele>1742.4000244140625</ele>
        <time>2026-07-27T07:59:35.000Z</time>
        <extensions>
          <ns3:TrackPointExtension>
            <ns3:hr>118</ns3:hr>
            <ns3:cad>0</ns3:cad>
          </ns3:TrackPointExtension>
        </extensions>
      </trkpt>
      <trkpt lat="45.05706860683858394622802734375" lon="6.28029626794159412384033203125">
        <ele>1742.199951171875</ele>
        <time>2026-07-27T07:59:42.000Z</time>
        <extensions>
          <ns3:TrackPointExtension>
            <ns3:hr>118</ns3:hr>
            <ns3:cad>54</ns3:cad>
          </ns3:TrackPointExtension>
        </extensions>
      </trkpt>
      <trkpt lat="45.05705821327865123748779296875" lon="6.28043607808649539947509765625">
        <ele>1742.4000244140625</ele>
        <time>2026-07-27T07:59:50.000Z</time>
        <extensions>
          <ns3:TrackPointExtension>
            <ns3:hr>117</ns3:hr>
            <ns3:cad>53</ns3:cad>
          </ns3:TrackPointExtension>
        </extensions>
      </trkpt>
      <trkpt lat="45.0569954328238964080810546875" lon="6.2805099226534366607666015625">
        <ele>1743.800048828125</ele>
        <time>2026-07-27T07:59:58.000Z</time>
        <extensions>
          <ns3:TrackPointExtension>
            <ns3:hr>118</ns3:hr>
            <ns3:cad>52</ns3:cad>
          </ns3:TrackPointExtension>
        </extensions>
      </trkpt>
      <trkpt lat="45.0569729693233966827392578125" lon="6.28054604865610599517822265625">
        <ele>1744.199951171875</ele>
        <time>2026-07-27T08:00:01.000Z</time>
        <extensions>
          <ns3:TrackPointExtension>
            <ns3:hr>121</ns3:hr>
            <ns3:cad>52</ns3:cad>
          </ns3:TrackPointExtension>
        </extensions>
      </trkpt>
      <trkpt lat="45.0569478236138820648193359375" lon="6.28057572059333324432373046875">
        <ele>1744.5999755859375</ele>
        <time>2026-07-27T08:00:04.000Z</time>
        <extensions>
          <ns3:TrackPointExtension>
            <ns3:hr>124</ns3:hr>
            <ns3:cad>0</ns3:cad>
          </ns3:TrackPointExtension>
        </extensions>
      </trkpt>
      <trkpt lat="45.05694271065294742584228515625" lon="6.28057974390685558319091796875">
        <ele>1744.800048828125</ele>
        <time>2026-07-27T08:00:05.000Z</time>
        <extensions>
          <ns3:TrackPointExtension>
            <ns3:hr>125</ns3:hr>
            <ns3:cad>0</ns3:cad>
          </ns3:TrackPointExtension>
        </extensions>
      </trkpt>
      <trkpt lat="45.05693458020687103271484375" lon="6.28058888018131256103515625">
        <ele>1745</ele>
        <time>2026-07-27T08:00:06.000Z</time>
        <extensions>
          <ns3:TrackPointExtension>
            <ns3:hr>127</ns3:hr>
            <ns3:cad>49</ns3:cad>
          </ns3:TrackPointExtension>
        </extensions>
      </trkpt>
      <trkpt lat="45.05691421218216419219970703125" lon="6.2806111760437488555908203125">
        <ele>1745.5999755859375</ele>
        <time>2026-07-27T08:00:09.000Z</time>
        <extensions>
          <ns3:TrackPointExtension>
            <ns3:hr>130</ns3:hr>
            <ns3:cad>49</ns3:cad>
          </ns3:TrackPointExtension>
        </extensions>
      </trkpt>
      <trkpt lat="45.0569045729935169219970703125" lon="6.28062400035560131072998046875">
        <ele>1745.800048828125</ele>
        <time>2026-07-27T08:00:11.000Z</time>
        <extensions>
          <ns3:TrackPointExtension>
            <ns3:hr>131</ns3:hr>
            <ns3:cad>49</ns3:cad>
          </ns3:TrackPointExtension>
        </extensions>
      </trkpt>
      <trkpt lat="45.05687179975211620330810546875" lon="6.2806691788136959075927734375">
        <ele>1746.4000244140625</ele>
        <time>2026-07-27T08:00:15.000Z</time>
        <extensions>
          <ns3:TrackPointExtension>
            <ns3:hr>131</ns3:hr>
            <ns3:cad>50</ns3:cad>
          </ns3:TrackPointExtension>
        </extensions>
      </trkpt>
      <trkpt lat="45.05685335956513881683349609375" lon="6.28069407306611537933349609375">
        <ele>1747</ele>
        <time>2026-07-27T08:00:18.000Z</time>
        <extensions>
          <ns3:TrackPointExtension>
            <ns3:hr>131</ns3:hr>
            <ns3:cad>51</ns3:cad>
          </ns3:TrackPointExtension>
        </extensions>
      </trkpt>
      <trkpt lat="45.05681094713509082794189453125" lon="6.2807717733085155487060546875">
        <ele>1748</ele>
        <time>2026-07-27T08:00:24.000Z</time>
        <extensions>
          <ns3:TrackPointExtension>
            <ns3:hr>133</ns3:hr>
            <ns3:cad>52</ns3:cad>
          </ns3:TrackPointExtension>
        </extensions>
      </trkpt>
      <trkpt lat="45.05680449306964874267578125" lon="6.28078493289649486541748046875">
        <ele>1748.4000244140625</ele>
        <time>2026-07-27T08:00:25.000Z</time>
        <extensions>
          <ns3:TrackPointExtension>
            <ns3:hr>133</ns3:hr>
            <ns3:cad>52</ns3:cad>
          </ns3:TrackPointExtension>
        </extensions>
      </trkpt>
      <trkpt lat="45.056778006255626678466796875" lon="6.28084494732320308685302734375">
        <ele>1749.199951171875</ele>
        <time>2026-07-27T08:00:29.000Z</time>
        <extensions>
          <ns3:TrackPointExtension>
            <ns3:hr>134</ns3:hr>
            <ns3:cad>52</ns3:cad>
          </ns3:TrackPointExtension>
        </extensions>
      </trkpt>
      <trkpt lat="45.0567516870796680450439453125" lon="6.28090563230216503143310546875">
        <ele>1749.800048828125</ele>
        <time>2026-07-27T08:00:33.000Z</time>
        <extensions>
          <ns3:TrackPointExtension>
            <ns3:hr>137</ns3:hr>
            <ns3:cad>52</ns3:cad>
          </ns3:TrackPointExtension>
        </extensions>
      </trkpt>
      <trkpt lat="45.05673953332006931304931640625" lon="6.28092683851718902587890625">
        <ele>1750.4000244140625</ele>
        <time>2026-07-27T08:00:35.000Z</time>
        <extensions>
          <ns3:TrackPointExtension>
            <ns3:hr>137</ns3:hr>
            <ns3:cad>54</ns3:cad>
          </ns3:TrackPointExtension>
        </extensions>
      </trkpt>
      <trkpt lat="45.056715644896030426025390625" lon="6.28097821958363056182861328125">
        <ele>1751.199951171875</ele>
        <time>2026-07-27T08:00:39.000Z</time>
        <extensions>
          <ns3:TrackPointExtension>
            <ns3:hr>140</ns3:hr>
            <ns3:cad>51</ns3:cad>
          </ns3:TrackPointExtension>
        </extensions>
      </trkpt>
      <trkpt lat="45.05671086721122264862060546875" lon="6.2809930555522441864013671875">
        <ele>1751.4000244140625</ele>
        <time>2026-07-27T08:00:40.000Z</time>
        <extensions>
          <ns3:TrackPointExtension>
            <ns3:hr>140</ns3:hr>
            <ns3:cad>51</ns3:cad>
          </ns3:TrackPointExtension>
        </extensions>
      </trkpt>
      <trkpt lat="45.0566775910556316375732421875" lon="6.281052567064762115478515625">
        <ele>1752.199951171875</ele>
        <time>2026-07-27T08:00:45.000Z</time>
        <extensions>
          <ns3:TrackPointExtension>
            <ns3:hr>143</ns3:hr>
            <ns3:cad>52</ns3:cad>
          </ns3:TrackPointExtension>
        </extensions>
      </trkpt>
      <trkpt lat="45.0566732324659824371337890625" lon="6.28106706775724887847900390625">
        <ele>1752.4000244140625</ele>
        <time>2026-07-27T08:00:46.000Z</time>
        <extensions>
          <ns3:TrackPointExtension>
            <ns3:hr>143</ns3:hr>
            <ns3:cad>52</ns3:cad>
          </ns3:TrackPointExtension>
        </extensions>
      </trkpt>
      <trkpt lat="45.05663325078785419464111328125" lon="6.281173266470432281494140625">
        <ele>1753.4000244140625</ele>
        <time>2026-07-27T08:00:54.000Z</time>
        <extensions>
          <ns3:TrackPointExtension>
            <ns3:hr>144</ns3:hr>
            <ns3:cad>50</ns3:cad>
          </ns3:TrackPointExtension>
        </extensions>
      </trkpt>
      <trkpt lat="45.0566169060766696929931640625" lon="6.2812129966914653778076171875">
        <ele>1754.199951171875</ele>
        <time>2026-07-27T08:00:57.000Z</time>
        <extensions>
          <ns3:TrackPointExtension>
            <ns3:hr>145</ns3:hr>
            <ns3:cad>50</ns3:cad>
          </ns3:TrackPointExtension>
        </extensions>
      </trkpt>
      <trkpt lat="45.05660357885062694549560546875" lon="6.2812418304383754730224609375">
        <ele>1754.5999755859375</ele>
        <time>2026-07-27T08:00:59.000Z</time>
        <extensions>
          <ns3:TrackPointExtension>
            <ns3:hr>145</ns3:hr>
            <ns3:cad>51</ns3:cad>
          </ns3:TrackPointExtension>
        </extensions>
      </trkpt>
      <trkpt lat="45.05657692439854145050048828125" lon="6.2813095562160015106201171875">
        <ele>1755.5999755859375</ele>
        <time>2026-07-27T08:01:04.000Z</time>
        <extensions>
          <ns3:TrackPointExtension>
            <ns3:hr>149</ns3:hr>
            <ns3:cad>52</ns3:cad>
          </ns3:TrackPointExtension>
        </extensions>
      </trkpt>
      <trkpt lat="45.0565726496279239654541015625" lon="6.2813199497759342193603515625">
        <ele>1755.800048828125</ele>
        <time>2026-07-27T08:01:05.000Z</time>
        <extensions>
          <ns3:TrackPointExtension>
            <ns3:hr>152</ns3:hr>
            <ns3:cad>52</ns3:cad>
          </ns3:TrackPointExtension>
        </extensions>
      </trkpt>
      <trkpt lat="45.056567452847957611083984375" lon="6.2813296727836132049560546875">
        <ele>1755.800048828125</ele>
        <time>2026-07-27T08:01:06.000Z</time>
        <extensions>
          <ns3:TrackPointExtension>
            <ns3:hr>156</ns3:hr>
            <ns3:cad>50</ns3:cad>
          </ns3:TrackPointExtension>
        </extensions>
      </trkpt>
      <trkpt lat="45.05655982531607151031494140625" lon="6.28134123980998992919921875">
        <ele>1755.800048828125</ele>
        <time>2026-07-27T08:01:07.000Z</time>
        <extensions>
          <ns3:TrackPointExtension>
            <ns3:hr>156</ns3:hr>
            <ns3:cad>49</ns3:cad>
          </ns3:TrackPointExtension>
        </extensions>
      </trkpt>
      <trkpt lat="45.05652663297951221466064453125" lon="6.2813940457999706268310546875">
        <ele>1756.800048828125</ele>
        <time>2026-07-27T08:01:12.000Z</time>
        <extensions>
          <ns3:TrackPointExtension>
            <ns3:hr>154</ns3:hr>
            <ns3:cad>50</ns3:cad>
          </ns3:TrackPointExtension>
        </extensions>
      </trkpt>
      <trkpt lat="45.05649277009069919586181640625" lon="6.28144559450447559356689453125">
        <ele>1757.800048828125</ele>
        <time>2026-07-27T08:01:17.000Z</time>
        <extensions>
          <ns3:TrackPointExtension>
            <ns3:hr>154</ns3:hr>
            <ns3:cad>49</ns3:cad>
          </ns3:TrackPointExtension>
        </extensions>
      </trkpt>
      <trkpt lat="45.056481622159481048583984375" lon="6.28147157840430736541748046875">
        <ele>1758</ele>
        <time>2026-07-27T08:01:19.000Z</time>
        <extensions>
          <ns3:TrackPointExtension>
            <ns3:hr>157</ns3:hr>
            <ns3:cad>48</ns3:cad>
          </ns3:TrackPointExtension>
        </extensions>
      </trkpt>
      <trkpt lat="45.0564425624907016754150390625" lon="6.28153746016323566436767578125">
        <ele>1759</ele>
        <time>2026-07-27T08:01:24.000Z</time>
        <extensions>
          <ns3:TrackPointExtension>
            <ns3:hr>159</ns3:hr>
            <ns3:cad>49</ns3:cad>
          </ns3:TrackPointExtension>
        </extensions>
      </trkpt>
      <trkpt lat="45.05642940290272235870361328125" lon="6.28155640326440334320068359375">
        <ele>1759.5999755859375</ele>
        <time>2026-07-27T08:01:26.000Z</time>
        <extensions>
          <ns3:TrackPointExtension>
            <ns3:hr>163</ns3:hr>
            <ns3:cad>50</ns3:cad>
          </ns3:TrackPointExtension>
        </extensions>
      </trkpt>
      <trkpt lat="45.05641347728669643402099609375" lon="6.28157995641231536865234375">
        <ele>1759.800048828125</ele>
        <time>2026-07-27T08:01:28.000Z</time>
        <extensions>
          <ns3:TrackPointExtension>
            <ns3:hr>164</ns3:hr>
            <ns3:cad>51</ns3:cad>
          </ns3:TrackPointExtension>
        </extensions>
      </trkpt>
      <trkpt lat="45.056393109261989593505859375" lon="6.28160451538860797882080078125">
        <ele>1760.199951171875</ele>
        <time>2026-07-27T08:01:30.000Z</time>
        <extensions>
          <ns3:TrackPointExtension>
            <ns3:hr>164</ns3:hr>
            <ns3:cad>51</ns3:cad>
          </ns3:TrackPointExtension>
        </extensions>
      </trkpt>
      <trkpt lat="45.0563644431531429290771484375" lon="6.28166302107274532318115234375">
        <ele>1761.4000244140625</ele>
        <time>2026-07-27T08:01:35.000Z</time>
        <extensions>
          <ns3:TrackPointExtension>
            <ns3:hr>165</ns3:hr>
            <ns3:cad>50</ns3:cad>
          </ns3:TrackPointExtension>
        </extensions>
      </trkpt>
      <trkpt lat="45.0563305802643299102783203125" lon="6.28170610405504703521728515625">
        <ele>1761.800048828125</ele>
        <time>2026-07-27T08:01:39.000Z</time>
        <extensions>
          <ns3:TrackPointExtension>
            <ns3:hr>166</ns3:hr>
            <ns3:cad>52</ns3:cad>
          </ns3:TrackPointExtension>
        </extensions>
      </trkpt>
      <trkpt lat="45.056315995752811431884765625" lon="6.281776763498783111572265625">
        <ele>1762.5999755859375</ele>
        <time>2026-07-27T08:01:44.000Z</time>
        <extensions>
          <ns3:TrackPointExtension>
            <ns3:hr>166</ns3:hr>
            <ns3:cad>52</ns3:cad>
          </ns3:TrackPointExtension>
        </extensions>
      </trkpt>
      <trkpt lat="45.056303925812244415283203125" lon="6.281817667186260223388671875">
        <ele>1763</ele>
        <time>2026-07-27T08:01:47.000Z</time>
        <extensions>
          <ns3:TrackPointExtension>
            <ns3:hr>166</ns3:hr>
            <ns3:cad>51</ns3:cad>
          </ns3:TrackPointExtension>
        </extensions>
      </trkpt>
      <trkpt lat="45.0562202744185924530029296875" lon="6.2819257937371730804443359375">
        <ele>1763.4000244140625</ele>
        <time>2026-07-27T08:01:56.000Z</time>
        <extensions>
          <ns3:TrackPointExtension>
            <ns3:hr>166</ns3:hr>
            <ns3:cad>52</ns3:cad>
          </ns3:TrackPointExtension>
        </extensions>
      </trkpt>
      <trkpt lat="45.05616537295281887054443359375" lon="6.282003410160541534423828125">
        <ele>1762.800048828125</ele>
        <time>2026-07-27T08:02:02.000Z</time>
        <extensions>
          <ns3:TrackPointExtension>
            <ns3:hr>163</ns3:hr>
            <ns3:cad>53</ns3:cad>
          </ns3:TrackPointExtension>
        </extensions>
      </trkpt>
      <trkpt lat="45.05614592693746089935302734375" lon="6.28203685395419597625732421875">
        <ele>1762.5999755859375</ele>
        <time>2026-07-27T08:02:04.000Z</time>
        <extensions>
          <ns3:TrackPointExtension>
            <ns3:hr>160</ns3:hr>
            <ns3:cad>53</ns3:cad>
          </ns3:TrackPointExtension>
        </extensions>
      </trkpt>
      <trkpt lat="45.05612413398921489715576171875" lon="6.28207574598491191864013671875">
        <ele>1762.4000244140625</ele>
        <time>2026-07-27T08:02:07.000Z</time>
        <extensions>
          <ns3:TrackPointExtension>
            <ns3:hr>158</ns3:hr>
            <ns3:cad>54</ns3:cad>
          </ns3:TrackPointExtension>
        </extensions>
      </trkpt>
      <trkpt lat="45.05607719533145427703857421875" lon="6.2821598164737224578857421875">
        <ele>1762.199951171875</ele>
        <time>2026-07-27T08:02:13.000Z</time>
        <extensions>
          <ns3:TrackPointExtension>
            <ns3:hr>155</ns3:hr>
            <ns3:cad>55</ns3:cad>
          </ns3:TrackPointExtension>
        </extensions>
      </trkpt>
      <trkpt lat="45.0560590066015720367431640625" lon="6.28218957222998142242431640625">
        <ele>1762.199951171875</ele>
        <time>2026-07-27T08:02:15.000Z</time>
        <extensions>
          <ns3:TrackPointExtension>
            <ns3:hr>151</ns3:hr>
            <ns3:cad>55</ns3:cad>
          </ns3:TrackPointExtension>
        </extensions>
      </trkpt>
      <trkpt lat="45.05603025667369365692138671875" lon="6.28224221058189868927001953125">
        <ele>1762</ele>
        <time>2026-07-27T08:02:18.000Z</time>
        <extensions>
          <ns3:TrackPointExtension>
            <ns3:hr>148</ns3:hr>
            <ns3:cad>57</ns3:cad>
          </ns3:TrackPointExtension>
        </extensions>
      </trkpt>
      <trkpt lat="45.056021623313426971435546875" lon="6.28225696273148059844970703125">
        <ele>1762</ele>
        <time>2026-07-27T08:02:19.000Z</time>
        <extensions>
          <ns3:TrackPointExtension>
            <ns3:hr>147</ns3:hr>
            <ns3:cad>56</ns3:cad>
          </ns3:TrackPointExtension>
        </extensions>
      </trkpt>
      <trkpt lat="45.0559805519878864288330078125" lon="6.2823029793798923492431640625">
        <ele>1762</ele>
        <time>2026-07-27T08:02:23.000Z</time>
        <extensions>
          <ns3:TrackPointExtension>
            <ns3:hr>144</ns3:hr>
            <ns3:cad>56</ns3:cad>
          </ns3:TrackPointExtension>
        </extensions>
      </trkpt>
      <trkpt lat="45.05595297552645206451416015625" lon="6.28233239986002445220947265625">
        <ele>1762</ele>
        <time>2026-07-27T08:02:26.000Z</time>
        <extensions>
          <ns3:TrackPointExtension>
            <ns3:hr>142</ns3:hr>
            <ns3:cad>55</ns3:cad>
          </ns3:TrackPointExtension>
        </extensions>
      </trkpt>
      <trkpt lat="45.0558434240520000457763671875" lon="6.28248386085033416748046875">
        <ele>1762.5999755859375</ele>
        <time>2026-07-27T08:02:38.000Z</time>
        <extensions>
          <ns3:TrackPointExtension>
            <ns3:hr>140</ns3:hr>
            <ns3:cad>55</ns3:cad>
          </ns3:TrackPointExtension>
        </extensions>
      </trkpt>
      <trkpt lat="45.05573973990976810455322265625" lon="6.282670609652996063232421875">
        <ele>1763.5999755859375</ele>
        <time>2026-07-27T08:02:50.000Z</time>
        <extensions>
          <ns3:TrackPointExtension>
            <ns3:hr>140</ns3:hr>
            <ns3:cad>56</ns3:cad>
          </ns3:TrackPointExtension>
        </extensions>
      </trkpt>
      <trkpt lat="45.05573370493948459625244140625" lon="6.282682679593563079833984375">
        <ele>1763.800048828125</ele>
        <time>2026-07-27T08:02:51.000Z</time>
        <extensions>
          <ns3:TrackPointExtension>
            <ns3:hr>140</ns3:hr>
            <ns3:cad>56</ns3:cad>
          </ns3:TrackPointExtension>
        </extensions>
      </trkpt>
      <trkpt lat="45.055685006082057952880859375" lon="6.2827535904943943023681640625">
        <ele>1764.199951171875</ele>
        <time>2026-07-27T08:02:57.000Z</time>
        <extensions>
          <ns3:TrackPointExtension>
            <ns3:hr>143</ns3:hr>
            <ns3:cad>56</ns3:cad>
          </ns3:TrackPointExtension>
        </extensions>
      </trkpt>
      <trkpt lat="45.05562406964600086212158203125" lon="6.2828340567648410797119140625">
        <ele>1765</ele>
        <time>2026-07-27T08:03:04.000Z</time>
        <extensions>
          <ns3:TrackPointExtension>
            <ns3:hr>145</ns3:hr>
            <ns3:cad>55</ns3:cad>
          </ns3:TrackPointExtension>
        </extensions>
      </trkpt>
      <trkpt lat="45.0556191243231296539306640625" lon="6.2828370742499828338623046875">
        <ele>1765.4000244140625</ele>
        <time>2026-07-27T08:03:06.000Z</time>
        <extensions>
          <ns3:TrackPointExtension>
            <ns3:hr>146</ns3:hr>
            <ns3:cad>0</ns3:cad>
          </ns3:TrackPointExtension>
        </extensions>
      </trkpt>
      <trkpt lat="45.05562021397054195404052734375" lon="6.2828390859067440032958984375">
        <ele>1765</ele>
        <time>2026-07-27T08:03:17.000Z</time>
        <extensions>
          <ns3:TrackPointExtension>
            <ns3:hr>147</ns3:hr>
            <ns3:cad>0</ns3:cad>
          </ns3:TrackPointExtension>
        </extensions>
      </trkpt>
      <trkpt lat="45.05562406964600086212158203125" lon="6.28283581696450710296630859375">
        <ele>1764.5999755859375</ele>
        <time>2026-07-27T08:03:26.000Z</time>
        <extensions>
          <ns3:TrackPointExtension>
            <ns3:hr>144</ns3:hr>
            <ns3:cad>0</ns3:cad>
          </ns3:TrackPointExtension>
        </extensions>
      </trkpt>
      <trkpt lat="45.055612586438655853271484375" lon="6.2828327156603336334228515625">
        <ele>1764.4000244140625</ele>
        <time>2026-07-27T08:03:28.000Z</time>
        <extensions>
          <ns3:TrackPointExtension>
            <ns3:hr>141</ns3:hr>
            <ns3:cad>0</ns3:cad>
          </ns3:TrackPointExtension>
        </extensions>
      </trkpt>
      <trkpt lat="45.05561199970543384552001953125" lon="6.28283246420323848724365234375">
        <ele>1764.199951171875</ele>
        <time>2026-07-27T08:03:31.000Z</time>
        <extensions>
          <ns3:TrackPointExtension>
            <ns3:hr>138</ns3:hr>
            <ns3:cad>0</ns3:cad>
          </ns3:TrackPointExtension>
        </extensions>
      </trkpt>
      <trkpt lat="45.05561199970543384552001953125" lon="6.28283246420323848724365234375">
        <ele>1764.199951171875</ele>
        <time>2026-07-27T08:03:34.000Z</time>
        <extensions>
          <ns3:TrackPointExtension>
            <ns3:hr>135</ns3:hr>
            <ns3:cad>0</ns3:cad>
          </ns3:TrackPointExtension>
        </extensions>
      </trkpt>
      <trkpt lat="45.05561199970543384552001953125" lon="6.28283246420323848724365234375">
        <ele>1764.199951171875</ele>
        <time>2026-07-27T08:03:37.000Z</time>
        <extensions>
          <ns3:TrackPointExtension>
            <ns3:hr>130</ns3:hr>
            <ns3:cad>0</ns3:cad>
          </ns3:TrackPointExtension>
        </extensions>
      </trkpt>
      <trkpt lat="45.05561199970543384552001953125" lon="6.28283246420323848724365234375">
        <ele>1764</ele>
        <time>2026-07-27T08:03:41.000Z</time>
        <extensions>
          <ns3:TrackPointExtension>
            <ns3:hr>127</ns3:hr>
            <ns3:cad>0</ns3:cad>
          </ns3:TrackPointExtension>
        </extensions>
      </trkpt>
      <trkpt lat="45.05561199970543384552001953125" lon="6.28283246420323848724365234375">
        <ele>1764</ele>
        <time>2026-07-27T08:03:42.000Z</time>
        <extensions>
          <ns3:TrackPointExtension>
            <ns3:hr>127</ns3:hr>
            <ns3:cad>0</ns3:cad>
          </ns3:TrackPointExtension>
        </extensions>
      </trkpt>
      <trkpt lat="45.0556090660393238067626953125" lon="6.28282827325165271759033203125">
        <ele>1763.800048828125</ele>
        <time>2026-07-27T08:03:52.000Z</time>
        <extensions>
          <ns3:TrackPointExtension>
            <ns3:hr>124</ns3:hr>
            <ns3:cad>0</ns3:cad>
          </ns3:TrackPointExtension>
        </extensions>
      </trkpt>
      <trkpt lat="45.055605210363864898681640625" lon="6.28283120691776275634765625">
        <ele>1763.800048828125</ele>
        <time>2026-07-27T08:04:07.000Z</time>
        <extensions>
          <ns3:TrackPointExtension>
            <ns3:hr>121</ns3:hr>
            <ns3:cad>0</ns3:cad>
          </ns3:TrackPointExtension>
        </extensions>
      </trkpt>
      <trkpt lat="45.0556030310690402984619140625" lon="6.28283699043095111846923828125">
        <ele>1763.800048828125</ele>
        <time>2026-07-27T08:04:09.000Z</time>
        <extensions>
          <ns3:TrackPointExtension>
            <ns3:hr>118</ns3:hr>
            <ns3:cad>0</ns3:cad>
          </ns3:TrackPointExtension>
        </extensions>
      </trkpt>
      <trkpt lat="45.05559406243264675140380859375" lon="6.2828565202653408050537109375">
        <ele>1763.5999755859375</ele>
        <time>2026-07-27T08:04:58.000Z</time>
        <extensions>
          <ns3:TrackPointExtension>
            <ns3:hr>114</ns3:hr>
            <ns3:cad>0</ns3:cad>
          </ns3:TrackPointExtension>
        </extensions>
      </trkpt>
      <trkpt lat="45.05559406243264675140380859375" lon="6.2828565202653408050537109375">
        <ele>1763.4000244140625</ele>
        <time>2026-07-27T08:05:00.000Z</time>
        <extensions>
          <ns3:TrackPointExtension>
            <ns3:hr>110</ns3:hr>
            <ns3:cad>0</ns3:cad>
          </ns3:TrackPointExtension>
        </extensions>
      </trkpt>
      <trkpt lat="45.05559238605201244354248046875" lon="6.28285693936049938201904296875">
        <ele>1763.4000244140625</ele>
        <time>2026-07-27T08:05:05.000Z</time>
        <extensions>
          <ns3:TrackPointExtension>
            <ns3:hr>113</ns3:hr>
            <ns3:cad>0</ns3:cad>
          </ns3:TrackPointExtension>
        </extensions>
      </trkpt>
      <trkpt lat="45.0555906258523464202880859375" lon="6.2828575260937213897705078125">
        <ele>1763.4000244140625</ele>
        <time>2026-07-27T08:05:08.000Z</time>
        <extensions>
          <ns3:TrackPointExtension>
            <ns3:hr>110</ns3:hr>
            <ns3:cad>0</ns3:cad>
          </ns3:TrackPointExtension>
        </extensions>
      </trkpt>
      <trkpt lat="45.05557545460760593414306640625" lon="6.282908655703067779541015625">
        <ele>1763.800048828125</ele>
        <time>2026-07-27T08:05:23.000Z</time>
        <extensions>
          <ns3:TrackPointExtension>
            <ns3:hr>113</ns3:hr>
            <ns3:cad>0</ns3:cad>
          </ns3:TrackPointExtension>
        </extensions>
      </trkpt>
      <trkpt lat="45.0555684976279735565185546875" lon="6.282927095890045166015625">
        <ele>1763.800048828125</ele>
        <time>2026-07-27T08:05:24.000Z</time>
        <extensions>
          <ns3:TrackPointExtension>
            <ns3:hr>113</ns3:hr>
            <ns3:cad>57</ns3:cad>
          </ns3:TrackPointExtension>
        </extensions>
      </trkpt>
      <trkpt lat="45.055495910346508026123046875" lon="6.2830519862473011016845703125">
        <ele>1764.800048828125</ele>
        <time>2026-07-27T08:05:32.000Z</time>
        <extensions>
          <ns3:TrackPointExtension>
            <ns3:hr>116</ns3:hr>
            <ns3:cad>57</ns3:cad>
          </ns3:TrackPointExtension>
        </extensions>
      </trkpt>
      <trkpt lat="45.0554893724620342254638671875" lon="6.28306414000689983367919921875">
        <ele>1764.800048828125</ele>
        <time>2026-07-27T08:05:33.000Z</time>
        <extensions>
          <ns3:TrackPointExtension>
            <ns3:hr>116</ns3:hr>
            <ns3:cad>57</ns3:cad>
          </ns3:TrackPointExtension>
        </extensions>
      </trkpt>
      <trkpt lat="45.055479817092418670654296875" lon="6.28307386301457881927490234375">
        <ele>1765</ele>
        <time>2026-07-27T08:05:34.000Z</time>
        <extensions>
          <ns3:TrackPointExtension>
            <ns3:hr>117</ns3:hr>
            <ns3:cad>57</ns3:cad>
          </ns3:TrackPointExtension>
        </extensions>
      </trkpt>
      <trkpt lat="45.05543950013816356658935546875" lon="6.28312013112008571624755859375">
        <ele>1765.4000244140625</ele>
        <time>2026-07-27T08:05:38.000Z</time>
        <extensions>
          <ns3:TrackPointExtension>
            <ns3:hr>120</ns3:hr>
            <ns3:cad>55</ns3:cad>
          </ns3:TrackPointExtension>
        </extensions>
      </trkpt>
      <trkpt lat="45.05541351623833179473876953125" lon="6.28315282054245471954345703125">
        <ele>1766.4000244140625</ele>
        <time>2026-07-27T08:05:41.000Z</time>
        <extensions>
          <ns3:TrackPointExtension>
            <ns3:hr>123</ns3:hr>
            <ns3:cad>54</ns3:cad>
          </ns3:TrackPointExtension>
        </extensions>
      </trkpt>
      <trkpt lat="45.05539423786103725433349609375" lon="6.28317612223327159881591796875">
        <ele>1766.5999755859375</ele>
        <time>2026-07-27T08:05:43.000Z</time>
        <extensions>
          <ns3:TrackPointExtension>
            <ns3:hr>126</ns3:hr>
            <ns3:cad>54</ns3:cad>
          </ns3:TrackPointExtension>
        </extensions>
      </trkpt>
      <trkpt lat="45.0553700141608715057373046875" lon="6.28320948220789432525634765625">
        <ele>1767.5999755859375</ele>
        <time>2026-07-27T08:05:46.000Z</time>
        <extensions>
          <ns3:TrackPointExtension>
            <ns3:hr>128</ns3:hr>
            <ns3:cad>55</ns3:cad>
          </ns3:TrackPointExtension>
        </extensions>
      </trkpt>
      <trkpt lat="45.05531595088541507720947265625" lon="6.28326513804495334625244140625">
        <ele>1768</ele>
        <time>2026-07-27T08:05:51.000Z</time>
        <extensions>
          <ns3:TrackPointExtension>
            <ns3:hr>129</ns3:hr>
            <ns3:cad>55</ns3:cad>
          </ns3:TrackPointExtension>
        </extensions>
      </trkpt>
      <trkpt lat="45.055295415222644805908203125" lon="6.28330000676214694976806640625">
        <ele>1768.800048828125</ele>
        <time>2026-07-27T08:05:54.000Z</time>
        <extensions>
          <ns3:TrackPointExtension>
            <ns3:hr>130</ns3:hr>
            <ns3:cad>55</ns3:cad>
          </ns3:TrackPointExtension>
        </extensions>
      </trkpt>
      <trkpt lat="45.05526767112314701080322265625" lon="6.2833517231047153472900390625">
        <ele>1770</ele>
        <time>2026-07-27T08:05:58.000Z</time>
        <extensions>
          <ns3:TrackPointExtension>
            <ns3:hr>133</ns3:hr>
            <ns3:cad>53</ns3:cad>
          </ns3:TrackPointExtension>
        </extensions>
      </trkpt>
      <trkpt lat="45.055229365825653076171875" lon="6.28341249190270900726318359375">
        <ele>1771.199951171875</ele>
        <time>2026-07-27T08:06:02.000Z</time>
        <extensions>
          <ns3:TrackPointExtension>
            <ns3:hr>135</ns3:hr>
            <ns3:cad>55</ns3:cad>
          </ns3:TrackPointExtension>
        </extensions>
      </trkpt>
      <trkpt lat="45.055190138518810272216796875" lon="6.283469907939434051513671875">
        <ele>1772.4000244140625</ele>
        <time>2026-07-27T08:06:07.000Z</time>
        <extensions>
          <ns3:TrackPointExtension>
            <ns3:hr>133</ns3:hr>
            <ns3:cad>53</ns3:cad>
          </ns3:TrackPointExtension>
        </extensions>
      </trkpt>
      <trkpt lat="45.05513506941497325897216796875" lon="6.283536292612552642822265625">
        <ele>1773.4000244140625</ele>
        <time>2026-07-27T08:06:13.000Z</time>
        <extensions>
          <ns3:TrackPointExtension>
            <ns3:hr>134</ns3:hr>
            <ns3:cad>54</ns3:cad>
          </ns3:TrackPointExtension>
        </extensions>
      </trkpt>
      <trkpt lat="45.05507186986505985260009765625" lon="6.28359236754477024078369140625">
        <ele>1774.800048828125</ele>
        <time>2026-07-27T08:06:19.000Z</time>
        <extensions>
          <ns3:TrackPointExtension>
            <ns3:hr>135</ns3:hr>
            <ns3:cad>55</ns3:cad>
          </ns3:TrackPointExtension>
        </extensions>
      </trkpt>
      <trkpt lat="45.0550588779151439666748046875" lon="6.2836162559688091278076171875">
        <ele>1775.199951171875</ele>
        <time>2026-07-27T08:06:21.000Z</time>
        <extensions>
          <ns3:TrackPointExtension>
            <ns3:hr>135</ns3:hr>
            <ns3:cad>55</ns3:cad>
          </ns3:TrackPointExtension>
        </extensions>
      </trkpt>
      <trkpt lat="45.055025853216648101806640625" lon="6.28366059623658657073974609375">
        <ele>1776</ele>
        <time>2026-07-27T08:06:25.000Z</time>
        <extensions>
          <ns3:TrackPointExtension>
            <ns3:hr>135</ns3:hr>
            <ns3:cad>55</ns3:cad>
          </ns3:TrackPointExtension>
        </extensions>
      </trkpt>
      <trkpt lat="45.05499408580362796783447265625" lon="6.28371004946529865264892578125">
        <ele>1776.199951171875</ele>
        <time>2026-07-27T08:06:29.000Z</time>
        <extensions>
          <ns3:TrackPointExtension>
            <ns3:hr>132</ns3:hr>
            <ns3:cad>55</ns3:cad>
          </ns3:TrackPointExtension>
        </extensions>
      </trkpt>
      <trkpt lat="45.0549857877194881439208984375" lon="6.28372371196746826171875">
        <ele>1776.4000244140625</ele>
        <time>2026-07-27T08:06:30.000Z</time>
        <extensions>
          <ns3:TrackPointExtension>
            <ns3:hr>131</ns3:hr>
            <ns3:cad>55</ns3:cad>
          </ns3:TrackPointExtension>
        </extensions>
      </trkpt>
      <trkpt lat="45.05492426455020904541015625" lon="6.28378967754542827606201171875">
        <ele>1777</ele>
        <time>2026-07-27T08:06:36.000Z</time>
        <extensions>
          <ns3:TrackPointExtension>
            <ns3:hr>132</ns3:hr>
            <ns3:cad>53</ns3:cad>
          </ns3:TrackPointExtension>
        </extensions>
      </trkpt>
      <trkpt lat="45.054901801049709320068359375" lon="6.2838174216449260711669921875">
        <ele>1777.5999755859375</ele>
        <time>2026-07-27T08:06:39.000Z</time>
        <extensions>
          <ns3:TrackPointExtension>
            <ns3:hr>132</ns3:hr>
            <ns3:cad>52</ns3:cad>
          </ns3:TrackPointExtension>
        </extensions>
      </trkpt>
      <trkpt lat="45.0548654235899448394775390625" lon="6.2838841415941715240478515625">
        <ele>1778.199951171875</ele>
        <time>2026-07-27T08:06:45.000Z</time>
        <extensions>
          <ns3:TrackPointExtension>
            <ns3:hr>133</ns3:hr>
            <ns3:cad>53</ns3:cad>
          </ns3:TrackPointExtension>
        </extensions>
      </trkpt>
      <trkpt lat="45.0548416189849376678466796875" lon="6.28394004888832569122314453125">
        <ele>1778.4000244140625</ele>
        <time>2026-07-27T08:06:49.000Z</time>
        <extensions>
          <ns3:TrackPointExtension>
            <ns3:hr>132</ns3:hr>
            <ns3:cad>54</ns3:cad>
          </ns3:TrackPointExtension>
        </extensions>
      </trkpt>
      <trkpt lat="45.0547720491886138916015625" lon="6.2840152345597743988037109375">
        <ele>1779.199951171875</ele>
        <time>2026-07-27T08:06:57.000Z</time>
        <extensions>
          <ns3:TrackPointExtension>
            <ns3:hr>132</ns3:hr>
            <ns3:cad>52</ns3:cad>
          </ns3:TrackPointExtension>
        </extensions>
      </trkpt>
      <trkpt lat="45.05475989542901515960693359375" lon="6.28401615656912326812744140625">
        <ele>1779.199951171875</ele>
        <time>2026-07-27T08:06:58.000Z</time>
        <extensions>
          <ns3:TrackPointExtension>
            <ns3:hr>132</ns3:hr>
            <ns3:cad>52</ns3:cad>
          </ns3:TrackPointExtension>
        </extensions>
      </trkpt>
      <trkpt lat="45.0547212548553943634033203125" lon="6.2840296514332294464111328125">
        <ele>1780</ele>
        <time>2026-07-27T08:07:02.000Z</time>
        <extensions>
          <ns3:TrackPointExtension>
            <ns3:hr>149</ns3:hr>
            <ns3:cad>51</ns3:cad>
          </ns3:TrackPointExtension>
        </extensions>
      </trkpt>
      <trkpt lat="45.0547145493328571319580078125" lon="6.28403677605092525482177734375">
        <ele>1780.199951171875</ele>
        <time>2026-07-27T08:07:03.000Z</time>
        <extensions>
          <ns3:TrackPointExtension>
            <ns3:hr>167</ns3:hr>
            <ns3:cad>51</ns3:cad>
          </ns3:TrackPointExtension>
        </extensions>
      </trkpt>
      <trkpt lat="45.0547058321535587310791015625" lon="6.28404398448765277862548828125">
        <ele>1780.4000244140625</ele>
        <time>2026-07-27T08:07:04.000Z</time>
        <extensions>
          <ns3:TrackPointExtension>
            <ns3:hr>167</ns3:hr>
            <ns3:cad>53</ns3:cad>
          </ns3:TrackPointExtension>
        </extensions>
      </trkpt>
      <trkpt lat="45.0546974502503871917724609375" lon="6.2840531207621097564697265625">
        <ele>1780.4000244140625</ele>
        <time>2026-07-27T08:07:05.000Z</time>
        <extensions>
          <ns3:TrackPointExtension>
            <ns3:hr>168</ns3:hr>
            <ns3:cad>53</ns3:cad>
          </ns3:TrackPointExtension>
        </extensions>
      </trkpt>
      <trkpt lat="45.05464942194521427154541015625" lon="6.28410383127629756927490234375">
        <ele>1781.4000244140625</ele>
        <time>2026-07-27T08:07:11.000Z</time>
        <extensions>
          <ns3:TrackPointExtension>
            <ns3:hr>169</ns3:hr>
            <ns3:cad>52</ns3:cad>
          </ns3:TrackPointExtension>
        </extensions>
      </trkpt>
      <trkpt lat="45.05462947301566600799560546875" lon="6.2841127999126911163330078125">
        <ele>1782</ele>
        <time>2026-07-27T08:07:13.000Z</time>
        <extensions>
          <ns3:TrackPointExtension>
            <ns3:hr>169</ns3:hr>
            <ns3:cad>50</ns3:cad>
          </ns3:TrackPointExtension>
        </extensions>
      </trkpt>
      <trkpt lat="45.05461421795189380645751953125" lon="6.28412428312003612518310546875">
        <ele>1782.800048828125</ele>
        <time>2026-07-27T08:07:15.000Z</time>
        <extensions>
          <ns3:TrackPointExtension>
            <ns3:hr>168</ns3:hr>
            <ns3:cad>50</ns3:cad>
          </ns3:TrackPointExtension>
        </extensions>
      </trkpt>
      <trkpt lat="45.05455303005874156951904296875" lon="6.2841671146452426910400390625">
        <ele>1783.800048828125</ele>
        <time>2026-07-27T08:07:22.000Z</time>
        <extensions>
          <ns3:TrackPointExtension>
            <ns3:hr>169</ns3:hr>
            <ns3:cad>50</ns3:cad>
          </ns3:TrackPointExtension>
        </extensions>
      </trkpt>
      <trkpt lat="45.0545360147953033447265625" lon="6.28416585735976696014404296875">
        <ele>1784.4000244140625</ele>
        <time>2026-07-27T08:07:28.000Z</time>
        <extensions>
          <ns3:TrackPointExtension>
            <ns3:hr>169</ns3:hr>
            <ns3:cad>0</ns3:cad>
          </ns3:TrackPointExtension>
        </extensions>
      </trkpt>
      <trkpt lat="45.05453626625239849090576171875" lon="6.2841600738465785980224609375">
        <ele>1784.199951171875</ele>
        <time>2026-07-27T08:07:34.000Z</time>
        <extensions>
          <ns3:TrackPointExtension>
            <ns3:hr>166</ns3:hr>
            <ns3:cad>0</ns3:cad>
          </ns3:TrackPointExtension>
        </extensions>
      </trkpt>
      <trkpt lat="45.05453609861433506011962890625" lon="6.2841630913317203521728515625">
        <ele>1784.199951171875</ele>
        <time>2026-07-27T08:07:35.000Z</time>
        <extensions>
          <ns3:TrackPointExtension>
            <ns3:hr>165</ns3:hr>
            <ns3:cad>0</ns3:cad>
          </ns3:TrackPointExtension>
        </extensions>
      </trkpt>
      <trkpt lat="45.05450718104839324951171875" lon="6.28415646962821483612060546875">
        <ele>1784.4000244140625</ele>
        <time>2026-07-27T08:07:42.000Z</time>
        <extensions>
          <ns3:TrackPointExtension>
            <ns3:hr>163</ns3:hr>
            <ns3:cad>0</ns3:cad>
          </ns3:TrackPointExtension>
        </extensions>
      </trkpt>
      <trkpt lat="45.054530315101146697998046875" lon="6.28413635306060314178466796875">
        <ele>1784.4000244140625</ele>
        <time>2026-07-27T08:07:48.000Z</time>
        <extensions>
          <ns3:TrackPointExtension>
            <ns3:hr>161</ns3:hr>
            <ns3:cad>0</ns3:cad>
          </ns3:TrackPointExtension>
        </extensions>
      </trkpt>
      <trkpt lat="45.0545492582023143768310546875" lon="6.284127719700336456298828125">
        <ele>1784</ele>
        <time>2026-07-27T08:07:51.000Z</time>
        <extensions>
          <ns3:TrackPointExtension>
            <ns3:hr>158</ns3:hr>
            <ns3:cad>50</ns3:cad>
          </ns3:TrackPointExtension>
        </extensions>
      </trkpt>
      <trkpt lat="45.0545552931725978851318359375" lon="6.284128725528717041015625">
        <ele>1783.800048828125</ele>
        <time>2026-07-27T08:07:55.000Z</time>
        <extensions>
          <ns3:TrackPointExtension>
            <ns3:hr>155</ns3:hr>
            <ns3:cad>0</ns3:cad>
          </ns3:TrackPointExtension>
        </extensions>
      </trkpt>
      <trkpt lat="45.0545566342771053314208984375" lon="6.2841295637190341949462890625">
        <ele>1783.5999755859375</ele>
        <time>2026-07-27T08:07:56.000Z</time>
        <extensions>
          <ns3:TrackPointExtension>
            <ns3:hr>153</ns3:hr>
            <ns3:cad>0</ns3:cad>
          </ns3:TrackPointExtension>
        </extensions>
      </trkpt>
      <trkpt lat="45.0545640103518962860107421875" lon="6.284129731357097625732421875">
        <ele>1783.5999755859375</ele>
        <time>2026-07-27T08:08:05.000Z</time>
        <extensions>
          <ns3:TrackPointExtension>
            <ns3:hr>150</ns3:hr>
            <ns3:cad>0</ns3:cad>
          </ns3:TrackPointExtension>
        </extensions>
      </trkpt>
      <trkpt lat="45.0545640103518962860107421875" lon="6.284129731357097625732421875">
        <ele>1783.5999755859375</ele>
        <time>2026-07-27T08:08:12.000Z</time>
        <extensions>
          <ns3:TrackPointExtension>
            <ns3:hr>147</ns3:hr>
            <ns3:cad>0</ns3:cad>
          </ns3:TrackPointExtension>
        </extensions>
      </trkpt>
      <trkpt lat="45.05456258542835712432861328125" lon="6.28412897698581218719482421875">
        <ele>1783.5999755859375</ele>
        <time>2026-07-27T08:08:25.000Z</time>
        <extensions>
          <ns3:TrackPointExtension>
            <ns3:hr>144</ns3:hr>
            <ns3:cad>0</ns3:cad>
          </ns3:TrackPointExtension>
        </extensions>
      </trkpt>
      <trkpt lat="45.054563172161579132080078125" lon="6.2841288931667804718017578125">
        <ele>1783.5999755859375</ele>
        <time>2026-07-27T08:08:28.000Z</time>
        <extensions>
          <ns3:TrackPointExtension>
            <ns3:hr>137</ns3:hr>
            <ns3:cad>0</ns3:cad>
          </ns3:TrackPointExtension>
        </extensions>
      </trkpt>
      <trkpt lat="45.05456325598061084747314453125" lon="6.2841288931667804718017578125">
        <ele>1783.5999755859375</ele>
        <time>2026-07-27T08:08:29.000Z</time>
        <extensions>
          <ns3:TrackPointExtension>
            <ns3:hr>137</ns3:hr>
            <ns3:cad>0</ns3:cad>
          </ns3:TrackPointExtension>
        </extensions>
      </trkpt>
      <trkpt lat="45.0545640103518962860107421875" lon="6.2841288931667804718017578125">
        <ele>1783.5999755859375</ele>
        <time>2026-07-27T08:08:34.000Z</time>
        <extensions>
          <ns3:TrackPointExtension>
            <ns3:hr>140</ns3:hr>
            <ns3:cad>0</ns3:cad>
          </ns3:TrackPointExtension>
        </extensions>
      </trkpt>
      <trkpt lat="45.05456560291349887847900390625" lon="6.2841292284429073333740234375">
        <ele>1783.5999755859375</ele>
        <time>2026-07-27T08:08:38.000Z</time>
        <extensions>
          <ns3:TrackPointExtension>
            <ns3:hr>137</ns3:hr>
            <ns3:cad>0</ns3:cad>
          </ns3:TrackPointExtension>
        </extensions>
      </trkpt>
      <trkpt lat="45.05456593818962574005126953125" lon="6.284130401909351348876953125">
        <ele>1783.5999755859375</ele>
        <time>2026-07-27T08:08:43.000Z</time>
        <extensions>
          <ns3:TrackPointExtension>
            <ns3:hr>134</ns3:hr>
            <ns3:cad>0</ns3:cad>
          </ns3:TrackPointExtension>
        </extensions>
      </trkpt>
      <trkpt lat="45.05457147024571895599365234375" lon="6.284136436879634857177734375">
        <ele>1783.5999755859375</ele>
        <time>2026-07-27T08:08:51.000Z</time>
        <extensions>
          <ns3:TrackPointExtension>
            <ns3:hr>137</ns3:hr>
            <ns3:cad>0</ns3:cad>
          </ns3:TrackPointExtension>
        </extensions>
      </trkpt>
      <trkpt lat="45.05457825958728790283203125" lon="6.28413752652704715728759765625">
        <ele>1783.800048828125</ele>
        <time>2026-07-27T08:08:55.000Z</time>
        <extensions>
          <ns3:TrackPointExtension>
            <ns3:hr>134</ns3:hr>
            <ns3:cad>0</ns3:cad>
          </ns3:TrackPointExtension>
        </extensions>
      </trkpt>
      <trkpt lat="45.05458119325339794158935546875" lon="6.28413903526961803436279296875">
        <ele>1783.800048828125</ele>
        <time>2026-07-27T08:09:10.000Z</time>
        <extensions>
          <ns3:TrackPointExtension>
            <ns3:hr>130</ns3:hr>
            <ns3:cad>0</ns3:cad>
          </ns3:TrackPointExtension>
        </extensions>
      </trkpt>
      <trkpt lat="45.0545811094343662261962890625" lon="6.284139119088649749755859375">
        <ele>1783.800048828125</ele>
        <time>2026-07-27T08:09:11.000Z</time>
        <extensions>
          <ns3:TrackPointExtension>
            <ns3:hr>126</ns3:hr>
            <ns3:cad>0</ns3:cad>
          </ns3:TrackPointExtension>
        </extensions>
      </trkpt>
      <trkpt lat="45.054563842713832855224609375" lon="6.28415278159081935882568359375">
        <ele>1783.5999755859375</ele>
        <time>2026-07-27T08:09:36.000Z</time>
        <extensions>
          <ns3:TrackPointExtension>
            <ns3:hr>123</ns3:hr>
            <ns3:cad>0</ns3:cad>
          </ns3:TrackPointExtension>
        </extensions>
      </trkpt>
      <trkpt lat="45.0545646809041500091552734375" lon="6.28415479324758052825927734375">
        <ele>1783.4000244140625</ele>
        <time>2026-07-27T08:10:03.000Z</time>
        <extensions>
          <ns3:TrackPointExtension>
            <ns3:hr>126</ns3:hr>
            <ns3:cad>0</ns3:cad>
          </ns3:TrackPointExtension>
        </extensions>
      </trkpt>
      <trkpt lat="45.05456727929413318634033203125" lon="6.28415487706661224365234375">
        <ele>1782.800048828125</ele>
        <time>2026-07-27T08:10:14.000Z</time>
        <extensions>
          <ns3:TrackPointExtension>
            <ns3:hr>126</ns3:hr>
            <ns3:cad>0</ns3:cad>
          </ns3:TrackPointExtension>
        </extensions>
      </trkpt>
      <trkpt lat="45.054565854370594024658203125" lon="6.2841396220028400421142578125">
        <ele>1783</ele>
        <time>2026-07-27T08:10:34.000Z</time>
        <extensions>
          <ns3:TrackPointExtension>
            <ns3:hr>117</ns3:hr>
            <ns3:cad>0</ns3:cad>
          </ns3:TrackPointExtension>
        </extensions>
      </trkpt>
      <trkpt lat="45.05456476472318172454833984375" lon="6.2841381132602691650390625">
        <ele>1783</ele>
        <time>2026-07-27T08:10:37.000Z</time>
        <extensions>
          <ns3:TrackPointExtension>
            <ns3:hr>114</ns3:hr>
            <ns3:cad>0</ns3:cad>
          </ns3:TrackPointExtension>
        </extensions>
      </trkpt>
      <trkpt lat="45.05454816855490207672119140625" lon="6.28413367085158824920654296875">
        <ele>1782.800048828125</ele>
        <time>2026-07-27T08:10:53.000Z</time>
        <extensions>
          <ns3:TrackPointExtension>
            <ns3:hr>111</ns3:hr>
            <ns3:cad>0</ns3:cad>
          </ns3:TrackPointExtension>
        </extensions>
      </trkpt>
      <trkpt lat="45.0545472465455532073974609375" lon="6.2841335870325565338134765625">
        <ele>1782.800048828125</ele>
        <time>2026-07-27T08:10:54.000Z</time>
        <extensions>
          <ns3:TrackPointExtension>
            <ns3:hr>108</ns3:hr>
            <ns3:cad>0</ns3:cad>
          </ns3:TrackPointExtension>
        </extensions>
      </trkpt>
      <trkpt lat="45.05454431287944316864013671875" lon="6.2841335870325565338134765625">
        <ele>1782.800048828125</ele>
        <time>2026-07-27T08:11:00.000Z</time>
        <extensions>
          <ns3:TrackPointExtension>
            <ns3:hr>111</ns3:hr>
            <ns3:cad>0</ns3:cad>
          </ns3:TrackPointExtension>
        </extensions>
      </trkpt>
      <trkpt lat="45.05454263649880886077880859375" lon="6.28413685597479343414306640625">
        <ele>1782.800048828125</ele>
        <time>2026-07-27T08:11:11.000Z</time>
        <extensions>
          <ns3:TrackPointExtension>
            <ns3:hr>114</ns3:hr>
            <ns3:cad>0</ns3:cad>
          </ns3:TrackPointExtension>
        </extensions>
      </trkpt>
      <trkpt lat="45.05454246886074542999267578125" lon="6.28413769416511058807373046875">
        <ele>1782.800048828125</ele>
        <time>2026-07-27T08:11:14.000Z</time>
        <extensions>
          <ns3:TrackPointExtension>
            <ns3:hr>117</ns3:hr>
            <ns3:cad>0</ns3:cad>
          </ns3:TrackPointExtension>
        </extensions>
      </trkpt>
      <trkpt lat="45.05454179830849170684814453125" lon="6.28413920290768146514892578125">
        <ele>1782.800048828125</ele>
        <time>2026-07-27T08:11:24.000Z</time>
        <extensions>
          <ns3:TrackPointExtension>
            <ns3:hr>114</ns3:hr>
            <ns3:cad>0</ns3:cad>
          </ns3:TrackPointExtension>
        </extensions>
      </trkpt>
      <trkpt lat="45.05454179830849170684814453125" lon="6.284139119088649749755859375">
        <ele>1782.5999755859375</ele>
        <time>2026-07-27T08:11:29.000Z</time>
        <extensions>
          <ns3:TrackPointExtension>
            <ns3:hr>118</ns3:hr>
            <ns3:cad>0</ns3:cad>
          </ns3:TrackPointExtension>
        </extensions>
      </trkpt>
      <trkpt lat="45.05454163067042827606201171875" lon="6.284139119088649749755859375">
        <ele>1782.5999755859375</ele>
        <time>2026-07-27T08:11:32.000Z</time>
        <extensions>
          <ns3:TrackPointExtension>
            <ns3:hr>115</ns3:hr>
            <ns3:cad>0</ns3:cad>
          </ns3:TrackPointExtension>
        </extensions>
      </trkpt>
      <trkpt lat="45.05454196594655513763427734375" lon="6.28413953818380832672119140625">
        <ele>1782.800048828125</ele>
        <time>2026-07-27T08:11:34.000Z</time>
        <extensions>
          <ns3:TrackPointExtension>
            <ns3:hr>111</ns3:hr>
            <ns3:cad>0</ns3:cad>
          </ns3:TrackPointExtension>
        </extensions>
      </trkpt>
      <trkpt lat="45.05454146303236484527587890625" lon="6.284139454364776611328125">
        <ele>1782.800048828125</ele>
        <time>2026-07-27T08:12:03.000Z</time>
        <extensions>
          <ns3:TrackPointExtension>
            <ns3:hr>114</ns3:hr>
            <ns3:cad>0</ns3:cad>
          </ns3:TrackPointExtension>
        </extensions>
      </trkpt>
      <trkpt lat="45.054545067250728607177734375" lon="6.2841381132602691650390625">
        <ele>1783</ele>
        <time>2026-07-27T08:13:13.000Z</time>
        <extensions>
          <ns3:TrackPointExtension>
            <ns3:hr>117</ns3:hr>
            <ns3:cad>0</ns3:cad>
          </ns3:TrackPointExtension>
        </extensions>
      </trkpt>
      <trkpt lat="45.05454498343169689178466796875" lon="6.28413819707930088043212890625">
        <ele>1783.4000244140625</ele>
        <time>2026-07-27T08:13:16.000Z</time>
        <extensions>
          <ns3:TrackPointExtension>
            <ns3:hr>121</ns3:hr>
            <ns3:cad>0</ns3:cad>
          </ns3:TrackPointExtension>
        </extensions>
      </trkpt>
      <trkpt lat="45.054545067250728607177734375" lon="6.284138448536396026611328125">
        <ele>1783.5999755859375</ele>
        <time>2026-07-27T08:13:18.000Z</time>
        <extensions>
          <ns3:TrackPointExtension>
            <ns3:hr>127</ns3:hr>
            <ns3:cad>0</ns3:cad>
          </ns3:TrackPointExtension>
        </extensions>
      </trkpt>
      <trkpt lat="45.0545452348887920379638671875" lon="6.28413853235542774200439453125">
        <ele>1783.5999755859375</ele>
        <time>2026-07-27T08:13:19.000Z</time>
        <extensions>
          <ns3:TrackPointExtension>
            <ns3:hr>131</ns3:hr>
            <ns3:cad>0</ns3:cad>
          </ns3:TrackPointExtension>
        </extensions>
      </trkpt>
      <trkpt lat="45.05454531870782375335693359375" lon="6.28413878381252288818359375">
        <ele>1783.5999755859375</ele>
        <time>2026-07-27T08:13:21.000Z</time>
        <extensions>
          <ns3:TrackPointExtension>
            <ns3:hr>135</ns3:hr>
            <ns3:cad>0</ns3:cad>
          </ns3:TrackPointExtension>
        </extensions>
      </trkpt>
      <trkpt lat="45.05454515106976032257080078125" lon="6.2841389514505863189697265625">
        <ele>1783.800048828125</ele>
        <time>2026-07-27T08:13:23.000Z</time>
        <extensions>
          <ns3:TrackPointExtension>
            <ns3:hr>139</ns3:hr>
            <ns3:cad>0</ns3:cad>
          </ns3:TrackPointExtension>
        </extensions>
      </trkpt>
      <trkpt lat="45.05454515106976032257080078125" lon="6.28413903526961803436279296875">
        <ele>1783.800048828125</ele>
        <time>2026-07-27T08:13:24.000Z</time>
        <extensions>
          <ns3:TrackPointExtension>
            <ns3:hr>140</ns3:hr>
            <ns3:cad>0</ns3:cad>
          </ns3:TrackPointExtension>
        </extensions>
      </trkpt>
      <trkpt lat="45.05454498343169689178466796875" lon="6.28413937054574489593505859375">
        <ele>1784</ele>
        <time>2026-07-27T08:13:27.000Z</time>
        <extensions>
          <ns3:TrackPointExtension>
            <ns3:hr>143</ns3:hr>
            <ns3:cad>44</ns3:cad>
          </ns3:TrackPointExtension>
        </extensions>
      </trkpt>
      <trkpt lat="45.05451749078929424285888671875" lon="6.284194774925708770751953125">
        <ele>1783.800048828125</ele>
        <time>2026-07-27T08:13:33.000Z</time>
        <extensions>
          <ns3:TrackPointExtension>
            <ns3:hr>144</ns3:hr>
            <ns3:cad>0</ns3:cad>
          </ns3:TrackPointExtension>
        </extensions>
      </trkpt>
      <trkpt lat="45.05447759293019771575927734375" lon="6.28423844464123249053955078125">
        <ele>1784</ele>
        <time>2026-07-27T08:13:39.000Z</time>
        <extensions>
          <ns3:TrackPointExtension>
            <ns3:hr>144</ns3:hr>
            <ns3:cad>0</ns3:cad>
          </ns3:TrackPointExtension>
        </extensions>
      </trkpt>
      <trkpt lat="45.0544892437756061553955078125" lon="6.284194104373455047607421875">
        <ele>1784</ele>
        <time>2026-07-27T08:13:49.000Z</time>
        <extensions>
          <ns3:TrackPointExtension>
            <ns3:hr>145</ns3:hr>
            <ns3:cad>0</ns3:cad>
          </ns3:TrackPointExtension>
        </extensions>
      </trkpt>
      <trkpt lat="45.05451925098896026611328125" lon="6.28413165919482707977294921875">
        <ele>1783.4000244140625</ele>
        <time>2026-07-27T08:13:55.000Z</time>
        <extensions>
          <ns3:TrackPointExtension>
            <ns3:hr>144</ns3:hr>
            <ns3:cad>0</ns3:cad>
          </ns3:TrackPointExtension>
        </extensions>
      </trkpt>
      <trkpt lat="45.0545210950076580047607421875" lon="6.2841327488422393798828125">
        <ele>1783.5999755859375</ele>
        <time>2026-07-27T08:14:02.000Z</time>
        <extensions>
          <ns3:TrackPointExtension>
            <ns3:hr>141</ns3:hr>
            <ns3:cad>0</ns3:cad>
          </ns3:TrackPointExtension>
        </extensions>
      </trkpt>
      <trkpt lat="45.0545207597315311431884765625" lon="6.2841461598873138427734375">
        <ele>1783.800048828125</ele>
        <time>2026-07-27T08:14:06.000Z</time>
        <extensions>
          <ns3:TrackPointExtension>
            <ns3:hr>139</ns3:hr>
            <ns3:cad>0</ns3:cad>
          </ns3:TrackPointExtension>
        </extensions>
      </trkpt>
      <trkpt lat="45.05450994707643985748291015625" lon="6.28415512852370738983154296875">
        <ele>1783.800048828125</ele>
        <time>2026-07-27T08:14:16.000Z</time>
        <extensions>
          <ns3:TrackPointExtension>
            <ns3:hr>136</ns3:hr>
            <ns3:cad>0</ns3:cad>
          </ns3:TrackPointExtension>
        </extensions>
      </trkpt>
      <trkpt lat="45.05450994707643985748291015625" lon="6.28415512852370738983154296875">
        <ele>1783.800048828125</ele>
        <time>2026-07-27T08:14:19.000Z</time>
        <extensions>
          <ns3:TrackPointExtension>
            <ns3:hr>132</ns3:hr>
            <ns3:cad>0</ns3:cad>
          </ns3:TrackPointExtension>
        </extensions>
      </trkpt>
      <trkpt lat="45.05450994707643985748291015625" lon="6.28415512852370738983154296875">
        <ele>1783.800048828125</ele>
        <time>2026-07-27T08:14:21.000Z</time>
        <extensions>
          <ns3:TrackPointExtension>
            <ns3:hr>128</ns3:hr>
            <ns3:cad>0</ns3:cad>
          </ns3:TrackPointExtension>
        </extensions>
      </trkpt>
      <trkpt lat="45.05451044999063014984130859375" lon="6.28415596671402454376220703125">
        <ele>1783.800048828125</ele>
        <time>2026-07-27T08:14:30.000Z</time>
        <extensions>
          <ns3:TrackPointExtension>
            <ns3:hr>125</ns3:hr>
            <ns3:cad>0</ns3:cad>
          </ns3:TrackPointExtension>
        </extensions>
      </trkpt>
      <trkpt lat="45.05451112054288387298583984375" lon="6.28415755927562713623046875">
        <ele>1783.800048828125</ele>
        <time>2026-07-27T08:14:33.000Z</time>
        <extensions>
          <ns3:TrackPointExtension>
            <ns3:hr>122</ns3:hr>
            <ns3:cad>0</ns3:cad>
          </ns3:TrackPointExtension>
        </extensions>
      </trkpt>
      <trkpt lat="45.05451128818094730377197265625" lon="6.2841577269136905670166015625">
        <ele>1783.800048828125</ele>
        <time>2026-07-27T08:14:35.000Z</time>
        <extensions>
          <ns3:TrackPointExtension>
            <ns3:hr>119</ns3:hr>
            <ns3:cad>0</ns3:cad>
          </ns3:TrackPointExtension>
        </extensions>
      </trkpt>
      <trkpt lat="45.05451128818094730377197265625" lon="6.28415831364691257476806640625">
        <ele>1783.800048828125</ele>
        <time>2026-07-27T08:14:37.000Z</time>
        <extensions>
          <ns3:TrackPointExtension>
            <ns3:hr>116</ns3:hr>
            <ns3:cad>0</ns3:cad>
          </ns3:TrackPointExtension>
        </extensions>
      </trkpt>
      <trkpt lat="45.05451145581901073455810546875" lon="6.28415848128497600555419921875">
        <ele>1783.800048828125</ele>
        <time>2026-07-27T08:14:42.000Z</time>
        <extensions>
          <ns3:TrackPointExtension>
            <ns3:hr>113</ns3:hr>
            <ns3:cad>0</ns3:cad>
          </ns3:TrackPointExtension>
        </extensions>
      </trkpt>
      <trkpt lat="45.0545009784400463104248046875" lon="6.28419066779315471649169921875">
        <ele>1784.4000244140625</ele>
        <time>2026-07-27T08:15:16.000Z</time>
        <extensions>
          <ns3:TrackPointExtension>
            <ns3:hr>112</ns3:hr>
            <ns3:cad>0</ns3:cad>
          </ns3:TrackPointExtension>
        </extensions>
      </trkpt>
      <trkpt lat="45.054491423070430755615234375" lon="6.28420692868530750274658203125">
        <ele>1784.199951171875</ele>
        <time>2026-07-27T08:15:19.000Z</time>
        <extensions>
          <ns3:TrackPointExtension>
            <ns3:hr>109</ns3:hr>
            <ns3:cad>0</ns3:cad>
          </ns3:TrackPointExtension>
        </extensions>
      </trkpt>
      <trkpt lat="45.05447122268378734588623046875" lon="6.2841899134218692779541015625">
        <ele>1784.199951171875</ele>
        <time>2026-07-27T08:15:22.000Z</time>
        <extensions>
          <ns3:TrackPointExtension>
            <ns3:hr>106</ns3:hr>
            <ns3:cad>0</ns3:cad>
          </ns3:TrackPointExtension>
        </extensions>
      </trkpt>
      <trkpt lat="45.05446560680866241455078125" lon="6.284166276454925537109375">
        <ele>1784.199951171875</ele>
        <time>2026-07-27T08:15:23.000Z</time>
        <extensions>
          <ns3:TrackPointExtension>
            <ns3:hr>103</ns3:hr>
            <ns3:cad>0</ns3:cad>
          </ns3:TrackPointExtension>
        </extensions>
      </trkpt>
      <trkpt lat="45.0544674508273601531982421875" lon="6.2841515243053436279296875">
        <ele>1784.199951171875</ele>
        <time>2026-07-27T08:15:24.000Z</time>
        <extensions>
          <ns3:TrackPointExtension>
            <ns3:hr>103</ns3:hr>
            <ns3:cad>0</ns3:cad>
          </ns3:TrackPointExtension>
        </extensions>
      </trkpt>
      <trkpt lat="45.0544674508273601531982421875" lon="6.2841515243053436279296875">
        <ele>1784.199951171875</ele>
        <time>2026-07-27T08:15:25.000Z</time>
        <extensions>
          <ns3:TrackPointExtension>
            <ns3:hr>102</ns3:hr>
            <ns3:cad>0</ns3:cad>
          </ns3:TrackPointExtension>
        </extensions>
      </trkpt>
      <trkpt lat="45.05448077805340290069580078125" lon="6.28405840136110782623291015625">
        <ele>1784.199951171875</ele>
        <time>2026-07-27T08:15:31.000Z</time>
        <extensions>
          <ns3:TrackPointExtension>
            <ns3:hr>101</ns3:hr>
            <ns3:cad>0</ns3:cad>
          </ns3:TrackPointExtension>
        </extensions>
      </trkpt>
      <trkpt lat="45.05450827069580554962158203125" lon="6.2841218523681163787841796875">
        <ele>1784.5999755859375</ele>
        <time>2026-07-27T08:15:35.000Z</time>
        <extensions>
          <ns3:TrackPointExtension>
            <ns3:hr>102</ns3:hr>
            <ns3:cad>0</ns3:cad>
          </ns3:TrackPointExtension>
        </extensions>
      </trkpt>
      <trkpt lat="45.05451656877994537353515625" lon="6.284091509878635406494140625">
        <ele>1784.4000244140625</ele>
        <time>2026-07-27T08:15:41.000Z</time>
        <extensions>
          <ns3:TrackPointExtension>
            <ns3:hr>102</ns3:hr>
            <ns3:cad>0</ns3:cad>
          </ns3:TrackPointExtension>
        </extensions>
      </trkpt>
      <trkpt lat="45.05451656877994537353515625" lon="6.284091509878635406494140625">
        <ele>1784.4000244140625</ele>
        <time>2026-07-27T08:15:53.000Z</time>
        <extensions>
          <ns3:TrackPointExtension>
            <ns3:hr>99</ns3:hr>
            <ns3:cad>0</ns3:cad>
          </ns3:TrackPointExtension>
        </extensions>
      </trkpt>
      <trkpt lat="45.05452151410281658172607421875" lon="6.284074746072292327880859375">
        <ele>1784.4000244140625</ele>
        <time>2026-07-27T08:16:10.000Z</time>
        <extensions>
          <ns3:TrackPointExtension>
            <ns3:hr>108</ns3:hr>
            <ns3:cad>0</ns3:cad>
          </ns3:TrackPointExtension>
        </extensions>
      </trkpt>
      <trkpt lat="45.05452235229313373565673828125" lon="6.28407281823456287384033203125">
        <ele>1784.4000244140625</ele>
        <time>2026-07-27T08:16:13.000Z</time>
        <extensions>
          <ns3:TrackPointExtension>
            <ns3:hr>105</ns3:hr>
            <ns3:cad>0</ns3:cad>
          </ns3:TrackPointExtension>
        </extensions>
      </trkpt>
      <trkpt lat="45.0545224361121654510498046875" lon="6.28407097421586513519287109375">
        <ele>1784.4000244140625</ele>
        <time>2026-07-27T08:16:14.000Z</time>
        <extensions>
          <ns3:TrackPointExtension>
            <ns3:hr>101</ns3:hr>
            <ns3:cad>0</ns3:cad>
          </ns3:TrackPointExtension>
        </extensions>
      </trkpt>
      <trkpt lat="45.0545224361121654510498046875" lon="6.284070722758769989013671875">
        <ele>1784.4000244140625</ele>
        <time>2026-07-27T08:16:15.000Z</time>
        <extensions>
          <ns3:TrackPointExtension>
            <ns3:hr>101</ns3:hr>
            <ns3:cad>0</ns3:cad>
          </ns3:TrackPointExtension>
        </extensions>
      </trkpt>
      <trkpt lat="45.0545187480747699737548828125" lon="6.28407684154808521270751953125">
        <ele>1784.5999755859375</ele>
        <time>2026-07-27T08:16:28.000Z</time>
        <extensions>
          <ns3:TrackPointExtension>
            <ns3:hr>104</ns3:hr>
            <ns3:cad>0</ns3:cad>
          </ns3:TrackPointExtension>
        </extensions>
      </trkpt>
      <trkpt lat="45.05450315773487091064453125" lon="6.28409310244023799896240234375">
        <ele>1784.800048828125</ele>
        <time>2026-07-27T08:16:40.000Z</time>
        <extensions>
          <ns3:TrackPointExtension>
            <ns3:hr>102</ns3:hr>
            <ns3:cad>0</ns3:cad>
          </ns3:TrackPointExtension>
        </extensions>
      </trkpt>
      <trkpt lat="45.0544999726116657257080078125" lon="6.28409544937312602996826171875">
        <ele>1784.5999755859375</ele>
        <time>2026-07-27T08:16:51.000Z</time>
        <extensions>
          <ns3:TrackPointExtension>
            <ns3:hr>98</ns3:hr>
            <ns3:cad>0</ns3:cad>
          </ns3:TrackPointExtension>
        </extensions>
      </trkpt>
      <trkpt lat="45.054496116936206817626953125" lon="6.2840957008302211761474609375">
        <ele>1784.800048828125</ele>
        <time>2026-07-27T08:17:05.000Z</time>
        <extensions>
          <ns3:TrackPointExtension>
            <ns3:hr>101</ns3:hr>
            <ns3:cad>0</ns3:cad>
          </ns3:TrackPointExtension>
        </extensions>
      </trkpt>
      <trkpt lat="45.05449586547911167144775390625" lon="6.2840963713824748992919921875">
        <ele>1785</ele>
        <time>2026-07-27T08:17:07.000Z</time>
        <extensions>
          <ns3:TrackPointExtension>
            <ns3:hr>105</ns3:hr>
            <ns3:cad>0</ns3:cad>
          </ns3:TrackPointExtension>
        </extensions>
      </trkpt>
      <trkpt lat="45.05449485965073108673095703125" lon="6.28409762866795063018798828125">
        <ele>1785.800048828125</ele>
        <time>2026-07-27T08:17:14.000Z</time>
        <extensions>
          <ns3:TrackPointExtension>
            <ns3:hr>105</ns3:hr>
            <ns3:cad>0</ns3:cad>
          </ns3:TrackPointExtension>
        </extensions>
      </trkpt>
      <trkpt lat="45.054496116936206817626953125" lon="6.28409561701118946075439453125">
        <ele>1786.5999755859375</ele>
        <time>2026-07-27T08:17:20.000Z</time>
        <extensions>
          <ns3:TrackPointExtension>
            <ns3:hr>110</ns3:hr>
            <ns3:cad>0</ns3:cad>
          </ns3:TrackPointExtension>
        </extensions>
      </trkpt>
      <trkpt lat="45.05449620075523853302001953125" lon="6.284095533192157745361328125">
        <ele>1786.5999755859375</ele>
        <time>2026-07-27T08:17:21.000Z</time>
        <extensions>
          <ns3:TrackPointExtension>
            <ns3:hr>113</ns3:hr>
            <ns3:cad>0</ns3:cad>
          </ns3:TrackPointExtension>
        </extensions>
      </trkpt>
      <trkpt lat="45.0544966198503971099853515625" lon="6.28409511409699916839599609375">
        <ele>1786.5999755859375</ele>
        <time>2026-07-27T08:17:23.000Z</time>
        <extensions>
          <ns3:TrackPointExtension>
            <ns3:hr>116</ns3:hr>
            <ns3:cad>0</ns3:cad>
          </ns3:TrackPointExtension>
        </extensions>
      </trkpt>
      <trkpt lat="45.0544936023652553558349609375" lon="6.28412696532905101776123046875">
        <ele>1785.4000244140625</ele>
        <time>2026-07-27T08:17:45.000Z</time>
        <extensions>
          <ns3:TrackPointExtension>
            <ns3:hr>116</ns3:hr>
            <ns3:cad>0</ns3:cad>
          </ns3:TrackPointExtension>
        </extensions>
      </trkpt>
      <trkpt lat="45.05446401424705982208251953125" lon="6.28416652791202068328857421875">
        <ele>1786.199951171875</ele>
        <time>2026-07-27T08:17:51.000Z</time>
        <extensions>
          <ns3:TrackPointExtension>
            <ns3:hr>113</ns3:hr>
            <ns3:cad>0</ns3:cad>
          </ns3:TrackPointExtension>
        </extensions>
      </trkpt>
      <trkpt lat="45.0544610805809497833251953125" lon="6.28415814600884914398193359375">
        <ele>1786.4000244140625</ele>
        <time>2026-07-27T08:17:54.000Z</time>
        <extensions>
          <ns3:TrackPointExtension>
            <ns3:hr>116</ns3:hr>
            <ns3:cad>0</ns3:cad>
          </ns3:TrackPointExtension>
        </extensions>
      </trkpt>
      <trkpt lat="45.05446652881801128387451171875" lon="6.28415579907596111297607421875">
        <ele>1786</ele>
        <time>2026-07-27T08:17:57.000Z</time>
        <extensions>
          <ns3:TrackPointExtension>
            <ns3:hr>116</ns3:hr>
            <ns3:cad>0</ns3:cad>
          </ns3:TrackPointExtension>
        </extensions>
      </trkpt>
      <trkpt lat="45.05447641946375370025634765625" lon="6.284126378595829010009765625">
        <ele>1786</ele>
        <time>2026-07-27T08:18:03.000Z</time>
        <extensions>
          <ns3:TrackPointExtension>
            <ns3:hr>115</ns3:hr>
            <ns3:cad>0</ns3:cad>
          </ns3:TrackPointExtension>
        </extensions>
      </trkpt>
      <trkpt lat="45.0544718094170093536376953125" lon="6.2841241993010044097900390625">
        <ele>1786</ele>
        <time>2026-07-27T08:18:06.000Z</time>
        <extensions>
          <ns3:TrackPointExtension>
            <ns3:hr>112</ns3:hr>
            <ns3:cad>0</ns3:cad>
          </ns3:TrackPointExtension>
        </extensions>
      </trkpt>
      <trkpt lat="45.0544718094170093536376953125" lon="6.2841241993010044097900390625">
        <ele>1786</ele>
        <time>2026-07-27T08:18:12.000Z</time>
        <extensions>
          <ns3:TrackPointExtension>
            <ns3:hr>111</ns3:hr>
            <ns3:cad>0</ns3:cad>
          </ns3:TrackPointExtension>
        </extensions>
      </trkpt>
      <trkpt lat="45.0544718094170093536376953125" lon="6.2841241993010044097900390625">
        <ele>1786</ele>
        <time>2026-07-27T08:18:17.000Z</time>
        <extensions>
          <ns3:TrackPointExtension>
            <ns3:hr>108</ns3:hr>
            <ns3:cad>0</ns3:cad>
          </ns3:TrackPointExtension>
        </extensions>
      </trkpt>
      <trkpt lat="45.05446669645607471466064453125" lon="6.2841215170919895172119140625">
        <ele>1786.199951171875</ele>
        <time>2026-07-27T08:18:29.000Z</time>
        <extensions>
          <ns3:TrackPointExtension>
            <ns3:hr>111</ns3:hr>
            <ns3:cad>0</ns3:cad>
          </ns3:TrackPointExtension>
        </extensions>
      </trkpt>
      <trkpt lat="45.054439119994640350341796875" lon="6.2841247022151947021484375">
        <ele>1786.4000244140625</ele>
        <time>2026-07-27T08:18:33.000Z</time>
        <extensions>
          <ns3:TrackPointExtension>
            <ns3:hr>111</ns3:hr>
            <ns3:cad>0</ns3:cad>
          </ns3:TrackPointExtension>
        </extensions>
      </trkpt>
      <trkpt lat="45.0544292293488979339599609375" lon="6.28412797115743160247802734375">
        <ele>1786.4000244140625</ele>
        <time>2026-07-27T08:18:35.000Z</time>
        <extensions>
          <ns3:TrackPointExtension>
            <ns3:hr>108</ns3:hr>
            <ns3:cad>0</ns3:cad>
          </ns3:TrackPointExtension>
        </extensions>
      </trkpt>
      <trkpt lat="45.054415650665760040283203125" lon="6.28413316793739795684814453125">
        <ele>1786.199951171875</ele>
        <time>2026-07-27T08:18:41.000Z</time>
        <extensions>
          <ns3:TrackPointExtension>
            <ns3:hr>105</ns3:hr>
            <ns3:cad>0</ns3:cad>
          </ns3:TrackPointExtension>
        </extensions>
      </trkpt>
      <trkpt lat="45.0544154830276966094970703125" lon="6.2841339223086833953857421875">
        <ele>1786.199951171875</ele>
        <time>2026-07-27T08:18:42.000Z</time>
        <extensions>
          <ns3:TrackPointExtension>
            <ns3:hr>105</ns3:hr>
            <ns3:cad>0</ns3:cad>
          </ns3:TrackPointExtension>
        </extensions>
      </trkpt>
      <trkpt lat="45.05441472865641117095947265625" lon="6.2841329164803028106689453125">
        <ele>1786.199951171875</ele>
        <time>2026-07-27T08:18:50.000Z</time>
        <extensions>
          <ns3:TrackPointExtension>
            <ns3:hr>100</ns3:hr>
            <ns3:cad>0</ns3:cad>
          </ns3:TrackPointExtension>
        </extensions>
      </trkpt>
      <trkpt lat="45.05441472865641117095947265625" lon="6.2841329164803028106689453125">
        <ele>1786</ele>
        <time>2026-07-27T08:18:52.000Z</time>
        <extensions>
          <ns3:TrackPointExtension>
            <ns3:hr>97</ns3:hr>
            <ns3:cad>0</ns3:cad>
          </ns3:TrackPointExtension>
        </extensions>
      </trkpt>
      <trkpt lat="45.0544148124754428863525390625" lon="6.2841329164803028106689453125">
        <ele>1786</ele>
        <time>2026-07-27T08:18:55.000Z</time>
        <extensions>
          <ns3:TrackPointExtension>
            <ns3:hr>93</ns3:hr>
            <ns3:cad>0</ns3:cad>
          </ns3:TrackPointExtension>
        </extensions>
      </trkpt>
      <trkpt lat="45.0544148124754428863525390625" lon="6.2841319106519222259521484375">
        <ele>1785.199951171875</ele>
        <time>2026-07-27T08:19:01.000Z</time>
        <extensions>
          <ns3:TrackPointExtension>
            <ns3:hr>96</ns3:hr>
            <ns3:cad>0</ns3:cad>
          </ns3:TrackPointExtension>
        </extensions>
      </trkpt>
      <trkpt lat="45.05440835841000080108642578125" lon="6.28413383848965167999267578125">
        <ele>1785.199951171875</ele>
        <time>2026-07-27T08:19:31.000Z</time>
        <extensions>
          <ns3:TrackPointExtension>
            <ns3:hr>99</ns3:hr>
            <ns3:cad>0</ns3:cad>
          </ns3:TrackPointExtension>
        </extensions>
      </trkpt>
      <trkpt lat="45.0544389523565769195556640625" lon="6.28413719125092029571533203125">
        <ele>1786.199951171875</ele>
        <time>2026-07-27T08:20:07.000Z</time>
        <extensions>
          <ns3:TrackPointExtension>
            <ns3:hr>101</ns3:hr>
            <ns3:cad>0</ns3:cad>
          </ns3:TrackPointExtension>
        </extensions>
      </trkpt>
      <trkpt lat="45.05448580719530582427978515625" lon="6.2841319106519222259521484375">
        <ele>1786.199951171875</ele>
        <time>2026-07-27T08:20:14.000Z</time>
        <extensions>
          <ns3:TrackPointExtension>
            <ns3:hr>102</ns3:hr>
            <ns3:cad>64</ns3:cad>
          </ns3:TrackPointExtension>
        </extensions>
      </trkpt>
      <trkpt lat="45.05448438227176666259765625" lon="6.2841459922492504119873046875">
        <ele>1786.199951171875</ele>
        <time>2026-07-27T08:20:15.000Z</time>
        <extensions>
          <ns3:TrackPointExtension>
            <ns3:hr>102</ns3:hr>
            <ns3:cad>64</ns3:cad>
          </ns3:TrackPointExtension>
        </extensions>
      </trkpt>
      <trkpt lat="45.05448463372886180877685546875" lon="6.284193098545074462890625">
        <ele>1786.199951171875</ele>
        <time>2026-07-27T08:20:20.000Z</time>
        <extensions>
          <ns3:TrackPointExtension>
            <ns3:hr>102</ns3:hr>
            <ns3:cad>0</ns3:cad>
          </ns3:TrackPointExtension>
        </extensions>
      </trkpt>
      <trkpt lat="45.05448572337627410888671875" lon="6.28419603221118450164794921875">
        <ele>1786.5999755859375</ele>
        <time>2026-07-27T08:20:29.000Z</time>
        <extensions>
          <ns3:TrackPointExtension>
            <ns3:hr>99</ns3:hr>
            <ns3:cad>0</ns3:cad>
          </ns3:TrackPointExtension>
        </extensions>
      </trkpt>
      <trkpt lat="45.054484717547893524169921875" lon="6.284194774925708770751953125">
        <ele>1786.5999755859375</ele>
        <time>2026-07-27T08:20:32.000Z</time>
        <extensions>
          <ns3:TrackPointExtension>
            <ns3:hr>99</ns3:hr>
            <ns3:cad>0</ns3:cad>
          </ns3:TrackPointExtension>
        </extensions>
      </trkpt>
      <trkpt lat="45.0544818677008152008056640625" lon="6.284194104373455047607421875">
        <ele>1786.5999755859375</ele>
        <time>2026-07-27T08:20:39.000Z</time>
        <extensions>
          <ns3:TrackPointExtension>
            <ns3:hr>96</ns3:hr>
            <ns3:cad>0</ns3:cad>
          </ns3:TrackPointExtension>
        </extensions>
      </trkpt>
      <trkpt lat="45.0544818677008152008056640625" lon="6.284194104373455047607421875">
        <ele>1786.800048828125</ele>
        <time>2026-07-27T08:20:42.000Z</time>
        <extensions>
          <ns3:TrackPointExtension>
            <ns3:hr>95</ns3:hr>
            <ns3:cad>0</ns3:cad>
          </ns3:TrackPointExtension>
        </extensions>
      </trkpt>
      <trkpt lat="45.05448438227176666259765625" lon="6.28419720567762851715087890625">
        <ele>1786.800048828125</ele>
        <time>2026-07-27T08:20:54.000Z</time>
        <extensions>
          <ns3:TrackPointExtension>
            <ns3:hr>99</ns3:hr>
            <ns3:cad>0</ns3:cad>
          </ns3:TrackPointExtension>
        </extensions>
      </trkpt>
      <trkpt lat="45.054489411413669586181640625" lon="6.284197457134723663330078125">
        <ele>1787</ele>
        <time>2026-07-27T08:20:56.000Z</time>
        <extensions>
          <ns3:TrackPointExtension>
            <ns3:hr>102</ns3:hr>
            <ns3:cad>0</ns3:cad>
          </ns3:TrackPointExtension>
        </extensions>
      </trkpt>
      <trkpt lat="45.05450273863971233367919921875" lon="6.28416133113205432891845703125">
        <ele>1786.5999755859375</ele>
        <time>2026-07-27T08:21:09.000Z</time>
        <extensions>
          <ns3:TrackPointExtension>
            <ns3:hr>102</ns3:hr>
            <ns3:cad>0</ns3:cad>
          </ns3:TrackPointExtension>
        </extensions>
      </trkpt>
      <trkpt lat="45.0544557161629199981689453125" lon="6.284166611731052398681640625">
        <ele>1786.5999755859375</ele>
        <time>2026-07-27T08:21:16.000Z</time>
        <extensions>
          <ns3:TrackPointExtension>
            <ns3:hr>102</ns3:hr>
            <ns3:cad>0</ns3:cad>
          </ns3:TrackPointExtension>
        </extensions>
      </trkpt>
      <trkpt lat="45.05441866815090179443359375" lon="6.28421346656978130340576171875">
        <ele>1787.5999755859375</ele>
        <time>2026-07-27T08:21:22.000Z</time>
        <extensions>
          <ns3:TrackPointExtension>
            <ns3:hr>105</ns3:hr>
            <ns3:cad>49</ns3:cad>
          </ns3:TrackPointExtension>
        </extensions>
      </trkpt>
      <trkpt lat="45.05441204644739627838134765625" lon="6.284224949777126312255859375">
        <ele>1787.800048828125</ele>
        <time>2026-07-27T08:21:23.000Z</time>
        <extensions>
          <ns3:TrackPointExtension>
            <ns3:hr>105</ns3:hr>
            <ns3:cad>49</ns3:cad>
          </ns3:TrackPointExtension>
        </extensions>
      </trkpt>
      <trkpt lat="45.05440785549581050872802734375" lon="6.28422788344323635101318359375">
        <ele>1788</ele>
        <time>2026-07-27T08:21:24.000Z</time>
        <extensions>
          <ns3:TrackPointExtension>
            <ns3:hr>105</ns3:hr>
            <ns3:cad>51</ns3:cad>
          </ns3:TrackPointExtension>
        </extensions>
      </trkpt>
      <trkpt lat="45.05437835119664669036865234375" lon="6.284261830151081085205078125">
        <ele>1788.800048828125</ele>
        <time>2026-07-27T08:21:28.000Z</time>
        <extensions>
          <ns3:TrackPointExtension>
            <ns3:hr>108</ns3:hr>
            <ns3:cad>49</ns3:cad>
          </ns3:TrackPointExtension>
        </extensions>
      </trkpt>
      <trkpt lat="45.054362677037715911865234375" lon="6.2842898257076740264892578125">
        <ele>1789.4000244140625</ele>
        <time>2026-07-27T08:21:30.000Z</time>
        <extensions>
          <ns3:TrackPointExtension>
            <ns3:hr>111</ns3:hr>
            <ns3:cad>0</ns3:cad>
          </ns3:TrackPointExtension>
        </extensions>
      </trkpt>
      <trkpt lat="45.0543554686009883880615234375" lon="6.28430332057178020477294921875">
        <ele>1789.5999755859375</ele>
        <time>2026-07-27T08:21:31.000Z</time>
        <extensions>
          <ns3:TrackPointExtension>
            <ns3:hr>112</ns3:hr>
            <ns3:cad>0</ns3:cad>
          </ns3:TrackPointExtension>
        </extensions>
      </trkpt>
      <trkpt lat="45.05433828569948673248291015625" lon="6.2843290530145168304443359375">
        <ele>1790</ele>
        <time>2026-07-27T08:21:33.000Z</time>
        <extensions>
          <ns3:TrackPointExtension>
            <ns3:hr>115</ns3:hr>
            <ns3:cad>48</ns3:cad>
          </ns3:TrackPointExtension>
        </extensions>
      </trkpt>
      <trkpt lat="45.054329149425029754638671875" lon="6.28435327671468257904052734375">
        <ele>1790.4000244140625</ele>
        <time>2026-07-27T08:21:35.000Z</time>
        <extensions>
          <ns3:TrackPointExtension>
            <ns3:hr>117</ns3:hr>
            <ns3:cad>49</ns3:cad>
          </ns3:TrackPointExtension>
        </extensions>
      </trkpt>
      <trkpt lat="45.0543279759585857391357421875" lon="6.2843746505677700042724609375">
        <ele>1790.800048828125</ele>
        <time>2026-07-27T08:21:37.000Z</time>
        <extensions>
          <ns3:TrackPointExtension>
            <ns3:hr>119</ns3:hr>
            <ns3:cad>49</ns3:cad>
          </ns3:TrackPointExtension>
        </extensions>
      </trkpt>
      <trkpt lat="45.05432269535958766937255859375" lon="6.28438529558479785919189453125">
        <ele>1791</ele>
        <time>2026-07-27T08:21:38.000Z</time>
        <extensions>
          <ns3:TrackPointExtension>
            <ns3:hr>120</ns3:hr>
            <ns3:cad>49</ns3:cad>
          </ns3:TrackPointExtension>
        </extensions>
      </trkpt>
      <trkpt lat="45.05431003868579864501953125" lon="6.28441899083554744720458984375">
        <ele>1791.800048828125</ele>
        <time>2026-07-27T08:21:41.000Z</time>
        <extensions>
          <ns3:TrackPointExtension>
            <ns3:hr>123</ns3:hr>
            <ns3:cad>48</ns3:cad>
          </ns3:TrackPointExtension>
        </extensions>
      </trkpt>
      <trkpt lat="45.05430039949715137481689453125" lon="6.28442787565290927886962890625">
        <ele>1792</ele>
        <time>2026-07-27T08:21:42.000Z</time>
        <extensions>
          <ns3:TrackPointExtension>
            <ns3:hr>123</ns3:hr>
            <ns3:cad>48</ns3:cad>
          </ns3:TrackPointExtension>
        </extensions>
      </trkpt>
      <trkpt lat="45.05427340976893901824951171875" lon="6.284448914229869842529296875">
        <ele>1792.5999755859375</ele>
        <time>2026-07-27T08:21:45.000Z</time>
        <extensions>
          <ns3:TrackPointExtension>
            <ns3:hr>126</ns3:hr>
            <ns3:cad>49</ns3:cad>
          </ns3:TrackPointExtension>
        </extensions>
      </trkpt>
      <trkpt lat="45.05424524657428264617919921875" lon="6.28446978516876697540283203125">
        <ele>1792.800048828125</ele>
        <time>2026-07-27T08:21:48.000Z</time>
        <extensions>
          <ns3:TrackPointExtension>
            <ns3:hr>128</ns3:hr>
            <ns3:cad>49</ns3:cad>
          </ns3:TrackPointExtension>
        </extensions>
      </trkpt>
      <trkpt lat="45.05424172617495059967041015625" lon="6.28448772244155406951904296875">
        <ele>1792.800048828125</ele>
        <time>2026-07-27T08:21:49.000Z</time>
        <extensions>
          <ns3:TrackPointExtension>
            <ns3:hr>129</ns3:hr>
            <ns3:cad>47</ns3:cad>
          </ns3:TrackPointExtension>
        </extensions>
      </trkpt>
      <trkpt lat="45.054233931005001068115234375" lon="6.28450934775173664093017578125">
        <ele>1793</ele>
        <time>2026-07-27T08:21:50.000Z</time>
        <extensions>
          <ns3:TrackPointExtension>
            <ns3:hr>129</ns3:hr>
            <ns3:cad>47</ns3:cad>
          </ns3:TrackPointExtension>
        </extensions>
      </trkpt>
      <trkpt lat="45.0542109645903110504150390625" lon="6.284537427127361297607421875">
        <ele>1793.800048828125</ele>
        <time>2026-07-27T08:21:54.000Z</time>
        <extensions>
          <ns3:TrackPointExtension>
            <ns3:hr>131</ns3:hr>
            <ns3:cad>47</ns3:cad>
          </ns3:TrackPointExtension>
        </extensions>
      </trkpt>
      <trkpt lat="45.054199397563934326171875" lon="6.284568272531032562255859375">
        <ele>1794.4000244140625</ele>
        <time>2026-07-27T08:21:57.000Z</time>
        <extensions>
          <ns3:TrackPointExtension>
            <ns3:hr>132</ns3:hr>
            <ns3:cad>47</ns3:cad>
          </ns3:TrackPointExtension>
        </extensions>
      </trkpt>
      <trkpt lat="45.05418933928012847900390625" lon="6.28459350205957889556884765625">
        <ele>1795</ele>
        <time>2026-07-27T08:22:00.000Z</time>
        <extensions>
          <ns3:TrackPointExtension>
            <ns3:hr>132</ns3:hr>
            <ns3:cad>47</ns3:cad>
          </ns3:TrackPointExtension>
        </extensions>
      </trkpt>
      <trkpt lat="45.054180286824703216552734375" lon="6.28462585620582103729248046875">
        <ele>1795.4000244140625</ele>
        <time>2026-07-27T08:22:03.000Z</time>
        <extensions>
          <ns3:TrackPointExtension>
            <ns3:hr>133</ns3:hr>
            <ns3:cad>45</ns3:cad>
          </ns3:TrackPointExtension>
        </extensions>
      </trkpt>
      <trkpt lat="45.0541846454143524169921875" lon="6.2846552766859531402587890625">
        <ele>1795.800048828125</ele>
        <time>2026-07-27T08:22:05.000Z</time>
        <extensions>
          <ns3:TrackPointExtension>
            <ns3:hr>134</ns3:hr>
            <ns3:cad>45</ns3:cad>
          </ns3:TrackPointExtension>
        </extensions>
      </trkpt>
      <trkpt lat="45.05418757908046245574951171875" lon="6.28466323949396610260009765625">
        <ele>1796.199951171875</ele>
        <time>2026-07-27T08:22:06.000Z</time>
        <extensions>
          <ns3:TrackPointExtension>
            <ns3:hr>134</ns3:hr>
            <ns3:cad>46</ns3:cad>
          </ns3:TrackPointExtension>
        </extensions>
      </trkpt>
      <trkpt lat="45.05419336259365081787109375" lon="6.28468905575573444366455078125">
        <ele>1796.5999755859375</ele>
        <time>2026-07-27T08:22:08.000Z</time>
        <extensions>
          <ns3:TrackPointExtension>
            <ns3:hr>134</ns3:hr>
            <ns3:cad>47</ns3:cad>
          </ns3:TrackPointExtension>
        </extensions>
      </trkpt>
      <trkpt lat="45.05419026128947734832763671875" lon="6.2847121059894561767578125">
        <ele>1797.4000244140625</ele>
        <time>2026-07-27T08:22:10.000Z</time>
        <extensions>
          <ns3:TrackPointExtension>
            <ns3:hr>135</ns3:hr>
            <ns3:cad>47</ns3:cad>
          </ns3:TrackPointExtension>
        </extensions>
      </trkpt>
      <trkpt lat="45.0541750900447368621826171875" lon="6.2847764790058135986328125">
        <ele>1798</ele>
        <time>2026-07-27T08:22:16.000Z</time>
        <extensions>
          <ns3:TrackPointExtension>
            <ns3:hr>136</ns3:hr>
            <ns3:cad>48</ns3:cad>
          </ns3:TrackPointExtension>
        </extensions>
      </trkpt>
      <trkpt lat="45.05416897125542163848876953125" lon="6.28478745929896831512451171875">
        <ele>1798.199951171875</ele>
        <time>2026-07-27T08:22:17.000Z</time>
        <extensions>
          <ns3:TrackPointExtension>
            <ns3:hr>135</ns3:hr>
            <ns3:cad>47</ns3:cad>
          </ns3:TrackPointExtension>
        </extensions>
      </trkpt>
      <trkpt lat="45.05416092462837696075439453125" lon="6.28479517064988613128662109375">
        <ele>1798.4000244140625</ele>
        <time>2026-07-27T08:22:18.000Z</time>
        <extensions>
          <ns3:TrackPointExtension>
            <ns3:hr>135</ns3:hr>
            <ns3:cad>47</ns3:cad>
          </ns3:TrackPointExtension>
        </extensions>
      </trkpt>
      <trkpt lat="45.05415405146777629852294921875" lon="6.284804977476596832275390625">
        <ele>1798.5999755859375</ele>
        <time>2026-07-27T08:22:19.000Z</time>
        <extensions>
          <ns3:TrackPointExtension>
            <ns3:hr>135</ns3:hr>
            <ns3:cad>47</ns3:cad>
          </ns3:TrackPointExtension>
        </extensions>
      </trkpt>
      <trkpt lat="45.05415656603872776031494140625" lon="6.28482450731098651885986328125">
        <ele>1799.5999755859375</ele>
        <time>2026-07-27T08:22:21.000Z</time>
        <extensions>
          <ns3:TrackPointExtension>
            <ns3:hr>136</ns3:hr>
            <ns3:cad>47</ns3:cad>
          </ns3:TrackPointExtension>
        </extensions>
      </trkpt>
      <trkpt lat="45.05415639840066432952880859375" lon="6.2848354876041412353515625">
        <ele>1799.800048828125</ele>
        <time>2026-07-27T08:22:22.000Z</time>
        <extensions>
          <ns3:TrackPointExtension>
            <ns3:hr>136</ns3:hr>
            <ns3:cad>0</ns3:cad>
          </ns3:TrackPointExtension>
        </extensions>
      </trkpt>
      <trkpt lat="45.05414801649749279022216796875" lon="6.28495744429528713226318359375">
        <ele>1800.4000244140625</ele>
        <time>2026-07-27T08:22:31.000Z</time>
        <extensions>
          <ns3:TrackPointExtension>
            <ns3:hr>137</ns3:hr>
            <ns3:cad>47</ns3:cad>
          </ns3:TrackPointExtension>
        </extensions>
      </trkpt>
      <trkpt lat="45.05414818413555622100830078125" lon="6.28500270657241344451904296875">
        <ele>1800.5999755859375</ele>
        <time>2026-07-27T08:22:34.000Z</time>
        <extensions>
          <ns3:TrackPointExtension>
            <ns3:hr>139</ns3:hr>
            <ns3:cad>47</ns3:cad>
          </ns3:TrackPointExtension>
        </extensions>
      </trkpt>
      <trkpt lat="45.05413963459432125091552734375" lon="6.28507076762616634368896484375">
        <ele>1801.199951171875</ele>
        <time>2026-07-27T08:22:38.000Z</time>
        <extensions>
          <ns3:TrackPointExtension>
            <ns3:hr>143</ns3:hr>
            <ns3:cad>49</ns3:cad>
          </ns3:TrackPointExtension>
        </extensions>
      </trkpt>
      <trkpt lat="45.054136700928211212158203125" lon="6.28508317284286022186279296875">
        <ele>1801.4000244140625</ele>
        <time>2026-07-27T08:22:39.000Z</time>
        <extensions>
          <ns3:TrackPointExtension>
            <ns3:hr>149</ns3:hr>
            <ns3:cad>49</ns3:cad>
          </ns3:TrackPointExtension>
        </extensions>
      </trkpt>
      <trkpt lat="45.05413209088146686553955078125" lon="6.2850864417850971221923828125">
        <ele>1801.800048828125</ele>
        <time>2026-07-27T08:22:40.000Z</time>
        <extensions>
          <ns3:TrackPointExtension>
            <ns3:hr>153</ns3:hr>
            <ns3:cad>49</ns3:cad>
          </ns3:TrackPointExtension>
        </extensions>
      </trkpt>
      <trkpt lat="45.05412773229181766510009765625" lon="6.285093985497951507568359375">
        <ele>1802.199951171875</ele>
        <time>2026-07-27T08:22:43.000Z</time>
        <extensions>
          <ns3:TrackPointExtension>
            <ns3:hr>154</ns3:hr>
            <ns3:cad>0</ns3:cad>
          </ns3:TrackPointExtension>
        </extensions>
      </trkpt>
      <trkpt lat="45.0541311688721179962158203125" lon="6.2850944884121417999267578125">
        <ele>1802.199951171875</ele>
        <time>2026-07-27T08:22:49.000Z</time>
        <extensions>
          <ns3:TrackPointExtension>
            <ns3:hr>155</ns3:hr>
            <ns3:cad>0</ns3:cad>
          </ns3:TrackPointExtension>
        </extensions>
      </trkpt>
      <trkpt lat="45.05413058213889598846435546875" lon="6.2850924767553806304931640625">
        <ele>1802</ele>
        <time>2026-07-27T08:22:51.000Z</time>
        <extensions>
          <ns3:TrackPointExtension>
            <ns3:hr>158</ns3:hr>
            <ns3:cad>0</ns3:cad>
          </ns3:TrackPointExtension>
        </extensions>
      </trkpt>
      <trkpt lat="45.05413058213889598846435546875" lon="6.28509272821247577667236328125">
        <ele>1801.800048828125</ele>
        <time>2026-07-27T08:23:00.000Z</time>
        <extensions>
          <ns3:TrackPointExtension>
            <ns3:hr>155</ns3:hr>
            <ns3:cad>0</ns3:cad>
          </ns3:TrackPointExtension>
        </extensions>
      </trkpt>
      <trkpt lat="45.05413058213889598846435546875" lon="6.285093314945697784423828125">
        <ele>1801.800048828125</ele>
        <time>2026-07-27T08:23:02.000Z</time>
        <extensions>
          <ns3:TrackPointExtension>
            <ns3:hr>150</ns3:hr>
            <ns3:cad>0</ns3:cad>
          </ns3:TrackPointExtension>
        </extensions>
      </trkpt>
      <trkpt lat="45.054130665957927703857421875" lon="6.28509390167891979217529296875">
        <ele>1801.5999755859375</ele>
        <time>2026-07-27T08:23:05.000Z</time>
        <extensions>
          <ns3:TrackPointExtension>
            <ns3:hr>147</ns3:hr>
            <ns3:cad>0</ns3:cad>
          </ns3:TrackPointExtension>
        </extensions>
      </trkpt>
      <trkpt lat="45.05413108505308628082275390625" lon="6.28509440459311008453369140625">
        <ele>1801.5999755859375</ele>
        <time>2026-07-27T08:23:06.000Z</time>
        <extensions>
          <ns3:TrackPointExtension>
            <ns3:hr>147</ns3:hr>
            <ns3:cad>0</ns3:cad>
          </ns3:TrackPointExtension>
        </extensions>
      </trkpt>
      <trkpt lat="45.05413158796727657318115234375" lon="6.28509826026856899261474609375">
        <ele>1801.5999755859375</ele>
        <time>2026-07-27T08:23:12.000Z</time>
        <extensions>
          <ns3:TrackPointExtension>
            <ns3:hr>143</ns3:hr>
            <ns3:cad>0</ns3:cad>
          </ns3:TrackPointExtension>
        </extensions>
      </trkpt>
      <trkpt lat="45.0541318394243717193603515625" lon="6.28509876318275928497314453125">
        <ele>1801.5999755859375</ele>
        <time>2026-07-27T08:23:14.000Z</time>
        <extensions>
          <ns3:TrackPointExtension>
            <ns3:hr>136</ns3:hr>
            <ns3:cad>0</ns3:cad>
          </ns3:TrackPointExtension>
        </extensions>
      </trkpt>
      <trkpt lat="45.0541318394243717193603515625" lon="6.285099685192108154296875">
        <ele>1801.5999755859375</ele>
        <time>2026-07-27T08:23:15.000Z</time>
        <extensions>
          <ns3:TrackPointExtension>
            <ns3:hr>131</ns3:hr>
            <ns3:cad>0</ns3:cad>
          </ns3:TrackPointExtension>
        </extensions>
      </trkpt>
      <trkpt lat="45.0541318394243717193603515625" lon="6.28509993664920330047607421875">
        <ele>1801.5999755859375</ele>
        <time>2026-07-27T08:23:16.000Z</time>
        <extensions>
          <ns3:TrackPointExtension>
            <ns3:hr>131</ns3:hr>
            <ns3:cad>0</ns3:cad>
          </ns3:TrackPointExtension>
        </extensions>
      </trkpt>
      <trkpt lat="45.0541318394243717193603515625" lon="6.285100691020488739013671875">
        <ele>1801.4000244140625</ele>
        <time>2026-07-27T08:23:18.000Z</time>
        <extensions>
          <ns3:TrackPointExtension>
            <ns3:hr>128</ns3:hr>
            <ns3:cad>0</ns3:cad>
          </ns3:TrackPointExtension>
        </extensions>
      </trkpt>
      <trkpt lat="45.0541318394243717193603515625" lon="6.28510362468659877777099609375">
        <ele>1801.4000244140625</ele>
        <time>2026-07-27T08:23:21.000Z</time>
        <extensions>
          <ns3:TrackPointExtension>
            <ns3:hr>125</ns3:hr>
            <ns3:cad>0</ns3:cad>
          </ns3:TrackPointExtension>
        </extensions>
      </trkpt>
      <trkpt lat="45.0541318394243717193603515625" lon="6.2851042114198207855224609375">
        <ele>1801.4000244140625</ele>
        <time>2026-07-27T08:23:22.000Z</time>
        <extensions>
          <ns3:TrackPointExtension>
            <ns3:hr>120</ns3:hr>
            <ns3:cad>0</ns3:cad>
          </ns3:TrackPointExtension>
        </extensions>
      </trkpt>
      <trkpt lat="45.0541318394243717193603515625" lon="6.2851045466959476470947265625">
        <ele>1801.4000244140625</ele>
        <time>2026-07-27T08:23:24.000Z</time>
        <extensions>
          <ns3:TrackPointExtension>
            <ns3:hr>117</ns3:hr>
            <ns3:cad>0</ns3:cad>
          </ns3:TrackPointExtension>
        </extensions>
      </trkpt>
      <trkpt lat="45.0541315041482448577880859375" lon="6.28510513342916965484619140625">
        <ele>1801.5999755859375</ele>
        <time>2026-07-27T08:23:28.000Z</time>
        <extensions>
          <ns3:TrackPointExtension>
            <ns3:hr>113</ns3:hr>
            <ns3:cad>0</ns3:cad>
          </ns3:TrackPointExtension>
        </extensions>
      </trkpt>
      <trkpt lat="45.054131336510181427001953125" lon="6.28511116839945316314697265625">
        <ele>1801.4000244140625</ele>
        <time>2026-07-27T08:23:53.000Z</time>
        <extensions>
          <ns3:TrackPointExtension>
            <ns3:hr>110</ns3:hr>
            <ns3:cad>0</ns3:cad>
          </ns3:TrackPointExtension>
        </extensions>
      </trkpt>
      <trkpt lat="45.05413192324340343475341796875" lon="6.2851125933229923248291015625">
        <ele>1801</ele>
        <time>2026-07-27T08:24:05.000Z</time>
        <extensions>
          <ns3:TrackPointExtension>
            <ns3:hr>114</ns3:hr>
            <ns3:cad>0</ns3:cad>
          </ns3:TrackPointExtension>
        </extensions>
      </trkpt>
      <trkpt lat="45.05413309670984745025634765625" lon="6.28511301241815090179443359375">
        <ele>1801</ele>
        <time>2026-07-27T08:24:08.000Z</time>
        <extensions>
          <ns3:TrackPointExtension>
            <ns3:hr>117</ns3:hr>
            <ns3:cad>0</ns3:cad>
          </ns3:TrackPointExtension>
        </extensions>
      </trkpt>
      <trkpt lat="45.05413410253822803497314453125" lon="6.2851132638752460479736328125">
        <ele>1800.800048828125</ele>
        <time>2026-07-27T08:24:10.000Z</time>
        <extensions>
          <ns3:TrackPointExtension>
            <ns3:hr>117</ns3:hr>
            <ns3:cad>0</ns3:cad>
          </ns3:TrackPointExtension>
        </extensions>
      </trkpt>
      <trkpt lat="45.054136700928211212158203125" lon="6.28511401824653148651123046875">
        <ele>1800.4000244140625</ele>
        <time>2026-07-27T08:24:17.000Z</time>
        <extensions>
          <ns3:TrackPointExtension>
            <ns3:hr>114</ns3:hr>
            <ns3:cad>0</ns3:cad>
          </ns3:TrackPointExtension>
        </extensions>
      </trkpt>
      <trkpt lat="45.054137371480464935302734375" lon="6.2851146049797534942626953125">
        <ele>1800.199951171875</ele>
        <time>2026-07-27T08:24:21.000Z</time>
        <extensions>
          <ns3:TrackPointExtension>
            <ns3:hr>111</ns3:hr>
            <ns3:cad>0</ns3:cad>
          </ns3:TrackPointExtension>
        </extensions>
      </trkpt>
      <trkpt lat="45.05413913168013095855712890625" lon="6.2851146049797534942626953125">
        <ele>1800</ele>
        <time>2026-07-27T08:24:28.000Z</time>
        <extensions>
          <ns3:TrackPointExtension>
            <ns3:hr>108</ns3:hr>
            <ns3:cad>0</ns3:cad>
          </ns3:TrackPointExtension>
        </extensions>
      </trkpt>
      <trkpt lat="45.05413929931819438934326171875" lon="6.2851090729236602783203125">
        <ele>1800</ele>
        <time>2026-07-27T08:24:50.000Z</time>
        <extensions>
          <ns3:TrackPointExtension>
            <ns3:hr>111</ns3:hr>
            <ns3:cad>0</ns3:cad>
          </ns3:TrackPointExtension>
        </extensions>
      </trkpt>
      <trkpt lat="45.0541402213275432586669921875" lon="6.2851089052855968475341796875">
        <ele>1800</ele>
        <time>2026-07-27T08:24:57.000Z</time>
        <extensions>
          <ns3:TrackPointExtension>
            <ns3:hr>114</ns3:hr>
            <ns3:cad>0</ns3:cad>
          </ns3:TrackPointExtension>
        </extensions>
      </trkpt>
      <trkpt lat="45.05414013750851154327392578125" lon="6.2851089052855968475341796875">
        <ele>1799.800048828125</ele>
        <time>2026-07-27T08:24:59.000Z</time>
        <extensions>
          <ns3:TrackPointExtension>
            <ns3:hr>117</ns3:hr>
            <ns3:cad>0</ns3:cad>
          </ns3:TrackPointExtension>
        </extensions>
      </trkpt>
      <trkpt lat="45.054140053689479827880859375" lon="6.2851089052855968475341796875">
        <ele>1799.800048828125</ele>
        <time>2026-07-27T08:25:02.000Z</time>
        <extensions>
          <ns3:TrackPointExtension>
            <ns3:hr>120</ns3:hr>
            <ns3:cad>0</ns3:cad>
          </ns3:TrackPointExtension>
        </extensions>
      </trkpt>
      <trkpt lat="45.054140053689479827880859375" lon="6.28510974347591400146484375">
        <ele>1799.5999755859375</ele>
        <time>2026-07-27T08:25:07.000Z</time>
        <extensions>
          <ns3:TrackPointExtension>
            <ns3:hr>113</ns3:hr>
            <ns3:cad>0</ns3:cad>
          </ns3:TrackPointExtension>
        </extensions>
      </trkpt>
      <trkpt lat="45.054140053689479827880859375" lon="6.28511033020913600921630859375">
        <ele>1799.5999755859375</ele>
        <time>2026-07-27T08:25:09.000Z</time>
        <extensions>
          <ns3:TrackPointExtension>
            <ns3:hr>109</ns3:hr>
            <ns3:cad>0</ns3:cad>
          </ns3:TrackPointExtension>
        </extensions>
      </trkpt>
      <trkpt lat="45.05414281971752643585205078125" lon="6.285175792872905731201171875">
        <ele>1799.800048828125</ele>
        <time>2026-07-27T08:25:53.000Z</time>
        <extensions>
          <ns3:TrackPointExtension>
            <ns3:hr>112</ns3:hr>
            <ns3:cad>55</ns3:cad>
          </ns3:TrackPointExtension>
        </extensions>
      </trkpt>
      <trkpt lat="45.05413494072854518890380859375" lon="6.28520873375236988067626953125">
        <ele>1800.199951171875</ele>
        <time>2026-07-27T08:25:55.000Z</time>
        <extensions>
          <ns3:TrackPointExtension>
            <ns3:hr>112</ns3:hr>
            <ns3:cad>0</ns3:cad>
          </ns3:TrackPointExtension>
        </extensions>
      </trkpt>
      <trkpt lat="45.05411423742771148681640625" lon="6.28527930937707424163818359375">
        <ele>1800.5999755859375</ele>
        <time>2026-07-27T08:25:59.000Z</time>
        <extensions>
          <ns3:TrackPointExtension>
            <ns3:hr>113</ns3:hr>
            <ns3:cad>0</ns3:cad>
          </ns3:TrackPointExtension>
        </extensions>
      </trkpt>
      <trkpt lat="45.054108202457427978515625" lon="6.28531535156071186065673828125">
        <ele>1800.800048828125</ele>
        <time>2026-07-27T08:26:01.000Z</time>
        <extensions>
          <ns3:TrackPointExtension>
            <ns3:hr>113</ns3:hr>
            <ns3:cad>0</ns3:cad>
          </ns3:TrackPointExtension>
        </extensions>
      </trkpt>
      <trkpt lat="45.05410124547779560089111328125" lon="6.28536648117005825042724609375">
        <ele>1801.5999755859375</ele>
        <time>2026-07-27T08:26:05.000Z</time>
        <extensions>
          <ns3:TrackPointExtension>
            <ns3:hr>116</ns3:hr>
            <ns3:cad>0</ns3:cad>
          </ns3:TrackPointExtension>
        </extensions>
      </trkpt>
      <trkpt lat="45.05410225130617618560791015625" lon="6.285381652414798736572265625">
        <ele>1801.800048828125</ele>
        <time>2026-07-27T08:26:06.000Z</time>
        <extensions>
          <ns3:TrackPointExtension>
            <ns3:hr>117</ns3:hr>
            <ns3:cad>52</ns3:cad>
          </ns3:TrackPointExtension>
        </extensions>
      </trkpt>
      <trkpt lat="45.0541023351252079010009765625" lon="6.28540168516337871551513671875">
        <ele>1802</ele>
        <time>2026-07-27T08:26:07.000Z</time>
        <extensions>
          <ns3:TrackPointExtension>
            <ns3:hr>119</ns3:hr>
            <ns3:cad>52</ns3:cad>
          </ns3:TrackPointExtension>
        </extensions>
      </trkpt>
      <trkpt lat="45.0540999881923198699951171875" lon="6.28541694022715091705322265625">
        <ele>1802</ele>
        <time>2026-07-27T08:26:08.000Z</time>
        <extensions>
          <ns3:TrackPointExtension>
            <ns3:hr>120</ns3:hr>
            <ns3:cad>52</ns3:cad>
          </ns3:TrackPointExtension>
        </extensions>
      </trkpt>
      <trkpt lat="45.05409001372754573822021484375" lon="6.28545952029526233673095703125">
        <ele>1802</ele>
        <time>2026-07-27T08:26:11.000Z</time>
        <extensions>
          <ns3:TrackPointExtension>
            <ns3:hr>123</ns3:hr>
            <ns3:cad>54</ns3:cad>
          </ns3:TrackPointExtension>
        </extensions>
      </trkpt>
      <trkpt lat="45.054095126688480377197265625" lon="6.28549053333699703216552734375">
        <ele>1802</ele>
        <time>2026-07-27T08:26:13.000Z</time>
        <extensions>
          <ns3:TrackPointExtension>
            <ns3:hr>124</ns3:hr>
            <ns3:cad>53</ns3:cad>
          </ns3:TrackPointExtension>
        </extensions>
      </trkpt>
      <trkpt lat="45.05407006479799747467041015625" lon="6.2856185249984264373779296875">
        <ele>1801.5999755859375</ele>
        <time>2026-07-27T08:26:20.000Z</time>
        <extensions>
          <ns3:TrackPointExtension>
            <ns3:hr>126</ns3:hr>
            <ns3:cad>54</ns3:cad>
          </ns3:TrackPointExtension>
        </extensions>
      </trkpt>
      <trkpt lat="45.05405983887612819671630859375" lon="6.285717599093914031982421875">
        <ele>1801.4000244140625</ele>
        <time>2026-07-27T08:26:26.000Z</time>
        <extensions>
          <ns3:TrackPointExtension>
            <ns3:hr>125</ns3:hr>
            <ns3:cad>53</ns3:cad>
          </ns3:TrackPointExtension>
        </extensions>
      </trkpt>
      <trkpt lat="45.05404005758464336395263671875" lon="6.2857932038605213165283203125">
        <ele>1801.4000244140625</ele>
        <time>2026-07-27T08:26:30.000Z</time>
        <extensions>
          <ns3:TrackPointExtension>
            <ns3:hr>131</ns3:hr>
            <ns3:cad>55</ns3:cad>
          </ns3:TrackPointExtension>
        </extensions>
      </trkpt>
      <trkpt lat="45.054032094776630401611328125" lon="6.28582513891160488128662109375">
        <ele>1801.4000244140625</ele>
        <time>2026-07-27T08:26:32.000Z</time>
        <extensions>
          <ns3:TrackPointExtension>
            <ns3:hr>134</ns3:hr>
            <ns3:cad>55</ns3:cad>
          </ns3:TrackPointExtension>
        </extensions>
      </trkpt>
      <trkpt lat="45.05402564071118831634521484375" lon="6.28586319275200366973876953125">
        <ele>1801.5999755859375</ele>
        <time>2026-07-27T08:26:34.000Z</time>
        <extensions>
          <ns3:TrackPointExtension>
            <ns3:hr>134</ns3:hr>
            <ns3:cad>55</ns3:cad>
          </ns3:TrackPointExtension>
        </extensions>
      </trkpt>
      <trkpt lat="45.05402664653956890106201171875" lon="6.28589630126953125">
        <ele>1801.5999755859375</ele>
        <time>2026-07-27T08:26:36.000Z</time>
        <extensions>
          <ns3:TrackPointExtension>
            <ns3:hr>134</ns3:hr>
            <ns3:cad>55</ns3:cad>
          </ns3:TrackPointExtension>
        </extensions>
      </trkpt>
      <trkpt lat="45.0540279038250446319580078125" lon="6.28595472313463687896728515625">
        <ele>1801.800048828125</ele>
        <time>2026-07-27T08:26:40.000Z</time>
        <extensions>
          <ns3:TrackPointExtension>
            <ns3:hr>134</ns3:hr>
            <ns3:cad>55</ns3:cad>
          </ns3:TrackPointExtension>
        </extensions>
      </trkpt>
      <trkpt lat="45.0540156662464141845703125" lon="6.28606067039072513580322265625">
        <ele>1801.800048828125</ele>
        <time>2026-07-27T08:26:45.000Z</time>
        <extensions>
          <ns3:TrackPointExtension>
            <ns3:hr>131</ns3:hr>
            <ns3:cad>55</ns3:cad>
          </ns3:TrackPointExtension>
        </extensions>
      </trkpt>
      <trkpt lat="45.0540022552013397216796875" lon="6.2861288152635097503662109375">
        <ele>1801.800048828125</ele>
        <time>2026-07-27T08:26:49.000Z</time>
        <extensions>
          <ns3:TrackPointExtension>
            <ns3:hr>129</ns3:hr>
            <ns3:cad>55</ns3:cad>
          </ns3:TrackPointExtension>
        </extensions>
      </trkpt>
      <trkpt lat="45.05399630405008792877197265625" lon="6.286168210208415985107421875">
        <ele>1802</ele>
        <time>2026-07-27T08:26:52.000Z</time>
        <extensions>
          <ns3:TrackPointExtension>
            <ns3:hr>129</ns3:hr>
            <ns3:cad>0</ns3:cad>
          </ns3:TrackPointExtension>
        </extensions>
      </trkpt>
      <trkpt lat="45.05399697460234165191650390625" lon="6.28617860376834869384765625">
        <ele>1802</ele>
        <time>2026-07-27T08:26:54.000Z</time>
        <extensions>
          <ns3:TrackPointExtension>
            <ns3:hr>129</ns3:hr>
            <ns3:cad>0</ns3:cad>
          </ns3:TrackPointExtension>
        </extensions>
      </trkpt>
      <trkpt lat="45.054005943238735198974609375" lon="6.2862069346010684967041015625">
        <ele>1801.800048828125</ele>
        <time>2026-07-27T08:26:58.000Z</time>
        <extensions>
          <ns3:TrackPointExtension>
            <ns3:hr>130</ns3:hr>
            <ns3:cad>48</ns3:cad>
          </ns3:TrackPointExtension>
        </extensions>
      </trkpt>
      <trkpt lat="45.053989179432392120361328125" lon="6.2862532027065753936767578125">
        <ele>1802</ele>
        <time>2026-07-27T08:27:01.000Z</time>
        <extensions>
          <ns3:TrackPointExtension>
            <ns3:hr>130</ns3:hr>
            <ns3:cad>0</ns3:cad>
          </ns3:TrackPointExtension>
        </extensions>
      </trkpt>
      <trkpt lat="45.05395674146711826324462890625" lon="6.28633358515799045562744140625">
        <ele>1803.199951171875</ele>
        <time>2026-07-27T08:27:08.000Z</time>
        <extensions>
          <ns3:TrackPointExtension>
            <ns3:hr>129</ns3:hr>
            <ns3:cad>54</ns3:cad>
          </ns3:TrackPointExtension>
        </extensions>
      </trkpt>
      <trkpt lat="45.05393058992922306060791015625" lon="6.28635990433394908905029296875">
        <ele>1803.4000244140625</ele>
        <time>2026-07-27T08:27:11.000Z</time>
        <extensions>
          <ns3:TrackPointExtension>
            <ns3:hr>129</ns3:hr>
            <ns3:cad>54</ns3:cad>
          </ns3:TrackPointExtension>
        </extensions>
      </trkpt>
      <trkpt lat="45.05389706231653690338134765625" lon="6.2864654324948787689208984375">
        <ele>1804.199951171875</ele>
        <time>2026-07-27T08:27:16.000Z</time>
        <extensions>
          <ns3:TrackPointExtension>
            <ns3:hr>131</ns3:hr>
            <ns3:cad>55</ns3:cad>
          </ns3:TrackPointExtension>
        </extensions>
      </trkpt>
      <trkpt lat="45.0538941286504268646240234375" lon="6.28647792153060436248779296875">
        <ele>1804.199951171875</ele>
        <time>2026-07-27T08:27:17.000Z</time>
        <extensions>
          <ns3:TrackPointExtension>
            <ns3:hr>132</ns3:hr>
            <ns3:cad>55</ns3:cad>
          </ns3:TrackPointExtension>
        </extensions>
      </trkpt>
      <trkpt lat="45.05387057550251483917236328125" lon="6.286535672843456268310546875">
        <ele>1804.800048828125</ele>
        <time>2026-07-27T08:27:21.000Z</time>
        <extensions>
          <ns3:TrackPointExtension>
            <ns3:hr>135</ns3:hr>
            <ns3:cad>53</ns3:cad>
          </ns3:TrackPointExtension>
        </extensions>
      </trkpt>
      <trkpt lat="45.0538424961268901824951171875" lon="6.28658856265246868133544921875">
        <ele>1804.4000244140625</ele>
        <time>2026-07-27T08:27:25.000Z</time>
        <extensions>
          <ns3:TrackPointExtension>
            <ns3:hr>137</ns3:hr>
            <ns3:cad>54</ns3:cad>
          </ns3:TrackPointExtension>
        </extensions>
      </trkpt>
      <trkpt lat="45.05380176007747650146484375" lon="6.28667171113193035125732421875">
        <ele>1804.4000244140625</ele>
        <time>2026-07-27T08:27:31.000Z</time>
        <extensions>
          <ns3:TrackPointExtension>
            <ns3:hr>140</ns3:hr>
            <ns3:cad>54</ns3:cad>
          </ns3:TrackPointExtension>
        </extensions>
      </trkpt>
      <trkpt lat="45.053771249949932098388671875" lon="6.286709010601043701171875">
        <ele>1804.4000244140625</ele>
        <time>2026-07-27T08:27:34.000Z</time>
        <extensions>
          <ns3:TrackPointExtension>
            <ns3:hr>140</ns3:hr>
            <ns3:cad>55</ns3:cad>
          </ns3:TrackPointExtension>
        </extensions>
      </trkpt>
      <trkpt lat="45.0536433421075344085693359375" lon="6.28683172166347503662109375">
        <ele>1804.4000244140625</ele>
        <time>2026-07-27T08:27:46.000Z</time>
        <extensions>
          <ns3:TrackPointExtension>
            <ns3:hr>139</ns3:hr>
            <ns3:cad>55</ns3:cad>
          </ns3:TrackPointExtension>
        </extensions>
      </trkpt>
      <trkpt lat="45.05355927161872386932373046875" lon="6.28691621124744415283203125">
        <ele>1804.4000244140625</ele>
        <time>2026-07-27T08:27:55.000Z</time>
        <extensions>
          <ns3:TrackPointExtension>
            <ns3:hr>136</ns3:hr>
            <ns3:cad>55</ns3:cad>
          </ns3:TrackPointExtension>
        </extensions>
      </trkpt>
      <trkpt lat="45.0535075552761554718017578125" lon="6.28696071915328502655029296875">
        <ele>1804.4000244140625</ele>
        <time>2026-07-27T08:28:00.000Z</time>
        <extensions>
          <ns3:TrackPointExtension>
            <ns3:hr>135</ns3:hr>
            <ns3:cad>0</ns3:cad>
          </ns3:TrackPointExtension>
        </extensions>
      </trkpt>
      <trkpt lat="45.053420551121234893798828125" lon="6.287019811570644378662109375">
        <ele>1804.800048828125</ele>
        <time>2026-07-27T08:28:06.000Z</time>
        <extensions>
          <ns3:TrackPointExtension>
            <ns3:hr>135</ns3:hr>
            <ns3:cad>56</ns3:cad>
          </ns3:TrackPointExtension>
        </extensions>
      </trkpt>
      <trkpt lat="45.053297840058803558349609375" lon="6.2871162034571170806884765625">
        <ele>1805.199951171875</ele>
        <time>2026-07-27T08:28:16.000Z</time>
        <extensions>
          <ns3:TrackPointExtension>
            <ns3:hr>135</ns3:hr>
            <ns3:cad>0</ns3:cad>
          </ns3:TrackPointExtension>
        </extensions>
      </trkpt>
      <trkpt lat="45.05326104350388050079345703125" lon="6.28716087900102138519287109375">
        <ele>1805.199951171875</ele>
        <time>2026-07-27T08:28:20.000Z</time>
        <extensions>
          <ns3:TrackPointExtension>
            <ns3:hr>135</ns3:hr>
            <ns3:cad>0</ns3:cad>
          </ns3:TrackPointExtension>
        </extensions>
      </trkpt>
      <trkpt lat="45.05319734103977680206298828125" lon="6.28723581321537494659423828125">
        <ele>1805.4000244140625</ele>
        <time>2026-07-27T08:28:25.000Z</time>
        <extensions>
          <ns3:TrackPointExtension>
            <ns3:hr>136</ns3:hr>
            <ns3:cad>0</ns3:cad>
          </ns3:TrackPointExtension>
        </extensions>
      </trkpt>
      <trkpt lat="45.053078234195709228515625" lon="6.287363804876804351806640625">
        <ele>1805.4000244140625</ele>
        <time>2026-07-27T08:28:35.000Z</time>
        <extensions>
          <ns3:TrackPointExtension>
            <ns3:hr>135</ns3:hr>
            <ns3:cad>0</ns3:cad>
          </ns3:TrackPointExtension>
        </extensions>
      </trkpt>
      <trkpt lat="45.05305878818035125732421875" lon="6.28738316707313060760498046875">
        <ele>1805.5999755859375</ele>
        <time>2026-07-27T08:28:37.000Z</time>
        <extensions>
          <ns3:TrackPointExtension>
            <ns3:hr>130</ns3:hr>
            <ns3:cad>57</ns3:cad>
          </ns3:TrackPointExtension>
        </extensions>
      </trkpt>
      <trkpt lat="45.05301210097968578338623046875" lon="6.287445612251758575439453125">
        <ele>1805.800048828125</ele>
        <time>2026-07-27T08:28:42.000Z</time>
        <extensions>
          <ns3:TrackPointExtension>
            <ns3:hr>129</ns3:hr>
            <ns3:cad>0</ns3:cad>
          </ns3:TrackPointExtension>
        </extensions>
      </trkpt>
      <trkpt lat="45.0529922358691692352294921875" lon="6.287469081580638885498046875">
        <ele>1805.800048828125</ele>
        <time>2026-07-27T08:28:44.000Z</time>
        <extensions>
          <ns3:TrackPointExtension>
            <ns3:hr>131</ns3:hr>
            <ns3:cad>0</ns3:cad>
          </ns3:TrackPointExtension>
        </extensions>
      </trkpt>
      <trkpt lat="45.05288201384246349334716796875" lon="6.28762607462704181671142578125">
        <ele>1806</ele>
        <time>2026-07-27T08:28:56.000Z</time>
        <extensions>
          <ns3:TrackPointExtension>
            <ns3:hr>132</ns3:hr>
            <ns3:cad>57</ns3:cad>
          </ns3:TrackPointExtension>
        </extensions>
      </trkpt>
      <trkpt lat="45.05281814374029636383056640625" lon="6.2877461872994899749755859375">
        <ele>1806.199951171875</ele>
        <time>2026-07-27T08:29:04.000Z</time>
        <extensions>
          <ns3:TrackPointExtension>
            <ns3:hr>133</ns3:hr>
            <ns3:cad>56</ns3:cad>
          </ns3:TrackPointExtension>
        </extensions>
      </trkpt>
      <trkpt lat="45.05279467441141605377197265625" lon="6.287783570587635040283203125">
        <ele>1806.4000244140625</ele>
        <time>2026-07-27T08:29:06.000Z</time>
        <extensions>
          <ns3:TrackPointExtension>
            <ns3:hr>133</ns3:hr>
            <ns3:cad>57</ns3:cad>
          </ns3:TrackPointExtension>
        </extensions>
      </trkpt>
      <trkpt lat="45.0527367554605007171630859375" lon="6.2878756038844585418701171875">
        <ele>1806.5999755859375</ele>
        <time>2026-07-27T08:29:12.000Z</time>
        <extensions>
          <ns3:TrackPointExtension>
            <ns3:hr>136</ns3:hr>
            <ns3:cad>57</ns3:cad>
          </ns3:TrackPointExtension>
        </extensions>
      </trkpt>
      <trkpt lat="45.0527028925716876983642578125" lon="6.28795313648879528045654296875">
        <ele>1806.800048828125</ele>
        <time>2026-07-27T08:29:17.000Z</time>
        <extensions>
          <ns3:TrackPointExtension>
            <ns3:hr>137</ns3:hr>
            <ns3:cad>57</ns3:cad>
          </ns3:TrackPointExtension>
        </extensions>
      </trkpt>
      <trkpt lat="45.052625946700572967529296875" lon="6.28814072348177433013916015625">
        <ele>1807</ele>
        <time>2026-07-27T08:29:28.000Z</time>
        <extensions>
          <ns3:TrackPointExtension>
            <ns3:hr>138</ns3:hr>
            <ns3:cad>57</ns3:cad>
          </ns3:TrackPointExtension>
        </extensions>
      </trkpt>
      <trkpt lat="45.05256123840808868408203125" lon="6.28828279674053192138671875">
        <ele>1807.199951171875</ele>
        <time>2026-07-27T08:29:37.000Z</time>
        <extensions>
          <ns3:TrackPointExtension>
            <ns3:hr>138</ns3:hr>
            <ns3:cad>56</ns3:cad>
          </ns3:TrackPointExtension>
        </extensions>
      </trkpt>
      <trkpt lat="45.0524849630892276763916015625" lon="6.28840341232717037200927734375">
        <ele>1807.5999755859375</ele>
        <time>2026-07-27T08:29:45.000Z</time>
        <extensions>
          <ns3:TrackPointExtension>
            <ns3:hr>141</ns3:hr>
            <ns3:cad>57</ns3:cad>
          </ns3:TrackPointExtension>
        </extensions>
      </trkpt>
      <trkpt lat="45.05243727006018161773681640625" lon="6.28846208564937114715576171875">
        <ele>1808</ele>
        <time>2026-07-27T08:29:49.000Z</time>
        <extensions>
          <ns3:TrackPointExtension>
            <ns3:hr>141</ns3:hr>
            <ns3:cad>57</ns3:cad>
          </ns3:TrackPointExtension>
        </extensions>
      </trkpt>
      <trkpt lat="45.05231740884482860565185546875" lon="6.2885568849742412567138671875">
        <ele>1808</ele>
        <time>2026-07-27T08:29:59.000Z</time>
        <extensions>
          <ns3:TrackPointExtension>
            <ns3:hr>142</ns3:hr>
            <ns3:cad>0</ns3:cad>
          </ns3:TrackPointExtension>
        </extensions>
      </trkpt>
      <trkpt lat="45.0522780977189540863037109375" lon="6.28859661519527435302734375">
        <ele>1808.4000244140625</ele>
        <time>2026-07-27T08:30:03.000Z</time>
        <extensions>
          <ns3:TrackPointExtension>
            <ns3:hr>141</ns3:hr>
            <ns3:cad>59</ns3:cad>
          </ns3:TrackPointExtension>
        </extensions>
      </trkpt>
      <trkpt lat="45.05221255123615264892578125" lon="6.28863709978759288787841796875">
        <ele>1808.5999755859375</ele>
        <time>2026-07-27T08:30:08.000Z</time>
        <extensions>
          <ns3:TrackPointExtension>
            <ns3:hr>141</ns3:hr>
            <ns3:cad>56</ns3:cad>
          </ns3:TrackPointExtension>
        </extensions>
      </trkpt>
      <trkpt lat="45.05207969807088375091552734375" lon="6.28868537954986095428466796875">
        <ele>1808.4000244140625</ele>
        <time>2026-07-27T08:30:17.000Z</time>
        <extensions>
          <ns3:TrackPointExtension>
            <ns3:hr>144</ns3:hr>
            <ns3:cad>59</ns3:cad>
          </ns3:TrackPointExtension>
        </extensions>
      </trkpt>
      <trkpt lat="45.05206662230193614959716796875" lon="6.28869024105370044708251953125">
        <ele>1808.199951171875</ele>
        <time>2026-07-27T08:30:18.000Z</time>
        <extensions>
          <ns3:TrackPointExtension>
            <ns3:hr>144</ns3:hr>
            <ns3:cad>59</ns3:cad>
          </ns3:TrackPointExtension>
        </extensions>
      </trkpt>
      <trkpt lat="45.0520092062652111053466796875" lon="6.28869040869176387786865234375">
        <ele>1808.4000244140625</ele>
        <time>2026-07-27T08:30:22.000Z</time>
        <extensions>
          <ns3:TrackPointExtension>
            <ns3:hr>141</ns3:hr>
            <ns3:cad>55</ns3:cad>
          </ns3:TrackPointExtension>
        </extensions>
      </trkpt>
      <trkpt lat="45.05196168087422847747802734375" lon="6.28869677893817424774169921875">
        <ele>1808.4000244140625</ele>
        <time>2026-07-27T08:30:26.000Z</time>
        <extensions>
          <ns3:TrackPointExtension>
            <ns3:hr>140</ns3:hr>
            <ns3:cad>59</ns3:cad>
          </ns3:TrackPointExtension>
        </extensions>
      </trkpt>
      <trkpt lat="45.05183813162147998809814453125" lon="6.2887246906757354736328125">
        <ele>1808.4000244140625</ele>
        <time>2026-07-27T08:30:36.000Z</time>
        <extensions>
          <ns3:TrackPointExtension>
            <ns3:hr>138</ns3:hr>
            <ns3:cad>57</ns3:cad>
          </ns3:TrackPointExtension>
        </extensions>
      </trkpt>
      <trkpt lat="45.05173402838408946990966796875" lon="6.28874371759593486785888671875">
        <ele>1808.5999755859375</ele>
        <time>2026-07-27T08:30:44.000Z</time>
        <extensions>
          <ns3:TrackPointExtension>
            <ns3:hr>138</ns3:hr>
            <ns3:cad>0</ns3:cad>
          </ns3:TrackPointExtension>
        </extensions>
      </trkpt>
      <trkpt lat="45.05164216272532939910888671875" lon="6.28875092603266239166259765625">
        <ele>1809</ele>
        <time>2026-07-27T08:30:52.000Z</time>
        <extensions>
          <ns3:TrackPointExtension>
            <ns3:hr>137</ns3:hr>
            <ns3:cad>0</ns3:cad>
          </ns3:TrackPointExtension>
        </extensions>
      </trkpt>
      <trkpt lat="45.0515480339527130126953125" lon="6.288782022893428802490234375">
        <ele>1809.199951171875</ele>
        <time>2026-07-27T08:31:00.000Z</time>
        <extensions>
          <ns3:TrackPointExtension>
            <ns3:hr>135</ns3:hr>
            <ns3:cad>0</ns3:cad>
          </ns3:TrackPointExtension>
        </extensions>
      </trkpt>
      <trkpt lat="45.05152313970029354095458984375" lon="6.28878973424434661865234375">
        <ele>1809.4000244140625</ele>
        <time>2026-07-27T08:31:02.000Z</time>
        <extensions>
          <ns3:TrackPointExtension>
            <ns3:hr>135</ns3:hr>
            <ns3:cad>56</ns3:cad>
          </ns3:TrackPointExtension>
        </extensions>
      </trkpt>
      <trkpt lat="45.05144149996340274810791015625" lon="6.28880490548908710479736328125">
        <ele>1810</ele>
        <time>2026-07-27T08:31:08.000Z</time>
        <extensions>
          <ns3:TrackPointExtension>
            <ns3:hr>138</ns3:hr>
            <ns3:cad>56</ns3:cad>
          </ns3:TrackPointExtension>
        </extensions>
      </trkpt>
      <trkpt lat="45.05139372311532497406005859375" lon="6.28882284276187419891357421875">
        <ele>1810.800048828125</ele>
        <time>2026-07-27T08:31:12.000Z</time>
        <extensions>
          <ns3:TrackPointExtension>
            <ns3:hr>139</ns3:hr>
            <ns3:cad>0</ns3:cad>
          </ns3:TrackPointExtension>
        </extensions>
      </trkpt>
      <trkpt lat="45.05134996958076953887939453125" lon="6.2888398580253124237060546875">
        <ele>1811.199951171875</ele>
        <time>2026-07-27T08:31:16.000Z</time>
        <extensions>
          <ns3:TrackPointExtension>
            <ns3:hr>142</ns3:hr>
            <ns3:cad>0</ns3:cad>
          </ns3:TrackPointExtension>
        </extensions>
      </trkpt>
      <trkpt lat="45.05130101926624774932861328125" lon="6.28886022605001926422119140625">
        <ele>1811.4000244140625</ele>
        <time>2026-07-27T08:31:21.000Z</time>
        <extensions>
          <ns3:TrackPointExtension>
            <ns3:hr>143</ns3:hr>
            <ns3:cad>58</ns3:cad>
          </ns3:TrackPointExtension>
        </extensions>
      </trkpt>
      <trkpt lat="45.05124418996274471282958984375" lon="6.28889408893883228302001953125">
        <ele>1812</ele>
        <time>2026-07-27T08:31:25.000Z</time>
        <extensions>
          <ns3:TrackPointExtension>
            <ns3:hr>144</ns3:hr>
            <ns3:cad>56</ns3:cad>
          </ns3:TrackPointExtension>
        </extensions>
      </trkpt>
      <trkpt lat="45.05118819884955883026123046875" lon="6.28892644308507442474365234375">
        <ele>1812.5999755859375</ele>
        <time>2026-07-27T08:31:30.000Z</time>
        <extensions>
          <ns3:TrackPointExtension>
            <ns3:hr>145</ns3:hr>
            <ns3:cad>55</ns3:cad>
          </ns3:TrackPointExtension>
        </extensions>
      </trkpt>
      <trkpt lat="45.05115198902785778045654296875" lon="6.28894932568073272705078125">
        <ele>1813.199951171875</ele>
        <time>2026-07-27T08:31:34.000Z</time>
        <extensions>
          <ns3:TrackPointExtension>
            <ns3:hr>146</ns3:hr>
            <ns3:cad>55</ns3:cad>
          </ns3:TrackPointExtension>
        </extensions>
      </trkpt>
      <trkpt lat="45.05109599791467189788818359375" lon="6.28897287882864475250244140625">
        <ele>1813.5999755859375</ele>
        <time>2026-07-27T08:31:38.000Z</time>
        <extensions>
          <ns3:TrackPointExtension>
            <ns3:hr>146</ns3:hr>
            <ns3:cad>54</ns3:cad>
          </ns3:TrackPointExtension>
        </extensions>
      </trkpt>
      <trkpt lat="45.0510680861771106719970703125" lon="6.2890017963945865631103515625">
        <ele>1814</ele>
        <time>2026-07-27T08:31:41.000Z</time>
        <extensions>
          <ns3:TrackPointExtension>
            <ns3:hr>149</ns3:hr>
            <ns3:cad>56</ns3:cad>
          </ns3:TrackPointExtension>
        </extensions>
      </trkpt>
      <trkpt lat="45.05105777643620967864990234375" lon="6.28901529125869274139404296875">
        <ele>1814.4000244140625</ele>
        <time>2026-07-27T08:31:42.000Z</time>
        <extensions>
          <ns3:TrackPointExtension>
            <ns3:hr>150</ns3:hr>
            <ns3:cad>55</ns3:cad>
          </ns3:TrackPointExtension>
        </extensions>
      </trkpt>
      <trkpt lat="45.05098351277410984039306640625" lon="6.2890906445682048797607421875">
        <ele>1815.4000244140625</ele>
        <time>2026-07-27T08:31:49.000Z</time>
        <extensions>
          <ns3:TrackPointExtension>
            <ns3:hr>151</ns3:hr>
            <ns3:cad>55</ns3:cad>
          </ns3:TrackPointExtension>
        </extensions>
      </trkpt>
      <trkpt lat="45.05088594742119312286376953125" lon="6.28912643529474735260009765625">
        <ele>1816.5999755859375</ele>
        <time>2026-07-27T08:31:57.000Z</time>
        <extensions>
          <ns3:TrackPointExtension>
            <ns3:hr>151</ns3:hr>
            <ns3:cad>56</ns3:cad>
          </ns3:TrackPointExtension>
        </extensions>
      </trkpt>
      <trkpt lat="45.05084328353404998779296875" lon="6.28912626765668392181396484375">
        <ele>1816.800048828125</ele>
        <time>2026-07-27T08:32:00.000Z</time>
        <extensions>
          <ns3:TrackPointExtension>
            <ns3:hr>153</ns3:hr>
            <ns3:cad>56</ns3:cad>
          </ns3:TrackPointExtension>
        </extensions>
      </trkpt>
      <trkpt lat="45.0507562793791294097900390625" lon="6.289115287363529205322265625">
        <ele>1817.4000244140625</ele>
        <time>2026-07-27T08:32:06.000Z</time>
        <extensions>
          <ns3:TrackPointExtension>
            <ns3:hr>156</ns3:hr>
            <ns3:cad>55</ns3:cad>
          </ns3:TrackPointExtension>
        </extensions>
      </trkpt>
      <trkpt lat="45.05074194632470607757568359375" lon="6.28910891711711883544921875">
        <ele>1817.5999755859375</ele>
        <time>2026-07-27T08:32:07.000Z</time>
        <extensions>
          <ns3:TrackPointExtension>
            <ns3:hr>156</ns3:hr>
            <ns3:cad>57</ns3:cad>
          </ns3:TrackPointExtension>
        </extensions>
      </trkpt>
      <trkpt lat="45.05069970153272151947021484375" lon="6.2891042232513427734375">
        <ele>1817.5999755859375</ele>
        <time>2026-07-27T08:32:10.000Z</time>
        <extensions>
          <ns3:TrackPointExtension>
            <ns3:hr>157</ns3:hr>
            <ns3:cad>57</ns3:cad>
          </ns3:TrackPointExtension>
        </extensions>
      </trkpt>
      <trkpt lat="45.050564669072628021240234375" lon="6.28910497762262821197509765625">
        <ele>1818.5999755859375</ele>
        <time>2026-07-27T08:32:21.000Z</time>
        <extensions>
          <ns3:TrackPointExtension>
            <ns3:hr>155</ns3:hr>
            <ns3:cad>51</ns3:cad>
          </ns3:TrackPointExtension>
        </extensions>
      </trkpt>
      <trkpt lat="45.0505614839494228363037109375" lon="6.2891037203371524810791015625">
        <ele>1818.5999755859375</ele>
        <time>2026-07-27T08:32:22.000Z</time>
        <extensions>
          <ns3:TrackPointExtension>
            <ns3:hr>155</ns3:hr>
            <ns3:cad>51</ns3:cad>
          </ns3:TrackPointExtension>
        </extensions>
      </trkpt>
      <trkpt lat="45.05055570043623447418212890625" lon="6.2891057319939136505126953125">
        <ele>1818.800048828125</ele>
        <time>2026-07-27T08:32:25.000Z</time>
        <extensions>
          <ns3:TrackPointExtension>
            <ns3:hr>154</ns3:hr>
            <ns3:cad>0</ns3:cad>
          </ns3:TrackPointExtension>
        </extensions>
      </trkpt>
      <trkpt lat="45.05055335350334644317626953125" lon="6.28909927792847156524658203125">
        <ele>1818.800048828125</ele>
        <time>2026-07-27T08:32:31.000Z</time>
        <extensions>
          <ns3:TrackPointExtension>
            <ns3:hr>155</ns3:hr>
            <ns3:cad>0</ns3:cad>
          </ns3:TrackPointExtension>
        </extensions>
      </trkpt>
      <trkpt lat="45.050553269684314727783203125" lon="6.28909911029040813446044921875">
        <ele>1818.4000244140625</ele>
        <time>2026-07-27T08:32:36.000Z</time>
        <extensions>
          <ns3:TrackPointExtension>
            <ns3:hr>152</ns3:hr>
            <ns3:cad>0</ns3:cad>
          </ns3:TrackPointExtension>
        </extensions>
      </trkpt>
      <trkpt lat="45.050553269684314727783203125" lon="6.28909911029040813446044921875">
        <ele>1818.5999755859375</ele>
        <time>2026-07-27T08:32:39.000Z</time>
        <extensions>
          <ns3:TrackPointExtension>
            <ns3:hr>149</ns3:hr>
            <ns3:cad>0</ns3:cad>
          </ns3:TrackPointExtension>
        </extensions>
      </trkpt>
      <trkpt lat="45.050553269684314727783203125" lon="6.28909911029040813446044921875">
        <ele>1818.5999755859375</ele>
        <time>2026-07-27T08:32:42.000Z</time>
        <extensions>
          <ns3:TrackPointExtension>
            <ns3:hr>146</ns3:hr>
            <ns3:cad>0</ns3:cad>
          </ns3:TrackPointExtension>
        </extensions>
      </trkpt>
      <trkpt lat="45.05055335350334644317626953125" lon="6.289099194109439849853515625">
        <ele>1818.199951171875</ele>
        <time>2026-07-27T08:32:45.000Z</time>
        <extensions>
          <ns3:TrackPointExtension>
            <ns3:hr>143</ns3:hr>
            <ns3:cad>0</ns3:cad>
          </ns3:TrackPointExtension>
        </extensions>
      </trkpt>
      <trkpt lat="45.05055419169366359710693359375" lon="6.28909952938556671142578125">
        <ele>1818.199951171875</ele>
        <time>2026-07-27T08:32:47.000Z</time>
        <extensions>
          <ns3:TrackPointExtension>
            <ns3:hr>140</ns3:hr>
            <ns3:cad>0</ns3:cad>
          </ns3:TrackPointExtension>
        </extensions>
      </trkpt>
      <trkpt lat="45.0504981167614459991455078125" lon="6.28912023268640041351318359375">
        <ele>1818.199951171875</ele>
        <time>2026-07-27T08:32:57.000Z</time>
        <extensions>
          <ns3:TrackPointExtension>
            <ns3:hr>137</ns3:hr>
            <ns3:cad>53</ns3:cad>
          </ns3:TrackPointExtension>
        </extensions>
      </trkpt>
      <trkpt lat="45.05033860914409160614013671875" lon="6.2891737930476665496826171875">
        <ele>1819.199951171875</ele>
        <time>2026-07-27T08:33:09.000Z</time>
        <extensions>
          <ns3:TrackPointExtension>
            <ns3:hr>137</ns3:hr>
            <ns3:cad>0</ns3:cad>
          </ns3:TrackPointExtension>
        </extensions>
      </trkpt>
      <trkpt lat="45.05024489946663379669189453125" lon="6.28919768147170543670654296875">
        <ele>1819.5999755859375</ele>
        <time>2026-07-27T08:33:17.000Z</time>
        <extensions>
          <ns3:TrackPointExtension>
            <ns3:hr>138</ns3:hr>
            <ns3:cad>55</ns3:cad>
          </ns3:TrackPointExtension>
        </extensions>
      </trkpt>
      <trkpt lat="45.0501380302011966705322265625" lon="6.28922760486602783203125">
        <ele>1820.800048828125</ele>
        <time>2026-07-27T08:33:27.000Z</time>
        <extensions>
          <ns3:TrackPointExtension>
            <ns3:hr>140</ns3:hr>
            <ns3:cad>53</ns3:cad>
          </ns3:TrackPointExtension>
        </extensions>
      </trkpt>
      <trkpt lat="45.05011447705328464508056640625" lon="6.28923657350242137908935546875">
        <ele>1821</ele>
        <time>2026-07-27T08:33:29.000Z</time>
        <extensions>
          <ns3:TrackPointExtension>
            <ns3:hr>141</ns3:hr>
            <ns3:cad>53</ns3:cad>
          </ns3:TrackPointExtension>
        </extensions>
      </trkpt>
      <trkpt lat="45.05005228333175182342529296875" lon="6.289267502725124359130859375">
        <ele>1821.5999755859375</ele>
        <time>2026-07-27T08:33:34.000Z</time>
        <extensions>
          <ns3:TrackPointExtension>
            <ns3:hr>144</ns3:hr>
            <ns3:cad>53</ns3:cad>
          </ns3:TrackPointExtension>
        </extensions>
      </trkpt>
      <trkpt lat="45.05004306323826313018798828125" lon="6.28926716744899749755859375">
        <ele>1821.5999755859375</ele>
        <time>2026-07-27T08:33:35.000Z</time>
        <extensions>
          <ns3:TrackPointExtension>
            <ns3:hr>147</ns3:hr>
            <ns3:cad>53</ns3:cad>
          </ns3:TrackPointExtension>
        </extensions>
      </trkpt>
      <trkpt lat="45.050020851194858551025390625" lon="6.28927211277186870574951171875">
        <ele>1821.800048828125</ele>
        <time>2026-07-27T08:33:37.000Z</time>
        <extensions>
          <ns3:TrackPointExtension>
            <ns3:hr>149</ns3:hr>
            <ns3:cad>53</ns3:cad>
          </ns3:TrackPointExtension>
        </extensions>
      </trkpt>
      <trkpt lat="45.0499958731234073638916015625" lon="6.28928191959857940673828125">
        <ele>1822</ele>
        <time>2026-07-27T08:33:39.000Z</time>
        <extensions>
          <ns3:TrackPointExtension>
            <ns3:hr>149</ns3:hr>
            <ns3:cad>53</ns3:cad>
          </ns3:TrackPointExtension>
        </extensions>
      </trkpt>
      <trkpt lat="45.0499009899795055389404296875" lon="6.2893169559538364410400390625">
        <ele>1822.800048828125</ele>
        <time>2026-07-27T08:33:47.000Z</time>
        <extensions>
          <ns3:TrackPointExtension>
            <ns3:hr>151</ns3:hr>
            <ns3:cad>53</ns3:cad>
          </ns3:TrackPointExtension>
        </extensions>
      </trkpt>
      <trkpt lat="45.04985815845429897308349609375" lon="6.28933045081794261932373046875">
        <ele>1823.4000244140625</ele>
        <time>2026-07-27T08:33:51.000Z</time>
        <extensions>
          <ns3:TrackPointExtension>
            <ns3:hr>152</ns3:hr>
            <ns3:cad>53</ns3:cad>
          </ns3:TrackPointExtension>
        </extensions>
      </trkpt>
      <trkpt lat="45.04982111044228076934814453125" lon="6.2893347255885601043701171875">
        <ele>1823.800048828125</ele>
        <time>2026-07-27T08:33:54.000Z</time>
        <extensions>
          <ns3:TrackPointExtension>
            <ns3:hr>154</ns3:hr>
            <ns3:cad>54</ns3:cad>
          </ns3:TrackPointExtension>
        </extensions>
      </trkpt>
      <trkpt lat="45.04977576434612274169921875" lon="6.28935626707971096038818359375">
        <ele>1824.199951171875</ele>
        <time>2026-07-27T08:33:58.000Z</time>
        <extensions>
          <ns3:TrackPointExtension>
            <ns3:hr>157</ns3:hr>
            <ns3:cad>54</ns3:cad>
          </ns3:TrackPointExtension>
        </extensions>
      </trkpt>
      <trkpt lat="45.04974265582859516143798828125" lon="6.2893588654696941375732421875">
        <ele>1824.5999755859375</ele>
        <time>2026-07-27T08:34:01.000Z</time>
        <extensions>
          <ns3:TrackPointExtension>
            <ns3:hr>157</ns3:hr>
            <ns3:cad>54</ns3:cad>
          </ns3:TrackPointExtension>
        </extensions>
      </trkpt>
      <trkpt lat="45.04967861808836460113525390625" lon="6.2893756292760372161865234375">
        <ele>1825</ele>
        <time>2026-07-27T08:34:06.000Z</time>
        <extensions>
          <ns3:TrackPointExtension>
            <ns3:hr>159</ns3:hr>
            <ns3:cad>54</ns3:cad>
          </ns3:TrackPointExtension>
        </extensions>
      </trkpt>
      <trkpt lat="45.0496307574212551116943359375" lon="6.2893920578062534332275390625">
        <ele>1825</ele>
        <time>2026-07-27T08:34:11.000Z</time>
        <extensions>
          <ns3:TrackPointExtension>
            <ns3:hr>160</ns3:hr>
            <ns3:cad>54</ns3:cad>
          </ns3:TrackPointExtension>
        </extensions>
      </trkpt>
      <trkpt lat="45.04957669414579868316650390625" lon="6.289408989250659942626953125">
        <ele>1826</ele>
        <time>2026-07-27T08:34:16.000Z</time>
        <extensions>
          <ns3:TrackPointExtension>
            <ns3:hr>159</ns3:hr>
            <ns3:cad>53</ns3:cad>
          </ns3:TrackPointExtension>
        </extensions>
      </trkpt>
      <trkpt lat="45.04950729198753833770751953125" lon="6.289437152445316314697265625">
        <ele>1826.800048828125</ele>
        <time>2026-07-27T08:34:22.000Z</time>
        <extensions>
          <ns3:TrackPointExtension>
            <ns3:hr>160</ns3:hr>
            <ns3:cad>52</ns3:cad>
          </ns3:TrackPointExtension>
        </extensions>
      </trkpt>
      <trkpt lat="45.049482397735118865966796875" lon="6.28944930620491504669189453125">
        <ele>1827</ele>
        <time>2026-07-27T08:34:24.000Z</time>
        <extensions>
          <ns3:TrackPointExtension>
            <ns3:hr>159</ns3:hr>
            <ns3:cad>54</ns3:cad>
          </ns3:TrackPointExtension>
        </extensions>
      </trkpt>
      <trkpt lat="45.04939983598887920379638671875" lon="6.2894738651812076568603515625">
        <ele>1828</ele>
        <time>2026-07-27T08:34:32.000Z</time>
        <extensions>
          <ns3:TrackPointExtension>
            <ns3:hr>160</ns3:hr>
            <ns3:cad>54</ns3:cad>
          </ns3:TrackPointExtension>
        </extensions>
      </trkpt>
      <trkpt lat="45.04929254762828350067138671875" lon="6.289514936506748199462890625">
        <ele>1829.199951171875</ele>
        <time>2026-07-27T08:34:41.000Z</time>
        <extensions>
          <ns3:TrackPointExtension>
            <ns3:hr>159</ns3:hr>
            <ns3:cad>54</ns3:cad>
          </ns3:TrackPointExtension>
        </extensions>
      </trkpt>
      <trkpt lat="45.0492586009204387664794921875" lon="6.2895241566002368927001953125">
        <ele>1829.5999755859375</ele>
        <time>2026-07-27T08:34:44.000Z</time>
        <extensions>
          <ns3:TrackPointExtension>
            <ns3:hr>158</ns3:hr>
            <ns3:cad>54</ns3:cad>
          </ns3:TrackPointExtension>
        </extensions>
      </trkpt>
      <trkpt lat="45.04919548518955707550048828125" lon="6.28955156542360782623291015625">
        <ele>1830.199951171875</ele>
        <time>2026-07-27T08:34:50.000Z</time>
        <extensions>
          <ns3:TrackPointExtension>
            <ns3:hr>160</ns3:hr>
            <ns3:cad>53</ns3:cad>
          </ns3:TrackPointExtension>
        </extensions>
      </trkpt>
      <trkpt lat="45.04915307275950908660888671875" lon="6.28956162370741367340087890625">
        <ele>1831</ele>
        <time>2026-07-27T08:34:54.000Z</time>
        <extensions>
          <ns3:TrackPointExtension>
            <ns3:hr>159</ns3:hr>
            <ns3:cad>54</ns3:cad>
          </ns3:TrackPointExtension>
        </extensions>
      </trkpt>
      <trkpt lat="45.049126334488391876220703125" lon="6.28957117907702922821044921875">
        <ele>1831.199951171875</ele>
        <time>2026-07-27T08:34:57.000Z</time>
        <extensions>
          <ns3:TrackPointExtension>
            <ns3:hr>159</ns3:hr>
            <ns3:cad>53</ns3:cad>
          </ns3:TrackPointExtension>
        </extensions>
      </trkpt>
      <trkpt lat="45.0490842573344707489013671875" lon="6.28958341665565967559814453125">
        <ele>1832.4000244140625</ele>
        <time>2026-07-27T08:35:01.000Z</time>
        <extensions>
          <ns3:TrackPointExtension>
            <ns3:hr>159</ns3:hr>
            <ns3:cad>52</ns3:cad>
          </ns3:TrackPointExtension>
        </extensions>
      </trkpt>
      <trkpt lat="45.04906137473881244659423828125" lon="6.2895959056913852691650390625">
        <ele>1832.5999755859375</ele>
        <time>2026-07-27T08:35:03.000Z</time>
        <extensions>
          <ns3:TrackPointExtension>
            <ns3:hr>159</ns3:hr>
            <ns3:cad>53</ns3:cad>
          </ns3:TrackPointExtension>
        </extensions>
      </trkpt>
      <trkpt lat="45.0489779748022556304931640625" lon="6.28965298645198345184326171875">
        <ele>1833.4000244140625</ele>
        <time>2026-07-27T08:35:11.000Z</time>
        <extensions>
          <ns3:TrackPointExtension>
            <ns3:hr>160</ns3:hr>
            <ns3:cad>54</ns3:cad>
          </ns3:TrackPointExtension>
        </extensions>
      </trkpt>
      <trkpt lat="45.048967413604259490966796875" lon="6.28966036252677440643310546875">
        <ele>1833.4000244140625</ele>
        <time>2026-07-27T08:35:12.000Z</time>
        <extensions>
          <ns3:TrackPointExtension>
            <ns3:hr>160</ns3:hr>
            <ns3:cad>54</ns3:cad>
          </ns3:TrackPointExtension>
        </extensions>
      </trkpt>
      <trkpt lat="45.04892810247838497161865234375" lon="6.2896850891411304473876953125">
        <ele>1834.4000244140625</ele>
        <time>2026-07-27T08:35:16.000Z</time>
        <extensions>
          <ns3:TrackPointExtension>
            <ns3:hr>160</ns3:hr>
            <ns3:cad>52</ns3:cad>
          </ns3:TrackPointExtension>
        </extensions>
      </trkpt>
      <trkpt lat="45.04886674694716930389404296875" lon="6.2897479534149169921875">
        <ele>1835.199951171875</ele>
        <time>2026-07-27T08:35:22.000Z</time>
        <extensions>
          <ns3:TrackPointExtension>
            <ns3:hr>161</ns3:hr>
            <ns3:cad>53</ns3:cad>
          </ns3:TrackPointExtension>
        </extensions>
      </trkpt>
      <trkpt lat="45.048837326467037200927734375" lon="6.28977938555181026458740234375">
        <ele>1835.5999755859375</ele>
        <time>2026-07-27T08:35:25.000Z</time>
        <extensions>
          <ns3:TrackPointExtension>
            <ns3:hr>163</ns3:hr>
            <ns3:cad>53</ns3:cad>
          </ns3:TrackPointExtension>
        </extensions>
      </trkpt>
      <trkpt lat="45.04876968450844287872314453125" lon="6.28986974246799945831298828125">
        <ele>1836.5999755859375</ele>
        <time>2026-07-27T08:35:33.000Z</time>
        <extensions>
          <ns3:TrackPointExtension>
            <ns3:hr>165</ns3:hr>
            <ns3:cad>52</ns3:cad>
          </ns3:TrackPointExtension>
        </extensions>
      </trkpt>
      <trkpt lat="45.0486887991428375244140625" lon="6.290076859295368194580078125">
        <ele>1837.199951171875</ele>
        <time>2026-07-27T08:35:46.000Z</time>
        <extensions>
          <ns3:TrackPointExtension>
            <ns3:hr>165</ns3:hr>
            <ns3:cad>56</ns3:cad>
          </ns3:TrackPointExtension>
        </extensions>
      </trkpt>
      <trkpt lat="45.0486660003662109375" lon="6.29018574021756649017333984375">
        <ele>1837.199951171875</ele>
        <time>2026-07-27T08:35:54.000Z</time>
        <extensions>
          <ns3:TrackPointExtension>
            <ns3:hr>163</ns3:hr>
            <ns3:cad>55</ns3:cad>
          </ns3:TrackPointExtension>
        </extensions>
      </trkpt>
      <trkpt lat="45.04867203533649444580078125" lon="6.2901809625327587127685546875">
        <ele>1837.800048828125</ele>
        <time>2026-07-27T08:35:59.000Z</time>
        <extensions>
          <ns3:TrackPointExtension>
            <ns3:hr>161</ns3:hr>
            <ns3:cad>0</ns3:cad>
          </ns3:TrackPointExtension>
        </extensions>
      </trkpt>
      <trkpt lat="45.04867136478424072265625" lon="6.29018389619886875152587890625">
        <ele>1837.800048828125</ele>
        <time>2026-07-27T08:36:02.000Z</time>
        <extensions>
          <ns3:TrackPointExtension>
            <ns3:hr>160</ns3:hr>
            <ns3:cad>0</ns3:cad>
          </ns3:TrackPointExtension>
        </extensions>
      </trkpt>
      <trkpt lat="45.04867027513682842254638671875" lon="6.2901973910629749298095703125">
        <ele>1838</ele>
        <time>2026-07-27T08:36:07.000Z</time>
        <extensions>
          <ns3:TrackPointExtension>
            <ns3:hr>157</ns3:hr>
            <ns3:cad>0</ns3:cad>
          </ns3:TrackPointExtension>
        </extensions>
      </trkpt>
      <trkpt lat="45.0486700236797332763671875" lon="6.29019747488200664520263671875">
        <ele>1838</ele>
        <time>2026-07-27T08:36:09.000Z</time>
        <extensions>
          <ns3:TrackPointExtension>
            <ns3:hr>155</ns3:hr>
            <ns3:cad>0</ns3:cad>
          </ns3:TrackPointExtension>
        </extensions>
      </trkpt>
      <trkpt lat="45.0486700236797332763671875" lon="6.29019747488200664520263671875">
        <ele>1837.5999755859375</ele>
        <time>2026-07-27T08:36:12.000Z</time>
        <extensions>
          <ns3:TrackPointExtension>
            <ns3:hr>152</ns3:hr>
            <ns3:cad>0</ns3:cad>
          </ns3:TrackPointExtension>
        </extensions>
      </trkpt>
      <trkpt lat="45.04864898510277271270751953125" lon="6.29022915847599506378173828125">
        <ele>1837</ele>
        <time>2026-07-27T08:36:19.000Z</time>
        <extensions>
          <ns3:TrackPointExtension>
            <ns3:hr>150</ns3:hr>
            <ns3:cad>0</ns3:cad>
          </ns3:TrackPointExtension>
        </extensions>
      </trkpt>
      <trkpt lat="45.04862937144935131072998046875" lon="6.29025950096547603607177734375">
        <ele>1836.800048828125</ele>
        <time>2026-07-27T08:36:21.000Z</time>
        <extensions>
          <ns3:TrackPointExtension>
            <ns3:hr>147</ns3:hr>
            <ns3:cad>58</ns3:cad>
          </ns3:TrackPointExtension>
        </extensions>
      </trkpt>
      <trkpt lat="45.04861160181462764739990234375" lon="6.29028975963592529296875">
        <ele>1836.800048828125</ele>
        <time>2026-07-27T08:36:23.000Z</time>
        <extensions>
          <ns3:TrackPointExtension>
            <ns3:hr>145</ns3:hr>
            <ns3:cad>0</ns3:cad>
          </ns3:TrackPointExtension>
        </extensions>
      </trkpt>
      <trkpt lat="45.04859500564634799957275390625" lon="6.29031633026897907257080078125">
        <ele>1836.5999755859375</ele>
        <time>2026-07-27T08:36:25.000Z</time>
        <extensions>
          <ns3:TrackPointExtension>
            <ns3:hr>143</ns3:hr>
            <ns3:cad>0</ns3:cad>
          </ns3:TrackPointExtension>
        </extensions>
      </trkpt>
      <trkpt lat="45.048513114452362060546875" lon="6.29042454063892364501953125">
        <ele>1836.4000244140625</ele>
        <time>2026-07-27T08:36:34.000Z</time>
        <extensions>
          <ns3:TrackPointExtension>
            <ns3:hr>141</ns3:hr>
            <ns3:cad>0</ns3:cad>
          </ns3:TrackPointExtension>
        </extensions>
      </trkpt>
      <trkpt lat="45.04847950302064418792724609375" lon="6.29053677432239055633544921875">
        <ele>1835.800048828125</ele>
        <time>2026-07-27T08:36:41.000Z</time>
        <extensions>
          <ns3:TrackPointExtension>
            <ns3:hr>138</ns3:hr>
            <ns3:cad>57</ns3:cad>
          </ns3:TrackPointExtension>
        </extensions>
      </trkpt>
      <trkpt lat="45.048448741436004638671875" lon="6.29065982066094875335693359375">
        <ele>1835.199951171875</ele>
        <time>2026-07-27T08:36:48.000Z</time>
        <extensions>
          <ns3:TrackPointExtension>
            <ns3:hr>135</ns3:hr>
            <ns3:cad>57</ns3:cad>
          </ns3:TrackPointExtension>
        </extensions>
      </trkpt>
      <trkpt lat="45.048422925174236297607421875" lon="6.29073073156177997589111328125">
        <ele>1834.5999755859375</ele>
        <time>2026-07-27T08:36:53.000Z</time>
        <extensions>
          <ns3:TrackPointExtension>
            <ns3:hr>134</ns3:hr>
            <ns3:cad>56</ns3:cad>
          </ns3:TrackPointExtension>
        </extensions>
      </trkpt>
      <trkpt lat="45.048410855233669281005859375" lon="6.29078797996044158935546875">
        <ele>1833.4000244140625</ele>
        <time>2026-07-27T08:36:57.000Z</time>
        <extensions>
          <ns3:TrackPointExtension>
            <ns3:hr>134</ns3:hr>
            <ns3:cad>58</ns3:cad>
          </ns3:TrackPointExtension>
        </extensions>
      </trkpt>
      <trkpt lat="45.04840808920562267303466796875" lon="6.29079200327396392822265625">
        <ele>1833</ele>
        <time>2026-07-27T08:36:58.000Z</time>
        <extensions>
          <ns3:TrackPointExtension>
            <ns3:hr>134</ns3:hr>
            <ns3:cad>58</ns3:cad>
          </ns3:TrackPointExtension>
        </extensions>
      </trkpt>
      <trkpt lat="45.048406161367893218994140625" lon="6.29078588448464870452880859375">
        <ele>1832.800048828125</ele>
        <time>2026-07-27T08:37:02.000Z</time>
        <extensions>
          <ns3:TrackPointExtension>
            <ns3:hr>133</ns3:hr>
            <ns3:cad>0</ns3:cad>
          </ns3:TrackPointExtension>
        </extensions>
      </trkpt>
      <trkpt lat="45.04841898567974567413330078125" lon="6.2907505966722965240478515625">
        <ele>1833.4000244140625</ele>
        <time>2026-07-27T08:37:09.000Z</time>
        <extensions>
          <ns3:TrackPointExtension>
            <ns3:hr>133</ns3:hr>
            <ns3:cad>0</ns3:cad>
          </ns3:TrackPointExtension>
        </extensions>
      </trkpt>
      <trkpt lat="45.04841898567974567413330078125" lon="6.29075101576745510101318359375">
        <ele>1833.5999755859375</ele>
        <time>2026-07-27T08:37:17.000Z</time>
        <extensions>
          <ns3:TrackPointExtension>
            <ns3:hr>130</ns3:hr>
            <ns3:cad>0</ns3:cad>
          </ns3:TrackPointExtension>
        </extensions>
      </trkpt>
      <trkpt lat="45.04841513000428676605224609375" lon="6.29075118340551853179931640625">
        <ele>1834.5999755859375</ele>
        <time>2026-07-27T08:37:27.000Z</time>
        <extensions>
          <ns3:TrackPointExtension>
            <ns3:hr>130</ns3:hr>
            <ns3:cad>0</ns3:cad>
          </ns3:TrackPointExtension>
        </extensions>
      </trkpt>
      <trkpt lat="45.04841445945203304290771484375" lon="6.2907505966722965240478515625">
        <ele>1834.800048828125</ele>
        <time>2026-07-27T08:37:31.000Z</time>
        <extensions>
          <ns3:TrackPointExtension>
            <ns3:hr>133</ns3:hr>
            <ns3:cad>0</ns3:cad>
          </ns3:TrackPointExtension>
        </extensions>
      </trkpt>
      <trkpt lat="45.04841529764235019683837890625" lon="6.29074682481586933135986328125">
        <ele>1834.800048828125</ele>
        <time>2026-07-27T08:37:36.000Z</time>
        <extensions>
          <ns3:TrackPointExtension>
            <ns3:hr>130</ns3:hr>
            <ns3:cad>0</ns3:cad>
          </ns3:TrackPointExtension>
        </extensions>
      </trkpt>
      <trkpt lat="45.0483875535428524017333984375" lon="6.29069368354976177215576171875">
        <ele>1835.5999755859375</ele>
        <time>2026-07-27T08:37:55.000Z</time>
        <extensions>
          <ns3:TrackPointExtension>
            <ns3:hr>133</ns3:hr>
            <ns3:cad>0</ns3:cad>
          </ns3:TrackPointExtension>
        </extensions>
      </trkpt>
      <trkpt lat="45.0483664311468601226806640625" lon="6.290673650801181793212890625">
        <ele>1835.800048828125</ele>
        <time>2026-07-27T08:37:57.000Z</time>
        <extensions>
          <ns3:TrackPointExtension>
            <ns3:hr>133</ns3:hr>
            <ns3:cad>0</ns3:cad>
          </ns3:TrackPointExtension>
        </extensions>
      </trkpt>
      <trkpt lat="45.048345811665058135986328125" lon="6.29064875654876232147216796875">
        <ele>1835.5999755859375</ele>
        <time>2026-07-27T08:38:03.000Z</time>
        <extensions>
          <ns3:TrackPointExtension>
            <ns3:hr>130</ns3:hr>
            <ns3:cad>0</ns3:cad>
          </ns3:TrackPointExtension>
        </extensions>
      </trkpt>
      <trkpt lat="45.04834606312215328216552734375" lon="6.29065177403390407562255859375">
        <ele>1835.800048828125</ele>
        <time>2026-07-27T08:38:05.000Z</time>
        <extensions>
          <ns3:TrackPointExtension>
            <ns3:hr>129</ns3:hr>
            <ns3:cad>0</ns3:cad>
          </ns3:TrackPointExtension>
        </extensions>
      </trkpt>
      <trkpt lat="45.04838361404836177825927734375" lon="6.2906815297901630401611328125">
        <ele>1835.5999755859375</ele>
        <time>2026-07-27T08:38:14.000Z</time>
        <extensions>
          <ns3:TrackPointExtension>
            <ns3:hr>126</ns3:hr>
            <ns3:cad>0</ns3:cad>
          </ns3:TrackPointExtension>
        </extensions>
      </trkpt>
      <trkpt lat="45.0484043173491954803466796875" lon="6.2906935997307300567626953125">
        <ele>1835.4000244140625</ele>
        <time>2026-07-27T08:38:21.000Z</time>
        <extensions>
          <ns3:TrackPointExtension>
            <ns3:hr>126</ns3:hr>
            <ns3:cad>0</ns3:cad>
          </ns3:TrackPointExtension>
        </extensions>
      </trkpt>
      <trkpt lat="45.04841345362365245819091796875" lon="6.29072369076311588287353515625">
        <ele>1835.4000244140625</ele>
        <time>2026-07-27T08:38:28.000Z</time>
        <extensions>
          <ns3:TrackPointExtension>
            <ns3:hr>126</ns3:hr>
            <ns3:cad>0</ns3:cad>
          </ns3:TrackPointExtension>
        </extensions>
      </trkpt>
      <trkpt lat="45.04840507172048091888427734375" lon="6.2907784245908260345458984375">
        <ele>1834.4000244140625</ele>
        <time>2026-07-27T08:38:33.000Z</time>
        <extensions>
          <ns3:TrackPointExtension>
            <ns3:hr>127</ns3:hr>
            <ns3:cad>58</ns3:cad>
          </ns3:TrackPointExtension>
        </extensions>
      </trkpt>
      <trkpt lat="45.048394091427326202392578125" lon="6.2908008880913257598876953125">
        <ele>1834</ele>
        <time>2026-07-27T08:38:35.000Z</time>
        <extensions>
          <ns3:TrackPointExtension>
            <ns3:hr>128</ns3:hr>
            <ns3:cad>58</ns3:cad>
          </ns3:TrackPointExtension>
        </extensions>
      </trkpt>
      <trkpt lat="45.04835796542465686798095703125" lon="6.29085998050868511199951171875">
        <ele>1833.4000244140625</ele>
        <time>2026-07-27T08:38:41.000Z</time>
        <extensions>
          <ns3:TrackPointExtension>
            <ns3:hr>127</ns3:hr>
            <ns3:cad>52</ns3:cad>
          </ns3:TrackPointExtension>
        </extensions>
      </trkpt>
      <trkpt lat="45.04833885468542575836181640625" lon="6.29090675152838230133056640625">
        <ele>1832.4000244140625</ele>
        <time>2026-07-27T08:38:45.000Z</time>
        <extensions>
          <ns3:TrackPointExtension>
            <ns3:hr>127</ns3:hr>
            <ns3:cad>52</ns3:cad>
          </ns3:TrackPointExtension>
        </extensions>
      </trkpt>
      <trkpt lat="45.04831924103200435638427734375" lon="6.29095737822353839874267578125">
        <ele>1831.199951171875</ele>
        <time>2026-07-27T08:38:49.000Z</time>
        <extensions>
          <ns3:TrackPointExtension>
            <ns3:hr>127</ns3:hr>
            <ns3:cad>54</ns3:cad>
          </ns3:TrackPointExtension>
        </extensions>
      </trkpt>
      <trkpt lat="45.04829962737858295440673828125" lon="6.2910077534615993499755859375">
        <ele>1830.199951171875</ele>
        <time>2026-07-27T08:38:53.000Z</time>
        <extensions>
          <ns3:TrackPointExtension>
            <ns3:hr>129</ns3:hr>
            <ns3:cad>53</ns3:cad>
          </ns3:TrackPointExtension>
        </extensions>
      </trkpt>
      <trkpt lat="45.0482859648764133453369140625" lon="6.29103499464690685272216796875">
        <ele>1829.5999755859375</ele>
        <time>2026-07-27T08:38:56.000Z</time>
        <extensions>
          <ns3:TrackPointExtension>
            <ns3:hr>129</ns3:hr>
            <ns3:cad>52</ns3:cad>
          </ns3:TrackPointExtension>
        </extensions>
      </trkpt>
      <trkpt lat="45.0482842884957790374755859375" lon="6.291078664362430572509765625">
        <ele>1829</ele>
        <time>2026-07-27T08:38:59.000Z</time>
        <extensions>
          <ns3:TrackPointExtension>
            <ns3:hr>129</ns3:hr>
            <ns3:cad>53</ns3:cad>
          </ns3:TrackPointExtension>
        </extensions>
      </trkpt>
      <trkpt lat="45.0482836179435253143310546875" lon="6.2910949252545833587646484375">
        <ele>1829</ele>
        <time>2026-07-27T08:39:00.000Z</time>
        <extensions>
          <ns3:TrackPointExtension>
            <ns3:hr>129</ns3:hr>
            <ns3:cad>54</ns3:cad>
          </ns3:TrackPointExtension>
        </extensions>
      </trkpt>
      <trkpt lat="45.04829526878893375396728515625" lon="6.291220486164093017578125">
        <ele>1828</ele>
        <time>2026-07-27T08:39:08.000Z</time>
        <extensions>
          <ns3:TrackPointExtension>
            <ns3:hr>131</ns3:hr>
            <ns3:cad>55</ns3:cad>
          </ns3:TrackPointExtension>
        </extensions>
      </trkpt>
      <trkpt lat="45.0483074225485324859619140625" lon="6.2912746332585811614990234375">
        <ele>1827.4000244140625</ele>
        <time>2026-07-27T08:39:12.000Z</time>
        <extensions>
          <ns3:TrackPointExtension>
            <ns3:hr>132</ns3:hr>
            <ns3:cad>53</ns3:cad>
          </ns3:TrackPointExtension>
        </extensions>
      </trkpt>
      <trkpt lat="45.04830750636756420135498046875" lon="6.2913031317293643951416015625">
        <ele>1826.800048828125</ele>
        <time>2026-07-27T08:39:14.000Z</time>
        <extensions>
          <ns3:TrackPointExtension>
            <ns3:hr>131</ns3:hr>
            <ns3:cad>53</ns3:cad>
          </ns3:TrackPointExtension>
        </extensions>
      </trkpt>
      <trkpt lat="45.0483258627355098724365234375" lon="6.29138887859880924224853515625">
        <ele>1825.5999755859375</ele>
        <time>2026-07-27T08:39:20.000Z</time>
        <extensions>
          <ns3:TrackPointExtension>
            <ns3:hr>131</ns3:hr>
            <ns3:cad>54</ns3:cad>
          </ns3:TrackPointExtension>
        </extensions>
      </trkpt>
      <trkpt lat="45.04834757186472415924072265625" lon="6.2914578616619110107421875">
        <ele>1824.199951171875</ele>
        <time>2026-07-27T08:39:25.000Z</time>
        <extensions>
          <ns3:TrackPointExtension>
            <ns3:hr>132</ns3:hr>
            <ns3:cad>58</ns3:cad>
          </ns3:TrackPointExtension>
        </extensions>
      </trkpt>
      <trkpt lat="45.0483516789972782135009765625" lon="6.29147135652601718902587890625">
        <ele>1824</ele>
        <time>2026-07-27T08:39:26.000Z</time>
        <extensions>
          <ns3:TrackPointExtension>
            <ns3:hr>132</ns3:hr>
            <ns3:cad>53</ns3:cad>
          </ns3:TrackPointExtension>
        </extensions>
      </trkpt>
      <trkpt lat="45.0483764894306659698486328125" lon="6.29155165515840053558349609375">
        <ele>1823.199951171875</ele>
        <time>2026-07-27T08:39:32.000Z</time>
        <extensions>
          <ns3:TrackPointExtension>
            <ns3:hr>131</ns3:hr>
            <ns3:cad>53</ns3:cad>
          </ns3:TrackPointExtension>
        </extensions>
      </trkpt>
      <trkpt lat="45.04840490408241748809814453125" lon="6.29163094796240329742431640625">
        <ele>1822</ele>
        <time>2026-07-27T08:39:38.000Z</time>
        <extensions>
          <ns3:TrackPointExtension>
            <ns3:hr>130</ns3:hr>
            <ns3:cad>53</ns3:cad>
          </ns3:TrackPointExtension>
        </extensions>
      </trkpt>
      <trkpt lat="45.04840741865336894989013671875" lon="6.291642598807811737060546875">
        <ele>1821.800048828125</ele>
        <time>2026-07-27T08:39:39.000Z</time>
        <extensions>
          <ns3:TrackPointExtension>
            <ns3:hr>130</ns3:hr>
            <ns3:cad>53</ns3:cad>
          </ns3:TrackPointExtension>
        </extensions>
      </trkpt>
      <trkpt lat="45.048441030085086822509765625" lon="6.291750557720661163330078125">
        <ele>1821</ele>
        <time>2026-07-27T08:39:47.000Z</time>
        <extensions>
          <ns3:TrackPointExtension>
            <ns3:hr>131</ns3:hr>
            <ns3:cad>54</ns3:cad>
          </ns3:TrackPointExtension>
        </extensions>
      </trkpt>
      <trkpt lat="45.048461817204952239990234375" lon="6.29182088188827037811279296875">
        <ele>1820</ele>
        <time>2026-07-27T08:39:52.000Z</time>
        <extensions>
          <ns3:TrackPointExtension>
            <ns3:hr>131</ns3:hr>
            <ns3:cad>53</ns3:cad>
          </ns3:TrackPointExtension>
        </extensions>
      </trkpt>
      <trkpt lat="45.048465169966220855712890625" lon="6.2918365560472011566162109375">
        <ele>1820</ele>
        <time>2026-07-27T08:39:53.000Z</time>
        <extensions>
          <ns3:TrackPointExtension>
            <ns3:hr>131</ns3:hr>
            <ns3:cad>54</ns3:cad>
          </ns3:TrackPointExtension>
        </extensions>
      </trkpt>
      <trkpt lat="45.04847346805036067962646484375" lon="6.29192498512566089630126953125">
        <ele>1818.800048828125</ele>
        <time>2026-07-27T08:39:58.000Z</time>
        <extensions>
          <ns3:TrackPointExtension>
            <ns3:hr>131</ns3:hr>
            <ns3:cad>53</ns3:cad>
          </ns3:TrackPointExtension>
        </extensions>
      </trkpt>
      <trkpt lat="45.0484941713511943817138671875" lon="6.2920226342976093292236328125">
        <ele>1818.800048828125</ele>
        <time>2026-07-27T08:40:04.000Z</time>
        <extensions>
          <ns3:TrackPointExtension>
            <ns3:hr>132</ns3:hr>
            <ns3:cad>53</ns3:cad>
          </ns3:TrackPointExtension>
        </extensions>
      </trkpt>
      <trkpt lat="45.04852979443967342376708984375" lon="6.29209983162581920623779296875">
        <ele>1817.800048828125</ele>
        <time>2026-07-27T08:40:10.000Z</time>
        <extensions>
          <ns3:TrackPointExtension>
            <ns3:hr>132</ns3:hr>
            <ns3:cad>53</ns3:cad>
          </ns3:TrackPointExtension>
        </extensions>
      </trkpt>
      <trkpt lat="45.04855393432080745697021484375" lon="6.29213050939142704010009765625">
        <ele>1817.4000244140625</ele>
        <time>2026-07-27T08:40:13.000Z</time>
        <extensions>
          <ns3:TrackPointExtension>
            <ns3:hr>132</ns3:hr>
            <ns3:cad>55</ns3:cad>
          </ns3:TrackPointExtension>
        </extensions>
      </trkpt>
      <trkpt lat="45.04858125932514667510986328125" lon="6.292162276804447174072265625">
        <ele>1816.5999755859375</ele>
        <time>2026-07-27T08:40:16.000Z</time>
        <extensions>
          <ns3:TrackPointExtension>
            <ns3:hr>132</ns3:hr>
            <ns3:cad>55</ns3:cad>
          </ns3:TrackPointExtension>
        </extensions>
      </trkpt>
      <trkpt lat="45.0486416928470134735107421875" lon="6.29226411692798137664794921875">
        <ele>1815.4000244140625</ele>
        <time>2026-07-27T08:40:24.000Z</time>
        <extensions>
          <ns3:TrackPointExtension>
            <ns3:hr>132</ns3:hr>
            <ns3:cad>55</ns3:cad>
          </ns3:TrackPointExtension>
        </extensions>
      </trkpt>
      <trkpt lat="45.04866105504333972930908203125" lon="6.2922771088778972625732421875">
        <ele>1815.199951171875</ele>
        <time>2026-07-27T08:40:26.000Z</time>
        <extensions>
          <ns3:TrackPointExtension>
            <ns3:hr>131</ns3:hr>
            <ns3:cad>55</ns3:cad>
          </ns3:TrackPointExtension>
        </extensions>
      </trkpt>
      <trkpt lat="45.0486986897885799407958984375" lon="6.292328573763370513916015625">
        <ele>1814.4000244140625</ele>
        <time>2026-07-27T08:40:31.000Z</time>
        <extensions>
          <ns3:TrackPointExtension>
            <ns3:hr>131</ns3:hr>
            <ns3:cad>55</ns3:cad>
          </ns3:TrackPointExtension>
        </extensions>
      </trkpt>
      <trkpt lat="45.0487302057445049285888671875" lon="6.2923884205520153045654296875">
        <ele>1813.800048828125</ele>
        <time>2026-07-27T08:40:35.000Z</time>
        <extensions>
          <ns3:TrackPointExtension>
            <ns3:hr>132</ns3:hr>
            <ns3:cad>54</ns3:cad>
          </ns3:TrackPointExtension>
        </extensions>
      </trkpt>
      <trkpt lat="45.0487489812076091766357421875" lon="6.292426474392414093017578125">
        <ele>1813</ele>
        <time>2026-07-27T08:40:38.000Z</time>
        <extensions>
          <ns3:TrackPointExtension>
            <ns3:hr>134</ns3:hr>
            <ns3:cad>54</ns3:cad>
          </ns3:TrackPointExtension>
        </extensions>
      </trkpt>
      <trkpt lat="45.04880924709141254425048828125" lon="6.292509622871875762939453125">
        <ele>1811.800048828125</ele>
        <time>2026-07-27T08:40:45.000Z</time>
        <extensions>
          <ns3:TrackPointExtension>
            <ns3:hr>133</ns3:hr>
            <ns3:cad>55</ns3:cad>
          </ns3:TrackPointExtension>
        </extensions>
      </trkpt>
      <trkpt lat="45.04882198758423328399658203125" lon="6.29253686405718326568603515625">
        <ele>1811.5999755859375</ele>
        <time>2026-07-27T08:40:47.000Z</time>
        <extensions>
          <ns3:TrackPointExtension>
            <ns3:hr>132</ns3:hr>
            <ns3:cad>54</ns3:cad>
          </ns3:TrackPointExtension>
        </extensions>
      </trkpt>
      <trkpt lat="45.04883565008640289306640625" lon="6.29264230839908123016357421875">
        <ele>1810.800048828125</ele>
        <time>2026-07-27T08:40:53.000Z</time>
        <extensions>
          <ns3:TrackPointExtension>
            <ns3:hr>130</ns3:hr>
            <ns3:cad>53</ns3:cad>
          </ns3:TrackPointExtension>
        </extensions>
      </trkpt>
      <trkpt lat="45.04883690737187862396240234375" lon="6.29266141913831233978271484375">
        <ele>1810.4000244140625</ele>
        <time>2026-07-27T08:40:54.000Z</time>
        <extensions>
          <ns3:TrackPointExtension>
            <ns3:hr>130</ns3:hr>
            <ns3:cad>53</ns3:cad>
          </ns3:TrackPointExtension>
        </extensions>
      </trkpt>
      <trkpt lat="45.04886389710009098052978515625" lon="6.29274196922779083251953125">
        <ele>1810.4000244140625</ele>
        <time>2026-07-27T08:41:01.000Z</time>
        <extensions>
          <ns3:TrackPointExtension>
            <ns3:hr>128</ns3:hr>
            <ns3:cad>56</ns3:cad>
          </ns3:TrackPointExtension>
        </extensions>
      </trkpt>
      <trkpt lat="45.04886624403297901153564453125" lon="6.2927464954555034637451171875">
        <ele>1810.4000244140625</ele>
        <time>2026-07-27T08:41:02.000Z</time>
        <extensions>
          <ns3:TrackPointExtension>
            <ns3:hr>128</ns3:hr>
            <ns3:cad>56</ns3:cad>
          </ns3:TrackPointExtension>
        </extensions>
      </trkpt>
      <trkpt lat="45.0488740392029285430908203125" lon="6.29280005581676959991455078125">
        <ele>1810.4000244140625</ele>
        <time>2026-07-27T08:41:07.000Z</time>
        <extensions>
          <ns3:TrackPointExtension>
            <ns3:hr>128</ns3:hr>
            <ns3:cad>53</ns3:cad>
          </ns3:TrackPointExtension>
        </extensions>
      </trkpt>
      <trkpt lat="45.04888753406703472137451171875" lon="6.29284163005650043487548828125">
        <ele>1809.4000244140625</ele>
        <time>2026-07-27T08:41:10.000Z</time>
        <extensions>
          <ns3:TrackPointExtension>
            <ns3:hr>128</ns3:hr>
            <ns3:cad>53</ns3:cad>
          </ns3:TrackPointExtension>
        </extensions>
      </trkpt>
      <trkpt lat="45.04889574833214282989501953125" lon="6.292881108820438385009765625">
        <ele>1808.800048828125</ele>
        <time>2026-07-27T08:41:13.000Z</time>
        <extensions>
          <ns3:TrackPointExtension>
            <ns3:hr>127</ns3:hr>
            <ns3:cad>0</ns3:cad>
          </ns3:TrackPointExtension>
        </extensions>
      </trkpt>
      <trkpt lat="45.04890664480626583099365234375" lon="6.29290826618671417236328125">
        <ele>1808.4000244140625</ele>
        <time>2026-07-27T08:41:15.000Z</time>
        <extensions>
          <ns3:TrackPointExtension>
            <ns3:hr>127</ns3:hr>
            <ns3:cad>57</ns3:cad>
          </ns3:TrackPointExtension>
        </extensions>
      </trkpt>
      <trkpt lat="45.04894268698990345001220703125" lon="6.292979009449481964111328125">
        <ele>1807.4000244140625</ele>
        <time>2026-07-27T08:41:20.000Z</time>
        <extensions>
          <ns3:TrackPointExtension>
            <ns3:hr>127</ns3:hr>
            <ns3:cad>56</ns3:cad>
          </ns3:TrackPointExtension>
        </extensions>
      </trkpt>
      <trkpt lat="45.04895458929240703582763671875" lon="6.29300373606383800506591796875">
        <ele>1806.800048828125</ele>
        <time>2026-07-27T08:41:22.000Z</time>
        <extensions>
          <ns3:TrackPointExtension>
            <ns3:hr>128</ns3:hr>
            <ns3:cad>56</ns3:cad>
          </ns3:TrackPointExtension>
        </extensions>
      </trkpt>
      <trkpt lat="45.0489650666713714599609375" lon="6.29303164780139923095703125">
        <ele>1806.199951171875</ele>
        <time>2026-07-27T08:41:24.000Z</time>
        <extensions>
          <ns3:TrackPointExtension>
            <ns3:hr>129</ns3:hr>
            <ns3:cad>53</ns3:cad>
          </ns3:TrackPointExtension>
        </extensions>
      </trkpt>
      <trkpt lat="45.0489984266459941864013671875" lon="6.29313449375331401824951171875">
        <ele>1804.800048828125</ele>
        <time>2026-07-27T08:41:31.000Z</time>
        <extensions>
          <ns3:TrackPointExtension>
            <ns3:hr>132</ns3:hr>
            <ns3:cad>56</ns3:cad>
          </ns3:TrackPointExtension>
        </extensions>
      </trkpt>
      <trkpt lat="45.04901326261460781097412109375" lon="6.29317707382142543792724609375">
        <ele>1804.4000244140625</ele>
        <time>2026-07-27T08:41:34.000Z</time>
        <extensions>
          <ns3:TrackPointExtension>
            <ns3:hr>132</ns3:hr>
            <ns3:cad>56</ns3:cad>
          </ns3:TrackPointExtension>
        </extensions>
      </trkpt>
      <trkpt lat="45.04902835004031658172607421875" lon="6.29321135580539703369140625">
        <ele>1803.800048828125</ele>
        <time>2026-07-27T08:41:37.000Z</time>
        <extensions>
          <ns3:TrackPointExtension>
            <ns3:hr>132</ns3:hr>
            <ns3:cad>54</ns3:cad>
          </ns3:TrackPointExtension>
        </extensions>
      </trkpt>
      <trkpt lat="45.04903673194348812103271484375" lon="6.29329374991357326507568359375">
        <ele>1802.800048828125</ele>
        <time>2026-07-27T08:41:42.000Z</time>
        <extensions>
          <ns3:TrackPointExtension>
            <ns3:hr>132</ns3:hr>
            <ns3:cad>54</ns3:cad>
          </ns3:TrackPointExtension>
        </extensions>
      </trkpt>
      <trkpt lat="45.04904461093246936798095703125" lon="6.2933043949306011199951171875">
        <ele>1802.5999755859375</ele>
        <time>2026-07-27T08:41:43.000Z</time>
        <extensions>
          <ns3:TrackPointExtension>
            <ns3:hr>132</ns3:hr>
            <ns3:cad>54</ns3:cad>
          </ns3:TrackPointExtension>
        </extensions>
      </trkpt>
      <trkpt lat="45.04906975664198398590087890625" lon="6.293359212577342987060546875">
        <ele>1801.5999755859375</ele>
        <time>2026-07-27T08:41:47.000Z</time>
        <extensions>
          <ns3:TrackPointExtension>
            <ns3:hr>132</ns3:hr>
            <ns3:cad>0</ns3:cad>
          </ns3:TrackPointExtension>
        </extensions>
      </trkpt>
      <trkpt lat="45.049073360860347747802734375" lon="6.29345543682575225830078125">
        <ele>1800.4000244140625</ele>
        <time>2026-07-27T08:41:53.000Z</time>
        <extensions>
          <ns3:TrackPointExtension>
            <ns3:hr>131</ns3:hr>
            <ns3:cad>54</ns3:cad>
          </ns3:TrackPointExtension>
        </extensions>
      </trkpt>
      <trkpt lat="45.04908937029540538787841796875" lon="6.2935478053987026214599609375">
        <ele>1799.4000244140625</ele>
        <time>2026-07-27T08:41:59.000Z</time>
        <extensions>
          <ns3:TrackPointExtension>
            <ns3:hr>130</ns3:hr>
            <ns3:cad>55</ns3:cad>
          </ns3:TrackPointExtension>
        </extensions>
      </trkpt>
      <trkpt lat="45.04911770112812519073486328125" lon="6.29363916814327239990234375">
        <ele>1798.5999755859375</ele>
        <time>2026-07-27T08:42:05.000Z</time>
        <extensions>
          <ns3:TrackPointExtension>
            <ns3:hr>132</ns3:hr>
            <ns3:cad>55</ns3:cad>
          </ns3:TrackPointExtension>
        </extensions>
      </trkpt>
      <trkpt lat="45.04912306554615497589111328125" lon="6.293669678270816802978515625">
        <ele>1798.4000244140625</ele>
        <time>2026-07-27T08:42:07.000Z</time>
        <extensions>
          <ns3:TrackPointExtension>
            <ns3:hr>132</ns3:hr>
            <ns3:cad>54</ns3:cad>
          </ns3:TrackPointExtension>
        </extensions>
      </trkpt>
      <trkpt lat="45.049138404428958892822265625" lon="6.29375852644443511962890625">
        <ele>1797.199951171875</ele>
        <time>2026-07-27T08:42:13.000Z</time>
        <extensions>
          <ns3:TrackPointExtension>
            <ns3:hr>131</ns3:hr>
            <ns3:cad>56</ns3:cad>
          </ns3:TrackPointExtension>
        </extensions>
      </trkpt>
      <trkpt lat="45.04914569668471813201904296875" lon="6.29378895275294780731201171875">
        <ele>1796.5999755859375</ele>
        <time>2026-07-27T08:42:15.000Z</time>
        <extensions>
          <ns3:TrackPointExtension>
            <ns3:hr>131</ns3:hr>
            <ns3:cad>56</ns3:cad>
          </ns3:TrackPointExtension>
        </extensions>
      </trkpt>
      <trkpt lat="45.04915617406368255615234375" lon="6.29381761886179447174072265625">
        <ele>1796</ele>
        <time>2026-07-27T08:42:17.000Z</time>
        <extensions>
          <ns3:TrackPointExtension>
            <ns3:hr>131</ns3:hr>
            <ns3:cad>56</ns3:cad>
          </ns3:TrackPointExtension>
        </extensions>
      </trkpt>
      <trkpt lat="45.049159191548824310302734375" lon="6.2938307784497737884521484375">
        <ele>1796</ele>
        <time>2026-07-27T08:42:18.000Z</time>
        <extensions>
          <ns3:TrackPointExtension>
            <ns3:hr>134</ns3:hr>
            <ns3:cad>56</ns3:cad>
          </ns3:TrackPointExtension>
        </extensions>
      </trkpt>
      <trkpt lat="45.0491677410900592803955078125" lon="6.2938931398093700408935546875">
        <ele>1794.5999755859375</ele>
        <time>2026-07-27T08:42:22.000Z</time>
        <extensions>
          <ns3:TrackPointExtension>
            <ns3:hr>133</ns3:hr>
            <ns3:cad>56</ns3:cad>
          </ns3:TrackPointExtension>
        </extensions>
      </trkpt>
      <trkpt lat="45.0491702556610107421875" lon="6.29390747286379337310791015625">
        <ele>1794.4000244140625</ele>
        <time>2026-07-27T08:42:23.000Z</time>
        <extensions>
          <ns3:TrackPointExtension>
            <ns3:hr>132</ns3:hr>
            <ns3:cad>57</ns3:cad>
          </ns3:TrackPointExtension>
        </extensions>
      </trkpt>
      <trkpt lat="45.0491694174706935882568359375" lon="6.29391551949083805084228515625">
        <ele>1794.199951171875</ele>
        <time>2026-07-27T08:42:24.000Z</time>
        <extensions>
          <ns3:TrackPointExtension>
            <ns3:hr>132</ns3:hr>
            <ns3:cad>57</ns3:cad>
          </ns3:TrackPointExtension>
        </extensions>
      </trkpt>
      <trkpt lat="45.049168579280376434326171875" lon="6.29390797577798366546630859375">
        <ele>1794.199951171875</ele>
        <time>2026-07-27T08:42:29.000Z</time>
        <extensions>
          <ns3:TrackPointExtension>
            <ns3:hr>130</ns3:hr>
            <ns3:cad>0</ns3:cad>
          </ns3:TrackPointExtension>
        </extensions>
      </trkpt>
      <trkpt lat="45.04917033948004245758056640625" lon="6.29390428774058818817138671875">
        <ele>1794</ele>
        <time>2026-07-27T08:42:37.000Z</time>
        <extensions>
          <ns3:TrackPointExtension>
            <ns3:hr>130</ns3:hr>
            <ns3:cad>0</ns3:cad>
          </ns3:TrackPointExtension>
        </extensions>
      </trkpt>
      <trkpt lat="45.04916966892778873443603515625" lon="6.29390537738800048828125">
        <ele>1793.5999755859375</ele>
        <time>2026-07-27T08:42:45.000Z</time>
        <extensions>
          <ns3:TrackPointExtension>
            <ns3:hr>129</ns3:hr>
            <ns3:cad>0</ns3:cad>
          </ns3:TrackPointExtension>
        </extensions>
      </trkpt>
      <trkpt lat="45.04916958510875701904296875" lon="6.29390537738800048828125">
        <ele>1793.5999755859375</ele>
        <time>2026-07-27T08:42:46.000Z</time>
        <extensions>
          <ns3:TrackPointExtension>
            <ns3:hr>125</ns3:hr>
            <ns3:cad>0</ns3:cad>
          </ns3:TrackPointExtension>
        </extensions>
      </trkpt>
      <trkpt lat="45.04916958510875701904296875" lon="6.29390546120703220367431640625">
        <ele>1793.5999755859375</ele>
        <time>2026-07-27T08:42:47.000Z</time>
        <extensions>
          <ns3:TrackPointExtension>
            <ns3:hr>122</ns3:hr>
            <ns3:cad>0</ns3:cad>
          </ns3:TrackPointExtension>
        </extensions>
      </trkpt>
      <trkpt lat="45.0491690821945667266845703125" lon="6.29390579648315906524658203125">
        <ele>1793.199951171875</ele>
        <time>2026-07-27T08:42:51.000Z</time>
        <extensions>
          <ns3:TrackPointExtension>
            <ns3:hr>126</ns3:hr>
            <ns3:cad>0</ns3:cad>
          </ns3:TrackPointExtension>
        </extensions>
      </trkpt>
      <trkpt lat="45.0491687469184398651123046875" lon="6.29390546120703220367431640625">
        <ele>1793.199951171875</ele>
        <time>2026-07-27T08:42:59.000Z</time>
        <extensions>
          <ns3:TrackPointExtension>
            <ns3:hr>122</ns3:hr>
            <ns3:cad>0</ns3:cad>
          </ns3:TrackPointExtension>
        </extensions>
      </trkpt>
      <trkpt lat="45.04916916601359844207763671875" lon="6.29390537738800048828125">
        <ele>1793.199951171875</ele>
        <time>2026-07-27T08:43:03.000Z</time>
        <extensions>
          <ns3:TrackPointExtension>
            <ns3:hr>119</ns3:hr>
            <ns3:cad>0</ns3:cad>
          </ns3:TrackPointExtension>
        </extensions>
      </trkpt>
      <trkpt lat="45.049196742475032806396484375" lon="6.29395566880702972412109375">
        <ele>1793.4000244140625</ele>
        <time>2026-07-27T08:43:18.000Z</time>
        <extensions>
          <ns3:TrackPointExtension>
            <ns3:hr>121</ns3:hr>
            <ns3:cad>54</ns3:cad>
          </ns3:TrackPointExtension>
        </extensions>
      </trkpt>
      <trkpt lat="45.04924242384731769561767578125" lon="6.29403236322104930877685546875">
        <ele>1792.5999755859375</ele>
        <time>2026-07-27T08:43:23.000Z</time>
        <extensions>
          <ns3:TrackPointExtension>
            <ns3:hr>121</ns3:hr>
            <ns3:cad>0</ns3:cad>
          </ns3:TrackPointExtension>
        </extensions>
      </trkpt>
      <trkpt lat="45.0492807291448116302490234375" lon="6.29408231936395168304443359375">
        <ele>1792.4000244140625</ele>
        <time>2026-07-27T08:43:27.000Z</time>
        <extensions>
          <ns3:TrackPointExtension>
            <ns3:hr>119</ns3:hr>
            <ns3:cad>57</ns3:cad>
          </ns3:TrackPointExtension>
        </extensions>
      </trkpt>
      <trkpt lat="45.04934652708470821380615234375" lon="6.2941663898527622222900390625">
        <ele>1792.4000244140625</ele>
        <time>2026-07-27T08:43:34.000Z</time>
        <extensions>
          <ns3:TrackPointExtension>
            <ns3:hr>120</ns3:hr>
            <ns3:cad>55</ns3:cad>
          </ns3:TrackPointExtension>
        </extensions>
      </trkpt>
      <trkpt lat="45.0494017638266086578369140625" lon="6.29427979700267314910888671875">
        <ele>1791.5999755859375</ele>
        <time>2026-07-27T08:43:42.000Z</time>
        <extensions>
          <ns3:TrackPointExtension>
            <ns3:hr>121</ns3:hr>
            <ns3:cad>55</ns3:cad>
          </ns3:TrackPointExtension>
        </extensions>
      </trkpt>
      <trkpt lat="45.04941257648169994354248046875" lon="6.294354982674121856689453125">
        <ele>1791</ele>
        <time>2026-07-27T08:43:46.000Z</time>
        <extensions>
          <ns3:TrackPointExtension>
            <ns3:hr>121</ns3:hr>
            <ns3:cad>54</ns3:cad>
          </ns3:TrackPointExtension>
        </extensions>
      </trkpt>
      <trkpt lat="45.049415342509746551513671875" lon="6.29443704150617122650146484375">
        <ele>1790.4000244140625</ele>
        <time>2026-07-27T08:43:51.000Z</time>
        <extensions>
          <ns3:TrackPointExtension>
            <ns3:hr>120</ns3:hr>
            <ns3:cad>56</ns3:cad>
          </ns3:TrackPointExtension>
        </extensions>
      </trkpt>
      <trkpt lat="45.04943353123962879180908203125" lon="6.29449001513421535491943359375">
        <ele>1789.5999755859375</ele>
        <time>2026-07-27T08:43:55.000Z</time>
        <extensions>
          <ns3:TrackPointExtension>
            <ns3:hr>120</ns3:hr>
            <ns3:cad>56</ns3:cad>
          </ns3:TrackPointExtension>
        </extensions>
      </trkpt>
      <trkpt lat="45.0494383089244365692138671875" lon="6.2945020012557506561279296875">
        <ele>1789.4000244140625</ele>
        <time>2026-07-27T08:43:56.000Z</time>
        <extensions>
          <ns3:TrackPointExtension>
            <ns3:hr>120</ns3:hr>
            <ns3:cad>56</ns3:cad>
          </ns3:TrackPointExtension>
        </extensions>
      </trkpt>
      <trkpt lat="45.04945985041558742523193359375" lon="6.29455170594155788421630859375">
        <ele>1788.199951171875</ele>
        <time>2026-07-27T08:44:00.000Z</time>
        <extensions>
          <ns3:TrackPointExtension>
            <ns3:hr>120</ns3:hr>
            <ns3:cad>56</ns3:cad>
          </ns3:TrackPointExtension>
        </extensions>
      </trkpt>
      <trkpt lat="45.049499832093715667724609375" lon="6.2945978902280330657958984375">
        <ele>1787.4000244140625</ele>
        <time>2026-07-27T08:44:04.000Z</time>
        <extensions>
          <ns3:TrackPointExtension>
            <ns3:hr>119</ns3:hr>
            <ns3:cad>56</ns3:cad>
          </ns3:TrackPointExtension>
        </extensions>
      </trkpt>
      <trkpt lat="45.04950745962560176849365234375" lon="6.29461155273020267486572265625">
        <ele>1787.199951171875</ele>
        <time>2026-07-27T08:44:05.000Z</time>
        <extensions>
          <ns3:TrackPointExtension>
            <ns3:hr>119</ns3:hr>
            <ns3:cad>55</ns3:cad>
          </ns3:TrackPointExtension>
        </extensions>
      </trkpt>
      <trkpt lat="45.04953704774379730224609375" lon="6.29463971592485904693603515625">
        <ele>1786.5999755859375</ele>
        <time>2026-07-27T08:44:08.000Z</time>
        <extensions>
          <ns3:TrackPointExtension>
            <ns3:hr>119</ns3:hr>
            <ns3:cad>55</ns3:cad>
          </ns3:TrackPointExtension>
        </extensions>
      </trkpt>
      <trkpt lat="45.0495556555688381195068359375" lon="6.29467324353754520416259765625">
        <ele>1786.199951171875</ele>
        <time>2026-07-27T08:44:11.000Z</time>
        <extensions>
          <ns3:TrackPointExtension>
            <ns3:hr>119</ns3:hr>
            <ns3:cad>53</ns3:cad>
          </ns3:TrackPointExtension>
        </extensions>
      </trkpt>
      <trkpt lat="45.04958935081958770751953125" lon="6.29477147944271564483642578125">
        <ele>1785.199951171875</ele>
        <time>2026-07-27T08:44:18.000Z</time>
        <extensions>
          <ns3:TrackPointExtension>
            <ns3:hr>120</ns3:hr>
            <ns3:cad>54</ns3:cad>
          </ns3:TrackPointExtension>
        </extensions>
      </trkpt>
      <trkpt lat="45.04960410296916961669921875" lon="6.2948231957852840423583984375">
        <ele>1784.5999755859375</ele>
        <time>2026-07-27T08:44:21.000Z</time>
        <extensions>
          <ns3:TrackPointExtension>
            <ns3:hr>120</ns3:hr>
            <ns3:cad>54</ns3:cad>
          </ns3:TrackPointExtension>
        </extensions>
      </trkpt>
      <trkpt lat="45.049603767693042755126953125" lon="6.29483618773519992828369140625">
        <ele>1784.4000244140625</ele>
        <time>2026-07-27T08:44:22.000Z</time>
        <extensions>
          <ns3:TrackPointExtension>
            <ns3:hr>120</ns3:hr>
            <ns3:cad>54</ns3:cad>
          </ns3:TrackPointExtension>
        </extensions>
      </trkpt>
      <trkpt lat="45.04960251040756702423095703125" lon="6.29485152661800384521484375">
        <ele>1784</ele>
        <time>2026-07-27T08:44:23.000Z</time>
        <extensions>
          <ns3:TrackPointExtension>
            <ns3:hr>119</ns3:hr>
            <ns3:cad>54</ns3:cad>
          </ns3:TrackPointExtension>
        </extensions>
      </trkpt>
      <trkpt lat="45.04962011240422725677490234375" lon="6.2949244491755962371826171875">
        <ele>1783.199951171875</ele>
        <time>2026-07-27T08:44:28.000Z</time>
        <extensions>
          <ns3:TrackPointExtension>
            <ns3:hr>119</ns3:hr>
            <ns3:cad>0</ns3:cad>
          </ns3:TrackPointExtension>
        </extensions>
      </trkpt>
      <trkpt lat="45.0496200285851955413818359375" lon="6.2949385307729244232177734375">
        <ele>1783</ele>
        <time>2026-07-27T08:44:29.000Z</time>
        <extensions>
          <ns3:TrackPointExtension>
            <ns3:hr>119</ns3:hr>
            <ns3:cad>0</ns3:cad>
          </ns3:TrackPointExtension>
        </extensions>
      </trkpt>
      <trkpt lat="45.0496302545070648193359375" lon="6.29498287104070186614990234375">
        <ele>1782.4000244140625</ele>
        <time>2026-07-27T08:44:32.000Z</time>
        <extensions>
          <ns3:TrackPointExtension>
            <ns3:hr>122</ns3:hr>
            <ns3:cad>0</ns3:cad>
          </ns3:TrackPointExtension>
        </extensions>
      </trkpt>
      <trkpt lat="45.04964643158018589019775390625" lon="6.29503031261265277862548828125">
        <ele>1781.800048828125</ele>
        <time>2026-07-27T08:44:35.000Z</time>
        <extensions>
          <ns3:TrackPointExtension>
            <ns3:hr>123</ns3:hr>
            <ns3:cad>53</ns3:cad>
          </ns3:TrackPointExtension>
        </extensions>
      </trkpt>
      <trkpt lat="45.049650035798549652099609375" lon="6.2951048277318477630615234375">
        <ele>1780.5999755859375</ele>
        <time>2026-07-27T08:44:41.000Z</time>
        <extensions>
          <ns3:TrackPointExtension>
            <ns3:hr>121</ns3:hr>
            <ns3:cad>50</ns3:cad>
          </ns3:TrackPointExtension>
        </extensions>
      </trkpt>
      <trkpt lat="45.049648694694042205810546875" lon="6.295115053653717041015625">
        <ele>1780.4000244140625</ele>
        <time>2026-07-27T08:44:42.000Z</time>
        <extensions>
          <ns3:TrackPointExtension>
            <ns3:hr>121</ns3:hr>
            <ns3:cad>53</ns3:cad>
          </ns3:TrackPointExtension>
        </extensions>
      </trkpt>
      <trkpt lat="45.04961550235748291015625" lon="6.29518009722232818603515625">
        <ele>1779.4000244140625</ele>
        <time>2026-07-27T08:44:47.000Z</time>
        <extensions>
          <ns3:TrackPointExtension>
            <ns3:hr>119</ns3:hr>
            <ns3:cad>53</ns3:cad>
          </ns3:TrackPointExtension>
        </extensions>
      </trkpt>
      <trkpt lat="45.04961491562426090240478515625" lon="6.29519057460129261016845703125">
        <ele>1779.199951171875</ele>
        <time>2026-07-27T08:44:48.000Z</time>
        <extensions>
          <ns3:TrackPointExtension>
            <ns3:hr>119</ns3:hr>
            <ns3:cad>53</ns3:cad>
          </ns3:TrackPointExtension>
        </extensions>
      </trkpt>
      <trkpt lat="45.04961751401424407958984375" lon="6.29520163871347904205322265625">
        <ele>1778.800048828125</ele>
        <time>2026-07-27T08:44:49.000Z</time>
        <extensions>
          <ns3:TrackPointExtension>
            <ns3:hr>118</ns3:hr>
            <ns3:cad>53</ns3:cad>
          </ns3:TrackPointExtension>
        </extensions>
      </trkpt>
      <trkpt lat="45.049607455730438232421875" lon="6.295221336185932159423828125">
        <ele>1778.4000244140625</ele>
        <time>2026-07-27T08:44:52.000Z</time>
        <extensions>
          <ns3:TrackPointExtension>
            <ns3:hr>118</ns3:hr>
            <ns3:cad>53</ns3:cad>
          </ns3:TrackPointExtension>
        </extensions>
      </trkpt>
      <trkpt lat="45.0495720840990543365478515625" lon="6.2952919118106365203857421875">
        <ele>1777.4000244140625</ele>
        <time>2026-07-27T08:44:57.000Z</time>
        <extensions>
          <ns3:TrackPointExtension>
            <ns3:hr>121</ns3:hr>
            <ns3:cad>53</ns3:cad>
          </ns3:TrackPointExtension>
        </extensions>
      </trkpt>
      <trkpt lat="45.0495583377778530120849609375" lon="6.2953023053705692291259765625">
        <ele>1776.800048828125</ele>
        <time>2026-07-27T08:44:59.000Z</time>
        <extensions>
          <ns3:TrackPointExtension>
            <ns3:hr>123</ns3:hr>
            <ns3:cad>53</ns3:cad>
          </ns3:TrackPointExtension>
        </extensions>
      </trkpt>
      <trkpt lat="45.04954769276082515716552734375" lon="6.295313201844692230224609375">
        <ele>1776.4000244140625</ele>
        <time>2026-07-27T08:45:00.000Z</time>
        <extensions>
          <ns3:TrackPointExtension>
            <ns3:hr>123</ns3:hr>
            <ns3:cad>53</ns3:cad>
          </ns3:TrackPointExtension>
        </extensions>
      </trkpt>
      <trkpt lat="45.0495345331728458404541015625" lon="6.2953126989305019378662109375">
        <ele>1776</ele>
        <time>2026-07-27T08:45:01.000Z</time>
        <extensions>
          <ns3:TrackPointExtension>
            <ns3:hr>123</ns3:hr>
            <ns3:cad>53</ns3:cad>
          </ns3:TrackPointExtension>
        </extensions>
      </trkpt>
      <trkpt lat="45.0495040230453014373779296875" lon="6.2953468970954418182373046875">
        <ele>1775</ele>
        <time>2026-07-27T08:45:05.000Z</time>
        <extensions>
          <ns3:TrackPointExtension>
            <ns3:hr>125</ns3:hr>
            <ns3:cad>58</ns3:cad>
          </ns3:TrackPointExtension>
        </extensions>
      </trkpt>
      <trkpt lat="45.04950125701725482940673828125" lon="6.295372545719146728515625">
        <ele>1775</ele>
        <time>2026-07-27T08:45:07.000Z</time>
        <extensions>
          <ns3:TrackPointExtension>
            <ns3:hr>126</ns3:hr>
            <ns3:cad>54</ns3:cad>
          </ns3:TrackPointExtension>
        </extensions>
      </trkpt>
      <trkpt lat="45.04949958063662052154541015625" lon="6.29539526067674160003662109375">
        <ele>1774.800048828125</ele>
        <time>2026-07-27T08:45:09.000Z</time>
        <extensions>
          <ns3:TrackPointExtension>
            <ns3:hr>127</ns3:hr>
            <ns3:cad>54</ns3:cad>
          </ns3:TrackPointExtension>
        </extensions>
      </trkpt>
      <trkpt lat="45.04949103109538555145263671875" lon="6.29540297202765941619873046875">
        <ele>1774.5999755859375</ele>
        <time>2026-07-27T08:45:12.000Z</time>
        <extensions>
          <ns3:TrackPointExtension>
            <ns3:hr>128</ns3:hr>
            <ns3:cad>0</ns3:cad>
          </ns3:TrackPointExtension>
        </extensions>
      </trkpt>
      <trkpt lat="45.0494969822466373443603515625" lon="6.2954079173505306243896484375">
        <ele>1774.5999755859375</ele>
        <time>2026-07-27T08:45:17.000Z</time>
        <extensions>
          <ns3:TrackPointExtension>
            <ns3:hr>127</ns3:hr>
            <ns3:cad>0</ns3:cad>
          </ns3:TrackPointExtension>
        </extensions>
      </trkpt>
      <trkpt lat="45.04949790425598621368408203125" lon="6.2953911535441875457763671875">
        <ele>1773.800048828125</ele>
        <time>2026-07-27T08:45:23.000Z</time>
        <extensions>
          <ns3:TrackPointExtension>
            <ns3:hr>127</ns3:hr>
            <ns3:cad>48</ns3:cad>
          </ns3:TrackPointExtension>
        </extensions>
      </trkpt>
      <trkpt lat="45.04948952235281467437744140625" lon="6.29535175859928131103515625">
        <ele>1773</ele>
        <time>2026-07-27T08:45:28.000Z</time>
        <extensions>
          <ns3:TrackPointExtension>
            <ns3:hr>125</ns3:hr>
            <ns3:cad>55</ns3:cad>
          </ns3:TrackPointExtension>
        </extensions>
      </trkpt>
      <trkpt lat="45.04948566667735576629638671875" lon="6.29535687156021595001220703125">
        <ele>1772.800048828125</ele>
        <time>2026-07-27T08:45:29.000Z</time>
        <extensions>
          <ns3:TrackPointExtension>
            <ns3:hr>125</ns3:hr>
            <ns3:cad>55</ns3:cad>
          </ns3:TrackPointExtension>
        </extensions>
      </trkpt>
      <trkpt lat="45.04945389926433563232421875" lon="6.29536776803433895111083984375">
        <ele>1771.5999755859375</ele>
        <time>2026-07-27T08:45:35.000Z</time>
        <extensions>
          <ns3:TrackPointExtension>
            <ns3:hr>125</ns3:hr>
            <ns3:cad>0</ns3:cad>
          </ns3:TrackPointExtension>
        </extensions>
      </trkpt>
      <trkpt lat="45.0494440086185932159423828125" lon="6.29536760039627552032470703125">
        <ele>1771.4000244140625</ele>
        <time>2026-07-27T08:45:36.000Z</time>
        <extensions>
          <ns3:TrackPointExtension>
            <ns3:hr>125</ns3:hr>
            <ns3:cad>0</ns3:cad>
          </ns3:TrackPointExtension>
        </extensions>
      </trkpt>
      <trkpt lat="45.04939832724630832672119140625" lon="6.29536961205303668975830078125">
        <ele>1770.4000244140625</ele>
        <time>2026-07-27T08:45:40.000Z</time>
        <extensions>
          <ns3:TrackPointExtension>
            <ns3:hr>126</ns3:hr>
            <ns3:cad>51</ns3:cad>
          </ns3:TrackPointExtension>
        </extensions>
      </trkpt>
      <trkpt lat="45.04937502555549144744873046875" lon="6.2953844480216503143310546875">
        <ele>1769.800048828125</ele>
        <time>2026-07-27T08:45:42.000Z</time>
        <extensions>
          <ns3:TrackPointExtension>
            <ns3:hr>126</ns3:hr>
            <ns3:cad>51</ns3:cad>
          </ns3:TrackPointExtension>
        </extensions>
      </trkpt>
      <trkpt lat="45.049347616732120513916015625" lon="6.2954022176563739776611328125">
        <ele>1769.4000244140625</ele>
        <time>2026-07-27T08:45:44.000Z</time>
        <extensions>
          <ns3:TrackPointExtension>
            <ns3:hr>126</ns3:hr>
            <ns3:cad>0</ns3:cad>
          </ns3:TrackPointExtension>
        </extensions>
      </trkpt>
      <trkpt lat="45.04931685514748096466064453125" lon="6.2954313866794109344482421875">
        <ele>1768.199951171875</ele>
        <time>2026-07-27T08:45:49.000Z</time>
        <extensions>
          <ns3:TrackPointExtension>
            <ns3:hr>125</ns3:hr>
            <ns3:cad>52</ns3:cad>
          </ns3:TrackPointExtension>
        </extensions>
      </trkpt>
      <trkpt lat="45.04930679686367511749267578125" lon="6.29547111690044403076171875">
        <ele>1767.199951171875</ele>
        <time>2026-07-27T08:45:54.000Z</time>
        <extensions>
          <ns3:TrackPointExtension>
            <ns3:hr>126</ns3:hr>
            <ns3:cad>49</ns3:cad>
          </ns3:TrackPointExtension>
        </extensions>
      </trkpt>
      <trkpt lat="45.0493021868169307708740234375" lon="6.29548762924969196319580078125">
        <ele>1766.800048828125</ele>
        <time>2026-07-27T08:45:56.000Z</time>
        <extensions>
          <ns3:TrackPointExtension>
            <ns3:hr>126</ns3:hr>
            <ns3:cad>49</ns3:cad>
          </ns3:TrackPointExtension>
        </extensions>
      </trkpt>
      <trkpt lat="45.04929875023663043975830078125" lon="6.2955386750400066375732421875">
        <ele>1766</ele>
        <time>2026-07-27T08:46:00.000Z</time>
        <extensions>
          <ns3:TrackPointExtension>
            <ns3:hr>126</ns3:hr>
            <ns3:cad>51</ns3:cad>
          </ns3:TrackPointExtension>
        </extensions>
      </trkpt>
      <trkpt lat="45.0492834113538265228271484375" lon="6.2955530919134616851806640625">
        <ele>1765.800048828125</ele>
        <time>2026-07-27T08:46:02.000Z</time>
        <extensions>
          <ns3:TrackPointExtension>
            <ns3:hr>126</ns3:hr>
            <ns3:cad>0</ns3:cad>
          </ns3:TrackPointExtension>
        </extensions>
      </trkpt>
      <trkpt lat="45.04926455207169055938720703125" lon="6.29555418156087398529052734375">
        <ele>1765.800048828125</ele>
        <time>2026-07-27T08:46:04.000Z</time>
        <extensions>
          <ns3:TrackPointExtension>
            <ns3:hr>125</ns3:hr>
            <ns3:cad>0</ns3:cad>
          </ns3:TrackPointExtension>
        </extensions>
      </trkpt>
      <trkpt lat="45.04925767891108989715576171875" lon="6.2955695204436779022216796875">
        <ele>1765.5999755859375</ele>
        <time>2026-07-27T08:46:05.000Z</time>
        <extensions>
          <ns3:TrackPointExtension>
            <ns3:hr>125</ns3:hr>
            <ns3:cad>0</ns3:cad>
          </ns3:TrackPointExtension>
        </extensions>
      </trkpt>
      <trkpt lat="45.04922750405967235565185546875" lon="6.29559659399092197418212890625">
        <ele>1765.4000244140625</ele>
        <time>2026-07-27T08:46:08.000Z</time>
        <extensions>
          <ns3:TrackPointExtension>
            <ns3:hr>125</ns3:hr>
            <ns3:cad>0</ns3:cad>
          </ns3:TrackPointExtension>
        </extensions>
      </trkpt>
      <trkpt lat="45.0492173619568347930908203125" lon="6.29560531117022037506103515625">
        <ele>1765.199951171875</ele>
        <time>2026-07-27T08:46:09.000Z</time>
        <extensions>
          <ns3:TrackPointExtension>
            <ns3:hr>125</ns3:hr>
            <ns3:cad>0</ns3:cad>
          </ns3:TrackPointExtension>
        </extensions>
      </trkpt>
      <trkpt lat="45.0492089800536632537841796875" lon="6.29560430534183979034423828125">
        <ele>1764.800048828125</ele>
        <time>2026-07-27T08:46:10.000Z</time>
        <extensions>
          <ns3:TrackPointExtension>
            <ns3:hr>125</ns3:hr>
            <ns3:cad>0</ns3:cad>
          </ns3:TrackPointExtension>
        </extensions>
      </trkpt>
      <trkpt lat="45.04916145466268062591552734375" lon="6.2956080771982669830322265625">
        <ele>1764</ele>
        <time>2026-07-27T08:46:15.000Z</time>
        <extensions>
          <ns3:TrackPointExtension>
            <ns3:hr>125</ns3:hr>
            <ns3:cad>0</ns3:cad>
          </ns3:TrackPointExtension>
        </extensions>
      </trkpt>
      <trkpt lat="45.04915407858788967132568359375" lon="6.29560430534183979034423828125">
        <ele>1763.5999755859375</ele>
        <time>2026-07-27T08:46:16.000Z</time>
        <extensions>
          <ns3:TrackPointExtension>
            <ns3:hr>125</ns3:hr>
            <ns3:cad>52</ns3:cad>
          </ns3:TrackPointExtension>
        </extensions>
      </trkpt>
      <trkpt lat="45.04914754070341587066650390625" lon="6.2956047244369983673095703125">
        <ele>1763.5999755859375</ele>
        <time>2026-07-27T08:46:17.000Z</time>
        <extensions>
          <ns3:TrackPointExtension>
            <ns3:hr>124</ns3:hr>
            <ns3:cad>52</ns3:cad>
          </ns3:TrackPointExtension>
        </extensions>
      </trkpt>
      <trkpt lat="45.0491077266633510589599609375" lon="6.29557983018457889556884765625">
        <ele>1762.5999755859375</ele>
        <time>2026-07-27T08:46:21.000Z</time>
        <extensions>
          <ns3:TrackPointExtension>
            <ns3:hr>125</ns3:hr>
            <ns3:cad>52</ns3:cad>
          </ns3:TrackPointExtension>
        </extensions>
      </trkpt>
      <trkpt lat="45.04909574054181575775146484375" lon="6.29557169973850250244140625">
        <ele>1762.5999755859375</ele>
        <time>2026-07-27T08:46:22.000Z</time>
        <extensions>
          <ns3:TrackPointExtension>
            <ns3:hr>125</ns3:hr>
            <ns3:cad>52</ns3:cad>
          </ns3:TrackPointExtension>
        </extensions>
      </trkpt>
      <trkpt lat="45.04905081354081630706787109375" lon="6.29556038416922092437744140625">
        <ele>1761.4000244140625</ele>
        <time>2026-07-27T08:46:27.000Z</time>
        <extensions>
          <ns3:TrackPointExtension>
            <ns3:hr>122</ns3:hr>
            <ns3:cad>53</ns3:cad>
          </ns3:TrackPointExtension>
        </extensions>
      </trkpt>
      <trkpt lat="45.0490443594753742218017578125" lon="6.2955638207495212554931640625">
        <ele>1761.199951171875</ele>
        <time>2026-07-27T08:46:29.000Z</time>
        <extensions>
          <ns3:TrackPointExtension>
            <ns3:hr>123</ns3:hr>
            <ns3:cad>53</ns3:cad>
          </ns3:TrackPointExtension>
        </extensions>
      </trkpt>
      <trkpt lat="45.049029104411602020263671875" lon="6.295574046671390533447265625">
        <ele>1760.800048828125</ele>
        <time>2026-07-27T08:46:31.000Z</time>
        <extensions>
          <ns3:TrackPointExtension>
            <ns3:hr>122</ns3:hr>
            <ns3:cad>53</ns3:cad>
          </ns3:TrackPointExtension>
        </extensions>
      </trkpt>
      <trkpt lat="45.0490014441311359405517578125" lon="6.29557748325169086456298828125">
        <ele>1760.4000244140625</ele>
        <time>2026-07-27T08:46:34.000Z</time>
        <extensions>
          <ns3:TrackPointExtension>
            <ns3:hr>122</ns3:hr>
            <ns3:cad>53</ns3:cad>
          </ns3:TrackPointExtension>
        </extensions>
      </trkpt>
      <trkpt lat="45.0489783100783824920654296875" lon="6.2955782376229763031005859375">
        <ele>1759.4000244140625</ele>
        <time>2026-07-27T08:46:38.000Z</time>
        <extensions>
          <ns3:TrackPointExtension>
            <ns3:hr>122</ns3:hr>
            <ns3:cad>0</ns3:cad>
          </ns3:TrackPointExtension>
        </extensions>
      </trkpt>
      <trkpt lat="45.04896649159491062164306640625" lon="6.29558083601295948028564453125">
        <ele>1759</ele>
        <time>2026-07-27T08:46:39.000Z</time>
        <extensions>
          <ns3:TrackPointExtension>
            <ns3:hr>122</ns3:hr>
            <ns3:cad>59</ns3:cad>
          </ns3:TrackPointExtension>
        </extensions>
      </trkpt>
      <trkpt lat="45.04893464036285877227783203125" lon="6.29556231200695037841796875">
        <ele>1758</ele>
        <time>2026-07-27T08:46:43.000Z</time>
        <extensions>
          <ns3:TrackPointExtension>
            <ns3:hr>123</ns3:hr>
            <ns3:cad>59</ns3:cad>
          </ns3:TrackPointExtension>
        </extensions>
      </trkpt>
      <trkpt lat="45.0489048846065998077392578125" lon="6.295538507401943206787109375">
        <ele>1757</ele>
        <time>2026-07-27T08:46:48.000Z</time>
        <extensions>
          <ns3:TrackPointExtension>
            <ns3:hr>124</ns3:hr>
            <ns3:cad>58</ns3:cad>
          </ns3:TrackPointExtension>
        </extensions>
      </trkpt>
      <trkpt lat="45.04890329204499721527099609375" lon="6.2955383397638797760009765625">
        <ele>1756.800048828125</ele>
        <time>2026-07-27T08:46:49.000Z</time>
        <extensions>
          <ns3:TrackPointExtension>
            <ns3:hr>124</ns3:hr>
            <ns3:cad>56</ns3:cad>
          </ns3:TrackPointExtension>
        </extensions>
      </trkpt>
      <trkpt lat="45.0489011965692043304443359375" lon="6.29554127342998981475830078125">
        <ele>1756.4000244140625</ele>
        <time>2026-07-27T08:46:54.000Z</time>
        <extensions>
          <ns3:TrackPointExtension>
            <ns3:hr>124</ns3:hr>
            <ns3:cad>0</ns3:cad>
          </ns3:TrackPointExtension>
        </extensions>
      </trkpt>
      <trkpt lat="45.04889105446636676788330078125" lon="6.2955222465097904205322265625">
        <ele>1755.5999755859375</ele>
        <time>2026-07-27T08:47:06.000Z</time>
        <extensions>
          <ns3:TrackPointExtension>
            <ns3:hr>123</ns3:hr>
            <ns3:cad>0</ns3:cad>
          </ns3:TrackPointExtension>
        </extensions>
      </trkpt>
      <trkpt lat="45.04888133145868778228759765625" lon="6.2954196520149707794189453125">
        <ele>1754.5999755859375</ele>
        <time>2026-07-27T08:47:11.000Z</time>
        <extensions>
          <ns3:TrackPointExtension>
            <ns3:hr>124</ns3:hr>
            <ns3:cad>54</ns3:cad>
          </ns3:TrackPointExtension>
        </extensions>
      </trkpt>
      <trkpt lat="45.04888124763965606689453125" lon="6.2954018823802471160888671875">
        <ele>1754.199951171875</ele>
        <time>2026-07-27T08:47:12.000Z</time>
        <extensions>
          <ns3:TrackPointExtension>
            <ns3:hr>124</ns3:hr>
            <ns3:cad>0</ns3:cad>
          </ns3:TrackPointExtension>
        </extensions>
      </trkpt>
      <trkpt lat="45.04888300783932209014892578125" lon="6.2953854538500308990478515625">
        <ele>1754</ele>
        <time>2026-07-27T08:47:13.000Z</time>
        <extensions>
          <ns3:TrackPointExtension>
            <ns3:hr>124</ns3:hr>
            <ns3:cad>0</ns3:cad>
          </ns3:TrackPointExtension>
        </extensions>
      </trkpt>
      <trkpt lat="45.04886859096586704254150390625" lon="6.29536977969110012054443359375">
        <ele>1753.5999755859375</ele>
        <time>2026-07-27T08:47:15.000Z</time>
        <extensions>
          <ns3:TrackPointExtension>
            <ns3:hr>124</ns3:hr>
            <ns3:cad>0</ns3:cad>
          </ns3:TrackPointExtension>
        </extensions>
      </trkpt>
      <trkpt lat="45.04885216243565082550048828125" lon="6.29537732340395450592041015625">
        <ele>1753.4000244140625</ele>
        <time>2026-07-27T08:47:16.000Z</time>
        <extensions>
          <ns3:TrackPointExtension>
            <ns3:hr>124</ns3:hr>
            <ns3:cad>0</ns3:cad>
          </ns3:TrackPointExtension>
        </extensions>
      </trkpt>
      <trkpt lat="45.0488472171127796173095703125" lon="6.2953713722527027130126953125">
        <ele>1753</ele>
        <time>2026-07-27T08:47:17.000Z</time>
        <extensions>
          <ns3:TrackPointExtension>
            <ns3:hr>124</ns3:hr>
            <ns3:cad>0</ns3:cad>
          </ns3:TrackPointExtension>
        </extensions>
      </trkpt>
      <trkpt lat="45.0488244183361530303955078125" lon="6.29535041749477386474609375">
        <ele>1752</ele>
        <time>2026-07-27T08:47:21.000Z</time>
        <extensions>
          <ns3:TrackPointExtension>
            <ns3:hr>125</ns3:hr>
            <ns3:cad>55</ns3:cad>
          </ns3:TrackPointExtension>
        </extensions>
      </trkpt>
      <trkpt lat="45.04881192930042743682861328125" lon="6.29534362815320491790771484375">
        <ele>1751.800048828125</ele>
        <time>2026-07-27T08:47:22.000Z</time>
        <extensions>
          <ns3:TrackPointExtension>
            <ns3:hr>125</ns3:hr>
            <ns3:cad>57</ns3:cad>
          </ns3:TrackPointExtension>
        </extensions>
      </trkpt>
      <trkpt lat="45.04878158681094646453857421875" lon="6.2953411974012851715087890625">
        <ele>1751</ele>
        <time>2026-07-27T08:47:25.000Z</time>
        <extensions>
          <ns3:TrackPointExtension>
            <ns3:hr>125</ns3:hr>
            <ns3:cad>56</ns3:cad>
          </ns3:TrackPointExtension>
        </extensions>
      </trkpt>
      <trkpt lat="45.0487429462373256683349609375" lon="6.29536005668342113494873046875">
        <ele>1750.4000244140625</ele>
        <time>2026-07-27T08:47:28.000Z</time>
        <extensions>
          <ns3:TrackPointExtension>
            <ns3:hr>125</ns3:hr>
            <ns3:cad>56</ns3:cad>
          </ns3:TrackPointExtension>
        </extensions>
      </trkpt>
      <trkpt lat="45.0487245060503482818603515625" lon="6.2953653372824192047119140625">
        <ele>1749.800048828125</ele>
        <time>2026-07-27T08:47:30.000Z</time>
        <extensions>
          <ns3:TrackPointExtension>
            <ns3:hr>125</ns3:hr>
            <ns3:cad>56</ns3:cad>
          </ns3:TrackPointExtension>
        </extensions>
      </trkpt>
      <trkpt lat="45.0486981868743896484375" lon="6.29537849687039852142333984375">
        <ele>1748.5999755859375</ele>
        <time>2026-07-27T08:47:34.000Z</time>
        <extensions>
          <ns3:TrackPointExtension>
            <ns3:hr>124</ns3:hr>
            <ns3:cad>0</ns3:cad>
          </ns3:TrackPointExtension>
        </extensions>
      </trkpt>
      <trkpt lat="45.04869257099926471710205078125" lon="6.2953774072229862213134765625">
        <ele>1748.199951171875</ele>
        <time>2026-07-27T08:47:35.000Z</time>
        <extensions>
          <ns3:TrackPointExtension>
            <ns3:hr>123</ns3:hr>
            <ns3:cad>0</ns3:cad>
          </ns3:TrackPointExtension>
        </extensions>
      </trkpt>
      <trkpt lat="45.04867647774517536163330078125" lon="6.295365504920482635498046875">
        <ele>1747.5999755859375</ele>
        <time>2026-07-27T08:47:37.000Z</time>
        <extensions>
          <ns3:TrackPointExtension>
            <ns3:hr>120</ns3:hr>
            <ns3:cad>0</ns3:cad>
          </ns3:TrackPointExtension>
        </extensions>
      </trkpt>
      <trkpt lat="45.0486660003662109375" lon="6.29535854794085025787353515625">
        <ele>1747.4000244140625</ele>
        <time>2026-07-27T08:47:38.000Z</time>
        <extensions>
          <ns3:TrackPointExtension>
            <ns3:hr>120</ns3:hr>
            <ns3:cad>0</ns3:cad>
          </ns3:TrackPointExtension>
        </extensions>
      </trkpt>
      <trkpt lat="45.04863373003900051116943359375" lon="6.29535033367574214935302734375">
        <ele>1746.5999755859375</ele>
        <time>2026-07-27T08:47:41.000Z</time>
        <extensions>
          <ns3:TrackPointExtension>
            <ns3:hr>120</ns3:hr>
            <ns3:cad>57</ns3:cad>
          </ns3:TrackPointExtension>
        </extensions>
      </trkpt>
      <trkpt lat="45.04862635396420955657958984375" lon="6.2953519262373447418212890625">
        <ele>1746.4000244140625</ele>
        <time>2026-07-27T08:47:42.000Z</time>
        <extensions>
          <ns3:TrackPointExtension>
            <ns3:hr>120</ns3:hr>
            <ns3:cad>57</ns3:cad>
          </ns3:TrackPointExtension>
        </extensions>
      </trkpt>
      <trkpt lat="45.04857438616454601287841796875" lon="6.29536676220595836639404296875">
        <ele>1745.199951171875</ele>
        <time>2026-07-27T08:47:48.000Z</time>
        <extensions>
          <ns3:TrackPointExtension>
            <ns3:hr>120</ns3:hr>
            <ns3:cad>57</ns3:cad>
          </ns3:TrackPointExtension>
        </extensions>
      </trkpt>
      <trkpt lat="45.048571787774562835693359375" lon="6.29538285546004772186279296875">
        <ele>1744.4000244140625</ele>
        <time>2026-07-27T08:47:51.000Z</time>
        <extensions>
          <ns3:TrackPointExtension>
            <ns3:hr>122</ns3:hr>
            <ns3:cad>57</ns3:cad>
          </ns3:TrackPointExtension>
        </extensions>
      </trkpt>
      <trkpt lat="45.0485793314874172210693359375" lon="6.295398361980915069580078125">
        <ele>1744.199951171875</ele>
        <time>2026-07-27T08:47:52.000Z</time>
        <extensions>
          <ns3:TrackPointExtension>
            <ns3:hr>123</ns3:hr>
            <ns3:cad>57</ns3:cad>
          </ns3:TrackPointExtension>
        </extensions>
      </trkpt>
      <trkpt lat="45.04854739643633365631103515625" lon="6.295404732227325439453125">
        <ele>1743</ele>
        <time>2026-07-27T08:47:57.000Z</time>
        <extensions>
          <ns3:TrackPointExtension>
            <ns3:hr>123</ns3:hr>
            <ns3:cad>53</ns3:cad>
          </ns3:TrackPointExtension>
        </extensions>
      </trkpt>
      <trkpt lat="45.0485385954380035400390625" lon="6.2954028882086277008056640625">
        <ele>1742.5999755859375</ele>
        <time>2026-07-27T08:47:58.000Z</time>
        <extensions>
          <ns3:TrackPointExtension>
            <ns3:hr>123</ns3:hr>
            <ns3:cad>53</ns3:cad>
          </ns3:TrackPointExtension>
        </extensions>
      </trkpt>
      <trkpt lat="45.0485136173665523529052734375" lon="6.2954122759401798248291015625">
        <ele>1741.800048828125</ele>
        <time>2026-07-27T08:48:02.000Z</time>
        <extensions>
          <ns3:TrackPointExtension>
            <ns3:hr>123</ns3:hr>
            <ns3:cad>60</ns3:cad>
          </ns3:TrackPointExtension>
        </extensions>
      </trkpt>
      <trkpt lat="45.0484958477318286895751953125" lon="6.29544773139059543609619140625">
        <ele>1740.5999755859375</ele>
        <time>2026-07-27T08:48:06.000Z</time>
        <extensions>
          <ns3:TrackPointExtension>
            <ns3:hr>122</ns3:hr>
            <ns3:cad>57</ns3:cad>
          </ns3:TrackPointExtension>
        </extensions>
      </trkpt>
      <trkpt lat="45.048481933772563934326171875" lon="6.295487545430660247802734375">
        <ele>1739.4000244140625</ele>
        <time>2026-07-27T08:48:10.000Z</time>
        <extensions>
          <ns3:TrackPointExtension>
            <ns3:hr>122</ns3:hr>
            <ns3:cad>61</ns3:cad>
          </ns3:TrackPointExtension>
        </extensions>
      </trkpt>
      <trkpt lat="45.048479922115802764892578125" lon="6.29553104750812053680419921875">
        <ele>1738.199951171875</ele>
        <time>2026-07-27T08:48:14.000Z</time>
        <extensions>
          <ns3:TrackPointExtension>
            <ns3:hr>121</ns3:hr>
            <ns3:cad>0</ns3:cad>
          </ns3:TrackPointExtension>
        </extensions>
      </trkpt>
      <trkpt lat="45.048479251563549041748046875" lon="6.29557044245302677154541015625">
        <ele>1737.4000244140625</ele>
        <time>2026-07-27T08:48:18.000Z</time>
        <extensions>
          <ns3:TrackPointExtension>
            <ns3:hr>118</ns3:hr>
            <ns3:cad>0</ns3:cad>
          </ns3:TrackPointExtension>
        </extensions>
      </trkpt>
      <trkpt lat="45.0484784133732318878173828125" lon="6.295573376119136810302734375">
        <ele>1737</ele>
        <time>2026-07-27T08:48:19.000Z</time>
        <extensions>
          <ns3:TrackPointExtension>
            <ns3:hr>117</ns3:hr>
            <ns3:cad>0</ns3:cad>
          </ns3:TrackPointExtension>
        </extensions>
      </trkpt>
      <trkpt lat="45.04848151467740535736083984375" lon="6.29558150656521320343017578125">
        <ele>1736.5999755859375</ele>
        <time>2026-07-27T08:48:26.000Z</time>
        <extensions>
          <ns3:TrackPointExtension>
            <ns3:hr>130</ns3:hr>
            <ns3:cad>0</ns3:cad>
          </ns3:TrackPointExtension>
        </extensions>
      </trkpt>
      <trkpt lat="45.04848268814384937286376953125" lon="6.29558167420327663421630859375">
        <ele>1736.5999755859375</ele>
        <time>2026-07-27T08:48:27.000Z</time>
        <extensions>
          <ns3:TrackPointExtension>
            <ns3:hr>136</ns3:hr>
            <ns3:cad>0</ns3:cad>
          </ns3:TrackPointExtension>
        </extensions>
      </trkpt>
      <trkpt lat="45.04848319105803966522216796875" lon="6.295582093298435211181640625">
        <ele>1736.5999755859375</ele>
        <time>2026-07-27T08:48:30.000Z</time>
        <extensions>
          <ns3:TrackPointExtension>
            <ns3:hr>136</ns3:hr>
            <ns3:cad>0</ns3:cad>
          </ns3:TrackPointExtension>
        </extensions>
      </trkpt>
      <trkpt lat="45.04848319105803966522216796875" lon="6.295582093298435211181640625">
        <ele>1736.4000244140625</ele>
        <time>2026-07-27T08:48:35.000Z</time>
        <extensions>
          <ns3:TrackPointExtension>
            <ns3:hr>132</ns3:hr>
            <ns3:cad>0</ns3:cad>
          </ns3:TrackPointExtension>
        </extensions>
      </trkpt>
      <trkpt lat="45.04848319105803966522216796875" lon="6.295582093298435211181640625">
        <ele>1736.4000244140625</ele>
        <time>2026-07-27T08:48:38.000Z</time>
        <extensions>
          <ns3:TrackPointExtension>
            <ns3:hr>129</ns3:hr>
            <ns3:cad>0</ns3:cad>
          </ns3:TrackPointExtension>
        </extensions>
      </trkpt>
      <trkpt lat="45.04848319105803966522216796875" lon="6.295582093298435211181640625">
        <ele>1736</ele>
        <time>2026-07-27T08:48:41.000Z</time>
        <extensions>
          <ns3:TrackPointExtension>
            <ns3:hr>130</ns3:hr>
            <ns3:cad>0</ns3:cad>
          </ns3:TrackPointExtension>
        </extensions>
      </trkpt>
      <trkpt lat="45.0484723784029483795166015625" lon="6.295647136867046356201171875">
        <ele>1734.5999755859375</ele>
        <time>2026-07-27T08:48:46.000Z</time>
        <extensions>
          <ns3:TrackPointExtension>
            <ns3:hr>131</ns3:hr>
            <ns3:cad>0</ns3:cad>
          </ns3:TrackPointExtension>
        </extensions>
      </trkpt>
      <trkpt lat="45.04846952855587005615234375" lon="6.2956667505204677581787109375">
        <ele>1734.4000244140625</ele>
        <time>2026-07-27T08:48:47.000Z</time>
        <extensions>
          <ns3:TrackPointExtension>
            <ns3:hr>131</ns3:hr>
            <ns3:cad>0</ns3:cad>
          </ns3:TrackPointExtension>
        </extensions>
      </trkpt>
      <trkpt lat="45.04846282303333282470703125" lon="6.29572249017655849456787109375">
        <ele>1733.4000244140625</ele>
        <time>2026-07-27T08:48:50.000Z</time>
        <extensions>
          <ns3:TrackPointExtension>
            <ns3:hr>131</ns3:hr>
            <ns3:cad>0</ns3:cad>
          </ns3:TrackPointExtension>
        </extensions>
      </trkpt>
      <trkpt lat="45.04844848997890949249267578125" lon="6.29582441411912441253662109375">
        <ele>1732.199951171875</ele>
        <time>2026-07-27T08:48:57.000Z</time>
        <extensions>
          <ns3:TrackPointExtension>
            <ns3:hr>132</ns3:hr>
            <ns3:cad>58</ns3:cad>
          </ns3:TrackPointExtension>
        </extensions>
      </trkpt>
      <trkpt lat="45.0484472326934337615966796875" lon="6.29583723843097686767578125">
        <ele>1732</ele>
        <time>2026-07-27T08:48:58.000Z</time>
        <extensions>
          <ns3:TrackPointExtension>
            <ns3:hr>132</ns3:hr>
            <ns3:cad>58</ns3:cad>
          </ns3:TrackPointExtension>
        </extensions>
      </trkpt>
      <trkpt lat="45.048438347876071929931640625" lon="6.29588660784065723419189453125">
        <ele>1731.199951171875</ele>
        <time>2026-07-27T08:49:02.000Z</time>
        <extensions>
          <ns3:TrackPointExtension>
            <ns3:hr>132</ns3:hr>
            <ns3:cad>58</ns3:cad>
          </ns3:TrackPointExtension>
        </extensions>
      </trkpt>
      <trkpt lat="45.0484220869839191436767578125" lon="6.295952908694744110107421875">
        <ele>1730</ele>
        <time>2026-07-27T08:49:07.000Z</time>
        <extensions>
          <ns3:TrackPointExtension>
            <ns3:hr>131</ns3:hr>
            <ns3:cad>0</ns3:cad>
          </ns3:TrackPointExtension>
        </extensions>
      </trkpt>
      <trkpt lat="45.0484120287001132965087890625" lon="6.2959889508783817291259765625">
        <ele>1729</ele>
        <time>2026-07-27T08:49:10.000Z</time>
        <extensions>
          <ns3:TrackPointExtension>
            <ns3:hr>130</ns3:hr>
            <ns3:cad>0</ns3:cad>
          </ns3:TrackPointExtension>
        </extensions>
      </trkpt>
      <trkpt lat="45.048407502472400665283203125" lon="6.29601468332111835479736328125">
        <ele>1728.4000244140625</ele>
        <time>2026-07-27T08:49:12.000Z</time>
        <extensions>
          <ns3:TrackPointExtension>
            <ns3:hr>130</ns3:hr>
            <ns3:cad>0</ns3:cad>
          </ns3:TrackPointExtension>
        </extensions>
      </trkpt>
      <trkpt lat="45.0484019704163074493408203125" lon="6.2960482947528362274169921875">
        <ele>1728</ele>
        <time>2026-07-27T08:49:15.000Z</time>
        <extensions>
          <ns3:TrackPointExtension>
            <ns3:hr>130</ns3:hr>
            <ns3:cad>55</ns3:cad>
          </ns3:TrackPointExtension>
        </extensions>
      </trkpt>
      <trkpt lat="45.048395432531833648681640625" lon="6.296111159026622772216796875">
        <ele>1727</ele>
        <time>2026-07-27T08:49:20.000Z</time>
        <extensions>
          <ns3:TrackPointExtension>
            <ns3:hr>132</ns3:hr>
            <ns3:cad>0</ns3:cad>
          </ns3:TrackPointExtension>
        </extensions>
      </trkpt>
      <trkpt lat="45.04839442670345306396484375" lon="6.296123228967189788818359375">
        <ele>1726.800048828125</ele>
        <time>2026-07-27T08:49:21.000Z</time>
        <extensions>
          <ns3:TrackPointExtension>
            <ns3:hr>132</ns3:hr>
            <ns3:cad>0</ns3:cad>
          </ns3:TrackPointExtension>
        </extensions>
      </trkpt>
      <trkpt lat="45.04839350469410419464111328125" lon="6.29619422368705272674560546875">
        <ele>1725.800048828125</ele>
        <time>2026-07-27T08:49:26.000Z</time>
        <extensions>
          <ns3:TrackPointExtension>
            <ns3:hr>132</ns3:hr>
            <ns3:cad>0</ns3:cad>
          </ns3:TrackPointExtension>
        </extensions>
      </trkpt>
      <trkpt lat="45.04839082248508930206298828125" lon="6.29624434746801853179931640625">
        <ele>1724.800048828125</ele>
        <time>2026-07-27T08:49:30.000Z</time>
        <extensions>
          <ns3:TrackPointExtension>
            <ns3:hr>130</ns3:hr>
            <ns3:cad>0</ns3:cad>
          </ns3:TrackPointExtension>
        </extensions>
      </trkpt>
      <trkpt lat="45.04839031957089900970458984375" lon="6.296288184821605682373046875">
        <ele>1724.199951171875</ele>
        <time>2026-07-27T08:49:33.000Z</time>
        <extensions>
          <ns3:TrackPointExtension>
            <ns3:hr>127</ns3:hr>
            <ns3:cad>0</ns3:cad>
          </ns3:TrackPointExtension>
        </extensions>
      </trkpt>
      <trkpt lat="45.0483905710279941558837890625" lon="6.296341158449649810791015625">
        <ele>1723.5999755859375</ele>
        <time>2026-07-27T08:49:37.000Z</time>
        <extensions>
          <ns3:TrackPointExtension>
            <ns3:hr>126</ns3:hr>
            <ns3:cad>55</ns3:cad>
          </ns3:TrackPointExtension>
        </extensions>
      </trkpt>
      <trkpt lat="45.0483929179608821868896484375" lon="6.29641734994947910308837890625">
        <ele>1722.4000244140625</ele>
        <time>2026-07-27T08:49:43.000Z</time>
        <extensions>
          <ns3:TrackPointExtension>
            <ns3:hr>126</ns3:hr>
            <ns3:cad>57</ns3:cad>
          </ns3:TrackPointExtension>
        </extensions>
      </trkpt>
      <trkpt lat="45.048390738666057586669921875" lon="6.29645741544663906097412109375">
        <ele>1721.5999755859375</ele>
        <time>2026-07-27T08:49:46.000Z</time>
        <extensions>
          <ns3:TrackPointExtension>
            <ns3:hr>126</ns3:hr>
            <ns3:cad>58</ns3:cad>
          </ns3:TrackPointExtension>
        </extensions>
      </trkpt>
      <trkpt lat="45.0483875535428524017333984375" lon="6.29647694528102874755859375">
        <ele>1720.800048828125</ele>
        <time>2026-07-27T08:49:48.000Z</time>
        <extensions>
          <ns3:TrackPointExtension>
            <ns3:hr>126</ns3:hr>
            <ns3:cad>58</ns3:cad>
          </ns3:TrackPointExtension>
        </extensions>
      </trkpt>
      <trkpt lat="45.04838059656322002410888671875" lon="6.29650888033211231231689453125">
        <ele>1719.5999755859375</ele>
        <time>2026-07-27T08:49:51.000Z</time>
        <extensions>
          <ns3:TrackPointExtension>
            <ns3:hr>127</ns3:hr>
            <ns3:cad>58</ns3:cad>
          </ns3:TrackPointExtension>
        </extensions>
      </trkpt>
      <trkpt lat="45.0483603961765766143798828125" lon="6.29658666439354419708251953125">
        <ele>1718.4000244140625</ele>
        <time>2026-07-27T08:49:58.000Z</time>
        <extensions>
          <ns3:TrackPointExtension>
            <ns3:hr>129</ns3:hr>
            <ns3:cad>58</ns3:cad>
          </ns3:TrackPointExtension>
        </extensions>
      </trkpt>
      <trkpt lat="45.0483510084450244903564453125" lon="6.29663142375648021697998046875">
        <ele>1717.4000244140625</ele>
        <time>2026-07-27T08:50:02.000Z</time>
        <extensions>
          <ns3:TrackPointExtension>
            <ns3:hr>130</ns3:hr>
            <ns3:cad>59</ns3:cad>
          </ns3:TrackPointExtension>
        </extensions>
      </trkpt>
      <trkpt lat="45.0483426265418529510498046875" lon="6.296665370464324951171875">
        <ele>1716.5999755859375</ele>
        <time>2026-07-27T08:50:05.000Z</time>
        <extensions>
          <ns3:TrackPointExtension>
            <ns3:hr>127</ns3:hr>
            <ns3:cad>56</ns3:cad>
          </ns3:TrackPointExtension>
        </extensions>
      </trkpt>
      <trkpt lat="45.04833935759961605072021484375" lon="6.29668858833611011505126953125">
        <ele>1716</ele>
        <time>2026-07-27T08:50:07.000Z</time>
        <extensions>
          <ns3:TrackPointExtension>
            <ns3:hr>126</ns3:hr>
            <ns3:cad>56</ns3:cad>
          </ns3:TrackPointExtension>
        </extensions>
      </trkpt>
      <trkpt lat="45.0483334064483642578125" lon="6.29672764800488948822021484375">
        <ele>1715.4000244140625</ele>
        <time>2026-07-27T08:50:10.000Z</time>
        <extensions>
          <ns3:TrackPointExtension>
            <ns3:hr>125</ns3:hr>
            <ns3:cad>55</ns3:cad>
          </ns3:TrackPointExtension>
        </extensions>
      </trkpt>
      <trkpt lat="45.04832259379327297210693359375" lon="6.29679151810705661773681640625">
        <ele>1714.5999755859375</ele>
        <time>2026-07-27T08:50:16.000Z</time>
        <extensions>
          <ns3:TrackPointExtension>
            <ns3:hr>126</ns3:hr>
            <ns3:cad>0</ns3:cad>
          </ns3:TrackPointExtension>
        </extensions>
      </trkpt>
      <trkpt lat="45.04831731319427490234375" lon="6.29683770239353179931640625">
        <ele>1713.4000244140625</ele>
        <time>2026-07-27T08:50:19.000Z</time>
        <extensions>
          <ns3:TrackPointExtension>
            <ns3:hr>128</ns3:hr>
            <ns3:cad>59</ns3:cad>
          </ns3:TrackPointExtension>
        </extensions>
      </trkpt>
      <trkpt lat="45.04831002093851566314697265625" lon="6.29687936045229434967041015625">
        <ele>1712.199951171875</ele>
        <time>2026-07-27T08:50:22.000Z</time>
        <extensions>
          <ns3:TrackPointExtension>
            <ns3:hr>132</ns3:hr>
            <ns3:cad>57</ns3:cad>
          </ns3:TrackPointExtension>
        </extensions>
      </trkpt>
      <trkpt lat="45.0483106076717376708984375" lon="6.296888329088687896728515625">
        <ele>1712</ele>
        <time>2026-07-27T08:50:23.000Z</time>
        <extensions>
          <ns3:TrackPointExtension>
            <ns3:hr>133</ns3:hr>
            <ns3:cad>57</ns3:cad>
          </ns3:TrackPointExtension>
        </extensions>
      </trkpt>
      <trkpt lat="45.0483052432537078857421875" lon="6.29691070877015590667724609375">
        <ele>1711.199951171875</ele>
        <time>2026-07-27T08:50:25.000Z</time>
        <extensions>
          <ns3:TrackPointExtension>
            <ns3:hr>134</ns3:hr>
            <ns3:cad>56</ns3:cad>
          </ns3:TrackPointExtension>
        </extensions>
      </trkpt>
      <trkpt lat="45.0482998788356781005859375" lon="6.2969602458178997039794921875">
        <ele>1710.199951171875</ele>
        <time>2026-07-27T08:50:29.000Z</time>
        <extensions>
          <ns3:TrackPointExtension>
            <ns3:hr>136</ns3:hr>
            <ns3:cad>56</ns3:cad>
          </ns3:TrackPointExtension>
        </extensions>
      </trkpt>
      <trkpt lat="45.048297531902790069580078125" lon="6.297004334628582000732421875">
        <ele>1709.199951171875</ele>
        <time>2026-07-27T08:50:33.000Z</time>
        <extensions>
          <ns3:TrackPointExtension>
            <ns3:hr>136</ns3:hr>
            <ns3:cad>56</ns3:cad>
          </ns3:TrackPointExtension>
        </extensions>
      </trkpt>
      <trkpt lat="45.04828487522900104522705078125" lon="6.2970454059541225433349609375">
        <ele>1708</ele>
        <time>2026-07-27T08:50:37.000Z</time>
        <extensions>
          <ns3:TrackPointExtension>
            <ns3:hr>136</ns3:hr>
            <ns3:cad>0</ns3:cad>
          </ns3:TrackPointExtension>
        </extensions>
      </trkpt>
      <trkpt lat="45.04827967844903469085693359375" lon="6.2970859743654727935791015625">
        <ele>1707.4000244140625</ele>
        <time>2026-07-27T08:50:40.000Z</time>
        <extensions>
          <ns3:TrackPointExtension>
            <ns3:hr>136</ns3:hr>
            <ns3:cad>0</ns3:cad>
          </ns3:TrackPointExtension>
        </extensions>
      </trkpt>
      <trkpt lat="45.04827330820262432098388671875" lon="6.29711187444627285003662109375">
        <ele>1707</ele>
        <time>2026-07-27T08:50:42.000Z</time>
        <extensions>
          <ns3:TrackPointExtension>
            <ns3:hr>136</ns3:hr>
            <ns3:cad>57</ns3:cad>
          </ns3:TrackPointExtension>
        </extensions>
      </trkpt>
      <trkpt lat="45.0482698716223239898681640625" lon="6.2971253693103790283203125">
        <ele>1706.800048828125</ele>
        <time>2026-07-27T08:50:43.000Z</time>
        <extensions>
          <ns3:TrackPointExtension>
            <ns3:hr>136</ns3:hr>
            <ns3:cad>57</ns3:cad>
          </ns3:TrackPointExtension>
        </extensions>
      </trkpt>
      <trkpt lat="45.04826392047107219696044921875" lon="6.2971791811287403106689453125">
        <ele>1706.4000244140625</ele>
        <time>2026-07-27T08:50:47.000Z</time>
        <extensions>
          <ns3:TrackPointExtension>
            <ns3:hr>135</ns3:hr>
            <ns3:cad>57</ns3:cad>
          </ns3:TrackPointExtension>
        </extensions>
      </trkpt>
      <trkpt lat="45.04825654439628124237060546875" lon="6.297212541103363037109375">
        <ele>1705.4000244140625</ele>
        <time>2026-07-27T08:50:50.000Z</time>
        <extensions>
          <ns3:TrackPointExtension>
            <ns3:hr>134</ns3:hr>
            <ns3:cad>57</ns3:cad>
          </ns3:TrackPointExtension>
        </extensions>
      </trkpt>
      <trkpt lat="45.04825294017791748046875" lon="6.29723827354609966278076171875">
        <ele>1704.5999755859375</ele>
        <time>2026-07-27T08:50:52.000Z</time>
        <extensions>
          <ns3:TrackPointExtension>
            <ns3:hr>134</ns3:hr>
            <ns3:cad>0</ns3:cad>
          </ns3:TrackPointExtension>
        </extensions>
      </trkpt>
      <trkpt lat="45.04825201816856861114501953125" lon="6.2972720526158809661865234375">
        <ele>1704.4000244140625</ele>
        <time>2026-07-27T08:50:54.000Z</time>
        <extensions>
          <ns3:TrackPointExtension>
            <ns3:hr>133</ns3:hr>
            <ns3:cad>0</ns3:cad>
          </ns3:TrackPointExtension>
        </extensions>
      </trkpt>
      <trkpt lat="45.0482453964650630950927734375" lon="6.2973763234913349151611328125">
        <ele>1703</ele>
        <time>2026-07-27T08:51:01.000Z</time>
        <extensions>
          <ns3:TrackPointExtension>
            <ns3:hr>131</ns3:hr>
            <ns3:cad>0</ns3:cad>
          </ns3:TrackPointExtension>
        </extensions>
      </trkpt>
      <trkpt lat="45.04822988994419574737548828125" lon="6.2974547781050205230712890625">
        <ele>1702</ele>
        <time>2026-07-27T08:51:06.000Z</time>
        <extensions>
          <ns3:TrackPointExtension>
            <ns3:hr>132</ns3:hr>
            <ns3:cad>56</ns3:cad>
          </ns3:TrackPointExtension>
        </extensions>
      </trkpt>
      <trkpt lat="45.04822921939194202423095703125" lon="6.29753507673740386962890625">
        <ele>1700.800048828125</ele>
        <time>2026-07-27T08:51:11.000Z</time>
        <extensions>
          <ns3:TrackPointExtension>
            <ns3:hr>133</ns3:hr>
            <ns3:cad>55</ns3:cad>
          </ns3:TrackPointExtension>
        </extensions>
      </trkpt>
      <trkpt lat="45.04823609255254268646240234375" lon="6.29761017858982086181640625">
        <ele>1699.800048828125</ele>
        <time>2026-07-27T08:51:16.000Z</time>
        <extensions>
          <ns3:TrackPointExtension>
            <ns3:hr>133</ns3:hr>
            <ns3:cad>0</ns3:cad>
          </ns3:TrackPointExtension>
        </extensions>
      </trkpt>
      <trkpt lat="45.04823927767574787139892578125" lon="6.29762887023389339447021484375">
        <ele>1699.5999755859375</ele>
        <time>2026-07-27T08:51:17.000Z</time>
        <extensions>
          <ns3:TrackPointExtension>
            <ns3:hr>133</ns3:hr>
            <ns3:cad>0</ns3:cad>
          </ns3:TrackPointExtension>
        </extensions>
      </trkpt>
      <trkpt lat="45.04824581556022167205810546875" lon="6.29768067039549350738525390625">
        <ele>1698.800048828125</ele>
        <time>2026-07-27T08:51:20.000Z</time>
        <extensions>
          <ns3:TrackPointExtension>
            <ns3:hr>134</ns3:hr>
            <ns3:cad>0</ns3:cad>
          </ns3:TrackPointExtension>
        </extensions>
      </trkpt>
      <trkpt lat="45.0482475757598876953125" lon="6.29776440560817718505859375">
        <ele>1697.5999755859375</ele>
        <time>2026-07-27T08:51:26.000Z</time>
        <extensions>
          <ns3:TrackPointExtension>
            <ns3:hr>134</ns3:hr>
            <ns3:cad>56</ns3:cad>
          </ns3:TrackPointExtension>
        </extensions>
      </trkpt>
      <trkpt lat="45.0482460670173168182373046875" lon="6.29779256880283355712890625">
        <ele>1697.199951171875</ele>
        <time>2026-07-27T08:51:28.000Z</time>
        <extensions>
          <ns3:TrackPointExtension>
            <ns3:hr>134</ns3:hr>
            <ns3:cad>56</ns3:cad>
          </ns3:TrackPointExtension>
        </extensions>
      </trkpt>
      <trkpt lat="45.04824715666472911834716796875" lon="6.2978158704936504364013671875">
        <ele>1696.5999755859375</ele>
        <time>2026-07-27T08:51:30.000Z</time>
        <extensions>
          <ns3:TrackPointExtension>
            <ns3:hr>134</ns3:hr>
            <ns3:cad>56</ns3:cad>
          </ns3:TrackPointExtension>
        </extensions>
      </trkpt>
      <trkpt lat="45.0482521019876003265380859375" lon="6.29789524711668491363525390625">
        <ele>1695.199951171875</ele>
        <time>2026-07-27T08:51:35.000Z</time>
        <extensions>
          <ns3:TrackPointExtension>
            <ns3:hr>134</ns3:hr>
            <ns3:cad>57</ns3:cad>
          </ns3:TrackPointExtension>
        </extensions>
      </trkpt>
      <trkpt lat="45.0482581369578838348388671875" lon="6.29794000647962093353271484375">
        <ele>1694.5999755859375</ele>
        <time>2026-07-27T08:51:38.000Z</time>
        <extensions>
          <ns3:TrackPointExtension>
            <ns3:hr>134</ns3:hr>
            <ns3:cad>56</ns3:cad>
          </ns3:TrackPointExtension>
        </extensions>
      </trkpt>
      <trkpt lat="45.04826224409043788909912109375" lon="6.29796884022653102874755859375">
        <ele>1694.199951171875</ele>
        <time>2026-07-27T08:51:40.000Z</time>
        <extensions>
          <ns3:TrackPointExtension>
            <ns3:hr>134</ns3:hr>
            <ns3:cad>56</ns3:cad>
          </ns3:TrackPointExtension>
        </extensions>
      </trkpt>
      <trkpt lat="45.04828085191547870635986328125" lon="6.29804310388863086700439453125">
        <ele>1693</ele>
        <time>2026-07-27T08:51:45.000Z</time>
        <extensions>
          <ns3:TrackPointExtension>
            <ns3:hr>134</ns3:hr>
            <ns3:cad>55</ns3:cad>
          </ns3:TrackPointExtension>
        </extensions>
      </trkpt>
      <trkpt lat="45.04828303121030330657958984375" lon="6.2980747036635875701904296875">
        <ele>1692</ele>
        <time>2026-07-27T08:51:48.000Z</time>
        <extensions>
          <ns3:TrackPointExtension>
            <ns3:hr>134</ns3:hr>
            <ns3:cad>56</ns3:cad>
          </ns3:TrackPointExtension>
        </extensions>
      </trkpt>
      <trkpt lat="45.04828437231481075286865234375" lon="6.29808668978512287139892578125">
        <ele>1691.800048828125</ele>
        <time>2026-07-27T08:51:49.000Z</time>
        <extensions>
          <ns3:TrackPointExtension>
            <ns3:hr>134</ns3:hr>
            <ns3:cad>56</ns3:cad>
          </ns3:TrackPointExtension>
        </extensions>
      </trkpt>
      <trkpt lat="45.04829694516956806182861328125" lon="6.2981347180902957916259765625">
        <ele>1690.800048828125</ele>
        <time>2026-07-27T08:51:54.000Z</time>
        <extensions>
          <ns3:TrackPointExtension>
            <ns3:hr>134</ns3:hr>
            <ns3:cad>56</ns3:cad>
          </ns3:TrackPointExtension>
        </extensions>
      </trkpt>
      <trkpt lat="45.04830230958759784698486328125" lon="6.29816229455173015594482421875">
        <ele>1690</ele>
        <time>2026-07-27T08:51:56.000Z</time>
        <extensions>
          <ns3:TrackPointExtension>
            <ns3:hr>134</ns3:hr>
            <ns3:cad>56</ns3:cad>
          </ns3:TrackPointExtension>
        </extensions>
      </trkpt>
      <trkpt lat="45.04831002093851566314697265625" lon="6.2981967441737651824951171875">
        <ele>1689.199951171875</ele>
        <time>2026-07-27T08:51:59.000Z</time>
        <extensions>
          <ns3:TrackPointExtension>
            <ns3:hr>133</ns3:hr>
            <ns3:cad>56</ns3:cad>
          </ns3:TrackPointExtension>
        </extensions>
      </trkpt>
      <trkpt lat="45.04831454716622829437255859375" lon="6.2982426770031452178955078125">
        <ele>1688.199951171875</ele>
        <time>2026-07-27T08:52:03.000Z</time>
        <extensions>
          <ns3:TrackPointExtension>
            <ns3:hr>134</ns3:hr>
            <ns3:cad>59</ns3:cad>
          </ns3:TrackPointExtension>
        </extensions>
      </trkpt>
      <trkpt lat="45.04831337369978427886962890625" lon="6.2983077205717563629150390625">
        <ele>1687.199951171875</ele>
        <time>2026-07-27T08:52:08.000Z</time>
        <extensions>
          <ns3:TrackPointExtension>
            <ns3:hr>134</ns3:hr>
            <ns3:cad>56</ns3:cad>
          </ns3:TrackPointExtension>
        </extensions>
      </trkpt>
      <trkpt lat="45.04831505008041858673095703125" lon="6.29831937141716480255126953125">
        <ele>1687</ele>
        <time>2026-07-27T08:52:09.000Z</time>
        <extensions>
          <ns3:TrackPointExtension>
            <ns3:hr>134</ns3:hr>
            <ns3:cad>57</ns3:cad>
          </ns3:TrackPointExtension>
        </extensions>
      </trkpt>
      <trkpt lat="45.04832058213651180267333984375" lon="6.2983637116849422454833984375">
        <ele>1685.800048828125</ele>
        <time>2026-07-27T08:52:13.000Z</time>
        <extensions>
          <ns3:TrackPointExtension>
            <ns3:hr>133</ns3:hr>
            <ns3:cad>59</ns3:cad>
          </ns3:TrackPointExtension>
        </extensions>
      </trkpt>
      <trkpt lat="45.048321001231670379638671875" lon="6.29841023124754428863525390625">
        <ele>1685</ele>
        <time>2026-07-27T08:52:17.000Z</time>
        <extensions>
          <ns3:TrackPointExtension>
            <ns3:hr>133</ns3:hr>
            <ns3:cad>61</ns3:cad>
          </ns3:TrackPointExtension>
        </extensions>
      </trkpt>
      <trkpt lat="45.04832200706005096435546875" lon="6.29842154681682586669921875">
        <ele>1684.5999755859375</ele>
        <time>2026-07-27T08:52:18.000Z</time>
        <extensions>
          <ns3:TrackPointExtension>
            <ns3:hr>133</ns3:hr>
            <ns3:cad>61</ns3:cad>
          </ns3:TrackPointExtension>
        </extensions>
      </trkpt>
      <trkpt lat="45.04832678474485874176025390625" lon="6.298466138541698455810546875">
        <ele>1683.800048828125</ele>
        <time>2026-07-27T08:52:21.000Z</time>
        <extensions>
          <ns3:TrackPointExtension>
            <ns3:hr>136</ns3:hr>
            <ns3:cad>59</ns3:cad>
          </ns3:TrackPointExtension>
        </extensions>
      </trkpt>
      <trkpt lat="45.04833005368709564208984375" lon="6.2984971515834331512451171875">
        <ele>1683.5999755859375</ele>
        <time>2026-07-27T08:52:23.000Z</time>
        <extensions>
          <ns3:TrackPointExtension>
            <ns3:hr>138</ns3:hr>
            <ns3:cad>59</ns3:cad>
          </ns3:TrackPointExtension>
        </extensions>
      </trkpt>
      <trkpt lat="45.04833231680095195770263671875" lon="6.29855004139244556427001953125">
        <ele>1682.4000244140625</ele>
        <time>2026-07-27T08:52:27.000Z</time>
        <extensions>
          <ns3:TrackPointExtension>
            <ns3:hr>137</ns3:hr>
            <ns3:cad>59</ns3:cad>
          </ns3:TrackPointExtension>
        </extensions>
      </trkpt>
      <trkpt lat="45.04833600483834743499755859375" lon="6.298576779663562774658203125">
        <ele>1681.4000244140625</ele>
        <time>2026-07-27T08:52:29.000Z</time>
        <extensions>
          <ns3:TrackPointExtension>
            <ns3:hr>137</ns3:hr>
            <ns3:cad>57</ns3:cad>
          </ns3:TrackPointExtension>
        </extensions>
      </trkpt>
      <trkpt lat="45.0483486615121364593505859375" lon="6.29866487346589565277099609375">
        <ele>1680.199951171875</ele>
        <time>2026-07-27T08:52:35.000Z</time>
        <extensions>
          <ns3:TrackPointExtension>
            <ns3:hr>138</ns3:hr>
            <ns3:cad>57</ns3:cad>
          </ns3:TrackPointExtension>
        </extensions>
      </trkpt>
      <trkpt lat="45.048351176083087921142578125" lon="6.298719607293605804443359375">
        <ele>1679.199951171875</ele>
        <time>2026-07-27T08:52:39.000Z</time>
        <extensions>
          <ns3:TrackPointExtension>
            <ns3:hr>140</ns3:hr>
            <ns3:cad>56</ns3:cad>
          </ns3:TrackPointExtension>
        </extensions>
      </trkpt>
      <trkpt lat="45.048347152769565582275390625" lon="6.29876310937106609344482421875">
        <ele>1678</ele>
        <time>2026-07-27T08:52:42.000Z</time>
        <extensions>
          <ns3:TrackPointExtension>
            <ns3:hr>139</ns3:hr>
            <ns3:cad>52</ns3:cad>
          </ns3:TrackPointExtension>
        </extensions>
      </trkpt>
      <trkpt lat="45.04835142754018306732177734375" lon="6.2988277338445186614990234375">
        <ele>1677</ele>
        <time>2026-07-27T08:52:47.000Z</time>
        <extensions>
          <ns3:TrackPointExtension>
            <ns3:hr>139</ns3:hr>
            <ns3:cad>57</ns3:cad>
          </ns3:TrackPointExtension>
        </extensions>
      </trkpt>
      <trkpt lat="45.04835897125303745269775390625" lon="6.2988746725022792816162109375">
        <ele>1676</ele>
        <time>2026-07-27T08:52:50.000Z</time>
        <extensions>
          <ns3:TrackPointExtension>
            <ns3:hr>143</ns3:hr>
            <ns3:cad>56</ns3:cad>
          </ns3:TrackPointExtension>
        </extensions>
      </trkpt>
      <trkpt lat="45.04835695959627628326416015625" lon="6.29888699389994144439697265625">
        <ele>1675.800048828125</ele>
        <time>2026-07-27T08:52:51.000Z</time>
        <extensions>
          <ns3:TrackPointExtension>
            <ns3:hr>143</ns3:hr>
            <ns3:cad>56</ns3:cad>
          </ns3:TrackPointExtension>
        </extensions>
      </trkpt>
      <trkpt lat="45.04835327155888080596923828125" lon="6.2988981418311595916748046875">
        <ele>1675.5999755859375</ele>
        <time>2026-07-27T08:52:52.000Z</time>
        <extensions>
          <ns3:TrackPointExtension>
            <ns3:hr>143</ns3:hr>
            <ns3:cad>56</ns3:cad>
          </ns3:TrackPointExtension>
        </extensions>
      </trkpt>
      <trkpt lat="45.04835595376789569854736328125" lon="6.298940218985080718994140625">
        <ele>1674.800048828125</ele>
        <time>2026-07-27T08:52:55.000Z</time>
        <extensions>
          <ns3:TrackPointExtension>
            <ns3:hr>142</ns3:hr>
            <ns3:cad>57</ns3:cad>
          </ns3:TrackPointExtension>
        </extensions>
      </trkpt>
      <trkpt lat="45.04836567677557468414306640625" lon="6.29899612627923488616943359375">
        <ele>1673.4000244140625</ele>
        <time>2026-07-27T08:52:59.000Z</time>
        <extensions>
          <ns3:TrackPointExtension>
            <ns3:hr>142</ns3:hr>
            <ns3:cad>59</ns3:cad>
          </ns3:TrackPointExtension>
        </extensions>
      </trkpt>
      <trkpt lat="45.04838210530579090118408203125" lon="6.2990339286625385284423828125">
        <ele>1672.5999755859375</ele>
        <time>2026-07-27T08:53:02.000Z</time>
        <extensions>
          <ns3:TrackPointExtension>
            <ns3:hr>142</ns3:hr>
            <ns3:cad>60</ns3:cad>
          </ns3:TrackPointExtension>
        </extensions>
      </trkpt>
      <trkpt lat="45.04838260821998119354248046875" lon="6.2990459986031055450439453125">
        <ele>1672.199951171875</ele>
        <time>2026-07-27T08:53:03.000Z</time>
        <extensions>
          <ns3:TrackPointExtension>
            <ns3:hr>142</ns3:hr>
            <ns3:cad>60</ns3:cad>
          </ns3:TrackPointExtension>
        </extensions>
      </trkpt>
      <trkpt lat="45.0483979471027851104736328125" lon="6.29915789701044559478759765625">
        <ele>1671.199951171875</ele>
        <time>2026-07-27T08:53:11.000Z</time>
        <extensions>
          <ns3:TrackPointExtension>
            <ns3:hr>141</ns3:hr>
            <ns3:cad>55</ns3:cad>
          </ns3:TrackPointExtension>
        </extensions>
      </trkpt>
      <trkpt lat="45.0483976118266582489013671875" lon="6.29920299164950847625732421875">
        <ele>1670.199951171875</ele>
        <time>2026-07-27T08:53:14.000Z</time>
        <extensions>
          <ns3:TrackPointExtension>
            <ns3:hr>140</ns3:hr>
            <ns3:cad>54</ns3:cad>
          </ns3:TrackPointExtension>
        </extensions>
      </trkpt>
      <trkpt lat="45.04841990768909454345703125" lon="6.29924900829792022705078125">
        <ele>1669</ele>
        <time>2026-07-27T08:53:18.000Z</time>
        <extensions>
          <ns3:TrackPointExtension>
            <ns3:hr>140</ns3:hr>
            <ns3:cad>54</ns3:cad>
          </ns3:TrackPointExtension>
        </extensions>
      </trkpt>
      <trkpt lat="45.04844882525503635406494140625" lon="6.29931866191327571868896484375">
        <ele>1668</ele>
        <time>2026-07-27T08:53:23.000Z</time>
        <extensions>
          <ns3:TrackPointExtension>
            <ns3:hr>138</ns3:hr>
            <ns3:cad>56</ns3:cad>
          </ns3:TrackPointExtension>
        </extensions>
      </trkpt>
      <trkpt lat="45.0484492443501949310302734375" lon="6.2993299774825572967529296875">
        <ele>1667.5999755859375</ele>
        <time>2026-07-27T08:53:24.000Z</time>
        <extensions>
          <ns3:TrackPointExtension>
            <ns3:hr>138</ns3:hr>
            <ns3:cad>56</ns3:cad>
          </ns3:TrackPointExtension>
        </extensions>
      </trkpt>
      <trkpt lat="45.0484581291675567626953125" lon="6.299378760159015655517578125">
        <ele>1666.5999755859375</ele>
        <time>2026-07-27T08:53:28.000Z</time>
        <extensions>
          <ns3:TrackPointExtension>
            <ns3:hr>137</ns3:hr>
            <ns3:cad>57</ns3:cad>
          </ns3:TrackPointExtension>
        </extensions>
      </trkpt>
      <trkpt lat="45.0484656728804111480712890625" lon="6.29944103769958019256591796875">
        <ele>1665.4000244140625</ele>
        <time>2026-07-27T08:53:33.000Z</time>
        <extensions>
          <ns3:TrackPointExtension>
            <ns3:hr>137</ns3:hr>
            <ns3:cad>57</ns3:cad>
          </ns3:TrackPointExtension>
        </extensions>
      </trkpt>
      <trkpt lat="45.0484643317759037017822265625" lon="6.29947942681610584259033203125">
        <ele>1664.5999755859375</ele>
        <time>2026-07-27T08:53:36.000Z</time>
        <extensions>
          <ns3:TrackPointExtension>
            <ns3:hr>137</ns3:hr>
            <ns3:cad>56</ns3:cad>
          </ns3:TrackPointExtension>
        </extensions>
      </trkpt>
      <trkpt lat="45.04846156574785709381103515625" lon="6.29949199967086315155029296875">
        <ele>1664.4000244140625</ele>
        <time>2026-07-27T08:53:37.000Z</time>
        <extensions>
          <ns3:TrackPointExtension>
            <ns3:hr>137</ns3:hr>
            <ns3:cad>56</ns3:cad>
          </ns3:TrackPointExtension>
        </extensions>
      </trkpt>
      <trkpt lat="45.04845553077757358551025390625" lon="6.29956458695232868194580078125">
        <ele>1663.199951171875</ele>
        <time>2026-07-27T08:53:42.000Z</time>
        <extensions>
          <ns3:TrackPointExtension>
            <ns3:hr>136</ns3:hr>
            <ns3:cad>58</ns3:cad>
          </ns3:TrackPointExtension>
        </extensions>
      </trkpt>
      <trkpt lat="45.04845016635954380035400390625" lon="6.29962393082678318023681640625">
        <ele>1662.199951171875</ele>
        <time>2026-07-27T08:53:46.000Z</time>
        <extensions>
          <ns3:TrackPointExtension>
            <ns3:hr>137</ns3:hr>
            <ns3:cad>57</ns3:cad>
          </ns3:TrackPointExtension>
        </extensions>
      </trkpt>
      <trkpt lat="45.0484500825405120849609375" lon="6.29963457584381103515625">
        <ele>1662</ele>
        <time>2026-07-27T08:53:47.000Z</time>
        <extensions>
          <ns3:TrackPointExtension>
            <ns3:hr>137</ns3:hr>
            <ns3:cad>55</ns3:cad>
          </ns3:TrackPointExtension>
        </extensions>
      </trkpt>
      <trkpt lat="45.048465169966220855712890625" lon="6.29967547953128814697265625">
        <ele>1661.199951171875</ele>
        <time>2026-07-27T08:53:50.000Z</time>
        <extensions>
          <ns3:TrackPointExtension>
            <ns3:hr>137</ns3:hr>
            <ns3:cad>55</ns3:cad>
          </ns3:TrackPointExtension>
        </extensions>
      </trkpt>
      <trkpt lat="45.0484743900597095489501953125" lon="6.29971705377101898193359375">
        <ele>1660.199951171875</ele>
        <time>2026-07-27T08:53:53.000Z</time>
        <extensions>
          <ns3:TrackPointExtension>
            <ns3:hr>138</ns3:hr>
            <ns3:cad>56</ns3:cad>
          </ns3:TrackPointExtension>
        </extensions>
      </trkpt>
      <trkpt lat="45.0484769046306610107421875" lon="6.29973054863512516021728515625">
        <ele>1660</ele>
        <time>2026-07-27T08:53:54.000Z</time>
        <extensions>
          <ns3:TrackPointExtension>
            <ns3:hr>138</ns3:hr>
            <ns3:cad>56</ns3:cad>
          </ns3:TrackPointExtension>
        </extensions>
      </trkpt>
      <trkpt lat="45.0484928302466869354248046875" lon="6.299812607467174530029296875">
        <ele>1659</ele>
        <time>2026-07-27T08:54:00.000Z</time>
        <extensions>
          <ns3:TrackPointExtension>
            <ns3:hr>136</ns3:hr>
            <ns3:cad>41</ns3:cad>
          </ns3:TrackPointExtension>
        </extensions>
      </trkpt>
      <trkpt lat="45.04848620854318141937255859375" lon="6.29984177649021148681640625">
        <ele>1658</ele>
        <time>2026-07-27T08:54:04.000Z</time>
        <extensions>
          <ns3:TrackPointExtension>
            <ns3:hr>136</ns3:hr>
            <ns3:cad>0</ns3:cad>
          </ns3:TrackPointExtension>
        </extensions>
      </trkpt>
      <trkpt lat="45.04848964512348175048828125" lon="6.29984739236533641815185546875">
        <ele>1657.800048828125</ele>
        <time>2026-07-27T08:54:06.000Z</time>
        <extensions>
          <ns3:TrackPointExtension>
            <ns3:hr>134</ns3:hr>
            <ns3:cad>0</ns3:cad>
          </ns3:TrackPointExtension>
        </extensions>
      </trkpt>
      <trkpt lat="45.04850230179727077484130859375" lon="6.29989902488887310028076171875">
        <ele>1657.800048828125</ele>
        <time>2026-07-27T08:54:10.000Z</time>
        <extensions>
          <ns3:TrackPointExtension>
            <ns3:hr>134</ns3:hr>
            <ns3:cad>0</ns3:cad>
          </ns3:TrackPointExtension>
        </extensions>
      </trkpt>
      <trkpt lat="45.0485183112323284149169921875" lon="6.299958117306232452392578125">
        <ele>1656.4000244140625</ele>
        <time>2026-07-27T08:54:14.000Z</time>
        <extensions>
          <ns3:TrackPointExtension>
            <ns3:hr>134</ns3:hr>
            <ns3:cad>0</ns3:cad>
          </ns3:TrackPointExtension>
        </extensions>
      </trkpt>
      <trkpt lat="45.048542283475399017333984375" lon="6.30001771263778209686279296875">
        <ele>1656</ele>
        <time>2026-07-27T08:54:18.000Z</time>
        <extensions>
          <ns3:TrackPointExtension>
            <ns3:hr>134</ns3:hr>
            <ns3:cad>57</ns3:cad>
          </ns3:TrackPointExtension>
        </extensions>
      </trkpt>
      <trkpt lat="45.04855778999626636505126953125" lon="6.3000588677823543548583984375">
        <ele>1655.199951171875</ele>
        <time>2026-07-27T08:54:21.000Z</time>
        <extensions>
          <ns3:TrackPointExtension>
            <ns3:hr>134</ns3:hr>
            <ns3:cad>56</ns3:cad>
          </ns3:TrackPointExtension>
        </extensions>
      </trkpt>
      <trkpt lat="45.04857145249843597412109375" lon="6.30011695437133312225341796875">
        <ele>1654</ele>
        <time>2026-07-27T08:54:25.000Z</time>
        <extensions>
          <ns3:TrackPointExtension>
            <ns3:hr>135</ns3:hr>
            <ns3:cad>56</ns3:cad>
          </ns3:TrackPointExtension>
        </extensions>
      </trkpt>
      <trkpt lat="45.04859450273215770721435546875" lon="6.3001597858965396881103515625">
        <ele>1653</ele>
        <time>2026-07-27T08:54:28.000Z</time>
        <extensions>
          <ns3:TrackPointExtension>
            <ns3:hr>135</ns3:hr>
            <ns3:cad>56</ns3:cad>
          </ns3:TrackPointExtension>
        </extensions>
      </trkpt>
      <trkpt lat="45.04861244000494480133056640625" lon="6.30022541619837284088134765625">
        <ele>1652</ele>
        <time>2026-07-27T08:54:34.000Z</time>
        <extensions>
          <ns3:TrackPointExtension>
            <ns3:hr>137</ns3:hr>
            <ns3:cad>57</ns3:cad>
          </ns3:TrackPointExtension>
        </extensions>
      </trkpt>
      <trkpt lat="45.048610009253025054931640625" lon="6.30023061297833919525146484375">
        <ele>1652</ele>
        <time>2026-07-27T08:54:35.000Z</time>
        <extensions>
          <ns3:TrackPointExtension>
            <ns3:hr>137</ns3:hr>
            <ns3:cad>57</ns3:cad>
          </ns3:TrackPointExtension>
        </extensions>
      </trkpt>
      <trkpt lat="45.0486028008162975311279296875" lon="6.300238072872161865234375">
        <ele>1652.199951171875</ele>
        <time>2026-07-27T08:54:38.000Z</time>
        <extensions>
          <ns3:TrackPointExtension>
            <ns3:hr>136</ns3:hr>
            <ns3:cad>0</ns3:cad>
          </ns3:TrackPointExtension>
        </extensions>
      </trkpt>
      <trkpt lat="45.04860087297856807708740234375" lon="6.3002379052340984344482421875">
        <ele>1652.199951171875</ele>
        <time>2026-07-27T08:54:39.000Z</time>
        <extensions>
          <ns3:TrackPointExtension>
            <ns3:hr>135</ns3:hr>
            <ns3:cad>0</ns3:cad>
          </ns3:TrackPointExtension>
        </extensions>
      </trkpt>
      <trkpt lat="45.0486128591001033782958984375" lon="6.3002710975706577301025390625">
        <ele>1652</ele>
        <time>2026-07-27T08:54:47.000Z</time>
        <extensions>
          <ns3:TrackPointExtension>
            <ns3:hr>132</ns3:hr>
            <ns3:cad>0</ns3:cad>
          </ns3:TrackPointExtension>
        </extensions>
      </trkpt>
      <trkpt lat="45.0486198998987674713134765625" lon="6.3003009371459484100341796875">
        <ele>1650.800048828125</ele>
        <time>2026-07-27T08:54:49.000Z</time>
        <extensions>
          <ns3:TrackPointExtension>
            <ns3:hr>133</ns3:hr>
            <ns3:cad>0</ns3:cad>
          </ns3:TrackPointExtension>
        </extensions>
      </trkpt>
      <trkpt lat="45.04863037727773189544677734375" lon="6.3003488816320896148681640625">
        <ele>1649.800048828125</ele>
        <time>2026-07-27T08:54:53.000Z</time>
        <extensions>
          <ns3:TrackPointExtension>
            <ns3:hr>136</ns3:hr>
            <ns3:cad>58</ns3:cad>
          </ns3:TrackPointExtension>
        </extensions>
      </trkpt>
      <trkpt lat="45.0486312992870807647705078125" lon="6.30035818554461002349853515625">
        <ele>1649.199951171875</ele>
        <time>2026-07-27T08:54:54.000Z</time>
        <extensions>
          <ns3:TrackPointExtension>
            <ns3:hr>136</ns3:hr>
            <ns3:cad>58</ns3:cad>
          </ns3:TrackPointExtension>
        </extensions>
      </trkpt>
      <trkpt lat="45.048649571835994720458984375" lon="6.3004394061863422393798828125">
        <ele>1648.199951171875</ele>
        <time>2026-07-27T08:55:01.000Z</time>
        <extensions>
          <ns3:TrackPointExtension>
            <ns3:hr>134</ns3:hr>
            <ns3:cad>57</ns3:cad>
          </ns3:TrackPointExtension>
        </extensions>
      </trkpt>
      <trkpt lat="45.048656277358531951904296875" lon="6.3004739396274089813232421875">
        <ele>1647.5999755859375</ele>
        <time>2026-07-27T08:55:03.000Z</time>
        <extensions>
          <ns3:TrackPointExtension>
            <ns3:hr>134</ns3:hr>
            <ns3:cad>57</ns3:cad>
          </ns3:TrackPointExtension>
        </extensions>
      </trkpt>
      <trkpt lat="45.04866641946136951446533203125" lon="6.30050654523074626922607421875">
        <ele>1647.4000244140625</ele>
        <time>2026-07-27T08:55:05.000Z</time>
        <extensions>
          <ns3:TrackPointExtension>
            <ns3:hr>138</ns3:hr>
            <ns3:cad>57</ns3:cad>
          </ns3:TrackPointExtension>
        </extensions>
      </trkpt>
      <trkpt lat="45.04866390489041805267333984375" lon="6.3005249015986919403076171875">
        <ele>1647</ele>
        <time>2026-07-27T08:55:06.000Z</time>
        <extensions>
          <ns3:TrackPointExtension>
            <ns3:hr>139</ns3:hr>
            <ns3:cad>57</ns3:cad>
          </ns3:TrackPointExtension>
        </extensions>
      </trkpt>
      <trkpt lat="45.0486802496016025543212890625" lon="6.3005875982344150543212890625">
        <ele>1645.5999755859375</ele>
        <time>2026-07-27T08:55:10.000Z</time>
        <extensions>
          <ns3:TrackPointExtension>
            <ns3:hr>139</ns3:hr>
            <ns3:cad>54</ns3:cad>
          </ns3:TrackPointExtension>
        </extensions>
      </trkpt>
      <trkpt lat="45.0486660003662109375" lon="6.300597488880157470703125">
        <ele>1645.4000244140625</ele>
        <time>2026-07-27T08:55:12.000Z</time>
        <extensions>
          <ns3:TrackPointExtension>
            <ns3:hr>139</ns3:hr>
            <ns3:cad>54</ns3:cad>
          </ns3:TrackPointExtension>
        </extensions>
      </trkpt>
      <trkpt lat="45.048635490238666534423828125" lon="6.30062975920736789703369140625">
        <ele>1644.4000244140625</ele>
        <time>2026-07-27T08:55:16.000Z</time>
        <extensions>
          <ns3:TrackPointExtension>
            <ns3:hr>140</ns3:hr>
            <ns3:cad>56</ns3:cad>
          </ns3:TrackPointExtension>
        </extensions>
      </trkpt>
      <trkpt lat="45.0486235879361629486083984375" lon="6.30064853467047214508056640625">
        <ele>1643.5999755859375</ele>
        <time>2026-07-27T08:55:18.000Z</time>
        <extensions>
          <ns3:TrackPointExtension>
            <ns3:hr>140</ns3:hr>
            <ns3:cad>56</ns3:cad>
          </ns3:TrackPointExtension>
        </extensions>
      </trkpt>
      <trkpt lat="45.04861244000494480133056640625" lon="6.30066378973424434661865234375">
        <ele>1643.199951171875</ele>
        <time>2026-07-27T08:55:20.000Z</time>
        <extensions>
          <ns3:TrackPointExtension>
            <ns3:hr>140</ns3:hr>
            <ns3:cad>56</ns3:cad>
          </ns3:TrackPointExtension>
        </extensions>
      </trkpt>
      <trkpt lat="45.04859601147472858428955078125" lon="6.30070678889751434326171875">
        <ele>1642.199951171875</ele>
        <time>2026-07-27T08:55:24.000Z</time>
        <extensions>
          <ns3:TrackPointExtension>
            <ns3:hr>139</ns3:hr>
            <ns3:cad>0</ns3:cad>
          </ns3:TrackPointExtension>
        </extensions>
      </trkpt>
      <trkpt lat="45.04857690073549747467041015625" lon="6.3007463514804840087890625">
        <ele>1641</ele>
        <time>2026-07-27T08:55:28.000Z</time>
        <extensions>
          <ns3:TrackPointExtension>
            <ns3:hr>139</ns3:hr>
            <ns3:cad>55</ns3:cad>
          </ns3:TrackPointExtension>
        </extensions>
      </trkpt>
      <trkpt lat="45.048575140535831451416015625" lon="6.30077376030385494232177734375">
        <ele>1640.4000244140625</ele>
        <time>2026-07-27T08:55:30.000Z</time>
        <extensions>
          <ns3:TrackPointExtension>
            <ns3:hr>139</ns3:hr>
            <ns3:cad>55</ns3:cad>
          </ns3:TrackPointExtension>
        </extensions>
      </trkpt>
      <trkpt lat="45.0485759787261486053466796875" lon="6.3007927872240543365478515625">
        <ele>1639.800048828125</ele>
        <time>2026-07-27T08:55:32.000Z</time>
        <extensions>
          <ns3:TrackPointExtension>
            <ns3:hr>139</ns3:hr>
            <ns3:cad>0</ns3:cad>
          </ns3:TrackPointExtension>
        </extensions>
      </trkpt>
      <trkpt lat="45.0485830195248126983642578125" lon="6.30084282718598842620849609375">
        <ele>1638.800048828125</ele>
        <time>2026-07-27T08:55:36.000Z</time>
        <extensions>
          <ns3:TrackPointExtension>
            <ns3:hr>139</ns3:hr>
            <ns3:cad>0</ns3:cad>
          </ns3:TrackPointExtension>
        </extensions>
      </trkpt>
      <trkpt lat="45.048580169677734375" lon="6.3008670508861541748046875">
        <ele>1638.199951171875</ele>
        <time>2026-07-27T08:55:39.000Z</time>
        <extensions>
          <ns3:TrackPointExtension>
            <ns3:hr>139</ns3:hr>
            <ns3:cad>0</ns3:cad>
          </ns3:TrackPointExtension>
        </extensions>
      </trkpt>
      <trkpt lat="45.04858142696321010589599609375" lon="6.3008866645395755767822265625">
        <ele>1637.5999755859375</ele>
        <time>2026-07-27T08:55:41.000Z</time>
        <extensions>
          <ns3:TrackPointExtension>
            <ns3:hr>139</ns3:hr>
            <ns3:cad>0</ns3:cad>
          </ns3:TrackPointExtension>
        </extensions>
      </trkpt>
      <trkpt lat="45.048582516610622406005859375" lon="6.30094324238598346710205078125">
        <ele>1636.5999755859375</ele>
        <time>2026-07-27T08:55:46.000Z</time>
        <extensions>
          <ns3:TrackPointExtension>
            <ns3:hr>139</ns3:hr>
            <ns3:cad>0</ns3:cad>
          </ns3:TrackPointExtension>
        </extensions>
      </trkpt>
      <trkpt lat="45.04858553409576416015625" lon="6.300977356731891632080078125">
        <ele>1635.800048828125</ele>
        <time>2026-07-27T08:55:49.000Z</time>
        <extensions>
          <ns3:TrackPointExtension>
            <ns3:hr>139</ns3:hr>
            <ns3:cad>0</ns3:cad>
          </ns3:TrackPointExtension>
        </extensions>
      </trkpt>
      <trkpt lat="45.04858695901930332183837890625" lon="6.3009862415492534637451171875">
        <ele>1635.4000244140625</ele>
        <time>2026-07-27T08:55:50.000Z</time>
        <extensions>
          <ns3:TrackPointExtension>
            <ns3:hr>139</ns3:hr>
            <ns3:cad>0</ns3:cad>
          </ns3:TrackPointExtension>
        </extensions>
      </trkpt>
      <trkpt lat="45.04858830012381076812744140625" lon="6.30103804171085357666015625">
        <ele>1634.4000244140625</ele>
        <time>2026-07-27T08:55:55.000Z</time>
        <extensions>
          <ns3:TrackPointExtension>
            <ns3:hr>140</ns3:hr>
            <ns3:cad>0</ns3:cad>
          </ns3:TrackPointExtension>
        </extensions>
      </trkpt>
      <trkpt lat="45.04858084022998809814453125" lon="6.30106830038130283355712890625">
        <ele>1633.4000244140625</ele>
        <time>2026-07-27T08:55:58.000Z</time>
        <extensions>
          <ns3:TrackPointExtension>
            <ns3:hr>140</ns3:hr>
            <ns3:cad>57</ns3:cad>
          </ns3:TrackPointExtension>
        </extensions>
      </trkpt>
      <trkpt lat="45.0485788285732269287109375" lon="6.30107768811285495758056640625">
        <ele>1633</ele>
        <time>2026-07-27T08:55:59.000Z</time>
        <extensions>
          <ns3:TrackPointExtension>
            <ns3:hr>140</ns3:hr>
            <ns3:cad>57</ns3:cad>
          </ns3:TrackPointExtension>
        </extensions>
      </trkpt>
      <trkpt lat="45.04857924766838550567626953125" lon="6.301116831600666046142578125">
        <ele>1632</ele>
        <time>2026-07-27T08:56:02.000Z</time>
        <extensions>
          <ns3:TrackPointExtension>
            <ns3:hr>140</ns3:hr>
            <ns3:cad>59</ns3:cad>
          </ns3:TrackPointExtension>
        </extensions>
      </trkpt>
      <trkpt lat="45.04856969229876995086669921875" lon="6.301147677004337310791015625">
        <ele>1631.4000244140625</ele>
        <time>2026-07-27T08:56:04.000Z</time>
        <extensions>
          <ns3:TrackPointExtension>
            <ns3:hr>140</ns3:hr>
            <ns3:cad>59</ns3:cad>
          </ns3:TrackPointExtension>
        </extensions>
      </trkpt>
      <trkpt lat="45.0485659204423427581787109375" lon="6.30116008222103118896484375">
        <ele>1630.800048828125</ele>
        <time>2026-07-27T08:56:06.000Z</time>
        <extensions>
          <ns3:TrackPointExtension>
            <ns3:hr>141</ns3:hr>
            <ns3:cad>62</ns3:cad>
          </ns3:TrackPointExtension>
        </extensions>
      </trkpt>
      <trkpt lat="45.04856248386204242706298828125" lon="6.30116636864840984344482421875">
        <ele>1630.800048828125</ele>
        <time>2026-07-27T08:56:08.000Z</time>
        <extensions>
          <ns3:TrackPointExtension>
            <ns3:hr>141</ns3:hr>
            <ns3:cad>62</ns3:cad>
          </ns3:TrackPointExtension>
        </extensions>
      </trkpt>
      <trkpt lat="45.048548988997936248779296875" lon="6.30120961926877498626708984375">
        <ele>1630.199951171875</ele>
        <time>2026-07-27T08:56:13.000Z</time>
        <extensions>
          <ns3:TrackPointExtension>
            <ns3:hr>144</ns3:hr>
            <ns3:cad>57</ns3:cad>
          </ns3:TrackPointExtension>
        </extensions>
      </trkpt>
      <trkpt lat="45.04854203201830387115478515625" lon="6.3012363575398921966552734375">
        <ele>1629.5999755859375</ele>
        <time>2026-07-27T08:56:15.000Z</time>
        <extensions>
          <ns3:TrackPointExtension>
            <ns3:hr>144</ns3:hr>
            <ns3:cad>58</ns3:cad>
          </ns3:TrackPointExtension>
        </extensions>
      </trkpt>
      <trkpt lat="45.0485374219715595245361328125" lon="6.3012517802417278289794921875">
        <ele>1629.199951171875</ele>
        <time>2026-07-27T08:56:16.000Z</time>
        <extensions>
          <ns3:TrackPointExtension>
            <ns3:hr>144</ns3:hr>
            <ns3:cad>58</ns3:cad>
          </ns3:TrackPointExtension>
        </extensions>
      </trkpt>
      <trkpt lat="45.048526190221309661865234375" lon="6.30127281881868839263916015625">
        <ele>1628.4000244140625</ele>
        <time>2026-07-27T08:56:18.000Z</time>
        <extensions>
          <ns3:TrackPointExtension>
            <ns3:hr>144</ns3:hr>
            <ns3:cad>58</ns3:cad>
          </ns3:TrackPointExtension>
        </extensions>
      </trkpt>
      <trkpt lat="45.04851705394685268402099609375" lon="6.3012903369963169097900390625">
        <ele>1628.199951171875</ele>
        <time>2026-07-27T08:56:20.000Z</time>
        <extensions>
          <ns3:TrackPointExtension>
            <ns3:hr>144</ns3:hr>
            <ns3:cad>0</ns3:cad>
          </ns3:TrackPointExtension>
        </extensions>
      </trkpt>
      <trkpt lat="45.04850464873015880584716796875" lon="6.30131355486810207366943359375">
        <ele>1627.199951171875</ele>
        <time>2026-07-27T08:56:23.000Z</time>
        <extensions>
          <ns3:TrackPointExtension>
            <ns3:hr>145</ns3:hr>
            <ns3:cad>0</ns3:cad>
          </ns3:TrackPointExtension>
        </extensions>
      </trkpt>
      <trkpt lat="45.04849241115152835845947265625" lon="6.301329396665096282958984375">
        <ele>1626.800048828125</ele>
        <time>2026-07-27T08:56:25.000Z</time>
        <extensions>
          <ns3:TrackPointExtension>
            <ns3:hr>145</ns3:hr>
            <ns3:cad>0</ns3:cad>
          </ns3:TrackPointExtension>
        </extensions>
      </trkpt>
      <trkpt lat="45.04848537035286426544189453125" lon="6.3013473339378833770751953125">
        <ele>1626.199951171875</ele>
        <time>2026-07-27T08:56:27.000Z</time>
        <extensions>
          <ns3:TrackPointExtension>
            <ns3:hr>145</ns3:hr>
            <ns3:cad>0</ns3:cad>
          </ns3:TrackPointExtension>
        </extensions>
      </trkpt>
      <trkpt lat="45.048475898802280426025390625" lon="6.301391422748565673828125">
        <ele>1625</ele>
        <time>2026-07-27T08:56:31.000Z</time>
        <extensions>
          <ns3:TrackPointExtension>
            <ns3:hr>143</ns3:hr>
            <ns3:cad>0</ns3:cad>
          </ns3:TrackPointExtension>
        </extensions>
      </trkpt>
      <trkpt lat="45.04847078584134578704833984375" lon="6.3014046661555767059326171875">
        <ele>1624.5999755859375</ele>
        <time>2026-07-27T08:56:32.000Z</time>
        <extensions>
          <ns3:TrackPointExtension>
            <ns3:hr>143</ns3:hr>
            <ns3:cad>0</ns3:cad>
          </ns3:TrackPointExtension>
        </extensions>
      </trkpt>
      <trkpt lat="45.04846123047173023223876953125" lon="6.30143006332218647003173828125">
        <ele>1624.199951171875</ele>
        <time>2026-07-27T08:56:34.000Z</time>
        <extensions>
          <ns3:TrackPointExtension>
            <ns3:hr>143</ns3:hr>
            <ns3:cad>57</ns3:cad>
          </ns3:TrackPointExtension>
        </extensions>
      </trkpt>
      <trkpt lat="45.0484324805438518524169921875" lon="6.3014663569629192352294921875">
        <ele>1623.5999755859375</ele>
        <time>2026-07-27T08:56:37.000Z</time>
        <extensions>
          <ns3:TrackPointExtension>
            <ns3:hr>143</ns3:hr>
            <ns3:cad>56</ns3:cad>
          </ns3:TrackPointExtension>
        </extensions>
      </trkpt>
      <trkpt lat="45.048386715352535247802734375" lon="6.301546655595302581787109375">
        <ele>1622.199951171875</ele>
        <time>2026-07-27T08:56:43.000Z</time>
        <extensions>
          <ns3:TrackPointExtension>
            <ns3:hr>142</ns3:hr>
            <ns3:cad>56</ns3:cad>
          </ns3:TrackPointExtension>
        </extensions>
      </trkpt>
      <trkpt lat="45.048373639583587646484375" lon="6.301573477685451507568359375">
        <ele>1621.800048828125</ele>
        <time>2026-07-27T08:56:45.000Z</time>
        <extensions>
          <ns3:TrackPointExtension>
            <ns3:hr>142</ns3:hr>
            <ns3:cad>59</ns3:cad>
          </ns3:TrackPointExtension>
        </extensions>
      </trkpt>
      <trkpt lat="45.0483567081391811370849609375" lon="6.301616728305816650390625">
        <ele>1621.199951171875</ele>
        <time>2026-07-27T08:56:49.000Z</time>
        <extensions>
          <ns3:TrackPointExtension>
            <ns3:hr>141</ns3:hr>
            <ns3:cad>59</ns3:cad>
          </ns3:TrackPointExtension>
        </extensions>
      </trkpt>
      <trkpt lat="45.0483181513845920562744140625" lon="6.30167950876057147979736328125">
        <ele>1619.800048828125</ele>
        <time>2026-07-27T08:56:54.000Z</time>
        <extensions>
          <ns3:TrackPointExtension>
            <ns3:hr>141</ns3:hr>
            <ns3:cad>59</ns3:cad>
          </ns3:TrackPointExtension>
        </extensions>
      </trkpt>
      <trkpt lat="45.04830867983400821685791015625" lon="6.30169560201466083526611328125">
        <ele>1619.5999755859375</ele>
        <time>2026-07-27T08:56:55.000Z</time>
        <extensions>
          <ns3:TrackPointExtension>
            <ns3:hr>141</ns3:hr>
            <ns3:cad>57</ns3:cad>
          </ns3:TrackPointExtension>
        </extensions>
      </trkpt>
      <trkpt lat="45.04826224409043788909912109375" lon="6.3017124496400356292724609375">
        <ele>1618.800048828125</ele>
        <time>2026-07-27T08:56:59.000Z</time>
        <extensions>
          <ns3:TrackPointExtension>
            <ns3:hr>138</ns3:hr>
            <ns3:cad>52</ns3:cad>
          </ns3:TrackPointExtension>
        </extensions>
      </trkpt>
      <trkpt lat="45.04820960573852062225341796875" lon="6.3017546944320201873779296875">
        <ele>1617.800048828125</ele>
        <time>2026-07-27T08:57:04.000Z</time>
        <extensions>
          <ns3:TrackPointExtension>
            <ns3:hr>137</ns3:hr>
            <ns3:cad>0</ns3:cad>
          </ns3:TrackPointExtension>
        </extensions>
      </trkpt>
      <trkpt lat="45.0481810234487056732177734375" lon="6.3017694465816020965576171875">
        <ele>1617</ele>
        <time>2026-07-27T08:57:07.000Z</time>
        <extensions>
          <ns3:TrackPointExtension>
            <ns3:hr>137</ns3:hr>
            <ns3:cad>55</ns3:cad>
          </ns3:TrackPointExtension>
        </extensions>
      </trkpt>
      <trkpt lat="45.04814766347408294677734375" lon="6.3017949275672435760498046875">
        <ele>1616.5999755859375</ele>
        <time>2026-07-27T08:57:10.000Z</time>
        <extensions>
          <ns3:TrackPointExtension>
            <ns3:hr>136</ns3:hr>
            <ns3:cad>54</ns3:cad>
          </ns3:TrackPointExtension>
        </extensions>
      </trkpt>
      <trkpt lat="45.04807658493518829345703125" lon="6.30180607549846172332763671875">
        <ele>1615.4000244140625</ele>
        <time>2026-07-27T08:57:16.000Z</time>
        <extensions>
          <ns3:TrackPointExtension>
            <ns3:hr>135</ns3:hr>
            <ns3:cad>52</ns3:cad>
          </ns3:TrackPointExtension>
        </extensions>
      </trkpt>
      <trkpt lat="45.04804498516023159027099609375" lon="6.30181646905839443206787109375">
        <ele>1614.4000244140625</ele>
        <time>2026-07-27T08:57:19.000Z</time>
        <extensions>
          <ns3:TrackPointExtension>
            <ns3:hr>136</ns3:hr>
            <ns3:cad>55</ns3:cad>
          </ns3:TrackPointExtension>
        </extensions>
      </trkpt>
      <trkpt lat="45.04799368791282176971435546875" lon="6.30183138884603977203369140625">
        <ele>1613</ele>
        <time>2026-07-27T08:57:24.000Z</time>
        <extensions>
          <ns3:TrackPointExtension>
            <ns3:hr>137</ns3:hr>
            <ns3:cad>58</ns3:cad>
          </ns3:TrackPointExtension>
        </extensions>
      </trkpt>
      <trkpt lat="45.04796133376657962799072265625" lon="6.3018301315605640411376953125">
        <ele>1612.5999755859375</ele>
        <time>2026-07-27T08:57:27.000Z</time>
        <extensions>
          <ns3:TrackPointExtension>
            <ns3:hr>139</ns3:hr>
            <ns3:cad>61</ns3:cad>
          </ns3:TrackPointExtension>
        </extensions>
      </trkpt>
      <trkpt lat="45.047924034297466278076171875" lon="6.3018271140754222869873046875">
        <ele>1611.800048828125</ele>
        <time>2026-07-27T08:57:30.000Z</time>
        <extensions>
          <ns3:TrackPointExtension>
            <ns3:hr>139</ns3:hr>
            <ns3:cad>61</ns3:cad>
          </ns3:TrackPointExtension>
        </extensions>
      </trkpt>
      <trkpt lat="45.0478584878146648406982421875" lon="6.301814205944538116455078125">
        <ele>1610.800048828125</ele>
        <time>2026-07-27T08:57:37.000Z</time>
        <extensions>
          <ns3:TrackPointExtension>
            <ns3:hr>140</ns3:hr>
            <ns3:cad>57</ns3:cad>
          </ns3:TrackPointExtension>
        </extensions>
      </trkpt>
      <trkpt lat="45.04784616641700267791748046875" lon="6.30181185901165008544921875">
        <ele>1610.4000244140625</ele>
        <time>2026-07-27T08:57:38.000Z</time>
        <extensions>
          <ns3:TrackPointExtension>
            <ns3:hr>139</ns3:hr>
            <ns3:cad>0</ns3:cad>
          </ns3:TrackPointExtension>
        </extensions>
      </trkpt>
      <trkpt lat="45.04781012423336505889892578125" lon="6.30179165862500667572021484375">
        <ele>1609.5999755859375</ele>
        <time>2026-07-27T08:57:42.000Z</time>
        <extensions>
          <ns3:TrackPointExtension>
            <ns3:hr>140</ns3:hr>
            <ns3:cad>59</ns3:cad>
          </ns3:TrackPointExtension>
        </extensions>
      </trkpt>
      <trkpt lat="45.0477634370326995849609375" lon="6.3018031418323516845703125">
        <ele>1608.800048828125</ele>
        <time>2026-07-27T08:57:46.000Z</time>
        <extensions>
          <ns3:TrackPointExtension>
            <ns3:hr>140</ns3:hr>
            <ns3:cad>75</ns3:cad>
          </ns3:TrackPointExtension>
        </extensions>
      </trkpt>
      <trkpt lat="45.047753714025020599365234375" lon="6.3018036447465419769287109375">
        <ele>1608.4000244140625</ele>
        <time>2026-07-27T08:57:47.000Z</time>
        <extensions>
          <ns3:TrackPointExtension>
            <ns3:hr>140</ns3:hr>
            <ns3:cad>75</ns3:cad>
          </ns3:TrackPointExtension>
        </extensions>
      </trkpt>
      <trkpt lat="45.047722198069095611572265625" lon="6.3018029741942882537841796875">
        <ele>1607.5999755859375</ele>
        <time>2026-07-27T08:57:50.000Z</time>
        <extensions>
          <ns3:TrackPointExtension>
            <ns3:hr>139</ns3:hr>
            <ns3:cad>75</ns3:cad>
          </ns3:TrackPointExtension>
        </extensions>
      </trkpt>
      <trkpt lat="45.04768908955156803131103515625" lon="6.30179417319595813751220703125">
        <ele>1607.4000244140625</ele>
        <time>2026-07-27T08:57:53.000Z</time>
        <extensions>
          <ns3:TrackPointExtension>
            <ns3:hr>140</ns3:hr>
            <ns3:cad>75</ns3:cad>
          </ns3:TrackPointExtension>
        </extensions>
      </trkpt>
      <trkpt lat="45.04767903126776218414306640625" lon="6.30179367028176784515380859375">
        <ele>1607</ele>
        <time>2026-07-27T08:57:54.000Z</time>
        <extensions>
          <ns3:TrackPointExtension>
            <ns3:hr>139</ns3:hr>
            <ns3:cad>57</ns3:cad>
          </ns3:TrackPointExtension>
        </extensions>
      </trkpt>
      <trkpt lat="45.047657825052738189697265625" lon="6.3018153794109821319580078125">
        <ele>1606</ele>
        <time>2026-07-27T08:57:57.000Z</time>
        <extensions>
          <ns3:TrackPointExtension>
            <ns3:hr>139</ns3:hr>
            <ns3:cad>0</ns3:cad>
          </ns3:TrackPointExtension>
        </extensions>
      </trkpt>
      <trkpt lat="45.04762060940265655517578125" lon="6.30183910019695758819580078125">
        <ele>1605.199951171875</ele>
        <time>2026-07-27T08:58:00.000Z</time>
        <extensions>
          <ns3:TrackPointExtension>
            <ns3:hr>139</ns3:hr>
            <ns3:cad>0</ns3:cad>
          </ns3:TrackPointExtension>
        </extensions>
      </trkpt>
      <trkpt lat="45.0476137362420558929443359375" lon="6.301842033863067626953125">
        <ele>1604.800048828125</ele>
        <time>2026-07-27T08:58:01.000Z</time>
        <extensions>
          <ns3:TrackPointExtension>
            <ns3:hr>139</ns3:hr>
            <ns3:cad>0</ns3:cad>
          </ns3:TrackPointExtension>
        </extensions>
      </trkpt>
      <trkpt lat="45.04757693968713283538818359375" lon="6.3018706999719142913818359375">
        <ele>1603.5999755859375</ele>
        <time>2026-07-27T08:58:05.000Z</time>
        <extensions>
          <ns3:TrackPointExtension>
            <ns3:hr>139</ns3:hr>
            <ns3:cad>62</ns3:cad>
          </ns3:TrackPointExtension>
        </extensions>
      </trkpt>
      <trkpt lat="45.04756939597427845001220703125" lon="6.30188771523535251617431640625">
        <ele>1603</ele>
        <time>2026-07-27T08:58:07.000Z</time>
        <extensions>
          <ns3:TrackPointExtension>
            <ns3:hr>139</ns3:hr>
            <ns3:cad>59</ns3:cad>
          </ns3:TrackPointExtension>
        </extensions>
      </trkpt>
      <trkpt lat="45.04756386391818523406982421875" lon="6.3019035570323467254638671875">
        <ele>1602.5999755859375</ele>
        <time>2026-07-27T08:58:08.000Z</time>
        <extensions>
          <ns3:TrackPointExtension>
            <ns3:hr>140</ns3:hr>
            <ns3:cad>59</ns3:cad>
          </ns3:TrackPointExtension>
        </extensions>
      </trkpt>
      <trkpt lat="45.04755514673888683319091796875" lon="6.30191336385905742645263671875">
        <ele>1602.4000244140625</ele>
        <time>2026-07-27T08:58:09.000Z</time>
        <extensions>
          <ns3:TrackPointExtension>
            <ns3:hr>140</ns3:hr>
            <ns3:cad>57</ns3:cad>
          </ns3:TrackPointExtension>
        </extensions>
      </trkpt>
      <trkpt lat="45.0475205294787883758544921875" lon="6.30194722674787044525146484375">
        <ele>1601.4000244140625</ele>
        <time>2026-07-27T08:58:13.000Z</time>
        <extensions>
          <ns3:TrackPointExtension>
            <ns3:hr>141</ns3:hr>
            <ns3:cad>56</ns3:cad>
          </ns3:TrackPointExtension>
        </extensions>
      </trkpt>
      <trkpt lat="45.04748775623738765716552734375" lon="6.3019828498363494873046875">
        <ele>1600</ele>
        <time>2026-07-27T08:58:18.000Z</time>
        <extensions>
          <ns3:TrackPointExtension>
            <ns3:hr>142</ns3:hr>
            <ns3:cad>65</ns3:cad>
          </ns3:TrackPointExtension>
        </extensions>
      </trkpt>
      <trkpt lat="45.047473423182964324951171875" lon="6.301997266709804534912109375">
        <ele>1599.4000244140625</ele>
        <time>2026-07-27T08:58:20.000Z</time>
        <extensions>
          <ns3:TrackPointExtension>
            <ns3:hr>142</ns3:hr>
            <ns3:cad>65</ns3:cad>
          </ns3:TrackPointExtension>
        </extensions>
      </trkpt>
      <trkpt lat="45.04745942540466785430908203125" lon="6.30200724117457866668701171875">
        <ele>1598.800048828125</ele>
        <time>2026-07-27T08:58:22.000Z</time>
        <extensions>
          <ns3:TrackPointExtension>
            <ns3:hr>142</ns3:hr>
            <ns3:cad>65</ns3:cad>
          </ns3:TrackPointExtension>
        </extensions>
      </trkpt>
      <trkpt lat="45.04744098521769046783447265625" lon="6.30204965360462665557861328125">
        <ele>1597.800048828125</ele>
        <time>2026-07-27T08:58:26.000Z</time>
        <extensions>
          <ns3:TrackPointExtension>
            <ns3:hr>144</ns3:hr>
            <ns3:cad>57</ns3:cad>
          </ns3:TrackPointExtension>
        </extensions>
      </trkpt>
      <trkpt lat="45.04742681980133056640625" lon="6.302079744637012481689453125">
        <ele>1596.5999755859375</ele>
        <time>2026-07-27T08:58:29.000Z</time>
        <extensions>
          <ns3:TrackPointExtension>
            <ns3:hr>144</ns3:hr>
            <ns3:cad>57</ns3:cad>
          </ns3:TrackPointExtension>
        </extensions>
      </trkpt>
      <trkpt lat="45.04742204211652278900146484375" lon="6.3020876236259937286376953125">
        <ele>1596.4000244140625</ele>
        <time>2026-07-27T08:58:30.000Z</time>
        <extensions>
          <ns3:TrackPointExtension>
            <ns3:hr>144</ns3:hr>
            <ns3:cad>57</ns3:cad>
          </ns3:TrackPointExtension>
        </extensions>
      </trkpt>
      <trkpt lat="45.04740041680634021759033203125" lon="6.30211151205003261566162109375">
        <ele>1595.5999755859375</ele>
        <time>2026-07-27T08:58:33.000Z</time>
        <extensions>
          <ns3:TrackPointExtension>
            <ns3:hr>144</ns3:hr>
            <ns3:cad>58</ns3:cad>
          </ns3:TrackPointExtension>
        </extensions>
      </trkpt>
      <trkpt lat="45.04738725721836090087890625" lon="6.30212961696088314056396484375">
        <ele>1595.199951171875</ele>
        <time>2026-07-27T08:58:35.000Z</time>
        <extensions>
          <ns3:TrackPointExtension>
            <ns3:hr>144</ns3:hr>
            <ns3:cad>0</ns3:cad>
          </ns3:TrackPointExtension>
        </extensions>
      </trkpt>
      <trkpt lat="45.047376193106174468994140625" lon="6.30214520730078220367431640625">
        <ele>1594.4000244140625</ele>
        <time>2026-07-27T08:58:37.000Z</time>
        <extensions>
          <ns3:TrackPointExtension>
            <ns3:hr>145</ns3:hr>
            <ns3:cad>0</ns3:cad>
          </ns3:TrackPointExtension>
        </extensions>
      </trkpt>
      <trkpt lat="45.04737057723104953765869140625" lon="6.302151493728160858154296875">
        <ele>1594</ele>
        <time>2026-07-27T08:58:38.000Z</time>
        <extensions>
          <ns3:TrackPointExtension>
            <ns3:hr>145</ns3:hr>
            <ns3:cad>0</ns3:cad>
          </ns3:TrackPointExtension>
        </extensions>
      </trkpt>
      <trkpt lat="45.0473334453999996185302734375" lon="6.30216121673583984375">
        <ele>1593</ele>
        <time>2026-07-27T08:58:41.000Z</time>
        <extensions>
          <ns3:TrackPointExtension>
            <ns3:hr>144</ns3:hr>
            <ns3:cad>60</ns3:cad>
          </ns3:TrackPointExtension>
        </extensions>
      </trkpt>
      <trkpt lat="45.04729765467345714569091796875" lon="6.3021697662770748138427734375">
        <ele>1592</ele>
        <time>2026-07-27T08:58:44.000Z</time>
        <extensions>
          <ns3:TrackPointExtension>
            <ns3:hr>145</ns3:hr>
            <ns3:cad>60</ns3:cad>
          </ns3:TrackPointExtension>
        </extensions>
      </trkpt>
      <trkpt lat="45.04728273488581180572509765625" lon="6.30218175239861011505126953125">
        <ele>1591.5999755859375</ele>
        <time>2026-07-27T08:58:45.000Z</time>
        <extensions>
          <ns3:TrackPointExtension>
            <ns3:hr>145</ns3:hr>
            <ns3:cad>60</ns3:cad>
          </ns3:TrackPointExtension>
        </extensions>
      </trkpt>
      <trkpt lat="45.04726949147880077362060546875" lon="6.3021929003298282623291015625">
        <ele>1591.199951171875</ele>
        <time>2026-07-27T08:58:46.000Z</time>
        <extensions>
          <ns3:TrackPointExtension>
            <ns3:hr>145</ns3:hr>
            <ns3:cad>60</ns3:cad>
          </ns3:TrackPointExtension>
        </extensions>
      </trkpt>
      <trkpt lat="45.04724300466477870941162109375" lon="6.30221293307840824127197265625">
        <ele>1590.4000244140625</ele>
        <time>2026-07-27T08:58:48.000Z</time>
        <extensions>
          <ns3:TrackPointExtension>
            <ns3:hr>145</ns3:hr>
            <ns3:cad>67</ns3:cad>
          </ns3:TrackPointExtension>
        </extensions>
      </trkpt>
      <trkpt lat="45.04721500910818576812744140625" lon="6.30223740823566913604736328125">
        <ele>1589.4000244140625</ele>
        <time>2026-07-27T08:58:51.000Z</time>
        <extensions>
          <ns3:TrackPointExtension>
            <ns3:hr>146</ns3:hr>
            <ns3:cad>61</ns3:cad>
          </ns3:TrackPointExtension>
        </extensions>
      </trkpt>
      <trkpt lat="45.047191120684146881103515625" lon="6.30227596499025821685791015625">
        <ele>1588.4000244140625</ele>
        <time>2026-07-27T08:58:54.000Z</time>
        <extensions>
          <ns3:TrackPointExtension>
            <ns3:hr>147</ns3:hr>
            <ns3:cad>61</ns3:cad>
          </ns3:TrackPointExtension>
        </extensions>
      </trkpt>
      <trkpt lat="45.04718047566711902618408203125" lon="6.3022911362349987030029296875">
        <ele>1588.199951171875</ele>
        <time>2026-07-27T08:58:55.000Z</time>
        <extensions>
          <ns3:TrackPointExtension>
            <ns3:hr>147</ns3:hr>
            <ns3:cad>61</ns3:cad>
          </ns3:TrackPointExtension>
        </extensions>
      </trkpt>
      <trkpt lat="45.04713269881904125213623046875" lon="6.30232307128608226776123046875">
        <ele>1587.199951171875</ele>
        <time>2026-07-27T08:58:59.000Z</time>
        <extensions>
          <ns3:TrackPointExtension>
            <ns3:hr>148</ns3:hr>
            <ns3:cad>61</ns3:cad>
          </ns3:TrackPointExtension>
        </extensions>
      </trkpt>
      <trkpt lat="45.04710956476628780364990234375" lon="6.30232189781963825225830078125">
        <ele>1586.199951171875</ele>
        <time>2026-07-27T08:59:02.000Z</time>
        <extensions>
          <ns3:TrackPointExtension>
            <ns3:hr>148</ns3:hr>
            <ns3:cad>61</ns3:cad>
          </ns3:TrackPointExtension>
        </extensions>
      </trkpt>
      <trkpt lat="45.04710294306278228759765625" lon="6.30231468938291072845458984375">
        <ele>1586</ele>
        <time>2026-07-27T08:59:03.000Z</time>
        <extensions>
          <ns3:TrackPointExtension>
            <ns3:hr>148</ns3:hr>
            <ns3:cad>61</ns3:cad>
          </ns3:TrackPointExtension>
        </extensions>
      </trkpt>
      <trkpt lat="45.04707570187747478485107421875" lon="6.30231871269643306732177734375">
        <ele>1585</ele>
        <time>2026-07-27T08:59:06.000Z</time>
        <extensions>
          <ns3:TrackPointExtension>
            <ns3:hr>148</ns3:hr>
            <ns3:cad>0</ns3:cad>
          </ns3:TrackPointExtension>
        </extensions>
      </trkpt>
      <trkpt lat="45.047058351337909698486328125" lon="6.30232206545770168304443359375">
        <ele>1584</ele>
        <time>2026-07-27T08:59:08.000Z</time>
        <extensions>
          <ns3:TrackPointExtension>
            <ns3:hr>148</ns3:hr>
            <ns3:cad>62</ns3:cad>
          </ns3:TrackPointExtension>
        </extensions>
      </trkpt>
      <trkpt lat="45.0470446050167083740234375" lon="6.30233011208474636077880859375">
        <ele>1583.199951171875</ele>
        <time>2026-07-27T08:59:13.000Z</time>
        <extensions>
          <ns3:TrackPointExtension>
            <ns3:hr>148</ns3:hr>
            <ns3:cad>0</ns3:cad>
          </ns3:TrackPointExtension>
        </extensions>
      </trkpt>
      <trkpt lat="45.04701417870819568634033203125" lon="6.3023464567959308624267578125">
        <ele>1583</ele>
        <time>2026-07-27T08:59:21.000Z</time>
        <extensions>
          <ns3:TrackPointExtension>
            <ns3:hr>146</ns3:hr>
            <ns3:cad>0</ns3:cad>
          </ns3:TrackPointExtension>
        </extensions>
      </trkpt>
      <trkpt lat="45.0470025278627872467041015625" lon="6.3023514859378337860107421875">
        <ele>1582.199951171875</ele>
        <time>2026-07-27T08:59:23.000Z</time>
        <extensions>
          <ns3:TrackPointExtension>
            <ns3:hr>145</ns3:hr>
            <ns3:cad>0</ns3:cad>
          </ns3:TrackPointExtension>
        </extensions>
      </trkpt>
      <trkpt lat="45.0469921343028545379638671875" lon="6.30235039629042148590087890625">
        <ele>1581.800048828125</ele>
        <time>2026-07-27T08:59:24.000Z</time>
        <extensions>
          <ns3:TrackPointExtension>
            <ns3:hr>145</ns3:hr>
            <ns3:cad>0</ns3:cad>
          </ns3:TrackPointExtension>
        </extensions>
      </trkpt>
      <trkpt lat="45.04695349372923374176025390625" lon="6.3023635558784008026123046875">
        <ele>1580.5999755859375</ele>
        <time>2026-07-27T08:59:28.000Z</time>
        <extensions>
          <ns3:TrackPointExtension>
            <ns3:hr>146</ns3:hr>
            <ns3:cad>0</ns3:cad>
          </ns3:TrackPointExtension>
        </extensions>
      </trkpt>
      <trkpt lat="45.04693740047514438629150390625" lon="6.3023843429982662200927734375">
        <ele>1580</ele>
        <time>2026-07-27T08:59:30.000Z</time>
        <extensions>
          <ns3:TrackPointExtension>
            <ns3:hr>145</ns3:hr>
            <ns3:cad>0</ns3:cad>
          </ns3:TrackPointExtension>
        </extensions>
      </trkpt>
      <trkpt lat="45.04691828973591327667236328125" lon="6.3024353049695491790771484375">
        <ele>1579.4000244140625</ele>
        <time>2026-07-27T08:59:34.000Z</time>
        <extensions>
          <ns3:TrackPointExtension>
            <ns3:hr>146</ns3:hr>
            <ns3:cad>55</ns3:cad>
          </ns3:TrackPointExtension>
        </extensions>
      </trkpt>
      <trkpt lat="45.04691007547080516815185546875" lon="6.30249473266303539276123046875">
        <ele>1578.5999755859375</ele>
        <time>2026-07-27T08:59:38.000Z</time>
        <extensions>
          <ns3:TrackPointExtension>
            <ns3:hr>146</ns3:hr>
            <ns3:cad>56</ns3:cad>
          </ns3:TrackPointExtension>
        </extensions>
      </trkpt>
      <trkpt lat="45.04690940491855144500732421875" lon="6.30250529386103153228759765625">
        <ele>1578.199951171875</ele>
        <time>2026-07-27T08:59:39.000Z</time>
        <extensions>
          <ns3:TrackPointExtension>
            <ns3:hr>145</ns3:hr>
            <ns3:cad>56</ns3:cad>
          </ns3:TrackPointExtension>
        </extensions>
      </trkpt>
      <trkpt lat="45.046900101006031036376953125" lon="6.3025581836700439453125">
        <ele>1577.4000244140625</ele>
        <time>2026-07-27T08:59:45.000Z</time>
        <extensions>
          <ns3:TrackPointExtension>
            <ns3:hr>144</ns3:hr>
            <ns3:cad>0</ns3:cad>
          </ns3:TrackPointExtension>
        </extensions>
      </trkpt>
      <trkpt lat="45.046898089349269866943359375" lon="6.3025702536106109619140625">
        <ele>1576.800048828125</ele>
        <time>2026-07-27T08:59:46.000Z</time>
        <extensions>
          <ns3:TrackPointExtension>
            <ns3:hr>144</ns3:hr>
            <ns3:cad>0</ns3:cad>
          </ns3:TrackPointExtension>
        </extensions>
      </trkpt>
      <trkpt lat="45.0468898750841617584228515625" lon="6.30262230522930622100830078125">
        <ele>1575.5999755859375</ele>
        <time>2026-07-27T08:59:51.000Z</time>
        <extensions>
          <ns3:TrackPointExtension>
            <ns3:hr>144</ns3:hr>
            <ns3:cad>60</ns3:cad>
          </ns3:TrackPointExtension>
        </extensions>
      </trkpt>
      <trkpt lat="45.0468861870467662811279296875" lon="6.3026589341461658477783203125">
        <ele>1574.4000244140625</ele>
        <time>2026-07-27T08:59:55.000Z</time>
        <extensions>
          <ns3:TrackPointExtension>
            <ns3:hr>144</ns3:hr>
            <ns3:cad>77</ns3:cad>
          </ns3:TrackPointExtension>
        </extensions>
      </trkpt>
      <trkpt lat="45.04687554202973842620849609375" lon="6.30274082534015178680419921875">
        <ele>1573.4000244140625</ele>
        <time>2026-07-27T09:00:02.000Z</time>
        <extensions>
          <ns3:TrackPointExtension>
            <ns3:hr>144</ns3:hr>
            <ns3:cad>53</ns3:cad>
          </ns3:TrackPointExtension>
        </extensions>
      </trkpt>
      <trkpt lat="45.04687470383942127227783203125" lon="6.30274794995784759521484375">
        <ele>1573</ele>
        <time>2026-07-27T09:00:03.000Z</time>
        <extensions>
          <ns3:TrackPointExtension>
            <ns3:hr>144</ns3:hr>
            <ns3:cad>53</ns3:cad>
          </ns3:TrackPointExtension>
        </extensions>
      </trkpt>
      <trkpt lat="45.04687629640102386474609375" lon="6.30276060663163661956787109375">
        <ele>1572.4000244140625</ele>
        <time>2026-07-27T09:00:09.000Z</time>
        <extensions>
          <ns3:TrackPointExtension>
            <ns3:hr>144</ns3:hr>
            <ns3:cad>0</ns3:cad>
          </ns3:TrackPointExtension>
        </extensions>
      </trkpt>
      <trkpt lat="45.04688090644776821136474609375" lon="6.3027615286409854888916015625">
        <ele>1572.199951171875</ele>
        <time>2026-07-27T09:00:13.000Z</time>
        <extensions>
          <ns3:TrackPointExtension>
            <ns3:hr>145</ns3:hr>
            <ns3:cad>0</ns3:cad>
          </ns3:TrackPointExtension>
        </extensions>
      </trkpt>
      <trkpt lat="45.04687604494392871856689453125" lon="6.3027632050216197967529296875">
        <ele>1572.199951171875</ele>
        <time>2026-07-27T09:00:21.000Z</time>
        <extensions>
          <ns3:TrackPointExtension>
            <ns3:hr>145</ns3:hr>
            <ns3:cad>0</ns3:cad>
          </ns3:TrackPointExtension>
        </extensions>
      </trkpt>
      <trkpt lat="45.04687604494392871856689453125" lon="6.3027632050216197967529296875">
        <ele>1572.199951171875</ele>
        <time>2026-07-27T09:00:27.000Z</time>
        <extensions>
          <ns3:TrackPointExtension>
            <ns3:hr>139</ns3:hr>
            <ns3:cad>0</ns3:cad>
          </ns3:TrackPointExtension>
        </extensions>
      </trkpt>
      <trkpt lat="45.04687604494392871856689453125" lon="6.3027632050216197967529296875">
        <ele>1572</ele>
        <time>2026-07-27T09:00:28.000Z</time>
        <extensions>
          <ns3:TrackPointExtension>
            <ns3:hr>136</ns3:hr>
            <ns3:cad>0</ns3:cad>
          </ns3:TrackPointExtension>
        </extensions>
      </trkpt>
      <trkpt lat="45.04687604494392871856689453125" lon="6.3027632050216197967529296875">
        <ele>1572</ele>
        <time>2026-07-27T09:00:29.000Z</time>
        <extensions>
          <ns3:TrackPointExtension>
            <ns3:hr>136</ns3:hr>
            <ns3:cad>0</ns3:cad>
          </ns3:TrackPointExtension>
        </extensions>
      </trkpt>
      <trkpt lat="45.046874620020389556884765625" lon="6.30276228301227092742919921875">
        <ele>1571.199951171875</ele>
        <time>2026-07-27T09:00:44.000Z</time>
        <extensions>
          <ns3:TrackPointExtension>
            <ns3:hr>137</ns3:hr>
            <ns3:cad>0</ns3:cad>
          </ns3:TrackPointExtension>
        </extensions>
      </trkpt>
      <trkpt lat="45.0468742847442626953125" lon="6.30276228301227092742919921875">
        <ele>1571</ele>
        <time>2026-07-27T09:00:45.000Z</time>
        <extensions>
          <ns3:TrackPointExtension>
            <ns3:hr>137</ns3:hr>
            <ns3:cad>0</ns3:cad>
          </ns3:TrackPointExtension>
        </extensions>
      </trkpt>
      <trkpt lat="45.0468670763075351715087890625" lon="6.30281559191644191741943359375">
        <ele>1569.800048828125</ele>
        <time>2026-07-27T09:00:53.000Z</time>
        <extensions>
          <ns3:TrackPointExtension>
            <ns3:hr>137</ns3:hr>
            <ns3:cad>57</ns3:cad>
          </ns3:TrackPointExtension>
        </extensions>
      </trkpt>
      <trkpt lat="45.04686799831688404083251953125" lon="6.3028607703745365142822265625">
        <ele>1569.199951171875</ele>
        <time>2026-07-27T09:00:55.000Z</time>
        <extensions>
          <ns3:TrackPointExtension>
            <ns3:hr>137</ns3:hr>
            <ns3:cad>57</ns3:cad>
          </ns3:TrackPointExtension>
        </extensions>
      </trkpt>
      <trkpt lat="45.046872608363628387451171875" lon="6.30291148088872432708740234375">
        <ele>1568.5999755859375</ele>
        <time>2026-07-27T09:00:57.000Z</time>
        <extensions>
          <ns3:TrackPointExtension>
            <ns3:hr>138</ns3:hr>
            <ns3:cad>59</ns3:cad>
          </ns3:TrackPointExtension>
        </extensions>
      </trkpt>
      <trkpt lat="45.04686422646045684814453125" lon="6.30299144424498081207275390625">
        <ele>1567.5999755859375</ele>
        <time>2026-07-27T09:01:01.000Z</time>
        <extensions>
          <ns3:TrackPointExtension>
            <ns3:hr>139</ns3:hr>
            <ns3:cad>60</ns3:cad>
          </ns3:TrackPointExtension>
        </extensions>
      </trkpt>
      <trkpt lat="45.046864561736583709716796875" lon="6.30301591940224170684814453125">
        <ele>1567</ele>
        <time>2026-07-27T09:01:03.000Z</time>
        <extensions>
          <ns3:TrackPointExtension>
            <ns3:hr>139</ns3:hr>
            <ns3:cad>59</ns3:cad>
          </ns3:TrackPointExtension>
        </extensions>
      </trkpt>
      <trkpt lat="45.04685525782406330108642578125" lon="6.303049027919769287109375">
        <ele>1566.199951171875</ele>
        <time>2026-07-27T09:01:06.000Z</time>
        <extensions>
          <ns3:TrackPointExtension>
            <ns3:hr>139</ns3:hr>
            <ns3:cad>63</ns3:cad>
          </ns3:TrackPointExtension>
        </extensions>
      </trkpt>
      <trkpt lat="45.0468503125011920928955078125" lon="6.30309621803462505340576171875">
        <ele>1565.199951171875</ele>
        <time>2026-07-27T09:01:10.000Z</time>
        <extensions>
          <ns3:TrackPointExtension>
            <ns3:hr>140</ns3:hr>
            <ns3:cad>0</ns3:cad>
          </ns3:TrackPointExtension>
        </extensions>
      </trkpt>
      <trkpt lat="45.04685022868216037750244140625" lon="6.3031212799251079559326171875">
        <ele>1564.5999755859375</ele>
        <time>2026-07-27T09:01:12.000Z</time>
        <extensions>
          <ns3:TrackPointExtension>
            <ns3:hr>140</ns3:hr>
            <ns3:cad>0</ns3:cad>
          </ns3:TrackPointExtension>
        </extensions>
      </trkpt>
      <trkpt lat="45.0468461215496063232421875" lon="6.3031415641307830810546875">
        <ele>1564</ele>
        <time>2026-07-27T09:01:14.000Z</time>
        <extensions>
          <ns3:TrackPointExtension>
            <ns3:hr>140</ns3:hr>
            <ns3:cad>0</ns3:cad>
          </ns3:TrackPointExtension>
        </extensions>
      </trkpt>
      <trkpt lat="45.04686690866947174072265625" lon="6.30320266820490360260009765625">
        <ele>1562.800048828125</ele>
        <time>2026-07-27T09:01:20.000Z</time>
        <extensions>
          <ns3:TrackPointExtension>
            <ns3:hr>141</ns3:hr>
            <ns3:cad>58</ns3:cad>
          </ns3:TrackPointExtension>
        </extensions>
      </trkpt>
      <trkpt lat="45.04687068052589893341064453125" lon="6.303227059543132781982421875">
        <ele>1562</ele>
        <time>2026-07-27T09:01:22.000Z</time>
        <extensions>
          <ns3:TrackPointExtension>
            <ns3:hr>141</ns3:hr>
            <ns3:cad>58</ns3:cad>
          </ns3:TrackPointExtension>
        </extensions>
      </trkpt>
      <trkpt lat="45.04687252454459667205810546875" lon="6.30324156023561954498291015625">
        <ele>1561.800048828125</ele>
        <time>2026-07-27T09:01:23.000Z</time>
        <extensions>
          <ns3:TrackPointExtension>
            <ns3:hr>141</ns3:hr>
            <ns3:cad>58</ns3:cad>
          </ns3:TrackPointExtension>
        </extensions>
      </trkpt>
      <trkpt lat="45.04687495529651641845703125" lon="6.3032808713614940643310546875">
        <ele>1560.5999755859375</ele>
        <time>2026-07-27T09:01:27.000Z</time>
        <extensions>
          <ns3:TrackPointExtension>
            <ns3:hr>143</ns3:hr>
            <ns3:cad>61</ns3:cad>
          </ns3:TrackPointExtension>
        </extensions>
      </trkpt>
      <trkpt lat="45.04687470383942127227783203125" lon="6.3033187575638294219970703125">
        <ele>1560</ele>
        <time>2026-07-27T09:01:30.000Z</time>
        <extensions>
          <ns3:TrackPointExtension>
            <ns3:hr>146</ns3:hr>
            <ns3:cad>61</ns3:cad>
          </ns3:TrackPointExtension>
        </extensions>
      </trkpt>
      <trkpt lat="45.0468742847442626953125" lon="6.30333158187568187713623046875">
        <ele>1559.5999755859375</ele>
        <time>2026-07-27T09:01:31.000Z</time>
        <extensions>
          <ns3:TrackPointExtension>
            <ns3:hr>147</ns3:hr>
            <ns3:cad>61</ns3:cad>
          </ns3:TrackPointExtension>
        </extensions>
      </trkpt>
      <trkpt lat="45.04686783067882061004638671875" lon="6.30339696072041988372802734375">
        <ele>1558.5999755859375</ele>
        <time>2026-07-27T09:01:36.000Z</time>
        <extensions>
          <ns3:TrackPointExtension>
            <ns3:hr>146</ns3:hr>
            <ns3:cad>61</ns3:cad>
          </ns3:TrackPointExtension>
        </extensions>
      </trkpt>
      <trkpt lat="45.04688258282840251922607421875" lon="6.3034287281334400177001953125">
        <ele>1557.5999755859375</ele>
        <time>2026-07-27T09:01:39.000Z</time>
        <extensions>
          <ns3:TrackPointExtension>
            <ns3:hr>145</ns3:hr>
            <ns3:cad>61</ns3:cad>
          </ns3:TrackPointExtension>
        </extensions>
      </trkpt>
      <trkpt lat="45.04688811488449573516845703125" lon="6.303435601294040679931640625">
        <ele>1557.4000244140625</ele>
        <time>2026-07-27T09:01:40.000Z</time>
        <extensions>
          <ns3:TrackPointExtension>
            <ns3:hr>145</ns3:hr>
            <ns3:cad>61</ns3:cad>
          </ns3:TrackPointExtension>
        </extensions>
      </trkpt>
      <trkpt lat="45.04689096473157405853271484375" lon="6.3034475035965442657470703125">
        <ele>1557.199951171875</ele>
        <time>2026-07-27T09:01:41.000Z</time>
        <extensions>
          <ns3:TrackPointExtension>
            <ns3:hr>145</ns3:hr>
            <ns3:cad>61</ns3:cad>
          </ns3:TrackPointExtension>
        </extensions>
      </trkpt>
      <trkpt lat="45.04692734219133853912353515625" lon="6.303467452526092529296875">
        <ele>1556.199951171875</ele>
        <time>2026-07-27T09:01:45.000Z</time>
        <extensions>
          <ns3:TrackPointExtension>
            <ns3:hr>145</ns3:hr>
            <ns3:cad>61</ns3:cad>
          </ns3:TrackPointExtension>
        </extensions>
      </trkpt>
      <trkpt lat="45.04693522118031978607177734375" lon="6.30347474478185176849365234375">
        <ele>1556</ele>
        <time>2026-07-27T09:01:46.000Z</time>
        <extensions>
          <ns3:TrackPointExtension>
            <ns3:hr>145</ns3:hr>
            <ns3:cad>61</ns3:cad>
          </ns3:TrackPointExtension>
        </extensions>
      </trkpt>
      <trkpt lat="45.0469431839883327484130859375" lon="6.3035045005381107330322265625">
        <ele>1555.4000244140625</ele>
        <time>2026-07-27T09:01:49.000Z</time>
        <extensions>
          <ns3:TrackPointExtension>
            <ns3:hr>145</ns3:hr>
            <ns3:cad>61</ns3:cad>
          </ns3:TrackPointExtension>
        </extensions>
      </trkpt>
      <trkpt lat="45.04694410599768161773681640625" lon="6.30353249609470367431640625">
        <ele>1555.199951171875</ele>
        <time>2026-07-27T09:01:51.000Z</time>
        <extensions>
          <ns3:TrackPointExtension>
            <ns3:hr>145</ns3:hr>
            <ns3:cad>61</ns3:cad>
          </ns3:TrackPointExtension>
        </extensions>
      </trkpt>
      <trkpt lat="45.04697578959167003631591796875" lon="6.303613968193531036376953125">
        <ele>1554</ele>
        <time>2026-07-27T09:01:57.000Z</time>
        <extensions>
          <ns3:TrackPointExtension>
            <ns3:hr>145</ns3:hr>
            <ns3:cad>54</ns3:cad>
          </ns3:TrackPointExtension>
        </extensions>
      </trkpt>
      <trkpt lat="45.04697796888649463653564453125" lon="6.30362729541957378387451171875">
        <ele>1554</ele>
        <time>2026-07-27T09:01:58.000Z</time>
        <extensions>
          <ns3:TrackPointExtension>
            <ns3:hr>145</ns3:hr>
            <ns3:cad>56</ns3:cad>
          </ns3:TrackPointExtension>
        </extensions>
      </trkpt>
      <trkpt lat="45.04699355922639369964599609375" lon="6.303634755313396453857421875">
        <ele>1553.5999755859375</ele>
        <time>2026-07-27T09:02:01.000Z</time>
        <extensions>
          <ns3:TrackPointExtension>
            <ns3:hr>147</ns3:hr>
            <ns3:cad>53</ns3:cad>
          </ns3:TrackPointExtension>
        </extensions>
      </trkpt>
      <trkpt lat="45.04701350815594196319580078125" lon="6.3036396168172359466552734375">
        <ele>1553</ele>
        <time>2026-07-27T09:02:03.000Z</time>
        <extensions>
          <ns3:TrackPointExtension>
            <ns3:hr>147</ns3:hr>
            <ns3:cad>54</ns3:cad>
          </ns3:TrackPointExtension>
        </extensions>
      </trkpt>
      <trkpt lat="45.04705072380602359771728515625" lon="6.3036359287798404693603515625">
        <ele>1552.5999755859375</ele>
        <time>2026-07-27T09:02:05.000Z</time>
        <extensions>
          <ns3:TrackPointExtension>
            <ns3:hr>146</ns3:hr>
            <ns3:cad>54</ns3:cad>
          </ns3:TrackPointExtension>
        </extensions>
      </trkpt>
      <trkpt lat="45.04711425863206386566162109375" lon="6.303622685372829437255859375">
        <ele>1552</ele>
        <time>2026-07-27T09:02:10.000Z</time>
        <extensions>
          <ns3:TrackPointExtension>
            <ns3:hr>145</ns3:hr>
            <ns3:cad>57</ns3:cad>
          </ns3:TrackPointExtension>
        </extensions>
      </trkpt>
      <trkpt lat="45.04718969576060771942138671875" lon="6.30362327210605144500732421875">
        <ele>1551.5999755859375</ele>
        <time>2026-07-27T09:02:15.000Z</time>
        <extensions>
          <ns3:TrackPointExtension>
            <ns3:hr>142</ns3:hr>
            <ns3:cad>54</ns3:cad>
          </ns3:TrackPointExtension>
        </extensions>
      </trkpt>
      <trkpt lat="45.0471983291208744049072265625" lon="6.30362377502024173736572265625">
        <ele>1551.4000244140625</ele>
        <time>2026-07-27T09:02:16.000Z</time>
        <extensions>
          <ns3:TrackPointExtension>
            <ns3:hr>142</ns3:hr>
            <ns3:cad>52</ns3:cad>
          </ns3:TrackPointExtension>
        </extensions>
      </trkpt>
      <trkpt lat="45.047212578356266021728515625" lon="6.3036245293915271759033203125">
        <ele>1551.4000244140625</ele>
        <time>2026-07-27T09:02:17.000Z</time>
        <extensions>
          <ns3:TrackPointExtension>
            <ns3:hr>139</ns3:hr>
            <ns3:cad>52</ns3:cad>
          </ns3:TrackPointExtension>
        </extensions>
      </trkpt>
      <trkpt lat="45.047280304133892059326171875" lon="6.30362997762858867645263671875">
        <ele>1551.4000244140625</ele>
        <time>2026-07-27T09:02:21.000Z</time>
        <extensions>
          <ns3:TrackPointExtension>
            <ns3:hr>136</ns3:hr>
            <ns3:cad>55</ns3:cad>
          </ns3:TrackPointExtension>
        </extensions>
      </trkpt>
      <trkpt lat="45.04731483757495880126953125" lon="6.30366585217416286468505859375">
        <ele>1550.800048828125</ele>
        <time>2026-07-27T09:02:24.000Z</time>
        <extensions>
          <ns3:TrackPointExtension>
            <ns3:hr>137</ns3:hr>
            <ns3:cad>55</ns3:cad>
          </ns3:TrackPointExtension>
        </extensions>
      </trkpt>
      <trkpt lat="45.04732766188681125640869140625" lon="6.30367708392441272735595703125">
        <ele>1550.5999755859375</ele>
        <time>2026-07-27T09:02:25.000Z</time>
        <extensions>
          <ns3:TrackPointExtension>
            <ns3:hr>137</ns3:hr>
            <ns3:cad>55</ns3:cad>
          </ns3:TrackPointExtension>
        </extensions>
      </trkpt>
      <trkpt lat="45.0474281609058380126953125" lon="6.3036734797060489654541015625">
        <ele>1550.4000244140625</ele>
        <time>2026-07-27T09:02:34.000Z</time>
        <extensions>
          <ns3:TrackPointExtension>
            <ns3:hr>138</ns3:hr>
            <ns3:cad>56</ns3:cad>
          </ns3:TrackPointExtension>
        </extensions>
      </trkpt>
      <trkpt lat="45.047504603862762451171875" lon="6.3036456517875194549560546875">
        <ele>1549.5999755859375</ele>
        <time>2026-07-27T09:02:40.000Z</time>
        <extensions>
          <ns3:TrackPointExtension>
            <ns3:hr>138</ns3:hr>
            <ns3:cad>55</ns3:cad>
          </ns3:TrackPointExtension>
        </extensions>
      </trkpt>
      <trkpt lat="45.04754777066409587860107421875" lon="6.30362830124795436859130859375">
        <ele>1549.4000244140625</ele>
        <time>2026-07-27T09:02:44.000Z</time>
        <extensions>
          <ns3:TrackPointExtension>
            <ns3:hr>138</ns3:hr>
            <ns3:cad>55</ns3:cad>
          </ns3:TrackPointExtension>
        </extensions>
      </trkpt>
      <trkpt lat="45.04764265380799770355224609375" lon="6.30368328653275966644287109375">
        <ele>1548.5999755859375</ele>
        <time>2026-07-27T09:02:51.000Z</time>
        <extensions>
          <ns3:TrackPointExtension>
            <ns3:hr>137</ns3:hr>
            <ns3:cad>57</ns3:cad>
          </ns3:TrackPointExtension>
        </extensions>
      </trkpt>
      <trkpt lat="45.047651119530200958251953125" lon="6.303708851337432861328125">
        <ele>1548.4000244140625</ele>
        <time>2026-07-27T09:02:52.000Z</time>
        <extensions>
          <ns3:TrackPointExtension>
            <ns3:hr>137</ns3:hr>
            <ns3:cad>57</ns3:cad>
          </ns3:TrackPointExtension>
        </extensions>
      </trkpt>
      <trkpt lat="45.04764030687510967254638671875" lon="6.303822509944438934326171875">
        <ele>1547.800048828125</ele>
        <time>2026-07-27T09:02:59.000Z</time>
        <extensions>
          <ns3:TrackPointExtension>
            <ns3:hr>139</ns3:hr>
            <ns3:cad>55</ns3:cad>
          </ns3:TrackPointExtension>
        </extensions>
      </trkpt>
      <trkpt lat="45.04762086085975170135498046875" lon="6.30382728762924671173095703125">
        <ele>1547.199951171875</ele>
        <time>2026-07-27T09:03:00.000Z</time>
        <extensions>
          <ns3:TrackPointExtension>
            <ns3:hr>140</ns3:hr>
            <ns3:cad>55</ns3:cad>
          </ns3:TrackPointExtension>
        </extensions>
      </trkpt>
      <trkpt lat="45.0475849024951457977294921875" lon="6.30390708334743976593017578125">
        <ele>1547</ele>
        <time>2026-07-27T09:03:05.000Z</time>
        <extensions>
          <ns3:TrackPointExtension>
            <ns3:hr>139</ns3:hr>
            <ns3:cad>56</ns3:cad>
          </ns3:TrackPointExtension>
        </extensions>
      </trkpt>
      <trkpt lat="45.04757660441100597381591796875" lon="6.3039155490696430206298828125">
        <ele>1547</ele>
        <time>2026-07-27T09:03:06.000Z</time>
        <extensions>
          <ns3:TrackPointExtension>
            <ns3:hr>138</ns3:hr>
            <ns3:cad>53</ns3:cad>
          </ns3:TrackPointExtension>
        </extensions>
      </trkpt>
      <trkpt lat="45.0475600920617580413818359375" lon="6.3039272837340831756591796875">
        <ele>1547</ele>
        <time>2026-07-27T09:03:09.000Z</time>
        <extensions>
          <ns3:TrackPointExtension>
            <ns3:hr>137</ns3:hr>
            <ns3:cad>0</ns3:cad>
          </ns3:TrackPointExtension>
        </extensions>
      </trkpt>
      <trkpt lat="45.04753218032419681549072265625" lon="6.303949244320392608642578125">
        <ele>1546.4000244140625</ele>
        <time>2026-07-27T09:03:12.000Z</time>
        <extensions>
          <ns3:TrackPointExtension>
            <ns3:hr>136</ns3:hr>
            <ns3:cad>55</ns3:cad>
          </ns3:TrackPointExtension>
        </extensions>
      </trkpt>
      <trkpt lat="45.0475193560123443603515625" lon="6.30395519547164440155029296875">
        <ele>1546.199951171875</ele>
        <time>2026-07-27T09:03:13.000Z</time>
        <extensions>
          <ns3:TrackPointExtension>
            <ns3:hr>137</ns3:hr>
            <ns3:cad>54</ns3:cad>
          </ns3:TrackPointExtension>
        </extensions>
      </trkpt>
      <trkpt lat="45.0474779494106769561767578125" lon="6.30399274639785289764404296875">
        <ele>1545</ele>
        <time>2026-07-27T09:03:16.000Z</time>
        <extensions>
          <ns3:TrackPointExtension>
            <ns3:hr>138</ns3:hr>
            <ns3:cad>55</ns3:cad>
          </ns3:TrackPointExtension>
        </extensions>
      </trkpt>
      <trkpt lat="45.0474554859101772308349609375" lon="6.30404521711170673370361328125">
        <ele>1544.4000244140625</ele>
        <time>2026-07-27T09:03:20.000Z</time>
        <extensions>
          <ns3:TrackPointExtension>
            <ns3:hr>138</ns3:hr>
            <ns3:cad>56</ns3:cad>
          </ns3:TrackPointExtension>
        </extensions>
      </trkpt>
      <trkpt lat="45.04743780009448528289794921875" lon="6.3040788285434246063232421875">
        <ele>1544</ele>
        <time>2026-07-27T09:03:22.000Z</time>
        <extensions>
          <ns3:TrackPointExtension>
            <ns3:hr>138</ns3:hr>
            <ns3:cad>57</ns3:cad>
          </ns3:TrackPointExtension>
        </extensions>
      </trkpt>
      <trkpt lat="45.04735951311886310577392578125" lon="6.30417832173407077789306640625">
        <ele>1543</ele>
        <time>2026-07-27T09:03:31.000Z</time>
        <extensions>
          <ns3:TrackPointExtension>
            <ns3:hr>137</ns3:hr>
            <ns3:cad>53</ns3:cad>
          </ns3:TrackPointExtension>
        </extensions>
      </trkpt>
      <trkpt lat="45.04734861664474010467529296875" lon="6.30418200977146625518798828125">
        <ele>1542.800048828125</ele>
        <time>2026-07-27T09:03:32.000Z</time>
        <extensions>
          <ns3:TrackPointExtension>
            <ns3:hr>137</ns3:hr>
            <ns3:cad>53</ns3:cad>
          </ns3:TrackPointExtension>
        </extensions>
      </trkpt>
      <trkpt lat="45.04733721725642681121826171875" lon="6.30420841276645660400390625">
        <ele>1542.800048828125</ele>
        <time>2026-07-27T09:03:34.000Z</time>
        <extensions>
          <ns3:TrackPointExtension>
            <ns3:hr>137</ns3:hr>
            <ns3:cad>53</ns3:cad>
          </ns3:TrackPointExtension>
        </extensions>
      </trkpt>
      <trkpt lat="45.04731458611786365509033203125" lon="6.30427823401987552642822265625">
        <ele>1542</ele>
        <time>2026-07-27T09:03:38.000Z</time>
        <extensions>
          <ns3:TrackPointExtension>
            <ns3:hr>136</ns3:hr>
            <ns3:cad>56</ns3:cad>
          </ns3:TrackPointExtension>
        </extensions>
      </trkpt>
      <trkpt lat="45.04729866050183773040771484375" lon="6.30430765450000762939453125">
        <ele>1541.800048828125</ele>
        <time>2026-07-27T09:03:40.000Z</time>
        <extensions>
          <ns3:TrackPointExtension>
            <ns3:hr>136</ns3:hr>
            <ns3:cad>54</ns3:cad>
          </ns3:TrackPointExtension>
        </extensions>
      </trkpt>
      <trkpt lat="45.047252140939235687255859375" lon="6.30440044216811656951904296875">
        <ele>1541</ele>
        <time>2026-07-27T09:03:47.000Z</time>
        <extensions>
          <ns3:TrackPointExtension>
            <ns3:hr>135</ns3:hr>
            <ns3:cad>54</ns3:cad>
          </ns3:TrackPointExtension>
        </extensions>
      </trkpt>
      <trkpt lat="45.0472482852637767791748046875" lon="6.30441402085125446319580078125">
        <ele>1540.800048828125</ele>
        <time>2026-07-27T09:03:48.000Z</time>
        <extensions>
          <ns3:TrackPointExtension>
            <ns3:hr>135</ns3:hr>
            <ns3:cad>54</ns3:cad>
          </ns3:TrackPointExtension>
        </extensions>
      </trkpt>
      <trkpt lat="45.04721584729850292205810546875" lon="6.30450270138680934906005859375">
        <ele>1539.800048828125</ele>
        <time>2026-07-27T09:03:54.000Z</time>
        <extensions>
          <ns3:TrackPointExtension>
            <ns3:hr>135</ns3:hr>
            <ns3:cad>55</ns3:cad>
          </ns3:TrackPointExtension>
        </extensions>
      </trkpt>
      <trkpt lat="45.04721484147012233734130859375" lon="6.3045210577547550201416015625">
        <ele>1539.800048828125</ele>
        <time>2026-07-27T09:03:55.000Z</time>
        <extensions>
          <ns3:TrackPointExtension>
            <ns3:hr>135</ns3:hr>
            <ns3:cad>55</ns3:cad>
          </ns3:TrackPointExtension>
        </extensions>
      </trkpt>
      <trkpt lat="45.0472154282033443450927734375" lon="6.30457679741084575653076171875">
        <ele>1539.199951171875</ele>
        <time>2026-07-27T09:03:58.000Z</time>
        <extensions>
          <ns3:TrackPointExtension>
            <ns3:hr>135</ns3:hr>
            <ns3:cad>55</ns3:cad>
          </ns3:TrackPointExtension>
        </extensions>
      </trkpt>
      <trkpt lat="45.04720377735793590545654296875" lon="6.30467721261084079742431640625">
        <ele>1538.5999755859375</ele>
        <time>2026-07-27T09:04:03.000Z</time>
        <extensions>
          <ns3:TrackPointExtension>
            <ns3:hr>134</ns3:hr>
            <ns3:cad>56</ns3:cad>
          </ns3:TrackPointExtension>
        </extensions>
      </trkpt>
      <trkpt lat="45.0471879355609416961669921875" lon="6.304750554263591766357421875">
        <ele>1538.199951171875</ele>
        <time>2026-07-27T09:04:07.000Z</time>
        <extensions>
          <ns3:TrackPointExtension>
            <ns3:hr>134</ns3:hr>
            <ns3:cad>56</ns3:cad>
          </ns3:TrackPointExtension>
        </extensions>
      </trkpt>
      <trkpt lat="45.04718265496194362640380859375" lon="6.3048020191490650177001953125">
        <ele>1537.4000244140625</ele>
        <time>2026-07-27T09:04:10.000Z</time>
        <extensions>
          <ns3:TrackPointExtension>
            <ns3:hr>134</ns3:hr>
            <ns3:cad>55</ns3:cad>
          </ns3:TrackPointExtension>
        </extensions>
      </trkpt>
      <trkpt lat="45.04715113900601863861083984375" lon="6.3049592636525630950927734375">
        <ele>1536.800048828125</ele>
        <time>2026-07-27T09:04:19.000Z</time>
        <extensions>
          <ns3:TrackPointExtension>
            <ns3:hr>135</ns3:hr>
            <ns3:cad>54</ns3:cad>
          </ns3:TrackPointExtension>
        </extensions>
      </trkpt>
      <trkpt lat="45.04714141599833965301513671875" lon="6.30499153397977352142333984375">
        <ele>1536.4000244140625</ele>
        <time>2026-07-27T09:04:21.000Z</time>
        <extensions>
          <ns3:TrackPointExtension>
            <ns3:hr>135</ns3:hr>
            <ns3:cad>55</ns3:cad>
          </ns3:TrackPointExtension>
        </extensions>
      </trkpt>
      <trkpt lat="45.04710487090051174163818359375" lon="6.305092871189117431640625">
        <ele>1535.199951171875</ele>
        <time>2026-07-27T09:04:27.000Z</time>
        <extensions>
          <ns3:TrackPointExtension>
            <ns3:hr>135</ns3:hr>
            <ns3:cad>52</ns3:cad>
          </ns3:TrackPointExtension>
        </extensions>
      </trkpt>
      <trkpt lat="45.04709489643573760986328125" lon="6.3051076233386993408203125">
        <ele>1535</ele>
        <time>2026-07-27T09:04:28.000Z</time>
        <extensions>
          <ns3:TrackPointExtension>
            <ns3:hr>135</ns3:hr>
            <ns3:cad>54</ns3:cad>
          </ns3:TrackPointExtension>
        </extensions>
      </trkpt>
      <trkpt lat="45.04705692641437053680419921875" lon="6.3051540590822696685791015625">
        <ele>1534.199951171875</ele>
        <time>2026-07-27T09:04:32.000Z</time>
        <extensions>
          <ns3:TrackPointExtension>
            <ns3:hr>136</ns3:hr>
            <ns3:cad>54</ns3:cad>
          </ns3:TrackPointExtension>
        </extensions>
      </trkpt>
      <trkpt lat="45.04702675156295299530029296875" lon="6.3052083738148212432861328125">
        <ele>1533.199951171875</ele>
        <time>2026-07-27T09:04:36.000Z</time>
        <extensions>
          <ns3:TrackPointExtension>
            <ns3:hr>136</ns3:hr>
            <ns3:cad>57</ns3:cad>
          </ns3:TrackPointExtension>
        </extensions>
      </trkpt>
      <trkpt lat="45.04701786674559116363525390625" lon="6.30521834827959537506103515625">
        <ele>1533</ele>
        <time>2026-07-27T09:04:37.000Z</time>
        <extensions>
          <ns3:TrackPointExtension>
            <ns3:hr>136</ns3:hr>
            <ns3:cad>57</ns3:cad>
          </ns3:TrackPointExtension>
        </extensions>
      </trkpt>
      <trkpt lat="45.04696615040302276611328125" lon="6.3053123094141483306884765625">
        <ele>1532.199951171875</ele>
        <time>2026-07-27T09:04:45.000Z</time>
        <extensions>
          <ns3:TrackPointExtension>
            <ns3:hr>137</ns3:hr>
            <ns3:cad>55</ns3:cad>
          </ns3:TrackPointExtension>
        </extensions>
      </trkpt>
      <trkpt lat="45.04696137271821498870849609375" lon="6.30534030497074127197265625">
        <ele>1532.199951171875</ele>
        <time>2026-07-27T09:04:47.000Z</time>
        <extensions>
          <ns3:TrackPointExtension>
            <ns3:hr>138</ns3:hr>
            <ns3:cad>55</ns3:cad>
          </ns3:TrackPointExtension>
        </extensions>
      </trkpt>
      <trkpt lat="45.04695885814726352691650390625" lon="6.30536486394703388214111328125">
        <ele>1532</ele>
        <time>2026-07-27T09:04:49.000Z</time>
        <extensions>
          <ns3:TrackPointExtension>
            <ns3:hr>138</ns3:hr>
            <ns3:cad>55</ns3:cad>
          </ns3:TrackPointExtension>
        </extensions>
      </trkpt>
      <trkpt lat="45.0469488836824893951416015625" lon="6.3053723238408565521240234375">
        <ele>1532</ele>
        <time>2026-07-27T09:04:50.000Z</time>
        <extensions>
          <ns3:TrackPointExtension>
            <ns3:hr>138</ns3:hr>
            <ns3:cad>0</ns3:cad>
          </ns3:TrackPointExtension>
        </extensions>
      </trkpt>
      <trkpt lat="45.0469364784657955169677734375" lon="6.30537911318242549896240234375">
        <ele>1532</ele>
        <time>2026-07-27T09:04:51.000Z</time>
        <extensions>
          <ns3:TrackPointExtension>
            <ns3:hr>139</ns3:hr>
            <ns3:cad>0</ns3:cad>
          </ns3:TrackPointExtension>
        </extensions>
      </trkpt>
      <trkpt lat="45.04691678099334239959716796875" lon="6.30540124140679836273193359375">
        <ele>1531.4000244140625</ele>
        <time>2026-07-27T09:04:55.000Z</time>
        <extensions>
          <ns3:TrackPointExtension>
            <ns3:hr>139</ns3:hr>
            <ns3:cad>49</ns3:cad>
          </ns3:TrackPointExtension>
        </extensions>
      </trkpt>
      <trkpt lat="45.046903453767299652099609375" lon="6.30540912039577960968017578125">
        <ele>1531</ele>
        <time>2026-07-27T09:04:58.000Z</time>
        <extensions>
          <ns3:TrackPointExtension>
            <ns3:hr>136</ns3:hr>
            <ns3:cad>0</ns3:cad>
          </ns3:TrackPointExtension>
        </extensions>
      </trkpt>
      <trkpt lat="45.046898089349269866943359375" lon="6.305415071547031402587890625">
        <ele>1531</ele>
        <time>2026-07-27T09:05:00.000Z</time>
        <extensions>
          <ns3:TrackPointExtension>
            <ns3:hr>136</ns3:hr>
            <ns3:cad>0</ns3:cad>
          </ns3:TrackPointExtension>
        </extensions>
      </trkpt>
      <trkpt lat="45.04690621979534626007080078125" lon="6.30540601909160614013671875">
        <ele>1531</ele>
        <time>2026-07-27T09:05:05.000Z</time>
        <extensions>
          <ns3:TrackPointExtension>
            <ns3:hr>136</ns3:hr>
            <ns3:cad>0</ns3:cad>
          </ns3:TrackPointExtension>
        </extensions>
      </trkpt>
      <trkpt lat="45.0469078123569488525390625" lon="6.3053984753787517547607421875">
        <ele>1530.800048828125</ele>
        <time>2026-07-27T09:05:10.000Z</time>
        <extensions>
          <ns3:TrackPointExtension>
            <ns3:hr>135</ns3:hr>
            <ns3:cad>0</ns3:cad>
          </ns3:TrackPointExtension>
        </extensions>
      </trkpt>
      <trkpt lat="45.0469022803008556365966796875" lon="6.30539453588426113128662109375">
        <ele>1530.800048828125</ele>
        <time>2026-07-27T09:05:17.000Z</time>
        <extensions>
          <ns3:TrackPointExtension>
            <ns3:hr>133</ns3:hr>
            <ns3:cad>0</ns3:cad>
          </ns3:TrackPointExtension>
        </extensions>
      </trkpt>
      <trkpt lat="45.04690387286245822906494140625" lon="6.3053951226174831390380859375">
        <ele>1530.800048828125</ele>
        <time>2026-07-27T09:05:33.000Z</time>
        <extensions>
          <ns3:TrackPointExtension>
            <ns3:hr>130</ns3:hr>
            <ns3:cad>0</ns3:cad>
          </ns3:TrackPointExtension>
        </extensions>
      </trkpt>
      <trkpt lat="45.04690420813858509063720703125" lon="6.30539554171264171600341796875">
        <ele>1530.800048828125</ele>
        <time>2026-07-27T09:05:36.000Z</time>
        <extensions>
          <ns3:TrackPointExtension>
            <ns3:hr>127</ns3:hr>
            <ns3:cad>0</ns3:cad>
          </ns3:TrackPointExtension>
        </extensions>
      </trkpt>
      <trkpt lat="45.04691376350820064544677734375" lon="6.30539570935070514678955078125">
        <ele>1531</ele>
        <time>2026-07-27T09:05:47.000Z</time>
        <extensions>
          <ns3:TrackPointExtension>
            <ns3:hr>123</ns3:hr>
            <ns3:cad>0</ns3:cad>
          </ns3:TrackPointExtension>
        </extensions>
      </trkpt>
      <trkpt lat="45.046957433223724365234375" lon="6.30540794692933559417724609375">
        <ele>1531.199951171875</ele>
        <time>2026-07-27T09:06:03.000Z</time>
        <extensions>
          <ns3:TrackPointExtension>
            <ns3:hr>120</ns3:hr>
            <ns3:cad>0</ns3:cad>
          </ns3:TrackPointExtension>
        </extensions>
      </trkpt>
      <trkpt lat="45.04695416428148746490478515625" lon="6.30540962330996990203857421875">
        <ele>1531.800048828125</ele>
        <time>2026-07-27T09:06:24.000Z</time>
        <extensions>
          <ns3:TrackPointExtension>
            <ns3:hr>123</ns3:hr>
            <ns3:cad>0</ns3:cad>
          </ns3:TrackPointExtension>
        </extensions>
      </trkpt>
      <trkpt lat="45.046934969723224639892578125" lon="6.30540912039577960968017578125">
        <ele>1532</ele>
        <time>2026-07-27T09:06:34.000Z</time>
        <extensions>
          <ns3:TrackPointExtension>
            <ns3:hr>122</ns3:hr>
            <ns3:cad>0</ns3:cad>
          </ns3:TrackPointExtension>
        </extensions>
      </trkpt>
      <trkpt lat="45.046927593648433685302734375" lon="6.30541004240512847900390625">
        <ele>1532.199951171875</ele>
        <time>2026-07-27T09:06:45.000Z</time>
        <extensions>
          <ns3:TrackPointExtension>
            <ns3:hr>119</ns3:hr>
            <ns3:cad>0</ns3:cad>
          </ns3:TrackPointExtension>
        </extensions>
      </trkpt>
      <trkpt lat="45.04692432470619678497314453125" lon="6.30541012622416019439697265625">
        <ele>1532.4000244140625</ele>
        <time>2026-07-27T09:06:50.000Z</time>
        <extensions>
          <ns3:TrackPointExtension>
            <ns3:hr>125</ns3:hr>
            <ns3:cad>0</ns3:cad>
          </ns3:TrackPointExtension>
        </extensions>
      </trkpt>
      <trkpt lat="45.04690940491855144500732421875" lon="6.3054061867296695709228515625">
        <ele>1532.4000244140625</ele>
        <time>2026-07-27T09:07:01.000Z</time>
        <extensions>
          <ns3:TrackPointExtension>
            <ns3:hr>121</ns3:hr>
            <ns3:cad>0</ns3:cad>
          </ns3:TrackPointExtension>
        </extensions>
      </trkpt>
      <trkpt lat="45.04690035246312618255615234375" lon="6.3053991459310054779052734375">
        <ele>1532.800048828125</ele>
        <time>2026-07-27T09:07:18.000Z</time>
        <extensions>
          <ns3:TrackPointExtension>
            <ns3:hr>118</ns3:hr>
            <ns3:cad>0</ns3:cad>
          </ns3:TrackPointExtension>
        </extensions>
      </trkpt>
      <trkpt lat="45.0469032861292362213134765625" lon="6.30536017008125782012939453125">
        <ele>1532.800048828125</ele>
        <time>2026-07-27T09:07:41.000Z</time>
        <extensions>
          <ns3:TrackPointExtension>
            <ns3:hr>122</ns3:hr>
            <ns3:cad>0</ns3:cad>
          </ns3:TrackPointExtension>
        </extensions>
      </trkpt>
      <trkpt lat="45.0469032861292362213134765625" lon="6.3053595833480358123779296875">
        <ele>1533</ele>
        <time>2026-07-27T09:07:46.000Z</time>
        <extensions>
          <ns3:TrackPointExtension>
            <ns3:hr>122</ns3:hr>
            <ns3:cad>0</ns3:cad>
          </ns3:TrackPointExtension>
        </extensions>
      </trkpt>
      <trkpt lat="45.0468942336738109588623046875" lon="6.3053619302809238433837890625">
        <ele>1534.199951171875</ele>
        <time>2026-07-27T09:08:23.000Z</time>
        <extensions>
          <ns3:TrackPointExtension>
            <ns3:hr>123</ns3:hr>
            <ns3:cad>0</ns3:cad>
          </ns3:TrackPointExtension>
        </extensions>
      </trkpt>
      <trkpt lat="45.04686648957431316375732421875" lon="6.30539738573133945465087890625">
        <ele>1534.199951171875</ele>
        <time>2026-07-27T09:08:30.000Z</time>
        <extensions>
          <ns3:TrackPointExtension>
            <ns3:hr>124</ns3:hr>
            <ns3:cad>45</ns3:cad>
          </ns3:TrackPointExtension>
        </extensions>
      </trkpt>
      <trkpt lat="45.0468568503856658935546875" lon="6.30540476180613040924072265625">
        <ele>1533.800048828125</ele>
        <time>2026-07-27T09:08:36.000Z</time>
        <extensions>
          <ns3:TrackPointExtension>
            <ns3:hr>122</ns3:hr>
            <ns3:cad>0</ns3:cad>
          </ns3:TrackPointExtension>
        </extensions>
      </trkpt>
      <trkpt lat="45.04685777239501476287841796875" lon="6.3054041750729084014892578125">
        <ele>1533.800048828125</ele>
        <time>2026-07-27T09:08:38.000Z</time>
        <extensions>
          <ns3:TrackPointExtension>
            <ns3:hr>126</ns3:hr>
            <ns3:cad>0</ns3:cad>
          </ns3:TrackPointExtension>
        </extensions>
      </trkpt>
      <trkpt lat="45.04685777239501476287841796875" lon="6.3054041750729084014892578125">
        <ele>1534</ele>
        <time>2026-07-27T09:08:48.000Z</time>
        <extensions>
          <ns3:TrackPointExtension>
            <ns3:hr>123</ns3:hr>
            <ns3:cad>0</ns3:cad>
          </ns3:TrackPointExtension>
        </extensions>
      </trkpt>
      <trkpt lat="45.04685391671955585479736328125" lon="6.30540459416806697845458984375">
        <ele>1534</ele>
        <time>2026-07-27T09:09:01.000Z</time>
        <extensions>
          <ns3:TrackPointExtension>
            <ns3:hr>123</ns3:hr>
            <ns3:cad>0</ns3:cad>
          </ns3:TrackPointExtension>
        </extensions>
      </trkpt>
      <trkpt lat="45.0468483008444309234619140625" lon="6.30540425889194011688232421875">
        <ele>1534</ele>
        <time>2026-07-27T09:09:05.000Z</time>
        <extensions>
          <ns3:TrackPointExtension>
            <ns3:hr>120</ns3:hr>
            <ns3:cad>0</ns3:cad>
          </ns3:TrackPointExtension>
        </extensions>
      </trkpt>
      <trkpt lat="45.04683463834226131439208984375" lon="6.30538330413401126861572265625">
        <ele>1534.5999755859375</ele>
        <time>2026-07-27T09:09:22.000Z</time>
        <extensions>
          <ns3:TrackPointExtension>
            <ns3:hr>117</ns3:hr>
            <ns3:cad>0</ns3:cad>
          </ns3:TrackPointExtension>
        </extensions>
      </trkpt>
      <trkpt lat="45.04683463834226131439208984375" lon="6.30538053810596466064453125">
        <ele>1534.800048828125</ele>
        <time>2026-07-27T09:09:27.000Z</time>
        <extensions>
          <ns3:TrackPointExtension>
            <ns3:hr>121</ns3:hr>
            <ns3:cad>0</ns3:cad>
          </ns3:TrackPointExtension>
        </extensions>
      </trkpt>
      <trkpt lat="45.0468291901051998138427734375" lon="6.30535463802516460418701171875">
        <ele>1535.199951171875</ele>
        <time>2026-07-27T09:09:43.000Z</time>
        <extensions>
          <ns3:TrackPointExtension>
            <ns3:hr>121</ns3:hr>
            <ns3:cad>0</ns3:cad>
          </ns3:TrackPointExtension>
        </extensions>
      </trkpt>
      <trkpt lat="45.04680790007114410400390625" lon="6.30535061471164226531982421875">
        <ele>1536.199951171875</ele>
        <time>2026-07-27T09:10:13.000Z</time>
        <extensions>
          <ns3:TrackPointExtension>
            <ns3:hr>122</ns3:hr>
            <ns3:cad>0</ns3:cad>
          </ns3:TrackPointExtension>
        </extensions>
      </trkpt>
      <trkpt lat="45.0468097440898418426513671875" lon="6.30534022115170955657958984375">
        <ele>1536.4000244140625</ele>
        <time>2026-07-27T09:10:17.000Z</time>
        <extensions>
          <ns3:TrackPointExtension>
            <ns3:hr>121</ns3:hr>
            <ns3:cad>0</ns3:cad>
          </ns3:TrackPointExtension>
        </extensions>
      </trkpt>
      <trkpt lat="45.04680848680436611175537109375" lon="6.3053186796605587005615234375">
        <ele>1536.4000244140625</ele>
        <time>2026-07-27T09:10:24.000Z</time>
        <extensions>
          <ns3:TrackPointExtension>
            <ns3:hr>120</ns3:hr>
            <ns3:cad>0</ns3:cad>
          </ns3:TrackPointExtension>
        </extensions>
      </trkpt>
      <trkpt lat="45.04680848680436611175537109375" lon="6.3053186796605587005615234375">
        <ele>1536.5999755859375</ele>
        <time>2026-07-27T09:10:34.000Z</time>
        <extensions>
          <ns3:TrackPointExtension>
            <ns3:hr>122</ns3:hr>
            <ns3:cad>0</ns3:cad>
          </ns3:TrackPointExtension>
        </extensions>
      </trkpt>
      <trkpt lat="45.0468107499182224273681640625" lon="6.3053186796605587005615234375">
        <ele>1537.4000244140625</ele>
        <time>2026-07-27T09:10:39.000Z</time>
        <extensions>
          <ns3:TrackPointExtension>
            <ns3:hr>124</ns3:hr>
            <ns3:cad>0</ns3:cad>
          </ns3:TrackPointExtension>
        </extensions>
      </trkpt>
      <trkpt lat="45.0467899627983570098876953125" lon="6.305295042693614959716796875">
        <ele>1538.199951171875</ele>
        <time>2026-07-27T09:10:49.000Z</time>
        <extensions>
          <ns3:TrackPointExtension>
            <ns3:hr>123</ns3:hr>
            <ns3:cad>0</ns3:cad>
          </ns3:TrackPointExtension>
        </extensions>
      </trkpt>
      <trkpt lat="45.04678853787481784820556640625" lon="6.305294372141361236572265625">
        <ele>1538.4000244140625</ele>
        <time>2026-07-27T09:10:51.000Z</time>
        <extensions>
          <ns3:TrackPointExtension>
            <ns3:hr>123</ns3:hr>
            <ns3:cad>0</ns3:cad>
          </ns3:TrackPointExtension>
        </extensions>
      </trkpt>
      <trkpt lat="45.04678853787481784820556640625" lon="6.305294372141361236572265625">
        <ele>1538.5999755859375</ele>
        <time>2026-07-27T09:10:59.000Z</time>
        <extensions>
          <ns3:TrackPointExtension>
            <ns3:hr>120</ns3:hr>
            <ns3:cad>0</ns3:cad>
          </ns3:TrackPointExtension>
        </extensions>
      </trkpt>
      <trkpt lat="45.04678853787481784820556640625" lon="6.305294372141361236572265625">
        <ele>1538.800048828125</ele>
        <time>2026-07-27T09:11:01.000Z</time>
        <extensions>
          <ns3:TrackPointExtension>
            <ns3:hr>118</ns3:hr>
            <ns3:cad>0</ns3:cad>
          </ns3:TrackPointExtension>
        </extensions>
      </trkpt>
      <trkpt lat="45.04682064056396484375" lon="6.3053086213767528533935546875">
        <ele>1539</ele>
        <time>2026-07-27T09:11:18.000Z</time>
        <extensions>
          <ns3:TrackPointExtension>
            <ns3:hr>121</ns3:hr>
            <ns3:cad>0</ns3:cad>
          </ns3:TrackPointExtension>
        </extensions>
      </trkpt>
      <trkpt lat="45.04684268496930599212646484375" lon="6.30534055642783641815185546875">
        <ele>1538.800048828125</ele>
        <time>2026-07-27T09:11:23.000Z</time>
        <extensions>
          <ns3:TrackPointExtension>
            <ns3:hr>120</ns3:hr>
            <ns3:cad>45</ns3:cad>
          </ns3:TrackPointExtension>
        </extensions>
      </trkpt>
      <trkpt lat="45.04687956534326076507568359375" lon="6.3053495250642299652099609375">
        <ele>1538.5999755859375</ele>
        <time>2026-07-27T09:11:29.000Z</time>
        <extensions>
          <ns3:TrackPointExtension>
            <ns3:hr>120</ns3:hr>
            <ns3:cad>0</ns3:cad>
          </ns3:TrackPointExtension>
        </extensions>
      </trkpt>
      <trkpt lat="45.04687973298132419586181640625" lon="6.3053602539002895355224609375">
        <ele>1538.5999755859375</ele>
        <time>2026-07-27T09:11:30.000Z</time>
        <extensions>
          <ns3:TrackPointExtension>
            <ns3:hr>120</ns3:hr>
            <ns3:cad>0</ns3:cad>
          </ns3:TrackPointExtension>
        </extensions>
      </trkpt>
      <trkpt lat="45.04684721119701862335205078125" lon="6.305366791784763336181640625">
        <ele>1538.5999755859375</ele>
        <time>2026-07-27T09:11:33.000Z</time>
        <extensions>
          <ns3:TrackPointExtension>
            <ns3:hr>119</ns3:hr>
            <ns3:cad>0</ns3:cad>
          </ns3:TrackPointExtension>
        </extensions>
      </trkpt>
      <trkpt lat="45.046866238117218017578125" lon="6.30540995858609676361083984375">
        <ele>1538.5999755859375</ele>
        <time>2026-07-27T09:11:37.000Z</time>
        <extensions>
          <ns3:TrackPointExtension>
            <ns3:hr>119</ns3:hr>
            <ns3:cad>48</ns3:cad>
          </ns3:TrackPointExtension>
        </extensions>
      </trkpt>
      <trkpt lat="45.04693857394158840179443359375" lon="6.30544683896005153656005859375">
        <ele>1538.5999755859375</ele>
        <time>2026-07-27T09:11:40.000Z</time>
        <extensions>
          <ns3:TrackPointExtension>
            <ns3:hr>119</ns3:hr>
            <ns3:cad>0</ns3:cad>
          </ns3:TrackPointExtension>
        </extensions>
      </trkpt>
      <trkpt lat="45.04692533053457736968994140625" lon="6.30545941181480884552001953125">
        <ele>1538.4000244140625</ele>
        <time>2026-07-27T09:11:43.000Z</time>
        <extensions>
          <ns3:TrackPointExtension>
            <ns3:hr>118</ns3:hr>
            <ns3:cad>0</ns3:cad>
          </ns3:TrackPointExtension>
        </extensions>
      </trkpt>
      <trkpt lat="45.0468489713966846466064453125" lon="6.3054548017680644989013671875">
        <ele>1538.4000244140625</ele>
        <time>2026-07-27T09:11:49.000Z</time>
        <extensions>
          <ns3:TrackPointExtension>
            <ns3:hr>117</ns3:hr>
            <ns3:cad>0</ns3:cad>
          </ns3:TrackPointExtension>
        </extensions>
      </trkpt>
      <trkpt lat="45.04682156257331371307373046875" lon="6.3054536283016204833984375">
        <ele>1538.4000244140625</ele>
        <time>2026-07-27T09:11:53.000Z</time>
        <extensions>
          <ns3:TrackPointExtension>
            <ns3:hr>116</ns3:hr>
            <ns3:cad>0</ns3:cad>
          </ns3:TrackPointExtension>
        </extensions>
      </trkpt>
      <trkpt lat="45.04683296196162700653076171875" lon="6.30546729080379009246826171875">
        <ele>1538.199951171875</ele>
        <time>2026-07-27T09:11:57.000Z</time>
        <extensions>
          <ns3:TrackPointExtension>
            <ns3:hr>116</ns3:hr>
            <ns3:cad>0</ns3:cad>
          </ns3:TrackPointExtension>
        </extensions>
      </trkpt>
      <trkpt lat="45.0468325428664684295654296875" lon="6.30547399632632732391357421875">
        <ele>1538.4000244140625</ele>
        <time>2026-07-27T09:12:01.000Z</time>
        <extensions>
          <ns3:TrackPointExtension>
            <ns3:hr>116</ns3:hr>
            <ns3:cad>0</ns3:cad>
          </ns3:TrackPointExtension>
        </extensions>
      </trkpt>
      <trkpt lat="45.0468607060611248016357421875" lon="6.30549780093133449554443359375">
        <ele>1538.4000244140625</ele>
        <time>2026-07-27T09:12:05.000Z</time>
        <extensions>
          <ns3:TrackPointExtension>
            <ns3:hr>123</ns3:hr>
            <ns3:cad>0</ns3:cad>
          </ns3:TrackPointExtension>
        </extensions>
      </trkpt>
      <trkpt lat="45.04685190506279468536376953125" lon="6.3054946996271610260009765625">
        <ele>1538.4000244140625</ele>
        <time>2026-07-27T09:12:06.000Z</time>
        <extensions>
          <ns3:TrackPointExtension>
            <ns3:hr>128</ns3:hr>
            <ns3:cad>0</ns3:cad>
          </ns3:TrackPointExtension>
        </extensions>
      </trkpt>
      <trkpt lat="45.046862550079822540283203125" lon="6.30549780093133449554443359375">
        <ele>1538.4000244140625</ele>
        <time>2026-07-27T09:12:07.000Z</time>
        <extensions>
          <ns3:TrackPointExtension>
            <ns3:hr>129</ns3:hr>
            <ns3:cad>60</ns3:cad>
          </ns3:TrackPointExtension>
        </extensions>
      </trkpt>
      <trkpt lat="45.04687923006713390350341796875" lon="6.3055027462542057037353515625">
        <ele>1538.199951171875</ele>
        <time>2026-07-27T09:12:12.000Z</time>
        <extensions>
          <ns3:TrackPointExtension>
            <ns3:hr>129</ns3:hr>
            <ns3:cad>0</ns3:cad>
          </ns3:TrackPointExtension>
        </extensions>
      </trkpt>
      <trkpt lat="45.04686933942139148712158203125" lon="6.3054911792278289794921875">
        <ele>1538</ele>
        <time>2026-07-27T09:12:15.000Z</time>
        <extensions>
          <ns3:TrackPointExtension>
            <ns3:hr>129</ns3:hr>
            <ns3:cad>0</ns3:cad>
          </ns3:TrackPointExtension>
        </extensions>
      </trkpt>
      <trkpt lat="45.0468058884143829345703125" lon="6.30544952116906642913818359375">
        <ele>1538.199951171875</ele>
        <time>2026-07-27T09:12:19.000Z</time>
        <extensions>
          <ns3:TrackPointExtension>
            <ns3:hr>127</ns3:hr>
            <ns3:cad>0</ns3:cad>
          </ns3:TrackPointExtension>
        </extensions>
      </trkpt>
      <trkpt lat="45.04676171578466892242431640625" lon="6.30543895997107028961181640625">
        <ele>1538.5999755859375</ele>
        <time>2026-07-27T09:12:25.000Z</time>
        <extensions>
          <ns3:TrackPointExtension>
            <ns3:hr>126</ns3:hr>
            <ns3:cad>0</ns3:cad>
          </ns3:TrackPointExtension>
        </extensions>
      </trkpt>
      <trkpt lat="45.04675786010921001434326171875" lon="6.30541984923183917999267578125">
        <ele>1538.800048828125</ele>
        <time>2026-07-27T09:12:30.000Z</time>
        <extensions>
          <ns3:TrackPointExtension>
            <ns3:hr>123</ns3:hr>
            <ns3:cad>0</ns3:cad>
          </ns3:TrackPointExtension>
        </extensions>
      </trkpt>
      <trkpt lat="45.04673279821872711181640625" lon="6.3054065220057964324951171875">
        <ele>1539.199951171875</ele>
        <time>2026-07-27T09:12:35.000Z</time>
        <extensions>
          <ns3:TrackPointExtension>
            <ns3:hr>122</ns3:hr>
            <ns3:cad>0</ns3:cad>
          </ns3:TrackPointExtension>
        </extensions>
      </trkpt>
      <trkpt lat="45.04674813710153102874755859375" lon="6.30541347898542881011962890625">
        <ele>1539.199951171875</ele>
        <time>2026-07-27T09:12:44.000Z</time>
        <extensions>
          <ns3:TrackPointExtension>
            <ns3:hr>120</ns3:hr>
            <ns3:cad>0</ns3:cad>
          </ns3:TrackPointExtension>
        </extensions>
      </trkpt>
      <trkpt lat="45.04674813710153102874755859375" lon="6.305413059890270233154296875">
        <ele>1539.4000244140625</ele>
        <time>2026-07-27T09:12:54.000Z</time>
        <extensions>
          <ns3:TrackPointExtension>
            <ns3:hr>119</ns3:hr>
            <ns3:cad>0</ns3:cad>
          </ns3:TrackPointExtension>
        </extensions>
      </trkpt>
      <trkpt lat="45.04674830473959445953369140625" lon="6.3054078631103038787841796875">
        <ele>1539.4000244140625</ele>
        <time>2026-07-27T09:13:06.000Z</time>
        <extensions>
          <ns3:TrackPointExtension>
            <ns3:hr>116</ns3:hr>
            <ns3:cad>0</ns3:cad>
          </ns3:TrackPointExtension>
        </extensions>
      </trkpt>
      <trkpt lat="45.04671058617532253265380859375" lon="6.3053833879530429840087890625">
        <ele>1539.4000244140625</ele>
        <time>2026-07-27T09:13:19.000Z</time>
        <extensions>
          <ns3:TrackPointExtension>
            <ns3:hr>117</ns3:hr>
            <ns3:cad>0</ns3:cad>
          </ns3:TrackPointExtension>
        </extensions>
      </trkpt>
      <trkpt lat="45.0467252545058727264404296875" lon="6.3053860701620578765869140625">
        <ele>1539.4000244140625</ele>
        <time>2026-07-27T09:13:22.000Z</time>
        <extensions>
          <ns3:TrackPointExtension>
            <ns3:hr>117</ns3:hr>
            <ns3:cad>0</ns3:cad>
          </ns3:TrackPointExtension>
        </extensions>
      </trkpt>
      <trkpt lat="45.046655349433422088623046875" lon="6.305352710187435150146484375">
        <ele>1539.199951171875</ele>
        <time>2026-07-27T09:13:28.000Z</time>
        <extensions>
          <ns3:TrackPointExtension>
            <ns3:hr>118</ns3:hr>
            <ns3:cad>0</ns3:cad>
          </ns3:TrackPointExtension>
        </extensions>
      </trkpt>
      <trkpt lat="45.04663581959903240203857421875" lon="6.3053478486835956573486328125">
        <ele>1539.199951171875</ele>
        <time>2026-07-27T09:13:32.000Z</time>
        <extensions>
          <ns3:TrackPointExtension>
            <ns3:hr>119</ns3:hr>
            <ns3:cad>0</ns3:cad>
          </ns3:TrackPointExtension>
        </extensions>
      </trkpt>
      <trkpt lat="45.04666247405111789703369140625" lon="6.3053518719971179962158203125">
        <ele>1538.800048828125</ele>
        <time>2026-07-27T09:13:37.000Z</time>
        <extensions>
          <ns3:TrackPointExtension>
            <ns3:hr>119</ns3:hr>
            <ns3:cad>0</ns3:cad>
          </ns3:TrackPointExtension>
        </extensions>
      </trkpt>
      <trkpt lat="45.04667236469686031341552734375" lon="6.3053622655570507049560546875">
        <ele>1538.5999755859375</ele>
        <time>2026-07-27T09:13:43.000Z</time>
        <extensions>
          <ns3:TrackPointExtension>
            <ns3:hr>117</ns3:hr>
            <ns3:cad>0</ns3:cad>
          </ns3:TrackPointExtension>
        </extensions>
      </trkpt>
      <trkpt lat="45.046635232865810394287109375" lon="6.30534072406589984893798828125">
        <ele>1539</ele>
        <time>2026-07-27T09:13:48.000Z</time>
        <extensions>
          <ns3:TrackPointExtension>
            <ns3:hr>116</ns3:hr>
            <ns3:cad>0</ns3:cad>
          </ns3:TrackPointExtension>
        </extensions>
      </trkpt>
      <trkpt lat="45.04663431085646152496337890625" lon="6.30534826777875423431396484375">
        <ele>1539.199951171875</ele>
        <time>2026-07-27T09:13:52.000Z</time>
        <extensions>
          <ns3:TrackPointExtension>
            <ns3:hr>116</ns3:hr>
            <ns3:cad>0</ns3:cad>
          </ns3:TrackPointExtension>
        </extensions>
      </trkpt>
      <trkpt lat="45.046651326119899749755859375" lon="6.305333264172077178955078125">
        <ele>1539.4000244140625</ele>
        <time>2026-07-27T09:13:56.000Z</time>
        <extensions>
          <ns3:TrackPointExtension>
            <ns3:hr>116</ns3:hr>
            <ns3:cad>0</ns3:cad>
          </ns3:TrackPointExtension>
        </extensions>
      </trkpt>
      <trkpt lat="45.04667672328650951385498046875" lon="6.3053651154041290283203125">
        <ele>1539.199951171875</ele>
        <time>2026-07-27T09:14:01.000Z</time>
        <extensions>
          <ns3:TrackPointExtension>
            <ns3:hr>116</ns3:hr>
            <ns3:cad>0</ns3:cad>
          </ns3:TrackPointExtension>
        </extensions>
      </trkpt>
      <trkpt lat="45.046685524284839630126953125" lon="6.30534022115170955657958984375">
        <ele>1538.800048828125</ele>
        <time>2026-07-27T09:14:08.000Z</time>
        <extensions>
          <ns3:TrackPointExtension>
            <ns3:hr>117</ns3:hr>
            <ns3:cad>0</ns3:cad>
          </ns3:TrackPointExtension>
        </extensions>
      </trkpt>
      <trkpt lat="45.04668409936130046844482421875" lon="6.30534860305488109588623046875">
        <ele>1539</ele>
        <time>2026-07-27T09:14:15.000Z</time>
        <extensions>
          <ns3:TrackPointExtension>
            <ns3:hr>119</ns3:hr>
            <ns3:cad>0</ns3:cad>
          </ns3:TrackPointExtension>
        </extensions>
      </trkpt>
      <trkpt lat="45.046705640852451324462890625" lon="6.30535564385354518890380859375">
        <ele>1539.199951171875</ele>
        <time>2026-07-27T09:14:19.000Z</time>
        <extensions>
          <ns3:TrackPointExtension>
            <ns3:hr>119</ns3:hr>
            <ns3:cad>0</ns3:cad>
          </ns3:TrackPointExtension>
        </extensions>
      </trkpt>
      <trkpt lat="45.04670597612857818603515625" lon="6.30535505712032318115234375">
        <ele>1539.199951171875</ele>
        <time>2026-07-27T09:14:23.000Z</time>
        <extensions>
          <ns3:TrackPointExtension>
            <ns3:hr>119</ns3:hr>
            <ns3:cad>0</ns3:cad>
          </ns3:TrackPointExtension>
        </extensions>
      </trkpt>
      <trkpt lat="45.04669734276831150054931640625" lon="6.305340640246868133544921875">
        <ele>1538.5999755859375</ele>
        <time>2026-07-27T09:14:29.000Z</time>
        <extensions>
          <ns3:TrackPointExtension>
            <ns3:hr>118</ns3:hr>
            <ns3:cad>46</ns3:cad>
          </ns3:TrackPointExtension>
        </extensions>
      </trkpt>
      <trkpt lat="45.0466722808778285980224609375" lon="6.3053461723029613494873046875">
        <ele>1538.4000244140625</ele>
        <time>2026-07-27T09:14:32.000Z</time>
        <extensions>
          <ns3:TrackPointExtension>
            <ns3:hr>118</ns3:hr>
            <ns3:cad>46</ns3:cad>
          </ns3:TrackPointExtension>
        </extensions>
      </trkpt>
      <trkpt lat="45.04666574299335479736328125" lon="6.30535480566322803497314453125">
        <ele>1538</ele>
        <time>2026-07-27T09:14:34.000Z</time>
        <extensions>
          <ns3:TrackPointExtension>
            <ns3:hr>118</ns3:hr>
            <ns3:cad>46</ns3:cad>
          </ns3:TrackPointExtension>
        </extensions>
      </trkpt>
      <trkpt lat="45.04663581959903240203857421875" lon="6.3053672946989536285400390625">
        <ele>1537.800048828125</ele>
        <time>2026-07-27T09:14:39.000Z</time>
        <extensions>
          <ns3:TrackPointExtension>
            <ns3:hr>118</ns3:hr>
            <ns3:cad>48</ns3:cad>
          </ns3:TrackPointExtension>
        </extensions>
      </trkpt>
      <trkpt lat="45.0466139428317546844482421875" lon="6.3053713180124759674072265625">
        <ele>1537.5999755859375</ele>
        <time>2026-07-27T09:14:41.000Z</time>
        <extensions>
          <ns3:TrackPointExtension>
            <ns3:hr>118</ns3:hr>
            <ns3:cad>47</ns3:cad>
          </ns3:TrackPointExtension>
        </extensions>
      </trkpt>
      <trkpt lat="45.04659843631088733673095703125" lon="6.3053830526769161224365234375">
        <ele>1537.199951171875</ele>
        <time>2026-07-27T09:14:44.000Z</time>
        <extensions>
          <ns3:TrackPointExtension>
            <ns3:hr>119</ns3:hr>
            <ns3:cad>0</ns3:cad>
          </ns3:TrackPointExtension>
        </extensions>
      </trkpt>
      <trkpt lat="45.04659491591155529022216796875" lon="6.30538062192499637603759765625">
        <ele>1537.199951171875</ele>
        <time>2026-07-27T09:14:45.000Z</time>
        <extensions>
          <ns3:TrackPointExtension>
            <ns3:hr>119</ns3:hr>
            <ns3:cad>0</ns3:cad>
          </ns3:TrackPointExtension>
        </extensions>
      </trkpt>
      <trkpt lat="45.04658334888517856597900390625" lon="6.3054045103490352630615234375">
        <ele>1537</ele>
        <time>2026-07-27T09:14:49.000Z</time>
        <extensions>
          <ns3:TrackPointExtension>
            <ns3:hr>116</ns3:hr>
            <ns3:cad>0</ns3:cad>
          </ns3:TrackPointExtension>
        </extensions>
      </trkpt>
      <trkpt lat="45.04659206606447696685791015625" lon="6.305420435965061187744140625">
        <ele>1536.800048828125</ele>
        <time>2026-07-27T09:14:50.000Z</time>
        <extensions>
          <ns3:TrackPointExtension>
            <ns3:hr>112</ns3:hr>
            <ns3:cad>0</ns3:cad>
          </ns3:TrackPointExtension>
        </extensions>
      </trkpt>
      <trkpt lat="45.0465780682861804962158203125" lon="6.30542286671698093414306640625">
        <ele>1536.800048828125</ele>
        <time>2026-07-27T09:14:51.000Z</time>
        <extensions>
          <ns3:TrackPointExtension>
            <ns3:hr>98</ns3:hr>
            <ns3:cad>46</ns3:cad>
          </ns3:TrackPointExtension>
        </extensions>
      </trkpt>
      <trkpt lat="45.04656390286982059478759765625" lon="6.3054249621927738189697265625">
        <ele>1536.800048828125</ele>
        <time>2026-07-27T09:14:52.000Z</time>
        <extensions>
          <ns3:TrackPointExtension>
            <ns3:hr>93</ns3:hr>
            <ns3:cad>46</ns3:cad>
          </ns3:TrackPointExtension>
        </extensions>
      </trkpt>
      <trkpt lat="45.04655770026147365570068359375" lon="6.3054330088198184967041015625">
        <ele>1536.800048828125</ele>
        <time>2026-07-27T09:14:53.000Z</time>
        <extensions>
          <ns3:TrackPointExtension>
            <ns3:hr>89</ns3:hr>
            <ns3:cad>46</ns3:cad>
          </ns3:TrackPointExtension>
        </extensions>
      </trkpt>
      <trkpt lat="45.04655434750020503997802734375" lon="6.305443234741687774658203125">
        <ele>1536.5999755859375</ele>
        <time>2026-07-27T09:14:54.000Z</time>
        <extensions>
          <ns3:TrackPointExtension>
            <ns3:hr>89</ns3:hr>
            <ns3:cad>46</ns3:cad>
          </ns3:TrackPointExtension>
        </extensions>
      </trkpt>
      <trkpt lat="45.0465180538594722747802734375" lon="6.30545656196773052215576171875">
        <ele>1536.199951171875</ele>
        <time>2026-07-27T09:14:59.000Z</time>
        <extensions>
          <ns3:TrackPointExtension>
            <ns3:hr>87</ns3:hr>
            <ns3:cad>48</ns3:cad>
          </ns3:TrackPointExtension>
        </extensions>
      </trkpt>
      <trkpt lat="45.04650874994695186614990234375" lon="6.30545698106288909912109375">
        <ele>1536.199951171875</ele>
        <time>2026-07-27T09:15:00.000Z</time>
        <extensions>
          <ns3:TrackPointExtension>
            <ns3:hr>88</ns3:hr>
            <ns3:cad>47</ns3:cad>
          </ns3:TrackPointExtension>
        </extensions>
      </trkpt>
      <trkpt lat="45.04644404165446758270263671875" lon="6.30544868297874927520751953125">
        <ele>1535.4000244140625</ele>
        <time>2026-07-27T09:15:06.000Z</time>
        <extensions>
          <ns3:TrackPointExtension>
            <ns3:hr>88</ns3:hr>
            <ns3:cad>44</ns3:cad>
          </ns3:TrackPointExtension>
        </extensions>
      </trkpt>
      <trkpt lat="45.0464211590588092803955078125" lon="6.30542588420212268829345703125">
        <ele>1535.199951171875</ele>
        <time>2026-07-27T09:15:08.000Z</time>
        <extensions>
          <ns3:TrackPointExtension>
            <ns3:hr>88</ns3:hr>
            <ns3:cad>46</ns3:cad>
          </ns3:TrackPointExtension>
        </extensions>
      </trkpt>
      <trkpt lat="45.04635192453861236572265625" lon="6.30540677346289157867431640625">
        <ele>1534.199951171875</ele>
        <time>2026-07-27T09:15:13.000Z</time>
        <extensions>
          <ns3:TrackPointExtension>
            <ns3:hr>88</ns3:hr>
            <ns3:cad>44</ns3:cad>
          </ns3:TrackPointExtension>
        </extensions>
      </trkpt>
      <trkpt lat="45.04634547047317028045654296875" lon="6.30542278289794921875">
        <ele>1534</ele>
        <time>2026-07-27T09:15:14.000Z</time>
        <extensions>
          <ns3:TrackPointExtension>
            <ns3:hr>87</ns3:hr>
            <ns3:cad>44</ns3:cad>
          </ns3:TrackPointExtension>
        </extensions>
      </trkpt>
      <trkpt lat="45.04631479270756244659423828125" lon="6.30545563995838165283203125">
        <ele>1533.4000244140625</ele>
        <time>2026-07-27T09:15:21.000Z</time>
        <extensions>
          <ns3:TrackPointExtension>
            <ns3:hr>86</ns3:hr>
            <ns3:cad>42</ns3:cad>
          </ns3:TrackPointExtension>
        </extensions>
      </trkpt>
      <trkpt lat="45.04633792676031589508056640625" lon="6.30547349341213703155517578125">
        <ele>1533</ele>
        <time>2026-07-27T09:15:25.000Z</time>
        <extensions>
          <ns3:TrackPointExtension>
            <ns3:hr>85</ns3:hr>
            <ns3:cad>0</ns3:cad>
          </ns3:TrackPointExtension>
        </extensions>
      </trkpt>
      <trkpt lat="45.04631361924111843109130859375" lon="6.305489502847194671630859375">
        <ele>1533</ele>
        <time>2026-07-27T09:15:30.000Z</time>
        <extensions>
          <ns3:TrackPointExtension>
            <ns3:hr>85</ns3:hr>
            <ns3:cad>0</ns3:cad>
          </ns3:TrackPointExtension>
        </extensions>
      </trkpt>
      <trkpt lat="45.0463168881833553314208984375" lon="6.30548925139009952545166015625">
        <ele>1533</ele>
        <time>2026-07-27T09:15:37.000Z</time>
        <extensions>
          <ns3:TrackPointExtension>
            <ns3:hr>85</ns3:hr>
            <ns3:cad>0</ns3:cad>
          </ns3:TrackPointExtension>
        </extensions>
      </trkpt>
      <trkpt lat="45.0463168881833553314208984375" lon="6.30548925139009952545166015625">
        <ele>1532.4000244140625</ele>
        <time>2026-07-27T09:15:55.000Z</time>
        <extensions>
          <ns3:TrackPointExtension>
            <ns3:hr>88</ns3:hr>
            <ns3:cad>0</ns3:cad>
          </ns3:TrackPointExtension>
        </extensions>
      </trkpt>
      <trkpt lat="45.0463168881833553314208984375" lon="6.30548916757106781005859375">
        <ele>1532.199951171875</ele>
        <time>2026-07-27T09:15:57.000Z</time>
        <extensions>
          <ns3:TrackPointExtension>
            <ns3:hr>97</ns3:hr>
            <ns3:cad>0</ns3:cad>
          </ns3:TrackPointExtension>
        </extensions>
      </trkpt>
      <trkpt lat="45.0463168881833553314208984375" lon="6.30548916757106781005859375">
        <ele>1532.199951171875</ele>
        <time>2026-07-27T09:15:58.000Z</time>
        <extensions>
          <ns3:TrackPointExtension>
            <ns3:hr>109</ns3:hr>
            <ns3:cad>0</ns3:cad>
          </ns3:TrackPointExtension>
        </extensions>
      </trkpt>
      <trkpt lat="45.0463168881833553314208984375" lon="6.30548925139009952545166015625">
        <ele>1532.199951171875</ele>
        <time>2026-07-27T09:15:59.000Z</time>
        <extensions>
          <ns3:TrackPointExtension>
            <ns3:hr>115</ns3:hr>
            <ns3:cad>0</ns3:cad>
          </ns3:TrackPointExtension>
        </extensions>
      </trkpt>
      <trkpt lat="45.0463168881833553314208984375" lon="6.30548925139009952545166015625">
        <ele>1532.199951171875</ele>
        <time>2026-07-27T09:16:01.000Z</time>
        <extensions>
          <ns3:TrackPointExtension>
            <ns3:hr>118</ns3:hr>
            <ns3:cad>0</ns3:cad>
          </ns3:TrackPointExtension>
        </extensions>
      </trkpt>
      <trkpt lat="45.046314038336277008056640625" lon="6.3054889999330043792724609375">
        <ele>1532.199951171875</ele>
        <time>2026-07-27T09:16:05.000Z</time>
        <extensions>
          <ns3:TrackPointExtension>
            <ns3:hr>121</ns3:hr>
            <ns3:cad>0</ns3:cad>
          </ns3:TrackPointExtension>
        </extensions>
      </trkpt>
      <trkpt lat="45.04628512077033519744873046875" lon="6.30546309985220432281494140625">
        <ele>1532.4000244140625</ele>
        <time>2026-07-27T09:16:14.000Z</time>
        <extensions>
          <ns3:TrackPointExtension>
            <ns3:hr>120</ns3:hr>
            <ns3:cad>53</ns3:cad>
          </ns3:TrackPointExtension>
        </extensions>
      </trkpt>
      <trkpt lat="45.0462079234421253204345703125" lon="6.30540870130062103271484375">
        <ele>1532</ele>
        <time>2026-07-27T09:16:19.000Z</time>
        <extensions>
          <ns3:TrackPointExtension>
            <ns3:hr>119</ns3:hr>
            <ns3:cad>53</ns3:cad>
          </ns3:TrackPointExtension>
        </extensions>
      </trkpt>
      <trkpt lat="45.0461868010461330413818359375" lon="6.3053857348859310150146484375">
        <ele>1531.800048828125</ele>
        <time>2026-07-27T09:16:21.000Z</time>
        <extensions>
          <ns3:TrackPointExtension>
            <ns3:hr>119</ns3:hr>
            <ns3:cad>55</ns3:cad>
          </ns3:TrackPointExtension>
        </extensions>
      </trkpt>
      <trkpt lat="45.04618571139872074127197265625" lon="6.30538112483918666839599609375">
        <ele>1531.800048828125</ele>
        <time>2026-07-27T09:16:22.000Z</time>
        <extensions>
          <ns3:TrackPointExtension>
            <ns3:hr>119</ns3:hr>
            <ns3:cad>55</ns3:cad>
          </ns3:TrackPointExtension>
        </extensions>
      </trkpt>
      <trkpt lat="45.04615344107151031494140625" lon="6.3053330965340137481689453125">
        <ele>1531.4000244140625</ele>
        <time>2026-07-27T09:16:27.000Z</time>
        <extensions>
          <ns3:TrackPointExtension>
            <ns3:hr>119</ns3:hr>
            <ns3:cad>56</ns3:cad>
          </ns3:TrackPointExtension>
        </extensions>
      </trkpt>
      <trkpt lat="45.0461127050220966339111328125" lon="6.30528959445655345916748046875">
        <ele>1531</ele>
        <time>2026-07-27T09:16:31.000Z</time>
        <extensions>
          <ns3:TrackPointExtension>
            <ns3:hr>120</ns3:hr>
            <ns3:cad>56</ns3:cad>
          </ns3:TrackPointExtension>
        </extensions>
      </trkpt>
      <trkpt lat="45.04601262509822845458984375" lon="6.3052757643163204193115234375">
        <ele>1530.4000244140625</ele>
        <time>2026-07-27T09:16:40.000Z</time>
        <extensions>
          <ns3:TrackPointExtension>
            <ns3:hr>119</ns3:hr>
            <ns3:cad>54</ns3:cad>
          </ns3:TrackPointExtension>
        </extensions>
      </trkpt>
      <trkpt lat="45.04599829204380512237548828125" lon="6.3052784465253353118896484375">
        <ele>1530.4000244140625</ele>
        <time>2026-07-27T09:16:41.000Z</time>
        <extensions>
          <ns3:TrackPointExtension>
            <ns3:hr>119</ns3:hr>
            <ns3:cad>53</ns3:cad>
          </ns3:TrackPointExtension>
        </extensions>
      </trkpt>
      <trkpt lat="45.04597842693328857421875" lon="6.30528775043785572052001953125">
        <ele>1530</ele>
        <time>2026-07-27T09:16:43.000Z</time>
        <extensions>
          <ns3:TrackPointExtension>
            <ns3:hr>119</ns3:hr>
            <ns3:cad>53</ns3:cad>
          </ns3:TrackPointExtension>
        </extensions>
      </trkpt>
      <trkpt lat="45.04597532562911510467529296875" lon="6.30529110319912433624267578125">
        <ele>1529.5999755859375</ele>
        <time>2026-07-27T09:16:44.000Z</time>
        <extensions>
          <ns3:TrackPointExtension>
            <ns3:hr>119</ns3:hr>
            <ns3:cad>53</ns3:cad>
          </ns3:TrackPointExtension>
        </extensions>
      </trkpt>
      <trkpt lat="45.04595889709889888763427734375" lon="6.30530300550162792205810546875">
        <ele>1529</ele>
        <time>2026-07-27T09:16:48.000Z</time>
        <extensions>
          <ns3:TrackPointExtension>
            <ns3:hr>119</ns3:hr>
            <ns3:cad>56</ns3:cad>
          </ns3:TrackPointExtension>
        </extensions>
      </trkpt>
      <trkpt lat="45.04595361649990081787109375" lon="6.305328905582427978515625">
        <ele>1528.4000244140625</ele>
        <time>2026-07-27T09:16:53.000Z</time>
        <extensions>
          <ns3:TrackPointExtension>
            <ns3:hr>119</ns3:hr>
            <ns3:cad>57</ns3:cad>
          </ns3:TrackPointExtension>
        </extensions>
      </trkpt>
      <trkpt lat="45.04594380967319011688232421875" lon="6.30538950674235820770263671875">
        <ele>1527.800048828125</ele>
        <time>2026-07-27T09:16:57.000Z</time>
        <extensions>
          <ns3:TrackPointExtension>
            <ns3:hr>119</ns3:hr>
            <ns3:cad>56</ns3:cad>
          </ns3:TrackPointExtension>
        </extensions>
      </trkpt>
      <trkpt lat="45.04595302976667881011962890625" lon="6.30545438267290592193603515625">
        <ele>1527</ele>
        <time>2026-07-27T09:17:01.000Z</time>
        <extensions>
          <ns3:TrackPointExtension>
            <ns3:hr>120</ns3:hr>
            <ns3:cad>55</ns3:cad>
          </ns3:TrackPointExtension>
        </extensions>
      </trkpt>
      <trkpt lat="45.04595051519572734832763671875" lon="6.30546695552766323089599609375">
        <ele>1526.5999755859375</ele>
        <time>2026-07-27T09:17:04.000Z</time>
        <extensions>
          <ns3:TrackPointExtension>
            <ns3:hr>120</ns3:hr>
            <ns3:cad>0</ns3:cad>
          </ns3:TrackPointExtension>
        </extensions>
      </trkpt>
      <trkpt lat="45.04594515077769756317138671875" lon="6.3054551370441913604736328125">
        <ele>1526.5999755859375</ele>
        <time>2026-07-27T09:17:05.000Z</time>
        <extensions>
          <ns3:TrackPointExtension>
            <ns3:hr>119</ns3:hr>
            <ns3:cad>0</ns3:cad>
          </ns3:TrackPointExtension>
        </extensions>
      </trkpt>
      <trkpt lat="45.0458877347409725189208984375" lon="6.30529747344553470611572265625">
        <ele>1527.199951171875</ele>
        <time>2026-07-27T09:17:16.000Z</time>
        <extensions>
          <ns3:TrackPointExtension>
            <ns3:hr>118</ns3:hr>
            <ns3:cad>53</ns3:cad>
          </ns3:TrackPointExtension>
        </extensions>
      </trkpt>
      <trkpt lat="45.045854039490222930908203125" lon="6.3052308373153209686279296875">
        <ele>1526.5999755859375</ele>
        <time>2026-07-27T09:17:24.000Z</time>
        <extensions>
          <ns3:TrackPointExtension>
            <ns3:hr>118</ns3:hr>
            <ns3:cad>52</ns3:cad>
          </ns3:TrackPointExtension>
        </extensions>
      </trkpt>
      <trkpt lat="45.045843981206417083740234375" lon="6.305228658020496368408203125">
        <ele>1526.4000244140625</ele>
        <time>2026-07-27T09:17:25.000Z</time>
        <extensions>
          <ns3:TrackPointExtension>
            <ns3:hr>118</ns3:hr>
            <ns3:cad>53</ns3:cad>
          </ns3:TrackPointExtension>
        </extensions>
      </trkpt>
      <trkpt lat="45.045786313712596893310546875" lon="6.305254139006137847900390625">
        <ele>1525.5999755859375</ele>
        <time>2026-07-27T09:17:32.000Z</time>
        <extensions>
          <ns3:TrackPointExtension>
            <ns3:hr>120</ns3:hr>
            <ns3:cad>54</ns3:cad>
          </ns3:TrackPointExtension>
        </extensions>
      </trkpt>
      <trkpt lat="45.0457710586488246917724609375" lon="6.3052606768906116485595703125">
        <ele>1524.800048828125</ele>
        <time>2026-07-27T09:17:34.000Z</time>
        <extensions>
          <ns3:TrackPointExtension>
            <ns3:hr>120</ns3:hr>
            <ns3:cad>56</ns3:cad>
          </ns3:TrackPointExtension>
        </extensions>
      </trkpt>
      <trkpt lat="45.04575639031827449798583984375" lon="6.30526025779545307159423828125">
        <ele>1524.5999755859375</ele>
        <time>2026-07-27T09:17:35.000Z</time>
        <extensions>
          <ns3:TrackPointExtension>
            <ns3:hr>120</ns3:hr>
            <ns3:cad>56</ns3:cad>
          </ns3:TrackPointExtension>
        </extensions>
      </trkpt>
      <trkpt lat="45.04571355879306793212890625" lon="6.30527031607925891876220703125">
        <ele>1523.800048828125</ele>
        <time>2026-07-27T09:17:39.000Z</time>
        <extensions>
          <ns3:TrackPointExtension>
            <ns3:hr>117</ns3:hr>
            <ns3:cad>56</ns3:cad>
          </ns3:TrackPointExtension>
        </extensions>
      </trkpt>
      <trkpt lat="45.04570090211927890777587890625" lon="6.3052797876298427581787109375">
        <ele>1523.5999755859375</ele>
        <time>2026-07-27T09:17:40.000Z</time>
        <extensions>
          <ns3:TrackPointExtension>
            <ns3:hr>117</ns3:hr>
            <ns3:cad>56</ns3:cad>
          </ns3:TrackPointExtension>
        </extensions>
      </trkpt>
      <trkpt lat="45.04568631760776042938232421875" lon="6.30528707988560199737548828125">
        <ele>1523.199951171875</ele>
        <time>2026-07-27T09:17:41.000Z</time>
        <extensions>
          <ns3:TrackPointExtension>
            <ns3:hr>117</ns3:hr>
            <ns3:cad>56</ns3:cad>
          </ns3:TrackPointExtension>
        </extensions>
      </trkpt>
      <trkpt lat="45.0456389598548412322998046875" lon="6.3053029216825962066650390625">
        <ele>1522.5999755859375</ele>
        <time>2026-07-27T09:17:45.000Z</time>
        <extensions>
          <ns3:TrackPointExtension>
            <ns3:hr>118</ns3:hr>
            <ns3:cad>55</ns3:cad>
          </ns3:TrackPointExtension>
        </extensions>
      </trkpt>
      <trkpt lat="45.04561641253530979156494140625" lon="6.3053195178508758544921875">
        <ele>1521.800048828125</ele>
        <time>2026-07-27T09:17:48.000Z</time>
        <extensions>
          <ns3:TrackPointExtension>
            <ns3:hr>118</ns3:hr>
            <ns3:cad>53</ns3:cad>
          </ns3:TrackPointExtension>
        </extensions>
      </trkpt>
      <trkpt lat="45.0456067733466625213623046875" lon="6.30532479844987392425537109375">
        <ele>1521.4000244140625</ele>
        <time>2026-07-27T09:17:49.000Z</time>
        <extensions>
          <ns3:TrackPointExtension>
            <ns3:hr>118</ns3:hr>
            <ns3:cad>53</ns3:cad>
          </ns3:TrackPointExtension>
        </extensions>
      </trkpt>
      <trkpt lat="45.045574419200420379638671875" lon="6.3053518719971179962158203125">
        <ele>1520.199951171875</ele>
        <time>2026-07-27T09:17:53.000Z</time>
        <extensions>
          <ns3:TrackPointExtension>
            <ns3:hr>118</ns3:hr>
            <ns3:cad>56</ns3:cad>
          </ns3:TrackPointExtension>
        </extensions>
      </trkpt>
      <trkpt lat="45.0455340184271335601806640625" lon="6.305366791784763336181640625">
        <ele>1519.199951171875</ele>
        <time>2026-07-27T09:17:57.000Z</time>
        <extensions>
          <ns3:TrackPointExtension>
            <ns3:hr>117</ns3:hr>
            <ns3:cad>57</ns3:cad>
          </ns3:TrackPointExtension>
        </extensions>
      </trkpt>
      <trkpt lat="45.04549705423414707183837890625" lon="6.30537115037441253662109375">
        <ele>1518.199951171875</ele>
        <time>2026-07-27T09:18:01.000Z</time>
        <extensions>
          <ns3:TrackPointExtension>
            <ns3:hr>118</ns3:hr>
            <ns3:cad>56</ns3:cad>
          </ns3:TrackPointExtension>
        </extensions>
      </trkpt>
      <trkpt lat="45.0454770214855670928955078125" lon="6.30537525750696659088134765625">
        <ele>1517.5999755859375</ele>
        <time>2026-07-27T09:18:04.000Z</time>
        <extensions>
          <ns3:TrackPointExtension>
            <ns3:hr>118</ns3:hr>
            <ns3:cad>56</ns3:cad>
          </ns3:TrackPointExtension>
        </extensions>
      </trkpt>
      <trkpt lat="45.04545338451862335205078125" lon="6.30536369048058986663818359375">
        <ele>1517</ele>
        <time>2026-07-27T09:18:07.000Z</time>
        <extensions>
          <ns3:TrackPointExtension>
            <ns3:hr>118</ns3:hr>
            <ns3:cad>56</ns3:cad>
          </ns3:TrackPointExtension>
        </extensions>
      </trkpt>
      <trkpt lat="45.0454374589025974273681640625" lon="6.305369473993778228759765625">
        <ele>1516.199951171875</ele>
        <time>2026-07-27T09:18:09.000Z</time>
        <extensions>
          <ns3:TrackPointExtension>
            <ns3:hr>119</ns3:hr>
            <ns3:cad>56</ns3:cad>
          </ns3:TrackPointExtension>
        </extensions>
      </trkpt>
      <trkpt lat="45.04543988965451717376708984375" lon="6.30539000965654850006103515625">
        <ele>1516</ele>
        <time>2026-07-27T09:18:10.000Z</time>
        <extensions>
          <ns3:TrackPointExtension>
            <ns3:hr>119</ns3:hr>
            <ns3:cad>56</ns3:cad>
          </ns3:TrackPointExtension>
        </extensions>
      </trkpt>
      <trkpt lat="45.04543737508356571197509765625" lon="6.3054026663303375244140625">
        <ele>1515.800048828125</ele>
        <time>2026-07-27T09:18:11.000Z</time>
        <extensions>
          <ns3:TrackPointExtension>
            <ns3:hr>119</ns3:hr>
            <ns3:cad>57</ns3:cad>
          </ns3:TrackPointExtension>
        </extensions>
      </trkpt>
      <trkpt lat="45.045427568256855010986328125" lon="6.30540442653000354766845703125">
        <ele>1515.4000244140625</ele>
        <time>2026-07-27T09:18:12.000Z</time>
        <extensions>
          <ns3:TrackPointExtension>
            <ns3:hr>119</ns3:hr>
            <ns3:cad>57</ns3:cad>
          </ns3:TrackPointExtension>
        </extensions>
      </trkpt>
      <trkpt lat="45.0454300828278064727783203125" lon="6.30543275736272335052490234375">
        <ele>1514.5999755859375</ele>
        <time>2026-07-27T09:18:15.000Z</time>
        <extensions>
          <ns3:TrackPointExtension>
            <ns3:hr>119</ns3:hr>
            <ns3:cad>53</ns3:cad>
          </ns3:TrackPointExtension>
        </extensions>
      </trkpt>
      <trkpt lat="45.04542530514299869537353515625" lon="6.30547064356505870819091796875">
        <ele>1513.5999755859375</ele>
        <time>2026-07-27T09:18:18.000Z</time>
        <extensions>
          <ns3:TrackPointExtension>
            <ns3:hr>119</ns3:hr>
            <ns3:cad>57</ns3:cad>
          </ns3:TrackPointExtension>
        </extensions>
      </trkpt>
      <trkpt lat="45.04544265568256378173828125" lon="6.305490173399448394775390625">
        <ele>1513.4000244140625</ele>
        <time>2026-07-27T09:18:19.000Z</time>
        <extensions>
          <ns3:TrackPointExtension>
            <ns3:hr>119</ns3:hr>
            <ns3:cad>59</ns3:cad>
          </ns3:TrackPointExtension>
        </extensions>
      </trkpt>
      <trkpt lat="45.045473836362361907958984375" lon="6.3055174984037876129150390625">
        <ele>1513</ele>
        <time>2026-07-27T09:18:20.000Z</time>
        <extensions>
          <ns3:TrackPointExtension>
            <ns3:hr>119</ns3:hr>
            <ns3:cad>59</ns3:cad>
          </ns3:TrackPointExtension>
        </extensions>
      </trkpt>
      <trkpt lat="45.0455299951136112213134765625" lon="6.305582709610462188720703125">
        <ele>1512.4000244140625</ele>
        <time>2026-07-27T09:18:23.000Z</time>
        <extensions>
          <ns3:TrackPointExtension>
            <ns3:hr>119</ns3:hr>
            <ns3:cad>57</ns3:cad>
          </ns3:TrackPointExtension>
        </extensions>
      </trkpt>
      <trkpt lat="45.04553326405584812164306640625" lon="6.30559109151363372802734375">
        <ele>1512.199951171875</ele>
        <time>2026-07-27T09:18:24.000Z</time>
        <extensions>
          <ns3:TrackPointExtension>
            <ns3:hr>119</ns3:hr>
            <ns3:cad>56</ns3:cad>
          </ns3:TrackPointExtension>
        </extensions>
      </trkpt>
      <trkpt lat="45.04554114304482936859130859375" lon="6.30561414174735546112060546875">
        <ele>1512.199951171875</ele>
        <time>2026-07-27T09:18:29.000Z</time>
        <extensions>
          <ns3:TrackPointExtension>
            <ns3:hr>121</ns3:hr>
            <ns3:cad>0</ns3:cad>
          </ns3:TrackPointExtension>
        </extensions>
      </trkpt>
      <trkpt lat="45.0455693900585174560546875" lon="6.30565554834902286529541015625">
        <ele>1511.800048828125</ele>
        <time>2026-07-27T09:18:34.000Z</time>
        <extensions>
          <ns3:TrackPointExtension>
            <ns3:hr>121</ns3:hr>
            <ns3:cad>0</ns3:cad>
          </ns3:TrackPointExtension>
        </extensions>
      </trkpt>
      <trkpt lat="45.045654885470867156982421875" lon="6.305734924972057342529296875">
        <ele>1511.4000244140625</ele>
        <time>2026-07-27T09:18:37.000Z</time>
        <extensions>
          <ns3:TrackPointExtension>
            <ns3:hr>119</ns3:hr>
            <ns3:cad>58</ns3:cad>
          </ns3:TrackPointExtension>
        </extensions>
      </trkpt>
      <trkpt lat="45.04570559598505496978759765625" lon="6.30579401738941669464111328125">
        <ele>1510.800048828125</ele>
        <time>2026-07-27T09:18:39.000Z</time>
        <extensions>
          <ns3:TrackPointExtension>
            <ns3:hr>120</ns3:hr>
            <ns3:cad>58</ns3:cad>
          </ns3:TrackPointExtension>
        </extensions>
      </trkpt>
      <trkpt lat="45.04571749828755855560302734375" lon="6.30582804791629314422607421875">
        <ele>1510.199951171875</ele>
        <time>2026-07-27T09:18:41.000Z</time>
        <extensions>
          <ns3:TrackPointExtension>
            <ns3:hr>119</ns3:hr>
            <ns3:cad>59</ns3:cad>
          </ns3:TrackPointExtension>
        </extensions>
      </trkpt>
      <trkpt lat="45.0457180850207805633544921875" lon="6.30583860911428928375244140625">
        <ele>1510</ele>
        <time>2026-07-27T09:18:42.000Z</time>
        <extensions>
          <ns3:TrackPointExtension>
            <ns3:hr>119</ns3:hr>
            <ns3:cad>59</ns3:cad>
          </ns3:TrackPointExtension>
        </extensions>
      </trkpt>
      <trkpt lat="45.04570811055600643157958984375" lon="6.30585185252130031585693359375">
        <ele>1509.800048828125</ele>
        <time>2026-07-27T09:18:43.000Z</time>
        <extensions>
          <ns3:TrackPointExtension>
            <ns3:hr>120</ns3:hr>
            <ns3:cad>58</ns3:cad>
          </ns3:TrackPointExtension>
        </extensions>
      </trkpt>
      <trkpt lat="45.04567676223814487457275390625" lon="6.305859982967376708984375">
        <ele>1509.4000244140625</ele>
        <time>2026-07-27T09:18:45.000Z</time>
        <extensions>
          <ns3:TrackPointExtension>
            <ns3:hr>123</ns3:hr>
            <ns3:cad>57</ns3:cad>
          </ns3:TrackPointExtension>
        </extensions>
      </trkpt>
      <trkpt lat="45.04565798677504062652587890625" lon="6.3058601506054401397705078125">
        <ele>1509.4000244140625</ele>
        <time>2026-07-27T09:18:46.000Z</time>
        <extensions>
          <ns3:TrackPointExtension>
            <ns3:hr>124</ns3:hr>
            <ns3:cad>56</ns3:cad>
          </ns3:TrackPointExtension>
        </extensions>
      </trkpt>
      <trkpt lat="45.045636110007762908935546875" lon="6.30586341954767704010009765625">
        <ele>1509</ele>
        <time>2026-07-27T09:18:47.000Z</time>
        <extensions>
          <ns3:TrackPointExtension>
            <ns3:hr>125</ns3:hr>
            <ns3:cad>55</ns3:cad>
          </ns3:TrackPointExtension>
        </extensions>
      </trkpt>
      <trkpt lat="45.04551080055534839630126953125" lon="6.30585319362580776214599609375">
        <ele>1507.800048828125</ele>
        <time>2026-07-27T09:18:52.000Z</time>
        <extensions>
          <ns3:TrackPointExtension>
            <ns3:hr>125</ns3:hr>
            <ns3:cad>55</ns3:cad>
          </ns3:TrackPointExtension>
        </extensions>
      </trkpt>
      <trkpt lat="45.04548749886453151702880859375" lon="6.3058601506054401397705078125">
        <ele>1507.5999755859375</ele>
        <time>2026-07-27T09:18:53.000Z</time>
        <extensions>
          <ns3:TrackPointExtension>
            <ns3:hr>124</ns3:hr>
            <ns3:cad>55</ns3:cad>
          </ns3:TrackPointExtension>
        </extensions>
      </trkpt>
      <trkpt lat="45.04540300928056240081787109375" lon="6.305908598005771636962890625">
        <ele>1506.800048828125</ele>
        <time>2026-07-27T09:18:58.000Z</time>
        <extensions>
          <ns3:TrackPointExtension>
            <ns3:hr>125</ns3:hr>
            <ns3:cad>55</ns3:cad>
          </ns3:TrackPointExtension>
        </extensions>
      </trkpt>
      <trkpt lat="45.04536998458206653594970703125" lon="6.305916309356689453125">
        <ele>1506.4000244140625</ele>
        <time>2026-07-27T09:19:00.000Z</time>
        <extensions>
          <ns3:TrackPointExtension>
            <ns3:hr>125</ns3:hr>
            <ns3:cad>55</ns3:cad>
          </ns3:TrackPointExtension>
        </extensions>
      </trkpt>
      <trkpt lat="45.04534182138741016387939453125" lon="6.3059446401894092559814453125">
        <ele>1506</ele>
        <time>2026-07-27T09:19:03.000Z</time>
        <extensions>
          <ns3:TrackPointExtension>
            <ns3:hr>129</ns3:hr>
            <ns3:cad>55</ns3:cad>
          </ns3:TrackPointExtension>
        </extensions>
      </trkpt>
      <trkpt lat="45.0453392229974269866943359375" lon="6.30595947615802288055419921875">
        <ele>1505.800048828125</ele>
        <time>2026-07-27T09:19:04.000Z</time>
        <extensions>
          <ns3:TrackPointExtension>
            <ns3:hr>130</ns3:hr>
            <ns3:cad>56</ns3:cad>
          </ns3:TrackPointExtension>
        </extensions>
      </trkpt>
      <trkpt lat="45.04534550942480564117431640625" lon="6.3059793412685394287109375">
        <ele>1505.199951171875</ele>
        <time>2026-07-27T09:19:07.000Z</time>
        <extensions>
          <ns3:TrackPointExtension>
            <ns3:hr>130</ns3:hr>
            <ns3:cad>56</ns3:cad>
          </ns3:TrackPointExtension>
        </extensions>
      </trkpt>
      <trkpt lat="45.04535506479442119598388671875" lon="6.30598629824817180633544921875">
        <ele>1505.199951171875</ele>
        <time>2026-07-27T09:19:08.000Z</time>
        <extensions>
          <ns3:TrackPointExtension>
            <ns3:hr>130</ns3:hr>
            <ns3:cad>55</ns3:cad>
          </ns3:TrackPointExtension>
        </extensions>
      </trkpt>
      <trkpt lat="45.045348107814788818359375" lon="6.3060120306909084320068359375">
        <ele>1504.5999755859375</ele>
        <time>2026-07-27T09:19:11.000Z</time>
        <extensions>
          <ns3:TrackPointExtension>
            <ns3:hr>130</ns3:hr>
            <ns3:cad>53</ns3:cad>
          </ns3:TrackPointExtension>
        </extensions>
      </trkpt>
      <trkpt lat="45.04533394239842891693115234375" lon="6.30603373982012271881103515625">
        <ele>1504.5999755859375</ele>
        <time>2026-07-27T09:19:12.000Z</time>
        <extensions>
          <ns3:TrackPointExtension>
            <ns3:hr>130</ns3:hr>
            <ns3:cad>52</ns3:cad>
          </ns3:TrackPointExtension>
        </extensions>
      </trkpt>
      <trkpt lat="45.045310221612453460693359375" lon="6.306078247725963592529296875">
        <ele>1504</ele>
        <time>2026-07-27T09:19:14.000Z</time>
        <extensions>
          <ns3:TrackPointExtension>
            <ns3:hr>129</ns3:hr>
            <ns3:cad>52</ns3:cad>
          </ns3:TrackPointExtension>
        </extensions>
      </trkpt>
      <trkpt lat="45.045286081731319427490234375" lon="6.30610263906419277191162109375">
        <ele>1503.4000244140625</ele>
        <time>2026-07-27T09:19:16.000Z</time>
        <extensions>
          <ns3:TrackPointExtension>
            <ns3:hr>128</ns3:hr>
            <ns3:cad>52</ns3:cad>
          </ns3:TrackPointExtension>
        </extensions>
      </trkpt>
      <trkpt lat="45.04525481723248958587646484375" lon="6.3061334006488323211669921875">
        <ele>1502.800048828125</ele>
        <time>2026-07-27T09:19:19.000Z</time>
        <extensions>
          <ns3:TrackPointExtension>
            <ns3:hr>127</ns3:hr>
            <ns3:cad>52</ns3:cad>
          </ns3:TrackPointExtension>
        </extensions>
      </trkpt>
      <trkpt lat="45.0452480278909206390380859375" lon="6.30615125410258769989013671875">
        <ele>1502.800048828125</ele>
        <time>2026-07-27T09:19:20.000Z</time>
        <extensions>
          <ns3:TrackPointExtension>
            <ns3:hr>127</ns3:hr>
            <ns3:cad>52</ns3:cad>
          </ns3:TrackPointExtension>
        </extensions>
      </trkpt>
      <trkpt lat="45.0452332757413387298583984375" lon="6.306172795593738555908203125">
        <ele>1502.199951171875</ele>
        <time>2026-07-27T09:19:22.000Z</time>
        <extensions>
          <ns3:TrackPointExtension>
            <ns3:hr>127</ns3:hr>
            <ns3:cad>51</ns3:cad>
          </ns3:TrackPointExtension>
        </extensions>
      </trkpt>
      <trkpt lat="45.04522162489593029022216796875" lon="6.306171454489231109619140625">
        <ele>1501.800048828125</ele>
        <time>2026-07-27T09:19:23.000Z</time>
        <extensions>
          <ns3:TrackPointExtension>
            <ns3:hr>127</ns3:hr>
            <ns3:cad>51</ns3:cad>
          </ns3:TrackPointExtension>
        </extensions>
      </trkpt>
      <trkpt lat="45.04519748501479625701904296875" lon="6.30619014613330364227294921875">
        <ele>1501.5999755859375</ele>
        <time>2026-07-27T09:19:25.000Z</time>
        <extensions>
          <ns3:TrackPointExtension>
            <ns3:hr>125</ns3:hr>
            <ns3:cad>53</ns3:cad>
          </ns3:TrackPointExtension>
        </extensions>
      </trkpt>
      <trkpt lat="45.045178793370723724365234375" lon="6.306192576885223388671875">
        <ele>1501.4000244140625</ele>
        <time>2026-07-27T09:19:26.000Z</time>
        <extensions>
          <ns3:TrackPointExtension>
            <ns3:hr>125</ns3:hr>
            <ns3:cad>52</ns3:cad>
          </ns3:TrackPointExtension>
        </extensions>
      </trkpt>
      <trkpt lat="45.0451514683663845062255859375" lon="6.3062078319489955902099609375">
        <ele>1501.199951171875</ele>
        <time>2026-07-27T09:19:28.000Z</time>
        <extensions>
          <ns3:TrackPointExtension>
            <ns3:hr>122</ns3:hr>
            <ns3:cad>51</ns3:cad>
          </ns3:TrackPointExtension>
        </extensions>
      </trkpt>
      <trkpt lat="45.04511676728725433349609375" lon="6.30624286830425262451171875">
        <ele>1500.5999755859375</ele>
        <time>2026-07-27T09:19:32.000Z</time>
        <extensions>
          <ns3:TrackPointExtension>
            <ns3:hr>120</ns3:hr>
            <ns3:cad>51</ns3:cad>
          </ns3:TrackPointExtension>
        </extensions>
      </trkpt>
      <trkpt lat="45.045103691518306732177734375" lon="6.30625669844448566436767578125">
        <ele>1500</ele>
        <time>2026-07-27T09:19:35.000Z</time>
        <extensions>
          <ns3:TrackPointExtension>
            <ns3:hr>119</ns3:hr>
            <ns3:cad>50</ns3:cad>
          </ns3:TrackPointExtension>
        </extensions>
      </trkpt>
      <trkpt lat="45.0451202876865863800048828125" lon="6.30627362988889217376708984375">
        <ele>1499.5999755859375</ele>
        <time>2026-07-27T09:19:38.000Z</time>
        <extensions>
          <ns3:TrackPointExtension>
            <ns3:hr>119</ns3:hr>
            <ns3:cad>0</ns3:cad>
          </ns3:TrackPointExtension>
        </extensions>
      </trkpt>
      <trkpt lat="45.04510939121246337890625" lon="6.30626298487186431884765625">
        <ele>1499.4000244140625</ele>
        <time>2026-07-27T09:19:44.000Z</time>
        <extensions>
          <ns3:TrackPointExtension>
            <ns3:hr>118</ns3:hr>
            <ns3:cad>0</ns3:cad>
          </ns3:TrackPointExtension>
        </extensions>
      </trkpt>
      <trkpt lat="45.04514618776738643646240234375" lon="6.306276060640811920166015625">
        <ele>1499.800048828125</ele>
        <time>2026-07-27T09:19:48.000Z</time>
        <extensions>
          <ns3:TrackPointExtension>
            <ns3:hr>117</ns3:hr>
            <ns3:cad>0</ns3:cad>
          </ns3:TrackPointExtension>
        </extensions>
      </trkpt>
      <trkpt lat="45.0451601855456829071044921875" lon="6.30628352053463459014892578125">
        <ele>1499.800048828125</ele>
        <time>2026-07-27T09:19:54.000Z</time>
        <extensions>
          <ns3:TrackPointExtension>
            <ns3:hr>115</ns3:hr>
            <ns3:cad>0</ns3:cad>
          </ns3:TrackPointExtension>
        </extensions>
      </trkpt>
      <trkpt lat="45.0451590120792388916015625" lon="6.3062671758234500885009765625">
        <ele>1500.199951171875</ele>
        <time>2026-07-27T09:20:00.000Z</time>
        <extensions>
          <ns3:TrackPointExtension>
            <ns3:hr>114</ns3:hr>
            <ns3:cad>0</ns3:cad>
          </ns3:TrackPointExtension>
        </extensions>
      </trkpt>
      <trkpt lat="45.0451590120792388916015625" lon="6.3062671758234500885009765625">
        <ele>1500.199951171875</ele>
        <time>2026-07-27T09:20:07.000Z</time>
        <extensions>
          <ns3:TrackPointExtension>
            <ns3:hr>111</ns3:hr>
            <ns3:cad>0</ns3:cad>
          </ns3:TrackPointExtension>
        </extensions>
      </trkpt>
      <trkpt lat="45.0451590120792388916015625" lon="6.30627346225082874298095703125">
        <ele>1500.800048828125</ele>
        <time>2026-07-27T09:20:14.000Z</time>
        <extensions>
          <ns3:TrackPointExtension>
            <ns3:hr>110</ns3:hr>
            <ns3:cad>0</ns3:cad>
          </ns3:TrackPointExtension>
        </extensions>
      </trkpt>
      <trkpt lat="45.045156665146350860595703125" lon="6.30627346225082874298095703125">
        <ele>1500.800048828125</ele>
        <time>2026-07-27T09:20:18.000Z</time>
        <extensions>
          <ns3:TrackPointExtension>
            <ns3:hr>114</ns3:hr>
            <ns3:cad>0</ns3:cad>
          </ns3:TrackPointExtension>
        </extensions>
      </trkpt>
      <trkpt lat="45.04515456967055797576904296875" lon="6.30627346225082874298095703125">
        <ele>1501</ele>
        <time>2026-07-27T09:20:19.000Z</time>
        <extensions>
          <ns3:TrackPointExtension>
            <ns3:hr>125</ns3:hr>
            <ns3:cad>0</ns3:cad>
          </ns3:TrackPointExtension>
        </extensions>
      </trkpt>
      <trkpt lat="45.04515322856605052947998046875" lon="6.30627346225082874298095703125">
        <ele>1501.199951171875</ele>
        <time>2026-07-27T09:20:20.000Z</time>
        <extensions>
          <ns3:TrackPointExtension>
            <ns3:hr>130</ns3:hr>
            <ns3:cad>0</ns3:cad>
          </ns3:TrackPointExtension>
        </extensions>
      </trkpt>
      <trkpt lat="45.045151300728321075439453125" lon="6.30627379752695560455322265625">
        <ele>1501.199951171875</ele>
        <time>2026-07-27T09:20:21.000Z</time>
        <extensions>
          <ns3:TrackPointExtension>
            <ns3:hr>130</ns3:hr>
            <ns3:cad>0</ns3:cad>
          </ns3:TrackPointExtension>
        </extensions>
      </trkpt>
      <trkpt lat="45.04514702595770359039306640625" lon="6.3063013739883899688720703125">
        <ele>1501.5999755859375</ele>
        <time>2026-07-27T09:20:25.000Z</time>
        <extensions>
          <ns3:TrackPointExtension>
            <ns3:hr>130</ns3:hr>
            <ns3:cad>0</ns3:cad>
          </ns3:TrackPointExtension>
        </extensions>
      </trkpt>
      <trkpt lat="45.0451618619263172149658203125" lon="6.30623658187687397003173828125">
        <ele>1500.4000244140625</ele>
        <time>2026-07-27T09:20:52.000Z</time>
        <extensions>
          <ns3:TrackPointExtension>
            <ns3:hr>126</ns3:hr>
            <ns3:cad>0</ns3:cad>
          </ns3:TrackPointExtension>
        </extensions>
      </trkpt>
      <trkpt lat="45.04509271122515201568603515625" lon="6.306344456970691680908203125">
        <ele>1500.4000244140625</ele>
        <time>2026-07-27T09:20:56.000Z</time>
        <extensions>
          <ns3:TrackPointExtension>
            <ns3:hr>127</ns3:hr>
            <ns3:cad>0</ns3:cad>
          </ns3:TrackPointExtension>
        </extensions>
      </trkpt>
      <trkpt lat="45.04507041536271572113037109375" lon="6.306351833045482635498046875">
        <ele>1500.4000244140625</ele>
        <time>2026-07-27T09:21:03.000Z</time>
        <extensions>
          <ns3:TrackPointExtension>
            <ns3:hr>129</ns3:hr>
            <ns3:cad>0</ns3:cad>
          </ns3:TrackPointExtension>
        </extensions>
      </trkpt>
      <trkpt lat="45.045072846114635467529296875" lon="6.30637354217469692230224609375">
        <ele>1500.5999755859375</ele>
        <time>2026-07-27T09:21:10.000Z</time>
        <extensions>
          <ns3:TrackPointExtension>
            <ns3:hr>131</ns3:hr>
            <ns3:cad>0</ns3:cad>
          </ns3:TrackPointExtension>
        </extensions>
      </trkpt>
      <trkpt lat="45.04507393576204776763916015625" lon="6.3063613884150981903076171875">
        <ele>1500.800048828125</ele>
        <time>2026-07-27T09:21:15.000Z</time>
        <extensions>
          <ns3:TrackPointExtension>
            <ns3:hr>131</ns3:hr>
            <ns3:cad>0</ns3:cad>
          </ns3:TrackPointExtension>
        </extensions>
      </trkpt>
      <trkpt lat="45.04507946781814098358154296875" lon="6.30637572146952152252197265625">
        <ele>1500.4000244140625</ele>
        <time>2026-07-27T09:21:23.000Z</time>
        <extensions>
          <ns3:TrackPointExtension>
            <ns3:hr>130</ns3:hr>
            <ns3:cad>0</ns3:cad>
          </ns3:TrackPointExtension>
        </extensions>
      </trkpt>
      <trkpt lat="45.04508516751229763031005859375" lon="6.30640589632093906402587890625">
        <ele>1500.5999755859375</ele>
        <time>2026-07-27T09:21:30.000Z</time>
        <extensions>
          <ns3:TrackPointExtension>
            <ns3:hr>130</ns3:hr>
            <ns3:cad>0</ns3:cad>
          </ns3:TrackPointExtension>
        </extensions>
      </trkpt>
      <trkpt lat="45.04504074342548847198486328125" lon="6.30640639923512935638427734375">
        <ele>1500.800048828125</ele>
        <time>2026-07-27T09:21:35.000Z</time>
        <extensions>
          <ns3:TrackPointExtension>
            <ns3:hr>130</ns3:hr>
            <ns3:cad>0</ns3:cad>
          </ns3:TrackPointExtension>
        </extensions>
      </trkpt>
      <trkpt lat="45.0450676493346691131591796875" lon="6.30643188022077083587646484375">
        <ele>1500.800048828125</ele>
        <time>2026-07-27T09:21:39.000Z</time>
        <extensions>
          <ns3:TrackPointExtension>
            <ns3:hr>130</ns3:hr>
            <ns3:cad>0</ns3:cad>
          </ns3:TrackPointExtension>
        </extensions>
      </trkpt>
      <trkpt lat="45.04504837095737457275390625" lon="6.30641050636768341064453125">
        <ele>1500.199951171875</ele>
        <time>2026-07-27T09:21:42.000Z</time>
        <extensions>
          <ns3:TrackPointExtension>
            <ns3:hr>130</ns3:hr>
            <ns3:cad>0</ns3:cad>
          </ns3:TrackPointExtension>
        </extensions>
      </trkpt>
      <trkpt lat="45.0450354628264904022216796875" lon="6.3063868694007396697998046875">
        <ele>1500.4000244140625</ele>
        <time>2026-07-27T09:21:47.000Z</time>
        <extensions>
          <ns3:TrackPointExtension>
            <ns3:hr>130</ns3:hr>
            <ns3:cad>0</ns3:cad>
          </ns3:TrackPointExtension>
        </extensions>
      </trkpt>
      <trkpt lat="45.04506253637373447418212890625" lon="6.30641142837703227996826171875">
        <ele>1501.199951171875</ele>
        <time>2026-07-27T09:21:55.000Z</time>
        <extensions>
          <ns3:TrackPointExtension>
            <ns3:hr>130</ns3:hr>
            <ns3:cad>0</ns3:cad>
          </ns3:TrackPointExtension>
        </extensions>
      </trkpt>
      <trkpt lat="45.04505415447056293487548828125" lon="6.3064294494688510894775390625">
        <ele>1501</ele>
        <time>2026-07-27T09:22:02.000Z</time>
        <extensions>
          <ns3:TrackPointExtension>
            <ns3:hr>130</ns3:hr>
            <ns3:cad>0</ns3:cad>
          </ns3:TrackPointExtension>
        </extensions>
      </trkpt>
      <trkpt lat="45.04509036429226398468017578125" lon="6.30643171258270740509033203125">
        <ele>1501.4000244140625</ele>
        <time>2026-07-27T09:22:08.000Z</time>
        <extensions>
          <ns3:TrackPointExtension>
            <ns3:hr>130</ns3:hr>
            <ns3:cad>0</ns3:cad>
          </ns3:TrackPointExtension>
        </extensions>
      </trkpt>
      <trkpt lat="45.04509304650127887725830078125" lon="6.30642266012728214263916015625">
        <ele>1501.800048828125</ele>
        <time>2026-07-27T09:22:14.000Z</time>
        <extensions>
          <ns3:TrackPointExtension>
            <ns3:hr>130</ns3:hr>
            <ns3:cad>0</ns3:cad>
          </ns3:TrackPointExtension>
        </extensions>
      </trkpt>
      <trkpt lat="45.04508499987423419952392578125" lon="6.3064192235469818115234375">
        <ele>1501.800048828125</ele>
        <time>2026-07-27T09:22:20.000Z</time>
        <extensions>
          <ns3:TrackPointExtension>
            <ns3:hr>129</ns3:hr>
            <ns3:cad>0</ns3:cad>
          </ns3:TrackPointExtension>
        </extensions>
      </trkpt>
      <trkpt lat="45.045110397040843963623046875" lon="6.3064264319837093353271484375">
        <ele>1501.4000244140625</ele>
        <time>2026-07-27T09:22:27.000Z</time>
        <extensions>
          <ns3:TrackPointExtension>
            <ns3:hr>127</ns3:hr>
            <ns3:cad>0</ns3:cad>
          </ns3:TrackPointExtension>
        </extensions>
      </trkpt>
      <trkpt lat="45.04511467181146144866943359375" lon="6.30642584525048732757568359375">
        <ele>1501.5999755859375</ele>
        <time>2026-07-27T09:22:33.000Z</time>
        <extensions>
          <ns3:TrackPointExtension>
            <ns3:hr>124</ns3:hr>
            <ns3:cad>0</ns3:cad>
          </ns3:TrackPointExtension>
        </extensions>
      </trkpt>
      <trkpt lat="45.04512221552431583404541015625" lon="6.30643204785883426666259765625">
        <ele>1501.5999755859375</ele>
        <time>2026-07-27T09:22:34.000Z</time>
        <extensions>
          <ns3:TrackPointExtension>
            <ns3:hr>124</ns3:hr>
            <ns3:cad>0</ns3:cad>
          </ns3:TrackPointExtension>
        </extensions>
      </trkpt>
      <trkpt lat="45.04513462074100971221923828125" lon="6.306445039808750152587890625">
        <ele>1501.5999755859375</ele>
        <time>2026-07-27T09:22:39.000Z</time>
        <extensions>
          <ns3:TrackPointExtension>
            <ns3:hr>123</ns3:hr>
            <ns3:cad>0</ns3:cad>
          </ns3:TrackPointExtension>
        </extensions>
      </trkpt>
      <trkpt lat="45.04511282779276371002197265625" lon="6.3064428605139255523681640625">
        <ele>1501.800048828125</ele>
        <time>2026-07-27T09:22:43.000Z</time>
        <extensions>
          <ns3:TrackPointExtension>
            <ns3:hr>122</ns3:hr>
            <ns3:cad>0</ns3:cad>
          </ns3:TrackPointExtension>
        </extensions>
      </trkpt>
      <trkpt lat="45.04510796628892421722412109375" lon="6.30643674172461032867431640625">
        <ele>1502.199951171875</ele>
        <time>2026-07-27T09:22:46.000Z</time>
        <extensions>
          <ns3:TrackPointExtension>
            <ns3:hr>122</ns3:hr>
            <ns3:cad>0</ns3:cad>
          </ns3:TrackPointExtension>
        </extensions>
      </trkpt>
      <trkpt lat="45.04511944949626922607421875" lon="6.30642936564981937408447265625">
        <ele>1502.199951171875</ele>
        <time>2026-07-27T09:22:48.000Z</time>
        <extensions>
          <ns3:TrackPointExtension>
            <ns3:hr>122</ns3:hr>
            <ns3:cad>0</ns3:cad>
          </ns3:TrackPointExtension>
        </extensions>
      </trkpt>
      <trkpt lat="45.04511517472565174102783203125" lon="6.306420899927616119384765625">
        <ele>1502</ele>
        <time>2026-07-27T09:22:53.000Z</time>
        <extensions>
          <ns3:TrackPointExtension>
            <ns3:hr>123</ns3:hr>
            <ns3:cad>0</ns3:cad>
          </ns3:TrackPointExtension>
        </extensions>
      </trkpt>
      <trkpt lat="45.04511517472565174102783203125" lon="6.306420899927616119384765625">
        <ele>1502</ele>
        <time>2026-07-27T09:22:57.000Z</time>
        <extensions>
          <ns3:TrackPointExtension>
            <ns3:hr>120</ns3:hr>
            <ns3:cad>0</ns3:cad>
          </ns3:TrackPointExtension>
        </extensions>
      </trkpt>
      <trkpt lat="45.04511517472565174102783203125" lon="6.306420899927616119384765625">
        <ele>1502.199951171875</ele>
        <time>2026-07-27T09:23:00.000Z</time>
        <extensions>
          <ns3:TrackPointExtension>
            <ns3:hr>117</ns3:hr>
            <ns3:cad>0</ns3:cad>
          </ns3:TrackPointExtension>
        </extensions>
      </trkpt>
      <trkpt lat="45.0450713373720645904541015625" lon="6.30639173090457916259765625">
        <ele>1503.199951171875</ele>
        <time>2026-07-27T09:23:09.000Z</time>
        <extensions>
          <ns3:TrackPointExtension>
            <ns3:hr>116</ns3:hr>
            <ns3:cad>0</ns3:cad>
          </ns3:TrackPointExtension>
        </extensions>
      </trkpt>
      <trkpt lat="45.04505733959376811981201171875" lon="6.30638225935399532318115234375">
        <ele>1503.199951171875</ele>
        <time>2026-07-27T09:23:11.000Z</time>
        <extensions>
          <ns3:TrackPointExtension>
            <ns3:hr>113</ns3:hr>
            <ns3:cad>0</ns3:cad>
          </ns3:TrackPointExtension>
        </extensions>
      </trkpt>
      <trkpt lat="45.04504309035837650299072265625" lon="6.3063751347362995147705078125">
        <ele>1503.4000244140625</ele>
        <time>2026-07-27T09:23:13.000Z</time>
        <extensions>
          <ns3:TrackPointExtension>
            <ns3:hr>111</ns3:hr>
            <ns3:cad>0</ns3:cad>
          </ns3:TrackPointExtension>
        </extensions>
      </trkpt>
      <trkpt lat="45.04504158161580562591552734375" lon="6.30637563765048980712890625">
        <ele>1503.5999755859375</ele>
        <time>2026-07-27T09:23:22.000Z</time>
        <extensions>
          <ns3:TrackPointExtension>
            <ns3:hr>112</ns3:hr>
            <ns3:cad>0</ns3:cad>
          </ns3:TrackPointExtension>
        </extensions>
      </trkpt>
      <trkpt lat="45.04504158161580562591552734375" lon="6.30637505091726779937744140625">
        <ele>1504</ele>
        <time>2026-07-27T09:23:32.000Z</time>
        <extensions>
          <ns3:TrackPointExtension>
            <ns3:hr>108</ns3:hr>
            <ns3:cad>0</ns3:cad>
          </ns3:TrackPointExtension>
        </extensions>
      </trkpt>
      <trkpt lat="45.045041330158710479736328125" lon="6.30637505091726779937744140625">
        <ele>1504.199951171875</ele>
        <time>2026-07-27T09:23:34.000Z</time>
        <extensions>
          <ns3:TrackPointExtension>
            <ns3:hr>105</ns3:hr>
            <ns3:cad>0</ns3:cad>
          </ns3:TrackPointExtension>
        </extensions>
      </trkpt>
      <trkpt lat="45.04504057578742504119873046875" lon="6.30637488327920436859130859375">
        <ele>1504.199951171875</ele>
        <time>2026-07-27T09:23:36.000Z</time>
        <extensions>
          <ns3:TrackPointExtension>
            <ns3:hr>102</ns3:hr>
            <ns3:cad>0</ns3:cad>
          </ns3:TrackPointExtension>
        </extensions>
      </trkpt>
      <trkpt lat="45.045036636292934417724609375" lon="6.30637404508888721466064453125">
        <ele>1504.5999755859375</ele>
        <time>2026-07-27T09:23:43.000Z</time>
        <extensions>
          <ns3:TrackPointExtension>
            <ns3:hr>105</ns3:hr>
            <ns3:cad>0</ns3:cad>
          </ns3:TrackPointExtension>
        </extensions>
      </trkpt>
      <trkpt lat="45.0450317747890949249267578125" lon="6.30637404508888721466064453125">
        <ele>1504.5999755859375</ele>
        <time>2026-07-27T09:23:48.000Z</time>
        <extensions>
          <ns3:TrackPointExtension>
            <ns3:hr>108</ns3:hr>
            <ns3:cad>0</ns3:cad>
          </ns3:TrackPointExtension>
        </extensions>
      </trkpt>
      <trkpt lat="45.0450280867516994476318359375" lon="6.3063741289079189300537109375">
        <ele>1505.4000244140625</ele>
        <time>2026-07-27T09:23:53.000Z</time>
        <extensions>
          <ns3:TrackPointExtension>
            <ns3:hr>110</ns3:hr>
            <ns3:cad>0</ns3:cad>
          </ns3:TrackPointExtension>
        </extensions>
      </trkpt>
      <trkpt lat="45.04501107148826122283935546875" lon="6.3063788227736949920654296875">
        <ele>1506</ele>
        <time>2026-07-27T09:24:04.000Z</time>
        <extensions>
          <ns3:TrackPointExtension>
            <ns3:hr>106</ns3:hr>
            <ns3:cad>0</ns3:cad>
          </ns3:TrackPointExtension>
        </extensions>
      </trkpt>
      <trkpt lat="45.04500503651797771453857421875" lon="6.3063789904117584228515625">
        <ele>1506.199951171875</ele>
        <time>2026-07-27T09:24:06.000Z</time>
        <extensions>
          <ns3:TrackPointExtension>
            <ns3:hr>103</ns3:hr>
            <ns3:cad>0</ns3:cad>
          </ns3:TrackPointExtension>
        </extensions>
      </trkpt>
      <trkpt lat="45.0449972413480281829833984375" lon="6.30637672729790210723876953125">
        <ele>1506.4000244140625</ele>
        <time>2026-07-27T09:24:09.000Z</time>
        <extensions>
          <ns3:TrackPointExtension>
            <ns3:hr>103</ns3:hr>
            <ns3:cad>0</ns3:cad>
          </ns3:TrackPointExtension>
        </extensions>
      </trkpt>
      <trkpt lat="45.0449781306087970733642578125" lon="6.306376643478870391845703125">
        <ele>1506.4000244140625</ele>
        <time>2026-07-27T09:24:14.000Z</time>
        <extensions>
          <ns3:TrackPointExtension>
            <ns3:hr>104</ns3:hr>
            <ns3:cad>0</ns3:cad>
          </ns3:TrackPointExtension>
        </extensions>
      </trkpt>
      <trkpt lat="45.0449389033019542694091796875" lon="6.30636650137603282928466796875">
        <ele>1506.5999755859375</ele>
        <time>2026-07-27T09:24:20.000Z</time>
        <extensions>
          <ns3:TrackPointExtension>
            <ns3:hr>101</ns3:hr>
            <ns3:cad>0</ns3:cad>
          </ns3:TrackPointExtension>
        </extensions>
      </trkpt>
      <trkpt lat="45.04493362270295619964599609375" lon="6.3063566945493221282958984375">
        <ele>1506.800048828125</ele>
        <time>2026-07-27T09:24:21.000Z</time>
        <extensions>
          <ns3:TrackPointExtension>
            <ns3:hr>101</ns3:hr>
            <ns3:cad>0</ns3:cad>
          </ns3:TrackPointExtension>
        </extensions>
      </trkpt>
      <trkpt lat="45.0449077226221561431884765625" lon="6.30633448250591754913330078125">
        <ele>1507</ele>
        <time>2026-07-27T09:24:28.000Z</time>
        <extensions>
          <ns3:TrackPointExtension>
            <ns3:hr>103</ns3:hr>
            <ns3:cad>0</ns3:cad>
          </ns3:TrackPointExtension>
        </extensions>
      </trkpt>
      <trkpt lat="45.0448966585099697113037109375" lon="6.30633347667753696441650390625">
        <ele>1507.4000244140625</ele>
        <time>2026-07-27T09:24:34.000Z</time>
        <extensions>
          <ns3:TrackPointExtension>
            <ns3:hr>105</ns3:hr>
            <ns3:cad>0</ns3:cad>
          </ns3:TrackPointExtension>
        </extensions>
      </trkpt>
      <trkpt lat="45.0448812358081340789794921875" lon="6.30633062683045864105224609375">
        <ele>1508</ele>
        <time>2026-07-27T09:24:40.000Z</time>
        <extensions>
          <ns3:TrackPointExtension>
            <ns3:hr>105</ns3:hr>
            <ns3:cad>0</ns3:cad>
          </ns3:TrackPointExtension>
        </extensions>
      </trkpt>
      <trkpt lat="45.044909231364727020263671875" lon="6.3063469715416431427001953125">
        <ele>1508.199951171875</ele>
        <time>2026-07-27T09:24:45.000Z</time>
        <extensions>
          <ns3:TrackPointExtension>
            <ns3:hr>106</ns3:hr>
            <ns3:cad>0</ns3:cad>
          </ns3:TrackPointExtension>
        </extensions>
      </trkpt>
      <trkpt lat="45.04491291940212249755859375" lon="6.30636465735733509063720703125">
        <ele>1508.5999755859375</ele>
        <time>2026-07-27T09:24:50.000Z</time>
        <extensions>
          <ns3:TrackPointExtension>
            <ns3:hr>106</ns3:hr>
            <ns3:cad>0</ns3:cad>
          </ns3:TrackPointExtension>
        </extensions>
      </trkpt>
      <trkpt lat="45.04491199739277362823486328125" lon="6.30636624991893768310546875">
        <ele>1508.5999755859375</ele>
        <time>2026-07-27T09:24:51.000Z</time>
        <extensions>
          <ns3:TrackPointExtension>
            <ns3:hr>106</ns3:hr>
            <ns3:cad>0</ns3:cad>
          </ns3:TrackPointExtension>
        </extensions>
      </trkpt>
      <trkpt lat="45.04492172040045261383056640625" lon="6.30638728849589824676513671875">
        <ele>1509.199951171875</ele>
        <time>2026-07-27T09:24:57.000Z</time>
        <extensions>
          <ns3:TrackPointExtension>
            <ns3:hr>109</ns3:hr>
            <ns3:cad>0</ns3:cad>
          </ns3:TrackPointExtension>
        </extensions>
      </trkpt>
      <trkpt lat="45.044956505298614501953125" lon="6.30638276226818561553955078125">
        <ele>1509</ele>
        <time>2026-07-27T09:25:05.000Z</time>
        <extensions>
          <ns3:TrackPointExtension>
            <ns3:hr>111</ns3:hr>
            <ns3:cad>0</ns3:cad>
          </ns3:TrackPointExtension>
        </extensions>
      </trkpt>
      <trkpt lat="45.044975616037845611572265625" lon="6.30638510920107364654541015625">
        <ele>1509.199951171875</ele>
        <time>2026-07-27T09:25:09.000Z</time>
        <extensions>
          <ns3:TrackPointExtension>
            <ns3:hr>111</ns3:hr>
            <ns3:cad>0</ns3:cad>
          </ns3:TrackPointExtension>
        </extensions>
      </trkpt>
      <trkpt lat="45.04500134848058223724365234375" lon="6.30642014555633068084716796875">
        <ele>1509.4000244140625</ele>
        <time>2026-07-27T09:25:13.000Z</time>
        <extensions>
          <ns3:TrackPointExtension>
            <ns3:hr>109</ns3:hr>
            <ns3:cad>0</ns3:cad>
          </ns3:TrackPointExtension>
        </extensions>
      </trkpt>
      <trkpt lat="45.045004449784755706787109375" lon="6.3064277730882167816162109375">
        <ele>1509.5999755859375</ele>
        <time>2026-07-27T09:25:16.000Z</time>
        <extensions>
          <ns3:TrackPointExtension>
            <ns3:hr>114</ns3:hr>
            <ns3:cad>0</ns3:cad>
          </ns3:TrackPointExtension>
        </extensions>
      </trkpt>
      <trkpt lat="45.04499606788158416748046875" lon="6.30642148666083812713623046875">
        <ele>1509.5999755859375</ele>
        <time>2026-07-27T09:25:17.000Z</time>
        <extensions>
          <ns3:TrackPointExtension>
            <ns3:hr>115</ns3:hr>
            <ns3:cad>0</ns3:cad>
          </ns3:TrackPointExtension>
        </extensions>
      </trkpt>
      <trkpt lat="45.044980980455875396728515625" lon="6.30640254355967044830322265625">
        <ele>1509.5999755859375</ele>
        <time>2026-07-27T09:25:20.000Z</time>
        <extensions>
          <ns3:TrackPointExtension>
            <ns3:hr>113</ns3:hr>
            <ns3:cad>0</ns3:cad>
          </ns3:TrackPointExtension>
        </extensions>
      </trkpt>
      <trkpt lat="45.0449821539223194122314453125" lon="6.3064036332070827484130859375">
        <ele>1509.800048828125</ele>
        <time>2026-07-27T09:25:23.000Z</time>
        <extensions>
          <ns3:TrackPointExtension>
            <ns3:hr>110</ns3:hr>
            <ns3:cad>0</ns3:cad>
          </ns3:TrackPointExtension>
        </extensions>
      </trkpt>
      <trkpt lat="45.0449848361313343048095703125" lon="6.30640036426484584808349609375">
        <ele>1509.800048828125</ele>
        <time>2026-07-27T09:25:25.000Z</time>
        <extensions>
          <ns3:TrackPointExtension>
            <ns3:hr>107</ns3:hr>
            <ns3:cad>0</ns3:cad>
          </ns3:TrackPointExtension>
        </extensions>
      </trkpt>
      <trkpt lat="45.04498709924519062042236328125" lon="6.30639583803713321685791015625">
        <ele>1509.800048828125</ele>
        <time>2026-07-27T09:25:27.000Z</time>
        <extensions>
          <ns3:TrackPointExtension>
            <ns3:hr>107</ns3:hr>
            <ns3:cad>0</ns3:cad>
          </ns3:TrackPointExtension>
        </extensions>
      </trkpt>
      <trkpt lat="45.04499648697674274444580078125" lon="6.30640153773128986358642578125">
        <ele>1509.800048828125</ele>
        <time>2026-07-27T09:25:32.000Z</time>
        <extensions>
          <ns3:TrackPointExtension>
            <ns3:hr>110</ns3:hr>
            <ns3:cad>0</ns3:cad>
          </ns3:TrackPointExtension>
        </extensions>
      </trkpt>
      <trkpt lat="45.04499631933867931365966796875" lon="6.306402124464511871337890625">
        <ele>1510</ele>
        <time>2026-07-27T09:25:34.000Z</time>
        <extensions>
          <ns3:TrackPointExtension>
            <ns3:hr>111</ns3:hr>
            <ns3:cad>0</ns3:cad>
          </ns3:TrackPointExtension>
        </extensions>
      </trkpt>
      <trkpt lat="45.0449650548398494720458984375" lon="6.3063952513039112091064453125">
        <ele>1510</ele>
        <time>2026-07-27T09:25:41.000Z</time>
        <extensions>
          <ns3:TrackPointExtension>
            <ns3:hr>112</ns3:hr>
            <ns3:cad>0</ns3:cad>
          </ns3:TrackPointExtension>
        </extensions>
      </trkpt>
      <trkpt lat="45.04496396519243717193603515625" lon="6.306405477225780487060546875">
        <ele>1510</ele>
        <time>2026-07-27T09:25:46.000Z</time>
        <extensions>
          <ns3:TrackPointExtension>
            <ns3:hr>109</ns3:hr>
            <ns3:cad>0</ns3:cad>
          </ns3:TrackPointExtension>
        </extensions>
      </trkpt>
      <trkpt lat="45.04496161825954914093017578125" lon="6.30640639923512935638427734375">
        <ele>1510</ele>
        <time>2026-07-27T09:25:48.000Z</time>
        <extensions>
          <ns3:TrackPointExtension>
            <ns3:hr>109</ns3:hr>
            <ns3:cad>0</ns3:cad>
          </ns3:TrackPointExtension>
        </extensions>
      </trkpt>
      <trkpt lat="45.04496161825954914093017578125" lon="6.3064031302928924560546875">
        <ele>1510.5999755859375</ele>
        <time>2026-07-27T09:26:01.000Z</time>
        <extensions>
          <ns3:TrackPointExtension>
            <ns3:hr>109</ns3:hr>
            <ns3:cad>0</ns3:cad>
          </ns3:TrackPointExtension>
        </extensions>
      </trkpt>
      <trkpt lat="45.044945776462554931640625" lon="6.30640019662678241729736328125">
        <ele>1511.199951171875</ele>
        <time>2026-07-27T09:26:12.000Z</time>
        <extensions>
          <ns3:TrackPointExtension>
            <ns3:hr>108</ns3:hr>
            <ns3:cad>0</ns3:cad>
          </ns3:TrackPointExtension>
        </extensions>
      </trkpt>
      <trkpt lat="45.044942758977413177490234375" lon="6.30639583803713321685791015625">
        <ele>1511.199951171875</ele>
        <time>2026-07-27T09:26:14.000Z</time>
        <extensions>
          <ns3:TrackPointExtension>
            <ns3:hr>108</ns3:hr>
            <ns3:cad>0</ns3:cad>
          </ns3:TrackPointExtension>
        </extensions>
      </trkpt>
      <trkpt lat="45.0450512208044528961181640625" lon="6.30633808672428131103515625">
        <ele>1516.199951171875</ele>
        <time>2026-07-27T09:35:02.000Z</time>
        <extensions>
          <ns3:TrackPointExtension>
            <ns3:hr>95</ns3:hr>
            <ns3:cad>0</ns3:cad>
          </ns3:TrackPointExtension>
        </extensions>
      </trkpt>
      <trkpt lat="45.04505105316638946533203125" lon="6.306338422000408172607421875">
        <ele>1516.4000244140625</ele>
        <time>2026-07-27T09:35:03.000Z</time>
        <extensions>
          <ns3:TrackPointExtension>
            <ns3:hr>96</ns3:hr>
            <ns3:cad>0</ns3:cad>
          </ns3:TrackPointExtension>
        </extensions>
      </trkpt>
      <trkpt lat="45.0450508855283260345458984375" lon="6.30633867345750331878662109375">
        <ele>1516.800048828125</ele>
        <time>2026-07-27T09:35:04.000Z</time>
        <extensions>
          <ns3:TrackPointExtension>
            <ns3:hr>96</ns3:hr>
            <ns3:cad>0</ns3:cad>
          </ns3:TrackPointExtension>
        </extensions>
      </trkpt>
      <trkpt lat="45.0451031886041164398193359375" lon="6.3064488954842090606689453125">
        <ele>1508.5999755859375</ele>
        <time>2026-07-27T09:54:16.000Z</time>
        <extensions>
          <ns3:TrackPointExtension>
            <ns3:hr>105</ns3:hr>
            <ns3:cad>0</ns3:cad>
          </ns3:TrackPointExtension>
        </extensions>
      </trkpt>
      <trkpt lat="45.0451031886041164398193359375" lon="6.3064488954842090606689453125">
        <ele>1508.5999755859375</ele>
        <time>2026-07-27T09:54:17.000Z</time>
        <extensions>
          <ns3:TrackPointExtension>
            <ns3:hr>105</ns3:hr>
            <ns3:cad>0</ns3:cad>
          </ns3:TrackPointExtension>
        </extensions>
      </trkpt>
      <trkpt lat="45.0450891070067882537841796875" lon="6.30644227378070354461669921875">
        <ele>1509.4000244140625</ele>
        <time>2026-07-27T09:54:42.000Z</time>
        <extensions>
          <ns3:TrackPointExtension>
            <ns3:hr>104</ns3:hr>
            <ns3:cad>0</ns3:cad>
          </ns3:TrackPointExtension>
        </extensions>
      </trkpt>
      <trkpt lat="45.04508902318775653839111328125" lon="6.30644210614264011383056640625">
        <ele>1509.4000244140625</ele>
        <time>2026-07-27T09:54:43.000Z</time>
        <extensions>
          <ns3:TrackPointExtension>
            <ns3:hr>104</ns3:hr>
            <ns3:cad>0</ns3:cad>
          </ns3:TrackPointExtension>
        </extensions>
      </trkpt>
    </trkseg>
  </trk>
</gpx>
